split,phase,episode,raw_ae,raw_se,mid_ae,mid_se,calibrated_ae,calibrated_se
train,auction,0,0.027253799857436874,0.00093731241677249,0.0600000000000022,0.0036000000000002,0.027253799857436874,0.00093731241677249
train,auction,1,0.04014041922980119,0.0031202502189750635,0.2000000000000028,0.0400000000000011,0.04014041922980119,0.0031202502189750635
train,auction,2,0.01952505810856259,0.00045827058052093334,0.0999999999999943,0.0099999999999988,0.01952505810856259,0.00045827058052093334
train,auction,3,0.016459018692873875,0.00035298761147893116,0.1600000000000108,0.0256000000000034,0.016459018692873875,0.00035298761147893116
train,auction,4,0.07885303971187575,0.008029285224308883,0.0700000000000073,0.004900000000001,0.07885303971187575,0.008029285224308883
train,auction,5,0.020006720249531873,0.0005337379031578139,0.1400000000000005,0.0196000000000001,0.020006720249531873,0.0005337379031578139
train,auction,6,0.01415223488421729,0.00031040662815017575,0.2800000000000011,0.0784000000000006,0.01415223488421729,0.00031040662815017575
train,auction,7,0.015077666512424986,0.00044306095027516666,0.0699999999999931,0.004899999999999,0.015077666512424986,0.00044306095027516666
train,auction,8,0.01860807164354552,0.0007009101656564633,0.0700000000000073,0.004900000000001,0.01860807164354552,0.0007009101656564633
train,auction,9,0.054047584104764186,0.0035429229736964798,0.019999999999996,0.0003999999999998,0.054047584104764186,0.0035429229736964798
train,auction,10,0.04796458275939837,0.0029343708729316267,0.5600000000000023,0.3136000000000025,0.04796458275939837,0.0029343708729316267
train,auction,11,0.07497517447040133,0.00671172004995446,0.2000000000000028,0.0400000000000011,0.07497517447040133,0.00671172004995446
train,auction,12,0.022557682150242866,0.0006938172577591606,0.0900000000000034,0.0081000000000006,0.022557682150242866,0.0006938172577591606
train,auction,13,0.023631881469388306,0.00065531155907405,0.0799999999999983,0.0063999999999997,0.023631881469388306,0.00065531155907405
train,auction,14,0.033210591146701975,0.001355542281865901,0.2399999999999948,0.0575999999999975,0.033210591146701975,0.001355542281865901
train,auction,15,0.014082635276453441,0.00025684360205884666,0.0900000000000034,0.0081000000000006,0.014082635276453441,0.00025684360205884666
train,auction,16,0.09306748539674596,0.012555862952132906,0.6299999999999955,0.3968999999999942,0.09306748539674596,0.012555862952132906
train,auction,17,0.06437145946215798,0.011536165412173149,0.0900000000000034,0.0081000000000006,0.06437145946215798,0.011536165412173149
train,auction,18,0.06543752139511741,0.00869991711804423,0.4699999999999988,0.2208999999999989,0.06543752139511741,0.00869991711804423
train,auction,19,0.009045515940998894,0.0001233954843598094,0.1799999999999926,0.0323999999999973,0.009045515940998894,0.0001233954843598094
train,auction,20,0.016214853182652655,0.0005562035083016296,0.04000000000000619,0.0016000000000005,0.016214853182652655,0.0005562035083016296
train,auction,21,0.04263195914869391,0.0024144829354786315,0.25,0.0625,0.04263195914869391,0.0024144829354786315
train,auction,22,0.023088665025740793,0.0009391023471778385,0.0100000000000051,0.0001000000000001,0.023088665025740793,0.0009391023471778385
train,auction,23,0.04511645647463588,0.003242052510778157,0.049999999999997095,0.0024999999999997,0.04511645647463588,0.003242052510778157
train,auction,24,0.018073497761565683,0.0004734953909618618,0.0700000000000073,0.004900000000001,0.018073497761565683,0.0004734953909618618
train,auction,25,0.047721629231440896,0.002730019467612111,0.049999999999997095,0.0024999999999997,0.047721629231440896,0.002730019467612111
train,auction,26,0.025950489195787407,0.0009914264407568198,0.0999999999999943,0.0099999999999988,0.025950489195787407,0.0009914264407568198
train,auction,27,0.004720391326145063,5.3419923504419e-05,0.0099999999999909,9.99999999998181e-05,0.004720391326145063,5.3419923504419e-05
train,auction,28,0.029503937280147333,0.0017878548202785551,0.2099999999999937,0.0440999999999973,0.029503937280147333,0.0017878548202785551
train,auction,29,0.05371446632906087,0.004959628476710534,0.3100000000000023,0.0961000000000014,0.05371446632906087,0.004959628476710534
train,auction,30,0.005271220699428144,5.220682003394373e-05,0.04000000000000619,0.0016000000000005,0.005271220699428144,5.220682003394373e-05
train,auction,31,0.05489213237049358,0.004722108870196975,0.039999999999992,0.0015999999999993,0.05489213237049358,0.004722108870196975
train,auction,32,0.09160572265680521,0.010351828222211777,0.1200000000000045,0.014400000000001,0.09160572265680521,0.010351828222211777
train,auction,33,0.031124981289116213,0.0013654663643726471,0.049999999999997095,0.0024999999999997,0.031124981289116213,0.0013654663643726471
train,auction,34,0.0055271448360935905,5.446022029135843e-05,0.2400000000000091,0.0576000000000043,0.0055271448360935905,5.446022029135843e-05
train,auction,35,0.014250033828596038,0.0002985435272738706,0.0700000000000073,0.004900000000001,0.014250033828596038,0.0002985435272738706
train,auction,36,0.045005519733806856,0.0027785442901868264,0.0899999999999892,0.008099999999998,0.045005519733806856,0.0027785442901868264
train,auction,37,0.014629600353576187,0.0005348519335141718,0.0799999999999983,0.0063999999999997,0.014629600353576187,0.0005348519335141718
train,auction,38,0.0439533434004957,0.00301926691589379,0.019999999999996,0.0003999999999998,0.0439533434004957,0.00301926691589379
train,auction,39,0.02479146702773247,0.001079613956676929,0.0600000000000022,0.0036000000000002,0.02479146702773247,0.001079613956676929
train,auction,40,0.017137678912485393,0.0004494091543209973,0.0600000000000022,0.0036000000000002,0.017137678912485393,0.0004494091543209973
train,auction,41,0.019844432217594934,0.0006953912394922633,0.0600000000000022,0.0036000000000002,0.019844432217594934,0.0006953912394922633
train,auction,42,0.2876607456621362,0.10988084756317984,0.0799999999999983,0.0063999999999997,0.2876607456621362,0.10988084756317984
train,auction,43,0.14962846412242686,0.03153879281105668,0.0799999999999983,0.0063999999999997,0.14962846412242686,0.03153879281105668
train,auction,44,0.0131006804475234,0.00034967825676015846,0.0,0.0,0.0131006804475234,0.00034967825676015846
train,auction,45,0.00917216502812104,0.0001575558905738938,0.0799999999999983,0.0063999999999997,0.00917216502812104,0.0001575558905738938
train,auction,46,0.013500360688283293,0.00028085137165042206,0.0699999999999931,0.004899999999999,0.013500360688283293,0.00028085137165042206
train,auction,47,0.035246881169833426,0.0015663918731373433,0.1200000000000045,0.014400000000001,0.035246881169833426,0.0015663918731373433
train,auction,48,0.04428801489495551,0.0025809979251503064,0.1899999999999977,0.0360999999999991,0.04428801489495551,0.0025809979251503064
train,auction,49,0.013912584262891397,0.0003683176344396697,0.269999999999996,0.0728999999999978,0.013912584262891397,0.0003683176344396697
train,auction,50,0.01322936083543262,0.00028992705861920003,0.25,0.0625,0.01322936083543262,0.00028992705861920003
train,auction,51,0.05832620681978156,0.005641481963425486,0.0600000000000022,0.0036000000000002,0.05832620681978156,0.005641481963425486
train,auction,52,0.05259866573085169,0.004311978611520526,0.0099999999999909,9.99999999998181e-05,0.05259866573085169,0.004311978611520526
train,auction,53,0.032101276010372194,0.0012756665584492933,0.019999999999996,0.0003999999999998,0.032101276010372194,0.0012756665584492933
train,auction,54,0.04501422954623799,0.0030859007260562138,0.1700000000000017,0.0289000000000005,0.04501422954623799,0.0030859007260562138
train,auction,55,0.6734172063723416,1.3465131622067787,0.2900000000000062,0.0841000000000036,0.6734172063723416,1.3465131622067787
train,auction,56,0.10215783736226311,0.013672314851440453,0.0,0.0,0.10215783736226311,0.013672314851440453
train,auction,57,0.0447533152928784,0.0027888901021538934,0.049999999999997095,0.0024999999999997,0.0447533152928784,0.0027888901021538934
train,auction,58,0.08384457225795167,0.010829189628095016,0.04000000000000619,0.0016000000000005,0.08384457225795167,0.010829189628095016
train,auction,59,0.05900924319243373,0.005853145248525723,0.0799999999999983,0.0063999999999997,0.05900924319243373,0.005853145248525723
train,auction,60,0.1398413723651515,0.028782727309461967,0.5799999999999983,0.336399999999998,0.1398413723651515,0.028782727309461967
train,auction,61,0.02090150547749656,0.0007505921306279736,0.0799999999999983,0.0063999999999997,0.02090150547749656,0.0007505921306279736
train,auction,62,0.08325955049622988,0.021401241892837635,0.2000000000000028,0.0400000000000011,0.08325955049622988,0.021401241892837635
train,auction,63,0.03084872339574641,0.0012809943395781247,0.0900000000000034,0.0081000000000006,0.03084872339574641,0.0012809943395781247
train,auction,64,0.020637449091549794,0.0006376882039914572,0.0099999999999909,9.99999999998181e-05,0.020637449091549794,0.0006376882039914572
train,auction,65,0.013940999417663117,0.00037420437382759664,0.1299999999999954,0.0168999999999988,0.013940999417663117,0.00037420437382759664
train,auction,66,0.031926061052376505,0.0017787095528477867,0.1700000000000017,0.0289000000000005,0.031926061052376505,0.0017787095528477867
train,auction,67,0.04400403256009321,0.0021936564259869566,0.2300000000000039,0.0529000000000018,0.04400403256009321,0.0021936564259869566
train,auction,68,0.04870329696216322,0.00300890473775281,0.25,0.0625,0.04870329696216322,0.00300890473775281
train,auction,69,0.0196011520948327,0.0005728645571303169,0.1700000000000017,0.0289000000000005,0.0196011520948327,0.0005728645571303169
train,auction,70,0.0073530375006039,8.70723976383006e-05,0.0699999999999931,0.004899999999999,0.0073530375006039,8.70723976383006e-05
train,auction,71,0.13196432630940313,0.024516716211665714,0.0300000000000011,0.0009,0.13196432630940313,0.024516716211665714
train,auction,72,0.0425510184577215,0.0024265234501735203,0.019999999999996,0.0003999999999998,0.0425510184577215,0.0024265234501735203
train,auction,73,0.028399513236336764,0.0010700827170204165,0.1099999999999994,0.0120999999999998,0.028399513236336764,0.0010700827170204165
train,auction,74,0.08077615421102609,0.010497585390753825,0.04000000000000619,0.0016000000000005,0.08077615421102609,0.010497585390753825
train,auction,75,0.007099216465132456,8.561297984458148e-05,0.0600000000000022,0.0036000000000002,0.007099216465132456,8.561297984458148e-05
train,auction,76,0.019615307867957177,0.0007039160759411415,0.2600000000000051,0.0676000000000026,0.019615307867957177,0.0007039160759411415
train,auction,77,0.06642058364380048,0.004709110088632266,0.0699999999999931,0.004899999999999,0.06642058364380048,0.004709110088632266
train,auction,78,0.00931356408533663,0.00013882556981515635,0.059999999999988,0.0035999999999985,0.00931356408533663,0.00013882556981515635
train,auction,79,0.07179408090701614,0.006660088261589064,0.2999999999999971,0.0899999999999982,0.07179408090701614,0.006660088261589064
train,auction,80,0.058206112462426976,0.006259597206136189,0.1400000000000005,0.0196000000000001,0.058206112462426976,0.006259597206136189
train,auction,81,0.07088643664569784,0.00685192249319218,0.1400000000000005,0.0196000000000001,0.07088643664569784,0.00685192249319218
train,auction,82,0.006798734734876644,8.718992590583136e-05,0.0,0.0,0.006798734734876644,8.718992590583136e-05
train,auction,83,0.0363791230076889,0.0018098067885714266,0.0700000000000073,0.004900000000001,0.0363791230076889,0.0018098067885714266
train,auction,84,0.26133333341103504,0.1343200001569606,0.1200000000000045,0.014400000000001,0.26133333341103504,0.1343200001569606
train,auction,85,0.017036716221627994,0.00032484242462632,0.019999999999996,0.0003999999999998,0.017036716221627994,0.00032484242462632
train,auction,86,0.015129926285988405,0.0003942338614059912,0.0900000000000034,0.0081000000000006,0.015129926285988405,0.0003942338614059912
train,auction,87,0.024743037027039796,0.0007765631207064902,0.2199999999999988,0.04839999999999949,0.024743037027039796,0.0007765631207064902
train,auction,88,0.10695862674421379,0.01723856073225216,0.5700000000000074,0.3249000000000084,0.10695862674421379,0.01723856073225216
train,auction,89,0.29041238459360363,0.131738803842362,0.4599999999999937,0.2115999999999942,0.29041238459360363,0.131738803842362
train,auction,90,0.005573635228120577,7.320505458152666e-05,0.2300000000000039,0.0529000000000018,0.005573635228120577,7.320505458152666e-05
train,auction,91,0.03488183112308998,0.0017072086070702196,0.1299999999999954,0.0168999999999988,0.03488183112308998,0.0017072086070702196
train,auction,92,0.03371513922650466,0.0014729788412618306,0.0600000000000022,0.0036000000000002,0.03371513922650466,0.0014729788412618306
train,auction,93,0.020227542647981496,0.00077975668153793,0.25,0.0625,0.020227542647981496,0.00077975668153793
train,auction,94,0.2110329276050739,0.09647012305935247,0.1899999999999977,0.0360999999999991,0.2110329276050739,0.09647012305935247
train,auction,95,0.017921461800051452,0.0004421394221352757,0.039999999999992,0.0015999999999993,0.017921461800051452,0.0004421394221352757
train,auction,96,0.029923166858387126,0.0010719737704504085,0.2600000000000051,0.0676000000000026,0.029923166858387126,0.0010719737704504085
train,auction,97,0.014064647995486233,0.00028937796738574546,0.1299999999999954,0.0168999999999988,0.014064647995486233,0.00028937796738574546
train,auction,98,0.10700485017332345,0.012637346396657097,0.1800000000000068,0.0324000000000024,0.10700485017332345,0.012637346396657097
train,auction,99,0.03192681528022278,0.0013647118470566078,0.0699999999999931,0.004899999999999,0.03192681528022278,0.0013647118470566078
train,auction,100,0.10107260521139756,0.024598077585024407,0.1000000000000085,0.0100000000000017,0.10107260521139756,0.024598077585024407
train,auction,101,0.11390295711041411,0.025686529923585902,0.0999999999999943,0.0099999999999988,0.11390295711041411,0.025686529923585902
train,auction,102,0.07049979393321494,0.006584115151244944,0.2800000000000011,0.0784000000000006,0.07049979393321494,0.006584115151244944
train,auction,103,0.05221167833783981,0.004289713932732555,0.2299999999999897,0.0528999999999952,0.05221167833783981,0.004289713932732555
train,auction,104,0.02150557906086682,0.00055100163893686,0.1099999999999994,0.0120999999999998,0.02150557906086682,0.00055100163893686
train,auction,105,0.05667563181151296,0.004834770167723384,0.2000000000000028,0.0400000000000011,0.05667563181151296,0.004834770167723384
train,auction,106,0.06022268607543609,0.00437260806082183,0.2599999999999909,0.0675999999999952,0.06022268607543609,0.00437260806082183
train,auction,107,0.04133507794137372,0.00203361256192896,0.2399999999999948,0.0575999999999975,0.04133507794137372,0.00203361256192896
train,auction,108,0.15111770878812883,0.035356332582116054,0.2300000000000039,0.0529000000000018,0.15111770878812883,0.035356332582116054
train,auction,109,0.08206840771687256,0.012020662703533497,0.1999999999999886,0.0399999999999954,0.08206840771687256,0.012020662703533497
train,auction,110,0.03587735099963818,0.0015057334032752066,0.0600000000000022,0.0036000000000002,0.03587735099963818,0.0015057334032752066
train,auction,111,0.11766022526314776,0.018813576037728368,0.2100000000000079,0.044100000000003296,0.11766022526314776,0.018813576037728368
train,auction,112,0.021091751813450767,0.0005854209214605985,0.0500000000000113,0.0025000000000011,0.021091751813450767,0.0005854209214605985
train,auction,113,0.022230927442300173,0.0006354554710461939,0.019999999999996,0.0003999999999998,0.022230927442300173,0.0006354554710461939
train,auction,114,0.06742384327646388,0.00730007013647077,0.2600000000000051,0.0676000000000026,0.06742384327646388,0.00730007013647077
train,auction,115,0.03598921390597332,0.0018982777151504966,0.6899999999999977,0.4760999999999968,0.03598921390597332,0.0018982777151504966
train,auction,116,0.019946989733858295,0.0004891768146912605,0.1799999999999926,0.0323999999999973,0.019946989733858295,0.0004891768146912605
train,auction,117,0.018217908676108605,0.00044809119240035397,0.039999999999992,0.0015999999999993,0.018217908676108605,0.00044809119240035397
train,auction,118,0.15072716005360048,0.09358825661096734,0.4399999999999977,0.19359999999999797,0.15072716005360048,0.09358825661096734
train,auction,119,0.01257124767372866,0.00029454800395016485,0.039999999999992,0.0015999999999993,0.01257124767372866,0.00029454800395016485
train,auction,120,0.05486586865715183,0.00578363366699317,0.2399999999999948,0.0575999999999975,0.05486586865715183,0.00578363366699317
train,auction,121,0.01036158125142112,0.0002233572716795762,0.019999999999996,0.0003999999999998,0.01036158125142112,0.0002233572716795762
train,auction,122,0.13434353180872446,0.0407547587460411,0.0,0.0,0.13434353180872446,0.0407547587460411
train,auction,123,0.10869456755275779,0.015950625690497374,0.2599999999999909,0.0675999999999952,0.10869456755275779,0.015950625690497374
train,auction,124,0.055981910281415484,0.004209001618010381,0.3599999999999994,0.1295999999999996,0.055981910281415484,0.004209001618010381
train,auction,125,0.022574262829505157,0.0006795305137674167,0.1700000000000017,0.0289000000000005,0.022574262829505157,0.0006795305137674167
train,auction,126,0.03572079765051366,0.00171550100328699,0.1500000000000056,0.0225000000000017,0.03572079765051366,0.00171550100328699
train,auction,127,0.03522690945950487,0.0017675689163681699,0.0699999999999931,0.004899999999999,0.03522690945950487,0.0017675689163681699
train,auction,128,0.035479119301357276,0.0019085495365899425,0.1700000000000017,0.0289000000000005,0.035479119301357276,0.0019085495365899425
train,auction,129,0.21090109389459047,0.05917314671031262,0.3900000000000005,0.1521000000000004,0.21090109389459047,0.05917314671031262
train,auction,130,0.025039306139765898,0.0010888825420792073,0.0799999999999983,0.0063999999999997,0.025039306139765898,0.0010888825420792073
train,auction,131,0.016416673671569966,0.0005252090688500122,0.0799999999999983,0.0063999999999997,0.016416673671569966,0.0005252090688500122
train,auction,132,0.007536512091734443,9.457178156931487e-05,0.1099999999999994,0.0120999999999998,0.007536512091734443,9.457178156931487e-05
train,auction,133,0.025673029115485684,0.0011174313749479294,0.4100000000000108,0.1681000000000088,0.025673029115485684,0.0011174313749479294
train,auction,134,0.024710654700497967,0.000992883039817133,0.1200000000000045,0.014400000000001,0.024710654700497967,0.000992883039817133
train,auction,135,0.01567633050648186,0.00039077590887913336,0.2600000000000051,0.0676000000000026,0.01567633050648186,0.00039077590887913336
train,auction,136,0.044080467078584186,0.0027514596395241636,0.1400000000000005,0.0196000000000001,0.044080467078584186,0.0027514596395241636
train,auction,137,0.013058914022286183,0.00024697230053112514,0.1199999999999903,0.0143999999999976,0.013058914022286183,0.00024697230053112514
train,auction,138,0.028932260576735744,0.0012221162037516296,0.3500000000000085,0.1225000000000059,0.028932260576735744,0.0012221162037516296
train,auction,139,0.03305544199602409,0.00129452757412953,0.0100000000000051,0.0001000000000001,0.03305544199602409,0.00129452757412953
train,auction,140,0.14083151272723737,0.026156280293353866,0.1099999999999994,0.0120999999999998,0.14083151272723737,0.026156280293353866
train,auction,141,0.027119362474064674,0.0013319126673377699,0.039999999999992,0.0015999999999993,0.027119362474064674,0.0013319126673377699
train,auction,142,0.01980072698812352,0.0006638724984268553,0.0800000000000125,0.006400000000002,0.01980072698812352,0.0006638724984268553
train,auction,143,0.01674781740412733,0.00036182057801496727,0.04000000000000619,0.0016000000000005,0.01674781740412733,0.00036182057801496727
train,auction,144,0.022582651567884655,0.0007951708501777558,0.1400000000000005,0.0196000000000001,0.022582651567884655,0.0007951708501777558
train,auction,145,0.01398845835602172,0.0002797731634067553,0.1299999999999954,0.0168999999999988,0.01398845835602172,0.0002797731634067553
train,auction,146,0.025791910705498793,0.0009296616526276972,0.1099999999999994,0.0120999999999998,0.025791910705498793,0.0009296616526276972
train,auction,147,0.015082698361845798,0.000330154372852453,0.1899999999999977,0.0360999999999991,0.015082698361845798,0.000330154372852453
train,auction,148,0.01346508324381591,0.00023912407091990998,0.0300000000000011,0.0009,0.01346508324381591,0.00023912407091990998
train,auction,149,0.009626126941842,0.0001359051762488867,0.0299999999999869,0.0008999999999992,0.009626126941842,0.0001359051762488867
train,auction,150,0.023843909645020245,0.0010255449429370758,0.2700000000000102,0.0729000000000055,0.023843909645020245,0.0010255449429370758
train,auction,151,0.017408464034126776,0.00036317456669773666,0.0600000000000022,0.0036000000000002,0.017408464034126776,0.00036317456669773666
train,auction,152,0.034031957344152354,0.0017251438132201014,0.0300000000000011,0.0009,0.034031957344152354,0.0017251438132201014
train,auction,153,0.02303840833204018,0.0007456820892548066,0.039999999999992,0.0015999999999993,0.02303840833204018,0.0007456820892548066
train,auction,154,0.028459168313968976,0.0010713584654419767,0.0100000000000051,0.0001000000000001,0.028459168313968976,0.0010713584654419767
train,auction,155,0.0758306692711755,0.0071632877390700005,0.039999999999992,0.0015999999999993,0.0758306692711755,0.0071632877390700005
train,auction,156,0.009549972157051426,0.00016773963415465178,0.1200000000000045,0.014400000000001,0.009549972157051426,0.00016773963415465178
train,auction,157,0.01637888532985175,0.00042703974258620454,0.1599999999999966,0.0255999999999989,0.01637888532985175,0.00042703974258620454
train,auction,158,0.05017977846182424,0.0034353518858059634,0.269999999999996,0.0728999999999978,0.05017977846182424,0.0034353518858059634
train,auction,159,0.0880304933349336,0.011502509229117634,0.0700000000000073,0.004900000000001,0.0880304933349336,0.011502509229117634
train,auction,160,0.016761596048485667,0.00037073418956534997,0.0900000000000034,0.0081000000000006,0.016761596048485667,0.00037073418956534997
train,auction,161,0.1815579464667242,0.04190134749317223,0.6099999999999994,0.3720999999999993,0.1815579464667242,0.04190134749317223
train,auction,162,0.015837050251054523,0.00040094525532930906,0.0,0.0,0.015837050251054523,0.00040094525532930906
train,auction,163,0.013866110117947967,0.0003351821997334554,0.039999999999992,0.0015999999999993,0.013866110117947967,0.0003351821997334554
train,auction,164,0.023791238212775994,0.0009196236396918342,0.1299999999999954,0.0168999999999988,0.023791238212775994,0.0009196236396918342
train,auction,165,0.01812784089715931,0.0009301683270045885,0.3299999999999983,0.1088999999999988,0.01812784089715931,0.0009301683270045885
train,auction,166,0.04967421492943104,0.0033578760979967705,0.25,0.0625,0.04967421492943104,0.0033578760979967705
train,auction,167,0.05054815781425784,0.0035167195599612464,0.049999999999997095,0.0024999999999997,0.05054815781425784,0.0035167195599612464
train,auction,168,0.06990066751503288,0.00583844286158415,0.4099999999999966,0.1680999999999972,0.06990066751503288,0.00583844286158415
train,auction,169,0.057434207775153304,0.004003111846948301,0.3299999999999983,0.1088999999999988,0.057434207775153304,0.004003111846948301
train,auction,170,0.02737551298932029,0.0008484072266075566,0.1300000000000096,0.0169000000000025,0.02737551298932029,0.0008484072266075566
train,auction,171,0.011814555681436887,0.00030990502874477,0.269999999999996,0.0728999999999978,0.011814555681436887,0.00030990502874477
train,auction,172,0.06212583122120916,0.008190807493370733,0.6700000000000017,0.44890000000000235,0.06212583122120916,0.008190807493370733
train,auction,173,0.07902371917798752,0.008402850530925255,0.269999999999996,0.0728999999999978,0.07902371917798752,0.008402850530925255
train,auction,174,0.017040392796073413,0.0005175234699272648,0.1800000000000068,0.0324000000000024,0.017040392796073413,0.0005175234699272648
train,auction,175,0.07724218282892865,0.009286862808131343,0.049999999999997095,0.0024999999999997,0.07724218282892865,0.009286862808131343
train,auction,176,0.026937252607126504,0.0009305100444386433,0.0699999999999931,0.004899999999999,0.026937252607126504,0.0009305100444386433
train,auction,177,0.07162724321023807,0.006405674725133484,0.4399999999999977,0.19359999999999797,0.07162724321023807,0.006405674725133484
train,auction,178,0.06810628229784181,0.005339469691416567,0.0900000000000034,0.0081000000000006,0.06810628229784181,0.005339469691416567
train,auction,179,0.026751211042023205,0.0012285719867160137,0.2199999999999988,0.04839999999999949,0.026751211042023205,0.0012285719867160137
train,auction,180,0.019591460339994142,0.00046199888654713337,0.019999999999996,0.0003999999999998,0.019591460339994142,0.00046199888654713337
train,auction,181,0.023218249031818027,0.00076912729316636,0.0799999999999983,0.0063999999999997,0.023218249031818027,0.00076912729316636
train,auction,182,0.034122390712057846,0.0014586783464075712,0.2399999999999948,0.0575999999999975,0.034122390712057846,0.0014586783464075712
train,auction,183,0.05289024184325652,0.003679466767176803,0.1600000000000108,0.0256000000000034,0.05289024184325652,0.003679466767176803
train,auction,184,0.05024304999234342,0.003290938198044497,0.1099999999999994,0.0120999999999998,0.05024304999234342,0.003290938198044497
train,auction,185,0.030528895435498728,0.0013185260303770867,0.0700000000000073,0.004900000000001,0.030528895435498728,0.0013185260303770867
train,auction,186,0.051309235670889526,0.0031299770815112803,0.2399999999999948,0.0575999999999975,0.051309235670889526,0.0031299770815112803
train,auction,187,0.06038112523231969,0.004492004397119197,0.1400000000000005,0.0196000000000001,0.06038112523231969,0.004492004397119197
train,auction,188,0.17487002217801448,0.048841996558827115,0.1099999999999994,0.0120999999999998,0.17487002217801448,0.048841996558827115
train,auction,189,0.06972177498946855,0.0054066772725882735,0.1299999999999954,0.0168999999999988,0.06972177498946855,0.0054066772725882735
train,auction,190,0.04016946849866983,0.0019009736604413698,0.25,0.0625,0.04016946849866983,0.0019009736604413698
train,auction,191,0.01244219629484792,0.00024804338612554,0.0100000000000051,0.0001000000000001,0.01244219629484792,0.00024804338612554
train,auction,192,0.01435659784356316,0.0002576134841988833,0.1299999999999954,0.0168999999999988,0.01435659784356316,0.0002576134841988833
train,auction,193,0.07581460973047642,0.0062024920596088365,0.1899999999999977,0.0360999999999991,0.07581460973047642,0.0062024920596088365
train,auction,194,0.01738610539251935,0.00036991653692472666,0.0600000000000022,0.0036000000000002,0.01738610539251935,0.00036991653692472666
train,auction,195,0.09105691833920462,0.011380669560052549,0.0699999999999931,0.004899999999999,0.09105691833920462,0.011380669560052549
train,auction,196,0.022170300648702793,0.0007376094156357406,0.0600000000000022,0.0036000000000002,0.022170300648702793,0.0007376094156357406
train,auction,197,0.03022712435431502,0.0013666783071070033,0.3900000000000005,0.1521000000000004,0.03022712435431502,0.0013666783071070033
train,auction,198,0.016136387414595745,0.0003566191274310863,0.0700000000000073,0.004900000000001,0.016136387414595745,0.0003566191274310863
train,auction,199,0.28813069362662413,0.10844976712974627,0.4000000000000057,0.1600000000000045,0.28813069362662413,0.10844976712974627
train,auction,200,0.027503529213637957,0.0010710807519484285,0.2100000000000079,0.044100000000003296,0.027503529213637957,0.0010710807519484285
train,auction,201,0.02275630687414033,0.0007389528067855433,0.0899999999999892,0.008099999999998,0.02275630687414033,0.0007389528067855433
train,auction,202,0.033817159075213925,0.0017517483761471172,0.019999999999996,0.0003999999999998,0.033817159075213925,0.0017517483761471172
train,auction,203,0.029542578169617632,0.001468904652340543,0.0,0.0,0.029542578169617632,0.001468904652340543
train,auction,204,0.01556642960738418,0.00036428720048469756,0.0,0.0,0.01556642960738418,0.00036428720048469756
train,auction,205,0.11090663213711591,0.02748464219018597,0.0300000000000011,0.0009,0.11090663213711591,0.02748464219018597
train,auction,206,0.059821283250516395,0.004938066170420622,0.0,0.0,0.059821283250516395,0.004938066170420622
train,auction,207,0.1388712501949688,0.029269155741785277,0.3700000000000045,0.1369000000000033,0.1388712501949688,0.029269155741785277
train,auction,208,0.015952041940976356,0.0004114840102351124,0.0999999999999943,0.0099999999999988,0.015952041940976356,0.0004114840102351124
train,auction,209,0.01724513289567301,0.00040651067783672876,0.0099999999999909,9.99999999998181e-05,0.01724513289567301,0.00040651067783672876
train,auction,210,0.049648138012930526,0.0029340829544742112,0.2800000000000011,0.0784000000000006,0.049648138012930526,0.0029340829544742112
train,auction,211,0.08736274547122914,0.010511790807374537,0.1700000000000017,0.0289000000000005,0.08736274547122914,0.010511790807374537
train,auction,212,0.021438820481736294,0.0005933297217251367,0.1299999999999954,0.0168999999999988,0.021438820481736294,0.0005933297217251367
train,auction,213,0.015069839081162193,0.000367670003120823,0.1600000000000108,0.0256000000000034,0.015069839081162193,0.000367670003120823
train,auction,214,0.02087492754651614,0.0006229649463495676,0.049999999999997095,0.0024999999999997,0.02087492754651614,0.0006229649463495676
train,auction,215,0.008277476193407537,9.452598167199e-05,0.0100000000000051,0.0001000000000001,0.008277476193407537,9.452598167199e-05
train,auction,216,0.1684600980983295,0.052354993911268785,0.1199999999999903,0.0143999999999976,0.1684600980983295,0.052354993911268785
train,auction,217,0.053733588422647895,0.0044208673455307,0.25,0.0625,0.053733588422647895,0.0044208673455307
train,auction,218,0.065523071759668,0.007381796316539854,0.1299999999999954,0.0168999999999988,0.065523071759668,0.007381796316539854
train,auction,219,0.025793428819966817,0.0008838153926388207,0.2700000000000102,0.0729000000000055,0.025793428819966817,0.0008838153926388207
train,auction,220,0.1524903368791778,0.03254967567341412,0.04000000000000619,0.0016000000000005,0.1524903368791778,0.03254967567341412
train,auction,221,0.009406067681040499,0.00017640141580167726,0.0300000000000011,0.0009,0.009406067681040499,0.00017640141580167726
train,auction,222,0.05757319112440575,0.00527742231181029,0.0999999999999943,0.0099999999999988,0.05757319112440575,0.00527742231181029
train,auction,223,0.05456164074659565,0.0037343944695746143,0.1600000000000108,0.0256000000000034,0.05456164074659565,0.0037343944695746143
train,auction,224,0.10216483670455144,0.01629312368872296,0.3499999999999943,0.122499999999996,0.10216483670455144,0.01629312368872296
train,auction,225,0.025772337407942283,0.0008433419003099833,0.04000000000000619,0.0016000000000005,0.025772337407942283,0.0008433419003099833
train,auction,226,0.020386870234725026,0.0006343689381056466,0.0900000000000034,0.0081000000000006,0.020386870234725026,0.0006343689381056466
train,auction,227,0.009769559629342447,0.00017698427551966168,0.1500000000000056,0.0225000000000017,0.009769559629342447,0.00017698427551966168
train,auction,228,0.02168545466723323,0.0007655984830702133,0.2300000000000039,0.0529000000000018,0.02168545466723323,0.0007655984830702133
train,auction,229,0.009614083776199784,0.00016797963319237666,0.049999999999997095,0.0024999999999997,0.009614083776199784,0.00016797963319237666
train,auction,230,0.015278721252065926,0.00040238717454782724,0.0100000000000051,0.0001000000000001,0.015278721252065926,0.00040238717454782724
train,auction,231,0.024495979296962834,0.0007171386217081899,0.0100000000000051,0.0001000000000001,0.024495979296962834,0.0007171386217081899
train,auction,232,0.09621372160472529,0.022006190961892592,0.1700000000000017,0.0289000000000005,0.09621372160472529,0.022006190961892592
train,auction,233,0.06709557081016343,0.00611987767449815,0.2599999999999909,0.0675999999999952,0.06709557081016343,0.00611987767449815
train,auction,234,0.05391769576640111,0.003710409039552698,0.2799999999999869,0.0783999999999926,0.05391769576640111,0.003710409039552698
train,auction,235,0.10173119831338412,0.013502817757350582,0.0100000000000051,0.0001000000000001,0.10173119831338412,0.013502817757350582
train,auction,236,0.010279203781922286,0.00018792271819359,0.0799999999999983,0.0063999999999997,0.010279203781922286,0.00018792271819359
train,auction,237,0.039037956710519926,0.0029976345634597002,0.6199999999999903,0.384399999999988,0.039037956710519926,0.0029976345634597002
train,auction,238,0.009132157078671797,0.00013316710637673756,0.059999999999988,0.0035999999999985,0.009132157078671797,0.00013316710637673756
train,auction,239,0.06832487369612888,0.006048310219522802,0.1499999999999914,0.0224999999999974,0.06832487369612888,0.006048310219522802
train,auction,240,0.10208674176728368,0.01634186177232172,0.2999999999999971,0.0899999999999982,0.10208674176728368,0.01634186177232172
train,auction,241,0.015003075256562661,0.00031685146577637726,0.0099999999999909,9.99999999998181e-05,0.015003075256562661,0.00031685146577637726
train,auction,242,0.018071545664257824,0.0004134868967954366,0.0600000000000022,0.0036000000000002,0.018071545664257824,0.0004134868967954366
train,auction,243,0.05144598614921511,0.0031560596116449575,0.049999999999997095,0.0024999999999997,0.05144598614921511,0.0031560596116449575
train,auction,244,0.051592676386195024,0.0041072046256291845,0.1299999999999954,0.0168999999999988,0.051592676386195024,0.0041072046256291845
train,auction,245,0.06233419796680404,0.005743454404446814,0.0600000000000022,0.0036000000000002,0.06233419796680404,0.005743454404446814
train,auction,246,0.10574441587672535,0.013299726048013279,0.1700000000000017,0.0289000000000005,0.10574441587672535,0.013299726048013279
train,auction,247,0.006500686998079164,7.750688413979622e-05,0.04000000000000619,0.0016000000000005,0.006500686998079164,7.750688413979622e-05
train,auction,248,0.028017252367106917,0.0013673656906761018,0.2299999999999897,0.0528999999999952,0.028017252367106917,0.0013673656906761018
train,auction,249,0.1275401160095417,0.019865600483120506,0.1099999999999994,0.0120999999999998,0.1275401160095417,0.019865600483120506
train,auction,250,0.05429454186429718,0.0038415110201534632,0.1200000000000045,0.014400000000001,0.05429454186429718,0.0038415110201534632
train,auction,251,0.014164124291246083,0.0003274747701560141,0.059999999999988,0.0035999999999985,0.014164124291246083,0.0003274747701560141
train,auction,252,0.010654048784278307,0.00024566201240416,0.0999999999999943,0.0099999999999988,0.010654048784278307,0.00024566201240416
train,auction,253,0.0207612777764339,0.0005592785377820873,0.0900000000000034,0.0081000000000006,0.0207612777764339,0.0005592785377820873
train,auction,254,0.020004479236409595,0.0005270256074861632,0.0,0.0,0.020004479236409595,0.0005270256074861632
train,auction,255,0.19620898559742317,0.07295865527071835,0.04000000000000619,0.0016000000000005,0.19620898559742317,0.07295865527071835
train,clob,0,0.0677522729462872,0.015498743474623024,0.09957446808510739,0.01853617021276635,0.08464784242861592,0.014676338989491167
train,clob,1,0.2585692858142374,0.08550728687971679,0.14820512820512638,0.036928205128204536,0.14431477536656842,0.035277592084679114
train,clob,2,0.04541271883876034,0.004861403828915881,0.09794117647058816,0.013002941176470459,0.08435261021614375,0.010875293112978588
train,clob,3,0.07177812608909748,0.0075074602241518235,0.11767441860465018,0.020990697674418034,0.09915119416835524,0.015018655830673354
train,clob,4,0.21414817122764904,0.07006816432411622,0.2545000000000005,0.09730500000000053,0.215629440536653,0.06589871152211521
train,clob,5,0.08834406975193619,0.013249166787547105,0.1043181818181825,0.014770454545454918,0.07479876489671929,0.00819570860534868
train,clob,6,0.08705903636152353,0.00925915091172055,0.11531914893617112,0.021710638297873012,0.07318654250222653,0.007407532105764699
train,clob,7,0.09680469855228117,0.012840225097669617,0.08071428571428704,0.012116666666666812,0.07555935076458481,0.010695520650580822
train,clob,8,0.28489804417532993,0.0899584880034844,0.1965909090909079,0.07737954545454435,0.22028491157428506,0.08045769061683888
train,clob,9,0.06956033660753597,0.005318309178604207,0.18923076923077056,0.06382051282051376,0.14961995583498774,0.03601424967570096
train,clob,10,0.06265434403392618,0.004440572018950395,0.15499999999999978,0.05022407407407389,0.1045326452430283,0.01701781398577661
train,clob,11,0.35879265460569076,0.1559590805895978,0.19631578947368514,0.05784736842105279,0.17667325188011881,0.055672646291602366
train,clob,12,0.034935036234415025,0.001680123442165232,0.049047619047618396,0.0037238095238093325,0.03914154318734081,0.0023463542040160364
train,clob,13,0.06945651830154678,0.00633974104244697,0.06071428571428764,0.005192857142857517,0.047670597313971635,0.003930528628877751
train,clob,14,0.11558706419113274,0.035629291350840815,0.20549999999999993,0.06352499999999958,0.16689785356599954,0.04958140282129573
train,clob,15,0.0887556022047285,0.0111816691858103,0.1251351351351369,0.017132432432432787,0.09957466673401154,0.012066699546174862
train,clob,16,0.2651227763069021,0.07167068974997355,0.31179487179487386,0.11657435897435992,0.2291026647993226,0.062473543013210474
train,clob,17,0.7882929577396387,0.6742464453554764,0.5137777777777788,0.3690444444444457,0.5526155613384968,0.3924047828018247
train,clob,18,0.10959248620702683,0.014845827865876737,0.14555555555555458,0.03073333333333332,0.10371544527275997,0.013034867751763915
train,clob,19,0.026176868672880958,0.0011417922053655945,0.09729729729729672,0.016010810810810263,0.07134122355193298,0.008411876942507815
train,clob,20,0.18061927814276574,0.04039327007730239,0.13899999999999965,0.02785999999999985,0.09748817965579656,0.01590877066951346
train,clob,21,0.1463409035706256,0.02471575411576339,0.1734210526315794,0.03681315789473696,0.11766655888891583,0.01883385898885401
train,clob,22,0.05896467604712505,0.003978718517037495,0.0465909090909061,0.004315909090908581,0.05201671715976271,0.004489926441655596
train,clob,23,0.20070289642631128,0.059691030239453706,0.1872727272727284,0.05441818181818228,0.18312103354362394,0.05258108480253009
train,clob,24,0.16102466350822373,0.04450245603310143,0.1252500000000008,0.03220250000000037,0.12059336699525676,0.030880914112386602
train,clob,25,0.35906178972859165,0.17087060511891683,0.19530612244897738,0.0759571428571414,0.2117352293166172,0.08103856478200429
train,clob,26,0.040314219356186114,0.0028972191098761303,0.050277777777777005,0.0033749999999999137,0.04507445435695065,0.0025010205600377797
train,clob,27,0.09142163351931895,0.014356475242448402,0.03722222222222347,0.003127777777777921,0.0351966847847534,0.0033245862745610814
train,clob,28,0.17841518513096774,0.036318932522205416,0.14714285714285988,0.029928571428572054,0.133296558410791,0.023916847084894288
train,clob,29,0.18303251601701107,0.03940108332745787,0.19999999999999896,0.06325405405405338,0.1845155011934309,0.04715934765001492
train,clob,30,0.04938505449901914,0.0049242022070676615,0.031190476190474863,0.0019119047619046274,0.027977712012444568,0.0017460382443168065
train,clob,31,0.19184437000876603,0.055519679130426214,0.18894736842105053,0.05079999999999857,0.17028603939967835,0.039883958562109856
train,clob,32,0.19680706244050197,0.041993444401681,0.14051282051282096,0.02886153846153863,0.13101524419391658,0.028846932006245166
train,clob,33,0.09835856689300417,0.01159216354597739,0.06697674418604802,0.005767441860465381,0.0615585095023357,0.005469321754171025
train,clob,34,0.05832871133721274,0.004640925521936905,0.13840909090909126,0.02642045454545451,0.09296228654555314,0.012843152161888529
train,clob,35,0.03764342857430605,0.0036855617861978186,0.16205128205128075,0.04037435897435819,0.12577900210349446,0.024583694496639826
train,clob,36,0.22431925722270563,0.05305770695670879,0.19045454545453885,0.041277272727270116,0.20044758020293488,0.044083149387584716
train,clob,37,0.22640644330397502,0.059165335912644536,0.13763157894737074,0.03137631578947509,0.1245830530383212,0.030476888421003795
train,clob,38,0.1792523239630027,0.03439077718448896,0.1807894736842166,0.049065789473686644,0.19077021356002022,0.04984294222732052
train,clob,39,0.16204140896028588,0.03804083821992394,0.12358974358974081,0.02489230769230661,0.10443773748844344,0.022295541658383117
train,clob,40,0.059590608112040665,0.012554954941647774,0.07155555555555455,0.01047999999999958,0.054742192536384425,0.005323760625952423
train,clob,41,0.056277801951079405,0.0036798472866994003,0.0644444444444454,0.005872222222222492,0.05858558677291682,0.004711439574807973
train,clob,42,0.31786995133157436,0.10626671541241411,0.26911111111111263,0.0995666666666679,0.23608275434195505,0.08407935158856414
train,clob,43,0.1450131248938563,0.024730314161581,0.14585365853658785,0.029824390243903084,0.12468439629894863,0.024923224938152858
train,clob,44,0.31487611738234506,0.12597419911512522,0.2065714285714303,0.07720857142857294,0.213359765429381,0.08281845477971413
train,clob,45,0.14246489404347473,0.02767508967465138,0.12057142857142605,0.026817142857142085,0.1256885701448916,0.027247860585557115
train,clob,46,0.09391521459028948,0.010447196556184781,0.11475000000000005,0.018817500000000136,0.08467274027372933,0.012294512868975363
train,clob,47,0.1352575476498935,0.020093576650004937,0.10023255813953423,0.01762558139534862,0.1030245411529732,0.017247588010083678
train,clob,48,0.2289960669312841,0.05527363405823487,0.18341463414634238,0.04037073170731716,0.14597421355123444,0.03277057842566709
train,clob,49,0.165093638301299,0.03755249177078837,0.1629268292682914,0.03773658536585341,0.13544062503094884,0.029650978411069284
train,clob,50,0.10036638852349038,0.011991915542632682,0.13294117647059017,0.021276470588235712,0.10171424606217143,0.013677465942139309
train,clob,51,0.11589080163712032,0.01842044488886719,0.19219512195121868,0.05694634146341381,0.1451703928086935,0.02953220889177686
train,clob,52,0.09903684847064988,0.020688067113428278,0.11666666666666439,0.02977619047619004,0.10377776705965702,0.02563025722226037
train,clob,53,0.04781667498112365,0.003400303066611752,0.10049999999999917,0.01432999999999994,0.0821108100045645,0.01002112690504264
train,clob,54,0.06207638928796176,0.004530676710729297,0.10250000000000424,0.012708333333334314,0.09151647193963043,0.009880781508203696
train,clob,55,1.2430720280080578,1.5490615324271515,0.8102777777777747,0.9250472222222123,0.8865586786326942,0.9829989383866855
train,clob,56,0.2578292036930504,0.09837265955158458,0.20617647058823457,0.07770882352941069,0.18399064078543564,0.06861298349172192
train,clob,57,0.046580119155380385,0.0029601787070704577,0.20071428571428718,0.07564523809523928,0.15135768848181705,0.04065985992965775
train,clob,58,0.12109940171170154,0.02156313676615449,0.14447368421052728,0.047107894736843306,0.13389825740793188,0.03702373566652293
train,clob,59,0.24737832053329248,0.07748523208290113,0.20489361702127615,0.06980212765957476,0.19758542583743027,0.06491847171199547
train,clob,60,0.5330181477115429,0.30303288598302724,0.41176470588235375,0.20160588235294222,0.4134116615489372,0.20101034459720826
train,clob,61,0.11956664444179384,0.017111480652772695,0.18277777777777493,0.045233333333332196,0.16713379531773614,0.036645708928087564
train,clob,62,0.37954343636271565,0.18984012399647582,0.5875675675675724,0.43345945945946535,0.5516218081289554,0.3668352993398846
train,clob,63,0.1781950596265519,0.0688819020701693,0.20604166666666754,0.07101875000000056,0.17355736508026853,0.05608048390586534
train,clob,64,0.10583946562396881,0.015039897146001145,0.08181818181817746,0.012068181818181036,0.08631781032707986,0.011868401221669888
train,clob,65,0.3017367841778195,0.11682424788138941,0.21568181818181997,0.08259318181818276,0.23413206997709157,0.08842915639342128
train,clob,66,0.20291929278229434,0.04684336384438606,0.10625000000000066,0.015682500000000217,0.0893856980914666,0.013304444181101225
train,clob,67,0.1019793675001907,0.015369944989871548,0.17976190476190532,0.04858809523809537,0.14531265142423586,0.03626226051500271
train,clob,68,0.3536287314275306,0.1626770968004444,0.22305555555555515,0.0844749999999992,0.24191991019080042,0.09085093666569931
train,clob,69,0.11459945100271098,0.018597611259015216,0.14560975609756127,0.024334146341463653,0.1135594091412235,0.016808329198381322
train,clob,70,0.07365951825221698,0.008409172195347092,0.091794871794871,0.011994871794871569,0.07294787462095592,0.006806204836153885
train,clob,71,0.4244034090230387,0.2197131623715349,0.29268292682926755,0.14917560975609584,0.28387976888097904,0.15403897202760067
train,clob,72,0.08642223101437074,0.009676818786630575,0.13473684210526474,0.02280000000000048,0.1140633189919197,0.01607994236497855
train,clob,73,0.17134038435774204,0.03760399764094851,0.08700000000000184,0.013335000000000482,0.08345539634391375,0.012913317230854881
train,clob,74,0.5223974206429358,0.3111511580601441,0.31418604651162735,0.15769534883720743,0.3016880013552994,0.15791996433196323
train,clob,75,0.07861699872526623,0.012752691931314505,0.14674418604650832,0.036267441860463955,0.13150916235366258,0.033165936477401514
train,clob,76,0.078419315055496,0.00779865997174856,0.18163265306122311,0.05229795918367332,0.1369349232853972,0.02824532266704885
train,clob,77,0.21188203904714512,0.0548165218053078,0.13837209302326015,0.03021627906976908,0.14401872123480466,0.03134460985570147
train,clob,78,0.02653928825051911,0.0015158294404853257,0.06755555555555157,0.006208888888888265,0.054286139816767914,0.004229877639909559
train,clob,79,0.07141350863811556,0.006521634607558411,0.09136363636363494,0.011704545454545216,0.08264328311699222,0.008936254656633898
train,clob,80,0.1717855265926753,0.03688933401870488,0.19266666666666982,0.04797111111111286,0.1528821511503041,0.03660906420810939
train,clob,81,0.19867483033798397,0.061395395302517274,0.3075000000000027,0.10702916666666845,0.2556763867315782,0.07577687635405005
train,clob,82,0.03332963111416288,0.0024505374471330134,0.04088235294117438,0.0027323529411762268,0.029733276869727748,0.0015920864283467816
train,clob,83,0.3112479581039515,0.10922391419555502,0.13840909090909095,0.03906590909090874,0.16469575963338648,0.04322751219724186
train,clob,84,1.1753821583729136,1.3957267129035642,0.6772222222222182,0.7592333333333269,0.8378703811256716,0.8702153167953558
train,clob,85,0.1396051617396345,0.025736454739440345,0.14424999999999882,0.03342749999999956,0.14402853018672093,0.03178487098488368
train,clob,86,0.09236515206404558,0.01170357376338937,0.1120930232558141,0.020534883720930232,0.09995377692707452,0.01801506184961771
train,clob,87,0.03237833690254983,0.00299343615926182,0.1089999999999971,0.014204999999999432,0.08585350206299931,0.00890385115118192
train,clob,88,0.34187167931285617,0.11993623522508355,0.264999999999999,0.09046052631578852,0.2320251441725531,0.07392039606888594
train,clob,89,1.198407508393898,1.4502243256029168,0.9039534883720918,0.940746511627905,0.9488529263808043,1.0212543964609089
train,clob,90,0.03179521706462546,0.0019338595641164036,0.08571428571428623,0.01476666666666682,0.05705982194960256,0.005748323096502816
train,clob,91,0.1013816971208459,0.012285093789820333,0.20466666666666428,0.04933555555555467,0.1660544944237418,0.03250484525063043
train,clob,92,0.18719448952760404,0.04295766147211723,0.1377500000000001,0.027217499999999978,0.10973704594223928,0.018489773072403702
train,clob,93,0.11087875567662517,0.014769456649043129,0.1427499999999998,0.034787499999999846,0.12025006717413578,0.021598142819999288
train,clob,94,0.9579209400121255,0.9844312409741921,0.7100000000000034,0.6553765957446853,0.7719959386575829,0.7176052803990248
train,clob,95,0.2948917044764194,0.11449217957808087,0.17761904761904712,0.06087619047619121,0.1868985794375397,0.06382494351061783
train,clob,96,0.18279874182692296,0.04329965572728416,0.16183673469387794,0.03052448979591853,0.1197323152048971,0.01944154057709152
train,clob,97,0.07223278594920665,0.006740410741550462,0.11133333333333341,0.0193488888888891,0.09691140085194733,0.015446089230982778
train,clob,98,0.14163720238776234,0.02354313530403886,0.17083333333333187,0.036802777777777074,0.15335685246332173,0.03291306800148523
train,clob,99,0.0792986126837821,0.012676987584082363,0.12030303030302292,0.020493939393937892,0.1055017620211155,0.016753220552402515
train,clob,100,1.1314668301026507,1.3435776634167227,0.7155000000000051,0.7078500000000071,0.8354100234945345,0.8271471954026461
train,clob,101,0.4381214456508186,0.19759371708670292,0.32305555555555737,0.1634250000000015,0.333826882306641,0.16065654011636016
train,clob,102,0.12318082941002823,0.01753453927928891,0.14888888888888685,0.02683888888888818,0.10489783418619085,0.015599148818241195
train,clob,103,0.19052993422740527,0.03898979048077159,0.14613636363636473,0.03037045454545486,0.1073300444233347,0.01673392426560447
train,clob,104,0.1035434289259284,0.01593697619608539,0.14352941176470657,0.029394117647059077,0.10096263896447633,0.015646796123537445
train,clob,105,0.28053219851885436,0.12619413850235053,0.2124324324324328,0.08561621621621512,0.18284792304804162,0.0810958125430153
train,clob,106,0.040075968699123436,0.0023291492672348753,0.14357142857142385,0.037145238095236885,0.10698399338371813,0.018859182483855996
train,clob,107,0.10575843789933272,0.012198626556847659,0.10622222222222032,0.016137777777777067,0.06835150302233012,0.0059562587531629355
train,clob,108,0.4234559604873615,0.19263774150697827,0.41545454545454646,0.19950909090909175,0.3725417824565676,0.1747106380588819
train,clob,109,0.4043352262562997,0.26222828013814903,0.28552631578947424,0.13877105263158113,0.26616632331263934,0.13676064174481556
train,clob,110,0.07848329039009623,0.01029204483082582,0.10642857142857169,0.015021428571428528,0.09521977572583307,0.012241482069427288
train,clob,111,0.34472834197226937,0.13222242896611894,0.24205128205128196,0.0659384615384615,0.2358349069105998,0.06761809631043546
train,clob,112,0.09503977703785471,0.013776705446744586,0.10605263157894959,0.015902631578947876,0.085527809968614,0.010510709827300405
train,clob,113,0.0226163506917215,0.0009848652262924187,0.10617647058823107,0.019097058823528204,0.08918283056021094,0.014743592325466306
train,clob,114,0.32292788748726264,0.12180088261541853,0.2776744186046504,0.09619069767441793,0.19898401873752394,0.06460360990859002
train,clob,115,0.04871455527710143,0.004546425256744049,0.14179487179487177,0.030910256410256378,0.10782680193841247,0.014125764792444607
train,clob,116,0.047836231532588355,0.004865607313320371,0.09324324324324136,0.012002702702702121,0.06805640714546982,0.006892698384537188
train,clob,117,0.026517319438343748,0.0017136272049912706,0.043653846153845495,0.0029673076923075843,0.03279768131743333,0.0015962787016692952
train,clob,118,1.7947584147551827,3.2852923345241853,1.1686046511627883,1.801402325581389,1.3366214924226885,2.04230648522058
train,clob,119,0.07189934952705183,0.01012825195893327,0.07756097560975554,0.010126829268292418,0.062312755780219005,0.006103248522857734
train,clob,120,0.28848019109127937,0.09068833194496975,0.22631578947368514,0.06942631578947414,0.21085093581931447,0.062437263079204185
train,clob,121,0.08830577272928006,0.024900199238708377,0.09567567567567695,0.018308108108108012,0.08046500500059457,0.01610524749825004
train,clob,122,0.7505475664426257,0.6215188328451857,0.5488571428571415,0.4166885714285685,0.48455481982187143,0.37240382721609766
train,clob,123,0.253595979703977,0.06702031140172884,0.24425531914893803,0.07410638297872511,0.21199362932250781,0.062001674562336205
train,clob,124,0.17021732417193058,0.037998665996659006,0.09911764705882571,0.014197058823529694,0.07963982893050979,0.009155315572189633
train,clob,125,0.06457838453667682,0.005322396247589799,0.08339622641509434,0.010132075471698003,0.06658099303488454,0.006987936511619407
train,clob,126,0.07580667529596169,0.006908188435514239,0.1879545454545463,0.0574659090909095,0.15492455590905244,0.043859407214478355
train,clob,127,0.110467949577227,0.014280132395867354,0.09666666666666653,0.014217948717948618,0.08563643505647683,0.011682330346376887
train,clob,128,0.13460344098490315,0.01986231232047553,0.15729729729729822,0.03044864864864931,0.12937459645080077,0.023705996727624253
train,clob,129,0.5206501809224321,0.29453412348845587,0.3363999999999973,0.16461199999999818,0.32681070830272657,0.156845818646597
train,clob,130,0.17389957047487573,0.03588137634852294,0.12763157894737012,0.024176315789474462,0.11498851425155754,0.022485075127183077
train,clob,131,0.046925825191283584,0.0030496961407599815,0.09718749999999818,0.012659374999999634,0.085287465387017,0.009483715887799752
train,clob,132,0.028187429461501247,0.0012825688116101053,0.09311111111111228,0.011277777777777914,0.06636955498989287,0.0060430645451127465
train,clob,133,0.15536723166084515,0.027776765210696785,0.19149999999999848,0.054249999999999944,0.15481811456672143,0.033417481119664215
train,clob,134,0.2150801963826761,0.051724690645444944,0.20083333333332976,0.05352916666666475,0.1858608779162575,0.05082152999008741
train,clob,135,0.04493279043246299,0.0032448848928066237,0.15260000000000015,0.03481799999999996,0.10976641196382043,0.016762079662699342
train,clob,136,0.10800844506266864,0.012975450505661972,0.13837209302325684,0.028067441860465923,0.09404845754897571,0.012308764319920317
train,clob,137,0.023507429762185113,0.0010285040790911906,0.07306122448979527,0.007069387755101785,0.057198118592581844,0.004273133004099399
train,clob,138,0.07137360172353924,0.009652958733342945,0.17380952380952677,0.06445238095238284,0.11377191850901217,0.02460157004046334
train,clob,139,0.043609563824364615,0.002576999888421237,0.08295454545454684,0.011415909090909537,0.0677934281286783,0.00737820070134819
train,clob,140,0.5723062057050654,0.34124295993425885,0.3291891891891886,0.16583783783783732,0.3987741427354855,0.19451863758938137
train,clob,141,0.20810468912814506,0.05967981107655901,0.13552631578947416,0.025486842105263117,0.11889721819499083,0.023960053956281365
train,clob,142,0.059013349387161816,0.008021301012690015,0.09829787234042982,0.013391489361703222,0.08890181130976374,0.01129799538134365
train,clob,143,0.1945239462020307,0.05305746542932334,0.14225000000000593,0.03228250000000185,0.14816426187024195,0.033371911066576755
train,clob,144,0.16383534474986805,0.03849947440140818,0.22963636363636353,0.05868545454545427,0.17690944098481454,0.03555597746509286
train,clob,145,0.1683179417228384,0.04978636541610919,0.17031249999999873,0.051546874999999256,0.15274411451984088,0.04936815368017593
train,clob,146,0.09968847820554134,0.01378451697106041,0.08974999999999828,0.013707499999999215,0.08211107462722285,0.012651514865946133
train,clob,147,0.03794117345588503,0.0030318568920802546,0.08131578947368204,0.009876315789473358,0.06649789275006858,0.006439201760382868
train,clob,148,0.039332875819675026,0.0027652117568251746,0.054864864864865234,0.004327027027027042,0.04352002927418949,0.003038159474082121
train,clob,149,0.01974896573157731,0.0011086914552599285,0.03153846153846234,0.0017512820512820475,0.02547462766161505,0.0011885115610606794
train,clob,150,0.11246518180364586,0.01419945211737169,0.1817948717948715,0.04679743589743568,0.13010971019527787,0.024635726890095057
train,clob,151,0.03455054755435964,0.002117061369229051,0.061707317073171064,0.006178048780487751,0.04779195690245331,0.004084158620352044
train,clob,152,0.1682935095316793,0.05327402938070413,0.1351162790697681,0.035597674418605334,0.12914275479769433,0.03266561021453647
train,clob,153,0.056058131512443723,0.0050479598460533666,0.03911111111110929,0.002199999999999903,0.03266334301893951,0.0016983691479709264
train,clob,154,0.0648033277413338,0.00640063228040579,0.07357142857143166,0.00934047619047663,0.06871629052415441,0.008078780185636745
train,clob,155,0.3611598747241082,0.14083190420307493,0.22000000000000228,0.07610731707317311,0.23647012446518784,0.0809338568080737
train,clob,156,0.035925504489779624,0.0020996675519283155,0.07475000000000054,0.007977500000000099,0.05884422242308882,0.004905569663833178
train,clob,157,0.1709192734072279,0.040529199838044705,0.19837837837837766,0.050983783783783945,0.15765131458748957,0.040774818975083726
train,clob,158,0.2159106429621877,0.05094639516785815,0.21418604651162773,0.05756976744186026,0.18161746820115152,0.04496762155050021
train,clob,159,0.3291546686054112,0.12299871754529024,0.16904761904761856,0.0526571428571425,0.19384440184392623,0.057863031120101126
train,clob,160,0.052763017292540335,0.003964514195826896,0.06435897435897373,0.006253846153845964,0.046449257354235315,0.003745481855279829
train,clob,161,0.505573010909161,0.2630713841250733,0.5154054054054064,0.30103513513513575,0.4215552382544885,0.21029351053101836
train,clob,162,0.05284157093297905,0.004488958783209162,0.08871794871794889,0.011589743589743717,0.07189749387687014,0.007560854808453288
train,clob,163,0.13396043697347831,0.02480524879629694,0.1434146341463413,0.027156097560975635,0.11109955607771764,0.017768086470155115
train,clob,164,0.10150427960722554,0.013969759710262496,0.13066666666666654,0.02070222222222224,0.10224249037019126,0.01400781297682649
train,clob,165,0.09202392278400846,0.010162988878986779,0.14238095238095377,0.033385714285714206,0.09309349038528981,0.010705799472286495
train,clob,166,0.3712009196540687,0.23016566793767532,0.2875000000000076,0.13838750000000402,0.29348296285155817,0.14181182637754158
train,clob,167,0.15996318256018952,0.027060523372372657,0.19457142857142862,0.049219999999999736,0.1545314607075117,0.034821991434547304
train,clob,168,0.1518950337378911,0.02823921789720775,0.13978260869565198,0.03069347826086938,0.12597280876079403,0.02407192409959792
train,clob,169,0.12801205050375028,0.019900260081683108,0.14780487804877984,0.030721951219511864,0.12804832113986547,0.02113712717142905
train,clob,170,0.03297234780837313,0.003717139358722235,0.0648837209302373,0.0077883720930238655,0.04723289960730646,0.004089450673269942
train,clob,171,0.15613328202057028,0.0303083058729579,0.16020000000000065,0.03576599999999983,0.1343418884129761,0.029382997550029644
train,clob,172,0.28317916135800175,0.08334958583910991,0.3046341463414622,0.12550975609756046,0.2462595506168769,0.07511527417128538
train,clob,173,0.22829347150240883,0.05563325746953297,0.14459459459459556,0.032245945945946396,0.14908052674669597,0.031736048771331744
train,clob,174,0.0470194928578879,0.0038403652759127975,0.18162162162162426,0.04972972972973131,0.1265250185166074,0.024181563269579494
train,clob,175,0.07505249606291772,0.008680296025156844,0.250000000000002,0.08921428571428695,0.20845740123064577,0.05946733485802244
train,clob,176,0.27969539564393237,0.11337213241280442,0.1454545454545466,0.03627272727272737,0.16182269217184572,0.039960304537281215
train,clob,177,0.14631874862187816,0.02510844682313128,0.12025000000000285,0.024317500000000103,0.1064585062871728,0.014186924431642985
train,clob,178,0.14549605506515068,0.023316156179885375,0.20666666666666714,0.06012380952380957,0.18684782244181836,0.04915067877651887
train,clob,179,0.15273487325349902,0.034710755964715685,0.23564102564102735,0.07607948717948886,0.19614801890122704,0.061249085236743814
train,clob,180,0.10771075207481476,0.019455988145963176,0.13282608695652293,0.02391956521739175,0.11450249570820607,0.020098358766760763
train,clob,181,0.05897066644046822,0.0068945855450483805,0.07422222222222194,0.008062222222221995,0.06602986775693101,0.0070555557425890985
train,clob,182,0.04440964023074952,0.003533290750712323,0.1097777777777758,0.017759999999999426,0.07338087637239168,0.007366138469318654
train,clob,183,0.13239716614878683,0.021806661633961808,0.1357446808510619,0.027834042553190667,0.11294175044412753,0.021747365077717587
train,clob,184,0.12148496460964012,0.017247059895281296,0.11766666666666571,0.019203333333333454,0.0909002408343217,0.011037082655527655
train,clob,185,0.0700772152729554,0.005944124629011788,0.14904761904761882,0.03150476190476178,0.11767737283998614,0.01897343357058634
train,clob,186,0.1532423957830791,0.030979478364563315,0.11214285714285661,0.01793095238095211,0.09078612717549236,0.012930670494761366
train,clob,187,0.11430612151326289,0.01408272325372972,0.12224999999999786,0.020717499999999226,0.11217860323430062,0.016972565474276936
train,clob,188,0.39248198990903677,0.19152203647111066,0.5134883720930239,0.33232093023255876,0.501705816936499,0.29845686512654646
train,clob,189,0.12706174849240978,0.01894765314220018,0.18071428571428574,0.04217857142857141,0.13746266955285164,0.03158288823284196
train,clob,190,0.03505832495119265,0.002793221937962726,0.131914893617021,0.03543829787233998,0.09986895575676456,0.02164572825630022
train,clob,191,0.052085435869919226,0.00453874920898674,0.10026315789473836,0.018923684210526454,0.07834988020283314,0.011562530655103858
train,clob,192,0.030089979241348024,0.0015366436743310234,0.09690476190476204,0.013407142857142885,0.08041735023985278,0.009141411502624538
train,clob,193,0.07758190047200443,0.010306629828206714,0.15444444444444289,0.03960555555555459,0.10451477259108953,0.017284738827430708
train,clob,194,0.030703197542553164,0.002378313889982989,0.11604651162790648,0.019746511627906624,0.08984013836820641,0.012019217641270282
train,clob,195,0.5244621994970968,0.3140406176730824,0.24285714285714186,0.12173333333333393,0.29415683623227545,0.13602077756707592
train,clob,196,0.1137433176788792,0.017687750168614673,0.11179487179486881,0.018702564102562793,0.1000314778420141,0.016434211023059205
train,clob,197,0.1727023687520188,0.0403602757313752,0.20837837837837703,0.06589459459459408,0.17110629729683755,0.050025407122938965
train,clob,198,0.07426463465329643,0.010043872499406008,0.06595238095237844,0.005897619047618679,0.059151285038592585,0.0050806068281901125
train,clob,199,0.7642458680749921,0.6114704887210473,0.5133333333333284,0.3443422222222155,0.5585852174494937,0.38258015241897786
train,clob,200,0.1859165982222945,0.04262310018630497,0.19203703703703498,0.04251666666666583,0.16349780054868576,0.032713921700762844
train,clob,201,0.13495615538748876,0.028627767172096575,0.13621621621621632,0.030070270270271225,0.11368446655632357,0.02651749913775672
train,clob,202,0.10816057209788102,0.01773002836959756,0.11199999999999795,0.022814999999999086,0.10442494316683333,0.019248121122126288
train,clob,203,0.11471596157404605,0.016318153241262727,0.130540540540537,0.0299324324324312,0.12573807400410617,0.025805192695235245
train,clob,204,0.0917839589442782,0.024525166892630675,0.0663043478260884,0.01090652173913066,0.06465332988286542,0.010723501862657718
train,clob,205,0.3289579324300484,0.10964469319919176,0.19738095238095385,0.05640238095238215,0.21835385226767315,0.06185078094150148
train,clob,206,0.3306495386263274,0.13296815134736983,0.3128205128205136,0.13171282051282093,0.2649753820058286,0.09775908418951786
train,clob,207,0.2618809755730402,0.07352169693405869,0.2702439024390229,0.08657073170731658,0.20617603482268798,0.0530678003195576
train,clob,208,0.12923168861066237,0.02431247249529255,0.14190476190476273,0.0287142857142864,0.13403600640735372,0.024068511735565862
train,clob,209,0.060742463040180515,0.010224425473531437,0.07702702702703029,0.012289189189189724,0.07447401107872433,0.01185764967488035
train,clob,210,0.10147704315242861,0.01562115533111096,0.09022727272727589,0.01107500000000057,0.06092326131267804,0.0057800929471220055
train,clob,211,0.3651227594235437,0.141602259772848,0.2623684210526308,0.09995526315789326,0.2357390053750715,0.09508010084285161
train,clob,212,0.046801029508176155,0.003406984220043522,0.10933333333333554,0.018208888888889167,0.08224983262136268,0.009812245334554907
train,clob,213,0.03176877477066411,0.0020803771919101956,0.09512820512820822,0.01696153846153942,0.0692302503926469,0.00844702942913149
train,clob,214,0.24608015876104614,0.10256371783076058,0.1865217391304384,0.05953478260869732,0.18505416847414266,0.060628430946112276
train,clob,215,0.045468647952140805,0.0034173590043014663,0.10023255813953556,0.014658139534883739,0.08207384936749872,0.010363416278828764
train,clob,216,0.8274468516659644,0.7027820421436471,0.48400000000000154,0.3501257142857168,0.5262302841536122,0.3800272533024355
train,clob,217,0.09507941645218075,0.0109366040280332,0.16711111111111035,0.032195555555555304,0.14921012108379786,0.025614256008428996
train,clob,218,0.2559550756045106,0.06774124600597077,0.2228260869565223,0.07975434782608776,0.22202563087738358,0.07177075082572305
train,clob,219,0.21912061908125724,0.09230546442343428,0.17291666666666952,0.06145416666666829,0.16614443819874547,0.059901612436455226
train,clob,220,0.6751617578925482,0.4989056626637783,0.3855555555555518,0.23869444444443952,0.458800940898001,0.2750374903518796
train,clob,221,0.05865503095966123,0.004513249011042983,0.10536585365853429,0.013712195121950568,0.08641166715731824,0.010193246977311542
train,clob,222,0.15403556289088013,0.03212366272655402,0.28680000000000117,0.10950400000000098,0.2377666582912644,0.07382306531132911
train,clob,223,0.13629715060937556,0.028476231362502987,0.332564102564101,0.2074641025641005,0.27244110402927,0.1436282730992376
train,clob,224,0.5559254677987739,0.3373338682048965,0.3158333333333354,0.15321944444444538,0.3429247086105651,0.16257577329217682
train,clob,225,0.053476925994278,0.004404732621956148,0.03911111111111276,0.0027244444444445045,0.0341524881969042,0.002080355535584757
train,clob,226,0.05448186684850712,0.004435952981567736,0.04717948717948724,0.0033179487179489085,0.034535702633438414,0.001946404497609765
train,clob,227,0.024908819438069125,0.0018799476799433977,0.07885714285713973,0.009845714285713583,0.06914452040414448,0.008271078140962913
train,clob,228,0.17024072577244617,0.0642225853813921,0.18785714285714283,0.06465000000000029,0.15340688705482577,0.0539582228116592
train,clob,229,0.061454444917350734,0.006238482364115799,0.05657142857143028,0.004514285714285869,0.044412150948528864,0.0030050777496789327
train,clob,230,0.07091777918762465,0.011872648836648887,0.05026315789473448,0.007292105263157942,0.044649369885235754,0.006680831808567356
train,clob,231,0.03295975842606104,0.0018350592920668737,0.05341463414634275,0.004563414634146398,0.04119565518427159,0.0023807801363239334
train,clob,232,0.39650727562678173,0.1595642107698923,0.33081081081081026,0.17457837837837806,0.3396802491577359,0.15966195414584844
train,clob,233,0.16861928180763935,0.029565091751767563,0.12631578947368524,0.024236842105263043,0.10100957008391988,0.013110990597211783
train,clob,234,0.10754235707446913,0.014094107491369084,0.14210526315789745,0.02653684210526385,0.1174586692936771,0.018385706971676144
train,clob,235,0.12409111521156287,0.016804354048857256,0.13113636363636674,0.02326590909090991,0.13433609306881095,0.021572710251597047
train,clob,236,0.0855171690847882,0.009706926062538297,0.16649999999999918,0.04261499999999983,0.14663732331817977,0.03470953852193268
train,clob,237,0.10016641384556003,0.012929227503926652,0.16785714285714345,0.04233095238095234,0.13319161965536314,0.023708602324488418
train,clob,238,0.05250579021921631,0.005660479292938565,0.15677419354839026,0.04387096774193738,0.1461220237556586,0.04083580421198667
train,clob,239,0.26689465431779946,0.11575591751542758,0.24024999999999425,0.089322499999997,0.2406214663845272,0.08860151661522382
train,clob,240,0.2774526092870422,0.0801474518301381,0.19657894736842138,0.05039736842105286,0.18559777302359715,0.04503646611113815
train,clob,241,0.044890545880565916,0.005303898620667668,0.058723404255322846,0.007944680851064263,0.04833155434890583,0.005991863664673005
train,clob,242,0.0859187918564069,0.01643460729964589,0.08076923076923415,0.010597435897436556,0.06670317671582687,0.009143495832804905
train,clob,243,0.08434385510434983,0.008619755311560647,0.0717391304347816,0.008021739130434666,0.06656621186884835,0.006719451836904577
train,clob,244,0.28598334223690064,0.10965580371982923,0.2994871794871796,0.11232820512820463,0.24780054530680032,0.09003938880396148
train,clob,245,0.3171604233668373,0.13829474318468227,0.24926829268292433,0.1052097560975588,0.22976062124723734,0.09287594992287102
train,clob,246,0.1711707491437245,0.03489268995491096,0.31674999999999714,0.14941249999999687,0.2661442021085484,0.10651377437839656
train,clob,247,0.09835911098877746,0.016761829710972294,0.07023255813953475,0.008925581395348749,0.06115128128241553,0.008009792373755082
train,clob,248,0.19332752550369575,0.05095580235436352,0.21500000000000033,0.06800238095238077,0.18333516174303366,0.04368027775043782
train,clob,249,0.13842962133916317,0.02486685332508055,0.15105263157894797,0.03708947368421061,0.13847696994845757,0.02947943985570173
train,clob,250,0.1028088326485925,0.015622174289086821,0.10473684210526361,0.015484210526315541,0.104421913270998,0.015571763559470854
train,clob,251,0.16394980428694272,0.04065524744342917,0.11217391304347445,0.02759130434782474,0.12149883398642725,0.029158519151461393
train,clob,252,0.16685627463438782,0.06289048557955755,0.1485714285714278,0.05038285714285703,0.13201223642085513,0.04821466627621511
train,clob,253,0.03313163831310812,0.001427353249419257,0.08315789473684199,0.010526315789473632,0.0700301735740635,0.007314098883180568
train,clob,254,0.1706162180375514,0.06485622757651198,0.12216216216216395,0.040956756756757,0.12287523942510425,0.041500211443193886
train,clob,255,0.702985096743146,0.5090873183616156,0.4478787878787862,0.2748787878787858,0.4960623021495213,0.2978812785127834
validation,auction,0,0.033225192021787545,0.0016252110526816309,0.0799999999999983,0.0063999999999997,0.033225192021787545,0.0016252110526816309
validation,auction,1,0.009122326231826124,0.00017112181845279422,0.0600000000000022,0.0036000000000002,0.009122326231826124,0.00017112181845279422
validation,auction,2,0.027972315691408258,0.001337254561768983,0.0799999999999983,0.0063999999999997,0.027972315691408258,0.001337254561768983
validation,auction,3,0.00496962290188112,4.942014108032483e-05,0.0300000000000011,0.0009,0.00496962290188112,4.942014108032483e-05
validation,auction,4,0.06438981989658095,0.006439245292997406,0.1899999999999977,0.0360999999999991,0.06438981989658095,0.006439245292997406
validation,auction,5,0.04406574769805659,0.0022867044525996974,0.2000000000000028,0.0400000000000011,0.04406574769805659,0.0022867044525996974
validation,auction,6,0.051908794468584527,0.0038898694486347693,0.1099999999999994,0.0120999999999998,0.051908794468584527,0.0038898694486347693
validation,auction,7,0.0192996639098633,0.0006746469011470446,0.1400000000000005,0.0196000000000001,0.0192996639098633,0.0006746469011470446
validation,auction,8,0.3764320059734449,0.17361947808572484,0.1999999999999886,0.0399999999999954,0.3764320059734449,0.17361947808572484
validation,auction,9,0.02210392631103698,0.0006424025465645532,0.0999999999999943,0.0099999999999988,0.02210392631103698,0.0006424025465645532
validation,auction,10,0.04971008668808893,0.0029370037623758505,0.25,0.0625,0.04971008668808893,0.0029370037623758505
validation,auction,11,0.042813409015340156,0.003881733857135353,0.1899999999999977,0.0360999999999991,0.042813409015340156,0.003881733857135353
validation,auction,12,0.1281716882664099,0.02039662800703367,0.4099999999999966,0.1680999999999972,0.1281716882664099,0.02039662800703367
validation,auction,13,0.009824335946989497,0.00012407912139211593,0.1799999999999926,0.0323999999999973,0.009824335946989497,0.00012407912139211593
validation,auction,14,0.020423779350519998,0.0009198590308872745,0.4299999999999926,0.1848999999999936,0.020423779350519998,0.0009198590308872745
validation,auction,15,0.10379901061263387,0.0232708100303267,0.1000000000000085,0.0100000000000017,0.10379901061263387,0.0232708100303267
validation,auction,16,0.019123036101079998,0.00069958152515331,0.0100000000000051,0.0001000000000001,0.019123036101079998,0.00069958152515331
validation,auction,17,0.01387987079937998,0.0002798918453746206,0.049999999999997095,0.0024999999999997,0.01387987079937998,0.0002798918453746206
validation,auction,18,0.026868287314223912,0.001001219526565666,0.0999999999999943,0.0099999999999988,0.026868287314223912,0.001001219526565666
validation,auction,19,0.025325327468624412,0.0010650674165414425,0.2300000000000039,0.0529000000000018,0.025325327468624412,0.0010650674165414425
validation,auction,20,0.013878374215935201,0.0003446779359257027,0.1400000000000005,0.0196000000000001,0.013878374215935201,0.0003446779359257027
validation,auction,21,0.031199785956999872,0.00175515034339807,0.2000000000000028,0.0400000000000011,0.031199785956999872,0.00175515034339807
validation,auction,22,0.024325063063284316,0.0009631699798531679,0.1400000000000005,0.0196000000000001,0.024325063063284316,0.0009631699798531679
validation,auction,23,0.02540949927002834,0.00098169735623121,0.1400000000000005,0.0196000000000001,0.02540949927002834,0.00098169735623121
validation,auction,24,0.024817172286470155,0.0008873462249145944,0.1900000000000119,0.0361000000000045,0.024817172286470155,0.0008873462249145944
validation,auction,25,0.03491757903890304,0.0018020346901143818,0.0100000000000051,0.0001000000000001,0.03491757903890304,0.0018020346901143818
validation,auction,26,0.03654956242911232,0.002063297633643719,0.2400000000000091,0.0576000000000043,0.03654956242911232,0.002063297633643719
validation,auction,27,0.10376970107653936,0.015264380977897434,0.1800000000000068,0.0324000000000024,0.10376970107653936,0.015264380977897434
validation,auction,28,0.04030549671348112,0.0018133495186064498,0.019999999999996,0.0003999999999998,0.04030549671348112,0.0018133495186064498
validation,auction,29,0.021055908883863095,0.0006845452851094399,0.0999999999999943,0.0099999999999988,0.021055908883863095,0.0006845452851094399
validation,auction,30,0.015192942804455338,0.00040164233052942665,0.1099999999999994,0.0120999999999998,0.015192942804455338,0.00040164233052942665
validation,auction,31,0.13669001835209965,0.024486893669919185,0.6699999999999875,0.4488999999999832,0.13669001835209965,0.024486893669919185
validation,auction,32,0.03874269381421029,0.0020129222422849797,0.1299999999999954,0.0168999999999988,0.03874269381421029,0.0020129222422849797
validation,auction,33,0.047426129689252576,0.002692150939427744,0.2000000000000028,0.0400000000000011,0.047426129689252576,0.002692150939427744
validation,auction,34,0.09499784998848589,0.010756064802119804,0.1300000000000096,0.0169000000000025,0.09499784998848589,0.010756064802119804
validation,auction,35,0.21320683881845445,0.0735955923970605,0.2999999999999971,0.0899999999999982,0.21320683881845445,0.0735955923970605
validation,auction,36,0.03222543887993553,0.0014350510134537111,0.1999999999999886,0.0399999999999954,0.03222543887993553,0.0014350510134537111
validation,auction,37,0.02296076957386217,0.0006751436204110933,0.0600000000000022,0.0036000000000002,0.02296076957386217,0.0006751436204110933
validation,auction,38,0.05037202954860235,0.0033508188462177103,0.1099999999999994,0.0120999999999998,0.05037202954860235,0.0033508188462177103
validation,auction,39,0.008434154873220707,0.00012565471361823726,0.0699999999999931,0.004899999999999,0.008434154873220707,0.00012565471361823726
validation,auction,40,0.04639750973650645,0.0031721925617494546,0.1999999999999886,0.0399999999999954,0.04639750973650645,0.0031721925617494546
validation,auction,41,0.08696264729174977,0.010370675269272258,0.1700000000000017,0.0289000000000005,0.08696264729174977,0.010370675269272258
validation,auction,42,0.010549587842404635,0.00019338649407707603,0.2600000000000051,0.0676000000000026,0.010549587842404635,0.00019338649407707603
validation,auction,43,0.28037067568044205,0.2714411796949007,0.2999999999999971,0.0899999999999982,0.28037067568044205,0.2714411796949007
validation,auction,44,0.0070992310462202005,8.362873734936147e-05,0.0700000000000073,0.004900000000001,0.0070992310462202005,8.362873734936147e-05
validation,auction,45,0.09289168261195942,0.013108688502088678,0.0,0.0,0.09289168261195942,0.013108688502088678
validation,auction,46,0.011985828706485778,0.0002463892655631171,0.1400000000000005,0.0196000000000001,0.011985828706485778,0.0002463892655631171
validation,auction,47,0.005072620280364973,5.0158211153566837e-05,0.1500000000000056,0.0225000000000017,0.005072620280364973,5.0158211153566837e-05
validation,auction,48,0.01394838363394795,0.0003057142668229504,0.0100000000000051,0.0001000000000001,0.01394838363394795,0.0003057142668229504
validation,auction,49,0.027447640649285145,0.001120775529455509,0.0800000000000125,0.006400000000002,0.027447640649285145,0.001120775529455509
validation,auction,50,0.010415345169453364,0.00018517534829366847,0.1899999999999977,0.0360999999999991,0.010415345169453364,0.00018517534829366847
validation,auction,51,0.0543000680712045,0.004975382867751851,0.1200000000000045,0.014400000000001,0.0543000680712045,0.004975382867751851
validation,auction,52,0.1288873577960245,0.027680450615945873,0.4699999999999988,0.2208999999999989,0.1288873577960245,0.027680450615945873
validation,auction,53,0.06463841331307422,0.007724430345938934,0.1299999999999954,0.0168999999999988,0.06463841331307422,0.007724430345938934
validation,auction,54,0.03478471446196536,0.0016161123476988032,0.1999999999999886,0.0399999999999954,0.03478471446196536,0.0016161123476988032
validation,auction,55,0.013052655165472497,0.00027780294696962664,0.0699999999999931,0.004899999999999,0.013052655165472497,0.00027780294696962664
validation,auction,56,0.012734372640630896,0.00024149164244659238,0.0799999999999983,0.0063999999999997,0.012734372640630896,0.00024149164244659238
validation,auction,57,0.10847482457683001,0.01606619007363196,0.2600000000000051,0.0676000000000026,0.10847482457683001,0.01606619007363196
validation,auction,58,0.01717535498954417,0.0006786317465828045,0.0200000000000102,0.0004000000000004,0.01717535498954417,0.0006786317465828045
validation,auction,59,0.007443323877833533,8.702960426307454e-05,0.0600000000000022,0.0036000000000002,0.007443323877833533,8.702960426307454e-05
validation,auction,60,0.009551370900102529,0.0001657869627510754,0.0799999999999983,0.0063999999999997,0.009551370900102529,0.0001657869627510754
validation,auction,61,0.15724025551519907,0.05465757186566277,0.0900000000000034,0.0081000000000006,0.15724025551519907,0.05465757186566277
validation,auction,62,0.04918629249443753,0.00313261121302625,0.0,0.0,0.04918629249443753,0.00313261121302625
validation,auction,63,0.09723153186699038,0.014959031740933142,0.1099999999999994,0.0120999999999998,0.09723153186699038,0.014959031740933142
validation,auction,64,0.13071665956947617,0.023737407744266935,0.0700000000000073,0.004900000000001,0.13071665956947617,0.023737407744266935
validation,auction,65,0.03931224949000075,0.004299933172653352,0.1900000000000119,0.0361000000000045,0.03931224949000075,0.004299933172653352
validation,auction,66,0.024121713051554135,0.0009786462774029993,0.0700000000000073,0.004900000000001,0.024121713051554135,0.0009786462774029993
validation,auction,67,0.022634896465865466,0.0007514574016549401,0.0700000000000073,0.004900000000001,0.022634896465865466,0.0007514574016549401
validation,auction,68,0.052625607135747,0.0032601477182720245,0.25,0.0625,0.052625607135747,0.0032601477182720245
validation,auction,69,0.031237471732484288,0.0015477700298922666,0.519999999999996,0.2703999999999958,0.031237471732484288,0.0015477700298922666
validation,auction,70,0.00782587120177187,0.00011076038251990794,0.0600000000000022,0.0036000000000002,0.00782587120177187,0.00011076038251990794
validation,auction,71,0.09236971410557397,0.010142527297042655,0.2000000000000028,0.0400000000000011,0.09236971410557397,0.010142527297042655
validation,auction,72,0.08494284449808016,0.008728762898939915,0.0900000000000034,0.0081000000000006,0.08494284449808016,0.008728762898939915
validation,auction,73,0.004435658868437994,4.5693959489476035e-05,0.049999999999997095,0.0024999999999997,0.004435658868437994,4.5693959489476035e-05
validation,auction,74,0.016389367912399165,0.0004823643207946566,0.25,0.0625,0.016389367912399165,0.0004823643207946566
validation,auction,75,0.009481231580079913,0.00016065621674170273,0.2000000000000028,0.0400000000000011,0.009481231580079913,0.00016065621674170273
validation,auction,76,0.014426445865188936,0.0003158468502190609,0.1400000000000005,0.0196000000000001,0.014426445865188936,0.0003158468502190609
validation,auction,77,0.03946925339271982,0.002120812900481716,0.2999999999999971,0.0899999999999982,0.03946925339271982,0.002120812900481716
validation,auction,78,0.0285697626482374,0.00207291535725606,0.2600000000000051,0.0676000000000026,0.0285697626482374,0.00207291535725606
validation,auction,79,0.032610540115218085,0.0015856386413308277,0.1000000000000085,0.0100000000000017,0.032610540115218085,0.0015856386413308277
validation,auction,80,0.2178155764168129,0.0663794378851977,0.3599999999999994,0.1295999999999996,0.2178155764168129,0.0663794378851977
validation,auction,81,0.024851116163609275,0.0011357766082630918,0.2599999999999909,0.0675999999999952,0.024851116163609275,0.0011357766082630918
validation,auction,82,0.10018134437341451,0.011372350106278404,0.25,0.0625,0.10018134437341451,0.011372350106278404
validation,auction,83,0.036794229311555154,0.002266000695828651,0.2300000000000039,0.0529000000000018,0.036794229311555154,0.002266000695828651
validation,auction,84,0.00778467866958388,9.944471170995665e-05,0.04000000000000619,0.0016000000000005,0.00778467866958388,9.944471170995665e-05
validation,auction,85,0.01754046883144438,0.00038957257336176364,0.1200000000000045,0.014400000000001,0.01754046883144438,0.00038957257336176364
validation,auction,86,0.025951146059760278,0.0007971403648098233,0.0699999999999931,0.004899999999999,0.025951146059760278,0.0007971403648098233
validation,auction,87,0.017793064252214656,0.0005580631456217899,0.1700000000000017,0.0289000000000005,0.017793064252214656,0.0005580631456217899
validation,auction,88,0.028238736124277346,0.0011170248496912745,0.1900000000000119,0.0361000000000045,0.028238736124277346,0.0011170248496912745
validation,auction,89,0.039197675559923525,0.003003575826113301,0.1800000000000068,0.0324000000000024,0.039197675559923525,0.003003575826113301
validation,auction,90,0.0200549915252684,0.00069782337739022,0.0300000000000011,0.0009,0.0200549915252684,0.00069782337739022
validation,auction,91,0.0934020673232055,0.00967897378336348,0.0799999999999983,0.0063999999999997,0.0934020673232055,0.00967897378336348
validation,auction,92,0.014344191250956326,0.0002839883452218,0.049999999999997095,0.0024999999999997,0.014344191250956326,0.0002839883452218
validation,auction,93,0.019817832180254864,0.0005700654842518281,0.0600000000000022,0.0036000000000002,0.019817832180254864,0.0005700654842518281
validation,auction,94,0.03947622239931876,0.0023739458518891154,0.3900000000000005,0.1521000000000004,0.03947622239931876,0.0023739458518891154
validation,auction,95,0.05113085262866497,0.0035181167595658633,0.1000000000000085,0.0100000000000017,0.05113085262866497,0.0035181167595658633
validation,auction,96,0.09757503936161617,0.014091104881030748,0.5999999999999943,0.3599999999999931,0.09757503936161617,0.014091104881030748
validation,auction,97,0.4377224011341813,0.5883945751380387,0.0600000000000022,0.0036000000000002,0.4377224011341813,0.5883945751380387
validation,auction,98,0.0760064009833262,0.008208716210509394,0.4300000000000068,0.1849000000000058,0.0760064009833262,0.008208716210509394
validation,auction,99,0.013890179179269525,0.0002493023188840954,0.0300000000000011,0.0009,0.013890179179269525,0.0002493023188840954
validation,auction,100,0.012939749403600332,0.00022649386824698576,0.1700000000000017,0.0289000000000005,0.012939749403600332,0.00022649386824698576
validation,auction,101,0.011897140902243551,0.0002454220053326554,0.0799999999999983,0.0063999999999997,0.011897140902243551,0.0002454220053326554
validation,auction,102,0.0066951238293735,7.392677089074361e-05,0.0799999999999983,0.0063999999999997,0.0066951238293735,7.392677089074361e-05
validation,auction,103,0.13880147805020232,0.02927402636162768,0.1700000000000017,0.0289000000000005,0.13880147805020232,0.02927402636162768
validation,auction,104,0.02235354649966578,0.0009195087671156933,0.039999999999992,0.0015999999999993,0.02235354649966578,0.0009195087671156933
validation,auction,105,0.014257261871549532,0.0002707545557428433,0.3299999999999983,0.1088999999999988,0.014257261871549532,0.0002707545557428433
validation,auction,106,0.007045058715187704,7.762874960483667e-05,0.04000000000000619,0.0016000000000005,0.007045058715187704,7.762874960483667e-05
validation,auction,107,0.03206493002103671,0.001504022278491207,0.019999999999996,0.0003999999999998,0.03206493002103671,0.001504022278491207
validation,auction,108,0.02708450042038252,0.0011503075765952585,0.0699999999999931,0.004899999999999,0.02708450042038252,0.0011503075765952585
validation,auction,109,0.17626569665673056,0.08121245470469021,0.0700000000000073,0.004900000000001,0.17626569665673056,0.08121245470469021
validation,auction,110,0.02414692162565706,0.0007273142455894228,0.1899999999999977,0.0360999999999991,0.02414692162565706,0.0007273142455894228
validation,auction,111,0.32816491341731974,0.13863176480727818,0.1700000000000017,0.0289000000000005,0.32816491341731974,0.13863176480727818
validation,auction,112,0.015801271958455702,0.00036926110254214666,0.0999999999999943,0.0099999999999988,0.015801271958455702,0.00036926110254214666
validation,auction,113,0.014096663927687303,0.00029081354122158,0.1500000000000056,0.0225000000000017,0.014096663927687303,0.00029081354122158
validation,auction,114,0.01971143864811275,0.0010247857592363052,0.1799999999999926,0.0323999999999973,0.01971143864811275,0.0010247857592363052
validation,auction,115,0.06635637864209512,0.005521291661006747,0.0100000000000051,0.0001000000000001,0.06635637864209512,0.005521291661006747
validation,auction,116,0.021907819591506436,0.0006862138174852926,0.1400000000000005,0.0196000000000001,0.021907819591506436,0.0006862138174852926
validation,auction,117,0.03517099657600461,0.0022286696379643467,0.1400000000000005,0.0196000000000001,0.03517099657600461,0.0022286696379643467
validation,auction,118,0.024076015169696038,0.0008092951695442267,0.1099999999999994,0.0120999999999998,0.024076015169696038,0.0008092951695442267
validation,auction,119,0.028872031074086105,0.0011874568747149805,0.0,0.0,0.028872031074086105,0.0011874568747149805
validation,auction,120,0.3133356343266466,0.551595410600094,0.04000000000000619,0.0016000000000005,0.3133356343266466,0.551595410600094
validation,auction,121,0.1345306032194495,0.06697946335229706,0.0,0.0,0.1345306032194495,0.06697946335229706
validation,auction,122,0.01280980925421979,0.0002768108790955433,0.25,0.0625,0.01280980925421979,0.0002768108790955433
validation,auction,123,0.025799460545129174,0.0009371956930915288,0.049999999999997095,0.0024999999999997,0.025799460545129174,0.0009371956930915288
validation,auction,124,0.27838509560804137,0.1633815123190856,0.0200000000000102,0.0004000000000004,0.27838509560804137,0.1633815123190856
validation,auction,125,0.021370537807560167,0.0005889404603072611,0.039999999999992,0.0015999999999993,0.021370537807560167,0.0005889404603072611
validation,auction,126,0.13054021561355186,0.01959703027848177,0.2900000000000062,0.0841000000000036,0.13054021561355186,0.01959703027848177
validation,auction,127,0.07450500203126462,0.007731884510508313,0.1700000000000017,0.0289000000000005,0.07450500203126462,0.007731884510508313
validation,auction,128,0.03850872772237842,0.0020782877802081197,0.1500000000000056,0.0225000000000017,0.03850872772237842,0.0020782877802081197
validation,auction,129,0.01763884725412053,0.000536133496007046,0.1500000000000056,0.0225000000000017,0.01763884725412053,0.000536133496007046
validation,auction,130,0.0714780987537949,0.007845810436643997,0.1700000000000017,0.0289000000000005,0.0714780987537949,0.007845810436643997
validation,auction,131,0.014300155894004244,0.0002560361401544406,0.1700000000000017,0.0289000000000005,0.014300155894004244,0.0002560361401544406
validation,auction,132,0.10822401629097077,0.02920530650167934,0.0099999999999909,9.99999999998181e-05,0.10822401629097077,0.02920530650167934
validation,auction,133,0.07629918530041377,0.010164408357459936,0.3499999999999943,0.122499999999996,0.07629918530041377,0.010164408357459936
validation,auction,134,0.08765040225994243,0.010096184930304251,0.1400000000000005,0.0196000000000001,0.08765040225994243,0.010096184930304251
validation,auction,135,0.030932254888720898,0.0011794063086596363,0.1599999999999966,0.0255999999999989,0.030932254888720898,0.0011794063086596363
validation,auction,136,0.06472520482291341,0.007589013967511922,0.5300000000000011,0.2809000000000012,0.06472520482291341,0.007589013967511922
validation,auction,137,0.100022507672962,0.017056135087170833,0.3400000000000034,0.1156000000000023,0.100022507672962,0.017056135087170833
validation,auction,138,0.04141286697756922,0.00247829512000432,0.1700000000000017,0.0289000000000005,0.04141286697756922,0.00247829512000432
validation,auction,139,0.0182140443024669,0.0005480411155691478,0.04000000000000619,0.0016000000000005,0.0182140443024669,0.0005480411155691478
validation,auction,140,0.02395151928799395,0.0007524342304762474,0.1800000000000068,0.0324000000000024,0.02395151928799395,0.0007524342304762474
validation,auction,141,0.020585538830834547,0.0007221728880890866,0.2000000000000028,0.0400000000000011,0.020585538830834547,0.0007221728880890866
validation,auction,142,0.015077581641309698,0.00047684723399876955,0.0799999999999983,0.0063999999999997,0.015077581641309698,0.00047684723399876955
validation,auction,143,0.010659433494051494,0.00016652357277792938,0.0699999999999931,0.004899999999999,0.010659433494051494,0.00016652357277792938
validation,auction,144,0.010671204288059248,0.00018000061770022675,0.0,0.0,0.010671204288059248,0.00018000061770022675
validation,auction,145,0.04312898865568727,0.0025896302066695073,0.1099999999999994,0.0120999999999998,0.04312898865568727,0.0025896302066695073
validation,auction,146,0.03712941340604199,0.0017767771088272066,0.269999999999996,0.0728999999999978,0.03712941340604199,0.0017767771088272066
validation,auction,147,0.019822291862148678,0.0006240599093775967,0.0600000000000022,0.0036000000000002,0.019822291862148678,0.0006240599093775967
validation,auction,148,0.02159426837893692,0.0005739279805194333,0.1499999999999914,0.0224999999999974,0.02159426837893692,0.0005739279805194333
validation,auction,149,0.010892296039463156,0.00023055243332786727,0.0300000000000011,0.0009,0.010892296039463156,0.00023055243332786727
validation,auction,150,0.015117051809710803,0.000339418736645533,0.2300000000000039,0.0529000000000018,0.015117051809710803,0.000339418736645533
validation,auction,151,0.017815068187535588,0.0004706606903417922,0.039999999999992,0.0015999999999993,0.017815068187535588,0.0004706606903417922
validation,auction,152,0.019903453888909888,0.0008000965123273433,0.289999999999992,0.0840999999999953,0.019903453888909888,0.0008000965123273433
validation,auction,153,0.06501006433704169,0.005445751812950291,0.1599999999999966,0.0255999999999989,0.06501006433704169,0.005445751812950291
validation,auction,154,0.023754633539667194,0.001032362165755585,0.1800000000000068,0.0324000000000024,0.023754633539667194,0.001032362165755585
validation,auction,155,0.04333891686546657,0.003788342661581588,0.3299999999999983,0.1088999999999988,0.04333891686546657,0.003788342661581588
validation,auction,156,0.08247810694434081,0.01241608061524872,0.0300000000000011,0.0009,0.08247810694434081,0.01241608061524872
validation,auction,157,0.11655862110241862,0.032687614962877774,0.1600000000000108,0.0256000000000034,0.11655862110241862,0.032687614962877774
validation,auction,158,0.019905344863863157,0.0004879228130089857,0.0300000000000011,0.0009,0.019905344863863157,0.0004879228130089857
validation,auction,159,0.05879266997560391,0.005450717099160886,0.0699999999999931,0.004899999999999,0.05879266997560391,0.005450717099160886
validation,auction,160,0.25588564875257963,0.2041009296375753,0.1700000000000017,0.0289000000000005,0.25588564875257963,0.2041009296375753
validation,auction,161,0.014259914002003863,0.0003042881654399466,0.1500000000000056,0.0225000000000017,0.014259914002003863,0.0003042881654399466
validation,auction,162,0.05458180088824109,0.004183242910325681,0.04000000000000619,0.0016000000000005,0.05458180088824109,0.004183242910325681
validation,auction,163,0.006262027002177214,6.205974449611124e-05,0.0900000000000034,0.0081000000000006,0.006262027002177214,6.205974449611124e-05
validation,auction,164,0.2316602184701447,0.06857267003219891,0.3599999999999994,0.1295999999999996,0.2316602184701447,0.06857267003219891
validation,auction,165,0.058126800206690594,0.004165842390110877,0.5499999999999972,0.3024999999999969,0.058126800206690594,0.004165842390110877
validation,auction,166,0.09853542250655728,0.013377519554034217,0.1700000000000017,0.0289000000000005,0.09853542250655728,0.013377519554034217
validation,auction,167,0.03209764398986575,0.0015728113365211785,0.1000000000000085,0.0100000000000017,0.03209764398986575,0.0015728113365211785
validation,auction,168,0.18355721322230112,0.03962618018393001,0.0600000000000022,0.0036000000000002,0.18355721322230112,0.03962618018393001
validation,auction,169,0.020396675174461126,0.001013255911024044,0.289999999999992,0.0840999999999953,0.020396675174461126,0.001013255911024044
validation,auction,170,0.0041937688059263635,6.221047607487787e-05,0.0300000000000011,0.0009,0.0041937688059263635,6.221047607487787e-05
validation,auction,171,0.017404592909296426,0.0006739449620779603,0.0500000000000113,0.0025000000000011,0.017404592909296426,0.0006739449620779603
validation,auction,172,0.03167963416792878,0.0010441164280916332,0.0099999999999909,9.99999999998181e-05,0.03167963416792878,0.0010441164280916332
validation,auction,173,0.01829599402796492,0.00044113480172295,0.0600000000000022,0.0036000000000002,0.01829599402796492,0.00044113480172295
validation,auction,174,0.04506367409100653,0.0024393352620027333,0.0600000000000022,0.0036000000000002,0.04506367409100653,0.0024393352620027333
validation,auction,175,0.06809534927702426,0.006692675933277128,0.3400000000000034,0.1156000000000023,0.06809534927702426,0.006692675933277128
validation,auction,176,0.027461573748780155,0.0008097248431002165,0.019999999999996,0.0003999999999998,0.027461573748780155,0.0008097248431002165
validation,auction,177,0.02419061878112338,0.0008096729014149815,0.1099999999999994,0.0120999999999998,0.02419061878112338,0.0008096729014149815
validation,auction,178,0.13380228193264823,0.02439169271133566,0.2400000000000091,0.0576000000000043,0.13380228193264823,0.02439169271133566
validation,auction,179,0.1697125942790639,0.04414701351974052,0.1099999999999994,0.0120999999999998,0.1697125942790639,0.04414701351974052
validation,auction,180,0.053134173922288114,0.004125341240141895,0.019999999999996,0.0003999999999998,0.053134173922288114,0.004125341240141895
validation,auction,181,0.08959712375316063,0.014136764488020133,0.0500000000000113,0.0025000000000011,0.08959712375316063,0.014136764488020133
validation,auction,182,0.02152692061487042,0.0006544576144006134,0.0600000000000022,0.0036000000000002,0.02152692061487042,0.0006544576144006134
validation,auction,183,0.02648633816626687,0.0020682976775317267,0.2800000000000011,0.0784000000000006,0.02648633816626687,0.0020682976775317267
validation,auction,184,0.09552367156605467,0.010082980584569384,0.0799999999999983,0.0063999999999997,0.09552367156605467,0.010082980584569384
validation,auction,185,0.01121569481174919,0.00020904295712273667,0.049999999999997095,0.0024999999999997,0.01121569481174919,0.00020904295712273667
validation,auction,186,0.021535819816753562,0.0007533792122841133,0.0699999999999931,0.004899999999999,0.021535819816753562,0.0007533792122841133
validation,auction,187,0.004792869903321173,4.7144484374922646e-05,0.1500000000000056,0.0225000000000017,0.004792869903321173,4.7144484374922646e-05
validation,auction,188,0.02506577815234102,0.0009607431587668724,0.0999999999999943,0.0099999999999988,0.02506577815234102,0.0009607431587668724
validation,auction,189,0.04186559154592493,0.002348391452071827,0.1700000000000017,0.0289000000000005,0.04186559154592493,0.002348391452071827
validation,auction,190,0.0069271388113492,0.00010057814837165361,0.0899999999999892,0.008099999999998,0.0069271388113492,0.00010057814837165361
validation,auction,191,0.016960354650011288,0.0005202088579473466,0.019999999999996,0.0003999999999998,0.016960354650011288,0.0005202088579473466
validation,auction,192,0.10293566806623836,0.02062462485771717,0.0699999999999931,0.004899999999999,0.10293566806623836,0.02062462485771717
validation,auction,193,0.03514070415183754,0.0016485169285639799,0.1899999999999977,0.0360999999999991,0.03514070415183754,0.0016485169285639799
validation,auction,194,0.08036879734250843,0.011413727121949881,0.2400000000000091,0.0576000000000043,0.08036879734250843,0.011413727121949881
validation,auction,195,0.031796279709663096,0.0016164265948267358,0.1899999999999977,0.0360999999999991,0.031796279709663096,0.0016164265948267358
validation,auction,196,0.028848671586343223,0.0009379672054505265,0.039999999999992,0.0015999999999993,0.028848671586343223,0.0009379672054505265
validation,auction,197,0.02282062862473185,0.0011130280851810964,0.1299999999999954,0.0168999999999988,0.02282062862473185,0.0011130280851810964
validation,auction,198,0.08027349775671833,0.00977164313337617,0.2600000000000051,0.0676000000000026,0.08027349775671833,0.00977164313337617
validation,auction,199,0.05439737524211566,0.0036847372124916133,0.1700000000000017,0.0289000000000005,0.05439737524211566,0.0036847372124916133
validation,auction,200,0.013420080546308083,0.00024196069662823754,0.1299999999999954,0.0168999999999988,0.013420080546308083,0.00024196069662823754
validation,auction,201,0.03531311056500448,0.0014979899919780645,0.019999999999996,0.0003999999999998,0.03531311056500448,0.0014979899919780645
validation,auction,202,0.062403253692137596,0.0061911227733377604,0.0900000000000034,0.0081000000000006,0.062403253692137596,0.0061911227733377604
validation,auction,203,0.02807100155484882,0.0016438582764536265,0.2300000000000039,0.0529000000000018,0.02807100155484882,0.0016438582764536265
validation,auction,204,0.015667578680361276,0.00038335159856029907,0.049999999999997095,0.0024999999999997,0.015667578680361276,0.00038335159856029907
validation,auction,205,0.04505437753298524,0.00309987666341959,0.0200000000000102,0.0004000000000004,0.04505437753298524,0.00309987666341959
validation,auction,206,0.056572728316877825,0.0038852345964405463,0.0300000000000011,0.0009,0.056572728316877825,0.0038852345964405463
validation,auction,207,0.02656901963764679,0.0009010938931937232,0.2000000000000028,0.0400000000000011,0.02656901963764679,0.0009010938931937232
validation,auction,208,0.025007803010225368,0.0008172927340937,0.3299999999999983,0.1088999999999988,0.025007803010225368,0.0008172927340937
validation,auction,209,0.10723360892158758,0.018565135880134677,0.4000000000000057,0.1600000000000045,0.10723360892158758,0.018565135880134677
validation,auction,210,0.07424592050298928,0.006455916817471678,0.0700000000000073,0.004900000000001,0.07424592050298928,0.006455916817471678
validation,auction,211,0.03452906793157851,0.00138956010354978,0.0600000000000022,0.0036000000000002,0.03452906793157851,0.00138956010354978
validation,auction,212,0.04793941713057418,0.0033655702198606345,0.1100000000000136,0.012100000000003,0.04793941713057418,0.0033655702198606345
validation,auction,213,0.0145076203377087,0.00027121609230522484,0.1099999999999994,0.0120999999999998,0.0145076203377087,0.00027121609230522484
validation,auction,214,0.02454393717740683,0.0011874818242109098,0.4300000000000068,0.1849000000000058,0.02454393717740683,0.0011874818242109098
validation,auction,215,0.020141470763171746,0.0005985847470252644,0.0299999999999869,0.0008999999999992,0.020141470763171746,0.0005985847470252644
validation,auction,216,0.034995065603973766,0.0027023471845755366,0.6599999999999966,0.4355999999999955,0.034995065603973766,0.0027023471845755366
validation,auction,217,0.043747053283635255,0.0027547813199547385,0.0,0.0,0.043747053283635255,0.0027547813199547385
validation,auction,218,0.030795488646261013,0.0013718662635491634,0.2199999999999988,0.04839999999999949,0.030795488646261013,0.0013718662635491634
validation,auction,219,0.04026398887688358,0.0018273704813512133,0.1299999999999954,0.0168999999999988,0.04026398887688358,0.0018273704813512133
validation,auction,220,0.013295140127344953,0.00027032163848367995,0.1599999999999966,0.0255999999999989,0.013295140127344953,0.00027032163848367995
validation,auction,221,0.01589684987088918,0.00036079685739412204,0.0,0.0,0.01589684987088918,0.00036079685739412204
validation,auction,222,0.03145550784807413,0.0011453347789511013,0.0900000000000034,0.0081000000000006,0.03145550784807413,0.0011453347789511013
validation,auction,223,0.039539065831568555,0.0020167389922448203,0.269999999999996,0.0728999999999978,0.039539065831568555,0.0020167389922448203
validation,auction,224,0.04210107617576801,0.002545768966224708,0.1400000000000005,0.0196000000000001,0.04210107617576801,0.002545768966224708
validation,auction,225,0.01127278088589727,0.00023889894901799383,0.1200000000000045,0.014400000000001,0.01127278088589727,0.00023889894901799383
validation,auction,226,0.02133332845929817,0.0005866662767447427,0.0099999999999909,9.99999999998181e-05,0.02133332845929817,0.0005866662767447427
validation,auction,227,0.06249478596784234,0.00512630158818714,0.1599999999999966,0.0255999999999989,0.06249478596784234,0.00512630158818714
validation,auction,228,0.015672809238575745,0.000383703019583666,0.039999999999992,0.0015999999999993,0.015672809238575745,0.000383703019583666
validation,auction,229,0.07138355827068964,0.007574138658790719,0.1400000000000005,0.0196000000000001,0.07138355827068964,0.007574138658790719
validation,auction,230,0.032308527289961315,0.0012947006433905,0.049999999999997095,0.0024999999999997,0.032308527289961315,0.0012947006433905
validation,auction,231,0.08816740095649744,0.010691090350949313,0.0799999999999983,0.0063999999999997,0.08816740095649744,0.010691090350949313
validation,auction,232,0.010597655922523553,0.00018266889650218668,0.0,0.0,0.010597655922523553,0.00018266889650218668
validation,auction,233,0.012281669186346737,0.00022698022670327242,0.1399999999999863,0.0195999999999961,0.012281669186346737,0.00022698022670327242
validation,auction,234,0.055747799184905904,0.0033183107263892804,0.1200000000000045,0.014400000000001,0.055747799184905904,0.0033183107263892804
validation,auction,235,0.05912290788613458,0.0041009936278461265,0.0,0.0,0.05912290788613458,0.0041009936278461265
validation,auction,236,0.0068306585134621295,8.408663671035788e-05,0.0999999999999943,0.0099999999999988,0.0068306585134621295,8.408663671035788e-05
validation,auction,237,0.05638406974487629,0.004788920630940814,0.1000000000000085,0.0100000000000017,0.05638406974487629,0.004788920630940814
validation,auction,238,0.0644844046520783,0.00544214656788324,0.1299999999999954,0.0168999999999988,0.0644844046520783,0.00544214656788324
validation,auction,239,0.02364469171663328,0.00077624165461872,0.1000000000000085,0.0100000000000017,0.02364469171663328,0.00077624165461872
validation,auction,240,0.033963049701299486,0.0020393019537627865,0.0900000000000034,0.0081000000000006,0.033963049701299486,0.0020393019537627865
validation,auction,241,0.04923677638936772,0.0034418415585378806,0.3299999999999983,0.1088999999999988,0.04923677638936772,0.0034418415585378806
validation,auction,242,0.05425334377024262,0.004133659034049017,0.0900000000000034,0.0081000000000006,0.05425334377024262,0.004133659034049017
validation,auction,243,0.03426781253169885,0.0020263121276687846,0.519999999999996,0.2703999999999958,0.03426781253169885,0.0020263121276687846
validation,auction,244,0.05508281236632557,0.003670122381919611,0.3100000000000023,0.0961000000000014,0.05508281236632557,0.003670122381919611
validation,auction,245,0.01600128102441164,0.00042015377216000996,0.0700000000000073,0.004900000000001,0.01600128102441164,0.00042015377216000996
validation,auction,246,0.05305938140506135,0.005015774500824478,0.1899999999999977,0.0360999999999991,0.05305938140506135,0.005015774500824478
validation,auction,247,0.020661618608099244,0.000539798842144114,0.0300000000000011,0.0009,0.020661618608099244,0.000539798842144114
validation,auction,248,0.03511573752412853,0.0015129941904983466,0.1200000000000045,0.014400000000001,0.03511573752412853,0.0015129941904983466
validation,auction,249,0.01153431310657518,0.00019454511941084855,0.1200000000000045,0.014400000000001,0.01153431310657518,0.00019454511941084855
validation,auction,250,0.04587251765808651,0.0026851896713953574,0.0300000000000011,0.0009,0.04587251765808651,0.0026851896713953574
validation,auction,251,0.06127416438029672,0.004506338087919028,0.2900000000000062,0.0841000000000036,0.06127416438029672,0.004506338087919028
validation,auction,252,0.02870139302776566,0.0010673973714931846,0.1500000000000056,0.0225000000000017,0.02870139302776566,0.0010673973714931846
validation,auction,253,0.013816390180728872,0.00031298925809708874,0.1099999999999994,0.0120999999999998,0.013816390180728872,0.00031298925809708874
validation,auction,254,0.01697735954893269,0.0004362292353458774,0.1699999999999875,0.0288999999999957,0.01697735954893269,0.0004362292353458774
validation,auction,255,0.012661277741413799,0.00022634420236702934,0.0300000000000011,0.0009,0.012661277741413799,0.00022634420236702934
validation,clob,0,0.07230256176706033,0.008176000297193575,0.06533333333333641,0.007546666666666683,0.047348751124790193,0.003833892859098676
validation,clob,1,0.08797299265735138,0.011593262685114696,0.08135135135135069,0.010716216216216311,0.07476216573467762,0.010211383649093478
validation,clob,2,0.0802881713110989,0.011173731867485364,0.1421052631578937,0.030847368421052332,0.11671645056895051,0.02124973799234504
validation,clob,3,0.07470861914633631,0.007747282815378062,0.05146341463414663,0.004578048780487833,0.04446390526711024,0.003971112075561103
validation,clob,4,0.3192768947900971,0.13264145865768925,0.23578947368420844,0.09312631578947213,0.22679578683914764,0.08526276174938235
validation,clob,5,0.1424932400452536,0.03326751067718595,0.17621621621621683,0.05273513513513508,0.14801614405677607,0.04443215840579512
validation,clob,6,0.22009620478891523,0.07595887381905668,0.2799999999999968,0.1174599999999982,0.22942568999616628,0.08926923320442971
validation,clob,7,0.09458179145331438,0.015565181637520294,0.12274999999999706,0.020977499999998827,0.10300246530607171,0.014653339176974412
validation,clob,8,1.1620850364464985,1.3570097141686392,0.7785365853658558,0.7722341463414713,0.7748154137901557,0.7920505180997831
validation,clob,9,0.17005033416857135,0.039028556022299966,0.11785714285714188,0.02232142857142811,0.11491543560548421,0.02121028304422444
validation,clob,10,0.16310310419880802,0.038361500003153734,0.22742857142857162,0.06941142857142935,0.19260335993375371,0.05248519792700723
validation,clob,11,0.07869142969419676,0.008984631318744468,0.13702702702702796,0.0279540540540543,0.11761961131611921,0.018752030899255413
validation,clob,12,0.3189101528687537,0.11534693153043864,0.2411627906976788,0.07283023255814154,0.23477227940760864,0.06817225663089034
validation,clob,13,0.017772636399822114,0.0006731168346483517,0.0549999999999979,0.004609999999999689,0.04383664170500974,0.0032441964122220876
validation,clob,14,0.11871460717113133,0.01574163126022646,0.15560975609756186,0.03392682926829255,0.1140439238043036,0.01815766400881725
validation,clob,15,0.7692710578536422,0.620530082914104,0.5128260869565249,0.39796304347826467,0.5788278451748091,0.43485865713193167
validation,clob,16,0.12165463417973078,0.024358586487484592,0.15222222222222193,0.039216666666666615,0.13803215377174002,0.03299179058266272
validation,clob,17,0.041477771024081025,0.003917357358546207,0.06457142857142949,0.005874285714285826,0.05047356160406435,0.003600614318486153
validation,clob,18,0.03835260288508243,0.0022131799202268986,0.10093023255814156,0.013646511627907433,0.08323693290121818,0.009796087316722787
validation,clob,19,0.10752666930772072,0.017243248568703788,0.16861111111111166,0.03645277777777814,0.13246494933765218,0.02449357627900801
validation,clob,20,0.07184456895793324,0.007251757360350997,0.10586956521738704,0.01591521739130336,0.09354343434465766,0.012873757094770035
validation,clob,21,0.09272473992424898,0.010645817031824465,0.14046511627906955,0.03224186046511612,0.11623566702524303,0.01920988664559928
validation,clob,22,0.10339600165414936,0.013578505948589182,0.1093023255813957,0.017734883720929667,0.09178796209300828,0.015234162036687678
validation,clob,23,0.18230642123892418,0.04953735030144104,0.14358974358974452,0.035312820512821017,0.12606106125964722,0.030067139162386215
validation,clob,24,0.13713872713211603,0.023642354660430045,0.1425714285714292,0.022282857142857458,0.09023603329968716,0.010655419422724714
validation,clob,25,0.07776202237490999,0.009879319994846576,0.07085714285714173,0.009102857142856469,0.0730004545272176,0.008603739772905922
validation,clob,26,0.24796329063916514,0.07035955118634425,0.2659459459459514,0.09643243243243499,0.2734475743662731,0.09665780299828984
validation,clob,27,0.44719180657624885,0.20988059541303297,0.3252083333333306,0.14578541666666456,0.3491964550776059,0.15418220444063402
validation,clob,28,0.3666072618074775,0.18067822187178398,0.24675000000000077,0.10122250000000035,0.25807974361805,0.10765309676361401
validation,clob,29,0.24063531143967937,0.06879043754695038,0.11363636363636359,0.019081818181818155,0.08852589751292152,0.015680040830325207
validation,clob,30,0.3215696473357951,0.12297939440985219,0.23571428571428527,0.0845171428571427,0.24541279167027671,0.08989386792446037
validation,clob,31,0.21586808061382004,0.05010831900555026,0.27787234042553527,0.10111914893617209,0.2258922328454407,0.06351520249185708
validation,clob,32,0.02930241970439404,0.0012967561139288124,0.16523809523809413,0.04634761904761851,0.13569836123965504,0.031022202963533974
validation,clob,33,0.11477190214423118,0.01511662761172146,0.18292682926829126,0.06467317073170634,0.13779431182950821,0.031417874795185256
validation,clob,34,0.14549500288162964,0.027813115590171578,0.1000000000000012,0.016862857142857606,0.09326202202052429,0.014756343896811436
validation,clob,35,0.7524791789979334,0.575530859331519,0.5478947368421077,0.36623157894737146,0.6082200068112876,0.40934922115530886
validation,clob,36,0.20881471118766295,0.06387097995196331,0.22699999999999956,0.07955499999999988,0.1856065696163053,0.05574752037032591
validation,clob,37,0.0556359904925282,0.0052319916820926515,0.13104166666666558,0.023552083333333102,0.10713070264759994,0.016327141425400794
validation,clob,38,0.22665261704540116,0.06663736673234787,0.15767441860465314,0.04123255813953547,0.17320019796610234,0.04398414896996872
validation,clob,39,0.19067373616006061,0.042090739532517796,0.13947368421052656,0.023515789473685086,0.10766710266651322,0.01951893601939121
validation,clob,40,0.11724504629447127,0.016637181388950754,0.09899999999999733,0.015399999999999085,0.07385137590251314,0.00989716092498469
validation,clob,41,0.39048564135804303,0.16356118972494427,0.27131578947368534,0.0945710526315794,0.23039161757830542,0.07683972589590063
validation,clob,42,0.04023690883537373,0.0036229120030851778,0.12972972972973038,0.022675675675676424,0.09146266005020365,0.010765132552346282
validation,clob,43,2.3313758618640863,5.465667347089924,1.9121276595744696,4.043325531914899,2.0828314638369307,4.476374144634585
validation,clob,44,0.027444281473624356,0.001079910155894233,0.08860465116278972,0.014704651162790515,0.06330201107081962,0.0071557272621075975
validation,clob,45,0.5294589526197608,0.35291032023504604,0.25829268292683,0.13882682926829418,0.27901414076273706,0.14903081615015465
validation,clob,46,0.08210947620740194,0.010029782956616317,0.12704545454545457,0.019961363636363638,0.10847542578141299,0.015425961520382447
validation,clob,47,0.034248913203764234,0.0016834641898668514,0.0741463414634151,0.009287804878048908,0.0560562916512213,0.0054175528171602596
validation,clob,48,0.07303492934076929,0.011883130907684485,0.10931818181818248,0.020120454545454823,0.08197063410329937,0.010889284588666164
validation,clob,49,0.09480082537729113,0.012354970853796988,0.12846153846154001,0.02427435897435949,0.08545347413797758,0.010806749504470303
validation,clob,50,0.0842819332212897,0.016695995969873763,0.09816326530611956,0.013451020408162886,0.0814187675377321,0.010029760984631495
validation,clob,51,0.18796149802515483,0.039875360397363654,0.23380952380952902,0.07103809523809751,0.23333804359649787,0.06849547155605014
validation,clob,52,0.540206523249313,0.3058085806753945,0.3937500000000004,0.1955925,0.39566184593913467,0.20110819731016155
validation,clob,53,0.1600391302005415,0.03703392005371935,0.14333333333333304,0.026741025641025696,0.109299653070075,0.017719027117262708
validation,clob,54,0.24741537531665533,0.0705278762821746,0.19342105263157913,0.0439131578947375,0.14675384114500603,0.03543126270470539
validation,clob,55,0.11685406483205721,0.020741885379757553,0.1250000000000003,0.023055000000000086,0.10275512939825862,0.01745003907841266
validation,clob,56,0.0758359047559172,0.00923328310994406,0.08738095238094999,0.009402380952380645,0.06891764434588152,0.007458218502935195
validation,clob,57,0.46160857532083877,0.23349504252030778,0.2842857142857115,0.14240952380952243,0.3091538439853947,0.1483722068013398
validation,clob,58,0.13181609897760727,0.019034948038774688,0.09204545454545476,0.01692954545454511,0.08788397970214454,0.01654471237223235
validation,clob,59,0.24043987459782742,0.08236148148382107,0.15594594594594618,0.051613513513512156,0.14766927944328515,0.05072328464705686
validation,clob,60,0.1011637913377363,0.017758248035240346,0.07799999999999581,0.009209999999999307,0.07673090631427856,0.008849380608829826
validation,clob,61,0.9142405439911746,0.868912625376453,0.5954761904761929,0.5067642857142884,0.681667225027834,0.5618775524533196
validation,clob,62,0.1430476854770606,0.02453309048720789,0.1979999999999999,0.05596666666666618,0.1442800514298647,0.032748483433116836
validation,clob,63,0.3836713909773841,0.17415186579035438,0.24522727272727282,0.11511136363636387,0.24114455299126802,0.1149079405532206
validation,clob,64,0.8337889970652395,0.9230735554341459,0.4512820512820504,0.399076923076919,0.5190833036706295,0.4476359454986749
validation,clob,65,0.7163763308126776,0.5705114374229036,0.4554761904761934,0.3708166666666723,0.48794412383362534,0.3862305976088348
validation,clob,66,0.0769716515404509,0.012617158423505437,0.10947368421052656,0.016836842105263355,0.08799149500465302,0.011263754475406318
validation,clob,67,0.1852407700809748,0.04924372990528723,0.1840540540540537,0.061575675675675144,0.16939400232180668,0.055706098725284495
validation,clob,68,0.07882919062870843,0.007313706073251769,0.1471052631578914,0.033197368421051185,0.11896191290898997,0.018739415146101623
validation,clob,69,0.17429360496982854,0.03513849072277583,0.19972222222222213,0.05875277777777797,0.15273046937094745,0.03369669820476004
validation,clob,70,0.05232884969670914,0.01173810029696583,0.04999999999999744,0.003949999999999678,0.04295923601294432,0.003074034205596293
validation,clob,71,0.17433318511446141,0.04062774914613806,0.13682926829268252,0.026031707317073077,0.12222040190794883,0.023502059664356513
validation,clob,72,0.1834140886789906,0.045144049144271836,0.2453658536585373,0.07803414634146376,0.2079305687249892,0.0589536036427325
validation,clob,73,0.08172259182004464,0.012698757562571928,0.07571428571428651,0.007809523809523789,0.05949433408275792,0.005789949096337741
validation,clob,74,0.09878811797429665,0.017286758919193037,0.12900000000000023,0.02319500000000006,0.10684669843943762,0.015786131882898242
validation,clob,75,0.06588333895854727,0.007002560500898329,0.10590909090909047,0.013463636363636273,0.07675159212046877,0.007807727256099708
validation,clob,76,0.0914773419331641,0.011447060711811747,0.16333333333333327,0.03581904761904798,0.13252477026346618,0.026883085251060344
validation,clob,77,0.23471009631047932,0.08467610946077668,0.17869565217391176,0.05678260869565164,0.16060896808983738,0.04702778188531497
validation,clob,78,0.16958147284696307,0.029504595723525328,0.18789473684210448,0.04301052631578925,0.17802001998537814,0.0367996036558293
validation,clob,79,0.20571171753209008,0.057108995407531025,0.18605263157895163,0.05465526315789686,0.18929953594517268,0.05495707823298518
validation,clob,80,0.58592801892034,0.35758141833937607,0.4019512195121956,0.200536585365854,0.42616497126946223,0.22085250092131942
validation,clob,81,0.08784168752873071,0.019561320208554434,0.11684210526315554,0.021336842105262686,0.08904982174338946,0.011255251865841418
validation,clob,82,0.2737264572819775,0.07875099461395602,0.1845000000000016,0.04474000000000044,0.15094459547369535,0.03345234407584436
validation,clob,83,0.37663982329721146,0.16314274069118484,0.2363414634146316,0.08674390243902258,0.2320021727038603,0.08661295524065991
validation,clob,84,0.03452999790218341,0.002199725293937031,0.055454545454546006,0.005063636363636395,0.04475765342863266,0.0034736948524016664
validation,clob,85,0.08785995095249391,0.011694671226482179,0.06871794871794921,0.00923076923076937,0.06207901921950651,0.0084150373427943
validation,clob,86,0.06591276777750692,0.00558987825034207,0.07810810810810848,0.007208108108108246,0.064260659429787,0.005160253740626289
validation,clob,87,0.1260706055261183,0.027433932382048123,0.10666666666666653,0.020717948717948617,0.096387901205741,0.019073754432090022
validation,clob,88,0.06782364801032892,0.007231175100973503,0.1305128205128173,0.03069487179487056,0.1056462193497957,0.019728543879168847
validation,clob,89,0.15678406941271436,0.030922418854096984,0.23682926829268588,0.06893902439024537,0.2228959763744178,0.05857894691419644
validation,clob,90,0.06702808764859736,0.005945444428081671,0.15880952380952346,0.031326190476190265,0.12008569127208155,0.017537089900587
validation,clob,91,0.14547271211529667,0.030900616844257732,0.20042553191489362,0.052834042553191574,0.17205447919751168,0.04236501565350888
validation,clob,92,0.07270974159356926,0.011452125688321022,0.04977777777777858,0.00483111111111099,0.044091492487363,0.0042721182065878485
validation,clob,93,0.07129732481495199,0.006432049846659338,0.10549999999999779,0.016374999999999293,0.09903446742545827,0.014258688226629495
validation,clob,94,0.3397994761652574,0.17005076205775718,0.3048837209302322,0.15344418604651014,0.2657545327636515,0.13000596558702
validation,clob,95,0.16517941246062812,0.04187766490917456,0.12510638297872417,0.02799999999999999,0.10800481020823714,0.0250483511531847
validation,clob,96,0.27018971684958804,0.08382206680902901,0.25540540540540657,0.07682432432432491,0.20843560834132524,0.055820699370254113
validation,clob,97,3.37739904605607,11.413655018426743,2.8606976744186037,9.202090697674413,3.054072718199191,9.73111978689504
validation,clob,98,0.1738672229158681,0.035307818128895926,0.22860465116278697,0.06896511627906889,0.16994307358131533,0.03815008769490966
validation,clob,99,0.2687727737491189,0.10053747838309646,0.1425000000000014,0.034180555555556,0.1383543663615627,0.032874134213700605
validation,clob,100,0.03671221855028651,0.002039476749644958,0.11631578947368458,0.018705263157895294,0.08883714428154192,0.01074067997765404
validation,clob,101,0.06680504738493227,0.00639852883929266,0.09325581395348746,0.012202325581395192,0.0776151189229382,0.010119086495122307
validation,clob,102,0.09066722251839951,0.013325993788549434,0.07952380952380754,0.011652380952380784,0.06706223647369261,0.009545685395335683
validation,clob,103,0.1689455247052976,0.03470983108744142,0.13934782608695734,0.025723913043478503,0.1173258252944837,0.022649127074892094
validation,clob,104,0.07159424051540464,0.006561852679830993,0.1143181818181818,0.017511363636363693,0.10717548384849605,0.014494251515391543
validation,clob,105,0.04389667272004914,0.003394291829645481,0.11054054054054059,0.022240540540540546,0.0811958889088031,0.01073369174798151
validation,clob,106,0.02447265986250404,0.001677238530865392,0.04048780487804935,0.0027365853658536925,0.028921429889232273,0.0015897221240732957
validation,clob,107,0.14352290064074058,0.027386761396822983,0.1771794871794845,0.04755128205128122,0.1756681437338377,0.045634672855880146
validation,clob,108,0.13018782661154102,0.021867804683536947,0.12804878048780274,0.023763414634145594,0.11359917308586855,0.018787626884976403
validation,clob,109,0.6653476253713777,0.4926857641880343,0.4790909090909068,0.32609545454545086,0.45736844433488505,0.3271748270097048
validation,clob,110,0.04387659979126424,0.004336506544349344,0.12688888888888872,0.023575555555555405,0.09401047762893625,0.012639774455048101
validation,clob,111,0.9906250162425777,1.019032765222526,0.7239024390243893,0.7318585365853659,0.8002334656856016,0.775849380008675
validation,clob,112,0.19224339640330945,0.04737850578562784,0.11815789473684232,0.026328947368420848,0.12498030456915003,0.027204096144265066
validation,clob,113,0.04508441747308152,0.0036715251501471544,0.10205128205128138,0.014794871794871777,0.07738956611853513,0.00850949300832401
validation,clob,114,0.19031414011911613,0.039916898505733336,0.20720930232558327,0.05571395348837324,0.196732823448363,0.052736698920845246
validation,clob,115,0.2402418218623373,0.06793661906309821,0.09333333333333332,0.019246153846153437,0.10729508488412251,0.020458905721757403
validation,clob,116,0.16711608817753984,0.034659630855585974,0.13999999999999813,0.030560975609754962,0.13637508480462135,0.02822485395010402
validation,clob,117,0.4019663159384106,0.18025057538284087,0.30026315789473784,0.13401842105263237,0.26469530734555824,0.1301731358035932
validation,clob,118,0.0970419848140478,0.010855291580296446,0.12292682926829245,0.023004878048780368,0.10660305001268135,0.01830318594760645
validation,clob,119,0.07130893419525895,0.008004441886149745,0.13342857142857306,0.023488571428572278,0.11511287586840276,0.016252567138546763
validation,clob,120,2.174266426405464,4.803570438320459,1.3386842105263166,2.6505500000000013,1.5586156857597167,2.9739458064744113
validation,clob,121,0.1935163266972665,0.04293925293798464,0.2988571428571373,0.17766857142856754,0.2928613536702552,0.136542066311734
validation,clob,122,0.05933047678361812,0.004443888495575406,0.057199999999998814,0.005455999999999683,0.045705921614633056,0.0032080901544438733
validation,clob,123,0.2193900312955649,0.09329931802960129,0.18305555555555444,0.07531944444444415,0.16969491088267255,0.07078020594134134
validation,clob,124,0.7644527016143565,0.5858358708379123,0.5716666666666613,0.4190071428571368,0.6471265542604531,0.45686470297724036
validation,clob,125,0.1519494210659746,0.03257132344096991,0.10820512820512704,0.01619487179487156,0.07776973387045229,0.009980434458329813
validation,clob,126,0.1959041686323791,0.10052439773660037,0.3013953488372094,0.15457674418604672,0.2510366050368945,0.11968675435323467
validation,clob,127,0.3356298202938595,0.17222107862402247,0.26270270270270224,0.1109027027027019,0.20948248912791162,0.09373263181451383
validation,clob,128,0.036709990650185036,0.0018649221664051923,0.055111111111110854,0.005991111111110959,0.04465790567214214,0.0037382618596783603
validation,clob,129,0.045778515754568254,0.002947984501051256,0.06288888888888787,0.007366666666666569,0.05178406277017362,0.005455060834037725
validation,clob,130,0.10004530558837384,0.01311328289334867,0.11108695652173722,0.01502826086956483,0.09247571688626045,0.010840268883650408
validation,clob,131,0.037134273273375484,0.002524642790363862,0.0762857142857135,0.007888571428571262,0.06156074607438025,0.0051089415059983444
validation,clob,132,0.6129708429665957,0.3897641016547316,0.41139534883721157,0.21483953488372376,0.4684742415635495,0.2464186771988701
validation,clob,133,0.2410631411943657,0.060982582726075124,0.21395348837209635,0.06285581395348969,0.19497703633806565,0.0540004259003358
validation,clob,134,0.17299340089354648,0.03638043412640806,0.18255813953489017,0.03960697674418848,0.1887613974743,0.04017905997411006
validation,clob,135,0.2155990685080026,0.06069179588316049,0.19806451612903178,0.05774193548387024,0.16506076462795016,0.0509942042899196
validation,clob,136,0.17442260831922576,0.03263040687305964,0.19767441860465243,0.06936744186046473,0.1352169311902042,0.02496956344122951
validation,clob,137,0.30773790148921587,0.09771891825106875,0.21340909090909152,0.0598386363636365,0.18743917407074012,0.047523605968526644
validation,clob,138,0.10929056517683344,0.013484295713015454,0.11272727272727351,0.015175757575757768,0.08609834057928276,0.010489085246223889
validation,clob,139,0.15479074840646678,0.0453972569604755,0.15973684210526296,0.037718421052631144,0.1338339059954023,0.030823839849700198
validation,clob,140,0.10223748727129711,0.014437043355835927,0.1700000000000007,0.04275777777777785,0.12387584636552663,0.023174847078377057
validation,clob,141,0.14253041781065792,0.025458871130592434,0.132888888888888,0.023799999999999738,0.12495533947997894,0.020667041673352773
validation,clob,142,0.30350286016346467,0.13003234389774349,0.22844444444444284,0.09211555555555417,0.21839049384689854,0.08839961740423406
validation,clob,143,0.028766458717440515,0.00127436422597047,0.054651162790697844,0.005230232558139745,0.04558074017104824,0.004255721703041387
validation,clob,144,0.07154501560307384,0.007339683450512472,0.05657142857142864,0.00439428571428572,0.04373348481199817,0.003042175219812028
validation,clob,145,0.22128707661066888,0.06092186651365095,0.15727272727272404,0.03823636363636262,0.1440210261173123,0.028500507158998767
validation,clob,146,0.06112695144169434,0.0041070154633039025,0.07945945945945897,0.009086486486486339,0.05857607609398826,0.005541608843654742
validation,clob,147,0.052638072319611866,0.0038288300797000656,0.08911764705882352,0.011561764705882098,0.07526329637506692,0.008594369348803716
validation,clob,148,0.11593954528183655,0.019018551686635465,0.08599999999999705,0.00918999999999959,0.05760217503418654,0.004597605674080867
validation,clob,149,0.08448549061888543,0.019002211757862684,0.11478260869564938,0.027934782608694777,0.10968108382478,0.02729953205410838
validation,clob,150,0.1026510709039427,0.02027776354617322,0.10717948717948768,0.015235897435897771,0.0919250424409002,0.012007408186914722
validation,clob,151,0.11402838699783228,0.03109926923785966,0.10543478260869456,0.021306521739130124,0.09184528278316023,0.017510603722199976
validation,clob,152,0.08129804818495576,0.007328985748065547,0.08155555555555681,0.010077777777777889,0.07107819417585085,0.006770044032731573
validation,clob,153,0.11931237532249046,0.017936579891204646,0.08647058823528775,0.011764705882351867,0.08579556596000594,0.010017432057853175
validation,clob,154,0.09549202461143326,0.02801673595617977,0.17062500000000347,0.05536875000000194,0.14063872500553118,0.04361202295828311
validation,clob,155,0.2573943847629554,0.06868465688797339,0.20657142857142943,0.052922857142857514,0.146343517825079,0.03223170980602294
validation,clob,156,0.4436426736420113,0.2164313246027385,0.23299999999999907,0.10412500000000022,0.24915653115315622,0.10581401641263125
validation,clob,157,0.7513548081991647,0.5790127624749988,0.49022222222221756,0.29775111111110547,0.5407996337775599,0.3395269263564967
validation,clob,158,0.041973167319632784,0.0023521072008113185,0.09117647058823314,0.011931372549019045,0.07933604225150262,0.009186436811284789
validation,clob,159,0.4998189860327451,0.28524088061019864,0.2734210526315782,0.109776315789473,0.3213242973402637,0.1296503405186756
validation,clob,160,0.16792276399616857,0.037176143537890866,0.29909090909090935,0.12037727272727271,0.26743540180033737,0.09214296157489979
validation,clob,161,0.0346131010967425,0.003323424478250138,0.16914893617021187,0.04843617021276577,0.12366852082541502,0.025672401582471072
validation,clob,162,0.18030622446249397,0.03518221741265533,0.13568181818181488,0.028384090909089665,0.14637519604319682,0.030366638395347468
validation,clob,163,0.04349641049789389,0.0023237169661639817,0.08106382978723314,0.010134042553191456,0.06772515354311336,0.00807260604268511
validation,clob,164,0.4311302860327793,0.2046419809389722,0.40285714285714597,0.21522857142857435,0.36090830690776077,0.18887761176126833
validation,clob,165,0.07659965129372952,0.00717341432203066,0.14474999999999832,0.0312575000000001,0.10744100690365169,0.013672555086899768
validation,clob,166,0.5703266818759481,0.3759991646307828,0.2963157894736847,0.15010526315789535,0.308180596092795,0.16130925845684996
validation,clob,167,0.02637702710591352,0.0016260100765715484,0.11909090909090893,0.02455000000000018,0.09686147895761232,0.01643761191855744
validation,clob,168,0.4059089500724421,0.1947999794308385,0.20026315789473567,0.07804999999999929,0.2156877933592545,0.0830310857031371
validation,clob,169,0.12443901978042499,0.018191556424391835,0.14057142857142413,0.027348571428569907,0.14239531184516105,0.02489590628245232
validation,clob,170,0.1528426510910178,0.03585877564411228,0.14020833333333457,0.040402083333334136,0.13804597111054953,0.038529016830411135
validation,clob,171,0.0541599735622373,0.004018447540540851,0.09424999999999668,0.017912499999999453,0.08015297217175604,0.012717267736538512
validation,clob,172,0.10648545335907075,0.036865650751745305,0.08500000000000045,0.02002500000000037,0.08199911131175237,0.020073889069448878
validation,clob,173,0.3107950087309198,0.12256411740591874,0.1764999999999993,0.06647999999999957,0.2036021569114975,0.07355725268072265
validation,clob,174,0.16083428265033084,0.03964493621103485,0.09547619047619056,0.020388095238095046,0.09472455937108337,0.019711093152325825
validation,clob,175,0.37563580577184785,0.151800898860939,0.27647058823529286,0.09158431372548873,0.2366842717273843,0.08057351639423896
validation,clob,176,0.044917378108120354,0.0036627344890146586,0.06621621621621626,0.007175675675675666,0.05694640494660251,0.005526981192167923
validation,clob,177,0.17983252617483456,0.04080977559336287,0.1006976744186049,0.01591860465116241,0.07501738045516004,0.013643494997235066
validation,clob,178,0.2314963247524286,0.054320150087919926,0.3369230769230839,0.12032820512820966,0.3181236317241321,0.10589582825649324
validation,clob,179,0.8390457918598903,0.7148985712016235,0.5795555555555549,0.40282666666666606,0.6578148781995156,0.46802538735471555
validation,clob,180,0.10051261714294216,0.013154059925511889,0.22921052631579486,0.07505526315789757,0.2060623171438289,0.057720631037736655
validation,clob,181,0.4358024170403552,0.22684259743573265,0.32684210526316465,0.15518421052631992,0.3564282093370903,0.16638165607685962
validation,clob,182,0.06685703906520817,0.007520032923703186,0.15050000000000058,0.043255000000000335,0.12291875560980255,0.02977091354967428
validation,clob,183,0.20180812047726493,0.04218435158797034,0.19270833333333479,0.040260416666667125,0.19279480754702785,0.038902526608333446
validation,clob,184,0.23976406099944572,0.09937755413131058,0.1714999999999996,0.06739499999999976,0.17298320004194348,0.0687526940797205
validation,clob,185,0.03378584119198778,0.0026323334526344995,0.13282608695652137,0.030436956521739337,0.10413512570694676,0.019011028021436945
validation,clob,186,0.10287908086897503,0.01707515731118174,0.09840909090908986,0.014465909090909179,0.0809829909408712,0.011697293898042698
validation,clob,187,0.04884373090692515,0.005642479541063148,0.07399999999999946,0.009771999999999866,0.06238842547199421,0.007622023648081634
validation,clob,188,0.11195105172705457,0.020283652767451955,0.1432558139534899,0.040409302325582194,0.13942315322417184,0.03732758065370172
validation,clob,189,0.04437994786225224,0.0029425926153278945,0.1112820512820517,0.019517948717948687,0.09840710986692464,0.014368756586874455
validation,clob,190,0.05910286778872371,0.005440248648305577,0.07250000000000005,0.006954166666666469,0.05775965959275212,0.004477814798307085
validation,clob,191,0.21402006639491392,0.07173526177749931,0.17333333333333284,0.0598787878787882,0.1726749367691398,0.061450308850365655
validation,clob,192,0.2541041109711115,0.06676128062024586,0.386842105263155,0.18499473684210282,0.34977697398376767,0.1401861774271132
validation,clob,193,0.1011762451591432,0.012475722169718727,0.16121951219512123,0.031353658536585095,0.11625646159990895,0.016827545198810117
validation,clob,194,0.27229491393313715,0.07710536731211937,0.25833333333333186,0.09445666666666575,0.20846783776730524,0.06919372225066851
validation,clob,195,0.18724616287462129,0.03973758640853779,0.2293478260869589,0.06924565217391442,0.20783336712901088,0.05380142922436335
validation,clob,196,0.08848259881797244,0.012809508858223538,0.14317073170731887,0.029402439024391446,0.1124156874675855,0.020303784764988175
validation,clob,197,0.10278016746675074,0.013392920974283157,0.14386363636363597,0.029934090909090882,0.11583200544188407,0.0209727066365226
validation,clob,198,0.31604145511133486,0.10162141608563294,0.3069387755102033,0.11564081632653002,0.2665199892474259,0.10155932275137906
validation,clob,199,0.043068312623271696,0.003438946303155491,0.0859523809523826,0.011497619047619341,0.06949950881327514,0.007313248108493153
validation,clob,200,0.04648678464243067,0.004307839878936964,0.04707317073170744,0.003246341463414515,0.03733554073023907,0.00198193033732254
validation,clob,201,0.12658449937893546,0.018535872516123354,0.07857142857142783,0.009471428571428367,0.06283961897680673,0.006885504770440094
validation,clob,202,0.15953283080356015,0.02817111004270989,0.1900000000000014,0.06412608695652293,0.17040719413367783,0.0517932826146239
validation,clob,203,0.3300789868152866,0.13056886025418069,0.3109090909090917,0.15311818181818235,0.3211057066473612,0.15333389556509916
validation,clob,204,0.25227306553774215,0.09321914908393221,0.1755555555555544,0.058071111111110706,0.1639081527929385,0.05328309073997932
validation,clob,205,0.14834284623372537,0.028717404112113785,0.09047619047619275,0.014038095238095405,0.09574054693768945,0.014712618829437559
validation,clob,206,0.1289664215781543,0.01862626184924451,0.10045454545454578,0.019168181818182133,0.10173486388357356,0.01847118592923225
validation,clob,207,0.05415051672781397,0.004268624907504654,0.10459999999999976,0.01870599999999991,0.0717473837750489,0.007895052773186991
validation,clob,208,0.04097313986021803,0.0027714120135273732,0.12404761904761855,0.02397857142857104,0.09506014749475844,0.013153994129183486
validation,clob,209,0.3858442735716505,0.15163638217515174,0.2307692307692278,0.0722871794871775,0.2321679242097543,0.0668624779591522
validation,clob,210,0.30192048398571303,0.10050538374765217,0.14057142857142577,0.03402285714285621,0.1546365841036601,0.037394372542075845
validation,clob,211,0.12426882936853287,0.023463244814218676,0.04952380952381249,0.005352380952381388,0.05271828059779535,0.005618948148063664
validation,clob,212,0.08591793987077304,0.007927110032562738,0.07930232558139128,0.010923255813952778,0.07194268018766804,0.00862891359850765
validation,clob,213,0.10731035454730287,0.02837669051309462,0.1769767441860392,0.0383418604651138,0.15741465111753786,0.03292616007075954
validation,clob,214,0.12112050332275406,0.020700331429557187,0.15642857142857056,0.0405023809523806,0.1077223159958131,0.016429731414272775
validation,clob,215,0.023062082970250426,0.0008337803452106656,0.049148936170213695,0.003836170212766197,0.042892958105585265,0.0029055847439268343
validation,clob,216,0.11149063885308916,0.013270429730586293,0.16361111111111304,0.050430555555555374,0.12455455937260806,0.021845501424563443
validation,clob,217,0.11201968269025332,0.013254732544281313,0.11395348837209344,0.01678139534883707,0.08173493671713229,0.01016301028369104
validation,clob,218,0.20423850345998049,0.0442716857684214,0.22085714285714214,0.05545428571428559,0.1546051486185214,0.03082775606765612
validation,clob,219,0.07473478708887267,0.007456907137700684,0.18095238095238078,0.04293333333333333,0.14137145913376645,0.030259158218459703
validation,clob,220,0.06299425323078042,0.008422885200406256,0.11300000000000057,0.020929999999999886,0.09086049680938399,0.014283114601113405
validation,clob,221,0.10085819457939033,0.01878035590161605,0.09307692307692438,0.011833333333333654,0.07153673061467763,0.007712699396220835
validation,clob,222,0.26692683642408616,0.08691746195910359,0.19229166666666522,0.06067291666666574,0.1974392435095957,0.06294089598495804
validation,clob,223,0.08882996888748165,0.008512754514132064,0.11999999999999722,0.024343589743588752,0.10321131013890217,0.0173847885043194
validation,clob,224,0.11946566528096844,0.017493848350955483,0.1653488372093016,0.046551162790696536,0.14151305885979504,0.03339767890615381
validation,clob,225,0.048453923533465885,0.003570100556665299,0.07673076923077128,0.010709615384615644,0.05630256720513312,0.006460686462570666
validation,clob,226,0.07399213053240275,0.00673530206387598,0.07810810810810233,0.008791891891891066,0.07985009509113103,0.007893335846325508
validation,clob,227,0.07045921603454164,0.006542840186680018,0.13075000000000184,0.024297500000000645,0.0978144480528758,0.013283711451485092
validation,clob,228,0.20817887000460034,0.06183933650319937,0.1510810810810823,0.04469459459459621,0.1320204983639908,0.043099268014576524
validation,clob,229,0.2836380972191037,0.0896589499683781,0.21499999999999406,0.06502499999999668,0.22648012910876367,0.06651183457158998
validation,clob,230,0.029467465073517236,0.0017094935982861288,0.03172413793103795,0.0022413793103448795,0.02661906875744908,0.001850435065469988
validation,clob,231,0.1268024145060089,0.021242657814949776,0.19159090909090792,0.06260681818181776,0.16746643309492815,0.043590332448544655
validation,clob,232,0.07498293371277182,0.009759990293042873,0.09020000000000064,0.012322000000000204,0.07464223361172624,0.008331876349684807
validation,clob,233,0.21352673718813955,0.081637698862272,0.1099999999999956,0.02391333333333211,0.11289894060752326,0.02432788815791413
validation,clob,234,0.11000391750093282,0.018369492136377924,0.14236842105263445,0.029576315789474974,0.1265123486024819,0.02598331935052632
validation,clob,235,0.43773488664436816,0.26305544600258085,0.27852941176470963,0.13179705882353188,0.30692765823069706,0.14277720535567756
validation,clob,236,0.04978633610650078,0.005374008151891473,0.07789473684210431,0.011478947368421035,0.06873870055674149,0.009823816624168874
validation,clob,237,0.3608904032130897,0.1453968745596101,0.23378378378377818,0.08387297297296949,0.2562167437520313,0.09175876176296069
validation,clob,238,0.32258564723022926,0.14814985185987156,0.21071428571428655,0.0734023809523829,0.21381242812642293,0.07707681492123188
validation,clob,239,0.12599897161907875,0.02198275430076491,0.13340425531915093,0.02186170212765942,0.1038518894246241,0.017089774486567365
validation,clob,240,0.07821873183187053,0.008131416012271271,0.09673469387754798,0.012979591836733804,0.085295939000995,0.011130114055968011
validation,clob,241,0.1871524410635423,0.03788716553932707,0.13545454545454752,0.031004545454545885,0.11608363184273941,0.018588327432791665
validation,clob,242,0.22863647659668263,0.10985213893855969,0.27599999999999975,0.10937999999999928,0.22893219161488393,0.08590659900069596
validation,clob,243,0.0507211526865603,0.0034425756634598333,0.1377500000000001,0.03353750000000024,0.09545824024924658,0.013722471683019512
validation,clob,244,0.17808820349525245,0.03432661512666978,0.17166666666666444,0.03884047619047506,0.13418479570262926,0.028581602812906618
validation,clob,245,0.06280864111260011,0.0060203324511704254,0.08945945945946024,0.011429729729729894,0.08138090255928729,0.009220072452061318
validation,clob,246,0.3104209884333181,0.100244929305343,0.2556521739130423,0.0820999999999988,0.22529907508725233,0.07589023080368605
validation,clob,247,0.10990823008228759,0.014250673047044022,0.12976190476190413,0.023316666666666055,0.11208283629442826,0.019274066896889444
validation,clob,248,0.0910754252240322,0.01132452302315989,0.0918918918918924,0.011340540540540562,0.07075820510286729,0.007288112657521198
validation,clob,249,0.022146030047047727,0.0010315525293449967,0.03499999999999934,0.0020195652173912886,0.02618236562638777,0.0010637218424909293
validation,clob,250,0.06369780863894263,0.008562906314130326,0.1250000000000037,0.022692105263158985,0.09847798050217968,0.013582443508651577
validation,clob,251,0.034868505395103125,0.0018614797864582974,0.0973170731707326,0.01678292682926866,0.07789416290855114,0.009477018338871171
validation,clob,252,0.18531783602602175,0.04258744150760989,0.22130434782608646,0.05988695652173896,0.1757032300768146,0.03835081388153974
validation,clob,253,0.09804205064220137,0.01167460604249681,0.09674999999999831,0.011437499999999707,0.055636681916497774,0.005350795901924711
validation,clob,254,0.10158724326165898,0.012776008925712271,0.12487804878048545,0.017234146341462777,0.08797354875862695,0.010248195161437684
validation,clob,255,0.03877525784304949,0.0019725417754777068,0.06439024390243797,0.006731707317073075,0.055266715997915467,0.005011868108109341
