run,setting,symbol,policy,env_seed,pnl,objective,opening_inventory,inventory,auction_qty,clob_qty,cancels
dqn_verified,synthetic_rough_heston,,dqn,1906509230,37.05306282167383,37.046191361146136,0.8612333301495596,0.8289427318994722,0.0322905982500625,99.13876666985044,3
dqn_verified,synthetic_rough_heston,,dqn,1178422796,15.967456034193674,15.901951255157456,0.5643901429093887,2.559390142909428,-1.995000000000026,99.4356098570906,0
dqn_verified,synthetic_rough_heston,,dqn,1963502950,44.69117242757784,44.690558575161376,0.7127604521430442,0.247760452142959,0.4650000000000673,99.28723954785696,0
dqn_verified,synthetic_rough_heston,,dqn,1703319850,23.30611298144977,23.303765259293325,0.5518012746250065,0.4845329871580653,0.0672682874669589,99.448198725375,24
dqn_verified,synthetic_rough_heston,,dqn,1313726939,22.481505499969423,22.478282242736512,0.3427373717587443,0.5677373717587244,-0.224999999999973,99.65726262824126,5
dqn_verified,synthetic_rough_heston,,dqn,1061055793,-15.071187808997216,-15.07205981041198,0.757796700754156,0.2952967007541769,0.4625000000000057,99.24220329924584,10
dqn_verified,synthetic_rough_heston,,dqn,1067007710,35.95706670410985,35.95249605217201,0.5442313519719875,0.6760659685147532,-0.1318346165427506,99.455768648028,1
dqn_verified,synthetic_rough_heston,,dqn,40720655,-6.592692707472554,-6.592739507559784,0.0509105892610932,0.0684105892610809,-0.0174999999999982,99.9490894107389,14
dqn_verified,synthetic_rough_heston,,dqn,1966159132,24.10731442098535,24.0978142837158,0.9945112009485656,0.9746864762349516,0.0198247247136077,99.00548879905143,29
dqn_verified,synthetic_rough_heston,,dqn,188577770,5.24588886654457,5.245019732743713,0.3220120546316849,0.2948107530022352,0.0272013016294617,99.67798794536832,21
dqn_verified,synthetic_rough_heston,,dqn,1402152033,44.746320842901696,44.709431737312585,0.8928361322288509,1.9206536801076224,-1.0278175478787464,99.10716386777116,0
dqn_verified,synthetic_rough_heston,,dqn,2092728533,-25.488863080991635,-25.92160397668554,9.473625006316992,6.578304460071026,2.895320546245971,90.526374993683,9
dqn_verified,synthetic_rough_heston,,dqn,1437347273,42.21083727202468,42.2044955947874,0.8385353609767918,0.7963464847214662,0.04218887625529,99.1614646390232,20
dqn_verified,synthetic_rough_heston,,dqn,1045146178,35.16639508204414,35.15824619964652,0.8065942255712883,0.9027116038701268,-0.0961173782988261,99.19340577442873,11
dqn_verified,synthetic_rough_heston,,dqn,528283994,11.322225908932523,8.787088471645708,0.2235269981334937,15.92211492637462,-15.698587928241116,99.7764730018665,0
dqn_verified,synthetic_rough_heston,,dqn,36265689,6.427721299689146,6.422484805834026,0.6669089920727203,0.7236362245714757,-0.0567272324987474,99.33309100792728,19
dqn_verified,synthetic_rough_heston,,dqn,1193742096,12.491509685040976,12.48957398484791,0.4892246986256481,0.4399659297111431,0.0492587689145014,99.51077530137437,26
dqn_verified,synthetic_rough_heston,,dqn,793249015,-4.729075539863493,-4.729497929920114,0.1042236018398057,0.2055213022097923,-0.1012977003699435,99.8957763981602,9
dqn_verified,synthetic_rough_heston,,dqn,1309854583,-1.199797696067617,-1.1998492670277687,0.1018129237335756,0.0718129237335638,0.0300000000000011,99.89818707626642,25
dqn_verified,synthetic_rough_heston,,dqn,1144601564,26.07892139614887,26.06838530102216,0.912491845214646,1.0264548273893934,-0.1139629821747607,99.08750815478535,0
dqn_verified,synthetic_rough_heston,,dqn,982973886,10.024764583132564,10.01940798980398,0.5418875138014698,0.7318875138014462,-0.189999999999987,99.45811248619852,5
dqn_verified,synthetic_rough_heston,,dqn,715231342,-9.958169790363172,-9.997934116721671,0.551599454854113,1.994099454854208,-1.442500000000095,99.44840054514589,0
dqn_verified,synthetic_rough_heston,,dqn,2130732657,13.069737649553645,13.069578706392647,0.1585090858572186,0.1260726619842893,0.0324364238728973,99.84149091414278,0
dqn_verified,synthetic_rough_heston,,dqn,1234679122,6.65969232292143,6.658760963499823,0.3200389226190907,0.3051818182013677,0.0148571044177176,99.67996107738092,27
dqn_verified,synthetic_rough_heston,,dqn,490149342,4.355855420242762,4.353276936281343,0.4477877471364309,0.5077877471364407,-0.0600000000000164,99.55221225286355,1
dqn_verified,synthetic_rough_heston,,dqn,381953676,20.547223113886503,20.53385860317536,0.589172322424588,1.156049770171732,-0.5668774477471547,99.4108276775754,0
dqn_verified,synthetic_rough_heston,,dqn,478640128,-46.843168184739206,-55.30212008941005,26.606777375707352,29.08427737570739,-2.477500000000049,73.39322262429265,16
dqn_verified,synthetic_rough_heston,,dqn,951876364,17.133915405751395,17.133290779466716,0.4224252457595128,0.2499252457595089,0.1725000000000029,99.57757475424047,0
dqn_verified,synthetic_rough_heston,,dqn,723990043,0.7861877814621403,0.7634031006713874,1.4969595321092155,1.5094595321091897,-0.0124999999999921,98.50304046789078,20
dqn_verified,synthetic_rough_heston,,dqn,487116369,37.700091080234415,37.682656472478925,0.7254017477832804,1.3204017477832046,-0.5949999999999385,99.27459825221672,0
dqn_verified,synthetic_rough_heston,,dqn,1985429050,46.659984663648224,46.657176640429086,0.1100921571501913,-0.529907842849795,0.6399999999999864,99.8899078428498,21
dqn_verified,synthetic_rough_heston,,dqn,1628956857,-5.961632970194638,-8.197203883941716,0.7971244268832152,14.951825687009189,-14.15470126012599,99.20287557311678,1
dqn_verified,synthetic_rough_heston,,dqn,1189523478,17.159816919366627,17.158910962085173,0.3425618102332208,0.3009912426386953,0.0415705675944922,99.65743818976678,28
dqn_verified,synthetic_rough_heston,,dqn,1296530916,-15.419830951137511,-16.069818407481286,7.888964826541439,8.062179955469695,-0.1732151289282701,92.11103517345856,7
dqn_verified,synthetic_rough_heston,,dqn,707561452,27.436261254464277,27.01469151502051,7.965358436020026,6.492840206286995,1.4725182297330175,92.03464156397996,7
dqn_verified,synthetic_rough_heston,,dqn,901155818,15.056201538847745,15.00513055641475,0.9976110108460574,-2.2598889891539944,3.2575000000000145,99.00238898915394,0
dqn_verified,synthetic_rough_heston,,dqn,1820860524,28.307803540174763,28.29981664017149,0.923249175444866,0.8936945788844024,0.0295545965604537,99.07675082455512,13
dqn_verified,synthetic_rough_heston,,dqn,1044185241,-6.888793220043736,-6.890133979820515,0.3882053109295071,0.3661638672478226,0.0220414436816907,99.61179468907048,29
dqn_verified,synthetic_rough_heston,,dqn,591637826,11.627482009730375,11.626983871795648,0.3270614255272051,0.2231900389190307,0.1038713866081592,99.6729385744728,25
dqn_verified,synthetic_rough_heston,,dqn,27222720,-1.1229049633645043,-1.165583089561978,0.1991315095710035,-2.065868490428988,2.2649999999999757,99.800868490429,1
dqn_verified,synthetic_rough_heston,,dqn,64598572,7.819559049191811,7.819362448353711,0.1652144208346868,0.1402144208346802,0.0250000000000021,99.83478557916531,29
dqn_verified,synthetic_rough_heston,,dqn,824692580,22.016420363912857,22.01415596422971,0.4832190852662421,0.4758570881201608,0.0073619971461088,99.51678091473376,16
dqn_verified,synthetic_rough_heston,,dqn,1292888439,11.183289461891574,11.179249678000463,0.605668003454582,0.63559294293673,-0.0299249394821735,99.39433199654542,4
dqn_verified,synthetic_rough_heston,,dqn,1567077053,15.349951436674528,15.348578893546668,0.2233664284437111,-0.3704784916646104,0.5938449201083353,99.77663357155627,19
dqn_verified,synthetic_rough_heston,,dqn,1386223455,20.696764337706597,20.675014712215532,0.0981274550950814,-1.4747754232786057,1.5729028783736678,99.90187254490492,23
dqn_verified,synthetic_rough_heston,,dqn,2103330825,26.04037187766019,25.4959709812474,7.680852772894397,7.378352772894438,0.3024999999999345,92.3191472271056,7
dqn_verified,synthetic_rough_heston,,dqn,1713764255,-17.93506098776743,-18.01667980510842,0.3894627798256067,2.856900721778635,-2.4674379419530266,99.6105372201744,0
dqn_verified,synthetic_rough_heston,,dqn,338169861,14.591932887738787,14.588832530312958,0.3856914668549365,-0.5568085331449879,0.9424999999999456,99.61430853314506,23
dqn_verified,synthetic_rough_heston,,dqn,460890984,33.14929903265693,33.06137006653076,0.8437095737428564,2.9652818774303,-2.1215723036874135,99.15629042625714,0
dqn_verified,synthetic_rough_heston,,dqn,1844393987,2.995641732171862,2.9955748919788814,0.3842558517662127,0.0817558517662453,0.3024999999999842,99.6157441482338,0
dqn_verified,synthetic_rough_heston,,dqn,1032412864,2.2542469070803928,2.250774442118903,0.5492762477386748,0.5892762477386606,-0.0400000000000062,99.45072375226133,12
dqn_verified,synthetic_rough_heston,,dqn,285977676,26.540773684857836,26.54076422325396,0.0332597202147297,0.0307597202147196,0.0025000000000083,99.96674027978528,22
dqn_verified,synthetic_rough_heston,,dqn,1194047159,29.39391632355866,29.385755803380498,0.2166440248625889,-0.9033559751372208,1.119999999999802,99.7833559751374,14
dqn_verified,synthetic_rough_heston,,dqn,410795716,-15.379839932089965,-15.379886600631345,0.0833143772432265,0.0683143772431906,0.0150000000000005,99.91668562275676,29
dqn_verified,synthetic_rough_heston,,dqn,1688827796,28.327486860239738,28.327073741991494,0.8782531053237221,0.2032531053237556,0.6749999999999616,99.12174689467628,29
dqn_verified,synthetic_rough_heston,,dqn,1615174803,23.28779584573931,23.25911459199171,0.4485540660869276,1.69355406608702,-1.245000000000104,99.55144593391309,0
dqn_verified,synthetic_rough_heston,,dqn,573603312,9.058671843991032,9.05849844763854,0.0076891971439465,-0.1316800487893173,0.1393692459332425,99.99231080285604,24
dqn_verified,synthetic_rough_heston,,dqn,1292648848,31.939216071174087,31.13309704559213,10.6684131425435,8.97841314254338,1.690000000000122,89.3315868574565,0
dqn_verified,synthetic_rough_heston,,dqn,504177273,-0.124670810491807,-0.1309665002433455,0.5556030447176425,0.7934538267308598,-0.2378507820131924,99.44439695528236,0
dqn_verified,synthetic_rough_heston,,dqn,2023171617,4.410234561901234,4.409043728328673,0.727032983356537,0.3450845653692445,0.3819484179872872,99.27296701664346,0
dqn_verified,synthetic_rough_heston,,dqn,155866399,25.29909871426389,25.29667959501732,0.3606545723937415,-0.4918454276060844,0.8524999999998144,99.63934542760626,0
dqn_verified,synthetic_rough_heston,,dqn,426465092,62.480609009911134,62.447442393473345,3.4961704049263034,1.821170404926228,1.6750000000000649,96.5038295950737,18
dqn_verified,synthetic_rough_heston,,dqn,2075242093,30.580386319013023,30.57952596105705,0.2260470371230099,0.2933185906096121,-0.0672715534866137,99.773952962877,4
dqn_verified,synthetic_rough_heston,,dqn,426948909,-38.03200682197057,-38.040171453525474,0.9560835077569294,0.9035835077569,0.0525000000000162,99.04391649224308,24
dqn_verified,synthetic_rough_heston,,dqn,40870105,15.829421169488342,15.80207137503423,0.8792132915522046,1.6537773264291975,-0.7745640348770071,99.1207867084478,0
dqn_verified,synthetic_rough_heston,,dqn,1146798258,45.2480633544056,45.248037168446714,0.1336722179417648,0.0511722179417741,0.0825000000000031,99.86632778205824,9
dqn_verified,synthetic_rough_heston,,dqn,2070376215,-10.847790787804117,-10.85615680013522,0.7628409197354813,-0.9146590802646593,1.6775000000001157,99.23715908026452,0
dqn_verified,synthetic_rough_heston,,dqn,511062834,31.091068462124895,31.071788180501105,0.4560345376975618,1.3885345376975442,-0.932499999999969,99.54396546230244,0
dqn_verified,synthetic_rough_heston,,dqn,1541412974,14.559313530329511,3.4200483780520923,33.31897455377906,33.375537676983456,-0.0565631232044088,66.68102544622094,21
dqn_verified,synthetic_rough_heston,,dqn,376403019,30.286720995518756,30.18530662102617,3.09764446072775,3.1845623638513456,-0.0869179031235699,96.90235553927224,13
dqn_verified,synthetic_rough_heston,,dqn,1108559752,23.76734406383912,23.750044080170905,0.990294022954714,1.315294022955026,-0.3250000000003155,99.00970597704529,0
dqn_verified,synthetic_rough_heston,,dqn,1393048108,-30.056414075292444,-30.05659404011549,0.0683490316676511,-0.1341509683323387,0.2024999999999899,99.93165096833236,6
dqn_verified,synthetic_rough_heston,,dqn,2023564002,-51.33605669616619,-51.341502944742,0.7154870307671644,0.7379870307671637,-0.0225000000000008,99.28451296923284,7
dqn_verified,synthetic_rough_heston,,dqn,916344601,39.57667503208739,39.569892782597954,0.8710441390375507,0.8235441390375483,0.0474999999999994,99.12895586096244,10
dqn_verified,synthetic_rough_heston,,dqn,486149422,8.914603278839422,-2.4203308220041446,40.671194255107046,33.66739387128675,7.0038003838202805,59.328805744892954,0
dqn_verified,synthetic_rough_heston,,dqn,410404482,-3.3891711931830795,-3.395827399243932,0.8233557507826958,0.8158557507827133,0.007499999999986,99.1766442492173,21
dqn_verified,synthetic_rough_heston,,dqn,848518413,30.734403624313927,30.72590181702637,0.7162980577803069,0.9220524544493122,-0.2057543966690088,99.2837019422197,0
dqn_verified,synthetic_rough_heston,,dqn,1216465325,17.300699115899405,17.29275778975947,0.9803185840142136,-0.8911411863411571,1.8714597703553724,99.0196814159858,5
dqn_verified,synthetic_rough_heston,,dqn,1701726968,0.678036909956063,0.6651029181149265,0.9772770920552888,1.1372770920552544,-0.159999999999993,99.02272290794473,0
dqn_verified,synthetic_rough_heston,,dqn,1739537596,13.523375299756372,13.50556508409048,0.4204508002367078,-1.3345491997634014,1.7550000000001091,99.57954919976328,15
dqn_verified,synthetic_rough_heston,,dqn,2050860255,15.504273475905546,15.207661240476623,0.6871605971842456,5.446211852553304,-4.759051255369055,99.31283940281575,6
dqn_verified,synthetic_rough_heston,,dqn,218238821,45.25247727349415,44.26455842932609,0.2576659430029764,-9.93941066747957,10.197076610482531,99.74233405699702,0
dqn_verified,synthetic_rough_heston,,dqn,128588240,36.75455118556077,36.74765878864272,0.3971249575140092,0.8302046083976381,-0.4330796508836164,99.602875042486,1
dqn_verified,synthetic_rough_heston,,dqn,1162542574,47.74860802935109,47.709719861548905,0.0299090732111153,1.9720083113969469,-1.94209923818585,99.97009092678888,0
dqn_verified,synthetic_rough_heston,,dqn,1005643756,13.363427744509783,13.356348521611917,0.821402727676741,0.8413811798387014,-0.0199784521619493,99.17859727232326,21
dqn_verified,synthetic_rough_heston,,dqn,711572297,23.19365288192057,23.18940873742837,0.1814709887788268,0.6514709887788879,-0.4700000000000663,99.81852901122116,0
dqn_verified,synthetic_rough_heston,,dqn,501043199,4.430174770945901,4.427229119551936,0.5352385552884016,0.542738555288377,-0.0075000000000002,99.4647614447116,27
dqn_verified,synthetic_rough_heston,,dqn,1291999351,34.055587751639905,30.842302889381116,27.383137679755848,17.92563767975574,9.457500000000106,72.61686232024415,0
dqn_verified,synthetic_rough_heston,,dqn,102182588,4.210699946572131,4.204907019661322,0.733633442953078,0.7611127978695931,-0.0274793549165519,99.26636655704692,22
dqn_verified,synthetic_rough_heston,,dqn,2119210718,31.33205725346389,31.166274084496926,0.576647933784713,4.071647933785103,-3.4950000000003953,99.42335206621529,1
dqn_verified,synthetic_rough_heston,,dqn,1109208492,28.314383560736356,28.305358230229036,0.9176563438406332,0.9500173949628256,-0.0323610511221993,99.08234365615937,6
dqn_verified,synthetic_rough_heston,,dqn,1274300456,36.4649954256816,36.46498851206961,0.0487937482863287,0.0262937482863403,0.0224999999999973,99.95120625171369,27
dqn_verified,synthetic_rough_heston,,dqn,1256771816,-0.8817937002947293,-1.0952972809596635,0.5521639016085516,-4.620644767399181,5.172808669007731,99.44783609839143,10
dqn_verified,synthetic_rough_heston,,dqn,1077857574,16.155325791721626,16.15185397458191,0.1307787224043579,-0.5892212775955663,0.7199999999999136,99.86922127759564,29
dqn_verified,synthetic_rough_heston,,dqn,1100698389,32.584023655203055,32.325930981853936,0.2667676363372209,5.0802822101642855,-4.813514573827029,99.73323236366278,0
dqn_verified,synthetic_rough_heston,,dqn,795778257,15.22725715240938,15.224414282227992,0.5430565837904595,0.5331857257456106,0.0098708580448257,99.45694341620954,15
dqn_verified,synthetic_rough_heston,,dqn,1548246893,19.878846126136924,19.869389219320073,0.9924662881998358,0.9724662881998531,0.0199999999999995,99.00753371180016,29
dqn_verified,synthetic_rough_heston,,dqn,633707972,-4.744610544569514,-4.7473640770577,0.5122411255263586,0.524741125526341,-0.0125000000000028,99.48775887447364,25
dqn_verified,synthetic_rough_heston,,dqn,983296256,-16.86627807047847,-20.127550523275605,17.408993473605364,18.05899347360516,-0.6499999999997677,82.59100652639464,1
dqn_verified,synthetic_rough_heston,,dqn,487951037,37.58747519844539,37.58740556223617,0.0635860335017639,0.0834483128760442,-0.0198622793742571,99.93641396649824,12
dqn_verified,synthetic_rough_heston,,dqn,978154369,33.86951848372669,33.86244299511078,0.6161592367621296,0.8411592367621461,-0.2250000000000227,99.38384076323788,18
dqn_verified,synthetic_rough_heston,,dqn,554788091,33.324013473056766,33.32080761805248,0.3587027025978102,0.5662027025979599,-0.2075000000001488,99.6412972974022,0
dqn_verified,synthetic_rough_heston,,dqn,2090199347,6.935730338533176,6.898499958762691,0.1304824496655925,-1.929517550334415,2.0600000000000094,99.8695175503344,0
dqn_verified,synthetic_rough_heston,,dqn,2069017976,-19.356783370103617,-19.35683106011627,0.0690579558500275,0.0690579558500203,0.0,99.93094204414996,18
dqn_verified,synthetic_rough_heston,,dqn,945043387,-38.78559365661684,-38.78714018002941,0.45825861879581,0.39325861879583,0.0650000000000012,99.5417413812042,14
dqn_verified,synthetic_rough_heston,,dqn,1939521563,-86.25267160367989,-86.2610007725295,0.8358858791571038,0.9126428025031004,-0.0767569233460054,99.1641141208429,9
dqn_verified,synthetic_rough_heston,,dqn,837962510,-18.75563929150303,-18.792430361290496,0.8005604885156856,-1.9180998354481984,2.7186603239638805,99.19943951148431,0
dqn_verified,synthetic_rough_heston,,dqn,1294936529,44.51971287374206,44.51772472453579,0.8233866679173047,0.4458866679172817,0.3775000000000155,99.1766133320827,17
dqn_verified,synthetic_rough_heston,,dqn,1783232423,14.536177969340104,14.534273034919208,0.6114555442305942,0.4364555442305722,0.1750000000000042,99.3885444557694,7
dqn_verified,synthetic_rough_heston,,dqn,133555220,18.552965177594437,18.548983152422917,0.6510328970443595,0.6310328970443599,0.0200000000000066,99.34896710295564,18
dqn_verified,synthetic_rough_heston,,dqn,727659984,35.42611011817414,35.42332590923826,0.200156037194418,0.5276560371943653,-0.3274999999999259,99.79984396280558,12
dqn_verified,synthetic_rough_heston,,dqn,1045640949,-69.83619936699168,-72.95083618003504,17.601350859800647,17.648333669339312,-0.0469828095386429,82.39864914019935,20
dqn_verified,synthetic_rough_heston,,dqn,1498406538,-15.213445308850831,-15.221175850747576,0.53673500252998,0.8792350025302769,-0.3425000000002391,99.46326499747002,7
dqn_verified,synthetic_rough_heston,,dqn,894023265,4.290668089774976,4.287829067180062,0.6828247924894413,0.5328247924894036,0.1500000000000092,99.31717520751056,19
dqn_verified,synthetic_rough_heston,,dqn,1456034043,39.390708242302935,39.32543379911153,0.2898863612967091,2.5548863612968926,-2.265000000000178,99.71011363870328,0
dqn_verified,synthetic_rough_heston,,dqn,2145465691,-15.81436647430976,-15.816403531600224,0.3113377106403732,0.4513377106403897,-0.1400000000000218,99.68866228935964,12
dqn_verified,synthetic_rough_heston,,dqn,1645332470,18.62433022860909,18.62038321268191,0.6082528095580813,0.6282528095580879,-0.0199999999999995,99.39174719044192,23
dqn_verified,synthetic_rough_heston,,dqn,1703360263,9.957041314040907,9.956340624218996,0.3772054630931478,0.2647054630927439,0.1125000000003915,99.62279453690684,0
dqn_verified,synthetic_rough_heston,,dqn,1254093673,39.342297532993456,39.341801876550335,0.2651334303564994,0.2226334303565158,0.0424999999999968,99.7348665696435,25
dqn_verified,synthetic_rough_heston,,dqn,679604879,26.183539768487027,26.18279211351944,0.3447063385895177,0.2734328011757531,0.0712735374137502,99.65529366141048,7
dqn_verified,synthetic_rough_heston,,dqn,1800514979,29.11320739505209,28.983543718676287,0.0708842855027995,3.6008842855026653,-3.529999999999845,99.9291157144972,0
dqn_verified,synthetic_rough_heston,,dqn,1009107304,29.56900217589413,29.56900174778103,0.0009569647663312,-0.0065430352336677,0.0075000000000002,99.99904303523368,29
dqn_verified,synthetic_rough_heston,,dqn,1459119855,18.60240928063467,18.58844836251196,0.7729291679624879,1.1815632916908163,-0.4086341237283425,99.22707083203753,0
dqn_verified,synthetic_rough_heston,,dqn,2082327116,16.356377805394004,16.338312311818385,0.2889680172861375,1.3440793717493402,-1.055111354463227,99.71103198271386,0
dqn_verified,synthetic_rough_heston,,dqn,1795215048,27.355925817540484,27.355072727456587,0.2795770589926434,0.2920770589926507,-0.0124999999999992,99.72042294100736,29
dqn_verified,synthetic_rough_heston,,dqn,1559844699,46.50850547764509,46.49909112759953,0.943006320481814,0.9702757363535046,-0.0272694158716391,99.0569936795182,14
dqn_verified,synthetic_rough_heston,,dqn,1337581818,22.380779584933013,22.373091994447226,0.7306204548286672,0.8767890559188563,-0.1461686010901926,99.26937954517132,1
dqn_verified,synthetic_rough_heston,,dqn,1567278356,-38.86064549812676,-38.87540362919651,0.9423304848723716,1.2148304848723797,-0.2725000000000008,99.05766951512764,6
dqn_verified,synthetic_rough_heston,,dqn,1391644635,-24.11892006778551,-24.118990375035484,0.0588494185874282,0.0838494185874054,-0.0249999999999985,99.94115058141256,4
dqn_verified,synthetic_rough_heston,,dqn,1226640195,4.208692865496428,4.208439718861009,0.1367941287268195,0.1591058249779159,-0.0223116962510875,99.86320587127318,28
dqn_verified,synthetic_rough_heston,,dqn,573081701,-16.481367224613802,-26.3068688879178,31.310903170084984,31.3456562593671,-0.0347530892821376,68.68909682991502,19
dqn_verified,synthetic_rough_heston,,dqn,856702353,-4.10874303516357,-4.124628491849312,0.2478752094412755,1.260375209441282,-1.0124999999999955,99.75212479055872,0
dqn_verified,synthetic_rough_heston,,dqn,969233424,12.972550265134489,12.96790899013819,0.6985578300377853,0.6812690361594876,0.0172887938783118,99.3014421699622,0
dqn_verified,synthetic_rough_heston,,dqn,2038887002,12.914703895459272,12.91388425732837,0.4278075335075044,0.2862932292079914,0.1415143042994902,99.5721924664925,12
dqn_verified,synthetic_rough_heston,,dqn,748193112,44.54168701831805,41.751220027349795,0.9696909308997448,16.70469093089797,-15.73499999999824,99.03030906910026,0
dqn_verified,synthetic_rough_heston,,dqn,1403188372,31.986877809047375,31.97964314574363,0.9530682396932662,0.8505682396932279,0.1025000000000275,99.04693176030672,9
dqn_verified,synthetic_rough_heston,,dqn,688156671,-78.04057962114763,-79.61618488834887,12.539955661366449,12.552311608629044,-0.0123559472625507,87.46004433863355,29
dqn_verified,synthetic_rough_heston,,dqn,1293707997,34.30733230361699,34.06268735352015,0.103751525209276,4.946159622341792,-4.8424080971325125,99.89624847479072,7
dqn_verified,synthetic_rough_heston,,dqn,1017816127,-61.16783909130942,-61.168696515428,0.2253180524805884,0.2928180524805788,-0.0674999999999883,99.7746819475194,15
dqn_verified,synthetic_rough_heston,,dqn,928547401,16.23046876909393,16.198923389279518,0.088728898399097,1.7761019062659398,-1.6873730078668578,99.9112711016009,0
dqn_verified,synthetic_rough_heston,,dqn,804851501,55.52764282455064,54.746107333558086,0.5024264086936512,-8.840449598253198,9.342876006946868,99.49757359130636,0
dqn_verified,synthetic_rough_heston,,dqn,1120019183,13.66297245389264,13.66098935501583,0.3984460120825588,0.4453199834734381,-0.0468739713908953,99.60155398791744,12
dqn_verified,synthetic_rough_heston,,dqn,1119490863,16.733426631015448,16.573132557064064,0.8617630026868,4.00367423689021,-3.1419112342033815,99.1382369973132,8
dqn_verified,synthetic_rough_heston,,dqn,783363503,-23.352648224556106,-23.355579105286036,0.9511239079965604,-0.5413760920034782,1.4925000000000388,99.04887609200344,0
dqn_verified,synthetic_rough_heston,,dqn,205944131,21.8916194595634,21.89159445224053,0.0425073223375562,0.0500073223375423,-0.0075000000000002,99.95749267766244,26
dqn_verified,synthetic_rough_heston,,dqn,446079182,9.17013919663259,9.160992792339895,0.578986492444642,0.9563683543850884,-0.3773818619404465,99.42101350755536,0
dqn_verified,synthetic_rough_heston,,dqn,2128949063,45.8336468616715,45.83278204511001,0.007582707059484,-0.2940776362611347,0.3016603433205868,99.99241729294052,11
dqn_verified,synthetic_rough_heston,,dqn,708828196,2.589440356839986,2.5231814883117822,0.1045692434912837,2.574079807002968,-2.4695105635117036,99.89543075650872,0
dqn_verified,synthetic_rough_heston,,dqn,907135295,-9.696649851958616,-9.697550419880256,0.3100946386789189,0.3000946386788978,0.0099999999999873,99.68990536132108,20
dqn_verified,synthetic_rough_heston,,dqn,1179243183,1.25680286973693,1.2475715783912698,0.9832960941668318,0.9607960941667192,0.0225000000001109,99.01670390583315,0
dqn_verified,synthetic_rough_heston,,dqn,1200595667,-20.82925200572754,-21.38693636198968,0.5602744724328801,7.4678267003335055,-6.9075522279006485,99.43972552756712,0
dqn_verified,synthetic_rough_heston,,dqn,1138669996,-13.615104345068364,-13.616512203899278,0.3277144494705908,0.3752144494705902,-0.0474999999999958,99.6722855505294,22
dqn_verified,synthetic_rough_heston,,dqn,299092708,24.17848525661419,24.17020640695748,0.8473818415988035,0.9098818415988,-0.0624999999999893,99.1526181584012,6
dqn_verified,synthetic_rough_heston,,dqn,1606240066,53.87154113711949,52.85730216929857,21.154988159304793,10.070943192278085,11.084044967026715,78.84501184069521,0
dqn_verified,synthetic_rough_heston,,dqn,1592479411,10.833950649546518,10.023270796405988,11.708776169699831,9.00377616969975,2.7050000000000978,88.29122383030017,13
dqn_verified,synthetic_rough_heston,,dqn,1232823009,1.6610714429781948,1.6572333932937662,0.6220123981135828,0.6195199499958435,0.0024924481177677,99.37798760188642,20
dqn_verified,synthetic_rough_heston,,dqn,1380936168,22.16944858375304,22.163138829360364,0.6868396246362494,0.794339624636283,-0.1075000000000336,99.31316037536376,11
dqn_verified,synthetic_rough_heston,,dqn,1485723813,16.673024641897094,16.67072467953879,0.5612291651368082,0.4795792278969693,0.0816499372398407,99.4387708348632,2
dqn_verified,synthetic_rough_heston,,dqn,1476988550,-1.7401845082713407,-1.764986035001984,0.9229883769899204,1.574850047802748,-0.6518616708128208,99.07701162301008,0
dqn_verified,synthetic_rough_heston,,dqn,426644302,24.337471088027915,24.330557716641867,0.7995419539738151,0.8314668595950532,-0.0319249056212078,99.20045804602618,16
dqn_verified,synthetic_rough_heston,,dqn,1492118510,-93.5253268337227,-93.52793407888434,0.5531119036648704,0.5106119036648522,0.0425000000000004,99.44688809633512,16
dqn_verified,synthetic_rough_heston,,dqn,1871437067,-7.508985471970591,-7.5139982985042755,0.6955131731602648,0.7080131731603032,-0.0124999999999992,99.30448682683974,25
dqn_verified,synthetic_rough_heston,,dqn,1821522104,-10.804709450994778,-10.814482337075091,0.603579085370356,0.9885790853702618,-0.3849999999998985,99.39642091462964,0
dqn_verified,synthetic_rough_heston,,dqn,1233002065,-4.274134615721778,-4.32185850742745,0.6330581477595842,2.1845798613388467,-1.5515217135792816,99.36694185224042,0
dqn_verified,synthetic_rough_heston,,dqn,1249666141,26.634419648066498,26.630579278551355,0.5873148877886223,0.6197071498008538,-0.0323922620122617,99.41268511221138,13
dqn_verified,synthetic_rough_heston,,dqn,1377485117,21.67080921570923,21.669399754268756,0.3079279478778858,0.3754279478778706,-0.067499999999999,99.69207205212211,15
dqn_verified,synthetic_rough_heston,,dqn,1667673182,23.829585721257665,23.82627538959292,0.9746451821056326,-0.5753548178942751,1.5499999999999226,99.02535481789435,21
dqn_verified,synthetic_rough_heston,,dqn,257835634,-13.153191239899256,-18.02591604757695,10.784921102590118,22.07424926849765,-11.289328165907566,89.21507889740988,3
dqn_verified,synthetic_rough_heston,,dqn,1475908961,54.030968026252594,53.98884727729855,0.7543233421247066,2.052334011657136,-1.2980106695324118,99.2456766578753,0
dqn_verified,synthetic_rough_heston,,dqn,847186143,29.27433530531198,29.205043159144733,0.6973401407726811,2.6323401407729565,-1.9350000000002792,99.30265985922732,0
dqn_verified,synthetic_rough_heston,,dqn,454152926,23.51927804088882,23.49392878229538,0.4471450497186851,1.592145049718762,-1.1450000000000422,99.55285495028131,0
dqn_verified,synthetic_rough_heston,,dqn,745543570,23.14663447333647,23.140361983591777,0.2328775824803841,-0.7919905141285335,1.0248680966089114,99.76712241751962,15
dqn_verified,synthetic_rough_heston,,dqn,2040040035,17.34164412331306,17.337892690306653,0.61498852201332,0.612489429003342,0.0024990930099925,99.38501147798668,18
dqn_verified,synthetic_rough_heston,,dqn,857589213,1.0080783205939952,0.9883243720374648,0.4305998219160045,1.4054874085714968,-0.9748875866554496,99.569400178084,0
dqn_verified,synthetic_rough_heston,,dqn,447631993,9.287399465007372,9.284256321630794,0.6131374386872039,0.5606374386872242,0.0524999999999877,99.3868625613128,12
dqn_verified,synthetic_rough_heston,,dqn,1053736358,-10.314709067255462,-10.322163215396404,0.5933740869947997,0.8633740869948072,-0.2699999999999924,99.4066259130052,9
dqn_verified,synthetic_rough_heston,,dqn,1123074415,23.26176538423881,23.253311580570863,0.541833000330314,-0.91944568452676,1.4612786848570625,99.45816699966969,23
dqn_verified,synthetic_rough_heston,,dqn,896949228,16.28825826206189,16.2881334362308,0.2017254810200199,0.1117254810200361,0.0899999999999963,99.79827451897998,15
dqn_verified,synthetic_rough_heston,,dqn,532798302,-4.325714875862104,-4.326183122229282,0.1566075889661107,0.2163900106700582,-0.0597824217039493,99.84339241103388,0
dqn_verified,synthetic_rough_heston,,dqn,1798006985,13.030632359525043,12.878243431708643,0.8595814651440463,3.9037024453254543,-3.0441209801814275,99.14041853485595,0
dqn_verified,synthetic_rough_heston,,dqn,1380983522,18.583929472832097,18.13784909934911,4.27892486469905,6.678924864699302,-2.400000000000283,95.72107513530096,0
dqn_verified,synthetic_rough_heston,,dqn,516067115,21.54194748786358,21.408267205565213,0.2537314245458617,3.6562314245458793,-3.4025,99.74626857545414,0
dqn_verified,synthetic_rough_heston,,dqn,181677896,32.364924304985834,32.15790872772323,0.7398964522563602,4.549896452256961,-3.810000000000582,99.26010354774364,0
dqn_verified,synthetic_rough_heston,,dqn,1412098877,-13.8279007179436,-13.93666791381056,0.4694706831500923,-3.297987202324457,3.7674578854745424,99.53052931684992,16
dqn_verified,synthetic_rough_heston,,dqn,592480532,23.701749709991983,23.700988795606033,0.2660917925008732,0.2758467665124683,-0.009754974011611,99.73390820749913,26
dqn_verified,synthetic_rough_heston,,dqn,1462116845,2.7279289743495463,2.726917021355264,0.2740726395788755,0.3181120862655597,-0.0440394466866975,99.72592736042112,9
dqn_verified,synthetic_rough_heston,,dqn,1877161225,4.540839967961831,4.5365084444704245,0.3331431068852595,0.6581431068852654,-0.3249999999999957,99.66685689311474,1
dqn_verified,synthetic_rough_heston,,dqn,1814894336,26.162935385700692,26.123509299320233,0.0693996781717203,-1.9856003218286429,2.055000000000362,99.93060032182828,9
dqn_verified,synthetic_rough_heston,,dqn,917024862,17.227969992491126,17.221502412615386,0.7596634645783382,0.8042126507174561,-0.0445491861391266,99.24033653542166,0
dqn_verified,synthetic_rough_heston,,dqn,614922330,10.962560003499602,10.952509050999431,0.9828058168843228,1.0025443880532658,-0.0197385711689259,99.01719418311568,24
dqn_verified,synthetic_rough_heston,,dqn,1801437930,18.9828790434689,18.97574493564153,0.7971364796391782,0.844636479639187,-0.0474999999999994,99.20286352036082,17
dqn_verified,synthetic_rough_heston,,dqn,1380610365,6.468733023108143,6.455206328565557,0.8080431867559241,1.1630431867556013,-0.3549999999997197,99.19195681324408,0
dqn_verified,synthetic_rough_heston,,dqn,236614752,-3.283361570442663,-3.283435575058419,0.1693695502895593,0.0860259354824816,0.0833436148070879,99.83063044971044,6
dqn_verified,synthetic_rough_heston,,dqn,834408283,4.114061938242317,4.111487602655131,0.4848791074913521,0.5073791074913316,-0.0225000000000008,99.51512089250863,26
dqn_verified,synthetic_rough_heston,,dqn,2011776523,11.511099578890777,11.510980505942758,0.0475603251270655,0.109120551692454,-0.0615602265653884,99.95243967487292,23
dqn_verified,synthetic_rough_heston,,dqn,1226258546,5.988547539273451,5.9885128859543935,0.1686329302089859,-0.0588670697909829,0.2274999999999956,99.831367069791,17
dqn_verified,synthetic_rough_heston,,dqn,1616321187,-13.866783838631818,-13.903341608985194,0.1116785185660234,-1.9120086389285893,2.0236871574946207,99.88832148143398,0
dqn_verified,synthetic_rough_heston,,dqn,1672306602,29.15111846945001,25.338670773230067,28.999320027439097,19.52549025305112,9.47382977438799,71.0006799725609,0
dqn_verified,synthetic_rough_heston,,dqn,1762600914,-27.622009545326364,-27.629162062934,0.6882255824224757,0.8457255824224053,-0.157499999999942,99.31177441757752,0
dqn_verified,synthetic_rough_heston,,dqn,994946334,-5.792971424934746,-5.793714378568645,0.2305757060027389,0.2725717582398271,-0.0419960522371094,99.76942429399726,12
dqn_verified,synthetic_rough_heston,,dqn,909382858,51.42883832333973,51.03255003194164,0.4851432977980039,6.295143297797843,-5.809999999999846,99.514856702202,0
dqn_verified,synthetic_rough_heston,,dqn,26993609,36.50153371274973,36.21278839165257,0.6785027784228106,5.373502778422633,-4.6949999999998155,99.3214972215772,0
dqn_verified,synthetic_rough_heston,,dqn,1773145257,-17.30595939330607,-17.30791176542512,0.4518189892825148,0.4418565512756396,0.0099624380068752,99.54818101071749,27
dqn_verified,synthetic_rough_heston,,dqn,706407932,19.723147699413616,19.722761905013837,0.2210148452154214,0.1964164961958577,0.0245983490195743,99.77898515478458,28
dqn_verified,synthetic_rough_heston,,dqn,331383041,2.8236419879776804,2.8156919709576234,0.7216286794432847,0.8916286794432526,-0.1699999999999555,99.27837132055672,0
dqn_verified,synthetic_rough_heston,,dqn,279983631,41.34937179920416,41.15614573627851,0.9189810898585336,4.3957486612140855,-3.476767571355575,99.08101891014148,0
dqn_verified,synthetic_rough_heston,,dqn,104944766,31.45916553668576,31.21902663478671,0.6350014519174465,4.900396942075674,-4.265395490158263,99.36499854808255,0
dqn_verified,synthetic_rough_heston,,dqn,1398718536,39.130756087744885,39.1288969408203,0.2935507359672442,0.4311782606518274,-0.1376275246846151,99.70644926403276,0
dqn_verified,synthetic_rough_heston,,dqn,1382436732,21.647971530668656,21.636691145656112,0.6695915691475847,1.062091569147622,-0.3925000000000374,99.33040843085242,0
dqn_verified,synthetic_rough_heston,,dqn,1822786061,32.64363612687074,32.6424059963721,0.4482321625741576,0.3507321625741891,0.0975000000000037,99.55176783742584,14
dqn_verified,synthetic_rough_heston,,dqn,879773370,3.725936066619295,3.725802286389076,0.1650069849127931,0.1156634039870559,0.0493435809257265,99.8349930150872,24
dqn_verified,synthetic_rough_heston,,dqn,2043945046,56.1631601035424,56.01078733353206,0.2587478608776763,3.903495484951088,-3.644747624073412,99.74125213912232,0
dqn_verified,synthetic_rough_heston,,dqn,1458350865,20.72018596096168,20.718724894275315,0.3075959288916863,0.3822390202954593,-0.0746430914037348,99.69240407110831,12
dqn_verified,synthetic_rough_heston,,dqn,1570091229,36.75071369325275,36.7506734794814,0.4965856709011689,-0.0634143290988706,0.5600000000000591,99.50341432909885,15
dqn_verified,synthetic_rough_heston,,dqn,1963377882,28.108178542273745,28.107562490097013,0.1332039839994792,0.248203983999435,-0.11499999999997,99.86679601600052,2
dqn_verified,synthetic_rough_heston,,dqn,922385963,24.505984416508714,24.499010275768857,0.4173867897191883,-0.8351132102808123,1.2525000000000155,99.5826132102808,11
dqn_verified,synthetic_rough_heston,,dqn,1134397302,31.85977883461055,31.820223848716985,0.8987188090251976,-1.9888435306370431,2.8875623396622716,99.1012811909748,0
dqn_verified,synthetic_rough_heston,,dqn,1361953339,-40.795336602233945,-40.80279713563677,0.5387437931949819,0.8637437931949812,-0.3250000000000064,99.46125620680502,5
dqn_verified,synthetic_rough_heston,,dqn,1031019006,-9.21045935457312,-9.21062707488143,0.109506875612908,0.1295068756128916,-0.0200000000000031,99.89049312438708,26
dqn_verified,synthetic_rough_heston,,dqn,53419154,10.78151149303939,10.781342183904908,0.192618843555806,0.1301188435558558,0.0624999999999715,99.8073811564442,17
dqn_verified,synthetic_rough_heston,,dqn,1338190356,49.017354798332235,48.751831687409975,0.4353934679689644,5.152893467967889,-4.7174999999989495,99.56460653203104,0
dqn_verified,synthetic_rough_heston,,dqn,250858187,3.1806212978972326,1.377964104314087,0.9948628238167316,13.426306988830346,-12.431444165013632,99.00513717618328,0
dqn_verified,synthetic_rough_heston,,dqn,2129749168,3.464654930268807,3.4243986223074785,0.5225766741371132,2.006397467136778,-1.4838207929996656,99.47742332586289,0
dqn_verified,synthetic_rough_heston,,dqn,2130738303,17.84468495015608,17.833418988764013,0.4081551753767058,1.061412332322708,-0.6532571569460057,99.5918448246233,0
dqn_verified,synthetic_rough_heston,,dqn,1017956649,38.376405672308465,38.36867728982695,0.7866121931538999,0.8791121931539578,-0.0925000000000793,99.2133878068461,0
dqn_verified,synthetic_rough_heston,,dqn,1274680140,29.940684062790982,29.47206492719877,6.862825752089677,6.845576203594681,0.0172495484950626,93.13717424791032,2
dqn_verified,synthetic_rough_heston,,dqn,1585408273,23.09157663776932,22.53111318615375,0.7200759051470982,7.486410699497942,-6.7663347943508505,99.2799240948529,0
dqn_verified,synthetic_rough_heston,,dqn,1144086060,24.102712634556156,24.099275788765453,0.8162461761667856,0.5862461761668172,0.2299999999999826,99.1837538238332,0
dqn_verified,synthetic_rough_heston,,dqn,410286162,-2.886802858196418,-2.887881194420774,0.4312656224879987,0.3283803015341293,0.1028853209538622,99.568734377512,2
dqn_verified,synthetic_rough_heston,,dqn,373643122,7.156454028447231,7.153422562240494,0.9630875231730016,0.5505875231729709,0.4125000000000298,99.036912476827,8
dqn_verified,synthetic_rough_heston,,dqn,1500953274,11.36086154710756,11.344148792072872,0.6567434328005675,1.2927782112446384,-0.6360347784440871,99.34325656719945,0
dqn_verified,synthetic_rough_heston,,dqn,83988248,-28.357633510309302,-28.360213925019085,0.4879778252822007,0.5079778252821754,-0.019999999999996,99.5120221747178,24
dqn_verified,synthetic_rough_heston,,dqn,1865270753,27.932139911186823,27.828798723022423,0.7404800170743044,3.214672427548404,-2.474192410474103,99.2595199829257,0
dqn_verified,synthetic_rough_heston,,dqn,2136924679,43.43372169450595,40.9820139967262,18.645429932718756,15.657929932720172,2.9874999999985405,81.35457006728124,0
dqn_verified,synthetic_rough_heston,,dqn,675361705,22.47877843252907,22.473388615876264,0.664153706849163,0.7341537068491651,-0.0700000000000109,99.33584629315084,2
dqn_verified,synthetic_rough_heston,,dqn,1787143916,-19.853232498273737,-19.893772714499235,0.6002728022853887,-2.013460111983853,2.613732914269256,99.3997271977146,9
dqn_verified,synthetic_rough_heston,,dqn,1157074811,29.966649115744076,29.949999904374476,0.812277689469596,1.2903182308873111,-0.478040541417718,99.1877223105304,0
dqn_verified,synthetic_rough_heston,,dqn,346534653,18.96368012483565,18.953291551204355,0.549243524938845,1.0192435249387568,-0.46999999999991,99.45075647506116,9
dqn_verified,synthetic_rough_heston,,dqn,2029212888,-34.51212385826596,-34.51251663918464,0.077713654116394,0.1981870123590627,-0.1204733582426837,99.9222863458836,12
dqn_verified,synthetic_rough_heston,,dqn,284833619,11.631413853520137,11.621959131561232,0.9896551225540264,0.972353945788297,0.0173011767657342,99.01034487744596,22
dqn_verified,synthetic_rough_heston,,dqn,963504523,-10.339785967452933,-10.340113929908943,0.50609733736718,0.1810973373671651,0.3249999999999993,99.49390266263282,13
dqn_verified,synthetic_rough_heston,,dqn,1918322573,14.939129537177449,14.937582426010415,0.3783333404416282,0.3933333404416261,-0.014999999999997,99.62166665955836,15
dqn_verified,synthetic_rough_heston,,dqn,344371083,36.89681117654436,36.896810576389704,0.3509952714866102,0.0077469649263796,0.3432483065602151,99.6490047285134,0
dqn_verified,synthetic_rough_heston,,dqn,1588251919,27.60704424299911,27.599721607575244,0.9207239872684596,0.8557239872684708,0.0649999999999941,99.07927601273154,0
dqn_verified,synthetic_rough_heston,,dqn,152900645,14.225134633552516,14.224283935186538,0.2570862527401516,-0.2916673389289186,0.5487535916690596,99.74291374725983,9
dqn_verified,synthetic_rough_heston,,dqn,1891103623,-25.343516156579543,-25.351486086917973,0.8777446632957577,0.8927446632957643,-0.0150000000000005,99.12225533670424,23
dqn_verified,synthetic_rough_heston,,dqn,2085732003,-25.19785038223432,-25.957193654124275,8.731530479003155,8.71403047900315,0.0175000000000018,91.26846952099685,29
dqn_verified,synthetic_rough_heston,,dqn,266216506,-14.198964312612649,-14.199558582035811,0.2338410140880285,0.2437764187044511,-0.0099354046164084,99.76615898591196,20
dqn_verified,synthetic_rough_heston,,dqn,1053758720,-35.132715642173935,-43.6616799789664,27.50676991526876,29.204390657557763,-1.6976207422890004,72.49323008473124,0
dqn_verified,synthetic_rough_heston,,dqn,938390068,12.421907768550229,12.325386391855726,0.198093535096163,-3.10678896442132,3.3048824995174555,99.80190646490384,0
dqn_verified,synthetic_rough_heston,,dqn,857959051,37.98042890502422,37.98042627596557,0.6435690888262116,-0.0162143721637368,0.6597834609899911,99.3564309111738,23
dqn_verified,synthetic_rough_heston,,dqn,719206609,25.64109398855726,25.63956579845446,0.3084207212210117,0.3909207212209935,-0.0824999999999782,99.691579278779,0
dqn_verified,synthetic_rough_heston,,dqn,187237339,29.122227422040073,29.11862547080918,0.5977144579438516,0.6001625805473059,-0.0024481226034489,99.40228554205616,25
dqn_verified,synthetic_rough_heston,,dqn,1809838918,-45.96466794690338,-45.9671806338315,0.4067169900160365,0.5012670873011174,-0.0945500972850914,99.59328300998396,16
dqn_verified,synthetic_rough_heston,,dqn,892651515,-2.9573773030085286,-2.9656157032554136,0.9076563362245196,0.9076563362244948,3.552713678800501e-15,99.09234366377548,26
dqn_verified,synthetic_rough_heston,,dqn,1886884439,-12.31937850939692,-12.319712291101489,0.1951969360906531,0.1826969360906734,0.0125000000000028,99.80480306390936,28
dqn_verified,synthetic_rough_heston,,dqn_auction_noop,1906509230,37.100448291761495,37.09303106327189,0.8612333301495596,0.8612333301495347,0.0,99.13876666985044,0
dqn_verified,synthetic_rough_heston,,dqn_auction_noop,1178422796,15.448756034193138,15.445570671859006,0.5643901429093887,0.564390142909402,0.0,99.4356098570906,0
dqn_verified,synthetic_rough_heston,,dqn_auction_noop,1963502950,44.695822427576786,44.690742152955394,0.7127604521430442,0.7127604521430264,0.0,99.28723954785696,0
dqn_verified,synthetic_rough_heston,,dqn_auction_noop,1703319850,23.59467737258092,23.59163252611414,0.5518012746250065,0.5518012746250243,0.0,99.448198725375,0
dqn_verified,synthetic_rough_heston,,dqn_auction_noop,1313726939,22.503755499968975,22.502580810908977,0.3427373717587443,0.3427373717587514,0.0,99.65726262824126,0
dqn_verified,synthetic_rough_heston,,dqn_auction_noop,1061055793,-15.074937808996763,-15.080680367393503,0.757796700754156,0.7577967007541826,0.0,99.24220329924584,0
dqn_verified,synthetic_rough_heston,,dqn_auction_noop,1067007710,35.95924655012459,35.956284672479896,0.5442313519719875,0.5442313519720026,0.0,99.455768648028,0
dqn_verified,synthetic_rough_heston,,dqn_auction_noop,40720655,-6.28244270747382,-6.282468626354809,0.0509105892610932,0.0509105892610826,0.0,99.9490894107389,0
dqn_verified,synthetic_rough_heston,,dqn_auction_noop,1966159132,24.535177520087014,24.525286994798897,0.9945112009485656,0.9945112009485592,0.0,99.00548879905143,0
dqn_verified,synthetic_rough_heston,,dqn_auction_noop,188577770,5.4763526973329135,5.475315779699632,0.3220120546316849,0.3220120546316969,0.0,99.67798794536832,0
dqn_verified,synthetic_rough_heston,,dqn_auction_noop,1402152033,44.26324659539932,44.25527503180919,0.8928361322288509,0.8928361322288758,0.0,99.10716386777116,0
dqn_verified,synthetic_rough_heston,,dqn_auction_noop,2092728533,-26.195552833938564,-27.093048541541712,9.473625006316992,9.473625006316995,0.0,90.526374993683,0
dqn_verified,synthetic_rough_heston,,dqn_auction_noop,1437347273,42.426790493364024,42.41975907784794,0.8385353609767918,0.8385353609767563,0.0,99.1614646390232,0
dqn_verified,synthetic_rough_heston,,dqn_auction_noop,1045146178,35.311705691779935,35.30519974933269,0.8065942255712883,0.8065942255713008,0.0,99.19340577442873,0
dqn_verified,synthetic_rough_heston,,dqn_auction_noop,528283994,7.868536564719761,7.868036921530815,0.2235269981334937,0.2235269981335048,0.0,99.7764730018665,0
dqn_verified,synthetic_rough_heston,,dqn_auction_noop,36265689,6.740914031790453,6.736466355753379,0.6669089920727203,0.6669089920727282,0.0,99.33309100792728,0
dqn_verified,synthetic_rough_heston,,dqn_auction_noop,1193742096,12.833180168190664,12.830786760133211,0.4892246986256481,0.4892246986256445,0.0,99.51077530137437,0
dqn_verified,synthetic_rough_heston,,dqn_auction_noop,793249015,-4.658140424882731,-4.658249050474536,0.1042236018398057,0.1042236018398488,0.0,99.8957763981602,0
dqn_verified,synthetic_rough_heston,,dqn_auction_noop,1309854583,-0.8840976960691478,-0.8842013547835396,0.1018129237335756,0.1018129237335649,0.0,99.89818707626642,0
dqn_verified,synthetic_rough_heston,,dqn_auction_noop,1144601564,26.05726842953663,26.048942015860803,0.912491845214646,0.9124918452146328,0.0,99.08750815478535,0
dqn_verified,synthetic_rough_heston,,dqn_auction_noop,982973886,10.12166458313368,10.11872816235754,0.5418875138014698,0.5418875138014592,0.0,99.45811248619852,0
dqn_verified,synthetic_rough_heston,,dqn_auction_noop,715231342,-10.289944790363734,-10.292987409949689,0.551599454854113,0.551599454854113,0.0,99.44840054514589,0
dqn_verified,synthetic_rough_heston,,dqn_auction_noop,2130732657,13.07330565617849,13.073054404875498,0.1585090858572186,0.1585090858571867,0.0,99.84149091414278,0
dqn_verified,synthetic_rough_heston,,dqn_auction_noop,1234679122,7.036206612479873,7.0351823633599615,0.3200389226190907,0.3200389226190854,0.0,99.67996107738092,0
dqn_verified,synthetic_rough_heston,,dqn_auction_noop,490149342,4.3684554202427535,4.366450281577898,0.4477877471364309,0.4477877471364242,0.0,99.55221225286355,0
dqn_verified,synthetic_rough_heston,,dqn_auction_noop,381953676,20.46219149672288,20.458720256467767,0.589172322424588,0.5891723224245773,0.0,99.4108276775754,0
dqn_verified,synthetic_rough_heston,,dqn_auction_noop,478640128,-46.78149318473879,-53.86069920794331,26.606777375707352,26.606777375707345,0.0,73.39322262429265,0
dqn_verified,synthetic_rough_heston,,dqn_auction_noop,951876364,17.147715405750205,17.145930974867657,0.4224252457595128,0.4224252457595119,0.0,99.57757475424047,0
dqn_verified,synthetic_rough_heston,,dqn_auction_noop,723990043,0.9969377814632026,0.9745289030554768,1.4969595321092155,1.4969595321091975,0.0,98.50304046789078,0
dqn_verified,synthetic_rough_heston,,dqn_auction_noop,487116369,37.55134108023594,37.546079003279075,0.7254017477832804,0.7254017477832662,0.0,99.27459825221672,0
dqn_verified,synthetic_rough_heston,,dqn_auction_noop,1985429050,47.08078466364896,47.08066346081829,0.1100921571501913,0.1100921571501913,0.0,99.8899078428498,0
dqn_verified,synthetic_rough_heston,,dqn_auction_noop,1628956857,-10.065496335630089,-10.071850409149423,0.7971244268832152,0.7971244268831974,0.0,99.20287557311678,0
dqn_verified,synthetic_rough_heston,,dqn_auction_noop,1189523478,17.555008571793223,17.55383508585492,0.3425618102332208,0.3425618102331875,0.0,99.65743818976678,0
dqn_verified,synthetic_rough_heston,,dqn_auction_noop,1296530916,-15.304206128213991,-15.926563788558068,7.888964826541439,7.888964826541425,0.0,92.11103517345856,0
dqn_verified,synthetic_rough_heston,,dqn_auction_noop,707561452,27.38191016068049,26.74744081053774,7.965358436020026,7.965358436020012,0.0,92.03464156397996,0
dqn_verified,synthetic_rough_heston,,dqn_auction_noop,901155818,15.609976538849878,15.600024261560266,0.9976110108460574,0.99761101084602,0.0,99.00238898915394,0
dqn_verified,synthetic_rough_heston,,dqn_auction_noop,1820860524,28.48921244824305,28.480688557843457,0.923249175444866,0.9232491754448562,0.0,99.07675082455512,0
dqn_verified,synthetic_rough_heston,,dqn_auction_noop,1044185241,-6.4557769499751885,-6.4572839836095275,0.3882053109295071,0.3882053109295134,0.0,99.61179468907048,0
dqn_verified,synthetic_rough_heston,,dqn_auction_noop,591637826,11.926514163078537,11.925444471317858,0.3270614255272051,0.32706142552719,0.0,99.6729385744728,0
dqn_verified,synthetic_rough_heston,,dqn_auction_noop,27222720,-0.799804963364295,-0.8002014969453352,0.1991315095710035,0.1991315095709875,0.0,99.800868490429,0
dqn_verified,synthetic_rough_heston,,dqn_auction_noop,64598572,8.247309049191244,8.247036091142727,0.1652144208346868,0.1652144208346824,0.0,99.83478557916531,0
dqn_verified,synthetic_rough_heston,,dqn_auction_noop,824692580,22.170052264054902,22.167717257211248,0.4832190852662421,0.4832190852662696,0.0,99.51678091473376,0
dqn_verified,synthetic_rough_heston,,dqn_auction_noop,1292888439,11.26389546673454,11.260227129430453,0.605668003454582,0.6056680034545564,0.0,99.39433199654542,0
dqn_verified,synthetic_rough_heston,,dqn_auction_noop,1567077053,15.433059351054908,15.43256042544135,0.2233664284437111,0.2233664284437249,0.0,99.77663357155627,0
dqn_verified,synthetic_rough_heston,,dqn_auction_noop,1386223455,20.517622502979066,20.517526213004633,0.0981274550950814,0.0981274550950621,0.0,99.90187254490492,0
dqn_verified,synthetic_rough_heston,,dqn_auction_noop,2103330825,26.123671877659945,25.53371688447115,7.680852772894397,7.680852772894372,0.0,92.3191472271056,0
dqn_verified,synthetic_rough_heston,,dqn_auction_noop,1713764255,-18.403874196739707,-18.405391009308403,0.3894627798256067,0.3894627798256085,0.0,99.6105372201744,0
dqn_verified,synthetic_rough_heston,,dqn_auction_noop,338169861,14.538057887739342,14.536570308663295,0.3856914668549365,0.3856914668549578,0.0,99.61430853314506,0
dqn_verified,synthetic_rough_heston,,dqn_auction_noop,460890984,32.76741601799404,32.76029755954578,0.8437095737428564,0.8437095737428866,0.0,99.15629042625714,0
dqn_verified,synthetic_rough_heston,,dqn_auction_noop,1844393987,2.971441732172025,2.969965206575859,0.3842558517662127,0.3842558517662295,0.0,99.6157441482338,0
dqn_verified,synthetic_rough_heston,,dqn_auction_noop,1032412864,2.4278469070814026,2.424829863118104,0.5492762477386748,0.5492762477386544,0.0,99.45072375226133,0
dqn_verified,synthetic_rough_heston,,dqn_auction_noop,285977676,26.801473684858134,26.801462622768252,0.0332597202147297,0.033259720214728,0.0,99.96674027978528,0
dqn_verified,synthetic_rough_heston,,dqn_auction_noop,1194047159,29.11811632355966,29.117646977224577,0.2166440248625889,0.2166440248625813,0.0,99.7833559751374,0
dqn_verified,synthetic_rough_heston,,dqn_auction_noop,410795716,-14.946939932089665,-14.947009344944217,0.0833143772432265,0.0833143772431912,0.0,99.91668562275676,0
dqn_verified,synthetic_rough_heston,,dqn_auction_noop,1688827796,28.640986860238627,28.63327357506852,0.8782531053237221,0.8782531053237173,0.0,99.12174689467628,0
dqn_verified,synthetic_rough_heston,,dqn_auction_noop,1615174803,23.125945845738897,23.123933838236866,0.4485540660869276,0.448554066086916,0.0,99.55144593391309,0
dqn_verified,synthetic_rough_heston,,dqn_auction_noop,573603312,9.325223224966976,9.32522263372945,0.0076891971439465,0.0076891971439252,0.0,99.99231080285604,0
dqn_verified,synthetic_rough_heston,,dqn_auction_noop,1292648848,32.31101607117307,31.17286568137312,10.6684131425435,10.668413142543502,0.0,89.3315868574565,0
dqn_verified,synthetic_rough_heston,,dqn_auction_noop,504177273,-0.1484558886913873,-0.1515428361243828,0.5556030447176425,0.5556030447176674,0.0,99.44439695528236,0
dqn_verified,synthetic_rough_heston,,dqn_auction_noop,2023171617,4.421693014441189,4.416407244852306,0.727032983356537,0.7270329833565317,0.0,99.27296701664346,0
dqn_verified,synthetic_rough_heston,,dqn_auction_noop,155866399,25.49517371426373,25.49387299705784,0.3606545723937415,0.36065457239373,0.0,99.63934542760626,0
dqn_verified,synthetic_rough_heston,,dqn_auction_noop,426465092,62.68910900991068,62.56687693490785,3.4961704049263034,3.4961704049262927,0.0,96.5038295950737,0
dqn_verified,synthetic_rough_heston,,dqn_auction_noop,2075242093,30.601040887942872,30.60052991531295,0.2260470371230099,0.2260470371229983,0.0,99.773952962877,0
dqn_verified,synthetic_rough_heston,,dqn_auction_noop,426948909,-37.75458182196962,-37.763722778707674,0.9560835077569294,0.956083507756916,0.0,99.04391649224308,0
dqn_verified,synthetic_rough_heston,,dqn_auction_noop,40870105,15.76745604669668,15.75972588657626,0.8792132915522046,0.8792132915521904,0.0,99.1207867084478,0
dqn_verified,synthetic_rough_heston,,dqn_auction_noop,1146798258,45.2930633544056,45.29288467178711,0.1336722179417648,0.1336722179417773,0.0,99.86632778205824,0
dqn_verified,synthetic_rough_heston,,dqn_auction_noop,2070376215,-10.344540787804362,-10.350360050492592,0.7628409197354813,0.7628409197354564,0.0,99.23715908026452,0
dqn_verified,synthetic_rough_heston,,dqn_auction_noop,511062834,30.86726846212514,30.86518878712941,0.4560345376975618,0.4560345376975752,0.0,99.54396546230244,0
dqn_verified,synthetic_rough_heston,,dqn_auction_noop,1541412974,14.798797998810189,3.697257345656429,33.31897455377906,33.31897455377905,0.0,66.68102544622094,0
dqn_verified,synthetic_rough_heston,,dqn_auction_noop,376403019,30.377720995518757,30.281766983467985,3.09764446072775,3.097644460727776,0.0,96.90235553927224,0
dqn_verified,synthetic_rough_heston,,dqn_auction_noop,1108559752,23.71859406384101,23.70878724132201,0.990294022954714,0.9902940229547106,0.0,99.00970597704529,0
dqn_verified,synthetic_rough_heston,,dqn_auction_noop,1393048108,-30.01408907529185,-30.014135791193148,0.0683490316676511,0.0683490316676511,0.0,99.93165096833236,0
dqn_verified,synthetic_rough_heston,,dqn_auction_noop,2023564002,-51.24420669616666,-51.249325913078614,0.7154870307671644,0.7154870307671628,0.0,99.28451296923284,0
dqn_verified,synthetic_rough_heston,,dqn_auction_noop,916344601,39.67425003208882,39.6666628531673,0.8710441390375507,0.8710441390375477,0.0,99.12895586096244,0
dqn_verified,synthetic_rough_heston,,dqn_auction_noop,486149422,8.214223240456704,-8.327237180909808,40.671194255107046,40.67119425510703,0.0,59.328805744892954,0
dqn_verified,synthetic_rough_heston,,dqn_auction_noop,410404482,-3.15869619318255,-3.165475340106019,0.8233557507826958,0.8233557507826994,0.0,99.1766442492173,0
dqn_verified,synthetic_rough_heston,,dqn_auction_noop,848518413,30.70148292084741,30.69635209177161,0.7162980577803069,0.7162980577803033,0.0,99.2837019422197,0
dqn_verified,synthetic_rough_heston,,dqn_auction_noop,1216465325,16.529686012348975,16.520075767087338,0.9803185840142136,0.9803185840142152,0.0,99.0196814159858,0
dqn_verified,synthetic_rough_heston,,dqn_auction_noop,1701726968,0.6652369099574571,0.6556862048108972,0.9772770920552888,0.9772770920552614,0.0,99.02272290794473,0
dqn_verified,synthetic_rough_heston,,dqn_auction_noop,1739537596,12.976475299756205,12.974707511002006,0.4204508002367078,0.4204508002367078,0.0,99.57954919976328,0
dqn_verified,synthetic_rough_heston,,dqn_auction_noop,2050860255,14.489282199723675,14.48456030286045,0.6871605971842456,0.6871605971842492,0.0,99.31283940281575,0
dqn_verified,synthetic_rough_heston,,dqn_auction_noop,218238821,48.10765872442971,48.10699480704787,0.2576659430029764,0.2576659430029622,0.0,99.74233405699702,0
dqn_verified,synthetic_rough_heston,,dqn_auction_noop,128588240,36.72956640650773,36.727989324188925,0.3971249575140092,0.3971249575140216,0.0,99.602875042486,0
dqn_verified,synthetic_rough_heston,,dqn_auction_noop,1162542574,47.43787215124212,47.43786320571552,0.0299090732111153,0.0299090732110967,0.0,99.97009092678888,0
dqn_verified,synthetic_rough_heston,,dqn_auction_noop,1005643756,13.62542882190064,13.618681797490291,0.821402727676741,0.8214027276767522,0.0,99.17859727232326,0
dqn_verified,synthetic_rough_heston,,dqn_auction_noop,711572297,23.132552881921583,23.1322235647239,0.1814709887788268,0.1814709887788215,0.0,99.81852901122116,0
dqn_verified,synthetic_rough_heston,,dqn_auction_noop,501043199,4.809249770945826,4.806384967835154,0.5352385552884016,0.5352385552883767,0.0,99.4647614447116,0
dqn_verified,synthetic_rough_heston,,dqn_auction_noop,1291999351,34.81218775164052,27.313825459755876,27.383137679755848,27.383137679755848,0.0,72.61686232024415,0
dqn_verified,synthetic_rough_heston,,dqn_auction_noop,102182588,4.497073914317298,4.491691734031106,0.733633442953078,0.7336334429530411,0.0,99.26636655704692,0
dqn_verified,synthetic_rough_heston,,dqn_auction_noop,2119210718,30.576157253462952,30.57283202506757,0.576647933784713,0.5766479337847079,0.0,99.42335206621529,0
dqn_verified,synthetic_rough_heston,,dqn_auction_noop,1109208492,28.385882182044952,28.377461250391043,0.9176563438406332,0.9176563438406262,0.0,99.08234365615937,0
dqn_verified,synthetic_rough_heston,,dqn_auction_noop,1274300456,36.84002042568136,36.83999661738264,0.0487937482863287,0.0487937482863376,0.0,99.95120625171369,0
dqn_verified,synthetic_rough_heston,,dqn_auction_noop,1256771816,-1.5509869139568764,-1.554035763699272,0.5521639016085516,0.5521639016085498,0.0,99.44783609839143,0
dqn_verified,synthetic_rough_heston,,dqn_auction_noop,1077857574,16.40312579172314,16.402954760980805,0.1307787224043579,0.1307787224043473,0.0,99.86922127759564,0
dqn_verified,synthetic_rough_heston,,dqn_auction_noop,1100698389,30.99556384583957,30.9948521961216,0.2667676363372209,0.2667676363372564,0.0,99.73323236366278,0
dqn_verified,synthetic_rough_heston,,dqn_auction_noop,795778257,15.501849403892264,15.498900299360283,0.5430565837904595,0.5430565837904364,0.0,99.45694341620954,0
dqn_verified,synthetic_rough_heston,,dqn_auction_noop,1548246893,20.305446126136303,20.295596232804172,0.9924662881998358,0.9924662881998528,0.0,99.00753371180016,0
dqn_verified,synthetic_rough_heston,,dqn_auction_noop,633707972,-4.320110544569616,-4.322734454276421,0.5122411255263586,0.5122411255263382,0.0,99.48775887447364,0
dqn_verified,synthetic_rough_heston,,dqn_auction_noop,983296256,-16.527778070480053,-19.558508608120405,17.408993473605364,17.408993473605392,0.0,82.59100652639464,0
dqn_verified,synthetic_rough_heston,,dqn_auction_noop,487951037,37.86449585653827,37.8644554247017,0.0635860335017639,0.063586033501787,0.0,99.93641396649824,0
dqn_verified,synthetic_rough_heston,,dqn_auction_noop,978154369,34.030768483726206,34.026971961675734,0.6161592367621296,0.6161592367621234,0.0,99.38384076323788,0
dqn_verified,synthetic_rough_heston,,dqn_auction_noop,554788091,33.29911347305642,33.297826796767914,0.3587027025978102,0.3587027025978111,0.0,99.6412972974022,0
dqn_verified,synthetic_rough_heston,,dqn_auction_noop,2090199347,7.3889303385331,7.388760081836393,0.1304824496655925,0.1304824496655943,0.0,99.8695175503344,0
dqn_verified,synthetic_rough_heston,,dqn_auction_noop,2069017976,-19.124783370103614,-19.124831060116275,0.0690579558500275,0.0690579558500203,0.0,99.93094204414996,0
dqn_verified,synthetic_rough_heston,,dqn_auction_noop,945043387,-38.639693656616146,-38.64179366623315,0.45825861879581,0.4582586187958313,0.0,99.5417413812042,0
dqn_verified,synthetic_rough_heston,,dqn_auction_noop,1939521563,-86.10313646521354,-86.11012351724328,0.8358858791571038,0.8358858791570949,0.0,99.1641141208429,0
dqn_verified,synthetic_rough_heston,,dqn_auction_noop,837962510,-17.858481384595507,-17.864890355553232,0.8005604885156856,0.8005604885156821,0.0,99.19943951148431,0
dqn_verified,synthetic_rough_heston,,dqn_auction_noop,1294936529,44.57456287374225,44.56778321769321,0.8233866679173047,0.8233866679172972,0.0,99.1766133320827,0
dqn_verified,synthetic_rough_heston,,dqn_auction_noop,1783232423,14.475927969338954,14.472189190513252,0.6114555442305942,0.6114555442305765,0.0,99.3885444557694,0
dqn_verified,synthetic_rough_heston,,dqn_auction_noop,133555220,18.72496517759464,18.7207267392643,0.6510328970443595,0.6510328970443666,0.0,99.34896710295564,0
dqn_verified,synthetic_rough_heston,,dqn_auction_noop,727659984,35.55323511817369,35.55283449378143,0.200156037194418,0.2001560371944393,0.0,99.79984396280558,0
dqn_verified,synthetic_rough_heston,,dqn_auction_noop,1045640949,-69.61944074222811,-72.71751626312617,17.601350859800647,17.601350859800668,0.0,82.39864914019935,0
dqn_verified,synthetic_rough_heston,,dqn_auction_noop,1498406538,-15.045020308851235,-15.047901153480645,0.53673500252998,0.5367350025300377,0.0,99.46326499747002,0
dqn_verified,synthetic_rough_heston,,dqn_auction_noop,894023265,4.46916808977403,4.464505592801648,0.6828247924894413,0.6828247924894129,0.0,99.31717520751056,0
dqn_verified,synthetic_rough_heston,,dqn_auction_noop,1456034043,38.86975824230285,38.868917901278195,0.2898863612967091,0.2898863612967144,0.0,99.71011363870328,0
dqn_verified,synthetic_rough_heston,,dqn_auction_noop,2145465691,-15.741966474310177,-15.742935786010843,0.3113377106403732,0.3113377106403678,0.0,99.68866228935964,0
dqn_verified,synthetic_rough_heston,,dqn_auction_noop,1645332470,18.979730228609696,18.976030513806343,0.6082528095580813,0.6082528095580884,0.0,99.39174719044192,0
dqn_verified,synthetic_rough_heston,,dqn_auction_noop,1703360263,10.00204131404098,10.000618474427108,0.3772054630931478,0.3772054630931354,0.0,99.62279453690684,0
dqn_verified,synthetic_rough_heston,,dqn_auction_noop,1254093673,39.718197532993145,39.71749457563422,0.2651334303564994,0.2651334303565127,0.0,99.7348665696435,0
dqn_verified,synthetic_rough_heston,,dqn_auction_noop,679604879,26.25497609161539,26.25378786701675,0.3447063385895177,0.3447063385895033,0.0,99.65529366141048,0
dqn_verified,synthetic_rough_heston,,dqn_auction_noop,1800514979,28.97200739505206,28.971957149232747,0.0708842855027995,0.0708842855028204,0.0,99.9291157144972,0
dqn_verified,synthetic_rough_heston,,dqn_auction_noop,1009107304,30.00295217589337,30.00295216673555,0.0009569647663312,0.0009569647663325,0.0,99.99904303523368,0
dqn_verified,synthetic_rough_heston,,dqn_auction_noop,1459119855,18.54111416207525,18.535139967088373,0.7729291679624879,0.7729291679624737,0.0,99.22707083203753,0
dqn_verified,synthetic_rough_heston,,dqn_auction_noop,2082327116,16.16645776159021,16.165622736440067,0.2889680172861375,0.2889680172861135,0.0,99.71103198271386,0
dqn_verified,synthetic_rough_heston,,dqn_auction_noop,1795215048,27.79280081754041,27.79201918422126,0.2795770589926434,0.2795770589926514,0.0,99.72042294100736,0
dqn_verified,synthetic_rough_heston,,dqn_auction_noop,1559844699,46.8237781718035,46.81488556259881,0.943006320481814,0.9430063204818656,0.0,99.0569936795182,0
dqn_verified,synthetic_rough_heston,,dqn_auction_noop,1337581818,22.373162724823487,22.367824662333348,0.7306204548286672,0.7306204548286637,0.0,99.26937954517132,0
dqn_verified,synthetic_rough_heston,,dqn_auction_noop,1567278356,-38.855595498125695,-38.86447536555289,0.9423304848723716,0.9423304848723788,0.0,99.05766951512764,0
dqn_verified,synthetic_rough_heston,,dqn_auction_noop,1391644635,-24.039670067784755,-24.039704700325437,0.0588494185874282,0.0588494185874068,0.0,99.94115058141256,0
dqn_verified,synthetic_rough_heston,,dqn_auction_noop,1226640195,4.64001546194595,4.639828335609408,0.1367941287268195,0.1367941287268284,0.0,99.86320587127318,0
dqn_verified,synthetic_rough_heston,,dqn_auction_noop,573081701,-16.12001969372068,-25.92374626698504,31.310903170084984,31.310903170084963,0.0,68.68909682991502,0
dqn_verified,synthetic_rough_heston,,dqn_auction_noop,856702353,-4.30111803516229,-4.301732456356845,0.2478752094412755,0.247875209441286,0.0,99.75212479055872,0
dqn_verified,synthetic_rough_heston,,dqn_auction_noop,969233424,12.97739112742056,12.972511297001487,0.6985578300377853,0.6985578300377995,0.0,99.3014421699622,0
dqn_verified,synthetic_rough_heston,,dqn_auction_noop,2038887002,12.989873609372808,12.98804341651555,0.4278075335075044,0.4278075335074816,0.0,99.5721924664925,0
dqn_verified,synthetic_rough_heston,,dqn_auction_noop,748193112,42.1814370183165,42.17203401330181,0.9696909308997448,0.9696909308997306,0.0,99.03030906910026,0
dqn_verified,synthetic_rough_heston,,dqn_auction_noop,1403188372,32.06177780904909,32.05269441835397,0.9530682396932662,0.9530682396932556,0.0,99.04693176030672,0
dqn_verified,synthetic_rough_heston,,dqn_auction_noop,688156671,-77.60471470483935,-79.17721958472973,12.539955661366449,12.539955661366497,0.0,87.46004433863355,0
dqn_verified,synthetic_rough_heston,,dqn_auction_noop,1293707997,34.1496359797311,34.14952833594127,0.103751525209276,0.1037515252092795,0.0,99.89624847479072,0
dqn_verified,synthetic_rough_heston,,dqn_auction_noop,1017816127,-60.95856409130829,-60.959071773556026,0.2253180524805884,0.2253180524805904,0.0,99.7746819475194,0
dqn_verified,synthetic_rough_heston,,dqn_auction_noop,928547401,15.943615357757151,15.943536629583042,0.088728898399097,0.0887288983990819,0.0,99.9112711016009,0
dqn_verified,synthetic_rough_heston,,dqn_auction_noop,804851501,57.02250298566287,57.01997866270134,0.5024264086936512,0.502426408693669,0.0,99.49757359130636,0
dqn_verified,synthetic_rough_heston,,dqn_auction_noop,1120019183,13.742097495038252,13.740509902792809,0.3984460120825588,0.3984460120825428,0.0,99.60155398791744,0
dqn_verified,synthetic_rough_heston,,dqn_auction_noop,1119490863,16.926522192725315,16.919095837997318,0.8617630026868,0.8617630026868284,0.0,99.1382369973132,0
dqn_verified,synthetic_rough_heston,,dqn_auction_noop,783363503,-23.32279822455712,-23.331844591440746,0.9511239079965604,0.9511239079965604,0.0,99.04887609200344,0
dqn_verified,synthetic_rough_heston,,dqn_auction_noop,205944131,22.25499445956484,22.25497639084032,0.0425073223375562,0.042507322337542,0.0,99.95749267766244,0
dqn_verified,synthetic_rough_heston,,dqn_auction_noop,446079182,9.11353191734088,9.110179663756544,0.578986492444642,0.578986492444642,0.0,99.42101350755536,0
dqn_verified,synthetic_rough_heston,,dqn_auction_noop,2128949063,45.86948082734125,45.869480252366785,0.007582707059484,0.007582707059452,0.0,99.99241729294052,0
dqn_verified,synthetic_rough_heston,,dqn_auction_noop,708828196,1.7745018708810676,1.7743925236142242,0.1045692434912837,0.1045692434912641,0.0,99.89543075650872,0
dqn_verified,synthetic_rough_heston,,dqn_auction_noop,907135295,-9.469049851957609,-9.47001143880698,0.3100946386789189,0.3100946386788852,0.0,99.68990536132108,0
dqn_verified,synthetic_rough_heston,,dqn_auction_noop,1179243183,1.2646778697362606,1.2550091576482232,0.9832960941668318,0.98329609416683,0.0,99.01670390583315,0
dqn_verified,synthetic_rough_heston,,dqn_auction_noop,1200595667,-21.865384839911712,-21.868523914756313,0.5602744724328801,0.560274472432857,0.0,99.43972552756712,0
dqn_verified,synthetic_rough_heston,,dqn_auction_noop,1138669996,-13.360904345068777,-13.361978312672694,0.3277144494705908,0.3277144494705943,0.0,99.6722855505294,0
dqn_verified,synthetic_rough_heston,,dqn_auction_noop,299092708,24.23736025661492,24.230179696760207,0.8473818415988035,0.8473818415988106,0.0,99.1526181584012,0
dqn_verified,synthetic_rough_heston,,dqn_auction_noop,1606240066,56.42087147953498,51.94553623933171,21.154988159304793,21.1549881593048,0.0,78.84501184069521,0
dqn_verified,synthetic_rough_heston,,dqn_auction_noop,1592479411,10.858800649546538,9.487846255625229,11.708776169699831,11.708776169699847,0.0,88.29122383030017,0
dqn_verified,synthetic_rough_heston,,dqn_auction_noop,1232823009,1.95189697161004,1.9480279773759697,0.6220123981135828,0.6220123981136112,0.0,99.37798760188642,0
dqn_verified,synthetic_rough_heston,,dqn_auction_noop,1380936168,22.28374858375355,22.27903109705385,0.6868396246362494,0.6868396246362494,0.0,99.31316037536376,0
dqn_verified,synthetic_rough_heston,,dqn_auction_noop,1485723813,16.695612157587675,16.692462375829674,0.5612291651368082,0.56122916513681,0.0,99.4387708348632,0
dqn_verified,synthetic_rough_heston,,dqn_auction_noop,1476988550,-1.831445142184748,-1.839964217625333,0.9229883769899204,0.9229883769899274,0.0,99.07701162301008,0
dqn_verified,synthetic_rough_heston,,dqn_auction_noop,426644302,24.599832589916332,24.59343991655469,0.7995419539738151,0.7995419539738453,0.0,99.20045804602618,0
dqn_verified,synthetic_rough_heston,,dqn_auction_noop,1492118510,-93.38165183372256,-93.38471116150232,0.5531119036648704,0.5531119036648526,0.0,99.44688809633512,0
dqn_verified,synthetic_rough_heston,,dqn_auction_noop,1871437067,-7.163360471970009,-7.168197857710404,0.6955131731602648,0.6955131731603039,0.0,99.30448682683974,0
dqn_verified,synthetic_rough_heston,,dqn_auction_noop,1821522104,-10.881709450992275,-10.88535252811524,0.603579085370356,0.6035790853703633,0.0,99.39642091462964,0
dqn_verified,synthetic_rough_heston,,dqn_auction_noop,1233002065,-4.506862872760394,-4.510870498944842,0.6330581477595842,0.6330581477595651,0.0,99.36694185224042,0
dqn_verified,synthetic_rough_heston,,dqn_auction_noop,1249666141,26.762419648068317,26.758970260294134,0.5873148877886223,0.5873148877885921,0.0,99.41268511221138,0
dqn_verified,synthetic_rough_heston,,dqn_auction_noop,1377485117,21.81675921570968,21.81581101949884,0.3079279478778858,0.3079279478778716,0.0,99.69207205212211,0
dqn_verified,synthetic_rough_heston,,dqn_auction_noop,1667673182,24.23108572125784,24.221586388947824,0.9746451821056326,0.9746451821056474,0.0,99.02535481789435,0
dqn_verified,synthetic_rough_heston,,dqn_auction_noop,257835634,-16.646882971330342,-17.810028203221272,10.784921102590118,10.784921102590085,0.0,89.21507889740988,0
dqn_verified,synthetic_rough_heston,,dqn_auction_noop,1475908961,53.9011669593001,53.895476922255355,0.7543233421247066,0.7543233421247244,0.0,99.2456766578753,0
dqn_verified,synthetic_rough_heston,,dqn_auction_noop,847186143,28.926035305312325,28.921172472592996,0.6973401407726811,0.6973401407726771,0.0,99.30265985922732,0
dqn_verified,synthetic_rough_heston,,dqn_auction_noop,454152926,23.324628040889365,23.322628653934487,0.4471450497186851,0.4471450497187197,0.0,99.55285495028131,0
dqn_verified,synthetic_rough_heston,,dqn_auction_noop,745543570,23.14715293980953,23.146610620125312,0.2328775824803841,0.2328775824803779,0.0,99.76712241751962,0
dqn_verified,synthetic_rough_heston,,dqn_auction_noop,2040040035,17.618719096102723,17.61493698728064,0.61498852201332,0.6149885220133346,0.0,99.38501147798668,0
dqn_verified,synthetic_rough_heston,,dqn_auction_noop,857589213,0.852096306727617,0.8502421446612757,0.4305998219160045,0.4305998219160472,0.0,99.569400178084,0
dqn_verified,synthetic_rough_heston,,dqn_auction_noop,447631993,9.403349465008432,9.399590089821231,0.6131374386872039,0.6131374386872119,0.0,99.3868625613128,0
dqn_verified,synthetic_rough_heston,,dqn_auction_noop,1053736358,-10.2994090672546,-10.302929995325773,0.5933740869947997,0.5933740869948148,0.0,99.4066259130052,0
dqn_verified,synthetic_rough_heston,,dqn_auction_noop,1123074415,23.39163751575325,23.388701685750775,0.541833000330314,0.5418330003303025,0.0,99.45816699966969,0
dqn_verified,synthetic_rough_heston,,dqn_auction_noop,896949228,16.49125826206182,16.49085133036489,0.2017254810200199,0.2017254810200324,0.0,99.79827451897998,0
dqn_verified,synthetic_rough_heston,,dqn_auction_noop,532798302,-4.337671360202876,-4.337916619572094,0.1566075889661107,0.1566075889661089,0.0,99.84339241103388,0
dqn_verified,synthetic_rough_heston,,dqn_auction_noop,1798006985,12.239160904677192,12.231772101725,0.8595814651440463,0.8595814651440268,0.0,99.14041853485595,0
dqn_verified,synthetic_rough_heston,,dqn_auction_noop,1380983522,18.343929472832315,18.16083749285492,4.27892486469905,4.278924864699019,0.0,95.72107513530096,0
dqn_verified,synthetic_rough_heston,,dqn_auction_noop,516067115,20.31704748786433,20.31640369150631,0.2537314245458617,0.2537314245458795,0.0,99.74626857545414,0
dqn_verified,synthetic_rough_heston,,dqn_auction_noop,181677896,31.145724304986288,31.14024983738567,0.7398964522563602,0.7398964522563798,0.0,99.26010354774364,0
dqn_verified,synthetic_rough_heston,,dqn_auction_noop,1412098877,-14.36804313732864,-14.370247164552016,0.4694706831500923,0.4694706831500852,0.0,99.53052931684992,0
dqn_verified,synthetic_rough_heston,,dqn_auction_noop,592480532,24.054603155054792,24.053895106634428,0.2660917925008732,0.2660917925008572,0.0,99.73390820749913,0
dqn_verified,synthetic_rough_heston,,dqn_auction_noop,1462116845,2.938203846280885,2.9374526881632277,0.2740726395788755,0.2740726395788622,0.0,99.72592736042112,0
dqn_verified,synthetic_rough_heston,,dqn_auction_noop,1877161225,4.5588399679618306,4.557730124665179,0.3331431068852595,0.3331431068852697,0.0,99.66685689311474,0
dqn_verified,synthetic_rough_heston,,dqn_auction_noop,1814894336,25.838035385701005,25.837987222547703,0.0693996781717203,0.0693996781717194,0.0,99.93060032182828,0
dqn_verified,synthetic_rough_heston,,dqn_auction_noop,917024862,17.218169171541376,17.212398285747224,0.7596634645783382,0.7596634645783293,0.0,99.24033653542166,0
dqn_verified,synthetic_rough_heston,,dqn_auction_noop,614922330,11.296310332021676,11.28665125928466,0.9828058168843228,0.98280581688434,0.0,99.01719418311568,0
dqn_verified,synthetic_rough_heston,,dqn_auction_noop,1801437930,19.1498790434689,19.143524777797182,0.7971364796391782,0.7971364796391875,0.0,99.20286352036082,0
dqn_verified,synthetic_rough_heston,,dqn_auction_noop,1380610365,6.29833302310908,6.291803685192455,0.8080431867559241,0.8080431867558815,0.0,99.19195681324408,0
dqn_verified,synthetic_rough_heston,,dqn_auction_noop,236614752,-3.229861261997939,-3.2301481224435924,0.1693695502895593,0.1693695502895695,0.0,99.83063044971044,0
dqn_verified,synthetic_rough_heston,,dqn_auction_noop,834408283,4.544411938240955,4.542060860752139,0.4848791074913521,0.4848791074913308,0.0,99.51512089250863,0
dqn_verified,synthetic_rough_heston,,dqn_auction_noop,2011776523,11.791408794750168,11.791386174904906,0.0475603251270655,0.0475603251270655,0.0,99.95243967487292,0
dqn_verified,synthetic_rough_heston,,dqn_auction_noop,1226258546,6.0764725392728,6.07618816862129,0.1686329302089859,0.1686329302090126,0.0,99.831367069791,0
dqn_verified,synthetic_rough_heston,,dqn_auction_noop,1616321187,-13.563230765008484,-13.563355485923577,0.1116785185660234,0.1116785185660313,0.0,99.88832148143398,0
dqn_verified,synthetic_rough_heston,,dqn_auction_noop,1672306602,31.33009931755987,22.92049369702156,28.999320027439097,28.99932002743911,0.0,71.0006799725609,0
dqn_verified,synthetic_rough_heston,,dqn_auction_noop,1762600914,-27.656659545325965,-27.66139608984897,0.6882255824224757,0.6882255824224632,0.0,99.31177441757752,0
dqn_verified,synthetic_rough_heston,,dqn_auction_noop,994946334,-5.706091977619508,-5.706623629181494,0.2305757060027389,0.2305757060027176,0.0,99.76942429399726,0
dqn_verified,synthetic_rough_heston,,dqn_auction_noop,909382858,49.860138323338106,49.857784683144125,0.4851432977980039,0.4851432977979968,0.0,99.514856702202,0
dqn_verified,synthetic_rough_heston,,dqn_auction_noop,26993609,35.37473371274973,35.37013005254646,0.6785027784228106,0.6785027784228181,0.0,99.3214972215772,0
dqn_verified,synthetic_rough_heston,,dqn_auction_noop,1773145257,-16.920653007768124,-16.922694411758886,0.4518189892825148,0.4518189892825148,0.0,99.54818101071749,0
dqn_verified,synthetic_rough_heston,,dqn_auction_noop,706407932,20.12509450839389,20.12460603277583,0.2210148452154214,0.2210148452154321,0.0,99.77898515478458,0
dqn_verified,synthetic_rough_heston,,dqn_auction_noop,331383041,2.806641987976036,2.801434508466085,0.7216286794432847,0.7216286794432971,0.0,99.27837132055672,0
dqn_verified,synthetic_rough_heston,,dqn_auction_noop,279983631,40.16727082494435,40.15882556250918,0.9189810898585336,0.9189810898585103,0.0,99.08101891014148,0
dqn_verified,synthetic_rough_heston,,dqn_auction_noop,104944766,30.00893107003139,30.004898801592024,0.6350014519174465,0.635001451917411,0.0,99.36499854808255,0
dqn_verified,synthetic_rough_heston,,dqn_auction_noop,1398718536,39.110111959042115,39.10925023869625,0.2935507359672442,0.2935507359672122,0.0,99.70644926403276,0
dqn_verified,synthetic_rough_heston,,dqn_auction_noop,1382436732,21.612646530669736,21.608163001975,0.6695915691475847,0.6695915691475847,0.0,99.33040843085242,0
dqn_verified,synthetic_rough_heston,,dqn_auction_noop,1822786061,32.76051112687128,32.75850200615562,0.4482321625741576,0.4482321625741928,0.0,99.55176783742584,0
dqn_verified,synthetic_rough_heston,,dqn_auction_noop,879773370,4.030041093670661,4.029768820619961,0.1650069849127931,0.1650069849127824,0.0,99.8349930150872,0
dqn_verified,synthetic_rough_heston,,dqn_auction_noop,2043945046,55.25197319752442,55.25130369296934,0.2587478608776763,0.2587478608776754,0.0,99.74125213912232,0
dqn_verified,synthetic_rough_heston,,dqn_auction_noop,1458350865,20.81720023730668,20.81625408475197,0.3075959288916863,0.3075959288917245,0.0,99.69240407110831,0
dqn_verified,synthetic_rough_heston,,dqn_auction_noop,1570091229,37.075913693253824,37.07344771996838,0.4965856709011689,0.4965856709011884,0.0,99.50341432909885,0
dqn_verified,synthetic_rough_heston,,dqn_auction_noop,1963377882,28.129378542274935,28.1292011092614,0.1332039839994792,0.1332039839994649,0.0,99.86679601600052,0
dqn_verified,synthetic_rough_heston,,dqn_auction_noop,922385963,24.3590594165089,24.357317299186576,0.4173867897191883,0.4173867897192032,0.0,99.5826132102808,0
dqn_verified,synthetic_rough_heston,,dqn_auction_noop,1134397302,32.72604753650921,32.717970581532256,0.8987188090251976,0.8987188090252283,0.0,99.1012811909748,0
dqn_verified,synthetic_rough_heston,,dqn_auction_noop,1361953339,-40.78033660223264,-40.783239050979695,0.5387437931949819,0.5387437931949748,0.0,99.46125620680502,0
dqn_verified,synthetic_rough_heston,,dqn_auction_noop,1031019006,-8.860059354572513,-8.860179272130578,0.109506875612908,0.1095068756128885,0.0,99.89049312438708,0
dqn_verified,synthetic_rough_heston,,dqn_auction_noop,53419154,10.927011493038664,10.926640472849735,0.192618843555806,0.1926188435558273,0.0,99.8073811564442,0
dqn_verified,synthetic_rough_heston,,dqn_auction_noop,1338190356,47.696454798333434,47.694559123613935,0.4353934679689644,0.4353934679689395,0.0,99.56460653203104,0
dqn_verified,synthetic_rough_heston,,dqn_auction_noop,250858187,2.6833635312978004,2.6734660109156745,0.9948628238167316,0.994862823816714,0.0,99.00513717618328,0
dqn_verified,synthetic_rough_heston,,dqn_auction_noop,2129749168,2.796935573420342,2.7942047096168197,0.5225766741371132,0.5225766741371123,0.0,99.47742332586289,0
dqn_verified,synthetic_rough_heston,,dqn_auction_noop,2130738303,17.70096837562778,17.699302469155914,0.4081551753767058,0.4081551753767023,0.0,99.5918448246233,0
dqn_verified,synthetic_rough_heston,,dqn_auction_noop,1017956649,38.36715567230749,38.360968084883304,0.7866121931538999,0.7866121931538785,0.0,99.2133878068461,0
dqn_verified,synthetic_rough_heston,,dqn_auction_noop,1274680140,29.960374044730997,29.489390271695537,6.862825752089677,6.862825752089743,0.0,93.13717424791032,0
dqn_verified,synthetic_rough_heston,,dqn_auction_noop,1585408273,22.7532598980506,22.74807480495887,0.7200759051470982,0.7200759051470909,0.0,99.2799240948529,0
dqn_verified,synthetic_rough_heston,,dqn_auction_noop,1144086060,24.14181263455612,24.135150056355048,0.8162461761667856,0.8162461761667998,0.0,99.1837538238332,0
dqn_verified,synthetic_rough_heston,,dqn_auction_noop,410286162,-2.854658592148553,-2.8565184925199527,0.4312656224879987,0.4312656224879916,0.0,99.568734377512,0
dqn_verified,synthetic_rough_heston,,dqn_auction_noop,373643122,7.133579028448366,7.124303652675452,0.9630875231730016,0.9630875231730008,0.0,99.036912476827,0
dqn_verified,synthetic_rough_heston,,dqn_auction_noop,1500953274,11.265456330340385,11.26114321097512,0.6567434328005675,0.6567434328005515,0.0,99.34325656719945,0
dqn_verified,synthetic_rough_heston,,dqn_auction_noop,83988248,-28.032233510310107,-28.03461473388978,0.4879778252822007,0.4879778252821793,0.0,99.5120221747178,0
dqn_verified,synthetic_rough_heston,,dqn_auction_noop,1865270753,27.43730142909226,27.431818322535396,0.7404800170743044,0.7404800170743009,0.0,99.2595199829257,0
dqn_verified,synthetic_rough_heston,,dqn_auction_noop,2136924679,43.8220966945064,40.34557612074717,18.645429932718756,18.645429932718713,0.0,81.35457006728124,0
dqn_verified,synthetic_rough_heston,,dqn_auction_noop,675361705,22.520978432530683,22.516567431067468,0.664153706849163,0.6641537068491542,0.0,99.33584629315084,0
dqn_verified,synthetic_rough_heston,,dqn_auction_noop,1787143916,-19.191073927991965,-19.1946772023636,0.6002728022853887,0.6002728022854029,0.0,99.3997271977146,0
dqn_verified,synthetic_rough_heston,,dqn_auction_noop,1157074811,29.9331862778472,29.9265883273991,0.812277689469596,0.8122776894695931,0.0,99.1877223105304,0
dqn_verified,synthetic_rough_heston,,dqn_auction_noop,346534653,19.071080124835134,19.06806344033826,0.549243524938845,0.5492435249388468,0.0,99.45075647506116,0
dqn_verified,synthetic_rough_heston,,dqn_auction_noop,2029212888,-34.42599012841856,-34.42605052253892,0.077713654116394,0.0777136541163789,0.0,99.9222863458836,0
dqn_verified,synthetic_rough_heston,,dqn_auction_noop,284833619,11.8896837358443,11.879889563228328,0.9896551225540264,0.9896551225540312,0.0,99.01034487744596,0
dqn_verified,synthetic_rough_heston,,dqn_auction_noop,963504523,-10.294285967453106,-10.296847312602008,0.50609733736718,0.5060973373671644,0.0,99.49390266263282,0
dqn_verified,synthetic_rough_heston,,dqn_auction_noop,1918322573,15.091029537179566,15.089598176014668,0.3783333404416282,0.3783333404416291,0.0,99.62166665955836,0
dqn_verified,synthetic_rough_heston,,dqn_auction_noop,344371083,36.93456849026552,36.93333651345946,0.3509952714866102,0.3509952714865948,0.0,99.6490047285134,0
dqn_verified,synthetic_rough_heston,,dqn_auction_noop,1588251919,27.614194243000384,27.605716916393067,0.9207239872684596,0.9207239872684648,0.0,99.07927601273154,0
dqn_verified,synthetic_rough_heston,,dqn_auction_noop,152900645,14.182334058885315,14.181673125471836,0.2570862527401516,0.2570862527401409,0.0,99.74291374725983,0
dqn_verified,synthetic_rough_heston,,dqn_auction_noop,1891103623,-25.03886615657757,-25.04657051351701,0.8777446632957577,0.8777446632957637,0.0,99.12225533670424,0
dqn_verified,synthetic_rough_heston,,dqn_auction_noop,2085732003,-24.768800382233167,-25.531196627290775,8.731530479003155,8.731530479003151,0.0,91.26846952099685,0
dqn_verified,synthetic_rough_heston,,dqn_auction_noop,266216506,-13.984169480245328,-13.984716296444024,0.2338410140880285,0.2338410140880427,0.0,99.76615898591196,0
dqn_verified,synthetic_rough_heston,,dqn_auction_noop,1053758720,-35.54014462032319,-43.10636853203854,27.50676991526876,27.50676991526876,0.0,72.49323008473124,0
dqn_verified,synthetic_rough_heston,,dqn_auction_noop,938390068,13.148981918444406,13.148589507957936,0.198093535096163,0.1980935350961354,0.0,99.80190646490384,0
dqn_verified,synthetic_rough_heston,,dqn_auction_noop,857959051,38.197048393534715,38.19290658181379,0.6435690888262116,0.6435690888262542,0.0,99.3564309111738,0
dqn_verified,synthetic_rough_heston,,dqn_auction_noop,719206609,25.636968988557783,25.636017755145,0.3084207212210117,0.3084207212210152,0.0,99.691579278779,0
dqn_verified,synthetic_rough_heston,,dqn_auction_noop,187237339,29.45420667108192,29.45063404534957,0.5977144579438516,0.5977144579438569,0.0,99.40228554205616,0
dqn_verified,synthetic_rough_heston,,dqn_auction_noop,1809838918,-45.80537643425669,-45.80703062135636,0.4067169900160365,0.4067169900160259,0.0,99.59328300998396,0
dqn_verified,synthetic_rough_heston,,dqn_auction_noop,892651515,-2.6033773030067096,-2.6116157032535945,0.9076563362245196,0.9076563362244984,0.0,99.09234366377548,0
dqn_verified,synthetic_rough_heston,,dqn_auction_noop,1886884439,-11.894128509396978,-11.89450952783557,0.1951969360906531,0.1951969360906762,0.0,99.80480306390936,0
dqn_verified,synthetic_rough_heston,,as,1906509230,30.650856291435048,30.64455226272704,0.7939791375099077,0.7939791375098846,0.0,99.20602086249008,0
dqn_verified,synthetic_rough_heston,,as,1178422796,18.10033864158686,18.096299276223572,0.6355600178808629,0.6355600178808487,0.0,99.36443998211914,0
dqn_verified,synthetic_rough_heston,,as,1963502950,37.45292523171156,37.45273074340012,0.3838322922859021,0.1394590661971779,0.2443732260887417,99.6161677077141,0
dqn_verified,synthetic_rough_heston,,as,1703319850,29.301419212599285,29.301039338042777,0.1949037086645972,0.1949037086646061,0.0,99.8050962913354,0
dqn_verified,synthetic_rough_heston,,as,1313726939,12.634267289537092,12.634219021357223,0.0694753048710055,0.0694753048709784,0.0,99.930524695129,0
dqn_verified,synthetic_rough_heston,,as,1061055793,-18.53440886313183,-18.53498941922745,0.2409473169842044,0.2409473169841902,0.0,99.7590526830158,0
dqn_verified,synthetic_rough_heston,,as,1067007710,29.27742790271805,29.276318086638906,0.3331390219019852,0.3331390219020189,0.0,99.666860978098,0
dqn_verified,synthetic_rough_heston,,as,40720655,-10.558249036432244,-10.565330587591028,0.8415195279245609,0.8415195279245182,0.0,99.15848047207544,0
dqn_verified,synthetic_rough_heston,,as,1966159132,31.32728686160408,31.327072226003494,0.1465044711195418,0.1465044711195204,0.0,99.85349552888046,0
dqn_verified,synthetic_rough_heston,,as,188577770,3.8094447043458786,3.8033639418156087,0.7797924422736031,0.779792442273588,0.0,99.2202075577264,0
dqn_verified,synthetic_rough_heston,,as,1402152033,34.95213588586739,34.951996762507065,0.1179505660561801,0.1179505660561357,0.0,99.88204943394382,0
dqn_verified,synthetic_rough_heston,,as,2092728533,-20.688065000902498,-20.696137360024615,0.8984630833883358,0.8984630833883394,0.0,99.10153691661166,0
dqn_verified,synthetic_rough_heston,,as,1437347273,35.12285300016265,35.11924486218892,0.7328924395109198,0.6006777816537825,0.1322146578571345,99.26710756048908,0
dqn_verified,synthetic_rough_heston,,as,1045146178,32.30875515324806,32.30797601695695,0.2791301293493688,0.2791301293493742,0.0,99.72086987065065,0
dqn_verified,synthetic_rough_heston,,as,528283994,3.968420842284104,3.968248805758105,0.1361550468718206,0.1311626951532059,0.0049923517186254,99.86384495312818,0
dqn_verified,synthetic_rough_heston,,as,36265689,2.839324049255083,2.839081432337012,0.1557616506303389,0.155761650630346,0.0,99.84423834936966,0
dqn_verified,synthetic_rough_heston,,as,1193742096,8.698012834836845,8.697242146807495,0.277612685111734,0.2776126851117197,0.0,99.72238731488828,0
dqn_verified,synthetic_rough_heston,,as,793249015,-12.668968664507702,-12.671535201986297,0.5066100550319277,0.5066100550319668,0.0,99.49338994496809,0
dqn_verified,synthetic_rough_heston,,as,1309854583,4.624624349757141,4.623989748489117,0.2519129349646363,0.2519129349646256,0.0,99.74808706503536,0
dqn_verified,synthetic_rough_heston,,as,1144601564,14.99136393412482,14.989767267733434,0.3995830816471653,0.3995830816471635,0.0,99.60041691835283,0
dqn_verified,synthetic_rough_heston,,as,982973886,8.042574709970722,8.042567735262969,0.0264096720027708,0.0264096720027406,0.0,99.97359032799724,0
dqn_verified,synthetic_rough_heston,,as,715231342,-19.398815330398065,-19.39919127887514,0.1938939083811135,0.193893908381141,0.0,99.80610609161889,0
dqn_verified,synthetic_rough_heston,,as,2130732657,5.767933854394869,5.759661055312146,0.9095492885337252,0.9095492885337536,0.0,99.09045071146627,0
dqn_verified,synthetic_rough_heston,,as,1234679122,8.098924966056074,8.096951717334425,0.4442126429592719,0.4442126429592841,0.0,99.55578735704071,0
dqn_verified,synthetic_rough_heston,,as,490149342,-4.594186680571511,-4.594186721571975,0.6971028088851057,0.0020248571389491,0.6950779517461725,99.3028971911149,0
dqn_verified,synthetic_rough_heston,,as,381953676,14.98701770468324,14.980853667796014,0.7851138062233929,0.7851138062233964,0.0,99.2148861937766,0
dqn_verified,synthetic_rough_heston,,as,478640128,-44.102958575853336,-44.104731313793934,0.4210389460133541,0.4210389460133574,0.0,99.57896105398665,0
dqn_verified,synthetic_rough_heston,,as,951876364,12.392051560236723,12.391254787101309,0.6489004635196665,0.2822717016310563,0.3666287618886101,99.35109953648032,0
dqn_verified,synthetic_rough_heston,,as,723990043,1.3586887862747972,1.3526156728584862,0.7793018296084568,0.7793018296084622,0.0,99.22069817039154,0
dqn_verified,synthetic_rough_heston,,as,487116369,21.642614974238313,21.642614974238313,0.7166197644965706,0.0,0.7166197644966115,99.28338023550344,0
dqn_verified,synthetic_rough_heston,,as,1985429050,38.04445434769332,38.04415362804576,0.9774127006753162,0.1734127006753434,0.8039999999999736,99.02258729932468,0
dqn_verified,synthetic_rough_heston,,as,1628956857,-20.52673351989688,-20.526733548763826,0.174457920619929,0.001699027489095,0.1727588931307985,99.82554207938009,0
dqn_verified,synthetic_rough_heston,,as,1189523478,17.885473302785613,17.885461304001772,0.0346392607302448,0.0346392607302181,0.0,99.96536073926976,0
dqn_verified,synthetic_rough_heston,,as,1296530916,-31.23036157109709,-31.23178195509778,0.3768798217850104,0.3768798217850411,0.0,99.623120178215,0
dqn_verified,synthetic_rough_heston,,as,707561452,17.115180998083815,17.115180998083815,0.5928330990016519,0.0,0.5928330990016581,99.40716690099836,0
dqn_verified,synthetic_rough_heston,,as,901155818,13.881347864948111,13.88126676458488,0.6869274490700406,0.0900557400900536,0.596871708979986,99.31307255092996,0
dqn_verified,synthetic_rough_heston,,as,1820860524,20.262102647682696,20.261935886313264,0.1557066527536506,0.1291361178875543,0.0265705348660669,99.84429334724636,0
dqn_verified,synthetic_rough_heston,,as,1044185241,-8.309740461310867,-8.30995584454989,0.1467594082244971,0.1467594082244918,0.0,99.8532405917755,0
dqn_verified,synthetic_rough_heston,,as,591637826,8.153333410642517,8.153314444062293,0.1305818313431359,0.0435506374527169,0.0870311938903977,99.86941816865686,0
dqn_verified,synthetic_rough_heston,,as,27222720,-2.3732495403783105,-2.3749157729208923,0.408195117876474,0.4081951178764704,0.0,99.59180488212353,0
dqn_verified,synthetic_rough_heston,,as,64598572,5.8943975485181,5.885573765969745,0.9393499107549844,0.939349910754999,0.0,99.06065008924502,0
dqn_verified,synthetic_rough_heston,,as,824692580,19.456141086026037,19.454775349149955,0.3695587742269026,0.3695587742269035,0.0,99.6304412257731,0
dqn_verified,synthetic_rough_heston,,as,1292888439,9.28295162691029,9.28134673743338,0.400610718392528,0.4006107183925618,0.0,99.59938928160749,0
dqn_verified,synthetic_rough_heston,,as,1567077053,14.64525811305066,14.644840868951553,0.2042655377458828,0.2042655377458953,0.0,99.79573446225412,0
dqn_verified,synthetic_rough_heston,,as,1386223455,17.33939462143462,17.33299113373004,0.8002179518469177,0.8002179518469319,0.0,99.19978204815308,0
dqn_verified,synthetic_rough_heston,,as,2103330825,16.6316099889591,16.6217435455229,0.9932997249672296,0.9932997249671818,0.0,99.00670027503276,0
dqn_verified,synthetic_rough_heston,,as,1713764255,-13.990980790878892,-13.991096525378785,0.1075799702037016,0.1075799702036923,0.0,99.8924200297963,0
dqn_verified,synthetic_rough_heston,,as,338169861,15.970984463436253,15.970860979750324,0.1111232135637436,0.1111232135637365,0.0,99.88887678643626,0
dqn_verified,synthetic_rough_heston,,as,460890984,26.636108309176052,26.633129434689717,0.5457906637469989,0.5457906637469883,0.0,99.454209336253,0
dqn_verified,synthetic_rough_heston,,as,1844393987,-3.94756359485109,-3.94756359485109,0.0479519178401943,0.0,0.0479519178401801,99.9520480821598,0
dqn_verified,synthetic_rough_heston,,as,1032412864,-1.1295340474080149,-1.134772531772707,0.7237737467394538,0.7237737467394214,0.0,99.27622625326056,0
dqn_verified,synthetic_rough_heston,,as,285977676,29.988287459762432,29.98817110860483,0.1078661937771841,0.1078661937771769,0.0,99.89213380622282,0
dqn_verified,synthetic_rough_heston,,as,1194047159,26.076837550481287,26.07014438933809,0.818117420863075,0.8181174208630715,0.0,99.18188257913692,0
dqn_verified,synthetic_rough_heston,,as,410795716,-17.138489980092345,-17.138506341807553,0.0404496170642545,0.0404496170642616,0.0,99.95955038293576,0
dqn_verified,synthetic_rough_heston,,as,1688827796,31.86416332625049,31.86416056566157,0.0166150200711427,0.0166150200711237,0.0,99.98338497992886,0
dqn_verified,synthetic_rough_heston,,as,1615174803,17.016758543808464,17.016183571041594,0.2397858975980256,0.2397858975979954,0.0,99.76021410240196,0
dqn_verified,synthetic_rough_heston,,as,573603312,15.30298470532398,15.299580780524812,0.583431641168545,0.5834316411685383,0.0,99.41656835883146,0
dqn_verified,synthetic_rough_heston,,as,1292648848,24.10440253032357,24.0999406587754,0.6679724207006075,0.6679724207006235,0.0,99.3320275792994,0
dqn_verified,synthetic_rough_heston,,as,504177273,-4.726231059501515,-4.735255854704243,0.9499892211350414,0.9499892211350672,0.0,99.05001077886496,0
dqn_verified,synthetic_rough_heston,,as,2023171617,-4.005865813693163,-4.006009330456349,0.4911490398635294,0.1197984821216781,0.3713505577418832,99.50885096013648,0
dqn_verified,synthetic_rough_heston,,as,155866399,19.557743767476495,19.55460180300367,0.5605322892417632,0.5605322892417561,0.0,99.43946771075824,0
dqn_verified,synthetic_rough_heston,,as,426465092,50.38267845186783,50.381339718479815,0.5538657291514113,0.3658870574394316,0.187978671711981,99.4461342708486,0
dqn_verified,synthetic_rough_heston,,as,2075242093,25.39157432390857,25.38878926180175,0.5277368763713213,0.5277368763713348,0.0,99.47226312362868,0
dqn_verified,synthetic_rough_heston,,as,426948909,-31.737180242564136,-31.747046730505705,0.993301965243603,0.9933019652435604,0.0,99.0066980347564,0
dqn_verified,synthetic_rough_heston,,as,40870105,12.15474306939359,12.151926546012255,0.5307092783562979,0.5307092783563139,0.0,99.4692907216437,0
dqn_verified,synthetic_rough_heston,,as,1146798258,36.30935774753016,36.30878474928032,0.2393738185010647,0.2393738185011091,0.0,99.76062618149894,0
dqn_verified,synthetic_rough_heston,,as,2070376215,-9.435685777749311,-9.436527781670664,0.9171063020775564,0.2901730382635376,0.6269332638140294,99.08289369792244,0
dqn_verified,synthetic_rough_heston,,as,511062834,22.82213129965203,22.812854552107034,0.963158737955098,0.96315873795513,0.0,99.0368412620449,0
dqn_verified,synthetic_rough_heston,,as,1541412974,15.106333328161782,14.57580418066406,7.2837431825794,7.283743182579413,0.0,92.7162568174206,0
dqn_verified,synthetic_rough_heston,,as,376403019,21.9739273972682,21.97299255815891,0.3057513874519202,0.3057513874519131,0.0,99.69424861254808,0
dqn_verified,synthetic_rough_heston,,as,1108559752,13.858813814573296,13.858785716231129,0.0530078693837623,0.0530078693837618,0.0,99.94699213061624,0
dqn_verified,synthetic_rough_heston,,as,1393048108,-18.328617903987833,-18.33647075814294,0.886163311986337,0.886163311986335,0.0,99.11383668801366,0
dqn_verified,synthetic_rough_heston,,as,2023564002,-41.516638885619614,-41.51720341593106,0.237598466207956,0.2375984662079791,0.0,99.76240153379204,0
dqn_verified,synthetic_rough_heston,,as,916344601,36.55082461809798,36.54965636147231,0.3417976924539516,0.3417976924539836,0.0,99.65820230754603,0
dqn_verified,synthetic_rough_heston,,as,486149422,13.963743493595755,13.365905683505767,7.731997219929639,7.731997219929598,0.0,92.26800278007036,0
dqn_verified,synthetic_rough_heston,,as,410404482,2.690445023976281,2.680682860460479,0.98803661449368,0.9880366144937088,0.0,99.01196338550632,0
dqn_verified,synthetic_rough_heston,,as,848518413,29.517345013709928,29.517345013612335,9.879007390622974e-05,9.879007390445338e-05,0.0,99.9999012099261,0
dqn_verified,synthetic_rough_heston,,as,1216465325,10.279627679743498,10.270269920164736,0.9673551353439792,0.9673551353439932,0.0,99.03264486465602,0
dqn_verified,synthetic_rough_heston,,as,1701726968,-4.933225860451785,-4.939370636454937,0.7838862164339844,0.7838862164340066,0.0,99.21611378356602,0
dqn_verified,synthetic_rough_heston,,as,1739537596,19.32418956154652,19.32347176195665,0.2679178213307551,0.2679178213307605,0.0,99.73208217866924,0
dqn_verified,synthetic_rough_heston,,as,2050860255,3.637886383148725,3.637816954596839,0.0833237972528593,0.0833237972528486,0.0,99.91667620274714,0
dqn_verified,synthetic_rough_heston,,as,218238821,44.433125053654294,44.433125053654294,0.9348948555239502,0.0,0.9348948555239514,99.06510514447604,0
dqn_verified,synthetic_rough_heston,,as,128588240,27.92881238427981,27.928068400995684,0.3094342598044193,0.2727605697534985,0.0366736900509136,99.69056574019558,0
dqn_verified,synthetic_rough_heston,,as,1162542574,40.67745675797596,40.674521644597675,0.5417668666766815,0.5417668666766922,0.0,99.45823313332332,0
dqn_verified,synthetic_rough_heston,,as,1005643756,9.061950282262842,9.059441042043,0.5009231697417817,0.5009231697417942,0.0,99.49907683025822,0
dqn_verified,synthetic_rough_heston,,as,711572297,14.323602893347925,14.323491820789004,0.1053909668431174,0.1053909668431032,0.0,99.89460903315688,0
dqn_verified,synthetic_rough_heston,,as,501043199,15.162639713757017,15.15266712856524,0.9986283188341788,0.9986283188341888,0.0,99.00137168116582,0
dqn_verified,synthetic_rough_heston,,as,1291999351,27.16901033697286,27.16684855754812,0.4649493977562429,0.464949397756159,6.607328341434385e-14,99.53505060224376,0
dqn_verified,synthetic_rough_heston,,as,102182588,-1.5447178519516456,-1.5450923365335636,0.1935160411743481,0.1935160411743695,0.0,99.80648395882564,0
dqn_verified,synthetic_rough_heston,,as,2119210718,25.130768243392595,25.121953602536777,0.9388631878936023,0.9388631878936132,0.0,99.0611368121064,0
dqn_verified,synthetic_rough_heston,,as,1109208492,18.661272751023716,18.65912489559727,0.4634496117647018,0.4634496117646947,0.0,99.5365503882353,0
dqn_verified,synthetic_rough_heston,,as,1274300456,33.84672842174405,33.84669410746787,0.0585783886577218,0.0585783886577289,0.0,99.94142161134228,0
dqn_verified,synthetic_rough_heston,,as,1256771816,-6.780720796652531,-6.780801867497919,0.0900393499464513,0.0900393499464593,0.0,99.90996065005356,0
dqn_verified,synthetic_rough_heston,,as,1077857574,13.93003972754741,13.930039702747012,0.0015748142423177,0.0015748142422866,0.0,99.99842518575768,0
dqn_verified,synthetic_rough_heston,,as,1100698389,25.03780254315643,25.03171861513034,0.7799953862741802,0.7799953862741713,0.0,99.22000461372582,0
dqn_verified,synthetic_rough_heston,,as,795778257,18.536718562558235,18.53586002466373,0.3954289256402603,0.2930081730095624,0.1024207526306748,99.60457107435974,0
dqn_verified,synthetic_rough_heston,,as,1548246893,16.431623301874424,16.431595190947572,0.0530197386374595,0.0530197386374542,0.0,99.94698026136254,0
dqn_verified,synthetic_rough_heston,,as,633707972,-5.811251014767549,-5.811499867238943,0.1577505852267933,0.1577505852267648,0.0,99.8422494147732,0
dqn_verified,synthetic_rough_heston,,as,983296256,0.5090869797459163,0.5060840830787805,0.5479869220278886,0.5479869220278761,0.0,99.45201307797213,0
dqn_verified,synthetic_rough_heston,,as,487951037,29.38380109440186,29.37577198776404,0.8960528242141095,0.8960528242141397,0.0,99.10394717578588,0
dqn_verified,synthetic_rough_heston,,as,978154369,28.721915402495146,28.721215665315267,0.2758049692284032,0.2645254581085194,0.0112795111199086,99.7241950307716,0
dqn_verified,synthetic_rough_heston,,as,554788091,28.544121012433607,28.54386835749062,0.4496867668789548,0.1589512324538373,0.2907355344250891,99.55031323312105,0
dqn_verified,synthetic_rough_heston,,as,2090199347,-5.711707573100284,-5.711707573100284,0.2079913059167921,0.0,0.2079913059167735,99.7920086940832,0
dqn_verified,synthetic_rough_heston,,as,2069017976,-13.372244079106167,-13.372800531384485,0.2358924073212449,0.2358924073212496,0.0,99.76410759267876,0
dqn_verified,synthetic_rough_heston,,as,945043387,-20.68503510835035,-20.69379379536901,0.9358785721803144,0.9358785721803208,0.0,99.06412142781969,0
dqn_verified,synthetic_rough_heston,,as,1939521563,-82.97441148060352,-82.97485795187345,0.2112986677505262,0.2112986677504977,0.0,99.78870133224947,0
dqn_verified,synthetic_rough_heston,,as,837962510,-17.2563931548666,-17.26359856100853,0.8488466376163757,0.8488466376163926,0.0,99.15115336238362,0
dqn_verified,synthetic_rough_heston,,as,1294936529,40.12963999045678,40.122427296478016,0.9500165486364268,0.8492758078956442,0.1007407407407754,99.04998345136356,0
dqn_verified,synthetic_rough_heston,,as,1783232423,6.813239469942346,6.809656289846084,0.5985967003134789,0.5985967003134709,0.0,99.40140329968652,0
dqn_verified,synthetic_rough_heston,,as,133555220,11.995928104975974,11.995928104975974,0.2836628949857527,0.0,0.2836628949857509,99.71633710501423,0
dqn_verified,synthetic_rough_heston,,as,727659984,27.583138423335186,27.583137577543617,0.5328441793702439,0.0091966927173997,0.523647486652869,99.46715582062976,0
dqn_verified,synthetic_rough_heston,,as,1045640949,-51.049922777703614,-51.05188798597514,0.4433066964902252,0.4433066964902554,0.0,99.55669330350976,0
dqn_verified,synthetic_rough_heston,,as,1498406538,-12.7308515321929,-12.732696246365574,0.4295013588654797,0.4295013588654601,0.0,99.57049864113452,0
dqn_verified,synthetic_rough_heston,,as,894023265,3.585394963201906,3.584750940922683,0.2537759403930124,0.2537759403930124,0.0,99.746224059607,0
dqn_verified,synthetic_rough_heston,,as,1456034043,31.9480097791602,31.94270044870216,0.7286515256309087,0.7286515256308803,0.0,99.27134847436908,0
dqn_verified,synthetic_rough_heston,,as,2145465691,-12.951026376853406,-12.955207657525818,0.6466282295425145,0.646628229542495,0.0,99.35337177045749,0
dqn_verified,synthetic_rough_heston,,as,1645332470,11.999175463633946,11.99917240190114,0.7910464456973472,0.0174978078845682,0.7735486378127907,99.20895355430264,0
dqn_verified,synthetic_rough_heston,,as,1703360263,2.3624794970619405,2.3591727866597023,0.5750400335835764,0.5750400335836039,0.0,99.42495996641642,0
dqn_verified,synthetic_rough_heston,,as,1254093673,23.734893574575835,23.734893574575835,0.7728001222186549,0.0,0.7728001222186336,99.22719987778136,0
dqn_verified,synthetic_rough_heston,,as,679604879,21.115094741438952,21.10979675132031,0.7278729366202157,0.7278729366202141,0.0,99.27212706337978,0
dqn_verified,synthetic_rough_heston,,as,1800514979,25.5677887202055,25.559291246755706,0.921817414122458,0.921817414122458,0.0,99.07818258587754,0
dqn_verified,synthetic_rough_heston,,as,1009107304,23.79892044049848,23.798462923365346,0.2138965014056424,0.2138965014056584,0.0,99.78610349859436,0
dqn_verified,synthetic_rough_heston,,as,1459119855,9.97736251040442,9.97640002520958,0.3102394550727894,0.3102394550727725,0.0,99.6897605449272,0
dqn_verified,synthetic_rough_heston,,as,2082327116,7.790979196302942,7.790915523122826,0.0797954761350467,0.0797954761350521,0.0,99.92020452386495,0
dqn_verified,synthetic_rough_heston,,as,1795215048,24.312593958160505,24.31161037592449,0.3136211466105578,0.3136211466105489,0.0,99.68637885338944,0
dqn_verified,synthetic_rough_heston,,as,1559844699,39.67933530446135,39.67933530446135,0.2887517001921651,0.0,0.288751700192166,99.71124829980783,0
dqn_verified,synthetic_rough_heston,,as,1337581818,25.05415223768614,25.049755798250995,0.6630565160786546,0.6630565160786439,0.0,99.33694348392136,0
dqn_verified,synthetic_rough_heston,,as,1567278356,-22.540958435072753,-22.54219037551437,0.3509900912587653,0.3509900912587449,0.0,99.64900990874123,0
dqn_verified,synthetic_rough_heston,,as,1391644635,-10.566549005232446,-10.570091820967315,0.5952155689219865,0.5952155689220087,0.0,99.404784431078,0
dqn_verified,synthetic_rough_heston,,as,1226640195,-0.9732814019753278,-0.9733263460952588,0.2587523278134398,0.0670403758425605,0.1917119519708677,99.74124767218656,0
dqn_verified,synthetic_rough_heston,,as,573081701,-19.263348345240956,-19.266990895650174,0.6035354512553539,0.603535451255363,0.0,99.39646454874465,0
dqn_verified,synthetic_rough_heston,,as,856702353,-5.2478271404124825,-5.248772411001002,0.3074525310546505,0.3074525310546825,0.0,99.69254746894536,0
dqn_verified,synthetic_rough_heston,,as,969233424,-0.8024514610642655,-0.8034181640458634,0.5739605260778404,0.3109184751020644,0.2630420509757938,99.42603947392216,0
dqn_verified,synthetic_rough_heston,,as,2038887002,4.7966597199956595,4.795995676257387,0.2576904612654118,0.2576904612653958,0.0,99.7423095387346,0
dqn_verified,synthetic_rough_heston,,as,748193112,32.58811294191037,32.58230566339515,0.7620550186973247,0.7620550186973166,0.0,99.23794498130268,0
dqn_verified,synthetic_rough_heston,,as,1403188372,36.60252470298292,36.59854396541818,0.6309308650507006,0.6309308650507197,0.0,99.3690691349493,0
dqn_verified,synthetic_rough_heston,,as,688156671,-56.15098824436609,-56.15543558493206,0.6668838404077206,0.6668838404077444,0.0,99.33311615959228,0
dqn_verified,synthetic_rough_heston,,as,1293707997,23.130970065773,23.130440262465644,0.2301745657872089,0.2301745657872107,0.0,99.7698254342128,0
dqn_verified,synthetic_rough_heston,,as,1017816127,-62.29523619744759,-62.30183126401843,0.8121001521265754,0.8121001521265718,0.0,99.18789984787342,0
dqn_verified,synthetic_rough_heston,,as,928547401,14.13667856466236,14.135388422605104,0.3591854753825743,0.3591854753825885,0.0,99.64081452461744,0
dqn_verified,synthetic_rough_heston,,as,804851501,40.68620551960521,40.68620551960521,0.8220264717014061,0.0,0.8220264717014154,99.1779735282986,0
dqn_verified,synthetic_rough_heston,,as,1120019183,10.19031960351458,10.18633864792868,0.6309481425522847,0.6309481425522838,0.0,99.36905185744772,0
dqn_verified,synthetic_rough_heston,,as,1119490863,11.56321519867197,11.555580604544197,0.8737616452885959,0.873761645288591,0.0,99.1262383547114,0
dqn_verified,synthetic_rough_heston,,as,783363503,-22.216179706510957,-22.216183617108527,0.019775230898773,0.0197752308987757,0.0,99.98022476910124,0
dqn_verified,synthetic_rough_heston,,as,205944131,16.38603206478001,16.386021517069462,0.0324772390278553,0.0324772390278695,0.0,99.96752276097214,0
dqn_verified,synthetic_rough_heston,,as,446079182,9.115262560895644,9.114788008620032,0.2178422079424962,0.2178422079424855,0.0,99.7821577920575,0
dqn_verified,synthetic_rough_heston,,as,2128949063,38.53574194881003,38.53572841853543,0.5446391349556876,0.0367835215832214,0.5078556133724427,99.45536086504433,0
dqn_verified,synthetic_rough_heston,,as,708828196,-3.7692076922267006,-3.776048748553302,0.8271067843151201,0.8271067843151356,0.0,99.17289321568488,0
dqn_verified,synthetic_rough_heston,,as,907135295,-1.183454842217543,-1.1837738193180234,0.1785993002450681,0.1785993002451009,0.0,99.82140069975492,0
dqn_verified,synthetic_rough_heston,,as,1179243183,-9.427576436888558,-9.433575258703089,0.774520613962693,0.7745206139627059,0.0,99.2254793860373,0
dqn_verified,synthetic_rough_heston,,as,1200595667,-20.091206994511595,-20.09133875005131,0.1147848159445743,0.1147848159446081,0.0,99.88521518405544,0
dqn_verified,synthetic_rough_heston,,as,1138669996,-7.554508976267243,-7.5545541126503855,0.0671836164123931,0.0671836164123638,0.0,99.9328163835876,0
dqn_verified,synthetic_rough_heston,,as,299092708,17.571063070357923,17.569955144512264,0.3328552005992975,0.3328552005993019,0.0,99.6671447994007,0
dqn_verified,synthetic_rough_heston,,as,1606240066,44.10668966602316,44.099462828213255,0.8501080995910968,0.8501080995910955,0.0,99.1498919004089,0
dqn_verified,synthetic_rough_heston,,as,1592479411,9.488563419547065,9.484427630435729,0.6431010116096303,0.6431010116096374,0.0,99.35689898839036,0
dqn_verified,synthetic_rough_heston,,as,1232823009,-0.1073096096788503,-0.1085997183532119,0.3591808283248952,0.3591808283248952,0.0,99.6408191716751,0
dqn_verified,synthetic_rough_heston,,as,1380936168,21.19345862127011,21.19083747558392,0.5119712576102415,0.5119712576102167,0.0,99.48802874238976,0
dqn_verified,synthetic_rough_heston,,as,1485723813,20.44008751126421,20.43985115296515,0.1537394871395179,0.1537394871395072,0.0,99.84626051286048,0
dqn_verified,synthetic_rough_heston,,as,1476988550,-4.666577684931326,-4.66657788863574,0.6258278595452396,0.0045133625409664,0.6213144970042855,99.37417214045476,0
dqn_verified,synthetic_rough_heston,,as,426644302,19.46730918184403,19.46319210524341,0.6416444966349673,0.6416444966349921,0.0,99.35835550336505,0
dqn_verified,synthetic_rough_heston,,as,1492118510,-75.79066424789016,-75.79364664842461,0.5461135902403669,0.5461135902403687,0.0,99.45388640975963,0
dqn_verified,synthetic_rough_heston,,as,1871437067,-5.8422742995207955,-5.842301447643291,0.0521038602180681,0.0521038602180592,0.0,99.94789613978192,0
dqn_verified,synthetic_rough_heston,,as,1821522104,-11.88450345102683,-11.884596699802454,0.096565405618719,0.0965654056187546,0.0,99.90343459438128,0
dqn_verified,synthetic_rough_heston,,as,1233002065,-6.002374868921834,-6.007818303060977,0.7377963227845044,0.7377963227844866,0.0,99.2622036772155,0
dqn_verified,synthetic_rough_heston,,as,1249666141,20.513963823023005,20.511513684038484,0.4949887861882018,0.4949887861881983,0.0,99.5050112138118,0
dqn_verified,synthetic_rough_heston,,as,1377485117,16.72493581922754,16.72472707166978,0.1444809875942638,0.1444809875942476,0.0,99.85551901240574,0
dqn_verified,synthetic_rough_heston,,as,1667673182,19.11945351311988,19.11866634833896,0.5738820755555736,0.2805645702716139,0.2933175052839703,99.42611792444444,0
dqn_verified,synthetic_rough_heston,,as,257835634,-26.75540695143536,-26.759621867672568,0.649223862562522,0.6492238625625086,0.0,99.35077613743748,0
dqn_verified,synthetic_rough_heston,,as,1475908961,45.600901895040806,45.59356466403563,0.8565763833524187,0.8565763833523712,0.0,99.14342361664758,0
dqn_verified,synthetic_rough_heston,,as,847186143,26.718742733908584,26.7180211903091,0.2686156360835099,0.2686156360835348,0.0,99.73138436391648,0
dqn_verified,synthetic_rough_heston,,as,454152926,15.841156601276452,15.83690042547274,0.6523937310944063,0.6523937310943886,0.0,99.3476062689056,0
dqn_verified,synthetic_rough_heston,,as,745543570,22.543249407754047,22.54094928053453,0.4795964156994756,0.4795964156994776,0.0,99.52040358430052,0
dqn_verified,synthetic_rough_heston,,as,2040040035,6.633392132527661,6.63339192362247,0.8507179415050814,0.0045706147434447,0.8461473267616606,99.14928205849492,0
dqn_verified,synthetic_rough_heston,,as,857589213,-4.281499893453656,-4.2866282925807395,0.7161284191458321,0.7161284191458335,0.0,99.28387158085415,0
dqn_verified,synthetic_rough_heston,,as,447631993,1.9784134162309783,1.978383960226627,0.1056649994216201,0.0542733860665529,0.0513916133550512,99.89433500057838,0
dqn_verified,synthetic_rough_heston,,as,1053736358,-7.476661386242995,-7.482734290359132,0.7792884007950249,0.7792884007950356,0.0,99.22071159920498,0
dqn_verified,synthetic_rough_heston,,as,1123074415,12.219608457895449,12.219608251933863,0.2986162480250272,0.0045382990356551,0.294077948989372,99.70138375197496,0
dqn_verified,synthetic_rough_heston,,as,896949228,4.6324082717328565,4.6324082717328565,0.8711808465257889,0.0,0.87118084652578,99.1288191534742,0
dqn_verified,synthetic_rough_heston,,as,532798302,-11.321154829676743,-11.322843483297714,0.4109323084123275,0.4109323084123488,0.0,99.58906769158769,0
dqn_verified,synthetic_rough_heston,,as,1798006985,6.370247850425585,6.360608075465847,0.9818235564365808,0.9818235564365788,0.0,99.01817644356342,0
dqn_verified,synthetic_rough_heston,,as,1380983522,11.65454633013178,11.652708027521763,0.4287543130998159,0.428754313099807,0.0,99.57124568690018,0
dqn_verified,synthetic_rough_heston,,as,516067115,12.330385572649902,12.325447228984435,0.7027334961041305,0.7027334961041234,0.0,99.29726650389588,0
dqn_verified,synthetic_rough_heston,,as,181677896,20.706727232185585,20.697837581752808,0.9428494276807272,0.9428494276807317,0.0,99.05715057231927,0
dqn_verified,synthetic_rough_heston,,as,1412098877,-11.258848703844706,-11.261851119785325,0.5479430573170845,0.5479430573170774,0.0,99.45205694268292,0
dqn_verified,synthetic_rough_heston,,as,592480532,20.011560610810193,20.011469403757875,0.0955023833834047,0.0955023833834047,0.0,99.9044976166166,0
dqn_verified,synthetic_rough_heston,,as,1462116845,-4.73618391375021,-4.737589762072122,0.3749464390965045,0.3749464390964547,0.0,99.6250535609035,0
dqn_verified,synthetic_rough_heston,,as,1877161225,4.292091713814443,4.2893229080635145,0.5261944270827428,0.5261944270827268,0.0,99.47380557291726,0
dqn_verified,synthetic_rough_heston,,as,1814894336,25.263168617068004,25.258420016958215,0.6891008714105311,0.6891008714104978,0.0,99.31089912858948,0
dqn_verified,synthetic_rough_heston,,as,917024862,3.897746565102352,3.893440201146511,0.6562289201064289,0.6562289201064546,0.0,99.34377107989356,0
dqn_verified,synthetic_rough_heston,,as,614922330,5.148692591901636,5.147450213198683,0.3524739285326745,0.3524739285326745,0.0,99.64752607146733,0
dqn_verified,synthetic_rough_heston,,as,1801437930,12.810558565479369,12.808401209712862,0.4644734401993275,0.4644734401993133,0.0,99.53552655980069,0
dqn_verified,synthetic_rough_heston,,as,1380610365,-9.285074953815638,-9.285471764183749,0.1992009960087131,0.1992009960086522,0.0,99.80079900399129,0
dqn_verified,synthetic_rough_heston,,as,236614752,-5.983763678686955,-5.988558140665061,0.6924205353761863,0.6924205353761561,0.0,99.3075794646238,0
dqn_verified,synthetic_rough_heston,,as,834408283,19.041758651836066,19.040728377165593,0.3209789199414814,0.3209789199414494,0.0,99.67902108005852,0
dqn_verified,synthetic_rough_heston,,as,2011776523,14.059124724222784,14.052927927026314,0.787197382901553,0.7871973829015522,0.0,99.21280261709845,0
dqn_verified,synthetic_rough_heston,,as,1226258546,11.241210838168628,11.233071325488584,0.9021924783571508,0.9021924783571582,0.0,99.09780752164284,0
dqn_verified,synthetic_rough_heston,,as,1616321187,-14.667995759697078,-14.670715922465286,0.9599517968723744,0.5215517968723686,0.4384000000000014,99.04004820312764,0
dqn_verified,synthetic_rough_heston,,as,1672306602,26.18890865650974,26.18352440787207,0.7337743956877176,0.7337743956877163,0.0,99.26622560431228,0
dqn_verified,synthetic_rough_heston,,as,1762600914,-17.33793871474336,-17.347730983858142,0.9895589479552882,0.9895589479553276,0.0,99.01044105204473,0
dqn_verified,synthetic_rough_heston,,as,994946334,-2.921592361066359,-2.9242756643712458,0.5180061104742322,0.5180061104742331,0.0,99.48199388952575,0
dqn_verified,synthetic_rough_heston,,as,909382858,43.99245376030922,43.9881121861623,0.6589062260232481,0.6589062260232428,0.0,99.34109377397677,0
dqn_verified,synthetic_rough_heston,,as,26993609,29.14858203380209,29.14300174143848,0.7470135449644459,0.7470135449644277,0.0,99.25298645503555,0
dqn_verified,synthetic_rough_heston,,as,1773145257,-4.866798503646351,-4.8748026821113655,0.8946607438026177,0.8946607438026426,0.0,99.10533925619738,0
dqn_verified,synthetic_rough_heston,,as,706407932,20.213749577176714,20.211025781930832,0.5218999181721102,0.5218999181721093,0.0,99.47810008182788,0
dqn_verified,synthetic_rough_heston,,as,331383041,2.107901236304315,2.107102851754916,0.282556994144258,0.282556994144306,0.0,99.71744300585574,0
dqn_verified,synthetic_rough_heston,,as,279983631,31.780368580675713,31.778242271894115,0.4611191583093728,0.4611191583093896,0.0,99.53888084169064,0
dqn_verified,synthetic_rough_heston,,as,104944766,22.773393292236506,22.77233628343889,0.8877833838029972,0.3251167171364386,0.5626666666665869,99.112216616197,0
dqn_verified,synthetic_rough_heston,,as,1398718536,30.93125937820878,30.92267698775783,0.9914119197715224,0.9264119197715992,0.0649999999999408,99.00858808022848,0
dqn_verified,synthetic_rough_heston,,as,1382436732,16.498072033655262,16.497032074859852,0.3224839213680042,0.3224839213680237,0.0,99.677516078632,0
dqn_verified,synthetic_rough_heston,,as,1822786061,27.079507455959178,27.077803933628697,0.4127374868459128,0.4127374868459341,0.0,99.58726251315407,0
dqn_verified,synthetic_rough_heston,,as,879773370,1.2179391698737163,1.217937232734862,0.776365750394703,0.0139181135738449,0.7624476368208385,99.2236342496053,0
dqn_verified,synthetic_rough_heston,,as,2043945046,47.94034183865915,47.93719652963264,0.5608305471803874,0.5608305471804067,0.0,99.4391694528196,0
dqn_verified,synthetic_rough_heston,,as,1458350865,13.551127218179316,13.545782821523774,0.7310538048285196,0.7310538048285347,0.0,99.26894619517148,0
dqn_verified,synthetic_rough_heston,,as,1570091229,37.5877613916673,37.5877613916673,0.8240814472643194,0.0,0.8240814472643105,99.17591855273568,0
dqn_verified,synthetic_rough_heston,,as,1963377882,20.89412286739571,20.887671894240775,0.8031795039051843,0.8031795039051755,0.0,99.19682049609482,0
dqn_verified,synthetic_rough_heston,,as,922385963,17.711237414512652,17.711211254783183,0.0511465829456057,0.0511465829455968,0.0,99.9488534170544,0
dqn_verified,synthetic_rough_heston,,as,1134397302,21.03747095169274,21.0371839556066,0.2752905810156676,0.1694095883173506,0.1058809926983197,99.72470941898432,0
dqn_verified,synthetic_rough_heston,,as,1361953339,-26.6006007882861,-26.60356560551969,0.5445013529448914,0.5445013529448914,0.0,99.45549864705512,0
dqn_verified,synthetic_rough_heston,,as,1031019006,-14.686927903820106,-14.687649525053162,0.3629300762588627,0.2686300863746992,0.094299989884167,99.63706992374114,0
dqn_verified,synthetic_rough_heston,,as,53419154,4.541904276931746,4.541792103551879,0.1059119350528305,0.1059119350528199,0.0,99.89408806494716,0
dqn_verified,synthetic_rough_heston,,as,1338190356,34.62711422947177,34.626301561006706,0.2850734054712376,0.2850734054712269,0.0,99.71492659452876,0
dqn_verified,synthetic_rough_heston,,as,250858187,-1.9200264822411557,-1.9248311912590303,0.6931600838099996,0.6931600838100156,0.0,99.30683991619,0
dqn_verified,synthetic_rough_heston,,as,2129749168,-2.2165148973072064,-2.2212819493531946,0.6904384147762954,0.6904384147763132,0.0,99.3095615852237,0
dqn_verified,synthetic_rough_heston,,as,2130738303,12.217587971628744,12.217586061903194,0.013819282003368,0.0138192820033486,0.0,99.98618071799665,0
dqn_verified,synthetic_rough_heston,,as,1017956649,33.29661265199502,33.296444479194825,0.129681455958547,0.1296814559585541,0.0,99.87031854404144,0
dqn_verified,synthetic_rough_heston,,as,1274680140,26.77411361002305,26.764849308965335,0.9625123925288648,0.962512392528856,0.0,99.03748760747114,0
dqn_verified,synthetic_rough_heston,,as,1585408273,19.21024158333421,19.210140594970756,0.100492966646243,0.1004929666462484,0.0,99.89950703335376,0
dqn_verified,synthetic_rough_heston,,as,1144086060,14.329755564353036,14.329655117515852,0.5757501230533961,0.1002231695684853,0.4755269534849036,99.4242498769466,0
dqn_verified,synthetic_rough_heston,,as,410286162,-9.83967650842169,-9.839680327536344,0.0195425552457635,0.0195425552457799,0.0,99.98045744475424,0
dqn_verified,synthetic_rough_heston,,as,373643122,9.274532733263186,9.267837261784395,0.8182586069690387,0.8182586069690525,0.0,99.18174139303096,0
dqn_verified,synthetic_rough_heston,,as,1500953274,7.34202108183672,7.340415328037788,0.4007185794209675,0.4007185794209684,0.0,99.59928142057905,0
dqn_verified,synthetic_rough_heston,,as,83988248,-23.246152695448473,-23.254889036045228,0.9346839357105664,0.9346839357105718,0.0,99.06531606428943,0
dqn_verified,synthetic_rough_heston,,as,1865270753,21.911966270550693,21.910545758680676,0.3768967856081389,0.3768967856081728,0.0,99.62310321439186,0
dqn_verified,synthetic_rough_heston,,as,2136924679,32.66962121945471,32.66030636178559,0.9651351029326634,0.965135102932642,0.0,99.03486489706734,0
dqn_verified,synthetic_rough_heston,,as,675361705,17.31433165765884,17.313588330843423,0.2726402052918786,0.2726402052918928,0.0,99.72735979470812,0
dqn_verified,synthetic_rough_heston,,as,1787143916,-8.965999582680524,-8.969680057018104,0.6066691303816754,0.6066691303816931,0.0,99.39333086961832,0
dqn_verified,synthetic_rough_heston,,as,1157074811,19.94441885080778,19.94217108953306,0.4741056079313921,0.4741056079313779,0.0,99.5258943920686,0
dqn_verified,synthetic_rough_heston,,as,346534653,11.82289445536844,11.821288404782816,0.4007556095210134,0.4007556095210347,0.0,99.599244390479,0
dqn_verified,synthetic_rough_heston,,as,2029212888,-32.44188119914361,-32.443763802287656,0.4338897491353464,0.4338897491353446,0.0,99.56611025086464,0
dqn_verified,synthetic_rough_heston,,as,284833619,8.484145314945636,8.480120515794708,0.6344130477006047,0.634413047700578,0.0,99.3655869522994,0
dqn_verified,synthetic_rough_heston,,as,963504523,-3.204740940285774,-3.2124855404920045,0.8800341019659896,0.8800341019659816,0.0,99.119965898034,0
dqn_verified,synthetic_rough_heston,,as,1918322573,9.5303540244513,9.53035402428001,0.0001308772402524,0.0001308772402612,0.0,99.99986912275976,0
dqn_verified,synthetic_rough_heston,,as,344371083,30.726858053381875,30.725598546613657,0.5594494152243072,0.3548953040290352,0.2045541111952507,99.44055058477568,0
dqn_verified,synthetic_rough_heston,,as,1588251919,23.089502851318684,23.089163433640884,0.2021508318408393,0.184232917200416,0.0179179146404215,99.79784916815916,0
dqn_verified,synthetic_rough_heston,,as,152900645,13.944345465919469,13.93910816843527,0.7236917495866635,0.7236917495866306,0.0,99.27630825041334,0
dqn_verified,synthetic_rough_heston,,as,1891103623,-19.824859782884232,-19.825672171198327,0.2850242645977516,0.2850242645977454,0.0,99.71497573540223,0
dqn_verified,synthetic_rough_heston,,as,2085732003,-4.876594560473677,-4.880802866575503,0.6487145829889869,0.6487145829889673,0.0,99.351285417011,0
dqn_verified,synthetic_rough_heston,,as,266216506,-16.936629358568098,-16.937456776293363,0.2876486963752711,0.287648696375258,0.0,99.71235130362471,0
dqn_verified,synthetic_rough_heston,,as,1053758720,-36.78871101762343,-36.79270005202974,0.6315880307853092,0.631588030785303,0.0,99.36841196921468,0
dqn_verified,synthetic_rough_heston,,as,938390068,9.171736424879782,9.16427403156552,0.8638514521757799,0.8638514521757568,0.0,99.13614854782422,0
dqn_verified,synthetic_rough_heston,,as,857959051,31.8327691778195,31.8327691778195,0.4300911087262449,0.0,0.4300911087262551,99.56990889127376,0
dqn_verified,synthetic_rough_heston,,as,719206609,24.52106559412823,24.515482358445094,0.747210524760689,0.747210524760689,0.0,99.25278947523933,0
dqn_verified,synthetic_rough_heston,,as,187237339,26.00090725341215,25.998547169436023,0.4858069550891599,0.4858069550891839,0.0,99.51419304491084,0
dqn_verified,synthetic_rough_heston,,as,1809838918,-29.028793728459277,-29.03269087622647,0.6242713966853444,0.6242713966853533,0.0,99.37572860331466,0
dqn_verified,synthetic_rough_heston,,as,892651515,-4.011720427855835,-4.011720481029071,0.0027243081752743,0.0023059322769418,0.0004183758983484,99.99727569182473,0
dqn_verified,synthetic_rough_heston,,as,1886884439,-5.924038342702261,-5.924684206918754,0.2541385874859969,0.2541385874860156,0.0,99.745861412514,0
dqn_verified,synthetic_rough_heston,,twap,1906509230,26.87000000000262,26.87000000000262,0.0,0.0,0.0,100.0,0
dqn_verified,synthetic_rough_heston,,twap,1178422796,16.380000000004657,16.380000000004657,0.0,0.0,0.0,100.0,0
dqn_verified,synthetic_rough_heston,,twap,1963502950,41.72000000000298,41.72000000000298,0.0,0.0,0.0,100.0,0
dqn_verified,synthetic_rough_heston,,twap,1703319850,-1.7538799783196737,-1.7603763557943335,0.8060010840352589,0.8060010840352545,0.0,99.19399891596474,0
dqn_verified,synthetic_rough_heston,,twap,1313726939,7.650000000001455,7.650000000001455,0.0,0.0,0.0,100.0,0
dqn_verified,synthetic_rough_heston,,twap,1061055793,-18.89893717565792,-18.90045327930638,0.3893717566104584,0.3893717566104633,0.0,99.61062824338954,0
dqn_verified,synthetic_rough_heston,,twap,1067007710,30.12000000000444,30.08000000000444,2.0,2.0,0.0,98.0,0
dqn_verified,synthetic_rough_heston,,twap,40720655,-10.100000000004002,-10.140000000004,2.0,2.0,0.0,98.0,0
dqn_verified,synthetic_rough_heston,,twap,1966159132,-12.539999999997235,-12.549999999997237,1.0,1.0,0.0,99.0,0
dqn_verified,synthetic_rough_heston,,twap,188577770,-8.668683275549483,-8.675672656841975,1.0,0.8360251965396606,0.1639748034603394,99.0,0
dqn_verified,synthetic_rough_heston,,twap,1402152033,42.039999999997235,42.039999999997235,0.0,0.0,0.0,100.0,0
dqn_verified,synthetic_rough_heston,,twap,2092728533,-41.12836086169409,-41.26458603486745,3.6908694527625414,3.6908694527625423,0.0,96.30913054723746,0
dqn_verified,synthetic_rough_heston,,twap,1437347273,44.99999999999636,44.99999999999636,0.0,0.0,0.0,100.0,0
dqn_verified,synthetic_rough_heston,,twap,1045146178,37.20401686634614,37.17512403409968,1.6997891706459995,1.699789170646005,0.0,98.300210829354,0
dqn_verified,synthetic_rough_heston,,twap,528283994,10.600000000002185,10.600000000002185,0.0,0.0,0.0,100.0,0
dqn_verified,synthetic_rough_heston,,twap,36265689,-5.389999999999418,-5.389999999999418,0.0,0.0,0.0,100.0,0
dqn_verified,synthetic_rough_heston,,twap,1193742096,-19.22217568064116,-19.22290645857374,1.0,0.2703290462717856,0.7296709537282143,99.0,0
dqn_verified,synthetic_rough_heston,,twap,793249015,-9.440000000004147,-9.440000000004147,0.0,0.0,0.0,100.0,0
dqn_verified,synthetic_rough_heston,,twap,1309854583,-26.76000000000022,-26.77000000000022,1.0,1.0,0.0,99.0,0
dqn_verified,synthetic_rough_heston,,twap,1144601564,19.22000000000662,19.22000000000662,0.0,0.0,0.0,100.0,0
dqn_verified,synthetic_rough_heston,,twap,982973886,-0.3968219478720129,-1.133888138321424,8.585255910276686,8.585255910276704,0.0,91.41474408972331,0
dqn_verified,synthetic_rough_heston,,twap,715231342,-22.56000000000131,-22.56000000000131,0.0,0.0,0.0,100.0,0
dqn_verified,synthetic_rough_heston,,twap,2130732657,3.400000000001455,3.400000000001455,0.0,0.0,0.0,100.0,0
dqn_verified,synthetic_rough_heston,,twap,1234679122,-15.3700000000008,-15.3800000000008,1.0,1.0,0.0,99.0,0
dqn_verified,synthetic_rough_heston,,twap,490149342,5.236226137432823,5.180827930651195,2.430680971124545,2.3536823656055934,0.0769986055189522,97.56931902887546,0
dqn_verified,synthetic_rough_heston,,twap,381953676,18.41861101208451,18.372774090359943,2.1409559015675086,2.140955901567525,0.0,97.85904409843248,0
dqn_verified,synthetic_rough_heston,,twap,478640128,-54.2699999999968,-54.2699999999968,0.0,0.0,0.0,100.0,0
dqn_verified,synthetic_rough_heston,,twap,951876364,19.43000000000029,19.34000000000029,3.0,3.0,0.0,97.0,0
dqn_verified,synthetic_rough_heston,,twap,723990043,-7.719999999999345,-7.759999999999345,2.0,2.0,0.0,98.0,0
dqn_verified,synthetic_rough_heston,,twap,487116369,42.59000000000378,42.59000000000378,0.0,0.0,0.0,100.0,0
dqn_verified,synthetic_rough_heston,,twap,1985429050,51.13999999999942,51.12999999999942,1.0,1.0,0.0,99.0,0
dqn_verified,synthetic_rough_heston,,twap,1628956857,13.75999999999658,13.75999999999658,0.0,0.0,0.0,100.0,0
dqn_verified,synthetic_rough_heston,,twap,1189523478,-0.4699999999975262,-0.4699999999975262,0.0,0.0,0.0,100.0,0
dqn_verified,synthetic_rough_heston,,twap,1296530916,-33.61999999999898,-33.61999999999898,0.0,0.0,0.0,100.0,0
dqn_verified,synthetic_rough_heston,,twap,707561452,30.102365871032816,29.958428935834732,5.0,3.793902149477318,1.2060978505226818,95.0,0
dqn_verified,synthetic_rough_heston,,twap,901155818,20.920000000000073,20.920000000000073,0.0,0.0,0.0,100.0,0
dqn_verified,synthetic_rough_heston,,twap,1820860524,19.112247122802728,19.03588196030718,3.2556822416507316,2.763424732022717,0.4922575096280137,96.74431775834928,0
dqn_verified,synthetic_rough_heston,,twap,1044185241,-13.330000000001746,-13.330000000001746,0.0,0.0,0.0,100.0,0
dqn_verified,synthetic_rough_heston,,twap,591637826,-0.4480262285196659,-0.4960794680633064,3.0,2.1921049140869253,0.8078950859130748,97.0,0
dqn_verified,synthetic_rough_heston,,twap,27222720,-2.5987880176144245,-2.6015528995560295,0.5258214470336071,0.5258214470336142,0.0,99.4741785529664,0
dqn_verified,synthetic_rough_heston,,twap,64598572,-9.42000000000371,-9.43000000000371,1.0,1.0,0.0,99.0,0
dqn_verified,synthetic_rough_heston,,twap,824692580,-3.039999999995416,-3.049999999995416,1.0,1.0,0.0,99.0,0
dqn_verified,synthetic_rough_heston,,twap,1292888439,-8.500000000001819,-8.500000000001819,0.0,0.0,0.0,100.0,0
dqn_verified,synthetic_rough_heston,,twap,1567077053,-3.959999999999127,-3.999999999999127,2.0,2.0,0.0,98.0,0
dqn_verified,synthetic_rough_heston,,twap,1386223455,4.740000000001601,4.740000000001601,0.0,0.0,0.0,100.0,0
dqn_verified,synthetic_rough_heston,,twap,2103330825,18.18000000000393,18.02000000000393,4.0,4.0,0.0,96.0,0
dqn_verified,synthetic_rough_heston,,twap,1713764255,-32.470000000001164,-32.63000000000116,4.0,4.0,0.0,96.0,0
dqn_verified,synthetic_rough_heston,,twap,338169861,-4.3399999999983265,-4.499999999998327,4.0,4.0,0.0,96.0,0
dqn_verified,synthetic_rough_heston,,twap,460890984,26.165966650534756,25.825367655214063,5.913144800626441,5.836085977097095,0.0770588235293416,94.08685519937356,0
dqn_verified,synthetic_rough_heston,,twap,1844393987,8.739999999996144,8.739999999996144,0.0,0.0,0.0,100.0,0
dqn_verified,synthetic_rough_heston,,twap,1032412864,-12.5199999999968,-12.559999999996798,2.0,2.0,0.0,98.0,0
dqn_verified,synthetic_rough_heston,,twap,285977676,-16.81999999999789,-16.90999999999789,3.0,3.0,0.0,97.0,0
dqn_verified,synthetic_rough_heston,,twap,1194047159,9.260000000002035,9.250000000002036,1.0,1.0,0.0,99.0,0
dqn_verified,synthetic_rough_heston,,twap,410795716,-10.059999999997672,-10.059999999997672,0.0,0.0,0.0,100.0,0
dqn_verified,synthetic_rough_heston,,twap,1688827796,18.27782965897859,18.249242235907506,1.690781566941283,1.6907815669412836,0.0,98.30921843305872,0
dqn_verified,synthetic_rough_heston,,twap,1615174803,16.259969698612622,16.169787798474122,3.0030301386849203,3.003030138684924,0.0,96.99696986131508,0
dqn_verified,synthetic_rough_heston,,twap,573603312,-5.50999999999658,-5.50999999999658,0.0,0.0,0.0,100.0,0
dqn_verified,synthetic_rough_heston,,twap,1292648848,19.020000000004075,19.010000000004073,1.0,1.0,0.0,99.0,0
dqn_verified,synthetic_rough_heston,,twap,504177273,-8.229999999997744,-8.389999999997745,4.0,4.0,0.0,96.0,0
dqn_verified,synthetic_rough_heston,,twap,2023171617,-1.069999999999709,-1.069999999999709,0.0,0.0,0.0,100.0,0
dqn_verified,synthetic_rough_heston,,twap,155866399,26.100000000002183,26.100000000002183,0.0,0.0,0.0,100.0,0
dqn_verified,synthetic_rough_heston,,twap,426465092,47.82652682926528,47.48706428078223,6.0,5.826341463414678,0.1736585365853216,94.0,0
dqn_verified,synthetic_rough_heston,,twap,2075242093,27.7300000000032,27.7300000000032,0.0,0.0,0.0,100.0,0
dqn_verified,synthetic_rough_heston,,twap,426948909,-54.210000000004584,-54.210000000004584,0.0,0.0,0.0,100.0,0
dqn_verified,synthetic_rough_heston,,twap,40870105,3.500000000007276,3.460000000007276,2.0,2.0,0.0,98.0,0
dqn_verified,synthetic_rough_heston,,twap,1146798258,37.78000000000611,37.78000000000611,0.0,0.0,0.0,100.0,0
dqn_verified,synthetic_rough_heston,,twap,2070376215,-1.1579772216227866,-1.5155539792015598,5.979772216220056,5.979772216220056,0.0,94.02022778377994,0
dqn_verified,synthetic_rough_heston,,twap,511062834,26.37999999999738,26.37999999999738,0.0,0.0,0.0,100.0,0
dqn_verified,synthetic_rough_heston,,twap,1541412974,7.339999999994688,7.339999999994688,0.0,0.0,0.0,100.0,0
dqn_verified,synthetic_rough_heston,,twap,376403019,19.3700000000008,19.3700000000008,0.0,0.0,0.0,100.0,0
dqn_verified,synthetic_rough_heston,,twap,1108559752,19.454794677065365,19.45249578425432,0.4794677060078527,0.4794677060078491,0.0,99.52053229399216,0
dqn_verified,synthetic_rough_heston,,twap,1393048108,-67.15999999999622,-67.15999999999622,0.0,0.0,0.0,100.0,0
dqn_verified,synthetic_rough_heston,,twap,2023564002,-59.37000000000262,-59.37000000000262,0.0,0.0,0.0,100.0,0
dqn_verified,synthetic_rough_heston,,twap,916344601,27.96689505577342,27.963421074338378,0.7288601478699519,0.5894049062440914,0.1394552416258551,99.27113985213003,0
dqn_verified,synthetic_rough_heston,,twap,486149422,9.100000000002185,9.100000000002185,0.0,0.0,0.0,100.0,0
dqn_verified,synthetic_rough_heston,,twap,410404482,-10.349999999998545,-10.349999999998545,0.0,0.0,0.0,100.0,0
dqn_verified,synthetic_rough_heston,,twap,848518413,17.1299999999992,17.065865782982026,2.5324734355402825,2.5324734355402834,0.0,97.46752656445972,0
dqn_verified,synthetic_rough_heston,,twap,1216465325,0.6000000000058208,0.5900000000058208,1.0,1.0,0.0,99.0,0
dqn_verified,synthetic_rough_heston,,twap,1701726968,-7.6600000000034925,-7.6600000000034925,0.0,0.0,0.0,100.0,0
dqn_verified,synthetic_rough_heston,,twap,1739537596,1.5304232303169556,1.5241579475225462,0.7915353936754457,0.7915353936754466,0.0,99.20846460632455,0
dqn_verified,synthetic_rough_heston,,twap,2050860255,17.140000000003056,17.140000000003056,0.0,0.0,0.0,100.0,0
dqn_verified,synthetic_rough_heston,,twap,218238821,54.29000000000269,54.29000000000269,0.0,0.0,0.0,100.0,0
dqn_verified,synthetic_rough_heston,,twap,128588240,34.7699999999968,34.7299999999968,2.0,2.0,0.0,98.0,0
dqn_verified,synthetic_rough_heston,,twap,1162542574,42.770000000004075,42.770000000004075,0.0,0.0,0.0,100.0,0
dqn_verified,synthetic_rough_heston,,twap,1005643756,10.432025786562008,10.42841029800172,0.6012893280515641,0.6012893280515632,0.0,99.39871067194844,0
dqn_verified,synthetic_rough_heston,,twap,711572297,22.16000000000531,22.16000000000531,0.0,0.0,0.0,100.0,0
dqn_verified,synthetic_rough_heston,,twap,501043199,-22.609999999996944,-22.609999999996944,0.0,0.0,0.0,100.0,0
dqn_verified,synthetic_rough_heston,,twap,1291999351,22.400000000001455,22.400000000001455,0.0,0.0,0.0,100.0,0
dqn_verified,synthetic_rough_heston,,twap,102182588,-2.959999999999127,-2.959999999999127,0.0,0.0,0.0,100.0,0
dqn_verified,synthetic_rough_heston,,twap,2119210718,27.865841656492194,27.864112474419944,0.4158343507036761,0.4158343507036783,0.0,99.58416564929632,0
dqn_verified,synthetic_rough_heston,,twap,1109208492,21.210000000000942,21.210000000000942,0.0,0.0,0.0,100.0,0
dqn_verified,synthetic_rough_heston,,twap,1274300456,16.468692682927212,16.434728889946843,2.0,1.842926829268322,0.1570731707316781,98.0,0
dqn_verified,synthetic_rough_heston,,twap,1256771816,-16.94999999999709,-17.03999999999709,3.0,3.0,0.0,97.0,0
dqn_verified,synthetic_rough_heston,,twap,1077857574,0.0100000000020372,0.0100000000020372,0.0,0.0,0.0,100.0,0
dqn_verified,synthetic_rough_heston,,twap,1100698389,18.840000000001965,18.840000000001965,0.0,0.0,0.0,100.0,0
dqn_verified,synthetic_rough_heston,,twap,795778257,14.544124303911303,14.542725585411684,0.6902194742166472,0.3739944517797536,0.3162250224368935,99.30978052578337,0
dqn_verified,synthetic_rough_heston,,twap,1548246893,2.113250377769873,2.109410838506206,0.6196401587750415,0.6196401587750393,0.0,99.38035984122496,0
dqn_verified,synthetic_rough_heston,,twap,633707972,-11.209999999997308,-11.219999999997308,1.0,1.0,0.0,99.0,0
dqn_verified,synthetic_rough_heston,,twap,983296256,-18.31000000000131,-18.31000000000131,0.0,0.0,0.0,100.0,0
dqn_verified,synthetic_rough_heston,,twap,487951037,40.67084614756641,40.37746320100102,5.416483606228198,5.4164836062282,0.0,94.5835163937718,0
dqn_verified,synthetic_rough_heston,,twap,978154369,28.670000000000073,28.580000000000073,3.0,3.0,0.0,97.0,0
dqn_verified,synthetic_rough_heston,,twap,554788091,32.36842002479352,32.36840352268562,0.040622786594838,0.0406227865948309,0.0,99.95937721340516,0
dqn_verified,synthetic_rough_heston,,twap,2090199347,13.229999999997744,13.219999999997745,1.0,1.0,0.0,99.0,0
dqn_verified,synthetic_rough_heston,,twap,2069017976,-65.33000000000357,-65.33000000000357,0.0,0.0,0.0,100.0,0
dqn_verified,synthetic_rough_heston,,twap,945043387,-69.03999999999905,-69.03999999999905,0.0,0.0,0.0,100.0,0
dqn_verified,synthetic_rough_heston,,twap,1939521563,-100.1599999999944,-100.1599999999944,0.0,0.0,0.0,100.0,0
dqn_verified,synthetic_rough_heston,,twap,837962510,-23.079999999999927,-23.079999999999927,0.0,0.0,0.0,100.0,0
dqn_verified,synthetic_rough_heston,,twap,1294936529,33.63000000000102,33.63000000000102,0.0,0.0,0.0,100.0,0
dqn_verified,synthetic_rough_heston,,twap,1783232423,7.110000000000582,7.110000000000582,0.0,0.0,0.0,100.0,0
dqn_verified,synthetic_rough_heston,,twap,133555220,32.20000000000073,32.20000000000073,0.0,0.0,0.0,100.0,0
dqn_verified,synthetic_rough_heston,,twap,727659984,21.400000000005093,21.400000000005093,0.0,0.0,0.0,100.0,0
dqn_verified,synthetic_rough_heston,,twap,1045640949,-60.36999999999716,-60.36999999999716,0.0,0.0,0.0,100.0,0
dqn_verified,synthetic_rough_heston,,twap,1498406538,-20.140000000003056,-20.140000000003056,0.0,0.0,0.0,100.0,0
dqn_verified,synthetic_rough_heston,,twap,894023265,-10.791955042614063,-10.80400564002135,1.0977521308240483,1.0977521308240492,0.0,98.90224786917597,0
dqn_verified,synthetic_rough_heston,,twap,1456034043,39.05000000000291,39.05000000000291,0.0,0.0,0.0,100.0,0
dqn_verified,synthetic_rough_heston,,twap,2145465691,-31.280000000000655,-31.290000000000656,1.0,1.0,0.0,99.0,0
dqn_verified,synthetic_rough_heston,,twap,1645332470,25.129999999991924,25.129999999991924,0.0,0.0,0.0,100.0,0
dqn_verified,synthetic_rough_heston,,twap,1703360263,7.980000000003201,7.340000000003202,8.0,8.0,0.0,92.0,0
dqn_verified,synthetic_rough_heston,,twap,1254093673,42.18000000000029,42.18000000000029,0.0,0.0,0.0,100.0,0
dqn_verified,synthetic_rough_heston,,twap,679604879,16.849999999996726,16.849999999996726,0.0,0.0,0.0,100.0,0
dqn_verified,synthetic_rough_heston,,twap,1800514979,20.05999999999949,19.96999999999949,3.0,3.0,0.0,97.0,0
dqn_verified,synthetic_rough_heston,,twap,1009107304,18.270000000000437,18.270000000000437,0.0,0.0,0.0,100.0,0
dqn_verified,synthetic_rough_heston,,twap,1459119855,16.529999999998836,16.439999999998836,3.0,3.0,0.0,97.0,0
dqn_verified,synthetic_rough_heston,,twap,2082327116,17.55000000000473,17.55000000000473,0.0,0.0,0.0,100.0,0
dqn_verified,synthetic_rough_heston,,twap,1795215048,9.636392479873392,9.631077773782922,0.7574552602816169,0.7290203077055658,0.0284349525760573,99.24254473971838,0
dqn_verified,synthetic_rough_heston,,twap,1559844699,51.87000000000444,51.87000000000444,1.0,0.0,1.0,99.0,0
dqn_verified,synthetic_rough_heston,,twap,1337581818,3.139999999999418,3.129999999999418,1.0,1.0,0.0,99.0,0
dqn_verified,synthetic_rough_heston,,twap,1567278356,-96.33999999999652,-96.33999999999652,0.0,0.0,0.0,100.0,0
dqn_verified,synthetic_rough_heston,,twap,1391644635,-106.44000000000416,-106.44000000000416,0.0,0.0,0.0,100.0,0
dqn_verified,synthetic_rough_heston,,twap,1226640195,4.220000000004802,4.220000000004802,0.0,0.0,0.0,100.0,0
dqn_verified,synthetic_rough_heston,,twap,573081701,-28.483372536276875,-28.48782744098702,0.6674507255328166,0.6674507255328099,0.0,99.33254927446718,0
dqn_verified,synthetic_rough_heston,,twap,856702353,-12.399999999999636,-12.399999999999636,0.0,0.0,0.0,100.0,0
dqn_verified,synthetic_rough_heston,,twap,969233424,20.53799555412661,20.53389841590443,0.6400889174308588,0.640088917430853,0.0,99.35991108256914,0
dqn_verified,synthetic_rough_heston,,twap,2038887002,-0.1908028985781129,-0.1908100613129396,0.0267632860962123,0.0267632860962163,0.0,99.9732367139038,0
dqn_verified,synthetic_rough_heston,,twap,748193112,40.96000000001004,40.96000000001004,0.0,0.0,0.0,100.0,0
dqn_verified,synthetic_rough_heston,,twap,1403188372,9.544216216219866,9.392537545657415,4.0,3.894594594594537,0.1054054054054631,96.0,0
dqn_verified,synthetic_rough_heston,,twap,688156671,-74.45999999999913,-74.45999999999913,0.0,0.0,0.0,100.0,0
dqn_verified,synthetic_rough_heston,,twap,1293707997,32.69999999999709,32.68999999999709,1.0,1.0,0.0,99.0,0
dqn_verified,synthetic_rough_heston,,twap,1017816127,-70.42999999999665,-70.43999999999666,1.0,1.0,0.0,99.0,0
dqn_verified,synthetic_rough_heston,,twap,928547401,7.619999999998981,7.619999999998981,0.0,0.0,0.0,100.0,0
dqn_verified,synthetic_rough_heston,,twap,804851501,55.66215000000193,55.61012039000192,3.0,2.2810000000000628,0.7189999999999372,97.0,0
dqn_verified,synthetic_rough_heston,,twap,1120019183,-13.417873495553067,-13.769335460678391,5.928422767695693,5.9284227676956895,0.0,94.0715772323043,0
dqn_verified,synthetic_rough_heston,,twap,1119490863,5.56999999999789,5.31999999999789,5.0,5.0,0.0,95.0,0
dqn_verified,synthetic_rough_heston,,twap,783363503,-37.6299999999992,-37.6299999999992,0.0,0.0,0.0,100.0,0
dqn_verified,synthetic_rough_heston,,twap,205944131,-23.160000000001673,-23.200000000001673,2.0,2.0,0.0,98.0,0
dqn_verified,synthetic_rough_heston,,twap,446079182,-4.379999999997381,-4.38999999999738,1.0,1.0,0.0,99.0,0
dqn_verified,synthetic_rough_heston,,twap,2128949063,45.79690824566569,45.755522568831445,2.888883054819445,2.0343469918931345,0.8545360629263157,97.11111694518056,0
dqn_verified,synthetic_rough_heston,,twap,708828196,-0.3499999999985448,-0.3499999999985448,0.0,0.0,0.0,100.0,0
dqn_verified,synthetic_rough_heston,,twap,907135295,-63.0,-63.0,0.0,0.0,0.0,100.0,0
dqn_verified,synthetic_rough_heston,,twap,1179243183,1.6900000000023283,1.2000000000023283,7.0,7.0,0.0,93.0,0
dqn_verified,synthetic_rough_heston,,twap,1200595667,-31.415524706773795,-31.436478118166622,1.4475293224258363,1.4475293224258374,0.0,98.55247067757416,0
dqn_verified,synthetic_rough_heston,,twap,1138669996,-36.99999999999454,-36.99999999999454,0.0,0.0,0.0,100.0,0
dqn_verified,synthetic_rough_heston,,twap,299092708,18.40000000000327,18.24000000000327,4.0,4.0,0.0,96.0,0
dqn_verified,synthetic_rough_heston,,twap,1606240066,50.809863760430744,50.755207181538424,2.337874652164288,2.3378746521642895,0.0,97.66212534783573,0
dqn_verified,synthetic_rough_heston,,twap,1592479411,1.6700000000018915,1.6700000000018915,0.0,0.0,0.0,100.0,0
dqn_verified,synthetic_rough_heston,,twap,1232823009,-7.630000000001019,-7.630000000001019,0.0,0.0,0.0,100.0,0
dqn_verified,synthetic_rough_heston,,twap,1380936168,9.42000000000371,9.42000000000371,0.0,0.0,0.0,100.0,0
dqn_verified,synthetic_rough_heston,,twap,1485723813,-3.0900000000019645,-3.0900000000019645,0.0,0.0,0.0,100.0,0
dqn_verified,synthetic_rough_heston,,twap,1476988550,18.149999999999636,18.059999999999636,3.0,3.0,0.0,97.0,0
dqn_verified,synthetic_rough_heston,,twap,426644302,17.349999999998545,17.189999999998545,4.0,4.0,0.0,96.0,0
dqn_verified,synthetic_rough_heston,,twap,1492118510,-92.67000000000188,-92.67000000000188,0.0,0.0,0.0,100.0,0
dqn_verified,synthetic_rough_heston,,twap,1871437067,-17.404475039707904,-17.412387156335505,1.0,0.8895007941312295,0.1104992058687705,99.0,0
dqn_verified,synthetic_rough_heston,,twap,1821522104,-35.13000000000284,-35.13000000000284,0.0,0.0,0.0,100.0,0
dqn_verified,synthetic_rough_heston,,twap,1233002065,-12.399999999999636,-12.399999999999636,0.0,0.0,0.0,100.0,0
dqn_verified,synthetic_rough_heston,,twap,1249666141,23.100000000004,23.100000000004,0.0,0.0,0.0,100.0,0
dqn_verified,synthetic_rough_heston,,twap,1377485117,7.459330512305314,7.459285690928673,0.0669487689518888,0.066948768951883,0.0,99.93305123104813,0
dqn_verified,synthetic_rough_heston,,twap,1667673182,37.05000000000655,37.04000000000655,1.0,1.0,0.0,99.0,0
dqn_verified,synthetic_rough_heston,,twap,257835634,-31.2400000000016,-31.2400000000016,0.0,0.0,0.0,100.0,0
dqn_verified,synthetic_rough_heston,,twap,1475908961,40.79999999999927,40.79999999999927,0.0,0.0,0.0,100.0,0
dqn_verified,synthetic_rough_heston,,twap,847186143,14.889999999999418,14.88351434454176,0.8053356727265424,0.8053356727265406,0.0,99.19466432727346,0
dqn_verified,synthetic_rough_heston,,twap,454152926,17.0099999999984,17.0099999999984,0.0,0.0,0.0,100.0,0
dqn_verified,synthetic_rough_heston,,twap,745543570,2.2185900306685653,2.206327228270668,1.1073753834132989,1.1073753834132964,0.0,98.8926246165867,0
dqn_verified,synthetic_rough_heston,,twap,2040040035,20.02727946923369,20.026690683985425,1.7034035304138655,0.2426489745011075,1.4607545559127555,98.29659646958612,0
dqn_verified,synthetic_rough_heston,,twap,857589213,-3.9611484238230337,-3.9700329719283736,0.9425788086595476,0.9425788086595448,0.0,99.05742119134044,0
dqn_verified,synthetic_rough_heston,,twap,447631993,6.203675949373064,6.197014083646416,1.0,0.816202531645672,0.1837974683543279,99.0,0
dqn_verified,synthetic_rough_heston,,twap,1053736358,-7.619999999995343,-7.619999999995343,0.0,0.0,0.0,100.0,0
dqn_verified,synthetic_rough_heston,,twap,1123074415,35.11102863828273,35.10863044401435,2.0,0.4897136171662599,1.51028638283374,98.0,0
dqn_verified,synthetic_rough_heston,,twap,896949228,25.640000000004875,25.640000000004875,0.0,0.0,0.0,100.0,0
dqn_verified,synthetic_rough_heston,,twap,532798302,-8.1200000000008,-8.1200000000008,0.0,0.0,0.0,100.0,0
dqn_verified,synthetic_rough_heston,,twap,1798006985,10.430000000000293,10.430000000000293,0.0,0.0,0.0,100.0,0
dqn_verified,synthetic_rough_heston,,twap,1380983522,12.883483911895382,12.879237971478066,0.6516088103545883,0.6516088103545874,0.0,99.3483911896454,0
dqn_verified,synthetic_rough_heston,,twap,516067115,13.559999999997672,13.559999999997672,0.0,0.0,0.0,100.0,0
dqn_verified,synthetic_rough_heston,,twap,181677896,36.260000000005675,36.260000000005675,0.0,0.0,0.0,100.0,0
dqn_verified,synthetic_rough_heston,,twap,1412098877,-38.79000000000269,-38.79000000000269,0.0,0.0,0.0,100.0,0
dqn_verified,synthetic_rough_heston,,twap,592480532,11.159999999998035,11.119999999998036,2.0,2.0,0.0,98.0,0
dqn_verified,synthetic_rough_heston,,twap,1462116845,-0.1656982726053684,-1.1244121838097312,9.791393727168582,9.791393727168582,0.0,90.20860627283142,0
dqn_verified,synthetic_rough_heston,,twap,1877161225,-3.539999999997235,-3.549999999997235,1.0,1.0,0.0,99.0,0
dqn_verified,synthetic_rough_heston,,twap,1814894336,11.150000000003274,11.140000000003274,1.0,1.0,0.0,99.0,0
dqn_verified,synthetic_rough_heston,,twap,917024862,16.23999999999978,16.23999999999978,0.0,0.0,0.0,100.0,0
dqn_verified,synthetic_rough_heston,,twap,614922330,4.7299999999977445,4.7299999999977445,0.0,0.0,0.0,100.0,0
dqn_verified,synthetic_rough_heston,,twap,1801437930,13.73229490049016,13.713332206057752,1.3770509951489205,1.3770509951489251,0.0,98.62294900485108,0
dqn_verified,synthetic_rough_heston,,twap,1380610365,-3.682928426298531,-4.032259098952134,5.910420227476237,5.910420227476241,0.0,94.08957977252376,0
dqn_verified,synthetic_rough_heston,,twap,236614752,-10.488283145677997,-10.49514419591189,0.8283145678963137,0.8283145678963137,0.0,99.17168543210369,0
dqn_verified,synthetic_rough_heston,,twap,834408283,-16.74999999999818,-16.74999999999818,0.0,0.0,0.0,100.0,0
dqn_verified,synthetic_rough_heston,,twap,2011776523,-17.56999999999971,-17.56999999999971,0.0,0.0,0.0,100.0,0
dqn_verified,synthetic_rough_heston,,twap,1226258546,-14.0,-14.08776064532151,2.9624423255400245,2.9624423255400245,0.0,97.03755767445998,0
dqn_verified,synthetic_rough_heston,,twap,1616321187,-11.969999999999343,-11.969999999999343,0.0,0.0,0.0,100.0,0
dqn_verified,synthetic_rough_heston,,twap,1672306602,23.59419124804117,23.398904607693975,4.419124804157448,4.419124804157448,0.0,95.58087519584257,0
dqn_verified,synthetic_rough_heston,,twap,1762600914,-33.66000000000167,-33.66000000000167,0.0,0.0,0.0,100.0,0
dqn_verified,synthetic_rough_heston,,twap,994946334,-34.83999999999833,-34.83999999999833,0.0,0.0,0.0,100.0,0
dqn_verified,synthetic_rough_heston,,twap,909382858,38.95999999999731,38.95999999999731,0.0,0.0,0.0,100.0,0
dqn_verified,synthetic_rough_heston,,twap,26993609,30.100000000002183,30.100000000002183,0.0,0.0,0.0,100.0,0
dqn_verified,synthetic_rough_heston,,twap,1773145257,-49.86999999999534,-49.86999999999534,0.0,0.0,0.0,100.0,0
dqn_verified,synthetic_rough_heston,,twap,706407932,14.159999999999854,14.159999999999854,0.0,0.0,0.0,100.0,0
dqn_verified,synthetic_rough_heston,,twap,331383041,-6.219999999999345,-6.379999999999345,4.0,4.0,0.0,96.0,0
dqn_verified,synthetic_rough_heston,,twap,279983631,32.97999999999956,32.97999999999956,0.0,0.0,0.0,100.0,0
dqn_verified,synthetic_rough_heston,,twap,104944766,45.19999999999891,45.18999999999891,1.0,1.0,0.0,99.0,0
dqn_verified,synthetic_rough_heston,,twap,1398718536,40.50000000000182,40.50000000000182,0.0,0.0,0.0,100.0,0
dqn_verified,synthetic_rough_heston,,twap,1382436732,13.470000000001164,13.470000000001164,0.0,0.0,0.0,100.0,0
dqn_verified,synthetic_rough_heston,,twap,1822786061,19.133909090909583,19.098633421488096,2.0,1.8781818181818153,0.1218181818181847,98.0,0
dqn_verified,synthetic_rough_heston,,twap,879773370,-4.963103258580304,-4.963107020382568,1.0,0.0193953661055548,0.9806046338944452,99.0,0
dqn_verified,synthetic_rough_heston,,twap,2043945046,49.12000000000444,49.12000000000444,0.0,0.0,0.0,100.0,0
dqn_verified,synthetic_rough_heston,,twap,1458350865,13.42000000000371,13.42000000000371,0.0,0.0,0.0,100.0,0
dqn_verified,synthetic_rough_heston,,twap,1570091229,46.20178227848373,46.196310024678255,2.0,0.739746835443043,1.260253164556957,98.0,0
dqn_verified,synthetic_rough_heston,,twap,1963377882,20.0,20.0,0.0,0.0,0.0,100.0,0
dqn_verified,synthetic_rough_heston,,twap,922385963,26.50000000000182,26.50000000000182,0.0,0.0,0.0,100.0,0
dqn_verified,synthetic_rough_heston,,twap,1134397302,33.849999999998545,33.75999999999854,3.0,3.0,0.0,97.0,0
dqn_verified,synthetic_rough_heston,,twap,1361953339,-59.6200000000008,-59.6300000000008,1.0,1.0,0.0,99.0,0
dqn_verified,synthetic_rough_heston,,twap,1031019006,-7.370000000002619,-7.370000000002619,0.0,0.0,0.0,100.0,0
dqn_verified,synthetic_rough_heston,,twap,53419154,-13.889942686169888,-13.929828140633909,1.997134308553612,1.9971343085536053,0.0,98.0028656914464,0
dqn_verified,synthetic_rough_heston,,twap,1338190356,46.29000000000269,45.65000000000269,8.0,8.0,0.0,92.0,0
dqn_verified,synthetic_rough_heston,,twap,250858187,-4.750000000001819,-4.910000000001819,4.0,4.0,0.0,96.0,0
dqn_verified,synthetic_rough_heston,,twap,2129749168,9.389999999999418,9.389999999999418,0.0,0.0,0.0,100.0,0
dqn_verified,synthetic_rough_heston,,twap,2130738303,10.469999999999343,10.469999999999343,0.0,0.0,0.0,100.0,0
dqn_verified,synthetic_rough_heston,,twap,1017956649,30.392213981351233,30.287200290704455,3.2405815935843236,3.2405815935843307,0.0,96.75941840641568,0
dqn_verified,synthetic_rough_heston,,twap,1274680140,19.55999999999767,19.55999999999767,0.0,0.0,0.0,100.0,0
dqn_verified,synthetic_rough_heston,,twap,1585408273,12.460000000002765,12.420000000002766,2.0,2.0,0.0,98.0,0
dqn_verified,synthetic_rough_heston,,twap,1144086060,22.720000000001164,22.680000000001165,2.0,2.0,0.0,98.0,0
dqn_verified,synthetic_rough_heston,,twap,410286162,-9.529960400965138,-9.605639859436703,2.7509899758371574,2.7509899758371543,0.0,97.24901002416284,0
dqn_verified,synthetic_rough_heston,,twap,373643122,-8.639999999997599,-8.639999999997599,0.0,0.0,0.0,100.0,0
dqn_verified,synthetic_rough_heston,,twap,1500953274,9.485936022121678,9.404311715665957,2.8569967878127045,2.856996787812701,0.0,97.1430032121873,0
dqn_verified,synthetic_rough_heston,,twap,83988248,-39.590000000000146,-39.630000000000145,2.0,2.0,0.0,98.0,0
dqn_verified,synthetic_rough_heston,,twap,1865270753,21.890000000006697,21.890000000006697,0.0,0.0,0.0,100.0,0
dqn_verified,synthetic_rough_heston,,twap,2136924679,34.0,34.0,0.0,0.0,0.0,100.0,0
dqn_verified,synthetic_rough_heston,,twap,675361705,16.3899999999976,16.3899999999976,0.0,0.0,0.0,100.0,0
dqn_verified,synthetic_rough_heston,,twap,1787143916,-36.41000000000167,-36.41000000000167,0.0,0.0,0.0,100.0,0
dqn_verified,synthetic_rough_heston,,twap,1157074811,20.318312328765387,20.16023528316584,4.0,3.975890410958869,0.0241095890411315,96.0,0
dqn_verified,synthetic_rough_heston,,twap,346534653,17.29000000000633,17.29000000000633,0.0,0.0,0.0,100.0,0
dqn_verified,synthetic_rough_heston,,twap,2029212888,-41.21999999999571,-41.21999999999571,0.0,0.0,0.0,100.0,0
dqn_verified,synthetic_rough_heston,,twap,284833619,-1.9100000000016737,-1.9100000000016737,0.0,0.0,0.0,100.0,0
dqn_verified,synthetic_rough_heston,,twap,963504523,-21.25999999999658,-21.25999999999658,0.0,0.0,0.0,100.0,0
dqn_verified,synthetic_rough_heston,,twap,1918322573,-30.960000000004584,-30.960000000004584,0.0,0.0,0.0,100.0,0
dqn_verified,synthetic_rough_heston,,twap,344371083,28.555541359142808,28.554773692613935,0.2770679571645189,0.2770679571645211,0.0,99.72293204283548,0
dqn_verified,synthetic_rough_heston,,twap,1588251919,23.1399999999976,23.1399999999976,0.0,0.0,0.0,100.0,0
dqn_verified,synthetic_rough_heston,,twap,152900645,-2.8700000000008004,-2.8700000000008004,0.0,0.0,0.0,100.0,0
dqn_verified,synthetic_rough_heston,,twap,1891103623,-52.36000000000058,-52.36000000000058,0.0,0.0,0.0,100.0,0
dqn_verified,synthetic_rough_heston,,twap,2085732003,-25.167952089948812,-25.171580893364183,0.602395502587072,0.6023955025870666,0.0,99.39760449741291,0
dqn_verified,synthetic_rough_heston,,twap,266216506,-28.279999999997017,-28.319999999997016,2.0,2.0,0.0,98.0,0
dqn_verified,synthetic_rough_heston,,twap,1053758720,-42.06999999999971,-42.06999999999971,0.0,0.0,0.0,100.0,0
dqn_verified,synthetic_rough_heston,,twap,938390068,9.729999999999563,9.729999999999563,0.0,0.0,0.0,100.0,0
dqn_verified,synthetic_rough_heston,,twap,857959051,37.23000000000138,37.23000000000138,0.0,0.0,0.0,100.0,0
dqn_verified,synthetic_rough_heston,,twap,719206609,2.110000000000582,2.110000000000582,0.0,0.0,0.0,100.0,0
dqn_verified,synthetic_rough_heston,,twap,187237339,11.170759067175824,11.161134999621732,0.9810233205224392,0.981023320522442,0.0,99.01897667947756,0
dqn_verified,synthetic_rough_heston,,twap,1809838918,-67.96000000000276,-67.96000000000276,0.0,0.0,0.0,100.0,0
dqn_verified,synthetic_rough_heston,,twap,892651515,-5.169999999998254,-5.169999999998254,0.0,0.0,0.0,100.0,0
dqn_verified,synthetic_rough_heston,,twap,1886884439,-38.06000000000313,-38.06000000000313,0.0,0.0,0.0,100.0,0
ddpg_paper_actor,synthetic_rough_heston,,ddpg,1906509230,33.662485069744434,27.663257656671416,0.7991796593988028,-24.493320340601063,25.292499999999883,99.2008203406012,0
ddpg_paper_actor,synthetic_rough_heston,,ddpg,1178422796,16.327694644665826,16.323898374255265,0.6161388163848898,0.616138816384896,0.0,99.38386118361512,0
ddpg_paper_actor,synthetic_rough_heston,,ddpg,1963502950,37.0341504199892,37.03298107377057,0.6205429531911051,-0.341957046809014,0.9625000000001194,99.3794570468089,15
ddpg_paper_actor,synthetic_rough_heston,,ddpg,1703319850,6.653546223872821,6.564078660331867,0.0113871044214306,-2.9911128955784037,3.002499999999845,99.98861289557856,4
ddpg_paper_actor,synthetic_rough_heston,,ddpg,1313726939,14.362185898955431,10.67996561207742,0.3433616303705804,-19.18911224334782,19.53247387371841,99.65663836962942,0
ddpg_paper_actor,synthetic_rough_heston,,ddpg,1061055793,-12.967233892708244,-18.744558009759967,0.6539351867832437,-24.036064813217077,24.690000000000335,99.34606481321676,4
ddpg_paper_actor,synthetic_rough_heston,,ddpg,1067007710,31.794563149767303,31.78665576297746,0.8707651159656109,-0.8892348840346291,1.7600000000002751,99.1292348840344,4
ddpg_paper_actor,synthetic_rough_heston,,ddpg,40720655,-3.514151991636201,-3.5151257326876233,0.966801229543492,0.312048241690658,0.6547529878528522,99.03319877045652,1
ddpg_paper_actor,synthetic_rough_heston,,ddpg,1966159132,21.051521473624977,21.044760731318593,0.8519728544071938,0.8222373323064792,0.029735522100723,99.1480271455928,3
ddpg_paper_actor,synthetic_rough_heston,,ddpg,188577770,6.949379443707585,5.381887032885752,0.0404072149875531,-12.519953717254042,12.560360932241595,99.95959278501245,0
ddpg_paper_actor,synthetic_rough_heston,,ddpg,1402152033,41.39019964015097,41.390184123194,0.0393915688512294,0.0393915688512311,0.0,99.96060843114876,0
ddpg_paper_actor,synthetic_rough_heston,,ddpg,2092728533,-16.000448027436505,-18.08642624587984,0.8283415984576123,-14.44291597442613,15.271257572883744,99.1716584015424,0
ddpg_paper_actor,synthetic_rough_heston,,ddpg,1437347273,41.51137241879558,41.5109191412446,0.8067717868666904,0.212903158966504,0.5938686279001801,99.19322821313332,9
ddpg_paper_actor,synthetic_rough_heston,,ddpg,1045146178,36.80476571302049,36.80401664267447,0.2736914953035381,0.2736914953035203,0.0,99.72630850469646,8
ddpg_paper_actor,synthetic_rough_heston,,ddpg,528283994,5.066277841905831,5.062940989587272,0.5776549418605157,0.5776549418605206,0.0,99.42234505813948,20
ddpg_paper_actor,synthetic_rough_heston,,ddpg,36265689,4.078947955045805,4.074466417634284,0.6077841836874853,0.6694428587655041,-0.0616586750780108,99.39221581631251,0
ddpg_paper_actor,synthetic_rough_heston,,ddpg,1193742096,8.195375030084818,7.873042132035442,0.8652124759123296,-5.677436904531624,6.542649380443936,99.13478752408768,3
ddpg_paper_actor,synthetic_rough_heston,,ddpg,793249015,-6.331455153720526,-7.349346394158067,0.5859403786201653,-10.08905962137969,10.67499999999988,99.41405962137983,0
ddpg_paper_actor,synthetic_rough_heston,,ddpg,1309854583,0.0723602752358419,0.0360540753988393,0.0155469429525254,-1.905418584904708,1.92096552785724,99.98445305704747,6
ddpg_paper_actor,synthetic_rough_heston,,ddpg,1144601564,23.122658309874858,23.120881801887037,0.7414864158923962,0.4214864158924012,0.3200000000000109,99.2585135841076,11
ddpg_paper_actor,synthetic_rough_heston,,ddpg,982973886,7.021022019380325,2.9689877845894745,0.3490185996441681,-20.129665259985945,20.47868385963013,99.65098140035585,0
ddpg_paper_actor,synthetic_rough_heston,,ddpg,715231342,-11.492740119104331,-11.496417605866656,0.411422852663506,0.6064228526635382,-0.1950000000000074,99.5885771473365,16
ddpg_paper_actor,synthetic_rough_heston,,ddpg,2130732657,6.563873079351048,6.563589620732552,0.6914960356197071,0.1683622934316417,0.5231337421880857,99.3085039643803,14
ddpg_paper_actor,synthetic_rough_heston,,ddpg,1234679122,1.8280950733135104,1.6123755490358456,0.1679384030606314,-4.64456159693964,4.8125000000002665,99.83206159693935,1
ddpg_paper_actor,synthetic_rough_heston,,ddpg,490149342,9.371757936540948,9.347546891701068,0.1777155143104494,-1.5559898727137949,1.7337053870242194,99.82228448568956,3
ddpg_paper_actor,synthetic_rough_heston,,ddpg,381953676,16.573360160665615,16.571186614970944,0.7062130086852676,0.4662130086851368,0.2400000000001227,99.29378699131472,20
ddpg_paper_actor,synthetic_rough_heston,,ddpg,478640128,-42.98291116371061,-42.983850437425275,20.11028509000803,-0.3064757273686282,20.41676081737664,79.88971490999197,3
ddpg_paper_actor,synthetic_rough_heston,,ddpg,951876364,11.952569611552535,11.952552888222678,0.7908941681142068,0.040894168114141,0.750000000000064,99.2091058318858,24
ddpg_paper_actor,synthetic_rough_heston,,ddpg,723990043,1.262297807619689,-0.7982141974311254,0.4533971219915997,-14.35448363770294,14.807880759694532,99.5466028780084,0
ddpg_paper_actor,synthetic_rough_heston,,ddpg,487116369,26.54399697351664,26.501571106711665,2.067131600425455,2.0597540339800897,0.0073775664453907,97.93286839957456,1
ddpg_paper_actor,synthetic_rough_heston,,ddpg,1985429050,40.210891296702336,40.208601869886095,0.4168376428398801,0.4784795519395705,-0.0616419090996815,99.58316235716012,2
ddpg_paper_actor,synthetic_rough_heston,,ddpg,1628956857,4.346160853940091,4.3378483339669085,0.911730221786172,0.9117302217861668,0.0,99.08826977821384,0
ddpg_paper_actor,synthetic_rough_heston,,ddpg,1189523478,16.90836317589128,16.74448341710482,0.736793498517315,-4.0482065014826265,4.784999999999915,99.26320650148268,0
ddpg_paper_actor,synthetic_rough_heston,,ddpg,1296530916,-10.386368879539717,-11.396109229067696,11.276083728705515,10.048583728705156,1.2275000000003686,88.72391627129448,13
ddpg_paper_actor,synthetic_rough_heston,,ddpg,707561452,26.53677867740771,21.924811525768924,4.323824008752666,-21.475491034290194,25.79931504304283,95.67617599124732,0
ddpg_paper_actor,synthetic_rough_heston,,ddpg,901155818,11.17174166665152,11.170462054825956,0.2852166232599131,0.3577166232599271,-0.072500000000037,99.71478337674009,13
ddpg_paper_actor,synthetic_rough_heston,,ddpg,1820860524,19.32421999761356,18.363185909196968,0.6664269199233814,-9.803234611170906,10.469661531094332,99.33357308007662,5
ddpg_paper_actor,synthetic_rough_heston,,ddpg,1044185241,-6.773266452579264,-8.414497108666845,0.1390762532986542,-12.811052478573265,12.950128731871931,99.86092374670136,0
ddpg_paper_actor,synthetic_rough_heston,,ddpg,591637826,13.991655497338796,11.598429973235657,0.7124465931637474,-15.470053406834571,16.182499999998306,99.28755340683624,0
ddpg_paper_actor,synthetic_rough_heston,,ddpg,27222720,1.1271924934857815,1.1209139543539917,0.4034042402114153,-0.792372332416386,1.1957765726277871,99.59659575978858,29
ddpg_paper_actor,synthetic_rough_heston,,ddpg,64598572,6.82340426396695,6.793325551469733,0.8380702087889063,-1.7343215531502865,2.572391761939205,99.1619297912111,0
ddpg_paper_actor,synthetic_rough_heston,,ddpg,824692580,17.259049041302788,17.247396356107718,0.3630239606617067,-1.0794760393390606,1.4425000000007842,99.6369760393383,11
ddpg_paper_actor,synthetic_rough_heston,,ddpg,1292888439,7.82054402814612,7.82009467667466,0.1953998505208716,-0.2119791195990851,0.4073789701199425,99.80460014947911,19
ddpg_paper_actor,synthetic_rough_heston,,ddpg,1567077053,16.028378400389556,15.021129584551849,0.2138213654915119,-10.03617863450879,10.250000000000313,99.78617863450847,0
ddpg_paper_actor,synthetic_rough_heston,,ddpg,1386223455,20.38489177014344,18.06728908371032,0.0135380418119268,-15.223674610399154,15.237212652211074,99.98646195818807,0
ddpg_paper_actor,synthetic_rough_heston,,ddpg,2103330825,20.41532346618634,20.415242379556563,0.1274518852065824,-0.0900481147934098,0.2175000000000082,99.87254811479342,17
ddpg_paper_actor,synthetic_rough_heston,,ddpg,1713764255,-13.027903701629825,-13.02836872198788,0.295643306887996,0.2156433068879382,0.0800000000000409,99.704356693112,23
ddpg_paper_actor,synthetic_rough_heston,,ddpg,338169861,17.435613576793912,16.768370359707475,0.6190043178908127,-8.168495682109628,8.787500000000406,99.3809956821092,0
ddpg_paper_actor,synthetic_rough_heston,,ddpg,460890984,23.847150500116275,23.846301800649652,0.3163244697279737,0.2913244697279724,0.024999999999995,99.68367553027204,7
ddpg_paper_actor,synthetic_rough_heston,,ddpg,1844393987,2.927044488487925,0.493245655094316,0.4793627264989766,-15.600637273501391,16.080000000000382,99.52063727350102,9
ddpg_paper_actor,synthetic_rough_heston,,ddpg,1032412864,-1.628764895885979,-3.8211454010638377,0.5621495991380812,-14.80668938411912,15.368838983257191,99.43785040086192,0
ddpg_paper_actor,synthetic_rough_heston,,ddpg,285977676,24.755109256006545,24.75484164595975,0.163587911164214,0.1635879111642104,0.0,99.8364120888358,1
ddpg_paper_actor,synthetic_rough_heston,,ddpg,1194047159,30.709518846962965,29.191892775732335,0.5383033085323206,-12.319196691467466,12.857499999999805,99.46169669146768,0
ddpg_paper_actor,synthetic_rough_heston,,ddpg,410795716,-10.560764034868845,-10.564082111365112,0.6010274729791689,0.5760274729791477,0.0250000000000127,99.39897252702085,17
ddpg_paper_actor,synthetic_rough_heston,,ddpg,1688827796,28.88139708528979,27.3816786427172,0.4282160963188346,-12.246299206587226,12.674515302906032,99.57178390368117,0
ddpg_paper_actor,synthetic_rough_heston,,ddpg,1615174803,18.84475967232707,18.84404366564007,0.9075830127270308,0.2675830127270178,0.6399999999999864,99.09241698727295,24
ddpg_paper_actor,synthetic_rough_heston,,ddpg,573603312,11.946830888159369,11.417606336998077,0.4177178646967689,-7.274782135303391,7.692500000000159,99.58228213530325,6
ddpg_paper_actor,synthetic_rough_heston,,ddpg,1292648848,25.577228344715667,25.49038758255471,3.081875670281221,2.946875670281239,0.1349999999999731,96.91812432971878,7
ddpg_paper_actor,synthetic_rough_heston,,ddpg,504177273,-3.5567895205081297,-3.5567926455179584,0.3573223026705108,-0.0176776973294368,0.3749999999999787,99.64267769732947,10
ddpg_paper_actor,synthetic_rough_heston,,ddpg,2023171617,2.8879280657803026,2.887645565379278,0.1515462000462974,-0.168077482437232,0.319623682483549,99.8484537999537,15
ddpg_paper_actor,synthetic_rough_heston,,ddpg,155866399,28.34113046440031,28.34113044920637,0.0062326369690879,0.0012326369690986,0.0049999999999954,99.99376736303093,2
ddpg_paper_actor,synthetic_rough_heston,,ddpg,426465092,49.94389998416409,49.9111053538335,14.130587203892077,-1.8109287763628732,15.941515980254897,85.86941279610792,0
ddpg_paper_actor,synthetic_rough_heston,,ddpg,2075242093,31.527049134221087,30.78687725534142,0.8366757652655252,-8.603324234734306,9.439999999999827,99.16332423473447,1
ddpg_paper_actor,synthetic_rough_heston,,ddpg,426948909,-53.918649884049955,-63.970513164255486,31.311732952987512,31.70467359902248,-0.3929406460349745,68.68826704701249,0
ddpg_paper_actor,synthetic_rough_heston,,ddpg,40870105,12.914585769701036,12.904927561579177,0.1196001216342921,-0.9827618288201212,1.1023619504543778,99.88039987836572,2
ddpg_paper_actor,synthetic_rough_heston,,ddpg,1146798258,39.401428622841195,34.84760893497078,0.0355162732932967,-21.339680615863063,21.37519688915639,99.9644837267067,0
ddpg_paper_actor,synthetic_rough_heston,,ddpg,2070376215,6.603124631379979,6.249199157599972,6.166897910760852,5.949163586421256,0.2177343243395958,93.83310208923916,9
ddpg_paper_actor,synthetic_rough_heston,,ddpg,511062834,26.424565742672684,26.419278188866784,0.8874107234973678,0.7271556783728548,0.1602550451244992,99.11258927650265,17
ddpg_paper_actor,synthetic_rough_heston,,ddpg,1541412974,16.063575117307483,16.060568976980697,0.5482828035590188,0.5482828035590313,0.0,99.45171719644098,11
ddpg_paper_actor,synthetic_rough_heston,,ddpg,376403019,20.707203852541937,20.64064711775755,0.9501408025938928,-2.5798591974056673,3.5299999999995606,99.04985919740612,2
ddpg_paper_actor,synthetic_rough_heston,,ddpg,1108559752,17.25507199930567,17.25292214251614,0.9116529292257098,0.4636654817355711,0.44798744749012,99.08834707077428,18
ddpg_paper_actor,synthetic_rough_heston,,ddpg,1393048108,-13.657014214941157,-15.320328648897616,14.118045189051172,-12.896954810948433,27.014999999999624,85.88195481094883,6
ddpg_paper_actor,synthetic_rough_heston,,ddpg,2023564002,-37.66191578445886,-37.66230925814724,0.1983617121260437,0.1983617121260623,0.0,99.80163828787396,16
ddpg_paper_actor,synthetic_rough_heston,,ddpg,916344601,34.72403887492328,27.993989367488776,0.199277662476959,-25.942338960538052,26.141616623015004,99.80072233752304,0
ddpg_paper_actor,synthetic_rough_heston,,ddpg,486149422,16.212856451646076,16.166396984808873,11.044554179820167,-2.155445820177391,13.199999999997544,88.95544582017983,0
ddpg_paper_actor,synthetic_rough_heston,,ddpg,410404482,2.3029663607388504,1.7720632966914427,0.3986059263306032,-7.286309518867613,7.684915445198227,99.6013940736694,3
ddpg_paper_actor,synthetic_rough_heston,,ddpg,848518413,27.316556273340566,27.31338234399917,0.7183763698806445,0.5633763698805696,0.1550000000000793,99.28162363011936,6
ddpg_paper_actor,synthetic_rough_heston,,ddpg,1216465325,15.3534868290335,14.696093638301273,0.1920212707951378,-8.107978729203891,8.299999999999034,99.80797872920486,0
ddpg_paper_actor,synthetic_rough_heston,,ddpg,1701726968,-1.6605007929431883,-1.6653576649336832,0.4736685245454168,-0.6969126193788346,1.1705811439242824,99.52633147545458,4
ddpg_paper_actor,synthetic_rough_heston,,ddpg,1739537596,18.85080670005422,17.085021884148397,0.6231656538534338,-13.28828362094151,13.911449274794965,99.37683434614657,3
ddpg_paper_actor,synthetic_rough_heston,,ddpg,2050860255,10.694337718281808,10.690047686850804,0.6722643993697659,0.654983315131334,0.0172810842384752,99.32773560063023,16
ddpg_paper_actor,synthetic_rough_heston,,ddpg,218238821,43.77604406943101,43.76919864504167,0.8273707989372951,0.8273707989373316,0.0,99.1726292010627,0
ddpg_paper_actor,synthetic_rough_heston,,ddpg,128588240,35.13256776962841,35.132393541783856,0.3719953955850883,0.1319953955851014,0.2400000000000091,99.62800460441493,27
ddpg_paper_actor,synthetic_rough_heston,,ddpg,1162542574,44.15640585901555,44.15618460939615,0.1487446198701576,0.1487446198701465,0.0,99.85125538012984,3
ddpg_paper_actor,synthetic_rough_heston,,ddpg,1005643756,11.217156587214951,11.216715671460644,0.2099799405436755,0.2099799405436737,0.0,99.79002005945632,18
ddpg_paper_actor,synthetic_rough_heston,,ddpg,711572297,22.16095951606572,22.158676698487415,0.6957252501843243,0.4777884027792284,0.2179368474050905,99.30427474981568,3
ddpg_paper_actor,synthetic_rough_heston,,ddpg,501043199,7.3786411720272,7.373791009115699,0.6714311101251695,0.696431110125161,-0.0249999999999985,99.32856888987484,4
ddpg_paper_actor,synthetic_rough_heston,,ddpg,1291999351,26.37728605371907,26.30617924115151,0.9095760021758964,-2.666586067757029,3.5761620699329577,99.0904239978241,2
ddpg_paper_actor,synthetic_rough_heston,,ddpg,102182588,2.381440179384299,1.7241792898148771,0.2937917351572707,-8.10716281796179,8.400954553119059,99.70620826484272,0
ddpg_paper_actor,synthetic_rough_heston,,ddpg,2119210718,27.107935334369248,27.10783739969399,0.1039619498874628,0.0989619498874705,0.0049999999999954,99.89603805011254,10
ddpg_paper_actor,synthetic_rough_heston,,ddpg,1109208492,22.471410212351095,22.466887606222222,0.8225032437746336,0.6725032437746168,0.1500000000000056,99.17749675622537,4
ddpg_paper_actor,synthetic_rough_heston,,ddpg,1274300456,35.292600295546436,34.64086918166712,0.2093683645900199,-8.072986522219121,8.282354886809147,99.79063163540998,0
ddpg_paper_actor,synthetic_rough_heston,,ddpg,1256771816,-1.5894698433039594,-7.4700838604224735,0.8075226451246067,-24.24997735487296,25.057499999997574,99.1924773548754,0
ddpg_paper_actor,synthetic_rough_heston,,ddpg,1077857574,18.329563087672796,16.854815444027704,0.1829236003081575,-12.143918822378096,12.326842422686257,99.81707639969184,0
ddpg_paper_actor,synthetic_rough_heston,,ddpg,1100698389,28.39615582795399,28.39580189337252,0.1881314916411725,0.1881314916411369,0.0,99.81186850835884,4
ddpg_paper_actor,synthetic_rough_heston,,ddpg,795778257,19.264557743448677,19.247175253000545,0.2313306643084587,-1.318426730923372,1.5497573952318555,99.76866933569154,0
ddpg_paper_actor,synthetic_rough_heston,,ddpg,1548246893,16.382952451436722,16.38221768718445,0.8064346476822379,-0.2710653523178017,1.077499999999997,99.19356535231776,0
ddpg_paper_actor,synthetic_rough_heston,,ddpg,633707972,-4.917873509208221,-5.302024035690118,0.972012209742246,-6.1979877902582015,7.1700000000004245,99.02798779025775,0
ddpg_paper_actor,synthetic_rough_heston,,ddpg,983296256,-1.0365124643703894,-1.0377047447207408,0.7802941282954095,0.3452941282952178,0.4350000000002225,99.2197058717046,0
ddpg_paper_actor,synthetic_rough_heston,,ddpg,487951037,34.985941368665415,34.9852820510899,0.2567718005381323,0.2567718005381643,0.0,99.74322819946188,4
ddpg_paper_actor,synthetic_rough_heston,,ddpg,978154369,29.737499561934833,29.73745746355154,0.208333921845977,0.0648832669439681,0.1434506549020164,99.79166607815402,16
ddpg_paper_actor,synthetic_rough_heston,,ddpg,554788091,29.817831030662433,29.814153584816477,0.6857815607290831,0.6064194790701526,0.0793620816589571,99.31421843927092,21
ddpg_paper_actor,synthetic_rough_heston,,ddpg,2090199347,6.97183314987809,6.964839935017479,0.981254438589758,0.8362544385897679,0.1449999999999711,99.01874556141024,11
ddpg_paper_actor,synthetic_rough_heston,,ddpg,2069017976,-39.49781440601146,-50.79109401176732,29.865994884470396,33.60547515771182,-3.7394802732414143,70.1340051155296,0
ddpg_paper_actor,synthetic_rough_heston,,ddpg,945043387,-32.837019277167755,-32.83705185806967,26.915420317173613,-0.0570796828268491,26.97250000000045,73.08457968282639,6
ddpg_paper_actor,synthetic_rough_heston,,ddpg,1939521563,-88.8162887049657,-88.83156928366594,29.691146378882195,1.236146378882225,28.454999999999984,70.3088536211178,0
ddpg_paper_actor,synthetic_rough_heston,,ddpg,837962510,-15.221041312536167,-15.226925541934436,0.7370873091289241,0.7670873091289288,-0.0300000000000011,99.26291269087108,6
ddpg_paper_actor,synthetic_rough_heston,,ddpg,1294936529,43.273914330206665,35.6692092678005,0.9333702885832622,-27.576629711417176,28.510000000000428,99.06662971141674,6
ddpg_paper_actor,synthetic_rough_heston,,ddpg,1783232423,17.23746789332108,17.236557384629357,0.938707836294114,-0.3017463656326167,1.2404542019267253,99.06129216370589,0
ddpg_paper_actor,synthetic_rough_heston,,ddpg,133555220,25.467697920113338,25.46739206161176,0.9301118924626052,-0.1748881075374093,1.105000000000004,99.0698881075374,9
ddpg_paper_actor,synthetic_rough_heston,,ddpg,727659984,27.067582598732987,27.0621697100121,0.8564325480486872,0.7357233665506276,0.1207091814980489,99.14356745195133,4
ddpg_paper_actor,synthetic_rough_heston,,ddpg,1045640949,-69.02851954917787,-96.77859395737109,51.73462914948207,52.67833938934787,-0.9437102398657888,48.26537085051793,0
ddpg_paper_actor,synthetic_rough_heston,,ddpg,1498406538,-3.13627705754152,-3.1927967025844177,0.207613934531011,-2.37738606546976,2.585000000000761,99.792386065469,0
ddpg_paper_actor,synthetic_rough_heston,,ddpg,894023265,3.6854585861437954,1.912309968295832,0.1765373316536198,-13.315962668346453,13.492500000000078,99.82346266834638,0
ddpg_paper_actor,synthetic_rough_heston,,ddpg,1456034043,32.93448088654841,32.92721992475046,0.8521127741058478,0.852112774105855,0.0,99.14788722589417,9
ddpg_paper_actor,synthetic_rough_heston,,ddpg,2145465691,-10.262555258486827,-11.081792628426872,0.9613267614605974,-9.05117323853678,10.012499999997347,99.0386732385394,0
ddpg_paper_actor,synthetic_rough_heston,,ddpg,1645332470,19.400322043651933,19.40029876588662,0.8305207010041613,0.0482470365000851,0.7822736645040749,99.16947929899584,3
ddpg_paper_actor,synthetic_rough_heston,,ddpg,1703360263,6.2313099868515565,6.22994193833806,0.3698713983935988,0.3698713983936059,0.0,99.6301286016064,0
ddpg_paper_actor,synthetic_rough_heston,,ddpg,1254093673,35.32254855465154,35.285518101094006,6.3581690038136855,1.9243298458822515,4.433839157931427,93.64183099618631,11
ddpg_paper_actor,synthetic_rough_heston,,ddpg,679604879,22.14377736154347,18.88403689620319,0.8677486438052995,-18.05475135619507,18.9225000000004,99.1322513561947,0
ddpg_paper_actor,synthetic_rough_heston,,ddpg,1800514979,24.237320394844573,20.04034220355285,0.480300612847941,-20.486527747013948,20.96682835986192,99.51969938715206,0
ddpg_paper_actor,synthetic_rough_heston,,ddpg,1009107304,28.39047380858574,27.4778940921264,0.8820961668218104,-9.552903833177307,10.43499999999911,99.1179038331782,0
ddpg_paper_actor,synthetic_rough_heston,,ddpg,1459119855,13.392013090887485,13.391035857695575,0.0073927077130946,-0.3126072922868386,0.3199999999999363,99.9926072922869,25
ddpg_paper_actor,synthetic_rough_heston,,ddpg,2082327116,11.109909915939324,11.098291768413963,0.6202427242045729,1.0778751098972192,-0.4576323856926692,99.37975727579544,12
ddpg_paper_actor,synthetic_rough_heston,,ddpg,1795215048,23.439418215706624,23.43734577375752,0.4552408098033282,0.4552408098032932,0.0,99.54475919019669,27
ddpg_paper_actor,synthetic_rough_heston,,ddpg,1559844699,38.87198893483583,38.87006161732419,0.4390122448904208,0.4390122448904208,0.0,99.56098775510958,0
ddpg_paper_actor,synthetic_rough_heston,,ddpg,1337581818,18.35105883221477,18.347936678721457,0.5587623370730057,0.5587623370729959,0.0,99.441237662927,2
ddpg_paper_actor,synthetic_rough_heston,,ddpg,1567278356,-65.52542321959804,-74.24644320516444,42.011373123454575,29.531373123453648,12.480000000000928,57.988626876545425,1
ddpg_paper_actor,synthetic_rough_heston,,ddpg,1391644635,-17.38023615129826,-18.045132685051183,7.755333866595578,8.15411879820821,-0.3987849316126486,92.24466613340442,27
ddpg_paper_actor,synthetic_rough_heston,,ddpg,1226640195,2.6377353510007526,2.635692285982816,0.4520027674623748,0.4520027674623659,0.0,99.54799723253764,1
ddpg_paper_actor,synthetic_rough_heston,,ddpg,573081701,-16.22926436056674,-16.81044867878708,23.996044570737222,7.623544570738321,16.372499999998887,76.00395542926277,1
ddpg_paper_actor,synthetic_rough_heston,,ddpg,856702353,-5.5666061321585,-5.566607474661526,0.0656998155214552,0.0115866432863845,0.0541131722350715,99.93430018447854,2
ddpg_paper_actor,synthetic_rough_heston,,ddpg,969233424,9.386688035026207,9.283259696837206,3.598005083939668,3.2160276458544477,0.3819774380852189,96.40199491606032,12
ddpg_paper_actor,synthetic_rough_heston,,ddpg,2038887002,6.3299601330709265,2.7228930931290476,0.5902198842741626,-18.99228011572565,19.582499999999804,99.40978011572584,0
ddpg_paper_actor,synthetic_rough_heston,,ddpg,748193112,42.65462566464106,42.54942418691842,3.8759140443493294,3.2434777280357094,0.6324363163135799,96.12408595565068,29
ddpg_paper_actor,synthetic_rough_heston,,ddpg,1403188372,32.71689437264169,30.7201032587048,0.3695002425604059,-14.130785943948371,14.500286186508742,99.6304997574396,4
ddpg_paper_actor,synthetic_rough_heston,,ddpg,688156671,-75.11094430956837,-109.11854812260933,53.806038799837786,58.31603879983702,-4.5099999999992235,46.193961200162214,0
ddpg_paper_actor,synthetic_rough_heston,,ddpg,1293707997,28.567548250156833,28.56653410772961,0.5468442983560919,-0.3184560294962678,0.8653003278523651,99.45315570164392,20
ddpg_paper_actor,synthetic_rough_heston,,ddpg,1017816127,-56.548996154988345,-57.25812943690169,31.422309995490167,8.421005177016237,23.00130481847393,68.57769000450983,0
ddpg_paper_actor,synthetic_rough_heston,,ddpg,928547401,12.82585451011207,12.821162692661275,0.1278052731497894,0.6849684263375192,-0.5571631531877485,99.8721947268502,3
ddpg_paper_actor,synthetic_rough_heston,,ddpg,804851501,57.4311157534041,56.43201245103593,22.166338683462858,9.99551550630665,12.170823177156194,77.83366131653715,8
ddpg_paper_actor,synthetic_rough_heston,,ddpg,1120019183,9.14885662330022,8.642457595126844,0.6713280784305056,-7.1161719215697445,7.787500000000257,99.3286719215695,8
ddpg_paper_actor,synthetic_rough_heston,,ddpg,1119490863,12.113061495692818,7.297509603713816,0.805634226572252,-21.94436577342577,22.749999999998025,99.19436577342776,0
ddpg_paper_actor,synthetic_rough_heston,,ddpg,783363503,-22.30408048012947,-22.30511663660184,0.3218938446705834,0.3218938446705763,0.0,99.67810615532942,20
ddpg_paper_actor,synthetic_rough_heston,,ddpg,205944131,15.15163006395068,15.151168615539746,0.1323135030520603,0.2148135030520777,-0.0824999999999995,99.86768649694794,4
ddpg_paper_actor,synthetic_rough_heston,,ddpg,446079182,4.745280369889122,4.7278329445065,0.9360683386779272,1.320887027062585,-0.3848186883846827,99.06393166132209,7
ddpg_paper_actor,synthetic_rough_heston,,ddpg,2128949063,49.71658270961052,49.30520501057745,4.508626762768756,-6.413873237234041,10.922500000002763,95.49137323723124,0
ddpg_paper_actor,synthetic_rough_heston,,ddpg,708828196,-0.7870752181825811,-0.7871744943340154,0.1121374183900343,0.0996374183900314,0.0124999999999957,99.88786258160997,15
ddpg_paper_actor,synthetic_rough_heston,,ddpg,907135295,-20.72727069872101,-22.820290513684885,24.227272773275033,14.467272773276491,9.759999999998511,75.77272722672497,12
ddpg_paper_actor,synthetic_rough_heston,,ddpg,1179243183,-1.7887872559731477,-1.789521024230001,0.2708815713283599,0.2708815713283719,0.0,99.72911842867164,0
ddpg_paper_actor,synthetic_rough_heston,,ddpg,1200595667,-17.967791144657195,-17.96850265111263,0.1089857240457234,0.2667407834276862,-0.1577550593819875,99.89101427595428,27
ddpg_paper_actor,synthetic_rough_heston,,ddpg,1138669996,-6.736583663782658,-6.741788498687853,0.7089454175608694,0.7214454175608753,-0.0124999999999992,99.29105458243912,14
ddpg_paper_actor,synthetic_rough_heston,,ddpg,299092708,19.749653561071856,19.748236424557415,0.1783930492075285,-0.3764487368077019,0.554841786015242,99.82160695079249,10
ddpg_paper_actor,synthetic_rough_heston,,ddpg,1606240066,50.61134233699736,46.094295435481314,26.059546846767276,21.25334538729384,4.806201459473407,73.94045315323272,8
ddpg_paper_actor,synthetic_rough_heston,,ddpg,1592479411,8.966266595632987,7.708210763789072,0.9061911961019432,-11.216308803897633,12.1224999999996,99.09380880389806,0
ddpg_paper_actor,synthetic_rough_heston,,ddpg,1232823009,3.632606561995999,0.2826794430253248,0.6218644430544487,-18.302806120840252,18.92467056389473,99.37813555694557,0
ddpg_paper_actor,synthetic_rough_heston,,ddpg,1380936168,21.490704119172733,18.331410070633726,0.8562984922873937,-17.774403080100907,18.630701572388293,99.1437015077126,0
ddpg_paper_actor,synthetic_rough_heston,,ddpg,1485723813,11.966204082084005,9.282039708074391,0.1666107549510513,16.38341958813731,-16.21680883318624,99.83338924504896,0
ddpg_paper_actor,synthetic_rough_heston,,ddpg,1476988550,5.041711606574027,5.037008216737721,0.994200767875128,0.6858126447001212,0.3083881231750318,99.00579923212489,20
ddpg_paper_actor,synthetic_rough_heston,,ddpg,426644302,21.22058350954103,19.080688419075848,0.6617072387158061,-14.628380260525027,15.290087499240812,99.3382927612842,0
ddpg_paper_actor,synthetic_rough_heston,,ddpg,1492118510,-82.07577031777691,-116.38448103099168,59.84567254353236,58.573638023615,1.2720345199173555,40.15432745646764,0
ddpg_paper_actor,synthetic_rough_heston,,ddpg,1871437067,-8.777759749615099,-8.778379347672935,0.2489172669454404,0.2489172669454578,0.0,99.75108273305456,1
ddpg_paper_actor,synthetic_rough_heston,,ddpg,1821522104,-10.989603197952428,-10.996975393171942,0.8586148857034175,0.8586148857034193,0.0,99.14138511429658,3
ddpg_paper_actor,synthetic_rough_heston,,ddpg,1233002065,-4.390187311363333,-4.394054990506829,0.9419066765597676,0.6219066765597052,0.32000000000005,99.05809332344025,20
ddpg_paper_actor,synthetic_rough_heston,,ddpg,1249666141,22.29703062754743,18.969325709374186,0.0883497453840789,-18.241998021525063,18.33034776690914,99.91165025461592,0
ddpg_paper_actor,synthetic_rough_heston,,ddpg,1377485117,18.56858509995931,18.56531910994932,0.1990126592893375,-0.571488408455788,0.7705010677451083,99.80098734071066,3
ddpg_paper_actor,synthetic_rough_heston,,ddpg,1667673182,23.547305436966532,23.53838844459941,0.9592982774061624,0.9442982774062064,0.0150000000000005,99.04070172259384,10
ddpg_paper_actor,synthetic_rough_heston,,ddpg,257835634,-18.64130382509294,-18.90745063326242,5.458941831126538,5.158941831126613,0.2999999999999403,94.54105816887346,24
ddpg_paper_actor,synthetic_rough_heston,,ddpg,1475908961,47.039703003093614,47.03969407114311,0.4479621579677086,-0.0298863689759033,0.4778485269435871,99.55203784203228,4
ddpg_paper_actor,synthetic_rough_heston,,ddpg,847186143,25.2095100748181,25.20334112148261,0.6774218533877274,0.7854268479935254,-0.1080049946057765,99.32257814661229,6
ddpg_paper_actor,synthetic_rough_heston,,ddpg,454152926,17.16953425401263,17.169405391884666,0.3540860633953002,0.1135174559099383,0.2405686074853707,99.6459139366047,14
ddpg_paper_actor,synthetic_rough_heston,,ddpg,745543570,24.966328126940425,19.50671116222478,0.3155628526925369,-23.36582325687594,23.68138610956848,99.68443714730746,0
ddpg_paper_actor,synthetic_rough_heston,,ddpg,2040040035,14.967798840962976,13.7960525472575,20.104723062072058,10.824723062071726,9.280000000000314,79.89527693792795,3
ddpg_paper_actor,synthetic_rough_heston,,ddpg,857589213,-2.6316169476595968,-2.6316251947369684,0.8512177251388948,0.0287177251389195,0.8225000000000158,99.1487822748611,3
ddpg_paper_actor,synthetic_rough_heston,,ddpg,447631993,4.744519924756504,2.17359596569838,0.7133989679541202,-16.034101032044557,16.74749999999871,99.28660103204588,1
ddpg_paper_actor,synthetic_rough_heston,,ddpg,1053736358,-4.479561590778801,-4.48098943622333,0.0653560539491593,-0.3778684221430055,0.4432244760921613,99.93464394605084,5
ddpg_paper_actor,synthetic_rough_heston,,ddpg,1123074415,26.496878413434217,24.559030407512672,0.9793390748801158,-13.920660925119682,14.899999999999784,99.02066092511988,1
ddpg_paper_actor,synthetic_rough_heston,,ddpg,896949228,13.410890196062857,13.347119762442109,3.1102808481582684,2.525280848158279,0.5849999999999937,96.88971915184172,4
ddpg_paper_actor,synthetic_rough_heston,,ddpg,532798302,-8.710596291156529,-8.712498293403538,0.3788274244801215,0.4361195073611145,-0.0572920828809663,99.62117257551988,14
ddpg_paper_actor,synthetic_rough_heston,,ddpg,1798006985,7.96105759562226,7.9610049810956305,0.2442451272661685,-0.0725358715602157,0.3167809988263785,99.75575487273385,19
ddpg_paper_actor,synthetic_rough_heston,,ddpg,1380983522,11.378219276562668,11.376662118921193,0.6298263854242947,0.3946083680658359,0.2352180173584455,99.3701736145757,8
ddpg_paper_actor,synthetic_rough_heston,,ddpg,516067115,12.639326245616758,12.636582585298042,0.5237996104156366,0.5237996104156428,0.0,99.47620038958436,0
ddpg_paper_actor,synthetic_rough_heston,,ddpg,181677896,21.84677848598949,21.837273741026085,0.9749228155810954,0.974922815581076,0.0,99.0250771844189,0
ddpg_paper_actor,synthetic_rough_heston,,ddpg,1412098877,-12.07083740395197,-15.047347806606318,0.8699338063736946,-17.252566193625654,18.122499999999334,99.1300661936263,3
ddpg_paper_actor,synthetic_rough_heston,,ddpg,592480532,19.414953718862307,18.96275022761007,0.8928922697882768,-6.72460773021176,7.617500000000042,99.10710773021172,0
ddpg_paper_actor,synthetic_rough_heston,,ddpg,1462116845,-2.1039086706153904,-2.1047048773277757,0.8221713508464887,0.2821713508464842,0.5400000000000311,99.17782864915353,2
ddpg_paper_actor,synthetic_rough_heston,,ddpg,1877161225,6.171928906785979,3.852714276514691,0.6994737625878713,-15.228967891066317,15.928441653654188,99.30052623741211,0
ddpg_paper_actor,synthetic_rough_heston,,ddpg,1814894336,25.99895005804683,21.392385264105418,0.8570906120792614,-21.4629093879218,22.320000000001073,99.14290938792074,0
ddpg_paper_actor,synthetic_rough_heston,,ddpg,917024862,13.10501213055174,13.079165075245974,1.6902019408387048,1.607701940838684,0.0825000000000031,98.3097980591613,22
ddpg_paper_actor,synthetic_rough_heston,,ddpg,614922330,9.52572966803018,9.52570736898057,0.4722218695209221,0.0472218695210751,0.4249999999998586,99.52777813047908,0
ddpg_paper_actor,synthetic_rough_heston,,ddpg,1801437930,14.905275485492137,14.897499679003817,0.8818053349987167,0.881805334998742,0.0,99.11819466500128,4
ddpg_paper_actor,synthetic_rough_heston,,ddpg,1380610365,-5.884394689655892,-5.88616399819652,0.4206314943780995,0.4206314943781222,0.0,99.5793685056219,0
ddpg_paper_actor,synthetic_rough_heston,,ddpg,236614752,-7.966974510937304,-7.967773785848086,0.8306483677341561,0.2827145045417853,0.5479338631923627,99.16935163226584,14
ddpg_paper_actor,synthetic_rough_heston,,ddpg,834408283,18.660277928898925,18.660025682329188,0.1588227218434497,0.1588227218434461,0.0,99.84117727815656,8
ddpg_paper_actor,synthetic_rough_heston,,ddpg,2011776523,9.54350345124364,9.538655678217408,0.6962595081024432,0.6962595081024521,0.0,99.30374049189756,23
ddpg_paper_actor,synthetic_rough_heston,,ddpg,1226258546,14.63832826317454,14.211137846624736,0.3249765031938239,-6.535980542732695,6.860957045926511,99.67502349680618,1
ddpg_paper_actor,synthetic_rough_heston,,ddpg,1616321187,-13.808490453572055,-13.808550080523254,0.5527815105046727,-0.0772184894952197,0.6299999999998747,99.44721848949531,9
ddpg_paper_actor,synthetic_rough_heston,,ddpg,1672306602,23.871066459869485,23.479872504169748,7.559549989405639,6.25454998940561,1.3050000000000497,92.44045001059436,5
ddpg_paper_actor,synthetic_rough_heston,,ddpg,1762600914,-9.811013222819865,-9.812428164241016,0.5922117372190456,0.376157071069052,0.2160546661499812,99.40778826278095,25
ddpg_paper_actor,synthetic_rough_heston,,ddpg,994946334,-5.9383549300927845,-6.916690487005377,0.2256089548753266,-9.89108465696555,10.116693611840873,99.77439104512467,3
ddpg_paper_actor,synthetic_rough_heston,,ddpg,909382858,45.97378875517279,45.97239991118929,0.3726719715106981,0.3726719715106714,0.0,99.6273280284893,0
ddpg_paper_actor,synthetic_rough_heston,,ddpg,26993609,30.07078312618789,30.05385219604945,0.9288208780013036,1.3011890769000165,-0.372368198898694,99.0711791219987,15
ddpg_paper_actor,synthetic_rough_heston,,ddpg,1773145257,-16.959490625312903,-18.16500475044877,11.118946411018245,10.979590726142147,0.1393556848760889,88.88105358898176,14
ddpg_paper_actor,synthetic_rough_heston,,ddpg,706407932,17.644448601609838,17.62372314978768,0.50984103378687,-1.4396336972354284,1.949474731022309,99.49015896621312,0
ddpg_paper_actor,synthetic_rough_heston,,ddpg,331383041,1.8805101156947497,1.8768386744372696,0.3734241914199714,0.60592419141999,-0.2325000000000088,99.62657580858004,7
ddpg_paper_actor,synthetic_rough_heston,,ddpg,279983631,35.086154776276786,35.077633891331566,0.9480863960226033,0.9230863960226502,0.0249999999999985,99.0519136039774,2
ddpg_paper_actor,synthetic_rough_heston,,ddpg,104944766,31.38651590826339,31.377356094749793,0.9570691465927156,0.957069146592719,0.0,99.04293085340728,0
ddpg_paper_actor,synthetic_rough_heston,,ddpg,1398718536,35.86295136881816,35.86292098411304,0.5976223231703699,0.0551223231704165,0.5424999999999471,99.40237767682964,16
ddpg_paper_actor,synthetic_rough_heston,,ddpg,1382436732,17.295241659181293,17.295227422526377,0.9814882159089676,0.0377314920397084,0.943756723869277,99.01851178409105,4
ddpg_paper_actor,synthetic_rough_heston,,ddpg,1822786061,26.27114555961662,26.2705307105854,0.7904614952415443,0.2479614952415154,0.5425000000000573,99.20953850475846,28
ddpg_paper_actor,synthetic_rough_heston,,ddpg,879773370,1.8248705515489565,1.3296057174570188,0.801382409033593,-7.037505482000974,7.838887891034578,99.1986175909664,9
ddpg_paper_actor,synthetic_rough_heston,,ddpg,2043945046,51.589879251168895,51.589241436069294,0.252550014769767,0.252550014769765,0.0,99.74744998523023,0
ddpg_paper_actor,synthetic_rough_heston,,ddpg,1458350865,16.010066218236272,15.850093798451056,0.1062903661843392,-3.999655232457113,4.10594559864145,99.89370963381566,2
ddpg_paper_actor,synthetic_rough_heston,,ddpg,1570091229,33.8530575858151,33.85303165985558,0.3790824592930164,-0.0509175407070348,0.4300000000000317,99.62091754070698,7
ddpg_paper_actor,synthetic_rough_heston,,ddpg,1963377882,21.66742004161349,21.659167954416173,0.6703165816972216,-0.9084099953937156,1.5787265770909535,99.32968341830278,3
ddpg_paper_actor,synthetic_rough_heston,,ddpg,922385963,25.086092445570102,20.843005941817648,0.2628293129882308,-20.59875361217871,20.861582925166932,99.73717068701175,0
ddpg_paper_actor,synthetic_rough_heston,,ddpg,1134397302,31.736867888443317,31.17770133142125,7.497744024918646,7.477744024918664,0.0199999999999995,92.50225597508135,10
ddpg_paper_actor,synthetic_rough_heston,,ddpg,1361953339,-26.564537945454543,-26.735704574997055,4.857228897976242,4.1372288979764384,0.7199999999997999,95.14277110202376,17
ddpg_paper_actor,synthetic_rough_heston,,ddpg,1031019006,-11.603426801355818,-11.611041021351513,0.7867456321654771,-0.8725949802568889,1.6593406124223695,99.21325436783452,1
ddpg_paper_actor,synthetic_rough_heston,,ddpg,53419154,4.6102504897517065,4.22476368628021,0.2408683258869786,-6.2087583579287156,6.449626683815669,99.75913167411302,0
ddpg_paper_actor,synthetic_rough_heston,,ddpg,1338190356,35.08159707042614,34.99569740166281,2.930864527120434,2.930864527120434,0.0,97.06913547287957,0
ddpg_paper_actor,synthetic_rough_heston,,ddpg,250858187,-2.9352328622007917,-6.927905365882779,0.9573064607762092,-19.981672862105384,20.93897932288159,99.0426935392238,0
ddpg_paper_actor,synthetic_rough_heston,,ddpg,2129749168,-0.9938715179669088,-0.99469914951756,0.2876858617747899,0.2876858617747899,0.0,99.7123141382252,0
ddpg_paper_actor,synthetic_rough_heston,,ddpg,2130738303,11.987838557697032,11.985275625838218,0.6412540724589206,0.5062540724589404,0.1350000000000051,99.35874592754108,20
ddpg_paper_actor,synthetic_rough_heston,,ddpg,1017956649,31.80896608191426,31.804177582442996,0.4005101538849089,-0.6919898461150795,1.0925000000000151,99.59948984611508,8
ddpg_paper_actor,synthetic_rough_heston,,ddpg,1274680140,27.262280627874,27.179569398103716,0.7591806569704147,-2.8759560109690026,3.6351366679394177,99.2408193430296,4
ddpg_paper_actor,synthetic_rough_heston,,ddpg,1585408273,19.050586585350175,16.157848533720834,0.9907289933989318,-17.008051186509704,17.998780179908607,99.00927100660108,0
ddpg_paper_actor,synthetic_rough_heston,,ddpg,1144086060,19.47215886102691,19.468067829513448,0.7085892542574612,0.6396117192062772,0.068977535051176,99.29141074574254,14
ddpg_paper_actor,synthetic_rough_heston,,ddpg,410286162,-4.701687232409299,-4.702583833939666,0.2479342192825271,-0.2994330526791785,0.5473672719616843,99.75206578071749,23
ddpg_paper_actor,synthetic_rough_heston,,ddpg,373643122,8.9493979223098,8.831667451257234,0.6899034767611596,-3.431187419138829,4.121090895899971,99.31009652323884,0
ddpg_paper_actor,synthetic_rough_heston,,ddpg,1500953274,7.175483528357683,7.175259161238375,0.2297888912128627,0.1497888912129079,0.0799999999999272,99.77021110878714,18
ddpg_paper_actor,synthetic_rough_heston,,ddpg,83988248,-8.789294768246851,-8.789296646637473,0.0137054391430666,0.0137054391430417,0.0,99.98629456085692,23
ddpg_paper_actor,synthetic_rough_heston,,ddpg,1865270753,21.529862050898387,21.52899792463376,0.2643535708511138,0.2939602463987893,-0.0296066755476676,99.73564642914889,5
ddpg_paper_actor,synthetic_rough_heston,,ddpg,2136924679,43.11153787552062,42.29936680655737,10.486341597208508,9.012053422851237,1.4742881743573115,89.51365840279149,4
ddpg_paper_actor,synthetic_rough_heston,,ddpg,675361705,19.7775709896232,17.909307820244635,0.599057625759599,-13.668442374237689,14.267499999997275,99.4009423742404,0
ddpg_paper_actor,synthetic_rough_heston,,ddpg,1787143916,-8.608862121446364,-8.609368098908403,0.2398082678820401,0.2249394278552484,0.0148688400268129,99.76019173211796,21
ddpg_paper_actor,synthetic_rough_heston,,ddpg,1157074811,18.74113475503634,18.74104080369158,0.4630714981226305,-0.0969285018774495,0.5600000000000591,99.53692850187736,21
ddpg_paper_actor,synthetic_rough_heston,,ddpg,346534653,13.898378347877951,13.777251446014995,0.524670965799416,-3.4803290342000093,4.004999999999434,99.47532903420058,0
ddpg_paper_actor,synthetic_rough_heston,,ddpg,2029212888,-26.399577637621288,-26.413849905852132,0.8071659880839377,1.1946659880837869,-0.3874999999998678,99.19283401191606,9
ddpg_paper_actor,synthetic_rough_heston,,ddpg,284833619,11.188352186400357,9.409547417893036,0.5128160074673644,-13.337183992535012,13.850000000002376,99.48718399253264,1
ddpg_paper_actor,synthetic_rough_heston,,ddpg,963504523,-3.0256414263874176,-4.391487433902709,0.8206586495360852,-11.686941462655197,12.50760011219129,99.17934135046391,7
ddpg_paper_actor,synthetic_rough_heston,,ddpg,1918322573,11.495961658479136,11.495365872120525,0.4459126470680701,-0.2440873529318068,0.6899999999998876,99.55408735293192,12
ddpg_paper_actor,synthetic_rough_heston,,ddpg,344371083,28.96182132433189,28.96081851661309,0.2361072969882371,-0.316671394160948,0.5527786911491972,99.76389270301176,23
ddpg_paper_actor,synthetic_rough_heston,,ddpg,1588251919,20.391643374057328,20.391128037929093,0.2270101601765475,0.2270101601765151,0.0,99.77298983982344,3
ddpg_paper_actor,synthetic_rough_heston,,ddpg,152900645,15.880658742476951,10.914862316211767,0.8197121531726026,-22.284067012700323,23.103779165872904,99.1802878468274,0
ddpg_paper_actor,synthetic_rough_heston,,ddpg,1891103623,-20.13073330333976,-21.321531364226946,10.89236940763638,10.91236940763638,-0.0199999999999995,89.10763059236362,9
ddpg_paper_actor,synthetic_rough_heston,,ddpg,2085732003,-13.808123345699642,-20.39337946534053,32.83175387544985,25.661753875448355,7.170000000001465,67.16824612455015,0
ddpg_paper_actor,synthetic_rough_heston,,ddpg,266216506,-8.187760539207375,-8.994657759740218,0.5297542030140647,-8.98274579698681,9.512500000000912,99.47024579698594,0
ddpg_paper_actor,synthetic_rough_heston,,ddpg,1053758720,-31.222274366911297,-35.03377297472886,27.283059718746983,19.52305971874687,7.760000000000105,72.71694028125302,1
ddpg_paper_actor,synthetic_rough_heston,,ddpg,938390068,10.260913904948104,10.259424123563075,0.520976862651608,0.3859768626517379,0.1349999999998772,99.4790231373484,10
ddpg_paper_actor,synthetic_rough_heston,,ddpg,857959051,35.05844955740111,34.6772120182931,0.3705563885638696,-6.174443611435874,6.5449999999997,99.62944361143612,15
ddpg_paper_actor,synthetic_rough_heston,,ddpg,719206609,21.750705830353706,21.745446494575425,0.0839313527302891,-0.7252127810707947,0.8091441338010945,99.91606864726973,27
ddpg_paper_actor,synthetic_rough_heston,,ddpg,187237339,25.755461879329232,25.75483998419005,0.2322423952917347,0.2493782547022832,-0.0171358594105538,99.76775760470828,0
ddpg_paper_actor,synthetic_rough_heston,,ddpg,1809838918,-53.44693430717052,-69.23378110369906,37.12766514661308,39.73266514661272,-2.6049999999996203,62.87233485338692,0
ddpg_paper_actor,synthetic_rough_heston,,ddpg,892651515,-5.764779855792003,-5.784200089932925,0.9606678610503678,1.3935650017463077,-0.432897140695945,99.03933213894965,14
ddpg_paper_actor,synthetic_rough_heston,,ddpg,1886884439,-8.486836719435814,-8.490950480084193,0.9888860497687944,0.6413860497686485,0.347500000000128,99.0111139502312,0
ddpg_paper_actor,synthetic_rough_heston,,ddpg_auction_noop,1906509230,32.90371006974419,32.89732318846423,0.7991796593988028,0.7991796593988187,0.0,99.2008203406012,0
ddpg_paper_actor,synthetic_rough_heston,,ddpg_auction_noop,1178422796,16.327694644665826,16.323898374255265,0.6161388163848898,0.616138816384896,0.0,99.38386118361512,0
ddpg_paper_actor,synthetic_rough_heston,,ddpg_auction_noop,1963502950,37.29177541998979,37.28792468442224,0.6205429531911051,0.6205429531911053,0.0,99.3794570468089,0
ddpg_paper_actor,synthetic_rough_heston,,ddpg_auction_noop,1703319850,6.259146223872449,6.259144927210978,0.0113871044214306,0.0113871044214413,0.0,99.98861289557856,0
ddpg_paper_actor,synthetic_rough_heston,,ddpg_auction_noop,1313726939,14.362185898955431,14.361006926863324,0.3433616303705804,0.3433616303705822,0.0,99.65663836962942,0
ddpg_paper_actor,synthetic_rough_heston,,ddpg_auction_noop,1061055793,-15.673133892709302,-15.677410204994434,0.6539351867832437,0.6539351867832568,0.0,99.34606481321676,0
ddpg_paper_actor,synthetic_rough_heston,,ddpg_auction_noop,1067007710,32.08376314976704,32.07618083089521,0.8707651159656109,0.870765115965646,0.0,99.1292348840344,0
ddpg_paper_actor,synthetic_rough_heston,,ddpg_auction_noop,40720655,-3.431676692851397,-3.4410237390258653,0.966801229543492,0.9668012295435102,0.0,99.03319877045652,0
ddpg_paper_actor,synthetic_rough_heston,,ddpg_auction_noop,1966159132,21.12481668566943,21.11755810822296,0.8519728544071938,0.8519728544072023,0.0,99.1480271455928,0
ddpg_paper_actor,synthetic_rough_heston,,ddpg_auction_noop,188577770,5.442136131840016,5.442119804409785,0.0404072149875531,0.0404072149875531,0.0,99.95959278501245,0
ddpg_paper_actor,synthetic_rough_heston,,ddpg_auction_noop,1402152033,41.39019964015097,41.390184123194,0.0393915688512294,0.0393915688512311,0.0,99.96060843114876,0
ddpg_paper_actor,synthetic_rough_heston,,ddpg_auction_noop,2092728533,-20.12368757211516,-20.13054907015251,0.8283415984576123,0.8283415984576119,0.0,99.1716584015424,0
ddpg_paper_actor,synthetic_rough_heston,,ddpg_auction_noop,1437347273,41.74794322275011,41.74143441558927,0.8067717868666904,0.8067717868666842,0.0,99.19322821313332,0
ddpg_paper_actor,synthetic_rough_heston,,ddpg_auction_noop,1045146178,36.88276571302049,36.88201664267447,0.2736914953035381,0.2736914953035203,0.0,99.72630850469646,0
ddpg_paper_actor,synthetic_rough_heston,,ddpg_auction_noop,528283994,5.45627784190583,5.452940989587272,0.5776549418605157,0.5776549418605206,0.0,99.42234505813948,0
ddpg_paper_actor,synthetic_rough_heston,,ddpg_auction_noop,36265689,4.071548914036612,4.067854897897205,0.6077841836874853,0.6077841836874933,0.0,99.39221581631251,0
ddpg_paper_actor,synthetic_rough_heston,,ddpg_auction_noop,1193742096,6.761992166388154,6.754506240103411,0.8652124759123296,0.8652124759123119,0.0,99.13478752408768,0
ddpg_paper_actor,synthetic_rough_heston,,ddpg_auction_noop,793249015,-5.690955153721006,-5.694388414993982,0.5859403786201653,0.5859403786201893,0.0,99.41405962137983,0
ddpg_paper_actor,synthetic_rough_heston,,ddpg_auction_noop,1309854583,-0.4031390383988764,-0.4031414554732281,0.0155469429525254,0.0155469429525321,0.0,99.98445305704747,0
ddpg_paper_actor,synthetic_rough_heston,,ddpg_auction_noop,1144601564,23.356458309874142,23.350960288824613,0.7414864158923962,0.7414864158924122,0.0,99.2585135841076,0
ddpg_paper_actor,synthetic_rough_heston,,ddpg_auction_noop,982973886,7.021022019380325,7.0198038795513495,0.3490185996441681,0.3490185996441859,0.0,99.65098140035585,0
ddpg_paper_actor,synthetic_rough_heston,,ddpg_auction_noop,715231342,-11.193590119104556,-11.195282806741494,0.411422852663506,0.4114228526635308,0.0,99.5885771473365,0
ddpg_paper_actor,synthetic_rough_heston,,ddpg_auction_noop,2130732657,6.935417790989959,6.930636123317181,0.6914960356197071,0.6914960356197275,0.0,99.3085039643803,0
ddpg_paper_actor,synthetic_rough_heston,,ddpg_auction_noop,1234679122,1.395970073313947,1.3956880402417216,0.1679384030606314,0.1679384030606261,0.0,99.83206159693935,0
ddpg_paper_actor,synthetic_rough_heston,,ddpg_auction_noop,490149342,9.59379142137368,9.593475593333414,0.1777155143104494,0.1777155143104245,0.0,99.82228448568956,0
ddpg_paper_actor,synthetic_rough_heston,,ddpg_auction_noop,381953676,16.999360160665674,16.99437279252931,0.7062130086852676,0.7062130086852596,0.0,99.29378699131472,0
ddpg_paper_actor,synthetic_rough_heston,,ddpg_auction_noop,478640128,-41.75190551466767,-45.79614117868165,20.11028509000803,20.11028509000801,0.0,79.88971490999197,0
ddpg_paper_actor,synthetic_rough_heston,,ddpg_auction_noop,951876364,12.432569611552026,12.426314475700456,0.7908941681142068,0.790894168114205,0.0,99.2091058318858,0
ddpg_paper_actor,synthetic_rough_heston,,ddpg_auction_noop,723990043,0.5219037696351734,0.5198480801328708,0.4533971219915997,0.4533971219915926,0.0,99.5466028780084,0
ddpg_paper_actor,synthetic_rough_heston,,ddpg_auction_noop,487116369,26.574841365129032,26.532111034594255,2.067131600425455,2.0671316004254803,0.0,97.93286839957456,0
ddpg_paper_actor,synthetic_rough_heston,,ddpg_auction_noop,1985429050,40.25249426761002,40.25075673140513,0.4168376428398801,0.416837642839889,0.0,99.58316235716012,0
ddpg_paper_actor,synthetic_rough_heston,,ddpg_auction_noop,1628956857,4.346160853940091,4.3378483339669085,0.911730221786172,0.9117302217861668,0.0,99.08826977821384,0
ddpg_paper_actor,synthetic_rough_heston,,ddpg_auction_noop,1189523478,15.712113175890408,15.706684529295837,0.736793498517315,0.7367934985172884,0.0,99.26320650148268,0
ddpg_paper_actor,synthetic_rough_heston,,ddpg_auction_noop,1296530916,-10.02459387953968,-11.296094522107454,11.276083728705515,11.276083728705524,0.0,88.72391627129448,0
ddpg_paper_actor,synthetic_rough_heston,,ddpg_auction_noop,707561452,25.504806075685337,25.31785153509868,4.323824008752666,4.323824008752636,0.0,95.67617599124732,0
ddpg_paper_actor,synthetic_rough_heston,,ddpg_auction_noop,901155818,11.459141666651703,11.458328181429868,0.2852166232599131,0.28521662325989,0.0,99.71478337674009,0
ddpg_paper_actor,synthetic_rough_heston,,ddpg_auction_noop,1820860524,19.253523382301864,19.24908213390588,0.6664269199233814,0.6664269199234272,0.0,99.33357308007662,0
ddpg_paper_actor,synthetic_rough_heston,,ddpg_auction_noop,1044185241,-7.809276751127982,-7.809470173170298,0.1390762532986542,0.1390762532986675,0.0,99.86092374670136,0
ddpg_paper_actor,synthetic_rough_heston,,ddpg_auction_noop,591637826,10.269680497338411,10.264604695857306,0.7124465931637474,0.712446593163734,0.0,99.28755340683624,0
ddpg_paper_actor,synthetic_rough_heston,,ddpg_auction_noop,27222720,1.7176434479279123,1.716016098117707,0.4034042402114153,0.4034042402114011,0.0,99.59659575978858,0
ddpg_paper_actor,synthetic_rough_heston,,ddpg_auction_noop,64598572,6.0774106530043355,6.070387036255741,0.8380702087889063,0.8380702087889187,0.0,99.1619297912111,0
ddpg_paper_actor,synthetic_rough_heston,,ddpg_auction_noop,824692580,17.311349041301582,17.310031177341436,0.3630239606617067,0.3630239606617236,0.0,99.6369760393383,0
ddpg_paper_actor,synthetic_rough_heston,,ddpg_auction_noop,1292888439,8.062134345755112,8.061752534739277,0.1953998505208716,0.1953998505208574,0.0,99.80460014947911,0
ddpg_paper_actor,synthetic_rough_heston,,ddpg_auction_noop,1567077053,14.285878400389263,14.28542120462586,0.2138213654915119,0.2138213654915217,0.0,99.78617863450847,0
ddpg_paper_actor,synthetic_rough_heston,,ddpg_auction_noop,1386223455,16.118472227524762,16.118470394739003,0.0135380418119268,0.0135380418119188,0.0,99.98646195818807,0
ddpg_paper_actor,synthetic_rough_heston,,ddpg_auction_noop,2103330825,20.75442346618547,20.75426102635505,0.1274518852065824,0.1274518852065984,0.0,99.87254811479342,0
ddpg_paper_actor,synthetic_rough_heston,,ddpg_auction_noop,1713764255,-12.628703701630002,-12.62957775127908,0.295643306887996,0.2956433068879791,0.0,99.704356693112,0
ddpg_paper_actor,synthetic_rough_heston,,ddpg_auction_noop,338169861,14.44786357679368,14.444031913338003,0.6190043178908127,0.6190043178907789,0.0,99.3809956821092,0
ddpg_paper_actor,synthetic_rough_heston,,ddpg_auction_noop,460890984,24.03065050011537,24.02964988841389,0.3163244697279737,0.3163244697279674,0.0,99.68367553027204,0
ddpg_paper_actor,synthetic_rough_heston,,ddpg_auction_noop,1844393987,2.0342444884881843,2.031946602252619,0.4793627264989766,0.4793627264989917,0.0,99.52063727350102,0
ddpg_paper_actor,synthetic_rough_heston,,ddpg_auction_noop,1032412864,-1.3213881162209873,-1.3245482379390985,0.5621495991380812,0.5621495991380723,0.0,99.43785040086192,0
ddpg_paper_actor,synthetic_rough_heston,,ddpg_auction_noop,285977676,24.775109256006544,24.774841645959754,0.163587911164214,0.1635879111642104,0.0,99.8364120888358,0
ddpg_paper_actor,synthetic_rough_heston,,ddpg_auction_noop,1194047159,26.46654384696376,26.46364614244399,0.5383033085323206,0.5383033085323365,0.0,99.46169669146768,0
ddpg_paper_actor,synthetic_rough_heston,,ddpg_auction_noop,410795716,-10.309264034869557,-10.312876375102316,0.6010274729791689,0.6010274729791605,0.0,99.39897252702085,0
ddpg_paper_actor,synthetic_rough_heston,,ddpg_auction_noop,1688827796,26.599984330767256,26.59815064051579,0.4282160963188346,0.4282160963188062,0.0,99.57178390368117,0
ddpg_paper_actor,synthetic_rough_heston,,ddpg_auction_noop,1615174803,19.353359672328224,19.34512260307832,0.9075830127270308,0.907583012727004,0.0,99.09241698727295,0
ddpg_paper_actor,synthetic_rough_heston,,ddpg_auction_noop,573603312,10.198555888158808,10.19681100601394,0.4177178646967689,0.4177178646967681,0.0,99.58228213530325,0
ddpg_paper_actor,synthetic_rough_heston,,ddpg_auction_noop,1292648848,25.788928344716624,25.69394876824591,3.081875670281221,3.081875670281212,0.0,96.91812432971878,0
ddpg_paper_actor,synthetic_rough_heston,,ddpg_auction_noop,504177273,-3.3072895205077657,-3.3085663127876237,0.3573223026705108,0.3573223026705419,0.0,99.64267769732947,0
ddpg_paper_actor,synthetic_rough_heston,,ddpg_auction_noop,2023171617,3.2015167762565397,3.201287113749055,0.1515462000462974,0.151546200046317,0.0,99.8484537999537,0
ddpg_paper_actor,synthetic_rough_heston,,ddpg_auction_noop,155866399,28.399280464400363,28.399280075942727,0.0062326369690879,0.0062326369690941,0.0,99.99376736303093,0
ddpg_paper_actor,synthetic_rough_heston,,ddpg_auction_noop,426465092,50.58156062337366,48.584825676105694,14.130587203892077,14.130587203892023,0.0,85.86941279610792,0
ddpg_paper_actor,synthetic_rough_heston,,ddpg_auction_noop,2075242093,31.82524913422094,31.81824887085911,0.8366757652655252,0.8366757652655217,0.0,99.16332423473447,0
ddpg_paper_actor,synthetic_rough_heston,,ddpg_auction_noop,426948909,-53.749685406255594,-63.55393161144763,31.311732952987512,31.311732952987505,0.0,68.68826704701249,0
ddpg_paper_actor,synthetic_rough_heston,,ddpg_auction_noop,40870105,13.05077472573612,13.05063168384517,0.1196001216342921,0.1196001216342566,0.0,99.88039987836572,0
ddpg_paper_actor,synthetic_rough_heston,,ddpg_auction_noop,1146798258,39.615180591732496,39.61516797767581,0.0355162732932967,0.0355162732933251,0.0,99.9644837267067,0
ddpg_paper_actor,synthetic_rough_heston,,ddpg_auction_noop,2070376215,6.891267585437163,6.510961287019697,6.166897910760852,6.166897910760852,0.0,93.83310208923916,0
ddpg_paper_actor,synthetic_rough_heston,,ddpg_auction_noop,511062834,26.820026953502747,26.812151975580967,0.8874107234973678,0.8874107234973541,0.0,99.11258927650265,0
ddpg_paper_actor,synthetic_rough_heston,,ddpg_auction_noop,1541412974,16.138575117307482,16.135568976980696,0.5482828035590188,0.5482828035590313,0.0,99.45171719644098,0
ddpg_paper_actor,synthetic_rough_heston,,ddpg_auction_noop,376403019,20.812803852542856,20.80377617709532,0.9501408025938928,0.9501408025938932,0.0,99.04985919740612,0
ddpg_paper_actor,synthetic_rough_heston,,ddpg_auction_noop,1108559752,17.691270116429223,17.682959005795563,0.9116529292257098,0.9116529292256912,0.0,99.08834707077428,0
ddpg_paper_actor,synthetic_rough_heston,,ddpg_auction_noop,1393048108,-18.744864214941117,-20.73805621454203,14.118045189051172,14.118045189051193,0.0,85.88195481094883,0
ddpg_paper_actor,synthetic_rough_heston,,ddpg_auction_noop,2023564002,-37.46991578445886,-37.47030925814724,0.1983617121260437,0.1983617121260623,0.0,99.80163828787396,0
ddpg_paper_actor,synthetic_rough_heston,,ddpg_auction_noop,916344601,34.201206542464206,34.200809426596585,0.199277662476959,0.1992776624769519,0.0,99.80072233752304,0
ddpg_paper_actor,synthetic_rough_heston,,ddpg_auction_noop,486149422,15.024856451647793,13.805034681337965,11.044554179820167,11.044554179820151,0.0,88.95544582017983,0
ddpg_paper_actor,synthetic_rough_heston,,ddpg_auction_noop,410404482,1.7710222795758457,1.7694334127307867,0.3986059263306032,0.3986059263306136,0.0,99.6013940736694,0
ddpg_paper_actor,synthetic_rough_heston,,ddpg_auction_noop,848518413,27.49935627334162,27.49419562725359,0.7183763698806445,0.7183763698806489,0.0,99.28162363011936,0
ddpg_paper_actor,synthetic_rough_heston,,ddpg_auction_noop,1216465325,11.950486829033252,11.950118107348874,0.1920212707951378,0.1920212707951432,0.0,99.80797872920486,0
ddpg_paper_actor,synthetic_rough_heston,,ddpg_auction_noop,1701726968,-1.4878543014292518,-1.4900979201407023,0.4736685245454168,0.4736685245454477,0.0,99.52633147545458,0
ddpg_paper_actor,synthetic_rough_heston,,ddpg_auction_noop,1739537596,13.709570468379752,13.705687114058328,0.6231656538534338,0.6231656538534551,0.0,99.37683434614657,0
ddpg_paper_actor,synthetic_rough_heston,,ddpg_auction_noop,2050860255,10.994139556814844,10.989620162588244,0.6722643993697659,0.6722643993698092,0.0,99.32773560063023,0
ddpg_paper_actor,synthetic_rough_heston,,ddpg_auction_noop,218238821,43.77604406943101,43.76919864504167,0.8273707989372951,0.8273707989373316,0.0,99.1726292010627,0
ddpg_paper_actor,synthetic_rough_heston,,ddpg_auction_noop,128588240,35.578967769628434,35.57758396388507,0.3719953955850883,0.3719953955851105,0.0,99.62800460441493,0
ddpg_paper_actor,synthetic_rough_heston,,ddpg_auction_noop,1162542574,44.21840585901555,44.21818460939615,0.1487446198701576,0.1487446198701465,0.0,99.85125538012984,0
ddpg_paper_actor,synthetic_rough_heston,,ddpg_auction_noop,1005643756,11.400156587214951,11.399715671460644,0.2099799405436755,0.2099799405436737,0.0,99.79002005945632,0
ddpg_paper_actor,synthetic_rough_heston,,ddpg_auction_noop,711572297,22.258291306228784,22.253450969991345,0.6957252501843243,0.695725250184319,0.0,99.30427474981568,0
ddpg_paper_actor,synthetic_rough_heston,,ddpg_auction_noop,501043199,7.488891172028161,7.484382974671722,0.6714311101251695,0.6714311101251624,0.0,99.32856888987484,0
ddpg_paper_actor,synthetic_rough_heston,,ddpg_auction_noop,1291999351,26.66261739861511,26.654344113577768,0.9095760021758964,0.9095760021759286,0.0,99.0904239978241,0
ddpg_paper_actor,synthetic_rough_heston,,ddpg_auction_noop,102182588,1.961392451728898,1.9605293158924304,0.2937917351572707,0.2937917351572698,0.0,99.70620826484272,0
ddpg_paper_actor,synthetic_rough_heston,,ddpg_auction_noop,2119210718,27.3540853343693,27.353977253499057,0.1039619498874628,0.1039619498874659,0.0,99.89603805011254,0
ddpg_paper_actor,synthetic_rough_heston,,ddpg_auction_noop,1109208492,22.587910212349016,22.581145096488815,0.8225032437746336,0.8225032437746225,0.0,99.17749675622537,0
ddpg_paper_actor,synthetic_rough_heston,,ddpg_auction_noop,1274300456,32.72507028063592,32.724631929515006,0.2093683645900199,0.2093683645900261,0.0,99.79063163540998,0
ddpg_paper_actor,synthetic_rough_heston,,ddpg_auction_noop,1256771816,-4.596369843304274,-4.602890771528164,0.8075226451246067,0.8075226451246138,0.0,99.1924773548754,0
ddpg_paper_actor,synthetic_rough_heston,,ddpg_auction_noop,1077857574,15.124584057775792,15.124249447340295,0.1829236003081575,0.1829236003081593,0.0,99.81707639969184,0
ddpg_paper_actor,synthetic_rough_heston,,ddpg_auction_noop,1100698389,28.50615582795399,28.505801893372517,0.1881314916411725,0.1881314916411369,0.0,99.81186850835884,0
ddpg_paper_actor,synthetic_rough_heston,,ddpg_auction_noop,795778257,19.357543187163177,19.35700804840068,0.2313306643084587,0.2313306643084836,0.0,99.76866933569154,0
ddpg_paper_actor,synthetic_rough_heston,,ddpg_auction_noop,1548246893,15.930402451436748,15.923899083026924,0.8064346476822379,0.8064346476821953,0.0,99.19356535231776,0
ddpg_paper_actor,synthetic_rough_heston,,ddpg_auction_noop,633707972,-4.559373509207944,-4.568821586566823,0.972012209742246,0.9720122097422236,0.0,99.02798779025775,0
ddpg_paper_actor,synthetic_rough_heston,,ddpg_auction_noop,983296256,-1.2583624643684743,-1.2644510536349978,0.7802941282954095,0.7802941282954403,0.0,99.2197058717046,0
ddpg_paper_actor,synthetic_rough_heston,,ddpg_auction_noop,487951037,35.052941368665415,35.0522820510899,0.2567718005381323,0.2567718005381643,0.0,99.74322819946188,0
ddpg_paper_actor,synthetic_rough_heston,,ddpg_auction_noop,978154369,30.09154110777854,30.09110707754862,0.208333921845977,0.2083339218459845,0.0,99.79166607815402,0
ddpg_paper_actor,synthetic_rough_heston,,ddpg_auction_noop,554788091,30.22635448046276,30.2216515169724,0.6857815607290831,0.6857815607291098,0.0,99.31421843927092,0
ddpg_paper_actor,synthetic_rough_heston,,ddpg_auction_noop,2090199347,7.267733149879859,7.258104547147338,0.981254438589758,0.981254438589739,0.0,99.01874556141024,0
ddpg_paper_actor,synthetic_rough_heston,,ddpg_auction_noop,2069017976,-39.27344558961704,-48.19322209400917,29.865994884470396,29.86599488447041,0.0,70.1340051155296,0
ddpg_paper_actor,synthetic_rough_heston,,ddpg_auction_noop,945043387,-34.42236927716658,-41.666767785667794,26.915420317173613,26.9154203171736,0.0,73.08457968282639,0
ddpg_paper_actor,synthetic_rough_heston,,ddpg_auction_noop,1939521563,-89.66993870496663,-98.48558043788871,29.691146378882195,29.69114637888221,0.0,70.3088536211178,0
ddpg_paper_actor,synthetic_rough_heston,,ddpg_auction_noop,837962510,-15.071941312537092,-15.077374289549882,0.7370873091289241,0.7370873091289276,0.0,99.26291269087108,0
ddpg_paper_actor,synthetic_rough_heston,,ddpg_auction_noop,1294936529,38.44821433020661,38.43950252925051,0.9333702885832622,0.9333702885832498,0.0,99.06662971141674,0
ddpg_paper_actor,synthetic_rough_heston,,ddpg_auction_noop,1783232423,16.406363578029413,16.397551854010214,0.938707836294114,0.9387078362941086,0.0,99.06129216370589,0
ddpg_paper_actor,synthetic_rough_heston,,ddpg_auction_noop,133555220,25.608947920114588,25.600296838789586,0.9301118924626052,0.9301118924625946,0.0,99.0698881075374,0
ddpg_paper_actor,synthetic_rough_heston,,ddpg_auction_noop,727659984,27.059476221507794,27.052141454414222,0.8564325480486872,0.8564325480486765,0.0,99.14356745195133,0
ddpg_paper_actor,synthetic_rough_heston,,ddpg_auction_noop,1045640949,-68.95302272998742,-95.71774126233184,51.73462914948207,51.73462914948209,0.0,48.26537085051793,0
ddpg_paper_actor,synthetic_rough_heston,,ddpg_auction_noop,1498406538,-4.1702770575411705,-4.170708092999285,0.207613934531011,0.2076139345310013,0.0,99.792386065469,0
ddpg_paper_actor,synthetic_rough_heston,,ddpg_auction_noop,894023265,1.796508586143318,1.7961969318486444,0.1765373316536198,0.1765373316536269,0.0,99.82346266834638,0
ddpg_paper_actor,synthetic_rough_heston,,ddpg_auction_noop,1456034043,33.15948088654841,33.15221992475046,0.8521127741058478,0.852112774105855,0.0,99.14788722589417,0
ddpg_paper_actor,synthetic_rough_heston,,ddpg_auction_noop,2145465691,-9.761930258486244,-9.771171749909248,0.9613267614605974,0.961326761460569,0.0,99.0386732385394,0
ddpg_paper_actor,synthetic_rough_heston,,ddpg_auction_noop,1645332470,19.496790253588188,19.489892607240225,0.8305207010041613,0.83052070100416,0.0,99.16947929899584,0
ddpg_paper_actor,synthetic_rough_heston,,ddpg_auction_noop,1703360263,6.2313099868515565,6.22994193833806,0.3698713983935988,0.3698713983936059,0.0,99.6301286016064,0
ddpg_paper_actor,synthetic_rough_heston,,ddpg_auction_noop,1254093673,34.87848785569986,34.47422472488929,6.3581690038136855,6.358169003813678,0.0,93.64183099618631,0
ddpg_paper_actor,synthetic_rough_heston,,ddpg_auction_noop,679604879,21.576102361543235,21.568572484454975,0.8677486438052995,0.8677486438053315,0.0,99.1322513561947,0
ddpg_paper_actor,synthetic_rough_heston,,ddpg_auction_noop,1800514979,25.285661812838953,25.28335492605193,0.480300612847941,0.4803006128479725,0.0,99.51969938715206,0
ddpg_paper_actor,synthetic_rough_heston,,ddpg_auction_noop,1009107304,27.033923808587133,27.026142872111915,0.8820961668218104,0.8820961668218009,0.0,99.1179038331782,0
ddpg_paper_actor,synthetic_rough_heston,,ddpg_auction_noop,1459119855,13.86501309088817,13.865012544366897,0.0073927077130946,0.0073927077130977,0.0,99.9926072922869,0
ddpg_paper_actor,synthetic_rough_heston,,ddpg_auction_noop,2082327116,11.309536086513615,11.305689076144333,0.6202427242045729,0.6202427242045501,0.0,99.37975727579544,0
ddpg_paper_actor,synthetic_rough_heston,,ddpg_auction_noop,1795215048,23.823418215706624,23.82134577375752,0.4552408098033282,0.4552408098032932,0.0,99.54475919019669,0
ddpg_paper_actor,synthetic_rough_heston,,ddpg_auction_noop,1559844699,38.87198893483583,38.87006161732419,0.4390122448904208,0.4390122448904208,0.0,99.56098775510958,0
ddpg_paper_actor,synthetic_rough_heston,,ddpg_auction_noop,1337581818,18.376058832214767,18.372936678721455,0.5587623370730057,0.5587623370729959,0.0,99.441237662927,0
ddpg_paper_actor,synthetic_rough_heston,,ddpg_auction_noop,1567278356,-62.15382321959987,-79.80337793678109,42.011373123454575,42.011373123454575,0.0,57.988626876545425,0
ddpg_paper_actor,synthetic_rough_heston,,ddpg_auction_noop,1391644635,-16.960199699246004,-17.561651733069645,7.755333866595578,7.75533386659556,0.0,92.24466613340442,0
ddpg_paper_actor,synthetic_rough_heston,,ddpg_auction_noop,1226640195,2.6517353510007524,2.649692285982816,0.4520027674623748,0.4520027674623659,0.0,99.54799723253764,0
ddpg_paper_actor,synthetic_rough_heston,,ddpg_auction_noop,573081701,-16.0555393605664,-21.813640910974467,23.996044570737222,23.996044570737208,0.0,76.00395542926277,0
ddpg_paper_actor,synthetic_rough_heston,,ddpg_auction_noop,856702353,-5.5003246294327255,-5.500367794090321,0.0656998155214552,0.0656998155214561,0.0,99.93430018447854,0
ddpg_paper_actor,synthetic_rough_heston,,ddpg_auction_noop,969233424,9.775641717689725,9.646185311849166,3.598005083939668,3.5980050839396664,0.0,96.40199491606032,0
ddpg_paper_actor,synthetic_rough_heston,,ddpg_auction_noop,2038887002,6.3299601330727455,6.32647653795482,0.5902198842741626,0.5902198842741555,0.0,99.40978011572584,0
ddpg_paper_actor,synthetic_rough_heston,,ddpg_auction_noop,748193112,43.19081547525093,43.04058837845909,3.8759140443493294,3.8759140443492894,0.0,96.12408595565068,0
ddpg_paper_actor,synthetic_rough_heston,,ddpg_auction_noop,1403188372,32.311885787046776,32.31052048275426,0.3695002425604059,0.3695002425603713,0.0,99.6304997574396,0
ddpg_paper_actor,synthetic_rough_heston,,ddpg_auction_noop,688156671,-74.70504430956862,-103.65594242286512,53.806038799837786,53.80603879983779,0.0,46.193961200162214,0
ddpg_paper_actor,synthetic_rough_heston,,ddpg_auction_noop,1293707997,28.9921602632694,28.98916987640295,0.5468442983560919,0.5468442983560973,0.0,99.45315570164392,0
ddpg_paper_actor,synthetic_rough_heston,,ddpg_auction_noop,1017816127,-54.4788787213256,-64.35249437585242,31.422309995490167,31.422309995490163,0.0,68.57769000450983,0
ddpg_paper_actor,synthetic_rough_heston,,ddpg_auction_noop,928547401,12.809136774070794,12.808973432192344,0.1278052731497894,0.1278052731497707,0.0,99.8721947268502,0
ddpg_paper_actor,synthetic_rough_heston,,ddpg_auction_noop,804851501,59.43744746175071,54.5239817554509,22.166338683462858,22.166338683462843,0.0,77.83366131653715,0
ddpg_paper_actor,synthetic_rough_heston,,ddpg_auction_noop,1120019183,9.574231623299056,9.569724809410165,0.6713280784305056,0.6713280784305127,0.0,99.3286719215695,0
ddpg_paper_actor,synthetic_rough_heston,,ddpg_auction_noop,1119490863,11.203061495691143,11.196571030620898,0.805634226572252,0.8056342265722582,0.0,99.19436577342776,0
ddpg_paper_actor,synthetic_rough_heston,,ddpg_auction_noop,783363503,-22.090080480129473,-22.09111663660184,0.3218938446705834,0.3218938446705763,0.0,99.67810615532942,0
ddpg_paper_actor,synthetic_rough_heston,,ddpg_auction_noop,205944131,15.263755063950155,15.263579995319258,0.1323135030520603,0.1323135030520781,0.0,99.86768649694794,0
ddpg_paper_actor,synthetic_rough_heston,,ddpg_auction_noop,446079182,4.849557566632939,4.8407953272861866,0.9360683386779272,0.9360683386779024,0.0,99.06393166132209,0
ddpg_paper_actor,synthetic_rough_heston,,ddpg_auction_noop,2128949063,48.84278270960931,48.63950555674977,4.508626762768756,4.508626762768722,0.0,95.49137323723124,0
ddpg_paper_actor,synthetic_rough_heston,,ddpg_auction_noop,708828196,-0.4529502181831049,-0.4530759661891367,0.1121374183900343,0.1121374183900272,0.0,99.88786258160997,0
ddpg_paper_actor,synthetic_rough_heston,,ddpg_auction_noop,907135295,-20.74687069872016,-26.616478159026883,24.227272773275033,24.227272773275004,0.0,75.77272722672497,0
ddpg_paper_actor,synthetic_rough_heston,,ddpg_auction_noop,1179243183,-1.7887872559731477,-1.789521024230001,0.2708815713283599,0.2708815713283719,0.0,99.72911842867164,0
ddpg_paper_actor,synthetic_rough_heston,,ddpg_auction_noop,1200595667,-17.561031954157443,-17.561150733037902,0.1089857240457234,0.1089857240456986,0.0,99.89101427595428,0
ddpg_paper_actor,synthetic_rough_heston,,ddpg_auction_noop,1138669996,-6.4825836637828615,-6.487609699833667,0.7089454175608694,0.708945417560876,0.0,99.29105458243912,0
ddpg_paper_actor,synthetic_rough_heston,,ddpg_auction_noop,299092708,20.01039565037354,20.010077409573483,0.1783930492075285,0.17839304920754,0.0,99.82160695079249,0
ddpg_paper_actor,synthetic_rough_heston,,ddpg_auction_noop,1606240066,51.74170665808197,44.9507068394934,26.059546846767276,26.059546846767248,0.0,73.94045315323272,0
ddpg_paper_actor,synthetic_rough_heston,,ddpg_auction_noop,1592479411,8.723816595633252,8.715604770794325,0.9061911961019432,0.9061911961019692,0.0,99.09380880389806,0
ddpg_paper_actor,synthetic_rough_heston,,ddpg_auction_noop,1232823009,2.497126328162267,2.493259174306912,0.6218644430544487,0.621864443054478,0.0,99.37813555694557,0
ddpg_paper_actor,synthetic_rough_heston,,ddpg_auction_noop,1380936168,20.931783072001053,20.92445060092212,0.8562984922873937,0.8562984922873866,0.0,99.1437015077126,0
ddpg_paper_actor,synthetic_rough_heston,,ddpg_auction_noop,1485723813,16.669078643708417,16.668801052271764,0.1666107549510513,0.1666107549510727,0.0,99.83338924504896,0
ddpg_paper_actor,synthetic_rough_heston,,ddpg_auction_noop,1476988550,5.474885943818663,5.4650015921502275,0.994200767875128,0.994200767875153,0.0,99.00579923212489,0
ddpg_paper_actor,synthetic_rough_heston,,ddpg_auction_noop,426644302,21.52638525952534,21.522006694827652,0.6617072387158061,0.6617072387157847,0.0,99.3382927612842,0
ddpg_paper_actor,synthetic_rough_heston,,ddpg_auction_noop,1492118510,-81.9358465205878,-117.75089174246484,59.84567254353236,59.84567254353235,0.0,40.15432745646764,0
ddpg_paper_actor,synthetic_rough_heston,,ddpg_auction_noop,1871437067,-8.7507597496151,-8.751379347672936,0.2489172669454404,0.2489172669454578,0.0,99.75108273305456,0
ddpg_paper_actor,synthetic_rough_heston,,ddpg_auction_noop,1821522104,-10.931603197952429,-10.938975393171942,0.8586148857034175,0.8586148857034193,0.0,99.14138511429658,0
ddpg_paper_actor,synthetic_rough_heston,,ddpg_auction_noop,1233002065,-3.95218731136265,-3.961059193236128,0.9419066765597676,0.9419066765597552,0.0,99.05809332344025,0
ddpg_paper_actor,synthetic_rough_heston,,ddpg_auction_noop,1249666141,22.48033410521748,22.480256048442385,0.0883497453840789,0.0883497453840753,0.0,99.91165025461592,0
ddpg_paper_actor,synthetic_rough_heston,,ddpg_auction_noop,1377485117,18.67481516402586,18.67441910364029,0.1990126592893375,0.1990126592893203,0.0,99.80098734071066,0
ddpg_paper_actor,synthetic_rough_heston,,ddpg_auction_noop,1667673182,23.645955436966688,23.636752905116342,0.9592982774061624,0.9592982774062068,0.0,99.04070172259384,0
ddpg_paper_actor,synthetic_rough_heston,,ddpg_auction_noop,257835634,-18.177303825092167,-18.4753042842484,5.458941831126538,5.458941831126554,0.0,94.54105816887346,0
ddpg_paper_actor,synthetic_rough_heston,,ddpg_auction_noop,1475908961,47.18148785578887,47.17948115483916,0.4479621579677086,0.4479621579676838,0.0,99.55203784203228,0
ddpg_paper_actor,synthetic_rough_heston,,ddpg_auction_noop,847186143,25.3439891258422,25.339400122167728,0.6774218533877274,0.6774218533877487,0.0,99.32257814661229,0
ddpg_paper_actor,synthetic_rough_heston,,ddpg_auction_noop,454152926,17.519430917285717,17.51817714788281,0.3540860633953002,0.3540860633953091,0.0,99.6459139366047,0
ddpg_paper_actor,synthetic_rough_heston,,ddpg_auction_noop,745543570,22.124561793792964,22.12356599465297,0.3155628526925369,0.3155628526925378,0.0,99.68443714730746,0
ddpg_paper_actor,synthetic_rough_heston,,ddpg_auction_noop,2040040035,15.453798840964737,11.411799946938624,20.104723062072058,20.10472306207204,0.0,79.89527693792795,0
ddpg_paper_actor,synthetic_rough_heston,,ddpg_auction_noop,857589213,-2.438016947660799,-2.445262663816706,0.8512177251388948,0.8512177251389353,0.0,99.1487822748611,0
ddpg_paper_actor,synthetic_rough_heston,,ddpg_auction_noop,447631993,4.589044924758127,4.583955543883347,0.7133989679541202,0.7133989679541521,0.0,99.28660103204588,0
ddpg_paper_actor,synthetic_rough_heston,,ddpg_auction_noop,1053736358,-4.3328068984083075,-4.332849612546186,0.0653560539491593,0.0653560539491557,0.0,99.93464394605084,0
ddpg_paper_actor,synthetic_rough_heston,,ddpg_auction_noop,1123074415,25.321878413433296,25.312287363197427,0.9793390748801158,0.9793390748801034,0.0,99.02066092511988,0
ddpg_paper_actor,synthetic_rough_heston,,ddpg_auction_noop,896949228,13.146390196063294,13.049651726519093,3.1102808481582684,3.110280848158273,0.0,96.88971915184172,0
ddpg_paper_actor,synthetic_rough_heston,,ddpg_auction_noop,532798302,-8.468054707731426,-8.469489809906808,0.3788274244801215,0.3788274244801481,0.0,99.62117257551988,0
ddpg_paper_actor,synthetic_rough_heston,,ddpg_auction_noop,1798006985,8.423420655319205,8.422824098497273,0.2442451272661685,0.2442451272661627,0.0,99.75575487273385,0
ddpg_paper_actor,synthetic_rough_heston,,ddpg_auction_noop,1380983522,11.5967410782996,11.592774265541834,0.6298263854242947,0.6298263854242814,0.0,99.3701736145757,0
ddpg_paper_actor,synthetic_rough_heston,,ddpg_auction_noop,516067115,12.639326245616758,12.636582585298042,0.5237996104156366,0.5237996104156428,0.0,99.47620038958436,0
ddpg_paper_actor,synthetic_rough_heston,,ddpg_auction_noop,181677896,21.84677848598949,21.837273741026085,0.9749228155810954,0.974922815581076,0.0,99.0250771844189,0
ddpg_paper_actor,synthetic_rough_heston,,ddpg_auction_noop,1412098877,-14.964437403950797,-14.972005252225514,0.8699338063736946,0.8699338063736808,0.0,99.1300661936263,0
ddpg_paper_actor,synthetic_rough_heston,,ddpg_auction_noop,592480532,17.967628718861306,17.95965615280683,0.8928922697882768,0.8928922697882822,0.0,99.10710773021172,0
ddpg_paper_actor,synthetic_rough_heston,,ddpg_auction_noop,1462116845,-1.9907086706152768,-1.9974683279168048,0.8221713508464887,0.8221713508465154,0.0,99.17782864915353,0
ddpg_paper_actor,synthetic_rough_heston,,ddpg_auction_noop,1877161225,6.331213323321208,6.32632068787572,0.6994737625878713,0.6994737625878722,0.0,99.30052623741211,0
ddpg_paper_actor,synthetic_rough_heston,,ddpg_auction_noop,1814894336,22.204550058046152,22.19720401487301,0.8570906120792614,0.8570906120792747,0.0,99.14290938792074,0
ddpg_paper_actor,synthetic_rough_heston,,ddpg_auction_noop,917024862,13.530162130549796,13.50159430454165,1.6902019408387048,1.6902019408386872,0.0,98.3097980591613,0
ddpg_paper_actor,synthetic_rough_heston,,ddpg_auction_noop,614922330,9.44497966803101,9.442749733090473,0.4722218695209221,0.4722218695209337,0.0,99.52777813047908,0
ddpg_paper_actor,synthetic_rough_heston,,ddpg_auction_noop,1801437930,14.937275485492137,14.929499679003817,0.8818053349987167,0.881805334998742,0.0,99.11819466500128,0
ddpg_paper_actor,synthetic_rough_heston,,ddpg_auction_noop,1380610365,-5.884394689655892,-5.88616399819652,0.4206314943780995,0.4206314943781222,0.0,99.5793685056219,0
ddpg_paper_actor,synthetic_rough_heston,,ddpg_auction_noop,236614752,-7.649536495040593,-7.656436262148787,0.8306483677341561,0.8306483677341481,0.0,99.16935163226584,0
ddpg_paper_actor,synthetic_rough_heston,,ddpg_auction_noop,834408283,18.78627792889893,18.78602568232919,0.1588227218434497,0.1588227218434461,0.0,99.84117727815656,0
ddpg_paper_actor,synthetic_rough_heston,,ddpg_auction_noop,2011776523,9.85050345124364,9.845655678217408,0.6962595081024432,0.6962595081024521,0.0,99.30374049189756,0
ddpg_paper_actor,synthetic_rough_heston,,ddpg_auction_noop,1226258546,12.385212438019153,12.384156340742871,0.3249765031938239,0.3249765031938154,0.0,99.67502349680618,0
ddpg_paper_actor,synthetic_rough_heston,,ddpg_auction_noop,1616321187,-13.545990453572813,-13.549046127556371,0.5527815105046727,0.552781510504655,0.0,99.44721848949531,0
ddpg_paper_actor,synthetic_rough_heston,,ddpg_auction_noop,1672306602,24.25716645986904,23.68569849944581,7.559549989405639,7.559549989405659,0.0,92.44045001059436,0
ddpg_paper_actor,synthetic_rough_heston,,ddpg_auction_noop,1762600914,-9.435481196265757,-9.438988343682755,0.5922117372190456,0.5922117372190332,0.0,99.40778826278095,0
ddpg_paper_actor,synthetic_rough_heston,,ddpg_auction_noop,994946334,-7.226525099631544,-7.227034093636743,0.2256089548753266,0.2256089548753213,0.0,99.77439104512467,0
ddpg_paper_actor,synthetic_rough_heston,,ddpg_auction_noop,909382858,45.97378875517279,45.97239991118929,0.3726719715106981,0.3726719715106714,0.0,99.6273280284893,0
ddpg_paper_actor,synthetic_rough_heston,,ddpg_auction_noop,26993609,30.307691076463016,30.299063994228906,0.9288208780013036,0.9288208780013224,0.0,99.0711791219987,0
ddpg_paper_actor,synthetic_rough_heston,,ddpg_auction_noop,1773145257,-16.75818109174179,-17.994490784652744,11.118946411018245,11.118946411018236,0.0,88.88105358898176,0
ddpg_paper_actor,synthetic_rough_heston,,ddpg_auction_noop,706407932,16.6892059834081,16.686606604610773,0.50984103378687,0.5098410337868806,0.0,99.49015896621312,0
ddpg_paper_actor,synthetic_rough_heston,,ddpg_auction_noop,331383041,2.039260115696379,2.0378656594290026,0.3734241914199714,0.3734241914199812,0.0,99.62657580858004,0
ddpg_paper_actor,synthetic_rough_heston,,ddpg_auction_noop,279983631,35.15165477627852,35.14266609813529,0.9480863960226033,0.9480863960226488,0.0,99.0519136039774,0
ddpg_paper_actor,synthetic_rough_heston,,ddpg_auction_noop,104944766,31.38651590826339,31.377356094749793,0.9570691465927156,0.957069146592719,0.0,99.04293085340728,0
ddpg_paper_actor,synthetic_rough_heston,,ddpg_auction_noop,1398718536,36.26032636881973,36.25675484440822,0.5976223231703699,0.5976223231703637,0.0,99.40237767682964,0
ddpg_paper_actor,synthetic_rough_heston,,ddpg_auction_noop,1382436732,17.46817976432976,17.45854657315008,0.9814882159089676,0.9814882159089856,0.0,99.01851178409105,0
ddpg_paper_actor,synthetic_rough_heston,,ddpg_auction_noop,1822786061,26.719270559617144,26.71302226586255,0.7904614952415443,0.7904614952415727,0.0,99.20953850475846,0
ddpg_paper_actor,synthetic_rough_heston,,ddpg_auction_noop,879773370,0.694037367893543,0.6876152302384579,0.801382409033593,0.8013824090336046,0.0,99.1986175909664,0
ddpg_paper_actor,synthetic_rough_heston,,ddpg_auction_noop,2043945046,51.589879251168895,51.589241436069294,0.252550014769767,0.252550014769765,0.0,99.74744998523023,0
ddpg_paper_actor,synthetic_rough_heston,,ddpg_auction_noop,1458350865,16.21230404218295,16.212191065763513,0.1062903661843392,0.1062903661843375,0.0,99.89370963381566,0
ddpg_paper_actor,synthetic_rough_heston,,ddpg_auction_noop,1570091229,34.00915758581323,34.007720550703795,0.3790824592930164,0.3790824592929969,0.0,99.62091754070698,0
ddpg_paper_actor,synthetic_rough_heston,,ddpg_auction_noop,1963377882,21.913867230863616,21.909373987666633,0.6703165816972216,0.6703165816972381,0.0,99.32968341830278,0
ddpg_paper_actor,synthetic_rough_heston,,ddpg_auction_noop,922385963,21.748239177542928,21.74754838506527,0.2628293129882308,0.2628293129882202,0.0,99.73717068701175,0
ddpg_paper_actor,synthetic_rough_heston,,ddpg_auction_noop,1134397302,31.96686788844272,31.404706233810685,7.497744024918646,7.497744024918664,0.0,92.50225597508135,0
ddpg_paper_actor,synthetic_rough_heston,,ddpg_auction_noop,1361953339,-26.19033794545612,-26.426264671129477,4.857228897976242,4.857228897976238,0.0,95.14277110202376,0
ddpg_paper_actor,synthetic_rough_heston,,ddpg_auction_noop,1031019006,-11.52864658298131,-11.534836269878625,0.7867456321654771,0.7867456321654807,0.0,99.21325436783452,0
ddpg_paper_actor,synthetic_rough_heston,,ddpg_auction_noop,53419154,3.3203251529885165,3.3197449774843606,0.2408683258869786,0.2408683258869537,0.0,99.75913167411302,0
ddpg_paper_actor,synthetic_rough_heston,,ddpg_auction_noop,1338190356,35.08159707042614,34.99569740166281,2.930864527120434,2.930864527120434,0.0,97.06913547287957,0
ddpg_paper_actor,synthetic_rough_heston,,ddpg_auction_noop,250858187,-1.8882838960562367,-1.8974482526546752,0.9573064607762092,0.957306460776206,0.0,99.0426935392238,0
ddpg_paper_actor,synthetic_rough_heston,,ddpg_auction_noop,2129749168,-0.9938715179669088,-0.99469914951756,0.2876858617747899,0.2876858617747899,0.0,99.7123141382252,0
ddpg_paper_actor,synthetic_rough_heston,,ddpg_auction_noop,2130738303,12.40753855769617,12.40342648984172,0.6412540724589206,0.6412540724589455,0.0,99.35874592754108,0
ddpg_paper_actor,synthetic_rough_heston,,ddpg_auction_noop,1017956649,32.05914108191428,32.05753699808063,0.4005101538849089,0.4005101538849358,0.0,99.59948984611508,0
ddpg_paper_actor,synthetic_rough_heston,,ddpg_auction_noop,1274680140,27.488037461271233,27.482273908572058,0.7591806569704147,0.7591806569704147,0.0,99.2408193430296,0
ddpg_paper_actor,synthetic_rough_heston,,ddpg_auction_noop,1585408273,20.130513396145034,20.120697956761425,0.9907289933989318,0.9907289933989034,0.0,99.00927100660108,0
ddpg_paper_actor,synthetic_rough_heston,,ddpg_auction_noop,1144086060,19.79819526663414,19.793174279321647,0.7085892542574612,0.7085892542574532,0.0,99.29141074574254,0
ddpg_paper_actor,synthetic_rough_heston,,ddpg_auction_noop,410286162,-4.290318868810573,-4.290933582581485,0.2479342192825271,0.2479342192825058,0.0,99.75206578071749,0
ddpg_paper_actor,synthetic_rough_heston,,ddpg_auction_noop,373643122,8.001547016252516,7.996787348180045,0.6899034767611596,0.6899034767611418,0.0,99.31009652323884,0
ddpg_paper_actor,synthetic_rough_heston,,ddpg_auction_noop,1500953274,7.555483528358309,7.554955499013061,0.2297888912128627,0.2297888912128352,0.0,99.77021110878714,0
ddpg_paper_actor,synthetic_rough_heston,,ddpg_auction_noop,83988248,-8.513294768246851,-8.513296646637473,0.0137054391430666,0.0137054391430417,0.0,99.98629456085692,0
ddpg_paper_actor,synthetic_rough_heston,,ddpg_auction_noop,1865270753,21.657940715787845,21.65724188768363,0.2643535708511138,0.2643535708511217,0.0,99.73564642914889,0
ddpg_paper_actor,synthetic_rough_heston,,ddpg_auction_noop,2136924679,43.36145245644548,42.26181885551201,10.486341597208508,10.486341597208549,0.0,89.51365840279149,0
ddpg_paper_actor,synthetic_rough_heston,,ddpg_auction_noop,675361705,20.49094598962256,20.48735728923275,0.599057625759599,0.5990576257595901,0.0,99.4009423742404,0
ddpg_paper_actor,synthetic_rough_heston,,ddpg_auction_noop,1787143916,-8.21559097664067,-8.216166056694115,0.2398082678820401,0.2398082678820614,0.0,99.76019173211796,0
ddpg_paper_actor,synthetic_rough_heston,,ddpg_auction_noop,1157074811,19.179334755037416,19.17719040291368,0.4630714981226305,0.4630714981226096,0.0,99.53692850187736,0
ddpg_paper_actor,synthetic_rough_heston,,ddpg_auction_noop,346534653,13.457828347876784,13.455075551653255,0.524670965799416,0.5246709657994248,0.0,99.47532903420058,0
ddpg_paper_actor,synthetic_rough_heston,,ddpg_auction_noop,2029212888,-26.377952637622,-26.384467806945196,0.8071659880839377,0.807165988083919,0.0,99.19283401191606,0
ddpg_paper_actor,synthetic_rough_heston,,ddpg_auction_noop,284833619,10.08135218640018,10.078722383825031,0.5128160074673644,0.5128160074673627,0.0,99.48718399253264,0
ddpg_paper_actor,synthetic_rough_heston,,ddpg_auction_noop,963504523,-4.623629440971854,-4.630364247162438,0.8206586495360852,0.8206586495360941,0.0,99.17934135046391,0
ddpg_paper_actor,synthetic_rough_heston,,ddpg_auction_noop,1918322573,11.719461658478394,11.717473277590242,0.4459126470680701,0.4459126470680807,0.0,99.55408735293192,0
ddpg_paper_actor,synthetic_rough_heston,,ddpg_auction_noop,344371083,29.423626980358677,29.423069513801767,0.2361072969882371,0.2361072969882491,0.0,99.76389270301176,0
ddpg_paper_actor,synthetic_rough_heston,,ddpg_auction_noop,1588251919,20.460643374057327,20.460128037929092,0.2270101601765475,0.2270101601765151,0.0,99.77298983982344,0
ddpg_paper_actor,synthetic_rough_heston,,ddpg_auction_noop,152900645,12.646129659255166,12.639410379114578,0.8197121531726026,0.8197121531725826,0.0,99.1802878468274,0
ddpg_paper_actor,synthetic_rough_heston,,ddpg_auction_noop,1891103623,-19.921533303338947,-21.107970416463075,10.89236940763638,10.89236940763638,0.0,89.10763059236362,0
ddpg_paper_actor,synthetic_rough_heston,,ddpg_auction_noop,2085732003,-16.17422334570074,-26.95346397108188,32.83175387544985,32.83175387544982,0.0,67.16824612455015,0
ddpg_paper_actor,synthetic_rough_heston,,ddpg_auction_noop,266216506,-8.853635539207971,-8.856441934364083,0.5297542030140647,0.529754203014102,0.0,99.47024579698594,0
ddpg_paper_actor,synthetic_rough_heston,,ddpg_auction_noop,1053758720,-29.262274366910788,-36.70592784307793,27.283059718746983,27.283059718746976,0.0,72.71694028125302,0
ddpg_paper_actor,synthetic_rough_heston,,ddpg_auction_noop,938390068,10.53561390494724,10.532899736033055,0.520976862651608,0.5209768626516151,0.0,99.4790231373484,0
ddpg_paper_actor,synthetic_rough_heston,,ddpg_auction_noop,857959051,34.65484955739885,34.65347643702779,0.3705563885638696,0.3705563885638261,0.0,99.62944361143612,0
ddpg_paper_actor,synthetic_rough_heston,,ddpg_auction_noop,719206609,22.180163037042803,22.180092592323092,0.0839313527302891,0.0839313527302998,0.0,99.91606864726973,0
ddpg_paper_actor,synthetic_rough_heston,,ddpg_auction_noop,187237339,25.762316223092057,25.76177685779035,0.2322423952917347,0.2322423952917294,0.0,99.76775760470828,0
ddpg_paper_actor,synthetic_rough_heston,,ddpg_auction_noop,1809838918,-53.08223430717044,-66.86686949956072,37.12766514661308,37.1276651466131,0.0,62.87233485338692,0
ddpg_paper_actor,synthetic_rough_heston,,ddpg_auction_noop,892651515,-5.596121912976741,-5.605350740369293,0.9606678610503678,0.9606678610503624,0.0,99.03933213894965,0
ddpg_paper_actor,synthetic_rough_heston,,ddpg_auction_noop,1886884439,-8.618886719434158,-8.628665675628431,0.9888860497687944,0.9888860497687766,0.0,99.0111139502312,0
td3_verified,synthetic_rough_heston,,td3,1906509230,32.80678716514194,32.80000798460697,0.5052116165044538,-0.8233577919087918,1.3285694084132635,99.49478838349556,0
td3_verified,synthetic_rough_heston,,td3,1178422796,14.335916098135293,14.334330361821053,0.6192637218902206,0.3982130477820341,0.2210506741082113,99.38073627810978,19
td3_verified,synthetic_rough_heston,,td3,1963502950,37.37845765077509,37.27718038999415,0.4500911516443295,-3.1824088483558857,3.632500000000231,99.54990884835568,0
td3_verified,synthetic_rough_heston,,td3,1703319850,13.856312911184272,13.852321219185376,0.6317983854755198,0.6317983854755127,0.0,99.36820161452448,23
td3_verified,synthetic_rough_heston,,td3,1313726939,11.565456645632366,11.563699914478711,0.8200880198501324,0.4191337678656893,0.4009542519844616,99.17991198014988,0
td3_verified,synthetic_rough_heston,,td3,1061055793,-16.13175913347186,-16.215511870308738,0.3609934893495392,-2.8940065106505592,3.2550000000000985,99.63900651065046,0
td3_verified,synthetic_rough_heston,,td3,1067007710,32.24682652452066,32.246541590613184,0.1887001458917154,-0.1687998541086517,0.357500000000357,99.81129985410828,0
td3_verified,synthetic_rough_heston,,td3,40720655,-7.203156831967135,-7.206304743432268,0.6320484597708571,0.561062515690768,0.0709859440800979,99.36795154022914,0
td3_verified,synthetic_rough_heston,,td3,1966159132,25.716145883438298,25.716145858016613,0.0015944177402502,0.0015944177402333,0.0,99.99840558225976,10
td3_verified,synthetic_rough_heston,,td3,188577770,5.804240206412942,5.769936342320546,0.3587847189670299,-1.852130235496308,2.210914954463345,99.64121528103296,0
td3_verified,synthetic_rough_heston,,td3,1402152033,41.86566829639115,41.85903465883632,0.0655285422537161,-0.8144714577462762,0.8799999999999955,99.93447145774628,19
td3_verified,synthetic_rough_heston,,td3,2092728533,-19.31010567924568,-19.39821624595347,2.739157588690148,-2.968342411309618,5.707499999999811,97.26084241130984,0
td3_verified,synthetic_rough_heston,,td3,1437347273,38.049359210237974,38.04375865160318,0.7483688017814387,0.7483688017814316,0.0,99.25163119821856,13
td3_verified,synthetic_rough_heston,,td3,1045146178,32.1596376724101,32.15919182098238,0.3111519423820255,0.2111519423827772,0.0999999999992518,99.68884805761796,0
td3_verified,synthetic_rough_heston,,td3,528283994,4.50866797564413,4.50838320800752,0.1687505960316571,0.1687505960316428,0.0,99.83124940396834,0
td3_verified,synthetic_rough_heston,,td3,36265689,3.705625269778917,3.700947315585122,0.5754591844082029,0.6839557144870847,-0.1084965300788947,99.4245408155918,1
td3_verified,synthetic_rough_heston,,td3,1193742096,7.644904575459805,7.516493629139951,0.6990526888225617,-3.5834473111775154,4.2825000000000735,99.30094731117744,0
td3_verified,synthetic_rough_heston,,td3,793249015,-6.995713297925249,-6.997822816360636,0.1235591961363695,0.4592949417734731,-0.3357357456370893,99.87644080386364,0
td3_verified,synthetic_rough_heston,,td3,1309854583,1.8759163091110824,1.8707085955658176,0.9841448950325145,0.7216448950325081,0.2625000000000064,99.01585510496749,17
td3_verified,synthetic_rough_heston,,td3,1144601564,21.3256041670993,21.29519056368377,0.6133918534395377,1.7439496384794806,-1.130557785039931,99.38660814656046,0
td3_verified,synthetic_rough_heston,,td3,982973886,6.654902990678238,6.648756260664391,0.4048769873564168,-0.7840108426448669,1.1888878300013157,99.59512301264358,0
td3_verified,synthetic_rough_heston,,td3,715231342,-12.033433266364009,-12.037228140342018,0.5560254847007968,0.6160254847007951,-0.0599999999999987,99.4439745152992,12
td3_verified,synthetic_rough_heston,,td3,2130732657,6.5841473189812385,6.584129712059712,0.6079504143926044,-0.0419606023858886,0.6499110167784682,99.3920495856074,1
td3_verified,synthetic_rough_heston,,td3,1234679122,1.446434345507441,1.419708106837306,0.9429037490711636,-1.6348161569465662,2.5777199060177196,99.05709625092884,0
td3_verified,synthetic_rough_heston,,td3,490149342,3.72551600742554,3.68538633804061,0.3048233204826118,2.0032391116621557,-1.6984157911795414,99.6951766795174,0
td3_verified,synthetic_rough_heston,,td3,381953676,15.741798467726388,15.741084820774766,0.2671417136319718,0.2671417136319722,0.0,99.73285828636804,1
td3_verified,synthetic_rough_heston,,td3,478640128,-42.22058204783329,-43.32853934577824,10.808455053794177,10.525955053794174,0.2824999999999704,89.19154494620582,16
td3_verified,synthetic_rough_heston,,td3,951876364,12.495062969714128,12.494315070613592,0.7015225602475397,-0.2734774397524884,0.9750000000000084,99.29847743975246,0
td3_verified,synthetic_rough_heston,,td3,723990043,-0.5910331748600584,-0.6180415158780572,0.1483164517869966,-1.6434214620114609,1.791737913798454,99.851683548213,0
td3_verified,synthetic_rough_heston,,td3,487116369,24.089870884316905,24.089251804470557,0.7391352581002479,0.2488131520527007,0.4903221060475472,99.26086474189977,22
td3_verified,synthetic_rough_heston,,td3,1985429050,38.38127829960053,38.380057025085776,0.1230326174380138,-0.3494673825619316,0.4724999999999539,99.876967382562,29
td3_verified,synthetic_rough_heston,,td3,1628956857,-11.400218211277622,-11.40163378739559,0.3762414275393269,0.3762414275394299,-1.1368683772161605e-13,99.62375857246067,28
td3_verified,synthetic_rough_heston,,td3,1189523478,14.925623209477637,14.925522099226768,0.6478360268228016,-0.1005535931071668,0.7483896199299676,99.3521639731772,0
td3_verified,synthetic_rough_heston,,td3,1296530916,-12.033564029387897,-13.007631246875077,9.711104088949584,9.86948437096477,-0.1583802820151888,90.28889591105042,28
td3_verified,synthetic_rough_heston,,td3,707561452,23.24857152725663,23.24582420952236,0.5241486176906847,0.5241486176906607,0.0,99.47585138230932,1
td3_verified,synthetic_rough_heston,,td3,901155818,10.763041098122413,10.761580070466763,0.3822339147234572,0.3822339147234466,0.0,99.61776608527654,18
td3_verified,synthetic_rough_heston,,td3,1820860524,20.094387392600765,20.09309894265061,0.7695691832649629,0.3589498502797139,0.4106193329852197,99.23043081673504,0
td3_verified,synthetic_rough_heston,,td3,1044185241,-7.625305804445816,-7.650910653088641,0.1213848979907936,-1.6001515129144843,1.7215364109052675,99.8786151020092,0
td3_verified,synthetic_rough_heston,,td3,591637826,11.201261631686066,10.969189424597111,0.6001126677525548,-4.817387332247167,5.41749999999973,99.39988733224745,0
td3_verified,synthetic_rough_heston,,td3,27222720,2.611549361665704,2.6077036485911234,0.6201381357875704,0.6201381357875704,0.0,99.37986186421244,19
td3_verified,synthetic_rough_heston,,td3,64598572,5.275342974016894,5.274996403751097,0.3163360223363156,-0.1861639776639716,0.50250000000025,99.68366397766368,0
td3_verified,synthetic_rough_heston,,td3,824692580,15.337630116370972,15.331446067498328,0.852625280215193,0.7863872374756455,0.0662380427395812,99.1473747197848,9
td3_verified,synthetic_rough_heston,,td3,1292888439,7.88623036061741,7.874913890809287,0.5913225618932785,1.0637889738158992,-0.4724664119226255,99.40867743810672,25
td3_verified,synthetic_rough_heston,,td3,1567077053,13.61937111064617,13.614836260768191,0.0422982984940318,-0.6734129400284949,0.7157112385225193,99.95770170150595,0
td3_verified,synthetic_rough_heston,,td3,1386223455,16.786088378454224,16.75208794725891,0.9848311767706264,-1.8439205838461108,2.828751760616748,99.01516882322936,0
td3_verified,synthetic_rough_heston,,td3,2103330825,21.07728312027645,21.075521314881374,0.4647386561990032,0.4197386561990104,0.0449999999999946,99.535261343801,27
td3_verified,synthetic_rough_heston,,td3,1713764255,-12.166714985795654,-12.166853064743314,0.1825069987958443,0.1175069987958323,0.0649999999999977,99.81749300120416,28
td3_verified,synthetic_rough_heston,,td3,338169861,13.907721415702326,13.822519634200988,0.7693809448520028,-2.918934420320862,3.6883153651728553,99.230619055148,0
td3_verified,synthetic_rough_heston,,td3,460890984,26.70274313647486,26.695422008714647,0.0993641101369178,-0.8556358898629028,0.95499999999981,99.90063588986308,13
td3_verified,synthetic_rough_heston,,td3,1844393987,-2.112446845427258,-2.3679927375952174,0.7298452826057371,-5.055154717394515,5.785000000000267,99.27015471739426,0
td3_verified,synthetic_rough_heston,,td3,1032412864,-0.460624848756197,-0.4608497049517329,0.6490136527976915,0.1499520575170125,0.4990615952807038,99.35098634720232,0
td3_verified,synthetic_rough_heston,,td3,285977676,26.499923151694965,26.497250280330395,0.1788414129597839,0.5169981977308543,-0.3381567847710899,99.82115858704022,20
td3_verified,synthetic_rough_heston,,td3,1194047159,27.4983964587409,27.48279588372268,0.2159773813806822,-1.2490226186190494,1.4649999999997156,99.78402261861932,0
td3_verified,synthetic_rough_heston,,td3,410795716,-8.730537099238122,-8.730635441388484,0.6291676108228472,0.0991676108228478,0.529999999999994,99.37083238917717,8
td3_verified,synthetic_rough_heston,,td3,1688827796,26.99828484534555,26.990440760883107,0.3043316386790309,-0.8856683613207395,1.189999999999806,99.69566836132095,0
td3_verified,synthetic_rough_heston,,td3,1615174803,17.847359354080254,17.847351344466098,0.0283012617300499,0.0283012617300126,0.0,99.97169873826996,0
td3_verified,synthetic_rough_heston,,td3,573603312,8.42004780206662,8.37161411028684,0.1142796696535981,-2.200765589057116,2.3150452587107284,99.8857203303464,0
td3_verified,synthetic_rough_heston,,td3,1292648848,26.680478384831076,26.583588399440696,3.397715621292491,3.112715621292462,0.2850000000000356,96.60228437870752,0
td3_verified,synthetic_rough_heston,,td3,504177273,-4.052361281655976,-4.055546781455941,0.7169023210408199,0.5644023210410793,0.1524999999997582,99.28309767895918,0
td3_verified,synthetic_rough_heston,,td3,2023171617,-4.643827123329116,-4.644013828922116,0.4238419482010727,0.1366402550496011,0.2872016931514604,99.57615805179891,3
td3_verified,synthetic_rough_heston,,td3,155866399,21.480288460571217,21.479671919802513,0.3333023899814122,0.2483023899814043,0.084999999999983,99.6666976100186,20
td3_verified,synthetic_rough_heston,,td3,426465092,50.781675485582106,50.77693741451438,0.6883364778744294,0.6883364778744026,0.0,99.31166352212556,18
td3_verified,synthetic_rough_heston,,td3,2075242093,31.077176963037346,31.07629476473659,0.1929817681091066,-0.2970182318908527,0.4899999999999522,99.8070182318909,0
td3_verified,synthetic_rough_heston,,td3,426948909,-41.47859369314485,-44.378976850466906,17.03051131740341,17.030511317403402,0.0,82.96948868259659,9
td3_verified,synthetic_rough_heston,,td3,40870105,12.371160754017184,12.369172864957664,0.6927959320472326,0.4458574951167837,0.2469384369304293,99.30720406795275,0
td3_verified,synthetic_rough_heston,,td3,1146798258,38.225844810647686,38.22574183856651,0.2064751601015331,0.10147516010147,0.1050000000000288,99.79352483989848,0
td3_verified,synthetic_rough_heston,,td3,2070376215,19.40458655440397,17.14853840504251,15.597650267065774,15.020146967861075,0.5775032992047053,84.40234973293423,28
td3_verified,synthetic_rough_heston,,td3,511062834,24.865139227943143,24.85652008141504,0.8983935872305295,0.9283935872304944,-0.0299999999999727,99.10160641276948,4
td3_verified,synthetic_rough_heston,,td3,1541412974,16.232637595268898,16.231150785344738,3.3429625696837064,0.3855917431897024,2.9573708264939915,96.6570374303163,0
td3_verified,synthetic_rough_heston,,td3,376403019,21.489494724582983,21.482604566424033,0.3794649700349737,0.8300697656793383,-0.4506047956443707,99.62053502996504,0
td3_verified,synthetic_rough_heston,,td3,1108559752,17.58487237760717,17.580949258241706,0.6637499433839196,0.6263480953481241,0.0374018480358043,99.33625005661608,25
td3_verified,synthetic_rough_heston,,td3,1393048108,-17.108215858943602,-18.35828866319073,11.180665473249505,11.18066547324948,0.0,88.8193345267505,11
td3_verified,synthetic_rough_heston,,td3,2023564002,-34.67530715513107,-34.676453525120905,0.9164191396678234,-0.338580860331966,1.2549999999997965,99.08358086033218,24
td3_verified,synthetic_rough_heston,,td3,916344601,35.030332535145135,35.016257833517344,0.5411315231855269,-1.1863684768144775,1.7275000000000065,99.45886847681447,0
td3_verified,synthetic_rough_heston,,td3,486149422,15.214629161113407,14.8989665910781,6.713385622536876,5.618385622537029,1.0949999999998568,93.28661437746312,0
td3_verified,synthetic_rough_heston,,td3,410404482,2.8707373939814715,2.8006822887797496,3.2267924966213997,2.646792496621564,0.5799999999998207,96.7732075033786,0
td3_verified,synthetic_rough_heston,,td3,848518413,29.387480688616503,29.383327649740178,0.6444407557198559,0.6444407557198444,0.0,99.35555924428014,1
td3_verified,synthetic_rough_heston,,td3,1216465325,10.537862890649194,10.536504533459372,0.5514823808750862,0.3685589762606494,0.1829234046144323,99.44851761912491,0
td3_verified,synthetic_rough_heston,,td3,1701726968,-1.3186544589461846,-1.3295767649553052,0.4975983690122518,1.0450983690122515,-0.547499999999971,99.50240163098776,0
td3_verified,synthetic_rough_heston,,td3,1739537596,15.90272038243711,15.799959764494783,0.7614033725708396,-3.2056297032303074,3.9670330758011434,99.23859662742916,0
td3_verified,synthetic_rough_heston,,td3,2050860255,7.5302424821269955,7.524629635797741,0.1891893171459173,0.7491893171458366,-0.5599999999999454,99.81081068285408,29
td3_verified,synthetic_rough_heston,,td3,218238821,44.56928100543206,44.5692806296117,0.5338695810415146,-0.0061304189585147,0.5400000000000205,99.46613041895849,14
td3_verified,synthetic_rough_heston,,td3,128588240,33.09766885245699,33.095640286539044,0.6004978261041884,-0.4503960388309813,1.050893864935169,99.3995021738958,0
td3_verified,synthetic_rough_heston,,td3,1162542574,43.41299201110997,43.41277520311342,0.8726134783810124,0.1472440139853766,0.7253694643956278,99.127386521619,0
td3_verified,synthetic_rough_heston,,td3,1005643756,10.426175014361434,10.409497021969344,0.9596901427636624,1.29143301770124,-0.3317428749375811,99.04030985723634,0
td3_verified,synthetic_rough_heston,,td3,711572297,18.867090657811787,18.83711415152066,0.9888724697797784,1.7313724697802395,-0.7425000000004687,99.01112753022022,0
td3_verified,synthetic_rough_heston,,td3,501043199,5.099577265651023,5.070482504621811,0.8532186470579433,1.7057186470579349,-0.8524999999999956,99.14678135294206,29
td3_verified,synthetic_rough_heston,,td3,1291999351,25.725402028463577,25.72539485036477,0.8317919741886044,0.0267919741882081,0.805000000000387,99.1682080258114,0
td3_verified,synthetic_rough_heston,,td3,102182588,-0.663481520350615,-0.8325063900912514,0.3030756162926593,-4.111263427957838,4.4143390442504975,99.69692438370734,0
td3_verified,synthetic_rough_heston,,td3,2119210718,25.59641358533279,25.59478028205289,0.4041414702674331,0.4041414702674437,0.0,99.59585852973257,25
td3_verified,synthetic_rough_heston,,td3,1109208492,21.06501872321483,21.06235644128696,0.1978793478834859,0.5159730543227643,-0.31809370643925,99.80212065211651,24
td3_verified,synthetic_rough_heston,,td3,1274300456,32.293011322482926,32.28795279858727,0.2262669934780632,-0.7112330065216597,0.9374999999997192,99.77373300652194,0
td3_verified,synthetic_rough_heston,,td3,1256771816,-5.218280781578869,-5.319727972238843,0.4713353461040839,-3.185077560436695,3.656412906540788,99.52866465389592,0
td3_verified,synthetic_rough_heston,,td3,1077857574,15.584854102171448,15.568869133899264,0.6831832567670801,-1.2643167432327171,1.947499999999799,99.31681674323292,0
td3_verified,synthetic_rough_heston,,td3,1100698389,27.602086733276447,27.588510053498748,0.6226901037040733,1.165190103704024,-0.5424999999999471,99.37730989629593,19
td3_verified,synthetic_rough_heston,,td3,795778257,20.2466807289657,20.240905350036435,0.2403257387983188,-0.7599591389848843,1.0002848777832156,99.75967426120168,1
td3_verified,synthetic_rough_heston,,td3,1548246893,15.882478396992155,15.882321289073188,0.0246573021801879,-0.1253426978198515,0.1500000000000341,99.9753426978198,0
td3_verified,synthetic_rough_heston,,td3,633707972,-4.882436570082064,-4.8826725733086045,0.2097599750808001,0.1536239651034986,0.0561360099772979,99.7902400249192,0
td3_verified,synthetic_rough_heston,,td3,983296256,-2.2191465337568226,-2.584295298062353,5.992754043526247,6.042754043526266,-0.04999999999999,94.00724595647377,1
td3_verified,synthetic_rough_heston,,td3,487951037,31.82340205165489,31.77623900779484,0.8169747471192608,2.171705409581393,-1.3547306624621287,99.18302525288074,13
td3_verified,synthetic_rough_heston,,td3,978154369,31.2171458621628,31.21550249209379,0.4301361939125883,0.4053850107003105,0.0247511832122768,99.5698638060874,29
td3_verified,synthetic_rough_heston,,td3,554788091,28.02828681670871,28.02029275599856,0.8940951129579986,0.894095112958003,0.0,99.105904887042,0
td3_verified,synthetic_rough_heston,,td3,2090199347,1.0900748041753832,1.0900586274318471,0.0402203226438331,0.040220322643826,0.0,99.95977967735617,24
td3_verified,synthetic_rough_heston,,td3,2069017976,-15.195438434724274,-15.197541259893788,0.0979122112486123,0.4585657171565603,-0.3606535059079483,99.9020877887514,27
td3_verified,synthetic_rough_heston,,td3,945043387,-32.19794745088609,-38.10092979693804,24.286081747294133,24.29605388957629,-0.0099721422821648,75.71391825270587,17
td3_verified,synthetic_rough_heston,,td3,1939521563,-83.81751885271281,-84.28567543202877,6.071067875124925,6.842196864428602,-0.7711289893036751,93.92893212487508,25
td3_verified,synthetic_rough_heston,,td3,837962510,-13.341778417529756,-13.351038307746837,0.9522832336208752,0.962283233620929,-0.0100000000000051,99.04771676637912,21
td3_verified,synthetic_rough_heston,,td3,1294936529,40.8597925403501,40.74952967408918,0.959990970860474,-3.320585283664841,4.280576254525331,99.04000902913953,0
td3_verified,synthetic_rough_heston,,td3,1783232423,14.358802639699846,14.35249606285194,0.7941395877241604,0.7941395877241479,0.0,99.20586041227584,6
td3_verified,synthetic_rough_heston,,td3,133555220,19.04196289248955,19.041912167377713,0.0712215640360085,0.0712215640359881,0.0,99.928778435964,1
td3_verified,synthetic_rough_heston,,td3,727659984,27.34329707543901,27.343215189560556,0.1126764184361235,0.0904908163591983,0.0221856020769536,99.88732358156388,2
td3_verified,synthetic_rough_heston,,td3,1045640949,-74.73594443820366,-117.5198250901624,60.19438820380326,65.40938820380354,-5.215000000000284,39.80561179619674,0
td3_verified,synthetic_rough_heston,,td3,1498406538,-4.940858797175679,-4.9414622969683615,0.2655135176656529,0.2456623277351023,0.0198511899305221,99.73448648233436,0
td3_verified,synthetic_rough_heston,,td3,894023265,2.2289272828929825,2.146507340788178,0.9421368596792092,-2.870887355937264,3.8130242156164624,99.0578631403208,0
td3_verified,synthetic_rough_heston,,td3,1456034043,30.994712028010326,30.994476681791575,0.1784099797112901,0.1534099797112986,0.0250000000000021,99.82159002028872,0
td3_verified,synthetic_rough_heston,,td3,2145465691,-9.764357410984305,-9.777710633096309,0.3093952117597922,1.1555614268400212,-0.846166215080227,99.6906047882402,0
td3_verified,synthetic_rough_heston,,td3,1645332470,17.079612375830038,17.075431279566597,0.8084311266849795,-0.6466139701120401,1.4550450967970352,99.19156887331502,0
td3_verified,synthetic_rough_heston,,td3,1703360263,4.722012787569067,4.710905655622388,0.9643072294607152,1.053903788145735,-0.0895965586850181,99.03569277053928,13
td3_verified,synthetic_rough_heston,,td3,1254093673,30.080597000466835,30.02197912471816,0.1167984722249571,-2.421112879414701,2.53791135163966,99.88320152777504,26
td3_verified,synthetic_rough_heston,,td3,679604879,23.690550942890695,23.68172286864276,0.0702318347286024,-0.9395783228628968,1.0098101575915028,99.9297681652714,0
td3_verified,synthetic_rough_heston,,td3,1800514979,25.39575016838171,25.39548311488864,0.1963097925071792,-0.1634177141770215,0.3597275066842114,99.80369020749282,0
td3_verified,synthetic_rough_heston,,td3,1009107304,26.62024009159541,26.619681714559952,0.426199971338363,-0.2363000286615206,0.6624999999998806,99.57380002866164,0
td3_verified,synthetic_rough_heston,,td3,1459119855,11.516435747476688,11.514249305829088,0.467594017027551,0.4675940170275723,0.0,99.53240598297243,1
td3_verified,synthetic_rough_heston,,td3,2082327116,8.818947996374728,8.81804901427858,0.2998303013619221,0.2998303013619185,0.0,99.70016969863808,17
td3_verified,synthetic_rough_heston,,td3,1795215048,25.103604057205303,25.07234494091344,0.7244752181639882,-1.7680247818359556,2.492499999999964,99.275524781836,0
td3_verified,synthetic_rough_heston,,td3,1559844699,37.84462807944557,37.84368890573925,0.8585405889317173,-0.3064594110681113,1.1649999999998428,99.14145941106828,9
td3_verified,synthetic_rough_heston,,td3,1337581818,18.113819261017852,18.1134455957848,0.7958042247478261,0.193304224747381,0.6025000000004503,99.20419577525216,0
td3_verified,synthetic_rough_heston,,td3,1567278356,-56.069209147012984,-70.34150019662066,37.08118585539691,37.77868585539692,-0.6975000000000264,62.91881414460309,27
td3_verified,synthetic_rough_heston,,td3,1391644635,-38.13162629681849,-42.93452269378115,21.462143256928144,21.915511394815,-0.4533681378868814,78.53785674307186,25
td3_verified,synthetic_rough_heston,,td3,1226640195,0.9519248366630492,0.8594432308302079,0.1171435096507025,-3.0410788518688747,3.1582223615195737,99.8828564903493,15
td3_verified,synthetic_rough_heston,,td3,573081701,-16.995350823401168,-17.573042851172136,13.461731678281282,7.600605421747467,5.861126256533787,86.53826832171872,0
td3_verified,synthetic_rough_heston,,td3,856702353,-4.818986634569228,-4.856828478106168,0.8927980115381189,1.9452980115380711,-1.0524999999999594,99.10720198846188,0
td3_verified,synthetic_rough_heston,,td3,969233424,5.785259982913238,5.781646004619918,0.7122428199086244,0.6011637292219174,0.1110790906866999,99.28775718009138,10
td3_verified,synthetic_rough_heston,,td3,2038887002,2.435260597787419,2.4330513956454567,0.3425215039721081,0.4700215039721271,-0.1275000000000616,99.65747849602788,0
td3_verified,synthetic_rough_heston,,td3,748193112,42.70391453960292,42.70364866017825,0.163058095373529,0.1630580953735307,0.0,99.83694190462649,0
td3_verified,synthetic_rough_heston,,td3,1403188372,33.48701058039606,33.48680415185616,0.1436762123317549,0.1436762123317514,0.0,99.85632378766825,2
td3_verified,synthetic_rough_heston,,td3,688156671,-69.54089009690142,-97.9354281963585,51.32402559461616,53.28652559461639,-1.9625000000002153,48.67597440538384,0
td3_verified,synthetic_rough_heston,,td3,1293707997,27.423677837830663,27.418173830259576,0.741889989896535,0.741889989896551,0.0,99.25811001010348,1
td3_verified,synthetic_rough_heston,,td3,1017816127,-58.570899107680816,-58.65650468863757,0.1733431426986982,2.9258431426984046,-2.752499999999724,99.8266568573013,0
td3_verified,synthetic_rough_heston,,td3,928547401,13.22080468349917,13.21315999466272,0.1662793316086208,0.8743391124986704,-0.7080597808900442,99.83372066839138,25
td3_verified,synthetic_rough_heston,,td3,804851501,52.86759119625187,52.86757634635735,0.5985355608705731,0.0385355608706365,0.5599999999999454,99.40146443912944,19
td3_verified,synthetic_rough_heston,,td3,1120019183,9.666803588592302,9.666387514679837,0.3864788990230465,0.2039788990229967,0.1825000000000542,99.61352110097695,0
td3_verified,synthetic_rough_heston,,td3,1119490863,10.179730807123631,10.155404683108737,0.1503165701047493,-1.559683429895221,1.7099999999999902,99.84968342989524,0
td3_verified,synthetic_rough_heston,,td3,783363503,-23.01276084325339,-23.01760228062329,0.9206760804374454,0.6958043812669253,0.2248716991705191,99.07932391956255,17
td3_verified,synthetic_rough_heston,,td3,205944131,15.03216163268732,14.960801197770223,0.4433965041490353,2.671337397580005,-2.227940893430963,99.55660349585096,21
td3_verified,synthetic_rough_heston,,td3,446079182,5.205113397438254,5.201101585892339,0.6408886284040136,0.6333886284040249,0.0075000000000038,99.359111371596,0
td3_verified,synthetic_rough_heston,,td3,2128949063,47.49650873074097,47.49350439417492,0.4605715636887169,-0.548118287055753,1.0086898507444555,99.53942843631128,0
td3_verified,synthetic_rough_heston,,td3,708828196,-1.539347004566138,-1.540129893335644,0.6798014956188041,0.2798014956189405,0.3999999999998636,99.3201985043812,21
td3_verified,synthetic_rough_heston,,td3,907135295,-12.182473627842452,-14.085188827094202,13.793894298753187,13.793894298753155,0.0,86.20610570124681,21
td3_verified,synthetic_rough_heston,,td3,1179243183,-6.1570784969061645,-6.1603755560920215,0.654200242585901,0.5742002425858566,0.0800000000000409,99.3457997574141,26
td3_verified,synthetic_rough_heston,,td3,1200595667,-15.996271668897826,-15.996554288395552,0.1681129078106806,0.1681129078106664,0.0,99.83188709218932,20
td3_verified,synthetic_rough_heston,,td3,1138669996,-4.019274665336721,-4.063309699243549,0.4035424446945796,2.098452618164818,-1.6949101734702543,99.59645755530542,4
td3_verified,synthetic_rough_heston,,td3,299092708,19.370712722477037,19.368607434692716,0.0737506090056427,-0.4588341513357571,0.5325847603413981,99.92624939099436,0
td3_verified,synthetic_rough_heston,,td3,1606240066,46.13461755833495,45.46428475244049,8.987385455042741,8.187385455042786,0.7999999999999545,91.01261454495726,27
td3_verified,synthetic_rough_heston,,td3,1592479411,9.103984393346764,9.10007227373497,0.8120306073200538,-0.6254693926799533,1.4375000000000142,99.18796939267996,0
td3_verified,synthetic_rough_heston,,td3,1232823009,2.604973172992686,2.527135993030642,0.6529612533449694,-2.7899315396984923,3.4428927930434443,99.34703874665504,0
td3_verified,synthetic_rough_heston,,td3,1380936168,21.10623161129297,21.10447321888784,0.7083230672926533,-0.4193318978005038,1.127654965093142,99.29167693270736,0
td3_verified,synthetic_rough_heston,,td3,1485723813,18.61144528158022,18.609319624236697,0.4610485162676667,0.4610485162677191,0.0,99.53895148373232,1
td3_verified,synthetic_rough_heston,,td3,1476988550,7.766140769888632,7.757929174465477,0.9061785377702593,0.9061785377702528,0.0,99.09382146222974,11
td3_verified,synthetic_rough_heston,,td3,426644302,21.930329327951767,21.930096158578223,0.2348011547048543,-0.1526988452952498,0.3875000000000987,99.76519884529516,0
td3_verified,synthetic_rough_heston,,td3,1492118510,-89.92336261062653,-129.97918920758772,65.33852062307017,63.28967261485968,2.0488480082104874,34.661479376929826,2
td3_verified,synthetic_rough_heston,,td3,1871437067,-7.9340093816572335,-8.00509979953731,0.3537213596456183,-2.666278640353941,3.019999999999566,99.64627864035438,0
td3_verified,synthetic_rough_heston,,td3,1821522104,-11.935076900565589,-11.98232364145754,0.8846551874679704,2.173631544028373,-1.2889763565603811,99.11534481253204,16
td3_verified,synthetic_rough_heston,,td3,1233002065,-6.792298802967707,-6.793106691795202,0.2842338522229966,0.2842338522229823,0.0,99.715766147777,0
td3_verified,synthetic_rough_heston,,td3,1249666141,25.441302278592048,25.440726071985015,0.5099569607270098,-0.2400430392729617,0.749999999999968,99.490043039273,0
td3_verified,synthetic_rough_heston,,td3,1377485117,18.04295764456947,18.02967693081964,0.2574197911276883,1.1524197911277767,-0.8950000000001097,99.74258020887233,0
td3_verified,synthetic_rough_heston,,td3,1667673182,21.375750962394537,21.372665752859643,0.1081786351841316,0.5554466252389555,-0.4472679900548203,99.89182136481588,4
td3_verified,synthetic_rough_heston,,td3,257835634,-26.332800848533413,-26.3431678213999,0.4624679978476962,1.018183326640454,-0.5557153287927932,99.5375320021523,24
td3_verified,synthetic_rough_heston,,td3,1475908961,48.25221835594857,48.25169323233145,0.3338176936022705,0.2291557586272835,0.1046619349749745,99.66618230639772,0
td3_verified,synthetic_rough_heston,,td3,847186143,25.380331706815195,25.37715041994451,0.0348239250679256,0.5640289771532205,-0.5292050520853406,99.96517607493207,26
td3_verified,synthetic_rough_heston,,td3,454152926,19.200171533786488,19.198283288386264,0.5867859756514235,0.4345394573826945,0.1522465182687476,99.41321402434858,0
td3_verified,synthetic_rough_heston,,td3,745543570,22.40698100681402,22.25538788716217,0.4372601665464799,-3.8934961108475714,4.330756277394054,99.56273983345352,0
td3_verified,synthetic_rough_heston,,td3,2040040035,11.929223181336754,11.856580632591289,2.874973405924095,2.695228167437149,0.1797452384869276,97.1250265940759,27
td3_verified,synthetic_rough_heston,,td3,857589213,-2.8487082943174755,-2.8768961900345653,0.0447204739782023,1.6789251239138097,-1.6342046499355882,99.9552795260218,0
td3_verified,synthetic_rough_heston,,td3,447631993,2.7419799023409723,2.7352468566044568,0.1944486160807628,-0.820551383919093,1.0149999999998691,99.80555138391924,0
td3_verified,synthetic_rough_heston,,td3,1053736358,-1.66938415425102,-1.7569070549901808,0.700926959368104,2.9584269593681194,-2.2575000000000074,99.2990730406319,0
td3_verified,synthetic_rough_heston,,td3,1123074415,18.248737567726497,18.165865046755876,0.3812412228422488,-2.8787587771575804,3.259999999999817,99.61875877715777,0
td3_verified,synthetic_rough_heston,,td3,896949228,7.891195937216806,7.891136378641985,0.0771742021800747,0.0771742021800738,0.0,99.92282579781993,10
td3_verified,synthetic_rough_heston,,td3,532798302,-9.472635721088867,-9.476402572011146,0.4220504172653108,0.6137467655539326,-0.191696348288604,99.57794958273468,1
td3_verified,synthetic_rough_heston,,td3,1798006985,6.684581943893398,6.680830599158359,0.6124822230105025,0.6124822230104954,0.0,99.3875177769895,5
td3_verified,synthetic_rough_heston,,td3,1380983522,13.720973261073595,13.719506352618064,0.8286279258472433,0.3830024093305837,0.445625516516628,99.17137207415276,0
td3_verified,synthetic_rough_heston,,td3,516067115,12.451285793845209,12.440089550301431,0.4286235223014216,1.0581230336673908,-0.6294995113659501,99.57137647769858,12
td3_verified,synthetic_rough_heston,,td3,181677896,26.369436282215336,26.369349923122567,0.4670704068829678,-0.0929295931170779,0.5600000000000591,99.53292959311705,27
td3_verified,synthetic_rough_heston,,td3,1412098877,-13.511870787689986,-13.723104103681464,0.2968148523482625,-4.596012576043259,4.892827428391528,99.70318514765174,0
td3_verified,synthetic_rough_heston,,td3,592480532,20.5124542817739,20.391724997872434,0.052888023081266,-3.4746119769186485,3.5274999999999075,99.94711197691872,0
td3_verified,synthetic_rough_heston,,td3,1462116845,-2.996058977252891,-3.0115451860080005,0.7804237978921549,1.2444359668182754,-0.4640121689261098,99.21957620210785,17
td3_verified,synthetic_rough_heston,,td3,1877161225,6.332132848991023,6.330156755325129,0.7979672491377983,-0.4445327508624399,1.2425000000002306,99.2020327508622,0
td3_verified,synthetic_rough_heston,,td3,1814894336,22.71362902679175,22.673866404045523,0.1934432619351156,-1.9940567380651129,2.187500000000245,99.80655673806488,0
td3_verified,synthetic_rough_heston,,td3,917024862,7.79707116745651,7.789867420046264,0.5423613974519697,0.8487489269651651,-0.3063875295131901,99.45763860254804,26
td3_verified,synthetic_rough_heston,,td3,614922330,5.133560927761209,5.12823768621722,0.6578945214027101,-0.729605478597092,1.387499999999779,99.34210547859728,0
td3_verified,synthetic_rough_heston,,td3,1801437930,12.171020661458895,12.131190431001274,0.7757512484682394,1.9957512484681823,-1.2199999999999562,99.22424875153176,0
td3_verified,synthetic_rough_heston,,td3,1380610365,-8.552737979996047,-8.559672404636785,0.81273192809806,0.8327319280980165,-0.019999999999996,99.18726807190194,6
td3_verified,synthetic_rough_heston,,td3,236614752,-7.570787087521239,-7.578708490892543,0.9341535745446804,0.8900226610207111,0.0441309135239818,99.06584642545532,0
td3_verified,synthetic_rough_heston,,td3,834408283,17.96513836207082,17.961928934744602,0.6713553475700422,0.5665180779302054,0.1048372696398288,99.32864465242996,25
td3_verified,synthetic_rough_heston,,td3,2011776523,10.920328310035387,10.772978077351512,0.1211225743600579,3.8386225743601825,-3.7175000000001326,99.87887742563994,1
td3_verified,synthetic_rough_heston,,td3,1226258546,10.830977796219855,10.82642253098318,0.5567801620395016,0.6749270506266765,-0.1181468885871734,99.4432198379605,8
td3_verified,synthetic_rough_heston,,td3,1616321187,-14.158905111860673,-14.203093230433067,0.4230078149959269,2.1020970142311652,-1.6790891992352557,99.57699218500407,5
td3_verified,synthetic_rough_heston,,td3,1672306602,23.339962974981972,23.339959268348323,0.5699031074937011,-0.0192526196924065,0.5891557271861396,99.4300968925063,0
td3_verified,synthetic_rough_heston,,td3,1762600914,-11.57585515687152,-11.584795437503178,0.1455379774404548,0.945530572306361,-0.7999925948659363,99.85446202255956,28
td3_verified,synthetic_rough_heston,,td3,994946334,-10.544376288237022,-10.551600045006383,0.84992686563983,0.8499268656398568,0.0,99.15007313436016,8
td3_verified,synthetic_rough_heston,,td3,909382858,46.04524018861056,46.042757824359335,0.418233303907769,0.4982333039076767,-0.0799999999999272,99.58176669609225,27
td3_verified,synthetic_rough_heston,,td3,26993609,30.871133459247517,30.866405001526996,0.6876378204055698,0.6876378204055884,0.0,99.31236217959444,22
td3_verified,synthetic_rough_heston,,td3,1773145257,-17.570585575978853,-20.341975477674072,17.16134315239536,16.647492008393392,0.5138511440019816,82.83865684760464,12
td3_verified,synthetic_rough_heston,,td3,706407932,17.692905823279943,17.692640879987962,0.3225969527955357,0.1627707872997562,0.1598261654957573,99.67740304720446,0
td3_verified,synthetic_rough_heston,,td3,331383041,2.711361401783506,2.708466763774082,0.5380184020481238,0.5380184020481522,0.0,99.46198159795188,0
td3_verified,synthetic_rough_heston,,td3,279983631,32.69331944960481,32.69317352137781,0.5933007562059913,0.1208007562060515,0.4724999999999539,99.406699243794,17
td3_verified,synthetic_rough_heston,,td3,104944766,27.16568244504537,27.165240899369135,0.4501298827465376,0.2101298827466422,0.2399999999998954,99.54987011725346,17
td3_verified,synthetic_rough_heston,,td3,1398718536,34.418170621904046,34.417253967955865,0.3027629350138312,0.3027629350138312,0.0,99.69723706498615,1
td3_verified,synthetic_rough_heston,,td3,1382436732,16.95127887274066,16.95104174745664,0.1464887281656501,0.1539887281656895,-0.0075000000000287,99.85351127183436,0
td3_verified,synthetic_rough_heston,,td3,1822786061,26.77905386665417,26.77027413677728,0.9370021279000724,0.9370021279000832,0.0,99.06299787209991,20
td3_verified,synthetic_rough_heston,,td3,879773370,1.5535010653345962,1.5440893189221436,0.8426415573229491,0.970141557323088,-0.127500000000122,99.15735844267704,1
td3_verified,synthetic_rough_heston,,td3,2043945046,47.956684473595026,47.95307427627616,0.0391508243442899,-0.6008491756556769,0.6399999999999864,99.96084917565572,22
td3_verified,synthetic_rough_heston,,td3,1458350865,14.751053027268426,14.736680714127989,0.875631093202216,1.1988458258024586,-0.3232147326002449,99.12436890679778,0
td3_verified,synthetic_rough_heston,,td3,1570091229,33.73642067312426,33.73333459252822,0.9455250305823596,0.5555250305823645,0.3900000000000148,99.05447496941764,26
td3_verified,synthetic_rough_heston,,td3,1963377882,22.84717307239589,22.77562371560364,0.4173711518926808,2.6748711518921944,-2.2574999999995207,99.58262884810732,0
td3_verified,synthetic_rough_heston,,td3,922385963,17.15522344382225,17.12876826141241,0.9959950842424092,-1.626504915757696,2.6225000000001053,99.0040049157576,0
td3_verified,synthetic_rough_heston,,td3,1134397302,25.81953190028481,25.814487419236457,0.9501297710531276,0.7102451019439083,0.2398846691091961,99.04987022894689,23
td3_verified,synthetic_rough_heston,,td3,1361953339,-27.447309117993935,-27.470892629012923,0.5931923851796057,1.5356923851796755,-0.94250000000007,99.4068076148204,29
td3_verified,synthetic_rough_heston,,td3,1031019006,-10.932284385853563,-10.94130023998705,0.0745185165907287,0.9495185165907996,-0.8750000000000568,99.92548148340929,0
td3_verified,synthetic_rough_heston,,td3,53419154,4.480353423185079,4.47373812107505,0.2316549250144817,-0.8133450749852891,1.044999999999792,99.76834507498552,0
td3_verified,synthetic_rough_heston,,td3,1338190356,33.93476238837774,33.934279835050454,0.0998769933482321,-0.2196709646924619,0.3195479580406821,99.90012300665175,28
td3_verified,synthetic_rough_heston,,td3,250858187,-2.589407446585028,-2.59584640772896,0.2337747609802392,-0.8024313767502038,1.0362061377304237,99.76622523901976,0
td3_verified,synthetic_rough_heston,,td3,2129749168,-2.622713077969427,-2.623938425798827,0.3500496863874929,0.3500496863874858,0.0,99.6499503136125,18
td3_verified,synthetic_rough_heston,,td3,2130738303,11.613173224631202,11.612574985115453,0.8645893529467799,0.244589352946775,0.6199999999999868,99.13541064705322,20
td3_verified,synthetic_rough_heston,,td3,1017956649,35.085947430330634,35.08347319806991,0.3899165518678273,0.4974165518680669,-0.1075000000002788,99.61008344813216,0
td3_verified,synthetic_rough_heston,,td3,1274680140,26.668261938377327,26.650664153229737,0.3570902935590396,-1.3265664381247215,1.683656731683794,99.64290970644096,0
td3_verified,synthetic_rough_heston,,td3,1585408273,18.93598647779436,18.93593608785449,0.5665343444680104,0.0709858717410407,0.4955484727269946,99.433465655532,0
td3_verified,synthetic_rough_heston,,td3,1144086060,15.84371149749613,15.84317305857478,0.232042867020553,0.2320428670205614,0.0,99.76795713297945,10
td3_verified,synthetic_rough_heston,,td3,410286162,-5.3776140695058565,-5.377713687160263,0.0998086441179708,0.0998086441179459,0.0,99.90019135588204,1
td3_verified,synthetic_rough_heston,,td3,373643122,10.00870049435798,9.9958663412435,0.525307411840032,1.1328792130886305,-0.6075718012485992,99.47469258815995,0
td3_verified,synthetic_rough_heston,,td3,1500953274,7.270748680109071,7.269167711047763,0.3976140165169965,0.3976140165169912,0.0,99.602385983483,1
td3_verified,synthetic_rough_heston,,td3,83988248,-7.985305182934055,-7.985982383389505,0.5985177155333332,-0.2602307544180896,0.8587484699514193,99.40148228446668,23
td3_verified,synthetic_rough_heston,,td3,1865270753,20.996920565916778,20.987680756104226,0.8132708997738547,0.9612392944814726,-0.1479683947076215,99.18672910022616,25
td3_verified,synthetic_rough_heston,,td3,2136924679,42.89070103864651,41.301583929686686,13.460493581316186,12.60601883609503,0.8544747452211995,86.53950641868381,0
td3_verified,synthetic_rough_heston,,td3,675361705,18.01363096455134,18.010811570943872,0.022327170084992,-0.5309796236644956,0.5533067937494859,99.977672829915,0
td3_verified,synthetic_rough_heston,,td3,1787143916,-6.877568693446461,-6.883844324760806,0.8689841342168592,0.7921888230935894,0.0767953111232822,99.13101586578314,27
td3_verified,synthetic_rough_heston,,td3,1157074811,20.413987109819573,20.409806533881188,0.6765737342628313,0.6465737342627875,0.0300000000000011,99.32342626573715,0
td3_verified,synthetic_rough_heston,,td3,346534653,13.001605173732967,12.999439298654208,0.350389630176906,0.4653896301768334,-0.1149999999999451,99.6496103698231,0
td3_verified,synthetic_rough_heston,,td3,2029212888,-28.590882062175805,-28.6124507671075,0.698628779906528,1.4686287799064992,-0.769999999999996,99.30137122009349,29
td3_verified,synthetic_rough_heston,,td3,284833619,11.89853445200606,11.81257973121382,0.2781964460040171,-2.9318035539960956,3.2100000000001145,99.72180355399598,0
td3_verified,synthetic_rough_heston,,td3,963504523,-2.631671052693491,-2.6980273086318065,0.7390291939093032,-2.575970806090691,3.3149999999999658,99.2609708060907,0
td3_verified,synthetic_rough_heston,,td3,1918322573,9.935787108364108,9.921052463223216,0.5738634659998212,1.2138634659998075,-0.6399999999999864,99.42613653400018,28
td3_verified,synthetic_rough_heston,,td3,344371083,30.82409998179703,30.822566715811856,0.3915694044705873,0.391569404470566,0.0,99.6084305955294,1
td3_verified,synthetic_rough_heston,,td3,1588251919,20.03765201267379,20.016370420895807,0.1011788396796902,-1.458821160320277,1.559999999999956,99.89882116032032,0
td3_verified,synthetic_rough_heston,,td3,152900645,15.003746865781068,14.947764991305284,0.3507269165384912,-2.3660489106479745,2.7167758271864457,99.64927308346152,0
td3_verified,synthetic_rough_heston,,td3,1891103623,-21.887793891140856,-23.397661927939495,9.31775491662951,12.287668765061335,-2.9699138484318244,90.68224508337047,11
td3_verified,synthetic_rough_heston,,td3,2085732003,-11.417123035524128,-19.693488618884444,29.391173211256003,28.768673211255877,0.6225000000001266,70.608826788744,0
td3_verified,synthetic_rough_heston,,td3,266216506,-9.276131207465369,-9.292005350991053,0.3696233464021787,-1.2599263282305009,1.6295496746326843,99.63037665359782,0
td3_verified,synthetic_rough_heston,,td3,1053758720,-30.654886942606534,-35.56223641712266,21.461368208751665,22.152538171767425,-0.6911699630157385,78.53863179124833,29
td3_verified,synthetic_rough_heston,,td3,938390068,9.740772610839253,9.732092622646771,0.8567399372262372,0.9316645422296298,-0.0749246050033766,99.14326006277376,17
td3_verified,synthetic_rough_heston,,td3,857959051,32.45117920382878,32.443851878863065,0.9709979536024348,0.8559979536023796,0.1150000000000339,99.02900204639757,4
td3_verified,synthetic_rough_heston,,td3,719206609,22.58725458422917,22.586775177538584,0.5869415707658447,0.218953577405981,0.3679879933598601,99.41305842923416,3
td3_verified,synthetic_rough_heston,,td3,187237339,27.14044411480731,27.127209950391233,0.5771016161315572,-1.150398383868584,1.7275000000000986,99.42289838386844,2
td3_verified,synthetic_rough_heston,,td3,1809838918,-47.754011221991576,-58.64690750201631,30.03438801133072,33.00438801133076,-2.970000000000045,69.96561198866928,2
td3_verified,synthetic_rough_heston,,td3,892651515,-6.2622782472479015,-6.30620270163442,0.3815734055709612,2.095816174823507,-1.7142427692525322,99.61842659442904,21
td3_verified,synthetic_rough_heston,,td3,1886884439,-7.508796416377634,-7.5125306791334525,0.6285861441579783,0.6110861441579711,0.0175000000000018,99.37141385584202,16
td3_verified,synthetic_rough_heston,,td3_auction_noop,1906509230,32.74035869472209,32.73780630694758,0.5052116165044538,0.5052116165044718,0.0,99.49478838349556,0
td3_verified,synthetic_rough_heston,,td3_auction_noop,1178422796,14.77238927340295,14.768554397830457,0.6192637218902206,0.6192637218902455,0.0,99.38073627810978,0
td3_verified,synthetic_rough_heston,,td3_auction_noop,1963502950,37.41478265077603,37.41275683032815,0.4500911516443295,0.4500911516443455,0.0,99.54990884835568,0
td3_verified,synthetic_rough_heston,,td3_auction_noop,1703319850,14.132312911184272,14.128321219185375,0.6317983854755198,0.6317983854755127,0.0,99.36820161452448,0
td3_verified,synthetic_rough_heston,,td3_auction_noop,1313726939,11.561447103113096,11.55472165951008,0.8200880198501324,0.820088019850151,0.0,99.17991198014988,0
td3_verified,synthetic_rough_heston,,td3_auction_noop,1061055793,-16.587459133470475,-16.588762296464,0.3609934893495392,0.360993489349539,0.0,99.63900651065046,0
td3_verified,synthetic_rough_heston,,td3_auction_noop,1067007710,32.28972652452103,32.28937044707043,0.1887001458917154,0.1887001458917052,0.0,99.81129985410828,0
td3_verified,synthetic_rough_heston,,td3_auction_noop,40720655,-7.196058237559555,-7.200053090114542,0.6320484597708571,0.632048459770866,0.0,99.36795154022914,0
td3_verified,synthetic_rough_heston,,td3_auction_noop,1966159132,25.771145883438297,25.771145858016613,0.0015944177402502,0.0015944177402333,0.0,99.99840558225976,0
td3_verified,synthetic_rough_heston,,td3_auction_noop,188577770,5.516821262330268,5.515533997584625,0.3587847189670299,0.358784718967037,0.0,99.64121528103296,0
td3_verified,synthetic_rough_heston,,td3_auction_noop,1402152033,42.65926829639102,42.65922535649252,0.0655285422537161,0.0655285422537192,0.0,99.93447145774628,0
td3_verified,synthetic_rough_heston,,td3_auction_noop,2092728533,-20.85113067924613,-20.926160522202917,2.739157588690148,2.7391575886901927,0.0,97.26084241130984,0
td3_verified,synthetic_rough_heston,,td3_auction_noop,1437347273,38.32835921023798,38.32275865160318,0.7483688017814387,0.7483688017814316,0.0,99.25163119821856,0
td3_verified,synthetic_rough_heston,,td3_auction_noop,1045146178,32.16763767241173,32.16666951709925,0.3111519423820255,0.311151942382029,0.0,99.68884805761796,0
td3_verified,synthetic_rough_heston,,td3_auction_noop,528283994,4.50866797564413,4.50838320800752,0.1687505960316571,0.1687505960316428,0.0,99.83124940396834,0
td3_verified,synthetic_rough_heston,,td3_auction_noop,36265689,3.721605686170733,3.718294153441536,0.5754591844082029,0.57545918440819,0.0,99.4245408155918,0
td3_verified,synthetic_rough_heston,,td3_auction_noop,1193742096,6.702754575459039,6.697867828841539,0.6990526888225617,0.6990526888225581,0.0,99.30094731117744,0
td3_verified,synthetic_rough_heston,,td3_auction_noop,793249015,-7.012500085205829,-7.012652753955328,0.1235591961363695,0.1235591961363837,0.0,99.87644080386364,0
td3_verified,synthetic_rough_heston,,td3_auction_noop,1309854583,1.9475413091113296,1.937855897367144,0.9841448950325145,0.9841448950325145,0.0,99.01585510496749,0
td3_verified,synthetic_rough_heston,,td3_auction_noop,1144601564,21.110798187943143,21.107035692284487,0.6133918534395377,0.6133918534395493,0.0,99.38660814656046,0
td3_verified,synthetic_rough_heston,,td3_auction_noop,982973886,6.643014112380115,6.641374858631207,0.4048769873564168,0.4048769873564488,0.0,99.59512301264358,0
td3_verified,synthetic_rough_heston,,td3_auction_noop,715231342,-11.78723326636282,-11.790324909759184,0.5560254847007968,0.5560254847007964,0.0,99.4439745152992,0
td3_verified,synthetic_rough_heston,,td3_auction_noop,2130732657,6.682637530826469,6.678941493762868,0.6079504143926044,0.6079504143925796,0.0,99.3920495856074,0
td3_verified,synthetic_rough_heston,,td3_auction_noop,1234679122,1.1886623549053184,1.179771680105194,0.9429037490711636,0.9429037490711534,0.0,99.05709625092884,0
td3_verified,synthetic_rough_heston,,td3_auction_noop,490149342,3.5726585862175853,3.571729413650485,0.3048233204826118,0.3048233204826145,0.0,99.6951766795174,0
td3_verified,synthetic_rough_heston,,td3_auction_noop,381953676,15.757798467726388,15.757084820774766,0.2671417136319718,0.2671417136319722,0.0,99.73285828636804,0
td3_verified,synthetic_rough_heston,,td3_auction_noop,478640128,-41.96528204783317,-43.13350905433205,10.808455053794177,10.808455053794145,0.0,89.19154494620582,0
td3_verified,synthetic_rough_heston,,td3_auction_noop,951876364,12.573062969713646,12.568141630688284,0.7015225602475397,0.7015225602475201,0.0,99.29847743975246,0
td3_verified,synthetic_rough_heston,,td3_auction_noop,723990043,-0.6985374496889563,-0.6987574273876631,0.1483164517869966,0.148316451786993,0.0,99.851683548213,0
td3_verified,synthetic_rough_heston,,td3_auction_noop,487116369,24.618451410829948,24.61298820153228,0.7391352581002479,0.7391352581002479,0.0,99.26086474189977,0
td3_verified,synthetic_rough_heston,,td3_auction_noop,1985429050,38.87297829959971,38.872826929350175,0.1230326174380138,0.1230326174380223,0.0,99.876967382562,0
td3_verified,synthetic_rough_heston,,td3_auction_noop,1628956857,-10.96921821127944,-10.970633787397407,0.3762414275393269,0.3762414275393162,0.0,99.62375857246067,0
td3_verified,synthetic_rough_heston,,td3_auction_noop,1189523478,14.731041908295085,14.726844993118588,0.6478360268228016,0.6478360268228007,0.0,99.3521639731772,0
td3_verified,synthetic_rough_heston,,td3_auction_noop,1296530916,-11.633823888609186,-12.576879314873318,9.711104088949584,9.71110408894958,0.0,90.28889591105042,0
td3_verified,synthetic_rough_heston,,td3_auction_noop,707561452,23.26957152725663,23.26682420952236,0.5241486176906847,0.5241486176906607,0.0,99.47585138230932,0
td3_verified,synthetic_rough_heston,,td3_auction_noop,901155818,11.078041098122412,11.076580070466765,0.3822339147234572,0.3822339147234466,0.0,99.61776608527654,0
td3_verified,synthetic_rough_heston,,td3_auction_noop,1820860524,20.086175005941183,20.080252638662877,0.7695691832649629,0.7695691832649336,0.0,99.23043081673504,0
td3_verified,synthetic_rough_heston,,td3_auction_noop,1044185241,-7.780244081426645,-7.780391424361247,0.1213848979907936,0.121384897990783,0.0,99.8786151020092,0
td3_verified,synthetic_rough_heston,,td3_auction_noop,591637826,9.901061631686389,9.89746027954642,0.6001126677525548,0.6001126677525637,0.0,99.39988733224745,0
td3_verified,synthetic_rough_heston,,td3_auction_noop,27222720,2.854549361665704,2.8507036485911232,0.6201381357875704,0.6201381357875704,0.0,99.37986186421244,0
td3_verified,synthetic_rough_heston,,td3_auction_noop,64598572,5.129617974016583,5.128617289226307,0.3163360223363156,0.3163360223362783,0.0,99.68366397766368,0
td3_verified,synthetic_rough_heston,,td3_auction_noop,824692580,15.411318214233688,15.404048515549068,0.852625280215193,0.8526252802152268,0.0,99.1473747197848,0
td3_verified,synthetic_rough_heston,,td3_auction_noop,1292888439,8.263433047663057,8.259936423941017,0.5913225618932785,0.5913225618932736,0.0,99.40867743810672,0
td3_verified,synthetic_rough_heston,,td3_auction_noop,1567077053,13.490543087711558,13.490525196251005,0.0422982984940318,0.0422982984940243,0.0,99.95770170150595,0
td3_verified,synthetic_rough_heston,,td3_auction_noop,1386223455,15.965750367875444,15.95605144340805,0.9848311767706264,0.984831176770637,0.0,99.01516882322936,0
td3_verified,synthetic_rough_heston,,td3_auction_noop,2103330825,21.51468312027646,21.5125233000908,0.4647386561990032,0.464738656199005,0.0,99.535261343801,0
td3_verified,synthetic_rough_heston,,td3_auction_noop,1713764255,-11.747364985796594,-11.747698073842688,0.1825069987958443,0.1825069987958301,0.0,99.81749300120416,0
td3_verified,synthetic_rough_heston,,td3_auction_noop,338169861,12.61681103789124,12.610891567508226,0.7693809448520028,0.7693809448519939,0.0,99.230619055148,0
td3_verified,synthetic_rough_heston,,td3_auction_noop,460890984,27.06164313647423,27.0615444042104,0.0993641101369178,0.0993641101369071,0.0,99.90063588986308,0
td3_verified,synthetic_rough_heston,,td3_auction_noop,1844393987,-2.5173968454291753,-2.522723586794594,0.7298452826057371,0.7298452826057513,0.0,99.27015471739426,0
td3_verified,synthetic_rough_heston,,td3_auction_noop,1032412864,-0.455634232803277,-0.4598464200184553,0.6490136527976915,0.6490136527977164,0.0,99.35098634720232,0
td3_verified,synthetic_rough_heston,,td3_auction_noop,285977676,26.750501965867443,26.750182123357547,0.1788414129597839,0.1788414129597644,0.0,99.82115858704022,0
td3_verified,synthetic_rough_heston,,td3_auction_noop,1194047159,27.000296458740195,26.999829996447513,0.2159773813806822,0.2159773813806662,0.0,99.78402261861932,0
td3_verified,synthetic_rough_heston,,td3_auction_noop,410795716,-8.71573709923905,-8.719695618064135,0.6291676108228472,0.6291676108228419,0.0,99.37083238917717,0
td3_verified,synthetic_rough_heston,,td3_auction_noop,1688827796,26.784084845345205,26.78315866788219,0.3043316386790309,0.3043316386790664,0.0,99.69566836132095,0
td3_verified,synthetic_rough_heston,,td3_auction_noop,1615174803,17.847359354080254,17.847351344466098,0.0283012617300499,0.0283012617300126,0.0,99.97169873826996,0
td3_verified,synthetic_rough_heston,,td3_auction_noop,573603312,7.864436939975349,7.864306341546388,0.1142796696535981,0.1142796696536123,0.0,99.8857203303464,0
td3_verified,synthetic_rough_heston,,td3_auction_noop,1292648848,26.74317838483148,26.62773367039973,3.397715621292491,3.3977156212924977,0.0,96.60228437870752,0
td3_verified,synthetic_rough_heston,,td3_auction_noop,504177273,-4.037111281655598,-4.042250771034735,0.7169023210408199,0.7169023210408376,0.0,99.28309767895918,0
td3_verified,synthetic_rough_heston,,td3_auction_noop,2023171617,-4.599211072534672,-4.601007492505221,0.4238419482010727,0.4238419482010616,0.0,99.57615805179891,0
td3_verified,synthetic_rough_heston,,td3_auction_noop,155866399,21.88683846057029,21.885727555738615,0.3333023899814122,0.3333023899813874,0.0,99.6666976100186,0
td3_verified,synthetic_rough_heston,,td3_auction_noop,426465092,51.080675485582105,51.07593741451438,0.6883364778744294,0.6883364778744026,0.0,99.31166352212556,0
td3_verified,synthetic_rough_heston,,td3_auction_noop,2075242093,31.08697696303716,31.086604543408935,0.1929817681091066,0.1929817681090995,0.0,99.8070182318909,0
td3_verified,synthetic_rough_heston,,td3_auction_noop,426948909,-41.42959369314485,-44.329976850466906,17.03051131740341,17.030511317403402,0.0,82.96948868259659,0
td3_verified,synthetic_rough_heston,,td3_auction_noop,40870105,12.39091582896981,12.386116166935198,0.6927959320472326,0.692795932047213,0.0,99.30720406795275,0
td3_verified,synthetic_rough_heston,,td3_auction_noop,1146798258,38.22584481064587,38.22541849072848,0.2064751601015331,0.2064751601014989,0.0,99.79352483989848,0
td3_verified,synthetic_rough_heston,,td3_auction_noop,2070376215,20.0050625111744,17.57219557263743,15.597650267065774,15.59765026706578,0.0,84.40234973293423,0
td3_verified,synthetic_rough_heston,,td3_auction_noop,511062834,24.967939227943138,24.959868117567364,0.8983935872305295,0.8983935872305215,0.0,99.10160641276948,0
td3_verified,synthetic_rough_heston,,td3_auction_noop,1541412974,15.789031971295117,15.677277983872054,3.3429625696837064,3.342962569683694,0.0,96.6570374303163,0
td3_verified,synthetic_rough_heston,,td3_auction_noop,376403019,21.48048262866905,21.479042692034216,0.3794649700349737,0.3794649700349676,0.0,99.62053502996504,0
td3_verified,synthetic_rough_heston,,td3_auction_noop,1108559752,18.010482654812222,18.0060770149388,0.6637499433839196,0.6637499433839285,0.0,99.33625005661608,0
td3_verified,synthetic_rough_heston,,td3_auction_noop,1393048108,-17.0022158589436,-18.25228866319073,11.180665473249505,11.18066547324948,0.0,88.8193345267505,0
td3_verified,synthetic_rough_heston,,td3_auction_noop,2023564002,-34.14305715513183,-34.15145539552732,0.9164191396678234,0.9164191396678304,0.0,99.08358086033218,0
td3_verified,synthetic_rough_heston,,td3_auction_noop,916344601,34.97850753514649,34.97557930189264,0.5411315231855269,0.5411315231855287,0.0,99.45886847681447,0
td3_verified,synthetic_rough_heston,,td3_auction_noop,486149422,15.105129161114746,14.654433695945896,6.713385622536876,6.713385622536886,0.0,93.28661437746312,0
td3_verified,synthetic_rough_heston,,td3_auction_noop,410404482,2.830137393981204,2.7260154958186833,3.2267924966213997,3.226792496621385,0.0,96.7732075033786,0
td3_verified,synthetic_rough_heston,,td3_auction_noop,848518413,29.416480688616502,29.412327649740178,0.6444407557198559,0.6444407557198444,0.0,99.35555924428014,0
td3_verified,synthetic_rough_heston,,td3_auction_noop,1216465325,10.461035060712677,10.457993732548518,0.5514823808750862,0.5514823808750817,0.0,99.44851761912491,0
td3_verified,synthetic_rough_heston,,td3_auction_noop,1701726968,-1.362454458947468,-1.364930500315905,0.4975983690122518,0.4975983690122807,0.0,99.50240163098776,0
td3_verified,synthetic_rough_heston,,td3_auction_noop,1739537596,14.395247813632524,14.3894504626749,0.7614033725708396,0.761403372570836,0.0,99.23859662742916,0
td3_verified,synthetic_rough_heston,,td3_auction_noop,2050860255,7.842042482126999,7.841684556149778,0.1891893171459173,0.1891893171458911,0.0,99.81081068285408,0
td3_verified,synthetic_rough_heston,,td3_auction_noop,218238821,45.030081005430475,45.02723083813486,0.5338695810415146,0.5338695810415057,0.0,99.46613041895849,0
td3_verified,synthetic_rough_heston,,td3_auction_noop,128588240,33.160722484351936,33.157116507960374,0.6004978261041884,0.6004978261041876,0.0,99.3995021738958,0
td3_verified,synthetic_rough_heston,,td3_auction_noop,1162542574,43.52905112541521,43.52143658258869,0.8726134783810124,0.8726134783810044,0.0,99.127386521619,0
td3_verified,synthetic_rough_heston,,td3_auction_noop,1005643756,10.409587870612086,10.400377818910908,0.9596901427636624,0.9596901427636588,0.0,99.04030985723634,0
td3_verified,synthetic_rough_heston,,td3_auction_noop,711572297,18.77056565781095,18.760786970196065,0.9888724697797784,0.9888724697797708,0.0,99.01112753022022,0
td3_verified,synthetic_rough_heston,,td3_auction_noop,501043199,5.543102265652124,5.53582244505525,0.8532186470579433,0.8532186470579393,0.0,99.14678135294206,0
td3_verified,synthetic_rough_heston,,td3_auction_noop,1291999351,25.781752028462503,25.77483324957926,0.8317919741886044,0.8317919741885951,0.0,99.1682080258114,0
td3_verified,synthetic_rough_heston,,td3_auction_noop,102182588,-0.8841984725622751,-0.8851170208541869,0.3030756162926593,0.3030756162926593,0.0,99.69692438370734,0
td3_verified,synthetic_rough_heston,,td3_auction_noop,2119210718,26.02041358533279,26.01878028205289,0.4041414702674331,0.4041414702674437,0.0,99.59585852973257,0
td3_verified,synthetic_rough_heston,,td3_auction_noop,1109208492,21.429942793120063,21.429551230756875,0.1978793478834859,0.1978793478835143,0.0,99.80212065211651,0
td3_verified,synthetic_rough_heston,,td3_auction_noop,1274300456,32.00238632248329,32.00187435495992,0.2262669934780632,0.2262669934780596,0.0,99.77373300652194,0
td3_verified,synthetic_rough_heston,,td3_auction_noop,1256771816,-5.7301785884938,-5.73240015857867,0.4713353461040839,0.4713353461040928,0.0,99.52866465389592,0
td3_verified,synthetic_rough_heston,,td3_auction_noop,1077857574,15.078504102171792,15.073836708548525,0.6831832567670801,0.6831832567670819,0.0,99.31681674323292,0
td3_verified,synthetic_rough_heston,,td3_auction_noop,1100698389,27.80306173327699,27.79918430362448,0.6226901037040733,0.6226901037040768,0.0,99.37730989629593,0
td3_verified,synthetic_rough_heston,,td3_auction_noop,795778257,20.33369782163209,20.333120257024795,0.2403257387983188,0.2403257387983313,0.0,99.75967426120168,0
td3_verified,synthetic_rough_heston,,td3_auction_noop,1548246893,15.819478396992054,15.819472317166545,0.0246573021801879,0.0246573021801825,0.0,99.9753426978198,0
td3_verified,synthetic_rough_heston,,td3_auction_noop,633707972,-4.880191129683226,-4.880631122154685,0.2097599750808001,0.2097599750807965,0.0,99.7902400249192,0
td3_verified,synthetic_rough_heston,,td3_auction_noop,983296256,-2.1861465337569825,-2.5452775440189876,5.992754043526247,5.992754043526276,0.0,94.00724595647377,0
td3_verified,synthetic_rough_heston,,td3_auction_noop,487951037,31.777192452285817,31.77051797491151,0.8169747471192608,0.8169747471192643,0.0,99.18302525288074,0
td3_verified,synthetic_rough_heston,,td3_auction_noop,978154369,31.65387844498764,31.652028273534505,0.4301361939125883,0.4301361939125874,0.0,99.5698638060874,0
td3_verified,synthetic_rough_heston,,td3_auction_noop,554788091,28.02828681670871,28.02029275599856,0.8940951129579986,0.894095112958003,0.0,99.105904887042,0
td3_verified,synthetic_rough_heston,,td3_auction_noop,2090199347,1.4850748041753832,1.4850586274318474,0.0402203226438331,0.040220322643826,0.0,99.95977967735617,0
td3_verified,synthetic_rough_heston,,td3_auction_noop,2069017976,-14.779864574958992,-14.779960442970108,0.0979122112486123,0.0979122112486119,0.0,99.9020877887514,0
td3_verified,synthetic_rough_heston,,td3_auction_noop,945043387,-31.99955135096752,-37.89768901733005,24.286081747294133,24.286081747294123,0.0,75.71391825270587,0
td3_verified,synthetic_rough_heston,,td3_auction_noop,1939521563,-83.4530962729259,-83.82167492436965,6.071067875124925,6.0710678751249265,0.0,93.92893212487508,0
td3_verified,synthetic_rough_heston,,td3_auction_noop,837962510,-12.947078417530063,-12.95614685110042,0.9522832336208752,0.952283233620924,0.0,99.04771676637912,0
td3_verified,synthetic_rough_heston,,td3_auction_noop,1294936529,39.91806576435374,39.9088499377124,0.959990970860474,0.9599909708604906,0.0,99.04000902913953,0
td3_verified,synthetic_rough_heston,,td3_auction_noop,1783232423,14.379802639699848,14.37349606285194,0.7941395877241604,0.7941395877241479,0.0,99.20586041227584,0
td3_verified,synthetic_rough_heston,,td3_auction_noop,133555220,19.06596289248955,19.06591216737771,0.0712215640360085,0.0712215640359881,0.0,99.928778435964,0
td3_verified,synthetic_rough_heston,,td3_auction_noop,727659984,27.3519692351274,27.351842275374683,0.1126764184361235,0.1126764184361519,0.0,99.88732358156388,0
td3_verified,synthetic_rough_heston,,td3_auction_noop,1045640949,-74.21444443820292,-110.44808815050462,60.19438820380326,60.194388203803264,0.0,39.80561179619674,0
td3_verified,synthetic_rough_heston,,td3_auction_noop,1498406538,-4.948997785046231,-4.949702759326863,0.2655135176656529,0.2655135176656245,0.0,99.73448648233436,0
td3_verified,synthetic_rough_heston,,td3_auction_noop,894023265,1.656973650549844,1.6480974319261823,0.9421368596792092,0.9421368596791986,0.0,99.0578631403208,0
td3_verified,synthetic_rough_heston,,td3_auction_noop,1456034043,31.00071202800973,31.000393726801125,0.1784099797112901,0.1784099797113008,0.0,99.82159002028872,0
td3_verified,synthetic_rough_heston,,td3_auction_noop,2145465691,-9.79820405958708,-9.799161313557676,0.3093952117597922,0.309395211759794,0.0,99.6906047882402,0
td3_verified,synthetic_rough_heston,,td3_auction_noop,1645332470,17.123263728733946,17.116728119868014,0.8084311266849795,0.8084311266849951,0.0,99.19156887331502,0
td3_verified,synthetic_rough_heston,,td3_auction_noop,1703360263,4.959174164094293,4.949875279766391,0.9643072294607152,0.9643072294607168,0.0,99.03569277053928,0
td3_verified,synthetic_rough_heston,,td3_auction_noop,1254093673,30.174047638271077,30.173911219439937,0.1167984722249571,0.1167984722249588,0.0,99.88320152777504,0
td3_verified,synthetic_rough_heston,,td3_auction_noop,679604879,23.640060435011037,23.640011109904943,0.0702318347286024,0.0702318347286059,0.0,99.9297681652714,0
td3_verified,synthetic_rough_heston,,td3_auction_noop,1800514979,25.4101392686498,25.409753893303456,0.1963097925071792,0.1963097925071899,0.0,99.80369020749282,0
td3_verified,synthetic_rough_heston,,td3_auction_noop,1009107304,26.52749009159561,26.52567362743992,0.426199971338363,0.4261999713383599,0.0,99.57380002866164,0
td3_verified,synthetic_rough_heston,,td3_auction_noop,1459119855,11.533435747476688,11.531249305829087,0.467594017027551,0.4675940170275723,0.0,99.53240598297243,0
td3_verified,synthetic_rough_heston,,td3_auction_noop,2082327116,9.121947996374727,9.12104901427858,0.2998303013619221,0.2998303013619185,0.0,99.70016969863808,0
td3_verified,synthetic_rough_heston,,td3_auction_noop,1795215048,24.75465405720388,24.74940541378654,0.7244752181639882,0.7244752181640086,0.0,99.275524781836,0
td3_verified,synthetic_rough_heston,,td3_auction_noop,1559844699,37.995978079445194,37.98860716001676,0.8585405889317173,0.8585405889317315,0.0,99.14145941106828,0
td3_verified,synthetic_rough_heston,,td3_auction_noop,1337581818,18.174069261016484,18.167736217375214,0.7958042247478261,0.7958042247478314,0.0,99.20419577525216,0
td3_verified,synthetic_rough_heston,,td3_auction_noop,1567278356,-55.790659147012775,-69.54080259143764,37.08118585539691,37.081185855396896,0.0,62.91881414460309,0
td3_verified,synthetic_rough_heston,,td3_auction_noop,1391644635,-37.72122734095501,-42.327463272764064,21.462143256928144,21.46214325692812,0.0,78.53785674307186,0
td3_verified,synthetic_rough_heston,,td3_auction_noop,1226640195,1.4639115200443484,1.4637742940258156,0.1171435096507025,0.1171435096506989,0.0,99.8828564903493,0
td3_verified,synthetic_rough_heston,,td3_auction_noop,573081701,-17.053962085967214,-18.866144283747623,13.461731678281282,13.461731678281254,0.0,86.53826832171872,0
td3_verified,synthetic_rough_heston,,td3_auction_noop,856702353,-5.018961634570587,-5.026932517464651,0.8927980115381189,0.8927980115381118,0.0,99.10720198846188,0
td3_verified,synthetic_rough_heston,,td3_auction_noop,969233424,5.978362128305889,5.973289229960775,0.7122428199086244,0.7122428199086173,0.0,99.28775718009138,0
td3_verified,synthetic_rough_heston,,td3_auction_noop,2038887002,2.4378105977866653,2.4366373879798324,0.3425215039721081,0.3425215039720655,0.0,99.65747849602788,0
td3_verified,synthetic_rough_heston,,td3_auction_noop,748193112,42.70391453960292,42.70364866017825,0.163058095373529,0.1630580953735307,0.0,99.83694190462649,0
td3_verified,synthetic_rough_heston,,td3_auction_noop,1403188372,33.52901058039606,33.528804151856164,0.1436762123317549,0.1436762123317514,0.0,99.85632378766825,0
td3_verified,synthetic_rough_heston,,td3_auction_noop,688156671,-69.38389009690036,-95.72544612926852,51.32402559461616,51.324025594616174,0.0,48.67597440538384,0
td3_verified,synthetic_rough_heston,,td3_auction_noop,1293707997,27.440677837830663,27.435173830259576,0.741889989896535,0.741889989896551,0.0,99.25811001010348,0
td3_verified,synthetic_rough_heston,,td3_auction_noop,1017816127,-58.76357410768105,-58.76387458613226,0.1733431426986982,0.1733431426986804,0.0,99.8266568573013,0
td3_verified,synthetic_rough_heston,,td3_auction_noop,928547401,13.514434520748182,13.51415803258698,0.1662793316086208,0.1662793316086261,0.0,99.83372066839138,0
td3_verified,synthetic_rough_heston,,td3_auction_noop,804851501,53.277591196252615,53.27400874807635,0.5985355608705731,0.598535560870582,0.0,99.40146443912944,0
td3_verified,synthetic_rough_heston,,td3_auction_noop,1120019183,9.674103588591606,9.672609929197703,0.3864788990230465,0.386478899023051,0.0,99.61352110097695,0
td3_verified,synthetic_rough_heston,,td3_auction_noop,1119490863,10.094230807124404,10.094004856411924,0.1503165701047493,0.1503165701047693,0.0,99.84968342989524,0
td3_verified,synthetic_rough_heston,,td3_auction_noop,783363503,-22.757512126261645,-22.76598857071254,0.9206760804374454,0.9206760804374444,0.0,99.07932391956255,0
td3_verified,synthetic_rough_heston,,td3_auction_noop,205944131,15.37555867736046,15.373592672761545,0.4433965041490353,0.4433965041490424,0.0,99.55660349585096,0
td3_verified,synthetic_rough_heston,,td3_auction_noop,446079182,5.206238397438938,5.202131015098762,0.6408886284040136,0.6408886284040287,0.0,99.359111371596,0
td3_verified,synthetic_rough_heston,,td3_auction_noop,2128949063,47.39563974566772,47.39351848401493,0.4605715636887169,0.4605715636887026,0.0,99.53942843631128,0
td3_verified,synthetic_rough_heston,,td3_auction_noop,708828196,-1.0083470045665308,-1.0129683053009864,0.6798014956188041,0.6798014956188041,0.0,99.3201985043812,0
td3_verified,synthetic_rough_heston,,td3_auction_noop,907135295,-11.884473627842452,-13.787188827094202,13.793894298753187,13.793894298753155,0.0,86.20610570124681,0
td3_verified,synthetic_rough_heston,,td3_auction_noop,1179243183,-5.700078496905917,-5.704358276479911,0.654200242585901,0.6542002425858975,0.0,99.3457997574141,0
td3_verified,synthetic_rough_heston,,td3_auction_noop,1200595667,-15.786271668897824,-15.786554288395552,0.1681129078106806,0.1681129078106664,0.0,99.83188709218932,0
td3_verified,synthetic_rough_heston,,td3_auction_noop,1138669996,-4.08886747921315,-4.0904959442598505,0.4035424446945796,0.4035424446945637,0.0,99.59645755530542,0
td3_verified,synthetic_rough_heston,,td3_auction_noop,299092708,19.397341960493577,19.39728756897029,0.0737506090056427,0.073750609005641,0.0,99.92624939099436,0
td3_verified,synthetic_rough_heston,,td3_auction_noop,1606240066,46.73961755833443,45.93188658515929,8.987385455042741,8.987385455042741,0.0,91.01261454495726,0
td3_verified,synthetic_rough_heston,,td3_auction_noop,1592479411,9.060859393348435,9.054265456276193,0.8120306073200538,0.8120306073200609,0.0,99.18796939267996,0
td3_verified,synthetic_rough_heston,,td3_auction_noop,1232823009,2.36397067748112,2.359707093497422,0.6529612533449694,0.652961253344952,0.0,99.34703874665504,0
td3_verified,synthetic_rough_heston,,td3_auction_noop,1380936168,21.061125412688853,21.056108197012264,0.7083230672926533,0.7083230672926382,0.0,99.29167693270736,0
td3_verified,synthetic_rough_heston,,td3_auction_noop,1485723813,18.61244528158022,18.610319624236695,0.4610485162676667,0.4610485162677191,0.0,99.53895148373232,0
td3_verified,synthetic_rough_heston,,td3_auction_noop,1476988550,7.908140769888632,7.899929174465478,0.9061785377702593,0.9061785377702528,0.0,99.09382146222974,0
td3_verified,synthetic_rough_heston,,td3_auction_noop,426644302,21.938079327952437,21.93752801212993,0.2348011547048543,0.2348011547048489,0.0,99.76519884529516,0
td3_verified,synthetic_rough_heston,,td3_auction_noop,1492118510,-89.65098932972433,-132.342212101838,65.33852062307017,65.33852062307017,0.0,34.661479376929826,0
td3_verified,synthetic_rough_heston,,td3_auction_noop,1871437067,-8.054809381657833,-8.056060569660529,0.3537213596456183,0.353721359645625,0.0,99.64627864035438,0
td3_verified,synthetic_rough_heston,,td3_auction_noop,1821522104,-12.034872171876486,-12.042698319883629,0.8846551874679704,0.8846551874679918,0.0,99.11534481253204,0
td3_verified,synthetic_rough_heston,,td3_auction_noop,1233002065,-6.792298802967707,-6.793106691795202,0.2842338522229966,0.2842338522229823,0.0,99.715766147777,0
td3_verified,synthetic_rough_heston,,td3_auction_noop,1249666141,25.441302278592048,25.43870171757411,0.5099569607270098,0.5099569607270062,0.0,99.490043039273,0
td3_verified,synthetic_rough_heston,,td3_auction_noop,1377485117,17.9892576445709,17.988594995082256,0.2574197911276883,0.257419791127667,0.0,99.74258020887233,0
td3_verified,synthetic_rough_heston,,td3_auction_noop,1667673182,21.41055148348823,21.41043445731713,0.1081786351841316,0.1081786351841351,0.0,99.89182136481588,0
td3_verified,synthetic_rough_heston,,td3_auction_noop,257835634,-26.13874406032301,-26.14088282681334,0.4624679978476962,0.4624679978476607,0.0,99.5375320021523,0
td3_verified,synthetic_rough_heston,,td3_auction_noop,1475908961,48.26268454944693,48.26157020692131,0.3338176936022705,0.3338176936022581,0.0,99.66618230639772,0
td3_verified,synthetic_rough_heston,,td3_auction_noop,847186143,25.70478274691959,25.70477061986202,0.0348239250679256,0.0348239250678799,0.0,99.96517607493207,0
td3_verified,synthetic_rough_heston,,td3_auction_noop,454152926,19.226053441894692,19.22261026408248,0.5867859756514235,0.5867859756514422,0.0,99.41321402434858,0
td3_verified,synthetic_rough_heston,,td3_auction_noop,745543570,21.80067512797723,21.798763163444747,0.4372601665464799,0.437260166546483,0.0,99.56273983345352,0
td3_verified,synthetic_rough_heston,,td3_auction_noop,2040040035,12.366615538492624,12.283960817644918,2.874973405924095,2.874973405924077,0.0,97.1250265940759,0
td3_verified,synthetic_rough_heston,,td3_auction_noop,857589213,-3.1101810383061093,-3.1102010375140376,0.0447204739782023,0.0447204739782214,0.0,99.9552795260218,0
td3_verified,synthetic_rough_heston,,td3_auction_noop,447631993,2.7216799023408385,2.721301799697881,0.1944486160807628,0.1944486160807761,0.0,99.80555138391924,0
td3_verified,synthetic_rough_heston,,td3_auction_noop,1053736358,-1.9177091542496785,-1.9226221402733683,0.700926959368104,0.700926959368112,0.0,99.2990730406319,0
td3_verified,synthetic_rough_heston,,td3_auction_noop,1123074415,17.955337567727838,17.953884119027897,0.3812412228422488,0.3812412228422364,0.0,99.61875877715777,0
td3_verified,synthetic_rough_heston,,td3_auction_noop,896949228,7.983195937216806,7.983136378641984,0.0771742021800747,0.0771742021800738,0.0,99.92282579781993,0
td3_verified,synthetic_rough_heston,,td3_auction_noop,532798302,-9.481974990745584,-9.483756256292724,0.4220504172653108,0.4220504172653285,0.0,99.57794958273468,0
td3_verified,synthetic_rough_heston,,td3_auction_noop,1798006985,6.721581943893398,6.717830599158359,0.6124822230105025,0.6124822230104954,0.0,99.3875177769895,0
td3_verified,synthetic_rough_heston,,td3_auction_noop,1380983522,13.76553581272492,13.758669570329982,0.8286279258472433,0.8286279258472118,0.0,99.17137207415276,0
td3_verified,synthetic_rough_heston,,td3_auction_noop,516067115,12.490370974639518,12.488533793400816,0.4286235223014216,0.4286235223014407,0.0,99.57137647769858,0
td3_verified,synthetic_rough_heston,,td3_auction_noop,181677896,26.98323628221442,26.98105473456456,0.4670704068829678,0.4670704068829812,0.0,99.53292959311705,0
td3_verified,synthetic_rough_heston,,td3_auction_noop,1412098877,-14.39257972479936,-14.393460715365109,0.2968148523482625,0.2968148523482692,0.0,99.70318514765174,0
td3_verified,synthetic_rough_heston,,td3_auction_noop,592480532,19.842229281774053,19.8422013103442,0.052888023081266,0.0528880230812589,0.0,99.94711197691872,0
td3_verified,synthetic_rough_heston,,td3_auction_noop,1462116845,-2.807380559213925,-2.8134711722570893,0.7804237978921549,0.7804237978921655,0.0,99.21957620210785,0
td3_verified,synthetic_rough_heston,,td3_auction_noop,1877161225,6.344557848990007,6.338190331683042,0.7979672491377983,0.7979672491377907,0.0,99.2020327508622,0
td3_verified,synthetic_rough_heston,,td3_auction_noop,1814894336,22.31987902679248,22.319504823836596,0.1934432619351156,0.1934432619351325,0.0,99.80655673806488,0
td3_verified,synthetic_rough_heston,,td3_auction_noop,917024862,8.155665910962853,8.152724352108391,0.5423613974519697,0.542361397451975,0.0,99.45763860254804,0
td3_verified,synthetic_rough_heston,,td3_auction_noop,614922330,4.869935927761617,4.8656076757487,0.6578945214027101,0.657894521402687,0.0,99.34210547859728,0
td3_verified,synthetic_rough_heston,,td3_auction_noop,1801437930,12.171020661458895,12.165002761463898,0.7757512484682394,0.7757512484682261,0.0,99.22424875153176,0
td3_verified,synthetic_rough_heston,,td3_auction_noop,1380610365,-8.415337979997275,-8.421943311866775,0.81273192809806,0.8127319280980205,0.0,99.18726807190194,0
td3_verified,synthetic_rough_heston,,td3_auction_noop,236614752,-7.5694631601163564,-7.578189589124703,0.9341535745446804,0.9341535745446928,0.0,99.06584642545532,0
td3_verified,synthetic_rough_heston,,td3_auction_noop,834408283,18.331848125892066,18.327340945864957,0.6713553475700422,0.6713553475700342,0.0,99.32864465242996,0
td3_verified,synthetic_rough_heston,,td3_auction_noop,2011776523,11.223728310034858,11.223581603254662,0.1211225743600579,0.1211225743600499,0.0,99.87887742563994,0
td3_verified,synthetic_rough_heston,,td3_auction_noop,1226258546,10.911966269452025,10.908866227963616,0.5567801620395016,0.556780162039503,0.0,99.4432198379605,0
td3_verified,synthetic_rough_heston,,td3_auction_noop,1616321187,-14.3297684917452,-14.331557847860674,0.4230078149959269,0.42300781499591,0.0,99.57699218500407,0
td3_verified,synthetic_rough_heston,,td3_auction_noop,1672306602,23.469577234964163,23.466329339444854,0.5699031074937011,0.5699031074937331,0.0,99.4300968925063,0
td3_verified,synthetic_rough_heston,,td3_auction_noop,1762600914,-11.318853527742249,-11.319065340771024,0.1455379774404548,0.1455379774404246,0.0,99.85446202255956,0
td3_verified,synthetic_rough_heston,,td3_auction_noop,994946334,-10.50037628823702,-10.507600045006384,0.84992686563983,0.8499268656398568,0.0,99.15007313436016,0
td3_verified,synthetic_rough_heston,,td3_auction_noop,909382858,46.45184018860891,46.45009099764393,0.418233303907769,0.4182333039077495,0.0,99.58176669609225,0
td3_verified,synthetic_rough_heston,,td3_auction_noop,26993609,31.14513345924752,31.140405001526997,0.6876378204055698,0.6876378204055884,0.0,99.31236217959444,0
td3_verified,synthetic_rough_heston,,td3_auction_noop,1773145257,-17.541940270457417,-20.487057258400093,17.16134315239536,17.161343152395375,0.0,82.83865684760464,0
td3_verified,synthetic_rough_heston,,td3_auction_noop,706407932,17.614591002187808,17.61355031424828,0.3225969527955357,0.3225969527955135,0.0,99.67740304720446,0
td3_verified,synthetic_rough_heston,,td3_auction_noop,331383041,2.711361401783506,2.708466763774082,0.5380184020481238,0.5380184020481522,0.0,99.46198159795188,0
td3_verified,synthetic_rough_heston,,td3_auction_noop,279983631,33.209969449604614,33.20644939173147,0.5933007562059913,0.5933007562060055,0.0,99.406699243794,0
td3_verified,synthetic_rough_heston,,td3_auction_noop,104944766,27.605682445044295,27.60365627593088,0.4501298827465376,0.4501298827465376,0.0,99.54987011725346,0
td3_verified,synthetic_rough_heston,,td3_auction_noop,1398718536,34.44417062190405,34.44325396795587,0.3027629350138312,0.3027629350138312,0.0,99.69723706498615,0
td3_verified,synthetic_rough_heston,,td3_auction_noop,1382436732,16.95060387274134,16.950389283266542,0.1464887281656501,0.1464887281656608,0.0,99.85351127183436,0
td3_verified,synthetic_rough_heston,,td3_auction_noop,1822786061,27.09205386665417,27.083274136777277,0.9370021279000724,0.9370021279000832,0.0,99.06299787209991,0
td3_verified,synthetic_rough_heston,,td3_auction_noop,879773370,1.5819010653358418,1.574800617394565,0.8426415573229491,0.842641557322966,0.0,99.15735844267704,0
td3_verified,synthetic_rough_heston,,td3_auction_noop,2043945046,48.520684473593064,48.52066914572259,0.0391508243442899,0.0391508243443095,0.0,99.96084917565572,0
td3_verified,synthetic_rough_heston,,td3_auction_noop,1458350865,14.738124437963052,14.730457139849229,0.875631093202216,0.8756310932022136,0.0,99.12436890679778,0
td3_verified,synthetic_rough_heston,,td3_auction_noop,1570091229,34.186720673124,34.17778049728942,0.9455250305823596,0.9455250305823792,0.0,99.05447496941764,0
td3_verified,synthetic_rough_heston,,td3_auction_noop,1963377882,22.576273072394542,22.57453108561022,0.4173711518926808,0.4173711518926737,0.0,99.58262884810732,0
td3_verified,synthetic_rough_heston,,td3_auction_noop,922385963,16.709398443823375,16.699478381745024,0.9959950842424092,0.9959950842424092,0.0,99.0040049157576,0
td3_verified,synthetic_rough_heston,,td3_auction_noop,1134397302,26.304497301018273,26.29546983519986,0.9501297710531276,0.9501297710531044,0.0,99.04987022894689,0
td3_verified,synthetic_rough_heston,,td3_auction_noop,1361953339,-27.20080911799414,-27.20432789005249,0.5931923851796057,0.5931923851796055,0.0,99.4068076148204,0
td3_verified,synthetic_rough_heston,,td3_auction_noop,1031019006,-10.958534385852545,-10.958589915945694,0.0745185165907287,0.0745185165907427,0.0,99.92548148340929,0
td3_verified,synthetic_rough_heston,,td3_auction_noop,53419154,4.271353423186156,4.270816783143321,0.2316549250144817,0.231654925014503,0.0,99.76834507498552,0
td3_verified,synthetic_rough_heston,,td3_auction_noop,1338190356,34.46043129620921,34.4603315420712,0.0998769933482321,0.0998769933482202,0.0,99.90012300665175,0
td3_verified,synthetic_rough_heston,,td3_auction_noop,250858187,-2.5479592010760825,-2.548505707464796,0.2337747609802392,0.2337747609802196,0.0,99.76622523901976,0
td3_verified,synthetic_rough_heston,,td3_auction_noop,2129749168,-2.254713077969427,-2.255938425798827,0.3500496863874929,0.3500496863874858,0.0,99.6499503136125,0
td3_verified,synthetic_rough_heston,,td3_auction_noop,2130738303,12.137573224630614,12.130098077138324,0.8645893529467799,0.8645893529467619,0.0,99.13541064705322,0
td3_verified,synthetic_rough_heston,,td3_auction_noop,1017956649,35.07519743033117,35.073677081156966,0.3899165518678273,0.389916551867788,0.0,99.61008344813216,0
td3_verified,synthetic_rough_heston,,td3_auction_noop,1274680140,26.752444774960168,26.751169640182628,0.3570902935590396,0.3570902935590725,0.0,99.64290970644096,0
td3_verified,synthetic_rough_heston,,td3_auction_noop,1585408273,18.960763901430255,18.95755428979564,0.5665343444680104,0.5665343444680353,0.0,99.433465655532,0
td3_verified,synthetic_rough_heston,,td3_auction_noop,1144086060,16.07271149749613,16.07217305857478,0.232042867020553,0.2320428670205614,0.0,99.76795713297945,0
td3_verified,synthetic_rough_heston,,td3_auction_noop,410286162,-5.348614069505857,-5.348713687160263,0.0998086441179708,0.0998086441179459,0.0,99.90019135588204,0
td3_verified,synthetic_rough_heston,,td3_auction_noop,373643122,10.14844200864536,10.14568252987602,0.525307411840032,0.5253074118400312,0.0,99.47469258815995,0
td3_verified,synthetic_rough_heston,,td3_auction_noop,1500953274,7.292748680109071,7.2911677110477635,0.3976140165169965,0.3976140165169912,0.0,99.602385983483,0
td3_verified,synthetic_rough_heston,,td3_auction_noop,83988248,-7.768417575831336,-7.771999810389408,0.5985177155333332,0.5985177155333297,0.0,99.40148228446668,0
td3_verified,synthetic_rough_heston,,td3_auction_noop,1865270753,21.38932688697605,21.382712791411866,0.8132708997738547,0.8132708997738511,0.0,99.18672910022616,0
td3_verified,synthetic_rough_heston,,td3_auction_noop,2136924679,42.9932380080736,41.18138913354705,13.460493581316186,13.46049358131623,0.0,86.53950641868381,0
td3_verified,synthetic_rough_heston,,td3_auction_noop,675361705,18.035763236301136,18.035758251275897,0.022327170084992,0.0223271700849903,0.0,99.977672829915,0
td3_verified,synthetic_rough_heston,,td3_auction_noop,1787143916,-6.434673724997992,-6.442225059253198,0.8689841342168592,0.8689841342168716,0.0,99.13101586578314,0
td3_verified,synthetic_rough_heston,,td3_auction_noop,1157074811,20.416087109821092,20.411509589642147,0.6765737342628313,0.6765737342627887,0.0,99.32342626573715,0
td3_verified,synthetic_rough_heston,,td3_auction_noop,346534653,13.015405173733598,13.014177444804243,0.350389630176906,0.3503896301768883,0.0,99.6496103698231,0
td3_verified,synthetic_rough_heston,,td3_auction_noop,2029212888,-28.255982062173643,-28.26086288389478,0.698628779906528,0.6986287799065032,0.0,99.30137122009349,0
td3_verified,synthetic_rough_heston,,td3_auction_noop,284833619,11.609634452006503,11.60886051938081,0.2781964460040171,0.2781964460040189,0.0,99.72180355399598,0
td3_verified,synthetic_rough_heston,,td3_auction_noop,963504523,-3.095771052692726,-3.1012326941872277,0.7390291939093032,0.7390291939092748,0.0,99.2609708060907,0
td3_verified,synthetic_rough_heston,,td3_auction_noop,1918322573,10.280187108364771,10.276893915588678,0.5738634659998212,0.5738634659998212,0.0,99.42613653400018,0
td3_verified,synthetic_rough_heston,,td3_auction_noop,344371083,30.85009998179703,30.848566715811856,0.3915694044705873,0.391569404470566,0.0,99.6084305955294,0
td3_verified,synthetic_rough_heston,,td3_auction_noop,1588251919,20.20925201267528,20.20914964109929,0.1011788396796902,0.1011788396796791,0.0,99.89882116032032,0
td3_verified,synthetic_rough_heston,,td3_auction_noop,152900645,14.569062733431563,14.56783263973172,0.3507269165384912,0.3507269165384712,0.0,99.64927308346152,0
td3_verified,synthetic_rough_heston,,td3_auction_noop,1891103623,-21.489103367814096,-22.35730893467783,9.31775491662951,9.31775491662951,0.0,90.68224508337047,0
td3_verified,synthetic_rough_heston,,td3_auction_noop,2085732003,-11.628773035525228,-20.26718366286575,29.391173211256003,29.391173211256003,0.0,70.608826788744,0
td3_verified,synthetic_rough_heston,,td3_auction_noop,266216506,-9.406495181436185,-9.40786139561824,0.3696233464021787,0.3696233464021836,0.0,99.63037665359782,0
td3_verified,synthetic_rough_heston,,td3_auction_noop,1053758720,-30.385767733730972,-34.99167098764715,21.461368208751665,21.461368208751686,0.0,78.53863179124833,0
td3_verified,synthetic_rough_heston,,td3_auction_noop,938390068,10.080289197740058,10.072949164539674,0.8567399372262372,0.8567399372262532,0.0,99.14326006277376,0
td3_verified,synthetic_rough_heston,,td3_auction_noop,857959051,32.45182920383013,32.44240083357113,0.9709979536024348,0.9709979536024136,0.0,99.02900204639757,0
td3_verified,synthetic_rough_heston,,td3_auction_noop,719206609,22.644653983898024,22.641208979823094,0.5869415707658447,0.5869415707658412,0.0,99.41305842923416,0
td3_verified,synthetic_rough_heston,,td3_auction_noop,187237339,26.455444114806596,26.452113652053185,0.5771016161315572,0.5771016161315146,0.0,99.42289838386844,0
td3_verified,synthetic_rough_heston,,td3_auction_noop,1809838918,-47.33521122199272,-56.35585585414438,30.03438801133072,30.034388011330712,0.0,69.96561198866928,0
td3_verified,synthetic_rough_heston,,td3_auction_noop,892651515,-5.976993391863289,-5.978449374501679,0.3815734055709612,0.3815734055709745,0.0,99.61842659442904,0
td3_verified,synthetic_rough_heston,,td3_auction_noop,1886884439,-7.372446416376988,-7.376397621783262,0.6285861441579783,0.628586144157973,0.0,99.37141385584202,0
sac_verified,synthetic_rough_heston,,sac,1906509230,29.871868652287436,29.868121731138142,1.182477379534916,0.612120996967813,0.5703563825671021,98.81752262046508,14
sac_verified,synthetic_rough_heston,,sac,1178422796,20.66196600380262,20.57335029122421,0.4343391387241979,2.9768391387243365,-2.5425000000001106,99.5656608612758,2
sac_verified,synthetic_rough_heston,,sac,1963502950,36.23885891236467,36.23880962079884,0.4077079524221574,0.0702079524220495,0.3375000000000696,99.59229204757784,10
sac_verified,synthetic_rough_heston,,sac,1703319850,28.250296370849203,28.24804759655862,1.638224585391967,0.4742124303074102,1.1640121550845677,98.36177541460803,10
sac_verified,synthetic_rough_heston,,sac,1313726939,13.822887255633193,13.761876390199788,2.8933755259806304,2.470037761521141,0.4233377644595028,97.10662447401936,12
sac_verified,synthetic_rough_heston,,sac,1061055793,-14.91188700289336,-14.913583569779156,0.5731059740909217,-0.4118940259090378,0.9849999999999852,99.42689402590908,8
sac_verified,synthetic_rough_heston,,sac,1067007710,31.308933400628217,31.30404510677861,0.7891633464085857,0.6991633464085121,0.090000000000046,99.2108366535914,19
sac_verified,synthetic_rough_heston,,sac,40720655,-5.115254435131588,-5.162006348100005,0.657219067727155,2.1622190677268716,-1.5049999999997148,99.34278093227285,8
sac_verified,synthetic_rough_heston,,sac,1966159132,32.492973581159646,32.28360144314421,0.856779969060355,-4.5757200309397845,5.432500000000136,99.14322003093964,6
sac_verified,synthetic_rough_heston,,sac,188577770,4.8908920464645345,4.790820438901435,0.6465903274609417,-3.163409672538471,3.809999999999419,99.35340967253906,1
sac_verified,synthetic_rough_heston,,sac,1402152033,36.092982874720214,36.03236796067623,0.5808077645695846,2.4620096271943748,-1.8812018626247584,99.41919223543042,1
sac_verified,synthetic_rough_heston,,sac,2092728533,-21.823291494994656,-21.974014412714972,0.7526950439160913,-3.882304956083658,4.634999999999739,99.24730495608392,2
sac_verified,synthetic_rough_heston,,sac,1437347273,34.6522539620576,34.65197208879992,0.301837459660689,0.1678908150198308,0.1339466446408608,99.69816254033933,10
sac_verified,synthetic_rough_heston,,sac,1045146178,33.59715047462591,33.58260195473138,0.5544441592806919,1.2061724542755512,-0.6517282949948504,99.44555584071932,1
sac_verified,synthetic_rough_heston,,sac,528283994,8.664419097298072,8.650737330731438,0.8824290908447097,1.1696908380693405,-0.2872617472246423,99.11757090915528,14
sac_verified,synthetic_rough_heston,,sac,36265689,6.288621109984291,6.195076268872493,0.5026188966597118,3.0585101129765455,-2.5558912163168426,99.49738110334027,3
sac_verified,synthetic_rough_heston,,sac,1193742096,11.06337866378746,11.057571473669444,0.5301313520556477,-0.7620492187525478,1.292180570808192,99.46986864794437,3
sac_verified,synthetic_rough_heston,,sac,793249015,-7.018366871799735,-7.027154151185707,0.9824048957612064,0.9374048957612552,0.044999999999959,99.0175951042388,8
sac_verified,synthetic_rough_heston,,sac,1309854583,4.837725597718454,4.836419720814068,0.9034249525081036,-0.3613691885572991,1.264794141065378,99.0965750474919,10
sac_verified,synthetic_rough_heston,,sac,1144601564,17.10028380922516,16.96894552334621,3.0872658145798795,3.624062442604275,-0.5367966280244204,96.91273418542012,2
sac_verified,synthetic_rough_heston,,sac,982973886,9.202725722486951,9.202376123085962,0.4719244518092296,-0.1869757740967362,0.658900225905957,99.52807554819076,4
sac_verified,synthetic_rough_heston,,sac,715231342,-9.068872549231031,-9.091751379977415,0.9925749814928224,1.5125749814928824,-0.5200000000000315,99.00742501850718,3
sac_verified,synthetic_rough_heston,,sac,2130732657,9.943237592170378,9.942827259497234,0.1575666984340387,0.2025666984340315,-0.0450000000000017,99.84243330156596,10
sac_verified,synthetic_rough_heston,,sac,1234679122,3.1416230422630034,3.140899062330869,0.1561863141875932,-0.269068751833932,0.4252550660215092,99.8438136858124,2
sac_verified,synthetic_rough_heston,,sac,490149342,0.5977494985704397,0.5914321542633849,0.7248172310069094,0.7948172310068975,-0.0700000000000109,99.27518276899308,23
sac_verified,synthetic_rough_heston,,sac,381953676,17.83311460266204,17.82736738311261,0.7581041847549699,0.7581041847549024,7.460698725481053e-14,99.24189581524504,22
sac_verified,synthetic_rough_heston,,sac,478640128,-45.61621992368397,-51.75116098725149,24.028907516881983,24.768813180222267,-0.7399056633402905,75.97109248311801,12
sac_verified,synthetic_rough_heston,,sac,951876364,14.758157455790876,14.757795905747257,0.2651446932264036,0.1901446932264097,0.0750000000000028,99.7348553067736,9
sac_verified,synthetic_rough_heston,,sac,723990043,1.7813294531079735,1.7522281783605478,0.6843350845617096,-1.705909574022785,2.390244658584505,99.31566491543828,2
sac_verified,synthetic_rough_heston,,sac,487116369,25.053076354863354,24.93964631739326,3.2079376103201582,3.3679376103201744,-0.160000000000025,96.79206238967984,6
sac_verified,synthetic_rough_heston,,sac,1985429050,36.18754790260583,36.184943735684776,0.0996896119953447,-0.5103103880045481,0.6099999999999106,99.90031038800466,3
sac_verified,synthetic_rough_heston,,sac,1628956857,-11.212295855323845,-11.253492593108666,0.892197952524441,2.029697952524547,-1.1375000000001163,99.10780204747556,4
sac_verified,synthetic_rough_heston,,sac,1189523478,19.591005406094716,19.402849160384836,0.2323019271752286,-4.337698072824814,4.5700000000000465,99.76769807282476,2
sac_verified,synthetic_rough_heston,,sac,1296530916,-19.01505386570489,-19.91515811785419,7.12988242166557,9.487382421665652,-2.3575000000001047,92.87011757833444,2
sac_verified,synthetic_rough_heston,,sac,707561452,20.31166333467794,20.197379475625763,3.8055895795287142,3.380589579528672,0.4250000000000362,96.19441042047129,7
sac_verified,synthetic_rough_heston,,sac,901155818,14.241907461296549,14.232777485911894,0.9105090467731856,0.9555090467731676,-0.045000000000023,99.0894909532268,11
sac_verified,synthetic_rough_heston,,sac,1820860524,22.263409417136632,22.22376681598894,3.656044980598949,1.9910449805991828,1.6649999999998002,96.34395501940104,4
sac_verified,synthetic_rough_heston,,sac,1044185241,-7.552897425825154,-7.559524461686641,0.4419363282038375,-0.8140660821755441,1.2560024103793763,99.55806367179616,1
sac_verified,synthetic_rough_heston,,sac,591637826,9.391353928464683,9.338254122628715,0.6588865193684939,-2.304339511356048,2.963226030724538,99.3411134806315,2
sac_verified,synthetic_rough_heston,,sac,27222720,1.3955866045817094,1.3881059027284095,0.7927888476095006,0.8649105071219659,-0.0721216595124954,99.2072111523905,14
sac_verified,synthetic_rough_heston,,sac,64598572,7.384795894817857,7.379431023520042,0.307547182556334,-0.7324528174438685,1.0400000000001803,99.69245281744368,1
sac_verified,synthetic_rough_heston,,sac,824692580,19.294484331170377,19.280565842091704,0.909766463274309,1.1797664632743103,-0.2700000000000067,99.09023353672568,12
sac_verified,synthetic_rough_heston,,sac,1292888439,9.253057262773783,9.22708308591788,0.8274403132565169,1.6116506090311344,-0.7842102957746281,99.17255968674348,2
sac_verified,synthetic_rough_heston,,sac,1567077053,16.224722409981755,16.217891814973314,0.5410403396568881,-0.8264741380371747,1.3675144776940655,99.45895966034313,3
sac_verified,synthetic_rough_heston,,sac,1386223455,21.420493776347968,20.82897371236455,0.5239658433768426,-7.69103415662299,8.214999999999826,99.47603415662316,1
sac_verified,synthetic_rough_heston,,sac,2103330825,19.562801503005392,19.24646060660185,5.724419049142199,5.624419049142239,0.0999999999999801,94.2755809508578,6
sac_verified,synthetic_rough_heston,,sac,1713764255,-9.423682739034309,-9.428436428925826,0.243235286834178,0.689470078503567,-0.4462347916693924,99.75676471316582,12
sac_verified,synthetic_rough_heston,,sac,338169861,18.13175986967978,17.82541899440532,0.6036239617487382,-5.534806909680392,6.138430871429095,99.39637603825126,2
sac_verified,synthetic_rough_heston,,sac,460890984,31.39419151300096,30.72746139553453,7.984920487927411,8.165354355240394,-0.1804338673129845,92.0150795120726,8
sac_verified,synthetic_rough_heston,,sac,1844393987,0.955515096321411,0.9547350922493746,0.8417855298859251,0.2792855298858825,0.5625000000000213,99.15821447011407,19
sac_verified,synthetic_rough_heston,,sac,1032412864,2.0279746731819905,2.0234663097658565,0.9150608670762636,0.6714434761120408,0.2436173909642308,99.08493913292374,7
sac_verified,synthetic_rough_heston,,sac,285977676,30.797128381416407,30.796019446525612,0.0369932597091917,-0.3330067402910721,0.370000000000271,99.9630067402908,4
sac_verified,synthetic_rough_heston,,sac,1194047159,28.17641375852417,28.094302219188,0.166988887891307,-2.865511112108443,3.0324999999997218,99.8330111121087,3
sac_verified,synthetic_rough_heston,,sac,410795716,-15.26227042355614,-15.281790703614382,0.972850041755038,-1.397149958245068,2.370000000000094,99.02714995824496,4
sac_verified,synthetic_rough_heston,,sac,1688827796,32.306711815598014,32.306675751798515,0.6399468572869011,-0.0600531427130626,0.6999999999999602,99.3600531427131,2
sac_verified,synthetic_rough_heston,,sac,1615174803,17.944210371443624,17.943343622766413,0.294405957346342,0.2944059573463482,0.0,99.70559404265366,16
sac_verified,synthetic_rough_heston,,sac,573603312,15.128667193796892,15.105129285699071,0.9310493181185536,-1.534206899274701,2.4652562173932484,99.06895068188145,3
sac_verified,synthetic_rough_heston,,sac,1292648848,25.830309822444335,24.90727015508789,9.575699518108792,9.607495341432374,-0.0317958233235804,90.4243004818912,15
sac_verified,synthetic_rough_heston,,sac,504177273,-2.0222902690389892,-2.022472768627124,0.0755879505147731,0.1350924084227196,-0.0595044579079215,99.92441204948524,19
sac_verified,synthetic_rough_heston,,sac,2023171617,5.550229607888614,5.549387457945005,0.0094745539159362,-0.2901981984108563,0.2996727523267499,99.99052544608406,9
sac_verified,synthetic_rough_heston,,sac,155866399,21.345549868615112,21.340711178781696,0.7256069172611888,0.6956069172611921,0.029999999999994,99.2743930827388,3
sac_verified,synthetic_rough_heston,,sac,426465092,43.05836044106701,43.03590325618624,1.7910721497735975,1.4985721497735935,0.2925000000000111,98.2089278502264,12
sac_verified,synthetic_rough_heston,,sac,2075242093,28.220074247328157,28.218810389122797,0.1694921652959067,-0.3555078347040652,0.5249999999999702,99.8305078347041,20
sac_verified,synthetic_rough_heston,,sac,426948909,-26.246046304555374,-26.429177004077307,0.9106227144371816,-4.279377285563053,5.19000000000025,99.08937728556282,5
sac_verified,synthetic_rough_heston,,sac,40870105,14.155946757172789,14.15431336572444,0.5014715794612385,0.4041523782370974,0.0973192012241198,99.49852842053876,29
sac_verified,synthetic_rough_heston,,sac,1146798258,37.46413622962641,37.4597817911538,0.0551183081332453,-0.6598816918667665,0.7149999999999963,99.94488169186675,15
sac_verified,synthetic_rough_heston,,sac,2070376215,-5.0913327455407416,-5.112363799336809,0.8952087365640296,1.45020873656407,-0.555000000000053,99.10479126343596,4
sac_verified,synthetic_rough_heston,,sac,511062834,23.898602501960237,23.89229678635592,0.1440853609226593,0.794085360922614,-0.6499999999999417,99.85591463907734,15
sac_verified,synthetic_rough_heston,,sac,1541412974,15.41524269466114,10.227650760581174,23.42878576849172,22.776285768491675,0.6525000000000247,76.57121423150828,2
sac_verified,synthetic_rough_heston,,sac,376403019,22.81765353544877,22.20850243022434,8.269813291965576,7.804813291965621,0.4649999999999288,91.73018670803442,2
sac_verified,synthetic_rough_heston,,sac,1108559752,14.923840705166382,14.91867510090465,0.6437213828551478,0.7187213828551524,-0.0750000000000064,99.35627861714484,3
sac_verified,synthetic_rough_heston,,sac,1393048108,-23.72236560056852,-25.023285949423855,11.08578953363302,11.405789533633085,-0.32000000000005,88.91421046636698,8
sac_verified,synthetic_rough_heston,,sac,2023564002,-43.15196004574819,-43.15299237530467,0.2843057788486902,0.3212988572150993,-0.0369930783663904,99.71569422115132,4
sac_verified,synthetic_rough_heston,,sac,916344601,36.114561916513615,35.98030804638612,4.114067004402216,3.664067004402238,0.4499999999999744,95.88593299559778,3
sac_verified,synthetic_rough_heston,,sac,486149422,15.580946055548209,15.033131616583155,9.526173556722114,7.4014487701061,2.1247247866160173,90.47382644327789,2
sac_verified,synthetic_rough_heston,,sac,410404482,1.126296757446049,0.7545984074478352,6.551706897975421,6.096706897975444,0.4549999999999556,93.44829310202458,3
sac_verified,synthetic_rough_heston,,sac,848518413,30.82425871031088,30.824095403237123,0.1130852577284002,0.1277916561282973,-0.0147063983998961,99.8869147422716,8
sac_verified,synthetic_rough_heston,,sac,1216465325,11.316500971541958,11.312946039318216,0.035717185513775,-0.5962325237474775,0.631949709261256,99.96428281448622,8
sac_verified,synthetic_rough_heston,,sac,1701726968,-0.5406768109869735,-0.5652934372555622,1.685979213616548,1.5689686506934646,0.117010562923068,98.31402078638344,18
sac_verified,synthetic_rough_heston,,sac,1739537596,17.469049167982913,17.165803161579575,10.27289144103078,5.506777700282973,4.76611374074779,89.72710855896922,3
sac_verified,synthetic_rough_heston,,sac,2050860255,10.49868633452375,9.970525624518173,6.169966615028784,7.267466615028768,-1.0974999999999753,93.83003338497122,3
sac_verified,synthetic_rough_heston,,sac,218238821,47.62794357438358,46.75273474047076,9.47879247320472,9.35525966455673,0.1235328086479679,90.52120752679528,10
sac_verified,synthetic_rough_heston,,sac,128588240,31.0623257618841,31.059334837935797,0.7718934035353158,0.5468934035353319,0.2250000000000085,99.22810659646468,11
sac_verified,synthetic_rough_heston,,sac,1162542574,40.54086480378428,40.50126904283989,2.009809850426066,1.9898683610829808,0.0199414893430672,97.99019014957392,2
sac_verified,synthetic_rough_heston,,sac,1005643756,11.642008765706125,11.639442140350832,0.4160203265739426,-0.5066187279691028,0.9226390545430389,99.58397967342606,0
sac_verified,synthetic_rough_heston,,sac,711572297,22.23563223324077,22.229813388665615,0.0003135142453061,0.7628135142454493,-0.7625000000001414,99.9996864857547,11
sac_verified,synthetic_rough_heston,,sac,501043199,13.902049393826935,13.894838607009104,0.8937544434473921,0.8491635188721656,0.0445909245752229,99.1062455565526,7
sac_verified,synthetic_rough_heston,,sac,1291999351,30.06283704200669,28.362270201987016,13.220578361482625,13.040578361482575,0.1800000000000281,86.77942163851738,2
sac_verified,synthetic_rough_heston,,sac,102182588,2.0017158895007015,1.9481439137822116,0.5164072454547295,-2.314562069128625,2.8309693145833403,99.48359275454528,0
sac_verified,synthetic_rough_heston,,sac,2119210718,28.894870269045672,28.589261678853266,4.045714809065004,5.528187679451629,-1.482472870386635,95.954285190935,3
sac_verified,synthetic_rough_heston,,sac,1109208492,21.774388612719644,21.76857829195543,0.1766981552660809,0.7622546007874292,-0.585556445521315,99.82330184473392,4
sac_verified,synthetic_rough_heston,,sac,1274300456,33.92164988557555,33.854067609824135,5.7296591267202786,2.599659126720562,3.1299999999997112,94.27034087327972,2
sac_verified,synthetic_rough_heston,,sac,1256771816,-3.4084731634436904,-3.451634504040641,0.2472142738707958,-2.077530760228368,2.3247450340991693,99.7527857261292,3
sac_verified,synthetic_rough_heston,,sac,1077857574,16.22996322300972,15.80396003534086,0.983517874728136,-6.526891968378665,7.510409843106792,99.01648212527186,1
sac_verified,synthetic_rough_heston,,sac,1100698389,26.216829224505663,26.1999698432018,0.8484368026156517,1.298436802615667,-0.4499999999999993,99.15156319738436,2
sac_verified,synthetic_rough_heston,,sac,795778257,21.329306274262112,21.32925923876847,0.4234311335848133,0.0685824275197721,0.3548487060650341,99.5765688664152,3
sac_verified,synthetic_rough_heston,,sac,1548246893,18.20519628108645,18.005714021938665,0.0533949417353767,-4.466343685250678,4.519738626986043,99.94660505826462,2
sac_verified,synthetic_rough_heston,,sac,633707972,-3.341007910788248,-3.351795705736549,0.6811431027209949,1.0386431027210747,-0.3575000000000798,99.318856897279,5
sac_verified,synthetic_rough_heston,,sac,983296256,-4.561019846591822,-5.643252842315481,13.985542803544035,10.403042803543867,3.5825000000001737,86.01445719645596,3
sac_verified,synthetic_rough_heston,,sac,487951037,29.766274149444,29.71908975388348,0.8812461218689691,2.1721969422802396,-1.290950820411242,99.11875387813105,2
sac_verified,synthetic_rough_heston,,sac,978154369,29.39898390998396,29.383011673590236,0.9263131346730232,1.2638131346731185,-0.3375000000000767,99.07368686532698,11
sac_verified,synthetic_rough_heston,,sac,554788091,29.785967683183493,29.781287993102307,0.9146153235854227,0.6840826032859506,0.2305327202994793,99.08538467641458,21
sac_verified,synthetic_rough_heston,,sac,2090199347,1.5736260394763522,1.5664792166311228,0.5993917200447356,0.845388836289512,-0.2459971162447906,99.40060827995526,6
sac_verified,synthetic_rough_heston,,sac,2069017976,-25.308414810694767,-26.03881334294745,9.316335660694977,8.546335660695037,0.7699999999999108,90.68366433930504,8
sac_verified,synthetic_rough_heston,,sac,945043387,-30.672390270372823,-30.690320510219095,0.1559615447546889,-1.3390384552458077,1.4950000000004842,99.84403845524533,7
sac_verified,synthetic_rough_heston,,sac,1939521563,-82.57940928406674,-82.59076243640082,0.2821337091325944,1.0655117237307616,-0.7833780145981797,99.7178662908674,9
sac_verified,synthetic_rough_heston,,sac,837962510,-14.267945271623743,-14.361833463315309,0.6056585701121122,3.064118008360088,-2.4584594382479708,99.39434142988787,3
sac_verified,synthetic_rough_heston,,sac,1294936529,39.04545689246753,38.394888458336865,9.185782256735322,8.065782256735316,1.1200000000000043,90.81421774326468,5
sac_verified,synthetic_rough_heston,,sac,1783232423,10.879773774983155,10.806999363394937,0.6254944703488974,-2.697673286152749,3.3231677565016393,99.3745055296511,9
sac_verified,synthetic_rough_heston,,sac,133555220,21.14404299754616,21.12251745039453,1.624658721871299,1.4671587218712905,0.1575000000000166,98.3753412781287,9
sac_verified,synthetic_rough_heston,,sac,727659984,31.688711470377505,31.688408567407556,0.520865546853571,0.1740410784683305,0.3468244683852706,99.47913445314644,3
sac_verified,synthetic_rough_heston,,sac,1045640949,-59.75436056171574,-64.3502558654943,21.833039331474623,21.438039331474695,0.394999999999932,78.16696066852538,9
sac_verified,synthetic_rough_heston,,sac,1498406538,-3.397352747433557,-3.617023435039573,0.0155960367637817,-4.686903963236457,4.702500000000214,99.98440396323622,2
sac_verified,synthetic_rough_heston,,sac,894023265,5.245785424903472,5.244379541259416,0.9800829414615464,-0.3749511493588888,1.3550340908204388,99.01991705853844,3
sac_verified,synthetic_rough_heston,,sac,1456034043,33.12412378552006,33.11498252922611,0.8093726821768428,0.9560991734099972,-0.1467264912331651,99.19062731782316,10
sac_verified,synthetic_rough_heston,,sac,2145465691,-10.605615589286492,-10.612419171298871,0.532338287931708,0.8248382879317173,-0.2925000000000253,99.46766171206828,5
sac_verified,synthetic_rough_heston,,sac,1645332470,21.783842961750793,21.75340381355788,0.6678181323546681,-1.7446818676455562,2.4125000000002146,99.33218186764532,1
sac_verified,synthetic_rough_heston,,sac,1703360263,7.2621737187296675,7.216889335446143,0.0047590800863304,2.128012765082123,-2.123253684995775,99.99524091991368,3
sac_verified,synthetic_rough_heston,,sac,1254093673,28.12373713994691,28.088161306766946,4.210982966503536,1.886155698238201,2.324827268265321,95.78901703349646,12
sac_verified,synthetic_rough_heston,,sac,679604879,22.17685251686865,22.175888763391683,0.9362505552450102,-0.3104437915246492,1.2466943467696183,99.063749444755,2
sac_verified,synthetic_rough_heston,,sac,1800514979,25.752423680435967,25.364352263214883,0.0654621582251167,-6.229537841775148,6.295000000000279,99.93453784177488,4
sac_verified,synthetic_rough_heston,,sac,1009107304,22.160729464606383,22.086637498566855,0.9812497960096778,-2.7219839463069824,3.703233742316664,99.01875020399032,1
sac_verified,synthetic_rough_heston,,sac,1459119855,13.727086943282004,13.724078071103776,0.5685318749377615,0.5485318749377868,0.019999999999996,99.43146812506224,20
sac_verified,synthetic_rough_heston,,sac,2082327116,9.293817645252275,9.28851649908163,0.531026842089446,0.7280897039956771,-0.1970628619062377,99.46897315791055,10
sac_verified,synthetic_rough_heston,,sac,1795215048,26.33796540761314,26.316729509381773,0.4702457932341843,-1.4572542067658727,1.9275000000000588,99.52975420676582,1
sac_verified,synthetic_rough_heston,,sac,1559844699,40.944819253619166,40.79822484850962,7.29876488060512,3.828764880605089,3.47000000000002,92.70123511939488,1
sac_verified,synthetic_rough_heston,,sac,1337581818,24.467343163528625,24.426143583521657,0.4704518514470095,2.02976796720637,-1.5593161157593596,99.529548148553,3
sac_verified,synthetic_rough_heston,,sac,1567278356,-36.70792463690022,-42.13240899279258,22.520522441311513,23.290522441311523,-0.769999999999996,77.47947755868849,9
sac_verified,synthetic_rough_heston,,sac,1391644635,-25.3140451179292,-25.31539691761408,11.88004510350588,-0.3676682859425213,12.247713389448418,88.11995489649412,19
sac_verified,synthetic_rough_heston,,sac,1226640195,2.088997415367398,1.9551961213668108,0.9628859194967704,3.65788591949758,-2.6950000000007854,99.03711408050324,1
sac_verified,synthetic_rough_heston,,sac,573081701,-15.22507280473935,-19.697701299504075,20.615837978713454,21.14858977512384,-0.5327517964103968,79.38416202128654,1
sac_verified,synthetic_rough_heston,,sac,856702353,-3.0260204696924484,-3.05344358028769,0.7234924696459757,1.655992469645966,-0.932499999999976,99.27650753035402,6
sac_verified,synthetic_rough_heston,,sac,969233424,4.346084819522817,3.806463633697025,7.275891272172416,7.345891272172441,-0.0700000000000073,92.72410872782758,14
sac_verified,synthetic_rough_heston,,sac,2038887002,6.3693884140261074,6.368586016923768,0.7297130623874324,0.2832661473489705,0.446446915038476,99.27028693761255,3
sac_verified,synthetic_rough_heston,,sac,748193112,35.33742680924232,35.31109008474994,0.9828593436394044,1.62285934363938,-0.6399999999999864,99.0171406563606,9
sac_verified,synthetic_rough_heston,,sac,1403188372,36.59086619813206,36.58744423595189,0.8649753994971974,0.5849753994971458,0.2800000000000437,99.1350246005028,11
sac_verified,synthetic_rough_heston,,sac,688156671,-66.25025740333041,-70.59921226546982,21.004147937854853,20.854147937854975,0.1499999999998813,78.99585206214515,6
sac_verified,synthetic_rough_heston,,sac,1293707997,23.000402037103356,22.876846443525046,4.429354827485568,3.5150475612473406,0.9143072662382212,95.57064517251445,4
sac_verified,synthetic_rough_heston,,sac,1017816127,-57.353503746213114,-57.36582245573555,0.6273968205395022,1.1098968205393789,-0.4824999999999058,99.3726031794605,5
sac_verified,synthetic_rough_heston,,sac,928547401,14.668694414501092,14.66538073564532,0.1306068837699143,0.5756456249962998,-0.4450387412263997,99.86939311623009,4
sac_verified,synthetic_rough_heston,,sac,804851501,40.7711439627253,40.722828017239856,2.670588840002509,2.1980888400025735,0.4724999999999433,97.32941115999748,5
sac_verified,synthetic_rough_heston,,sac,1120019183,7.241881693401782,7.231705407958611,0.7844806102175852,1.0087757651317313,-0.2242951549141388,99.2155193897824,8
sac_verified,synthetic_rough_heston,,sac,1119490863,13.098958289924806,13.096639054066523,0.1934155465256282,-0.4815844534743636,0.6750000000000256,99.80658445347436,12
sac_verified,synthetic_rough_heston,,sac,783363503,-21.00190416006038,-21.57748959242764,0.1860743130041839,-7.586734688700125,7.772809001704322,99.81392568699582,1
sac_verified,synthetic_rough_heston,,sac,205944131,16.934543728304664,16.790536510671302,0.7000414953505754,3.794828291680152,-3.0947867963295876,99.29995850464942,10
sac_verified,synthetic_rough_heston,,sac,446079182,6.1989574224372195,6.163144696896744,1.4927340378638403,1.892425045820198,-0.3996910079563468,98.50726596213616,19
sac_verified,synthetic_rough_heston,,sac,2128949063,37.343962826057,36.85937920756199,8.03415203459123,6.9612040517069005,1.0729479828843105,91.96584796540876,4
sac_verified,synthetic_rough_heston,,sac,708828196,1.435697277282772,1.357000027002358,0.8104342550358581,2.8053030189342123,-1.9948687638983664,99.18956574496414,3
sac_verified,synthetic_rough_heston,,sac,907135295,-11.253394749546205,-11.2699573474951,0.6544575730726478,1.2869575730728329,-0.6325000000001921,99.34554242692737,8
sac_verified,synthetic_rough_heston,,sac,1179243183,0.5973062387026584,0.3341610904123796,0.6848712403666894,5.129767521928053,-4.44489628156131,99.31512875963332,2
sac_verified,synthetic_rough_heston,,sac,1200595667,-19.131322112309935,-19.143807971826003,0.3336958835078434,1.1174014281389013,-0.7837055446310631,99.66630411649216,20
sac_verified,synthetic_rough_heston,,sac,1138669996,-6.427849149437723,-6.521971181828683,0.7589359841585832,3.0679314267264903,-2.3089954425679284,99.24106401584142,2
sac_verified,synthetic_rough_heston,,sac,299092708,20.416258108579846,20.415351148544783,0.665481775226354,0.301157771784437,0.3643240034419134,99.33451822477365,16
sac_verified,synthetic_rough_heston,,sac,1606240066,44.65751074016288,43.38414640119299,11.899344637460686,11.284344637460723,0.6149999999999594,88.10065536253931,1
sac_verified,synthetic_rough_heston,,sac,1592479411,10.45232428335931,10.437210179053707,0.2131056651505929,-1.229394334849525,1.4425000000001091,99.7868943348494,3
sac_verified,synthetic_rough_heston,,sac,1232823009,1.2786340388228128,1.2741410397807569,0.4033920783602411,-0.6702983695382323,1.07369044789847,99.59660792163976,2
sac_verified,synthetic_rough_heston,,sac,1380936168,22.1875683317871,22.180805975473085,0.0110743580499672,-0.8223354737585304,0.8334098318084862,99.98892564195005,6
sac_verified,synthetic_rough_heston,,sac,1485723813,21.06396548859976,21.001411800675836,0.416687086248487,-2.5010735279860064,2.917760614234498,99.58331291375151,15
sac_verified,synthetic_rough_heston,,sac,1476988550,-1.7340199762494304,-1.7343377850630612,0.0282719309456211,0.1782719309456473,-0.1499999999999914,99.97172806905438,14
sac_verified,synthetic_rough_heston,,sac,426644302,20.751380413349484,20.737884460683777,0.488279178730977,-1.161720821269267,1.6500000000002402,99.51172082126902,1
sac_verified,synthetic_rough_heston,,sac,1492118510,-83.59511700744312,-103.61366600051872,49.302281752632055,44.74209314848335,4.560188604148718,50.697718247367945,10
sac_verified,synthetic_rough_heston,,sac,1871437067,-7.186227006475747,-7.472783989106175,0.984398257734128,-5.3531017422652125,6.33749999999937,99.01560174226589,0
sac_verified,synthetic_rough_heston,,sac,1821522104,-9.165381332147138,-9.371204104164306,0.6993148266960247,4.536769467552531,-3.837454640856483,99.30068517330398,1
sac_verified,synthetic_rough_heston,,sac,1233002065,-3.882833372988418,-3.8898737321938457,0.3309456961175385,0.8390684838216386,-0.5081227877040649,99.66905430388246,4
sac_verified,synthetic_rough_heston,,sac,1249666141,21.97042470082392,21.967241334699978,0.7842132685379113,0.5642132685379098,0.2199999999999953,99.21578673146207,12
sac_verified,synthetic_rough_heston,,sac,1377485117,17.44598103373457,17.439568540719183,0.8205794066883101,0.8007804327896246,0.019798973898641,99.17942059331168,3
sac_verified,synthetic_rough_heston,,sac,1667673182,21.870791080853888,21.83742768468336,0.4723319223904951,1.826564977506297,-1.3542330551158002,99.5276680776095,1
sac_verified,synthetic_rough_heston,,sac,257835634,-20.98619525553305,-21.00991112429697,0.0899957390825108,1.539995739082407,-1.4499999999999105,99.91000426091747,5
sac_verified,synthetic_rough_heston,,sac,1475908961,45.036038701445435,44.84308609174453,4.863031191793169,4.392637131620371,0.4703940601728081,95.13696880820684,19
sac_verified,synthetic_rough_heston,,sac,847186143,27.01483544619534,27.010406325591884,0.6458713348208533,0.6655163862338846,-0.0196450514130401,99.35412866517916,4
sac_verified,synthetic_rough_heston,,sac,454152926,18.074112951500165,18.056680749259257,0.972810654388141,1.3203106543881784,-0.3475000000000392,99.02718934561186,9
sac_verified,synthetic_rough_heston,,sac,745543570,22.58309165698405,22.580580552821477,0.0756099848410229,-0.501109185963809,0.5767191708048187,99.92439001515898,6
sac_verified,synthetic_rough_heston,,sac,2040040035,17.410865062070954,17.080710753283253,6.313785055386333,5.745905575170037,0.567879480216285,93.68621494461368,10
sac_verified,synthetic_rough_heston,,sac,857589213,-1.7227780554619094,-1.7419165333003297,0.3840588347672735,1.383418875049071,-0.9993600402817824,99.61594116523273,17
sac_verified,synthetic_rough_heston,,sac,447631993,7.173061088304472,7.172547799349592,0.5265588124261882,0.2265588124262429,0.2999999999999723,99.4734411875738,3
sac_verified,synthetic_rough_heston,,sac,1053736358,-2.013730650819474,-2.0256724043501815,0.635283305633294,1.092783305633242,-0.4574999999999711,99.3647166943667,6
sac_verified,synthetic_rough_heston,,sac,1123074415,15.389219268863584,15.386064413831647,0.1091861003279319,-0.5616809621072067,0.6708670624351654,99.89081389967208,5
sac_verified,synthetic_rough_heston,,sac,896949228,5.734954762249661,5.721734566613645,0.8210813452722334,-1.1497910956350073,1.97087244090723,99.17891865472777,11
sac_verified,synthetic_rough_heston,,sac,532798302,-6.9969707855439776,-7.00726111058964,0.718283587001622,1.0144123937365217,-0.2961288067348947,99.28171641299838,4
sac_verified,synthetic_rough_heston,,sac,1798006985,9.742610173430451,9.734485304272429,0.181380561029897,0.9013805610299171,-0.7200000000000273,99.8186194389701,18
sac_verified,synthetic_rough_heston,,sac,1380983522,14.868778190048294,14.868747103930607,0.1402853495309131,-0.0557549259586756,0.1960402754896142,99.85971465046909,17
sac_verified,synthetic_rough_heston,,sac,516067115,15.9160250305339,15.858866898622829,0.6488021081366355,2.390776692020256,-1.7419745838836258,99.35119789186336,3
sac_verified,synthetic_rough_heston,,sac,181677896,24.90196505274255,24.790745400647292,0.6999610506757818,3.334961050676046,-2.6350000000002787,99.30003894932422,1
sac_verified,synthetic_rough_heston,,sac,1412098877,-10.18482192576694,-10.18777129248932,0.0731056732919057,-0.5430807235006992,0.6161863967925926,99.9268943267081,5
sac_verified,synthetic_rough_heston,,sac,592480532,22.522288136042334,22.293334151069004,0.315086364694281,-4.7849136353055695,5.099999999999831,99.68491363530572,0
sac_verified,synthetic_rough_heston,,sac,1462116845,1.08602060360607,1.0793355211529287,0.3828620230592179,0.8176235352007237,-0.4347615121415004,99.61713797694078,2
sac_verified,synthetic_rough_heston,,sac,1877161225,6.493772366413628,6.493479827372242,0.3058040539571038,-0.1710377272378855,0.4768417811949947,99.6941959460429,24
sac_verified,synthetic_rough_heston,,sac,1814894336,25.373534714326407,25.372680289926265,0.9976572818259086,0.2923053882742972,0.7053518935515994,99.00234271817408,14
sac_verified,synthetic_rough_heston,,sac,917024862,10.934095723359103,10.905638630447434,0.3269230246716006,1.6869230246715323,-1.3599999999999175,99.6730769753284,2
sac_verified,synthetic_rough_heston,,sac,614922330,5.784457697986829,5.772662456710988,0.6105966397541778,1.086058988998348,-0.475462349244181,99.38940336024582,1
sac_verified,synthetic_rough_heston,,sac,1801437930,15.731403234873142,15.712759155742928,0.1304332327218986,1.3654332327219048,-1.2350000000000063,99.8695667672781,0
sac_verified,synthetic_rough_heston,,sac,1380610365,3.356707287064899,2.1346354120708417,8.603500304049717,11.054735976015245,-2.451235671965559,91.39649969595028,2
sac_verified,synthetic_rough_heston,,sac,236614752,-5.302813956568614,-5.308489051910572,0.8342255150005116,0.7533322867073681,0.0808932282931248,99.16577448499947,12
sac_verified,synthetic_rough_heston,,sac,834408283,20.241979786456287,20.239719896069303,0.4114905591207503,-0.4753830441848773,0.886873603305616,99.58850944087924,7
sac_verified,synthetic_rough_heston,,sac,2011776523,11.511347601957896,11.509762028739194,0.2258999375125938,0.3981925688284116,-0.172292631315836,99.7741000624874,5
sac_verified,synthetic_rough_heston,,sac,1226258546,12.685030637221352,12.682951137636278,0.2189846948759424,-0.4560153051240938,0.6750000000000256,99.78101530512406,5
sac_verified,synthetic_rough_heston,,sac,1616321187,-12.66328283773012,-12.689866802439704,0.7203813599364963,1.630458975552148,-0.9100776156156553,99.2796186400635,4
sac_verified,synthetic_rough_heston,,sac,1672306602,26.747580824168296,25.33374346572038,11.40548930216039,11.890489302160416,-0.4850000000000136,88.59451069783961,6
sac_verified,synthetic_rough_heston,,sac,1762600914,-15.21340450889057,-15.237373790144511,0.7857015777650815,1.5482015777650435,-0.7624999999999567,99.21429842223492,3
sac_verified,synthetic_rough_heston,,sac,994946334,-7.374057038864004,-7.382533470948019,0.816958385732363,0.920675408817603,-0.1037170230852438,99.18304161426764,8
sac_verified,synthetic_rough_heston,,sac,909382858,44.60934411861237,44.60885193104836,0.005096765207682,-0.221853006292238,0.2269497714999401,99.99490323479232,3
sac_verified,synthetic_rough_heston,,sac,26993609,28.501038433356808,28.49280172065379,0.4856753120476185,0.9075633698546012,-0.4218880578069742,99.51432468795238,12
sac_verified,synthetic_rough_heston,,sac,1773145257,-5.809797722579824,-5.816200520671846,0.9498251383588894,-0.8001748616410018,1.7499999999998828,99.05017486164112,3
sac_verified,synthetic_rough_heston,,sac,706407932,23.35481457352906,22.983881717083623,0.7445742640975794,-6.090425735902502,6.83500000000009,99.25542573590242,1
sac_verified,synthetic_rough_heston,,sac,331383041,2.6312354994559866,2.6206773705062836,0.8975275640927549,1.0275275640927202,-0.1299999999999741,99.10247243590725,19
sac_verified,synthetic_rough_heston,,sac,279983631,36.09072417494203,35.61282270774308,6.636749240652961,6.913041784908811,-0.2762925442558514,93.36325075934704,7
sac_verified,synthetic_rough_heston,,sac,104944766,27.073185567559413,27.04115445475827,0.3097237999518114,1.7897237999518616,-1.480000000000043,99.6902762000482,2
sac_verified,synthetic_rough_heston,,sac,1398718536,32.64497011100362,32.644306777770204,0.3475525642302273,0.25755256423027,0.0899999999999821,99.65244743576976,12
sac_verified,synthetic_rough_heston,,sac,1382436732,17.890154040920226,17.888119719017606,0.4806302602605967,0.45103457767913,0.0295956825814596,99.5193697397394,25
sac_verified,synthetic_rough_heston,,sac,1822786061,27.636167141677912,27.63006144108886,0.9738898251867738,0.7813898251867748,0.1925000000000203,99.02611017481324,14
sac_verified,synthetic_rough_heston,,sac,879773370,1.7551475531606993,1.752208172992559,0.5916956067999024,-0.5421605083497287,1.1338561151496462,99.4083043932001,3
sac_verified,synthetic_rough_heston,,sac,2043945046,47.42291067741087,47.307482667624626,2.175240862061017,3.397469790685995,-1.2222289286249517,97.82475913793898,3
sac_verified,synthetic_rough_heston,,sac,1458350865,13.915402405927932,13.9123715817653,0.6030292147227527,0.5505292147228067,0.0524999999999522,99.39697078527723,3
sac_verified,synthetic_rough_heston,,sac,1570091229,37.52133545268458,37.52111628808691,0.1519579121759449,-0.1480420878241224,0.3000000000000362,99.84804208782406,4
sac_verified,synthetic_rough_heston,,sac,1963377882,20.1565377523567,20.139418889825983,0.9608907111686592,1.3083907111684243,-0.347499999999755,99.03910928883134,10
sac_verified,synthetic_rough_heston,,sac,922385963,18.57795508131395,18.56017530369095,0.0365916745800802,-1.3334083254200042,1.370000000000072,99.96340832541992,7
sac_verified,synthetic_rough_heston,,sac,1134397302,39.57883607249891,36.77869858622368,16.18604676848436,16.733611344462506,-0.5475645759781487,83.81395323151564,3
sac_verified,synthetic_rough_heston,,sac,1361953339,-27.86112709160005,-28.002955487162048,0.8930748234016335,3.7660110934780406,-2.8729362700764285,99.10692517659837,6
sac_verified,synthetic_rough_heston,,sac,1031019006,-11.392437895041148,-11.39737410103664,0.938972165428524,0.7025813828655674,0.2363907825629587,99.06102783457148,3
sac_verified,synthetic_rough_heston,,sac,53419154,7.805859573559821,7.80353476525849,0.9821626594137456,0.4821626594138664,0.4999999999998579,99.01783734058624,2
sac_verified,synthetic_rough_heston,,sac,1338190356,35.00913735451436,34.534917606562786,5.9851691989739635,6.886361506278705,-0.90119230730475,94.01483080102604,3
sac_verified,synthetic_rough_heston,,sac,250858187,0.3419157316206983,0.3405874436165776,0.441680646002851,0.3644568567225349,0.0772237892803161,99.55831935399716,8
sac_verified,synthetic_rough_heston,,sac,2129749168,1.5148036696776108,1.447893368255549,0.8697213075865022,2.586702561603514,-1.7169812540169846,99.1302786924135,2
sac_verified,synthetic_rough_heston,,sac,2130738303,13.934580330336232,13.92658014573628,0.7952626561792329,0.894437510391559,-0.0991748542123138,99.20473734382075,8
sac_verified,synthetic_rough_heston,,sac,1017956649,33.582620316303334,33.58034095007498,0.6149270864079028,0.4774270864078396,0.1375000000000348,99.3850729135921,10
sac_verified,synthetic_rough_heston,,sac,1274680140,27.333301730446795,26.51046570661016,9.906030943815864,9.071030943815796,0.8350000000000506,90.09396905618414,3
sac_verified,synthetic_rough_heston,,sac,1585408273,20.21280257080641,20.212400958488292,0.6297926328230403,0.2004026741632471,0.4293899586597814,99.37020736717696,9
sac_verified,synthetic_rough_heston,,sac,1144086060,15.579651711455808,15.568605179459928,0.9535248330025184,1.0510248330025869,-0.0975000000000498,99.04647516699748,15
sac_verified,synthetic_rough_heston,,sac,410286162,-4.497086897155809,-4.497266486206225,0.1928168426632339,0.1340108392691719,0.0588060033940317,99.80718315733677,2
sac_verified,synthetic_rough_heston,,sac,373643122,9.793019495861648,9.792942498247404,0.6677482844528129,0.0877482844528332,0.5799999999999876,99.3322517155472,8
sac_verified,synthetic_rough_heston,,sac,1500953274,9.130388271616392,9.13032861369414,0.0600147857131503,0.0772385410604351,-0.0172237553472786,99.93998521428684,17
sac_verified,synthetic_rough_heston,,sac,83988248,-26.198179303861806,-26.198330629837397,0.0066262629595996,-0.1230146233541289,0.1296408863137214,99.9933737370404,2
sac_verified,synthetic_rough_heston,,sac,1865270753,23.251436364908848,23.25137675966656,0.0577955685934341,-0.0772044314065407,0.1350000000000051,99.94220443140657,3
sac_verified,synthetic_rough_heston,,sac,2136924679,32.41642456502575,31.9043678758062,10.31386130402663,7.155813644999071,3.1580476590275715,89.68613869597337,1
sac_verified,synthetic_rough_heston,,sac,675361705,19.68637173164694,19.685961879153147,0.4553502984546185,-0.2024481399747463,0.6577984384293621,99.54464970154538,7
sac_verified,synthetic_rough_heston,,sac,1787143916,-6.427922877004414,-6.428784904624037,0.6061030687207136,0.2936030687208806,0.3124999999998437,99.39389693127929,6
sac_verified,synthetic_rough_heston,,sac,1157074811,22.882101268433516,22.881762980332933,0.4839260994481833,0.183926099448108,0.3000000000000469,99.51607390055182,17
sac_verified,synthetic_rough_heston,,sac,346534653,14.565400185566467,14.565324259021038,0.7507504986266156,0.0871358396004081,0.6636146590262199,99.24924950137338,9
sac_verified,synthetic_rough_heston,,sac,2029212888,-30.718027329017524,-30.81627783902439,0.5594937391369257,3.1344937391366976,-2.574999999999779,99.44050626086307,4
sac_verified,synthetic_rough_heston,,sac,284833619,7.656373505366864,7.632372339189705,0.0667365974245512,-1.5492309762317371,1.6159675736562829,99.93326340257543,2
sac_verified,synthetic_rough_heston,,sac,963504523,-1.2619220755708669,-1.261944622147172,0.5899832352576908,0.0474832352576051,0.5425000000000573,99.41001676474232,4
sac_verified,synthetic_rough_heston,,sac,1918322573,11.127408690373764,11.092126626667207,0.670561661725344,1.8783520358696233,-1.2077903741442864,99.32943833827466,7
sac_verified,synthetic_rough_heston,,sac,344371083,31.393906892951374,31.39052112928572,0.6609609231975071,0.5818731533293485,0.0790877698681594,99.3390390768025,23
sac_verified,synthetic_rough_heston,,sac,1588251919,24.134000686322572,24.1317399069465,0.0289207819874093,0.475476537388863,-0.446555755401439,99.9710792180126,4
sac_verified,synthetic_rough_heston,,sac,152900645,11.08703847875615,11.085563134508057,0.9745771201852024,0.3841021020632418,0.5904750181219676,99.0254228798148,14
sac_verified,synthetic_rough_heston,,sac,1891103623,-17.690984489522044,-17.705295975022228,1.4989115073547763,1.196306210808272,0.3026052965465133,98.50108849264522,6
sac_verified,synthetic_rough_heston,,sac,2085732003,-11.281832437487086,-18.655441481996448,34.454390150599764,27.154390150598783,7.3000000000009955,65.54560984940024,4
sac_verified,synthetic_rough_heston,,sac,266216506,-14.115578235154288,-14.12845017228151,0.96823515479781,1.1345455974628351,-0.1663104426650182,99.0317648452022,1
sac_verified,synthetic_rough_heston,,sac,1053758720,-33.768467217467666,-40.89485267567849,26.782790704936872,26.695290704936752,0.0875000000001264,73.21720929506313,3
sac_verified,synthetic_rough_heston,,sac,938390068,10.825749146022936,10.823303634149305,0.2848533694138666,0.4945211697825101,-0.2096678003686471,99.71514663058612,3
sac_verified,synthetic_rough_heston,,sac,857959051,32.750099251052944,32.74746272591872,0.618165355933229,-0.5134710443853421,1.131636400318587,99.38183464406676,3
sac_verified,synthetic_rough_heston,,sac,719206609,24.63008295537179,24.62969857781966,0.9507586766232804,0.1960554901382757,0.7547031864850012,99.04924132337672,8
sac_verified,synthetic_rough_heston,,sac,187237339,28.66721075723441,28.606265173631748,0.6037840665108263,-2.468715933489748,3.0725000000005664,99.39621593348916,1
sac_verified,synthetic_rough_heston,,sac,1809838918,-35.145737116123435,-36.547466660527334,10.967657871331838,11.839465969391942,-0.8718080980601146,89.03234212866816,19
sac_verified,synthetic_rough_heston,,sac,892651515,-4.117362537866647,-4.118382507200886,0.5256304124939675,-0.3193695875061646,0.8450000000001268,99.47436958750605,3
sac_verified,synthetic_rough_heston,,sac,1886884439,-4.957086956780986,-5.07801855190082,0.5594309523783636,-3.4775220361607175,4.036952988539102,99.44056904762164,9
sac_verified,synthetic_rough_heston,,sac_auction_noop,1906509230,30.14435083315948,30.13036830562836,1.182477379534916,1.182477379534915,0.0,98.81752262046508,0
sac_verified,synthetic_rough_heston,,sac_auction_noop,1178422796,20.033916003802005,20.032029498927727,0.4343391387241979,0.4343391387242259,0.0,99.5656608612758,0
sac_verified,synthetic_rough_heston,,sac_auction_noop,1963502950,36.36223391236308,36.3605716546184,0.4077079524221574,0.4077079524221192,0.0,99.59229204757784,0
sac_verified,synthetic_rough_heston,,sac_auction_noop,1703319850,28.1454143044848,28.118576506562977,1.638224585391967,1.6382245853919777,0.0,98.36177541460803,0
sac_verified,synthetic_rough_heston,,sac_auction_noop,1313726939,14.092653877989504,14.008937658646069,2.8933755259806304,2.8933755259806437,0.0,97.10662447401936,0
sac_verified,synthetic_rough_heston,,sac_auction_noop,1061055793,-14.893787002891258,-14.897071507466643,0.5731059740909217,0.5731059740909474,0.0,99.42689402590908,0
sac_verified,synthetic_rough_heston,,sac_auction_noop,1067007710,31.565733400626417,31.559505612753263,0.7891633464085857,0.7891633464085581,0.0,99.2108366535914,0
sac_verified,synthetic_rough_heston,,sac_auction_noop,40720655,-5.229754435133145,-5.234073804162986,0.657219067727155,0.6572190677271568,0.0,99.34278093227285,0
sac_verified,synthetic_rough_heston,,sac_auction_noop,1966159132,30.68792358115934,30.680582862005508,0.856779969060355,0.8567799690603515,0.0,99.14322003093964,0
sac_verified,synthetic_rough_heston,,sac_auction_noop,188577770,4.446692046465614,4.442511255949953,0.6465903274609417,0.6465903274609488,0.0,99.35340967253906,0
sac_verified,synthetic_rough_heston,,sac_auction_noop,1402152033,35.22181799928876,35.21844462269492,0.5808077645695846,0.5808077645696166,0.0,99.41919223543042,0
sac_verified,synthetic_rough_heston,,sac_auction_noop,2092728533,-23.037741494994407,-23.043406993285764,0.7526950439160913,0.7526950439160807,0.0,99.24730495608392,0
sac_verified,synthetic_rough_heston,,sac_auction_noop,1437347273,34.890630227182555,34.88971916866201,0.301837459660689,0.3018374596606916,0.0,99.69816254033933,0
sac_verified,synthetic_rough_heston,,sac_auction_noop,1045146178,33.56801221102796,33.56493812777036,0.5544441592806919,0.5544441592807008,0.0,99.44555584071932,0
sac_verified,synthetic_rough_heston,,sac_auction_noop,528283994,8.784348895436779,8.776562084433088,0.8824290908447097,0.8824290908446981,0.0,99.11757090915528,0
sac_verified,synthetic_rough_heston,,sac_auction_noop,36265689,5.9879141640267335,5.98538790647394,0.5026188966597118,0.5026188966597029,0.0,99.49738110334027,0
sac_verified,synthetic_rough_heston,,sac_auction_noop,1193742096,10.825177132501269,10.822366739996944,0.5301313520556477,0.5301313520556441,0.0,99.46986864794437,0
sac_verified,synthetic_rough_heston,,sac_auction_noop,793249015,-6.836116871798367,-6.845768065590524,0.9824048957612064,0.9824048957612144,0.0,99.0175951042388,0
sac_verified,synthetic_rough_heston,,sac_auction_noop,1309854583,4.530639413987956,4.522477647539813,0.9034249525081036,0.9034249525080787,0.0,99.0965750474919,0
sac_verified,synthetic_rough_heston,,sac_auction_noop,1144601564,17.037292449898814,16.94198034780008,3.0872658145798795,3.0872658145798546,0.0,96.91273418542012,0
sac_verified,synthetic_rough_heston,,sac_auction_noop,982973886,9.275136720229057,9.272909593346904,0.4719244518092296,0.4719244518092207,0.0,99.52807554819076,0
sac_verified,synthetic_rough_heston,,sac_auction_noop,715231342,-9.117472549231024,-9.12732460016988,0.9925749814928224,0.9925749814928508,0.0,99.00742501850718,0
sac_verified,synthetic_rough_heston,,sac_auction_noop,2130732657,10.120287592169916,10.120039319525365,0.1575666984340387,0.1575666984340298,0.0,99.84243330156596,0
sac_verified,synthetic_rough_heston,,sac_auction_noop,1234679122,3.1400975356627896,3.1398535940153947,0.1561863141875932,0.1561863141875772,0.0,99.8438136858124,0
sac_verified,synthetic_rough_heston,,sac_auction_noop,490149342,0.9194494985713392,0.914195898387694,0.7248172310069094,0.7248172310068866,0.0,99.27518276899308,0
sac_verified,synthetic_rough_heston,,sac_auction_noop,381953676,18.21211460266386,18.20636738311443,0.7581041847549699,0.758104184754977,0.0,99.24189581524504,0
sac_verified,synthetic_rough_heston,,sac_auction_noop,478640128,-45.51081615021758,-51.28470011476625,24.028907516881983,24.028907516881976,0.0,75.97109248311801,0
sac_verified,synthetic_rough_heston,,sac_auction_noop,951876364,14.90315745579028,14.902454438706815,0.2651446932264036,0.2651446932264125,0.0,99.7348553067736,0
sac_verified,synthetic_rough_heston,,sac_auction_noop,723990043,1.6829147735934384,1.6782316285138177,0.6843350845617096,0.6843350845617202,0.0,99.31566491543828,0
sac_verified,synthetic_rough_heston,,sac_auction_noop,487116369,25.1390763548643,25.036167717747237,3.2079376103201582,3.2079376103201493,0.0,96.79206238967984,0
sac_verified,synthetic_rough_heston,,sac_auction_noop,1985429050,36.32374790260656,36.323648522419155,0.0996896119953447,0.0996896119953625,0.0,99.90031038800466,0
sac_verified,synthetic_rough_heston,,sac_auction_noop,1628956857,-11.51029585532342,-11.518256027188308,0.892197952524441,0.8921979525244303,0.0,99.10780204747556,0
sac_verified,synthetic_rough_heston,,sac_auction_noop,1189523478,18.482505406094788,18.481965764241096,0.2323019271752286,0.2323019271752322,0.0,99.76769807282476,0
sac_verified,synthetic_rough_heston,,sac_auction_noop,1296530916,-19.45755386570454,-19.965906099172297,7.12988242166557,7.129882421665547,0.0,92.87011757833444,0
sac_verified,synthetic_rough_heston,,sac_auction_noop,707561452,20.446163334678204,20.30133821420003,3.8055895795287142,3.805589579528708,0.0,96.19441042047129,0
sac_verified,synthetic_rough_heston,,sac_auction_noop,901155818,14.481707461296535,14.47341719405398,0.9105090467731856,0.9105090467731448,0.0,99.0894909532268,0
sac_verified,synthetic_rough_heston,,sac_auction_noop,1820860524,22.29775941713706,22.16409276813543,3.656044980598949,3.656044980598983,0.0,96.34395501940104,0
sac_verified,synthetic_rough_heston,,sac_auction_noop,1044185241,-7.639937642759833,-7.641890719941696,0.4419363282038375,0.4419363282038322,0.0,99.55806367179616,0
sac_verified,synthetic_rough_heston,,sac_auction_noop,591637826,8.689547420783128,8.685206106329073,0.6588865193684939,0.6588865193684903,0.0,99.3411134806315,0
sac_verified,synthetic_rough_heston,,sac_auction_noop,27222720,1.64521078884718,1.6389256472782403,0.7927888476095006,0.7927888476094704,0.0,99.2072111523905,0
sac_verified,synthetic_rough_heston,,sac_auction_noop,64598572,7.104195894817167,7.103250042122184,0.307547182556334,0.3075471825563118,0.0,99.69245281744368,0
sac_verified,synthetic_rough_heston,,sac_auction_noop,824692580,19.493984331171305,19.48570758099432,0.909766463274309,0.9097664632743035,0.0,99.09023353672568,0
sac_verified,synthetic_rough_heston,,sac_auction_noop,1292888439,9.22132043911006,9.21447386439004,0.8274403132565169,0.8274403132565062,0.0,99.17255968674348,0
sac_verified,synthetic_rough_heston,,sac_auction_noop,1567077053,16.044569803996637,16.041642557505277,0.5410403396568881,0.5410403396568908,0.0,99.45895966034313,0
sac_verified,synthetic_rough_heston,,sac_auction_noop,1386223455,19.138293776346472,19.135548374296217,0.5239658433768426,0.5239658433768352,0.0,99.47603415662316,0
sac_verified,synthetic_rough_heston,,sac_auction_noop,2103330825,19.7098015030042,19.382111768502376,5.724419049142199,5.724419049142219,0.0,94.2755809508578,0
sac_verified,synthetic_rough_heston,,sac_auction_noop,1713764255,-9.250467349451355,-9.251058983498968,0.243235286834178,0.2432352868341745,0.0,99.75676471316582,0
sac_verified,synthetic_rough_heston,,sac_auction_noop,338169861,16.01530906467997,16.011665445807996,0.6036239617487382,0.6036239617487027,0.0,99.39637603825126,0
sac_verified,synthetic_rough_heston,,sac_auction_noop,460890984,31.51871341688457,30.881123864899337,7.984920487927411,7.984920487927409,0.0,92.0150795120726,0
sac_verified,synthetic_rough_heston,,sac_auction_noop,1844393987,1.2895150963213382,1.2824290675380854,0.8417855298859251,0.8417855298859038,0.0,99.15821447011407,0
sac_verified,synthetic_rough_heston,,sac_auction_noop,1032412864,2.1234108470907813,2.1150374831862377,0.9150608670762636,0.9150608670762715,0.0,99.08493913292374,0
sac_verified,synthetic_rough_heston,,sac_auction_noop,285977676,30.777728381415727,30.777714696403088,0.0369932597091917,0.0369932597091988,0.0,99.9630067402908,0
sac_verified,synthetic_rough_heston,,sac_auction_noop,1194047159,27.203363758522755,27.203084905635965,0.166988887891307,0.1669888878912786,0.0,99.8330111121087,0
sac_verified,synthetic_rough_heston,,sac_auction_noop,410795716,-15.55707042355607,-15.566534795593498,0.972850041755038,0.9728500417550254,0.0,99.02714995824496,0
sac_verified,synthetic_rough_heston,,sac_auction_noop,1688827796,32.22671181559963,32.222616495798114,0.6399468572869011,0.6399468572868976,0.0,99.3600531427131,0
sac_verified,synthetic_rough_heston,,sac_auction_noop,1615174803,18.234210371443623,18.233343622766412,0.294405957346342,0.2944059573463482,0.0,99.70559404265366,0
sac_verified,synthetic_rough_heston,,sac_auction_noop,573603312,14.59500570162345,14.58633717329576,0.9310493181185536,0.9310493181185472,0.0,99.06895068188145,0
sac_verified,synthetic_rough_heston,,sac_auction_noop,1292648848,26.04731474131222,25.130374528701132,9.575699518108792,9.575699518108792,0.0,90.4243004818912,0
sac_verified,synthetic_rough_heston,,sac_auction_noop,504177273,-1.7542407148284838,-1.754297850211114,0.0755879505147731,0.075587950514798,0.0,99.92441204948524,0
sac_verified,synthetic_rough_heston,,sac_auction_noop,2023171617,5.7742197904590284,5.774218892787309,0.0094745539159362,0.0094745539158935,0.0,99.99052544608406,0
sac_verified,synthetic_rough_heston,,sac_auction_noop,155866399,21.418449868613607,21.413184814629833,0.7256069172611888,0.7256069172611861,0.0,99.2743930827388,0
sac_verified,synthetic_rough_heston,,sac_auction_noop,426465092,43.30221044106656,43.27013104660962,1.7910721497735975,1.7910721497736046,0.0,98.2089278502264,0
sac_verified,synthetic_rough_heston,,sac_auction_noop,2075242093,28.620574247328477,28.62028697138751,0.1694921652959067,0.1694921652959049,0.0,99.8305078347041,0
sac_verified,synthetic_rough_heston,,sac_auction_noop,426948909,-28.398846304555263,-28.40713864183575,0.9106227144371816,0.9106227144371968,0.0,99.08937728556282,0
sac_verified,synthetic_rough_heston,,sac_auction_noop,40870105,14.598732293270588,14.596217555820513,0.5014715794612385,0.5014715794612172,0.0,99.49852842053876,0
sac_verified,synthetic_rough_heston,,sac_auction_noop,1146798258,37.78713622962823,37.78710584934932,0.0551183081332453,0.0551183081332298,0.0,99.94488169186675,0
sac_verified,synthetic_rough_heston,,sac_auction_noop,2070376215,-5.175282745542063,-5.183296732362268,0.8952087365640296,0.8952087365640171,0.0,99.10479126343596,0
sac_verified,synthetic_rough_heston,,sac_auction_noop,511062834,24.0546025019612,24.054394896048876,0.1440853609226593,0.1440853609226722,0.0,99.85591463907734,0
sac_verified,synthetic_rough_heston,,sac_auction_noop,1541412974,15.357367694661662,9.86828766880287,23.42878576849172,23.4287857684917,0.0,76.57121423150828,0
sac_verified,synthetic_rough_heston,,sac_auction_noop,376403019,22.871953535450302,22.1880554166106,8.269813291965576,8.26981329196555,0.0,91.73018670803442,0
sac_verified,synthetic_rough_heston,,sac_auction_noop,1108559752,14.971590705166818,14.96744693297937,0.6437213828551478,0.643721382855146,0.0,99.35627861714484,0
sac_verified,synthetic_rough_heston,,sac_auction_noop,1393048108,-23.52136560056897,-24.75031289640905,11.08578953363302,11.085789533633031,0.0,88.91421046636698,0
sac_verified,synthetic_rough_heston,,sac_auction_noop,2023564002,-43.12850900750345,-43.12931730526232,0.2843057788486902,0.2843057788487089,0.0,99.71569422115132,0
sac_verified,synthetic_rough_heston,,sac_auction_noop,916344601,36.1770619165145,36.00780644334739,4.114067004402216,4.114067004402212,0.0,95.88593299559778,0
sac_verified,synthetic_rough_heston,,sac_auction_noop,486149422,15.41247357688735,14.504993750559434,9.526173556722114,9.526173556722116,0.0,90.47382644327789,0
sac_verified,synthetic_rough_heston,,sac_auction_noop,410404482,1.1584467574466544,0.72919812467687,6.551706897975421,6.5517068979754,0.0,93.44829310202458,0
sac_verified,synthetic_rough_heston,,sac_auction_noop,848518413,30.957905686565937,30.95777780381078,0.1130852577284002,0.1130852577284011,0.0,99.8869147422716,0
sac_verified,synthetic_rough_heston,,sac_auction_noop,1216465325,11.242082093653153,11.242069336479744,0.035717185513775,0.0357171855137785,0.0,99.96428281448622,0
sac_verified,synthetic_rough_heston,,sac_auction_noop,1701726968,-0.2334860715818649,-0.2619113306693352,1.685979213616548,1.6859792136165326,0.0,98.31402078638344,0
sac_verified,synthetic_rough_heston,,sac_auction_noop,1739537596,15.71092594649781,14.655602960905778,10.27289144103078,10.272891441030763,0.0,89.72710855896922,0
sac_verified,synthetic_rough_heston,,sac_auction_noop,2050860255,10.30123633452422,9.92055145421852,6.169966615028784,6.169966615028793,0.0,93.83003338497122,0
sac_verified,synthetic_rough_heston,,sac_auction_noop,218238821,47.892062104632714,46.993587037131896,9.47879247320472,9.478792473204695,0.0,90.52120752679528,0
sac_verified,synthetic_rough_heston,,sac_auction_noop,128588240,31.332825761885033,31.32686756762082,0.7718934035353158,0.7718934035353404,0.0,99.22810659646468,0
sac_verified,synthetic_rough_heston,,sac_auction_noop,1162542574,40.56905544207984,40.52866208573115,2.009809850426066,2.009809850426048,0.0,97.99019014957392,0
sac_verified,synthetic_rough_heston,,sac_auction_noop,1005643756,11.688140718433717,11.686409989312487,0.4160203265739426,0.4160203265739359,0.0,99.58397967342606,0
sac_verified,synthetic_rough_heston,,sac_auction_noop,711572297,22.23050723324195,22.23050723225904,0.0003135142453061,0.0003135142453078,0.0,99.9996864857547,0
sac_verified,synthetic_rough_heston,,sac_auction_noop,501043199,13.968603484581765,13.960615514529945,0.8937544434473921,0.8937544434473885,0.0,99.1062455565526,0
sac_verified,synthetic_rough_heston,,sac_auction_noop,1291999351,30.117437042004894,28.369600119883874,13.220578361482625,13.220578361482604,0.0,86.77942163851738,0
sac_verified,synthetic_rough_heston,,sac_auction_noop,102182588,1.8601674237725092,1.857500659340928,0.5164072454547295,0.5164072454547153,0.0,99.48359275454528,0
sac_verified,synthetic_rough_heston,,sac_auction_noop,2119210718,28.601901508856827,28.43822342569395,4.045714809065004,4.045714809064994,0.0,95.954285190935,0
sac_verified,synthetic_rough_heston,,sac_auction_noop,1109208492,21.74884401698182,21.748531794601075,0.1766981552660809,0.1766981552661142,0.0,99.82330184473392,0
sac_verified,synthetic_rough_heston,,sac_auction_noop,1274300456,32.99034988557469,32.6620599484906,5.7296591267202786,5.729659126720273,0.0,94.27034087327972,0
sac_verified,synthetic_rough_heston,,sac_auction_noop,1256771816,-3.67493746821674,-3.675548617188795,0.2472142738707958,0.2472142738708012,0.0,99.7527857261292,0
sac_verified,synthetic_rough_heston,,sac_auction_noop,1077857574,14.29525666380141,14.285583589702313,0.983517874728136,0.9835178747281264,0.0,99.01648212527186,0
sac_verified,synthetic_rough_heston,,sac_auction_noop,1100698389,26.111329224506335,26.104130774426007,0.8484368026156517,0.8484368026156677,0.0,99.15156319738436,0
sac_verified,synthetic_rough_heston,,sac_auction_noop,795778257,21.416597196626753,21.414804257377863,0.4234311335848133,0.4234311335848062,0.0,99.5765688664152,0
sac_verified,synthetic_rough_heston,,sac_auction_noop,1548246893,16.337906057751752,16.337877547553724,0.0533949417353767,0.0533949417353651,0.0,99.94660505826462,0
sac_verified,synthetic_rough_heston,,sac_auction_noop,633707972,-3.325307910788979,-3.3299474700528227,0.6811431027209949,0.6811431027209949,0.0,99.318856897279,0
sac_verified,synthetic_rough_heston,,sac_auction_noop,983296256,-6.347094846591062,-8.303048921688688,13.985542803544035,13.985542803544044,0.0,86.01445719645596,0
sac_verified,synthetic_rough_heston,,sac_auction_noop,487951037,29.607631526381734,29.599865579108645,0.8812461218689691,0.8812461218689975,0.0,99.11875387813105,0
sac_verified,synthetic_rough_heston,,sac_auction_noop,978154369,29.62935890998415,29.62077834974947,0.9263131346730232,0.9263131346730415,0.0,99.07368686532698,0
sac_verified,synthetic_rough_heston,,sac_auction_noop,554788091,30.1726316096192,30.164266397717828,0.9146153235854227,0.91461532358543,0.0,99.08538467641458,0
sac_verified,synthetic_rough_heston,,sac_auction_noop,2090199347,1.6505066739027825,1.6469139695622008,0.5993917200447356,0.5993917200447214,0.0,99.40060827995526,0
sac_verified,synthetic_rough_heston,,sac_auction_noop,2069017976,-25.289914810695336,-26.1578559121227,9.316335660694977,9.316335660694948,0.0,90.68366433930504,0
sac_verified,synthetic_rough_heston,,sac_auction_noop,945043387,-30.86859027037281,-30.868833510407228,0.1559615447546889,0.1559615447546765,0.0,99.84403845524533,0
sac_verified,synthetic_rough_heston,,sac_auction_noop,1939521563,-82.48674172377468,-82.48753771807297,0.2821337091325944,0.2821337091325819,0.0,99.7178662908674,0
sac_verified,synthetic_rough_heston,,sac_auction_noop,837962510,-15.025236886245692,-15.028905109281196,0.6056585701121122,0.605658570112117,0.0,99.39434142988787,0
sac_verified,synthetic_rough_heston,,sac_auction_noop,1294936529,38.89105689246753,38.047270935786,9.185782256735322,9.18578225673532,0.0,90.81421774326468,0
sac_verified,synthetic_rough_heston,,sac_auction_noop,1783232423,8.735251378127941,8.731338944803571,0.6254944703488974,0.6254944703488903,0.0,99.3745055296511,0
sac_verified,synthetic_rough_heston,,sac_auction_noop,133555220,21.36491799754549,21.338522837919964,1.624658721871299,1.6246587218713069,0.0,98.3753412781287,0
sac_verified,synthetic_rough_heston,,sac_auction_noop,727659984,31.693687800119733,31.690974790940743,0.520865546853571,0.5208655468536012,0.0,99.47913445314644,0
sac_verified,synthetic_rough_heston,,sac_auction_noop,1045640949,-59.714960561716,-64.48177662621318,21.833039331474623,21.83303933147463,0.0,78.16696066852538,0
sac_verified,synthetic_rough_heston,,sac_auction_noop,1498406538,-5.24235274743296,-5.242355179796587,0.0155960367637817,0.0155960367637568,0.0,99.98440396323622,0
sac_verified,synthetic_rough_heston,,sac_auction_noop,894023265,5.110530311279945,5.100924685558505,0.9800829414615464,0.98008294146155,0.0,99.01991705853844,0
sac_verified,synthetic_rough_heston,,sac_auction_noop,1456034043,33.33390942762344,33.3273585862369,0.8093726821768428,0.8093726821768321,0.0,99.19062731782316,0
sac_verified,synthetic_rough_heston,,sac_auction_noop,2145465691,-10.50531558928742,-10.5081494298154,0.532338287931708,0.532338287931692,0.0,99.46766171206828,0
sac_verified,synthetic_rough_heston,,sac_auction_noop,1645332470,21.904342961750444,21.899883151171423,0.6678181323546681,0.6678181323546584,0.0,99.33218186764532,0
sac_verified,synthetic_rough_heston,,sac_auction_noop,1703360263,6.468872244731756,6.4688720182433235,0.0047590800863304,0.0047590800863481,0.0,99.99524091991368,0
sac_verified,synthetic_rough_heston,,sac_auction_noop,1254093673,27.99375786775454,27.81643409231271,4.210982966503536,4.210982966503522,0.0,95.78901703349646,0
sac_verified,synthetic_rough_heston,,sac_auction_noop,679604879,22.161517799529975,22.15275214850801,0.9362505552450102,0.9362505552449694,0.0,99.063749444755,0
sac_verified,synthetic_rough_heston,,sac_auction_noop,1800514979,26.082173680437336,26.082130827495742,0.0654621582251167,0.0654621582251309,0.0,99.93453784177488,0
sac_verified,synthetic_rough_heston,,sac_auction_noop,1009107304,21.664276740682908,21.654648229061216,0.9812497960096778,0.9812497960096812,0.0,99.01875020399032,0
sac_verified,synthetic_rough_heston,,sac_auction_noop,1459119855,14.108086943282617,14.104854658354412,0.5685318749377615,0.5685318749377828,0.0,99.43146812506224,0
sac_verified,synthetic_rough_heston,,sac_auction_noop,2082327116,9.49334633010767,9.490526435037475,0.531026842089446,0.5310268420894393,0.0,99.46897315791055,0
sac_verified,synthetic_rough_heston,,sac_auction_noop,1795215048,26.089115407614372,26.086904096553827,0.4702457932341843,0.4702457932341861,0.0,99.52975420676582,0
sac_verified,synthetic_rough_heston,,sac_auction_noop,1559844699,40.957819253617345,40.4250995657938,7.29876488060512,7.298764880605109,0.0,92.70123511939488,0
sac_verified,synthetic_rough_heston,,sac_auction_noop,1337581818,24.31741155195232,24.31519830250702,0.4704518514470095,0.4704518514470113,0.0,99.529548148553,0
sac_verified,synthetic_rough_heston,,sac_auction_noop,1567278356,-36.7563246369009,-41.82806394719706,22.520522441311513,22.520522441311527,0.0,77.47947755868849,0
sac_verified,synthetic_rough_heston,,sac_auction_noop,1391644635,-24.144228046772696,-25.55558276338604,11.88004510350588,11.880045103505896,0.0,88.11995489649412,0
sac_verified,synthetic_rough_heston,,sac_auction_noop,1226640195,1.803547415367575,1.7942759224279232,0.9628859194967704,0.9628859194967948,0.0,99.03711408050324,0
sac_verified,synthetic_rough_heston,,sac_auction_noop,573081701,-15.197745286775898,-19.447873042421534,20.615837978713454,20.615837978713444,0.0,79.38416202128654,0
sac_verified,synthetic_rough_heston,,sac_auction_noop,856702353,-3.163195469691346,-3.16842988322769,0.7234924696459757,0.7234924696459899,0.0,99.27650753035402,0
sac_verified,synthetic_rough_heston,,sac_auction_noop,969233424,4.630484819521371,4.101098881476621,7.275891272172416,7.275891272172434,0.0,92.72410872782758,0
sac_verified,synthetic_rough_heston,,sac_auction_noop,2038887002,6.420459475724783,6.415134664190594,0.7297130623874324,0.7297130623874466,0.0,99.27028693761255,0
sac_verified,synthetic_rough_heston,,sac_auction_noop,748193112,35.455026809242554,35.44536668434876,0.9828593436394044,0.9828593436393938,0.0,99.0171406563606,0
sac_verified,synthetic_rough_heston,,sac_auction_noop,1403188372,36.829666198131235,36.82218437371388,0.8649753994971974,0.8649753994971896,0.0,99.1350246005028,0
sac_verified,synthetic_rough_heston,,sac_auction_noop,688156671,-66.21975740333073,-70.63149970928366,21.004147937854853,21.004147937854857,0.0,78.99585206214515,0
sac_verified,synthetic_rough_heston,,sac_auction_noop,1293707997,23.125974327755102,22.929782485877407,4.429354827485568,4.429354827485562,0.0,95.57064517251445,0
sac_verified,synthetic_rough_heston,,sac_auction_noop,1017816127,-57.34127874621299,-57.345215013917226,0.6273968205395022,0.6273968205394729,0.0,99.3726031794605,0
sac_verified,synthetic_rough_heston,,sac_auction_noop,928547401,14.677037828492756,14.676867246911875,0.1306068837699143,0.1306068837699001,0.0,99.86939311623009,0
sac_verified,synthetic_rough_heston,,sac_auction_noop,804851501,40.93901896272473,40.86769851520127,2.670588840002509,2.670588840002517,0.0,97.32941115999748,0
sac_verified,synthetic_rough_heston,,sac_auction_noop,1120019183,7.399909887204558,7.393755788926485,0.7844806102175852,0.7844806102175923,0.0,99.2155193897824,0
sac_verified,synthetic_rough_heston,,sac_auction_noop,1119490863,13.338208289924296,13.337834194187918,0.1934155465256282,0.1934155465256619,0.0,99.80658445347436,0
sac_verified,synthetic_rough_heston,,sac_auction_noop,783363503,-20.757719890008957,-20.758066126508556,0.1860743130041839,0.1860743130041964,0.0,99.81392568699582,0
sac_verified,synthetic_rough_heston,,sac_auction_noop,205944131,17.152283068120596,17.147382487168468,0.7000414953505754,0.7000414953505647,0.0,99.29995850464942,0
sac_verified,synthetic_rough_heston,,sac_auction_noop,446079182,6.425003771244519,6.402721222166546,1.4927340378638403,1.4927340378638512,0.0,98.50726596213616,0
sac_verified,synthetic_rough_heston,,sac_auction_noop,2128949063,37.31866802776858,36.67319203861932,8.03415203459123,8.03415203459121,0.0,91.96584796540876,0
sac_verified,synthetic_rough_heston,,sac_auction_noop,708828196,0.8253905851961463,0.8188225483787912,0.8104342550358581,0.8104342550358457,0.0,99.18956574496414,0
sac_verified,synthetic_rough_heston,,sac_auction_noop,907135295,-11.156769749546584,-11.161052896696106,0.6544575730726478,0.6544575730726407,0.0,99.34554242692737,0
sac_verified,synthetic_rough_heston,,sac_auction_noop,1179243183,-0.8839584970282885,-0.8886489831871034,0.6848712403666894,0.6848712403667426,0.0,99.31512875963332,0
sac_verified,synthetic_rough_heston,,sac_auction_noop,1200595667,-18.876714999452815,-18.877828528879515,0.3336958835078434,0.3336958835078381,0.0,99.66630411649216,0
sac_verified,synthetic_rough_heston,,sac_auction_noop,1138669996,-6.589568784842413,-6.595328623122921,0.7589359841585832,0.7589359841585619,0.0,99.24106401584142,0
sac_verified,synthetic_rough_heston,,sac_auction_noop,299092708,20.700474308752742,20.69604564882116,0.665481775226354,0.6654817752263504,0.0,99.33451822477365,0
sac_verified,synthetic_rough_heston,,sac_auction_noop,1606240066,44.80481074016279,43.38886671215215,11.899344637460686,11.899344637460684,0.0,88.10065536253931,0
sac_verified,synthetic_rough_heston,,sac_auction_noop,1592479411,10.476049283359316,10.475595143114123,0.2131056651505929,0.213105665150584,0.0,99.7868943348494,0
sac_verified,synthetic_rough_heston,,sac_auction_noop,1232823009,1.2564757074705994,1.2548484557817616,0.4033920783602411,0.4033920783602376,0.0,99.59660792163976,0
sac_verified,synthetic_rough_heston,,sac_auction_noop,1380936168,22.290231938513895,22.29023071209983,0.0110743580499672,0.0110743580499557,0.0,99.98892564195005,0
sac_verified,synthetic_rough_heston,,sac_auction_noop,1485723813,20.5057029411837,20.50396665990524,0.416687086248487,0.4166870862484915,0.0,99.58331291375151,0
sac_verified,synthetic_rough_heston,,sac_auction_noop,1476988550,-1.4430199762500706,-1.4430279692708643,0.0282719309456211,0.0282719309456558,0.0,99.97172806905438,0
sac_verified,synthetic_rough_heston,,sac_auction_noop,426644302,20.788380413348932,20.78599624778511,0.488279178730977,0.4882791787309735,0.0,99.51172082126902,0
sac_verified,synthetic_rough_heston,,sac_auction_noop,1492118510,-82.97189437494671,-107.27904423510589,49.302281752632055,49.30228175263207,0.0,50.697718247367945,0
sac_verified,synthetic_rough_heston,,sac_auction_noop,1871437067,-7.439727006474641,-7.449417405772941,0.984398257734128,0.9843982577341572,0.0,99.01560174226589,0
sac_verified,synthetic_rough_heston,,sac_auction_noop,1821522104,-9.918872260317585,-9.923762672585951,0.6993148266960247,0.6993148266960478,0.0,99.30068517330398,0
sac_verified,synthetic_rough_heston,,sac_auction_noop,1233002065,-3.9120517911433126,-3.9131470416811,0.3309456961175385,0.3309456961175736,0.0,99.66905430388246,0
sac_verified,synthetic_rough_heston,,sac_auction_noop,1249666141,22.25142470082392,22.24527479631841,0.7842132685379113,0.7842132685379051,0.0,99.21578673146207,0
sac_verified,synthetic_rough_heston,,sac_auction_noop,1377485117,17.47716897216742,17.47043546654061,0.8205794066883101,0.8205794066882657,0.0,99.17942059331168,0
sac_verified,synthetic_rough_heston,,sac_auction_noop,1667673182,21.741825444791175,21.739594470342084,0.4723319223904951,0.4723319223904969,0.0,99.5276680776095,0
sac_verified,synthetic_rough_heston,,sac_auction_noop,257835634,-21.402695255532308,-21.40277624786284,0.0899957390825108,0.0899957390824965,0.0,99.91000426091747,0
sac_verified,synthetic_rough_heston,,sac_auction_noop,1475908961,45.38307810746119,45.14658738373765,4.863031191793169,4.863031191793179,0.0,95.13696880820684,0
sac_verified,synthetic_rough_heston,,sac_auction_noop,847186143,27.0871028864276,27.082931388616167,0.6458713348208533,0.6458713348208445,0.0,99.35412866517916,0
sac_verified,synthetic_rough_heston,,sac_auction_noop,454152926,18.083037951499136,18.073574345806225,0.972810654388141,0.9728106543881392,0.0,99.02718934561186,0
sac_verified,synthetic_rough_heston,,sac_auction_noop,745543570,22.641350973071894,22.641293804373817,0.0756099848410229,0.0756099848410096,0.0,99.92439001515898,0
sac_verified,synthetic_rough_heston,,sac_auction_noop,2040040035,17.632901446477263,17.234262629221067,6.313785055386333,6.313785055386322,0.0,93.68621494461368,0
sac_verified,synthetic_rough_heston,,sac_auction_noop,857589213,-1.7116756619070657,-1.7131506737926938,0.3840588347672735,0.3840588347672886,0.0,99.61594116523273,0
sac_verified,synthetic_rough_heston,,sac_auction_noop,447631993,7.23106108830325,7.228288446473813,0.5265588124261882,0.5265588124262153,0.0,99.4734411875738,0
sac_verified,synthetic_rough_heston,,sac_auction_noop,1053736358,-1.9700556508196312,-1.9740914996037948,0.635283305633294,0.635283305633271,0.0,99.3647166943667,0
sac_verified,synthetic_rough_heston,,sac_auction_noop,1123074415,15.438132562620012,15.438013346574964,0.1091861003279319,0.1091861003279586,0.0,99.89081389967208,0
sac_verified,synthetic_rough_heston,,sac_auction_noop,896949228,4.851518541796395,4.844776796040854,0.8210813452722334,0.8210813452722228,0.0,99.17891865472777,0
sac_verified,synthetic_rough_heston,,sac_auction_noop,532798302,-7.005196546891966,-7.010355860005525,0.718283587001622,0.7182835870016269,0.0,99.28171641299838,0
sac_verified,synthetic_rough_heston,,sac_auction_noop,1798006985,9.919410173430151,9.919081184350956,0.181380561029897,0.1813805610298899,0.0,99.8186194389701,0
sac_verified,synthetic_rough_heston,,sac_auction_noop,1380983522,15.175382217596052,15.175185417803124,0.1402853495309131,0.1402853495309386,0.0,99.85971465046909,0
sac_verified,synthetic_rough_heston,,sac_auction_noop,516067115,15.333494434498787,15.329284992743563,0.6488021081366355,0.6488021081366302,0.0,99.35119789186336,0
sac_verified,synthetic_rough_heston,,sac_auction_noop,181677896,24.076765052743212,24.071865598018583,0.6999610506757818,0.6999610506757672,0.0,99.30003894932422,0
sac_verified,synthetic_rough_heston,,sac_auction_noop,1412098877,-10.191735477188558,-10.191788921583234,0.0731056732919057,0.0731056732918933,0.0,99.9268943267081,0
sac_verified,synthetic_rough_heston,,sac_auction_noop,592480532,21.553288136043193,21.55229534187103,0.315086364694281,0.3150863646942614,0.0,99.68491363530572,0
sac_verified,synthetic_rough_heston,,sac_auction_noop,1462116845,1.0705016070260172,1.069035773739007,0.3828620230592179,0.3828620230592232,0.0,99.61713797694078,0
sac_verified,synthetic_rough_heston,,sac_auction_noop,1877161225,6.887772366413628,6.886837205219463,0.3058040539571038,0.3058040539571092,0.0,99.6941959460429,0
sac_verified,synthetic_rough_heston,,sac_auction_noop,1814894336,25.54251785455199,25.532564654032186,0.9976572818259086,0.9976572818258966,0.0,99.00234271817408,0
sac_verified,synthetic_rough_heston,,sac_auction_noop,917024862,10.680495723359854,10.67942693671925,0.3269230246716006,0.3269230246716148,0.0,99.6730769753284,0
sac_verified,synthetic_rough_heston,,sac_auction_noop,614922330,5.887795544344044,5.884067261779253,0.6105966397541778,0.6105966397541671,0.0,99.38940336024582,0
sac_verified,synthetic_rough_heston,,sac_auction_noop,1801437930,15.731403234873142,15.73123310659116,0.1304332327218986,0.1304332327218982,0.0,99.8695667672781,0
sac_verified,synthetic_rough_heston,,sac_auction_noop,1380610365,2.217114164523082,1.4769119897052514,8.603500304049717,8.603500304049685,0.0,91.39649969595028,0
sac_verified,synthetic_rough_heston,,sac_auction_noop,236614752,-5.077387159719365,-5.084346481818143,0.8342255150005116,0.8342255150004929,0.0,99.16577448499947,0
sac_verified,synthetic_rough_heston,,sac_auction_noop,834408283,20.248767370258065,20.24707412545561,0.4114905591207503,0.4114905591207387,0.0,99.58850944087924,0
sac_verified,synthetic_rough_heston,,sac_auction_noop,2011776523,11.568408086150155,11.567897778332474,0.2258999375125938,0.2258999375125756,0.0,99.7741000624874,0
sac_verified,synthetic_rough_heston,,sac_auction_noop,1226258546,12.532280637220538,12.53180109425464,0.2189846948759424,0.2189846948759317,0.0,99.78101530512406,0
sac_verified,synthetic_rough_heston,,sac_auction_noop,1616321187,-12.721794480070455,-12.726983973107895,0.7203813599364963,0.7203813599364928,0.0,99.2796186400635,0
sac_verified,synthetic_rough_heston,,sac_auction_noop,1672306602,26.682880824168024,25.38202896195107,11.40548930216039,11.4054893021604,0.0,88.59451069783961,0
sac_verified,synthetic_rough_heston,,sac_auction_noop,1762600914,-15.323154508891092,-15.32932777858412,0.7857015777650815,0.7857015777650869,0.0,99.21429842223492,0
sac_verified,synthetic_rough_heston,,sac_auction_noop,994946334,-7.227536655631411,-7.234210865671596,0.816958385732363,0.8169583857323592,0.0,99.18304161426764,0
sac_verified,synthetic_rough_heston,,sac_auction_noop,909382858,44.73189005463246,44.731889794862305,0.005096765207682,0.005096765207702,0.0,99.99490323479232,0
sac_verified,synthetic_rough_heston,,sac_auction_noop,26993609,28.665566418905655,28.66320761381833,0.4856753120476185,0.4856753120476269,0.0,99.51432468795238,0
sac_verified,synthetic_rough_heston,,sac_auction_noop,1773145257,-6.04979772257866,-6.0588194005132445,0.9498251383588894,0.9498251383588808,0.0,99.05017486164112,0
sac_verified,synthetic_rough_heston,,sac_auction_noop,706407932,20.09001457352861,20.08447066518104,0.7445742640975794,0.7445742640975874,0.0,99.25542573590242,0
sac_verified,synthetic_rough_heston,,sac_auction_noop,331383041,2.845235499455157,2.8371799421720945,0.8975275640927549,0.897527564092746,0.0,99.10247243590725,0
sac_verified,synthetic_rough_heston,,sac_auction_noop,279983631,36.14478470989343,35.70432030506035,6.636749240652961,6.636749240652959,0.0,93.36325075934704,0
sac_verified,synthetic_rough_heston,,sac_auction_noop,104944766,26.609985567558397,26.60902627923583,0.3097237999518114,0.3097237999518185,0.0,99.6902762000482,0
sac_verified,synthetic_rough_heston,,sac_auction_noop,1398718536,32.91947011100456,32.91826218315553,0.3475525642302273,0.3475525642302521,0.0,99.65244743576976,0
sac_verified,synthetic_rough_heston,,sac_auction_noop,1382436732,18.28381765235099,18.281507597880207,0.4806302602605967,0.4806302602605896,0.0,99.5193697397394,0
sac_verified,synthetic_rough_heston,,sac_auction_noop,1822786061,27.95779214167851,27.948307527762488,0.9738898251867738,0.9738898251867952,0.0,99.02611017481324,0
sac_verified,synthetic_rough_heston,,sac_auction_noop,879773370,1.6397305747359496,1.6362295378248863,0.5916956067999024,0.5916956067999175,0.0,99.4083043932001,0
sac_verified,synthetic_rough_heston,,sac_auction_noop,2043945046,47.17035344525357,47.12303671717377,2.175240862061017,2.1752408620610435,0.0,97.82475913793898,0
sac_verified,synthetic_rough_heston,,sac_auction_noop,1458350865,13.979502405927631,13.97586596358954,0.6030292147227527,0.6030292147227589,0.0,99.39697078527723,0
sac_verified,synthetic_rough_heston,,sac_auction_noop,1570091229,37.60733545268522,37.60710454061449,0.1519579121759449,0.1519579121759138,0.0,99.84804208782406,0
sac_verified,synthetic_rough_heston,,sac_auction_noop,1963377882,20.177837752356936,20.16860464276883,0.9608907111686592,0.9608907111686692,0.0,99.03910928883134,0
sac_verified,synthetic_rough_heston,,sac_auction_noop,922385963,18.483055081314888,18.483041691808403,0.0365916745800802,0.0365916745800678,0.0,99.96340832541992,0
sac_verified,synthetic_rough_heston,,sac_auction_noop,1134397302,39.46256669970535,36.84268559978972,16.18604676848436,16.186046768484356,0.0,83.81395323151564,0
sac_verified,synthetic_rough_heston,,sac_auction_noop,1361953339,-28.35171434561562,-28.35969017201756,0.8930748234016335,0.8930748234016122,0.0,99.10692517659837,0
sac_verified,synthetic_rough_heston,,sac_auction_noop,1031019006,-11.330346171565909,-11.3391628588404,0.938972165428524,0.938972165428526,0.0,99.06102783457148,0
sac_verified,synthetic_rough_heston,,sac_auction_noop,53419154,7.748859573559457,7.739213138663991,0.9821626594137456,0.9821626594137244,0.0,99.01783734058624,0
sac_verified,synthetic_rough_heston,,sac_auction_noop,1338190356,34.799791585395724,34.441569081992256,5.9851691989739635,5.9851691989739555,0.0,94.01483080102604,0
sac_verified,synthetic_rough_heston,,sac_auction_noop,250858187,0.4990046831917425,0.4970538652612075,0.441680646002851,0.441680646002851,0.0,99.55831935399716,0
sac_verified,synthetic_rough_heston,,sac_auction_noop,2129749168,0.7791621053693234,0.7715979538406231,0.8697213075865022,0.8697213075865298,0.0,99.1302786924135,0
sac_verified,synthetic_rough_heston,,sac_auction_noop,2130738303,14.088761862409228,14.082437435486096,0.7952626561792329,0.7952626561792453,0.0,99.20473734382075,0
sac_verified,synthetic_rough_heston,,sac_auction_noop,1017956649,33.74974531630323,33.745963963087256,0.6149270864079028,0.6149270864078744,0.0,99.3850729135921,0
sac_verified,synthetic_rough_heston,,sac_auction_noop,1274680140,27.43805173044711,26.45675723984874,9.906030943815864,9.906030943815848,0.0,90.09396905618414,0
sac_verified,synthetic_rough_heston,,sac_auction_noop,1585408273,20.38727206873955,20.383305681135965,0.6297926328230403,0.6297926328230286,0.0,99.37020736717696,0
sac_verified,synthetic_rough_heston,,sac_auction_noop,1144086060,15.894051711455177,15.884959615383652,0.9535248330025184,0.953524833002537,0.0,99.04647516699748,0
sac_verified,synthetic_rough_heston,,sac_auction_noop,410286162,-4.440146596985869,-4.440518380334015,0.1928168426632339,0.1928168426632037,0.0,99.80718315733677,0
sac_verified,synthetic_rough_heston,,sac_auction_noop,373643122,9.815619495861029,9.811160618147133,0.6677482844528129,0.6677482844528209,0.0,99.3322517155472,0
sac_verified,synthetic_rough_heston,,sac_auction_noop,1500953274,9.41280470831407,9.412768690569028,0.0600147857131503,0.0600147857131565,0.0,99.93998521428684,0
sac_verified,synthetic_rough_heston,,sac_auction_noop,83988248,-26.17425416590413,-26.17425460497774,0.0066262629595996,0.0066262629595925,0.0,99.9933737370404,0
sac_verified,synthetic_rough_heston,,sac_auction_noop,1865270753,23.345436364907073,23.34540296162958,0.0577955685934341,0.0577955685934643,0.0,99.94220443140657,0
sac_verified,synthetic_rough_heston,,sac_auction_noop,2136924679,32.850970760700875,31.787213410713893,10.31386130402663,10.313861304026643,0.0,89.68613869597337,0
sac_verified,synthetic_rough_heston,,sac_auction_noop,675361705,19.777683669184626,19.775610230241597,0.4553502984546185,0.4553502984546158,0.0,99.54464970154538,0
sac_verified,synthetic_rough_heston,,sac_auction_noop,1787143916,-6.3190478770047775,-6.322721486303904,0.6061030687207136,0.6061030687207243,0.0,99.39389693127929,0
sac_verified,synthetic_rough_heston,,sac_auction_noop,1157074811,23.245101268434155,23.242759423736885,0.4839260994481833,0.4839260994481549,0.0,99.51607390055182,0
sac_verified,synthetic_rough_heston,,sac_auction_noop,346534653,14.695766426482804,14.690130163370924,0.7507504986266156,0.750750498626628,0.0,99.24924950137338,0
sac_verified,synthetic_rough_heston,,sac_auction_noop,2029212888,-31.01577732901751,-31.018907661458844,0.5594937391369257,0.5594937391369186,0.0,99.44050626086307,0
sac_verified,synthetic_rough_heston,,sac_auction_noop,284833619,7.534776748001605,7.534732210267246,0.0667365974245512,0.0667365974245455,0.0,99.93326340257543,0
sac_verified,synthetic_rough_heston,,sac_auction_noop,963504523,-1.245872075571242,-1.249352877750093,0.5899832352576908,0.5899832352576624,0.0,99.41001676474232,0
sac_verified,synthetic_rough_heston,,sac_auction_noop,1918322573,11.019318037993798,11.01482150857204,0.670561661725344,0.6705616617253369,0.0,99.32943833827466,0
sac_verified,synthetic_rough_heston,,sac_auction_noop,344371083,31.80060654763656,31.79623785421662,0.6609609231975071,0.660960923197508,0.0,99.3390390768025,0
sac_verified,synthetic_rough_heston,,sac_auction_noop,1588251919,24.12787955322892,24.127871189112614,0.0289207819874093,0.0289207819874239,0.0,99.9710792180126,0
sac_verified,synthetic_rough_heston,,sac_auction_noop,152900645,11.297562475858284,11.2880644702264,0.9745771201852024,0.9745771201852094,0.0,99.0254228798148,0
sac_verified,synthetic_rough_heston,,sac_auction_noop,1891103623,-17.672271072142394,-17.6947384292112,1.4989115073547763,1.4989115073547854,0.0,98.50108849264522,0
sac_verified,synthetic_rough_heston,,sac_auction_noop,2085732003,-13.661832437486735,-25.532882443984207,34.454390150599764,34.45439015059978,0.0,65.54560984940024,0
sac_verified,synthetic_rough_heston,,sac_auction_noop,266216506,-14.084273399741503,-14.093648192891369,0.96823515479781,0.9682351547978172,0.0,99.0317648452022,0
sac_verified,synthetic_rough_heston,,sac_auction_noop,1053758720,-33.70446721746703,-40.87764599691156,26.782790704936872,26.78279070493688,0.0,73.21720929506313,0
sac_verified,synthetic_rough_heston,,sac_auction_noop,938390068,10.834622229942395,10.833810815521732,0.2848533694138666,0.2848533694138631,0.0,99.71514663058612,0
sac_verified,synthetic_rough_heston,,sac_auction_noop,857959051,32.714251975025036,32.71043069095227,0.618165355933229,0.618165355933245,0.0,99.38183464406676,0
sac_verified,synthetic_rough_heston,,sac_auction_noop,719206609,24.84081811469696,24.831778694085212,0.9507586766232804,0.950758676623277,0.0,99.04924132337672,0
sac_verified,synthetic_rough_heston,,sac_auction_noop,187237339,27.44921075723323,27.445565205243508,0.6037840665108263,0.6037840665108183,0.0,99.39621593348916,0
sac_verified,synthetic_rough_heston,,sac_auction_noop,1809838918,-34.80140206337455,-36.00429725520042,10.967657871331838,10.967657871331827,0.0,89.03234212866816,0
sac_verified,synthetic_rough_heston,,sac_auction_noop,892651515,-4.079262537865361,-4.082025411170747,0.5256304124939675,0.5256304124939621,0.0,99.47436958750605,0
sac_verified,synthetic_rough_heston,,sac_auction_noop,1886884439,-6.426129092425981,-6.429258722330771,0.5594309523783636,0.559430952378384,0.0,99.44056904762164,0
dqn_verified_history,historical_sp500_midquotes,MSFT,dqn,1906509230,4.619756090172814,4.610692222879307,0.8612333301495596,0.952043449297684,-0.0908101191481492,99.13876666985044,0
dqn_verified_history,historical_sp500_midquotes,MSFT,dqn,1178422796,18.988449691553846,18.985855875499254,0.5067952046299524,0.5092952046299541,-0.0025000000000012,99.49320479537003,14
dqn_verified_history,historical_sp500_midquotes,MSFT,dqn,1963502950,5.171312352182213,5.171231105695552,0.065704551434834,0.0901368330152008,-0.0244322815803641,99.93429544856517,0
dqn_verified_history,historical_sp500_midquotes,MSFT,dqn,1703319850,-34.64908030283742,-34.65084661245617,0.3734226830711549,0.4202748646719962,-0.0468521816008338,99.62657731692885,16
dqn_verified_history,historical_sp500_midquotes,MSFT,dqn,1313726939,25.66898256705099,25.52372232625939,0.8311978499261272,-3.811302150074198,4.642500000000325,99.16880215007389,0
dqn_verified_history,historical_sp500_midquotes,MSFT,dqn,1061055793,21.79131062092165,21.54926670485359,0.9326235194690896,-4.9197958907667925,5.852419410235909,99.06737648053092,0
dqn_verified_history,historical_sp500_midquotes,MSFT,dqn,1067007710,15.323230206611695,15.259954168601007,0.0336774501556504,2.5154728782217077,-2.4817954280660506,99.96632254984436,0
dqn_verified_history,historical_sp500_midquotes,MSFT,dqn,40720655,5.660558221554311,5.652588025573139,0.934406447389378,0.892759541039577,0.041646906349797,99.06559355261062,0
dqn_verified_history,historical_sp500_midquotes,MSFT,dqn,1966159132,1.782563654358455,1.7484521543827864,0.74692988431282,1.8469298843125728,-1.0999999999997383,99.25307011568718,0
dqn_verified_history,historical_sp500_midquotes,MSFT,dqn,188577770,-36.80190862918587,-36.94653638811222,0.3688248262644862,-3.8029956472017687,4.1718204734662665,99.63117517373551,1
dqn_verified_history,historical_sp500_midquotes,MSFT,dqn,1402152033,17.120874555250396,16.98091415947039,0.8739269764698463,3.741128115689245,-2.8672011392193757,99.12607302353015,8
dqn_verified_history,historical_sp500_midquotes,MSFT,dqn,2092728533,22.80361101769995,22.631858415881126,0.3375842759529917,4.144304547434011,-3.8067202714809834,99.662415724047,0
dqn_verified_history,historical_sp500_midquotes,MSFT,dqn,1437347273,4.837611823322732,4.782479960922292,0.1642622196982444,2.3480175127208733,-2.1837552930226325,99.83573778030176,0
dqn_verified_history,historical_sp500_midquotes,MSFT,dqn,1045146178,-20.23392757599242,-20.27735554216591,0.3815143787542894,2.083937767148753,-1.7024233883944473,99.61848562124572,15
dqn_verified_history,historical_sp500_midquotes,MSFT,dqn,528283994,18.06157814946318,18.061555416789147,0.0427911893314529,0.0476787940611872,-0.0048876047297222,99.95720881066856,8
dqn_verified_history,historical_sp500_midquotes,MSFT,dqn,36265689,21.15577717668566,21.15350129611305,0.7045619008694501,0.4770619008694829,0.2274999999999778,99.29543809913056,0
dqn_verified_history,historical_sp500_midquotes,MSFT,dqn,1193742096,-39.271297358323615,-39.37736212696764,0.0967586438674459,3.256758643867002,-3.159999999999563,99.90324135613255,7
dqn_verified_history,historical_sp500_midquotes,MSFT,dqn,793249015,6.350302293409186,6.3352928999325915,0.4631244716614162,1.2251282984485543,-0.7620038267871059,99.53687552833858,0
dqn_verified_history,historical_sp500_midquotes,MSFT,dqn,1309854583,-32.02627049575851,-32.02935431956896,0.0203218715710562,0.5553218715710067,-0.534999999999954,99.97967812842894,9
dqn_verified_history,historical_sp500_midquotes,MSFT,dqn,1144601564,23.00086543155885,22.99626000176827,0.6786331697298351,0.6786331697298227,0.0,99.32136683027016,0
dqn_verified_history,historical_sp500_midquotes,MSFT,dqn,982973886,2.3033441691984624,2.300380591546633,0.5418875138014698,0.5443875138014569,-0.0024999999999977,99.45811248619852,11
dqn_verified_history,historical_sp500_midquotes,MSFT,dqn,715231342,19.54109186635469,19.2075614590154,0.4401628675600761,-5.775209150665368,6.2153720182254295,99.55983713243992,0
dqn_verified_history,historical_sp500_midquotes,MSFT,dqn,2130732657,-38.506191251042296,-38.50918726350061,0.5123584253768314,0.5473584253768067,-0.0350000000000001,99.48764157462315,19
dqn_verified_history,historical_sp500_midquotes,MSFT,dqn,1234679122,15.50065306731085,15.497249143995395,0.632735314434612,0.5834315140147341,0.0493038004198475,99.3672646855654,0
dqn_verified_history,historical_sp500_midquotes,MSFT,dqn,490149342,15.92544370962787,15.865472995791253,0.3246849087246346,2.44889186851151,-2.124206959786896,99.67531509127537,0
dqn_verified_history,historical_sp500_midquotes,MSFT,dqn,381953676,16.460959020203518,16.452621781522783,0.9130848088065732,0.9130848088065884,0.0,99.08691519119344,0
dqn_verified_history,historical_sp500_midquotes,MSFT,dqn,478640128,17.519190558465198,17.519058008224043,27.016327402467965,0.1151304656265388,26.901196936841416,72.98367259753203,0
dqn_verified_history,historical_sp500_midquotes,MSFT,dqn,951876364,-31.728447633847505,-31.72941676732348,0.238809086918053,0.3113090869180368,-0.0724999999999873,99.76119091308196,4
dqn_verified_history,historical_sp500_midquotes,MSFT,dqn,723990043,21.852501915598623,21.759750883829064,6.0505054058325385,3.0455054058326425,3.0049999999998924,93.94949459416746,0
dqn_verified_history,historical_sp500_midquotes,MSFT,dqn,487116369,-28.571189833876502,-29.157241593076105,0.7254017477832804,7.655401747783074,-6.929999999999808,99.27459825221672,3
dqn_verified_history,historical_sp500_midquotes,MSFT,dqn,1985429050,19.248841642036496,19.157891003894065,0.98932653177755,3.0158023499962576,-2.0264758182187017,99.01067346822244,0
dqn_verified_history,historical_sp500_midquotes,MSFT,dqn,1628956857,1.0860287794754842,1.0522833860568042,0.3534536911631676,1.8369919275456792,-1.4835382363825436,99.64654630883685,2
dqn_verified_history,historical_sp500_midquotes,MSFT,dqn,1189523478,15.505130564590829,9.990419886302494,0.9766412301489424,-23.48342112701711,24.460062357166027,99.02335876985106,2
dqn_verified_history,historical_sp500_midquotes,MSFT,dqn,1296530916,-23.25498201834246,-23.28707571548005,7.888964826541439,1.7914713823444472,6.097493444196978,92.11103517345856,2
dqn_verified_history,historical_sp500_midquotes,MSFT,dqn,707561452,18.85180054097509,18.346407137122647,7.4466026427562895,7.10910264275629,0.3374999999999879,92.55339735724372,0
dqn_verified_history,historical_sp500_midquotes,MSFT,dqn,901155818,18.597667263715262,18.59690643920444,0.1333304752602373,0.2758304752601894,-0.1425000000000054,99.86666952473976,0
dqn_verified_history,historical_sp500_midquotes,MSFT,dqn,1820860524,-27.017760166682415,-27.01853118023807,0.2726713085024101,0.2776713085023994,-0.004999999999999,99.7273286914976,29
dqn_verified_history,historical_sp500_midquotes,MSFT,dqn,1044185241,-32.29406639536188,-32.30386483986946,0.9823914227189904,0.9898709263122706,-0.0074795035932643,99.017608577281,29
dqn_verified_history,historical_sp500_midquotes,MSFT,dqn,591637826,7.783701854707033,6.939361011329376,0.3061978834153223,-9.188802116585478,9.4950000000008,99.69380211658468,0
dqn_verified_history,historical_sp500_midquotes,MSFT,dqn,27222720,-28.638469433938777,-29.031892648832283,0.599845772464576,6.272345772464279,-5.672499999999719,99.40015422753542,4
dqn_verified_history,historical_sp500_midquotes,MSFT,dqn,64598572,21.41779824256446,20.46827863215959,0.277035023723954,9.744329686565775,-9.467294662841809,99.72296497627605,0
dqn_verified_history,historical_sp500_midquotes,MSFT,dqn,824692580,17.348421918284178,17.34060377969804,0.8817023855507671,0.8842023855507954,-0.0025000000000012,99.11829761444923,20
dqn_verified_history,historical_sp500_midquotes,MSFT,dqn,1292888439,20.82659104144659,20.437418013804603,0.9416414593339936,6.238373406922566,-5.296731947588615,99.058358540666,0
dqn_verified_history,historical_sp500_midquotes,MSFT,dqn,1567077053,-28.308210949884597,-28.452514660721164,0.9862671739567616,-3.7987328260429982,4.784999999999727,99.01373282604324,0
dqn_verified_history,historical_sp500_midquotes,MSFT,dqn,1386223455,-33.17586211355956,-33.17673702486377,0.8682889964501754,0.2957889964500357,0.5725000000001153,99.13171100354982,0
dqn_verified_history,historical_sp500_midquotes,MSFT,dqn,2103330825,18.750151307285705,18.235581407241785,7.680852772894397,7.1733527728944075,0.5074999999999648,92.3191472271056,0
dqn_verified_history,historical_sp500_midquotes,MSFT,dqn,1713764255,16.37509913932081,16.064234874479407,0.8930202882005034,5.575520288200945,-4.682500000000445,99.1069797117995,0
dqn_verified_history,historical_sp500_midquotes,MSFT,dqn,338169861,20.77639575816074,20.77266229596144,0.6035206378915632,0.6110206378915923,-0.0075000000000002,99.39647936210844,17
dqn_verified_history,historical_sp500_midquotes,MSFT,dqn,460890984,-30.18596842464061,-30.240087107884676,0.4188422629540866,2.3263422629541175,-1.9074999999999989,99.58115773704591,16
dqn_verified_history,historical_sp500_midquotes,MSFT,dqn,1844393987,-35.90632500205659,-38.11886023304418,0.098704019673903,-14.874593207841308,14.97329722751523,99.9012959803261,2
dqn_verified_history,historical_sp500_midquotes,MSFT,dqn,1032412864,11.145010584641568,10.553283619171657,0.6188771976102885,7.692379121376633,-7.073501923766352,99.38112280238973,0
dqn_verified_history,historical_sp500_midquotes,MSFT,dqn,285977676,20.9168047555886,20.91579148037748,0.4833198409025954,0.318319840902583,0.1650000000000275,99.5166801590974,0
dqn_verified_history,historical_sp500_midquotes,MSFT,dqn,1194047159,-34.11269587558288,-34.17244077096339,0.4152491909627542,-2.444276894717742,2.8595260856804945,99.58475080903725,1
dqn_verified_history,historical_sp500_midquotes,MSFT,dqn,410795716,17.155064351396504,16.918074845661565,0.5831567942597644,4.868156794259411,-4.284999999999659,99.41684320574024,0
dqn_verified_history,historical_sp500_midquotes,MSFT,dqn,1688827796,17.50813917729647,17.017086878939637,0.6275123856965763,7.0075123856960495,-6.379999999999477,99.37248761430342,0
dqn_verified_history,historical_sp500_midquotes,MSFT,dqn,1615174803,4.631747615558211,4.604224163806531,0.4485540660869276,1.659019341408648,-1.210465275321732,99.55144593391309,2
dqn_verified_history,historical_sp500_midquotes,MSFT,dqn,573603312,4.796457214159091,4.75495206865461,0.5494629232319284,2.037281166272363,-1.4878182430404383,99.45053707676809,0
dqn_verified_history,historical_sp500_midquotes,MSFT,dqn,1292648848,-24.858419437205157,-25.225257316269666,10.6684131425435,6.0567142830457845,4.611698859497717,89.3315868574565,0
dqn_verified_history,historical_sp500_midquotes,MSFT,dqn,504177273,25.346143878670773,25.13919861189775,4.2566237263121,4.549123726312768,-0.2925000000006363,95.7433762736879,0
dqn_verified_history,historical_sp500_midquotes,MSFT,dqn,2023171617,14.234331414632834,14.228101446778457,0.9891985062546808,0.7893014540957539,0.1998970521589216,99.01080149374532,0
dqn_verified_history,historical_sp500_midquotes,MSFT,dqn,155866399,17.866443144270306,17.82486782057543,0.7419455695713424,2.039002788003894,-1.2970572184325635,99.25805443042866,0
dqn_verified_history,historical_sp500_midquotes,MSFT,dqn,426465092,22.217688470912137,22.050746293216317,3.4961704049263034,4.085855818501416,-0.5896854135751242,96.5038295950737,2
dqn_verified_history,historical_sp500_midquotes,MSFT,dqn,2075242093,19.677880282554018,19.677753868845837,0.4401202540136069,0.1124338508547365,0.3276864031588623,99.5598797459864,1
dqn_verified_history,historical_sp500_midquotes,MSFT,dqn,426948909,14.649640762603669,14.590417116398449,0.4707685980259839,2.433590890129656,-1.9628222921036669,99.52923140197402,0
dqn_verified_history,historical_sp500_midquotes,MSFT,dqn,40870105,-37.20390644511106,-37.20405952447966,0.1163431462432953,0.1237252474653112,-0.0073821012220327,99.8836568537567,15
dqn_verified_history,historical_sp500_midquotes,MSFT,dqn,1146798258,-38.82755768114778,-38.98885387707361,0.1336722179417648,4.01616976640467,-3.8824975484628927,99.86632778205824,2
dqn_verified_history,historical_sp500_midquotes,MSFT,dqn,2070376215,16.122772817734585,15.803293818869628,0.4498793023914658,5.652247330619537,-5.2023680282280855,99.55012069760852,0
dqn_verified_history,historical_sp500_midquotes,MSFT,dqn,511062834,1.7400561436289572,1.739263410876181,0.1665551016721593,0.2815551016721489,-0.1149999999999735,99.83344489832784,10
dqn_verified_history,historical_sp500_midquotes,MSFT,dqn,1541412974,6.707497194420284,-2.560858671891149,33.31897455377906,30.443974553779,2.8750000000000497,66.68102544622094,0
dqn_verified_history,historical_sp500_midquotes,MSFT,dqn,376403019,20.96267060507853,20.875645444358923,3.557502724059802,2.950002724059858,0.6074999999999839,96.4424972759402,0
dqn_verified_history,historical_sp500_midquotes,MSFT,dqn,1108559752,-25.73972292868889,-26.564121598382368,0.2521402444895813,9.07964024448919,-8.827499999999599,99.74785975551042,6
dqn_verified_history,historical_sp500_midquotes,MSFT,dqn,1393048108,-24.511405279787564,-24.953770623698176,0.5116217775520511,6.651055133665726,-6.139433356113683,99.48837822244796,14
dqn_verified_history,historical_sp500_midquotes,MSFT,dqn,2023564002,19.361917712116337,19.355315248630077,0.8875554434167583,0.812555443416743,0.0750000000000099,99.11244455658324,0
dqn_verified_history,historical_sp500_midquotes,MSFT,dqn,916344601,22.44631776891947,22.44578259841361,0.0289864014223155,-0.2313375252441113,0.2603239266664438,99.97101359857768,0
dqn_verified_history,historical_sp500_midquotes,MSFT,dqn,486149422,23.476585625845473,19.211894151200003,40.0777799567585,20.651129447673,19.426650509085498,59.9222200432415,0
dqn_verified_history,historical_sp500_midquotes,MSFT,dqn,410404482,24.315867036140844,24.078703695506473,5.394957138191884,4.869941895283476,0.5250152429084282,94.60504286180812,0
dqn_verified_history,historical_sp500_midquotes,MSFT,dqn,848518413,22.984118280450087,22.297076548023423,0.7162980577803069,8.288798057780514,-7.572500000000211,99.2837019422197,1
dqn_verified_history,historical_sp500_midquotes,MSFT,dqn,1216465325,-34.603092165227444,-34.60354871285563,0.1561697517618512,0.2136697517618273,-0.0574999999999903,99.84383024823816,23
dqn_verified_history,historical_sp500_midquotes,MSFT,dqn,1701726968,21.83010794818074,21.35042209810668,0.807385887358663,6.925935677394492,-6.11854979003583,99.19261411264134,0
dqn_verified_history,historical_sp500_midquotes,MSFT,dqn,1739537596,19.16411759235234,19.04277778375616,0.6341135931224926,-3.483386406877379,4.117499999999886,99.36588640687752,0
dqn_verified_history,historical_sp500_midquotes,MSFT,dqn,2050860255,8.231122374876577,7.58010659340588,0.9899146278548728,8.068554898311698,-7.078640270456824,99.01008537214511,0
dqn_verified_history,historical_sp500_midquotes,MSFT,dqn,218238821,14.46825978556808,14.450195565485048,0.266531996755674,1.3440319967557324,-1.077500000000068,99.73346800324433,0
dqn_verified_history,historical_sp500_midquotes,MSFT,dqn,128588240,16.73310109546037,14.900144419217998,0.2786730377931405,13.53867303779204,-13.25999999999891,99.72132696220686,0
dqn_verified_history,historical_sp500_midquotes,MSFT,dqn,1162542574,9.35671135786928,9.331683516596089,0.5820190034635573,1.5820190034633552,-0.9999999999998296,99.41798099653644,20
dqn_verified_history,historical_sp500_midquotes,MSFT,dqn,1005643756,20.088798713647847,19.962782857458805,0.0448712115941276,3.54987121159407,-3.5049999999999564,99.95512878840589,5
dqn_verified_history,historical_sp500_midquotes,MSFT,dqn,711572297,0.8183187262493448,0.8120047214048502,0.7896071258486614,0.7946071258486516,-0.004999999999999,99.21039287415134,5
dqn_verified_history,historical_sp500_midquotes,MSFT,dqn,501043199,-33.754614951882104,-34.02932554999626,0.7662841757935865,5.241284175792718,-4.4749999999991665,99.2337158242064,0
dqn_verified_history,historical_sp500_midquotes,MSFT,dqn,1291999351,22.561037813005896,20.34149274975622,27.383137679755848,14.898137679756072,12.484999999999776,72.61686232024415,0
dqn_verified_history,historical_sp500_midquotes,MSFT,dqn,102182588,-18.52306405649506,-18.69948855678055,1.6577916599382547,4.200291659938548,-2.5425000000003237,98.34220834006176,0
dqn_verified_history,historical_sp500_midquotes,MSFT,dqn,2119210718,20.159398328572937,19.52296012786145,0.988771887100313,7.977707695268642,-6.988935808168341,99.01122811289969,0
dqn_verified_history,historical_sp500_midquotes,MSFT,dqn,1109208492,21.335400018453583,21.260058351486,0.9176563438406332,-2.7448436561593432,3.6624999999999694,99.08234365615937,0
dqn_verified_history,historical_sp500_midquotes,MSFT,dqn,1274300456,-26.61831535413694,-26.66188503760697,0.4551647736880397,-2.087335226312037,2.542500000000082,99.54483522631196,0
dqn_verified_history,historical_sp500_midquotes,MSFT,dqn,1256771816,-36.72222267751362,-37.26574255024833,0.6765370646013906,7.3723800277434846,-6.69584296314211,99.3234629353986,4
dqn_verified_history,historical_sp500_midquotes,MSFT,dqn,1077857574,5.233489228538019,5.05831936245443,0.5620709155862187,4.185329928256428,-3.623259012670219,99.43792908441378,0
dqn_verified_history,historical_sp500_midquotes,MSFT,dqn,1100698389,21.135545497942076,21.099702210113875,0.2667676363372209,-1.893232363662733,2.1599999999999895,99.73323236366278,0
dqn_verified_history,historical_sp500_midquotes,MSFT,dqn,795778257,18.567657803402632,18.56719937464943,0.2066094937649438,0.2141094937649512,-0.0075000000000002,99.79339050623506,2
dqn_verified_history,historical_sp500_midquotes,MSFT,dqn,1548246893,20.21789847067521,19.93518356515436,0.904594183112522,5.3170941831121405,-4.412499999999632,99.09540581688748,0
dqn_verified_history,historical_sp500_midquotes,MSFT,dqn,633707972,19.33321899427392,19.32979035728673,0.9330456418754808,0.5855456418754841,0.3474999999999966,99.06695435812452,0
dqn_verified_history,historical_sp500_midquotes,MSFT,dqn,983296256,-24.34018179093071,-24.9902097456586,7.573085332352875,8.062431114297265,-0.4893457819443715,92.42691466764713,1
dqn_verified_history,historical_sp500_midquotes,MSFT,dqn,487951037,21.61542667301728,21.333027979894375,0.7155381878376659,5.314119805978279,-4.598581618140581,99.28446181216232,0
dqn_verified_history,historical_sp500_midquotes,MSFT,dqn,978154369,19.054341460880096,18.76954178816986,0.5521613898500419,5.336662559224018,-4.784501169373986,99.44783861014996,0
dqn_verified_history,historical_sp500_midquotes,MSFT,dqn,554788091,21.884326299279564,21.327329483101916,0.8432219327691683,7.463221932769027,-6.619999999999862,99.15677806723085,0
dqn_verified_history,historical_sp500_midquotes,MSFT,dqn,2090199347,-28.56789290956709,-28.568082835875018,0.1304824496655925,0.1378137540033097,-0.0073313043377154,99.8695175503344,29
dqn_verified_history,historical_sp500_midquotes,MSFT,dqn,2069017976,3.1920719528188783,3.0806172082566032,0.0900393237047154,3.3384838559183585,-3.248444532213661,99.90996067629528,0
dqn_verified_history,historical_sp500_midquotes,MSFT,dqn,945043387,19.975852411174856,19.50993496936462,0.9833145434096338,6.8258145434097255,-5.842500000000086,99.01668545659037,0
dqn_verified_history,historical_sp500_midquotes,MSFT,dqn,1939521563,22.97617076730785,22.830544237010425,0.9061044311892488,3.8161044311892582,-2.909999999999986,99.09389556881077,0
dqn_verified_history,historical_sp500_midquotes,MSFT,dqn,837962510,20.26610797565627,19.775672610385683,0.3726121267226858,7.003109061485361,-6.630496934762673,99.62738787327731,0
dqn_verified_history,historical_sp500_midquotes,MSFT,dqn,1294936529,-26.900870717609184,-26.915035947541664,1.1851777149854286,1.1901777149854214,-0.004999999999999,98.81482228501456,25
dqn_verified_history,historical_sp500_midquotes,MSFT,dqn,1783232423,11.92971511524047,11.322125675301203,0.1473023704214426,7.794802370421365,-7.6474999999999405,99.85269762957856,0
dqn_verified_history,historical_sp500_midquotes,MSFT,dqn,133555220,14.908680683351122,14.666204923209778,0.6957737006024161,4.924182776272071,-4.228409075669655,99.30422629939758,0
dqn_verified_history,historical_sp500_midquotes,MSFT,dqn,727659984,-33.68786101095793,-34.272007652431334,0.200156037194418,-7.642948655286164,7.843104692480603,99.79984396280558,0
dqn_verified_history,historical_sp500_midquotes,MSFT,dqn,1045640949,31.687414230020295,31.577286983469246,1.3035425498405004,3.318542549840954,-2.015000000000427,98.6964574501595,0
dqn_verified_history,historical_sp500_midquotes,MSFT,dqn,1498406538,20.65536896681442,20.55118822889892,0.4752041053277764,3.22770410532787,-2.752500000000069,99.52479589467222,0
dqn_verified_history,historical_sp500_midquotes,MSFT,dqn,894023265,4.693325071993968,4.693230685237117,0.7071609125978711,0.0971528470255408,0.6100080655723067,99.29283908740211,0
dqn_verified_history,historical_sp500_midquotes,MSFT,dqn,1456034043,14.417457355924851,14.281865749402202,0.2898863612967091,-3.6822765583623824,3.972162919659097,99.71011363870328,0
dqn_verified_history,historical_sp500_midquotes,MSFT,dqn,2145465691,13.087577402724492,12.65176126590576,0.2966371970804431,6.601637197080212,-6.304999999999776,99.70336280291956,0
dqn_verified_history,historical_sp500_midquotes,MSFT,dqn,1645332470,-32.06927048549344,-32.836811700251936,0.1360616163200774,8.760942955860939,-8.624881339540861,99.86393838367992,7
dqn_verified_history,historical_sp500_midquotes,MSFT,dqn,1703360263,4.032703022154237,3.932380124286864,0.4209379280350305,-3.167379009013188,3.58831693704822,99.57906207196496,0
dqn_verified_history,historical_sp500_midquotes,MSFT,dqn,1254093673,18.06768686205242,17.879274736690945,0.0331465573857343,4.340646557386039,-4.3075000000003065,99.96685344261428,5
dqn_verified_history,historical_sp500_midquotes,MSFT,dqn,679604879,22.627990455812323,21.624953213693885,0.795174697021622,10.015174697020717,-9.219999999999118,99.20482530297838,0
dqn_verified_history,historical_sp500_midquotes,MSFT,dqn,1800514979,20.183723291293063,20.16325483341092,0.3806801837645821,1.4306801837637648,-1.04999999999918,99.61931981623542,0
dqn_verified_history,historical_sp500_midquotes,MSFT,dqn,1009107304,18.29765975047485,18.294643356044123,0.374446915739469,0.5492171183354969,-0.1747702025960332,99.62555308426052,0
dqn_verified_history,historical_sp500_midquotes,MSFT,dqn,1459119855,19.54620478168181,18.48135035428991,0.6391783945806964,10.319178394581122,-9.68000000000044,99.3608216054193,0
dqn_verified_history,historical_sp500_midquotes,MSFT,dqn,2082327116,16.345721375426365,16.06732579138194,0.4813205365517774,5.276320536552189,-4.795000000000432,99.51867946344822,0
dqn_verified_history,historical_sp500_midquotes,MSFT,dqn,1795215048,12.379097862734852,12.211403877247635,0.0677528495020709,4.095045610090524,-4.027292760588449,99.93224715049791,0
dqn_verified_history,historical_sp500_midquotes,MSFT,dqn,1559844699,19.55120355960935,19.506647857884104,0.0227383437964903,-2.110822155588752,2.133560499385264,99.97726165620352,0
dqn_verified_history,historical_sp500_midquotes,MSFT,dqn,1337581818,18.91485957851728,18.215101958835472,0.6916327587009619,8.365151640477347,-7.673518881776387,99.30836724129904,0
dqn_verified_history,historical_sp500_midquotes,MSFT,dqn,1567278356,17.869116146175656,17.595335184429633,0.5899082576382284,5.2324082576383795,-4.642500000000133,99.41009174236176,0
dqn_verified_history,historical_sp500_midquotes,MSFT,dqn,1391644635,17.281363296041103,17.279662070583594,0.5119956935265435,0.4124591443414834,0.0995365491850565,99.48800430647346,5
dqn_verified_history,historical_sp500_midquotes,MSFT,dqn,1226640195,19.537333661211,19.100222592198943,0.4489375820391217,6.611437582039609,-6.162500000000481,99.55106241796088,13
dqn_verified_history,historical_sp500_midquotes,MSFT,dqn,573081701,14.24909590068637,14.084632254849875,32.9354117649948,4.055411764993693,28.880000000001083,67.0645882350052,0
dqn_verified_history,historical_sp500_midquotes,MSFT,dqn,856702353,20.48309104533585,20.4805176542214,0.494786025280618,0.5072860252806186,-0.0124999999999992,99.50521397471938,9
dqn_verified_history,historical_sp500_midquotes,MSFT,dqn,969233424,14.285758877533226,14.281447235646135,0.9333690620226348,-0.6566309379773023,1.5899999999999253,99.06663093797737,0
dqn_verified_history,historical_sp500_midquotes,MSFT,dqn,2038887002,-2.661721711603692,-2.6715096112948475,0.9818381470031596,0.9893381470031152,-0.0074999999999967,99.01816185299684,15
dqn_verified_history,historical_sp500_midquotes,MSFT,dqn,748193112,-29.185204545319504,-29.98020595688172,0.9696909308997448,8.916285165707826,-7.946594234808095,99.03030906910026,4
dqn_verified_history,historical_sp500_midquotes,MSFT,dqn,1403188372,-32.216196292488036,-32.63562526909141,0.7234949626813005,-6.4763336588179,7.199828621499209,99.2765050373187,3
dqn_verified_history,historical_sp500_midquotes,MSFT,dqn,688156671,3.99645556201358,-8.0741278567793,37.86482833121526,34.74274516901749,3.122083162197812,62.13517166878474,0
dqn_verified_history,historical_sp500_midquotes,MSFT,dqn,1293707997,17.40910924664182,17.402669436523166,0.6524842751514512,0.8024842751514596,-0.1500000000000056,99.34751572484856,2
dqn_verified_history,historical_sp500_midquotes,MSFT,dqn,1017816127,21.15798897217096,21.15242372035844,0.7534980641647451,0.7460061536289789,0.0074919105357512,99.24650193583524,11
dqn_verified_history,historical_sp500_midquotes,MSFT,dqn,928547401,18.20444104723356,17.399741112086062,0.8273012503549211,8.970506870559198,-8.143205620204274,99.17269874964508,0
dqn_verified_history,historical_sp500_midquotes,MSFT,dqn,804851501,6.009366202912133,6.006202950571227,0.8771028004065613,-0.5624279812478956,1.439530781654475,99.12289719959344,0
dqn_verified_history,historical_sp500_midquotes,MSFT,dqn,1120019183,10.357142076520176,10.326684683934666,0.5477046466103701,1.7452046466105422,-1.1975000000001792,99.45229535338964,0
dqn_verified_history,historical_sp500_midquotes,MSFT,dqn,1119490863,-26.38425486603228,-26.509341791403987,0.8617630026868,3.536763002686346,-2.6749999999995175,99.1382369973132,0
dqn_verified_history,historical_sp500_midquotes,MSFT,dqn,783363503,5.283789703360235,5.281811159227679,0.0540814899206907,0.4448082882045853,-0.3907267982838875,99.94591851007932,5
dqn_verified_history,historical_sp500_midquotes,MSFT,dqn,205944131,21.52969896385548,21.204409584569103,0.5634145850208938,5.703414585021649,-5.140000000000757,99.4365854149791,0
dqn_verified_history,historical_sp500_midquotes,MSFT,dqn,446079182,14.967316564872815,14.82310342004815,0.3375405833877209,3.797540583386402,-3.459999999998683,99.66245941661228,0
dqn_verified_history,historical_sp500_midquotes,MSFT,dqn,2128949063,20.41883357007889,20.279648515268303,0.1267486707024261,-3.7307513292979415,3.857500000000371,99.87325132929756,1
dqn_verified_history,historical_sp500_midquotes,MSFT,dqn,708828196,16.85376872971162,16.846002439103415,0.3693455157555689,0.8812656017460011,-0.5119200859904464,99.63065448424445,12
dqn_verified_history,historical_sp500_midquotes,MSFT,dqn,907135295,19.524054199338934,19.5160177362499,0.1464632222815396,0.8964632222815165,-0.7499999999999787,99.85353677771846,0
dqn_verified_history,historical_sp500_midquotes,MSFT,dqn,1179243183,4.238433911126776,4.221292589385297,0.9832960941668318,1.3092487059943865,-0.3259526118275561,99.01670390583315,0
dqn_verified_history,historical_sp500_midquotes,MSFT,dqn,1200595667,0.6997654982606036,0.6788855914234319,0.2074881258052414,1.4449881258049082,-1.2374999999996987,99.79251187419476,0
dqn_verified_history,historical_sp500_midquotes,MSFT,dqn,1138669996,-30.509853741542248,-30.533903065445475,0.9207844435390342,1.5507844435390634,-0.6300000000000239,99.07921555646097,23
dqn_verified_history,historical_sp500_midquotes,MSFT,dqn,299092708,18.775293986784163,18.774928392626514,0.0301800035044834,-0.1912051666796721,0.2213851701841751,99.96981999649552,0
dqn_verified_history,historical_sp500_midquotes,MSFT,dqn,1606240066,17.837289466117,16.968667673221088,21.154988159304793,9.319988159305309,11.834999999999493,78.84501184069521,0
dqn_verified_history,historical_sp500_midquotes,MSFT,dqn,1592479411,6.507788761802658,5.3496635245247806,11.708776169699831,10.761622727441608,0.9471534422582408,88.29122383030017,0
dqn_verified_history,historical_sp500_midquotes,MSFT,dqn,1232823009,14.072258635895196,13.868325838010314,0.9131620417929014,4.515891915058209,-3.602729873265294,99.0868379582071,0
dqn_verified_history,historical_sp500_midquotes,MSFT,dqn,1380936168,22.040936003015915,22.04093448790671,0.2898089772174614,0.0123089772174562,0.2775000000000034,99.71019102278254,2
dqn_verified_history,historical_sp500_midquotes,MSFT,dqn,1485723813,6.645626096740671,6.190320388204585,0.6198252463038614,6.7476344635441405,-6.127809217240281,99.38017475369614,0
dqn_verified_history,historical_sp500_midquotes,MSFT,dqn,1476988550,19.531668489458752,19.492797527614343,0.6025622874037566,1.9715720084341015,-1.3690097210303325,99.39743771259624,0
dqn_verified_history,historical_sp500_midquotes,MSFT,dqn,426644302,22.4833445140244,22.483270242328732,0.4061810278807911,0.0861810278808121,0.3199999999999789,99.5938189721192,2
dqn_verified_history,historical_sp500_midquotes,MSFT,dqn,1492118510,24.9979464694934,18.728142286506532,31.392077039133127,25.039577039133203,6.352499999999914,68.60792296086687,0
dqn_verified_history,historical_sp500_midquotes,MSFT,dqn,1871437067,-26.92070088379635,-26.922555928192672,0.1657022633237517,0.4307022633237536,-0.2649999999999579,99.83429773667623,7
dqn_verified_history,historical_sp500_midquotes,MSFT,dqn,1821522104,-33.07268911356652,-33.54895537319412,0.9962046747480856,6.901204674747735,-5.904999999999639,99.00379532525191,15
dqn_verified_history,historical_sp500_midquotes,MSFT,dqn,1233002065,24.189981749361323,23.75162474442007,0.3108534566257077,6.620853456626676,-6.310000000000986,99.68914654337428,0
dqn_verified_history,historical_sp500_midquotes,MSFT,dqn,1249666141,-39.291190027049886,-39.514588677015944,0.7258429193455527,4.726506637740594,-4.00066371839507,99.27415708065443,4
dqn_verified_history,historical_sp500_midquotes,MSFT,dqn,1377485117,-31.464172448612445,-31.46695952779395,0.3079279478778858,0.5279279478780126,-0.2200000000001409,99.69207205212211,5
dqn_verified_history,historical_sp500_midquotes,MSFT,dqn,1667673182,12.061625598336832,11.980656480781866,0.9405072931727858,2.845507293172288,-1.904999999999493,99.0594927068272,0
dqn_verified_history,historical_sp500_midquotes,MSFT,dqn,257835634,20.66386933698595,19.944354659369285,10.784921102590118,8.48242110259017,2.302499999999913,89.21507889740988,0
dqn_verified_history,historical_sp500_midquotes,MSFT,dqn,1475908961,-32.895201794307724,-32.89677692806593,0.221879548252005,0.3968795482520222,-0.1750000000000078,99.778120451748,10
dqn_verified_history,historical_sp500_midquotes,MSFT,dqn,847186143,16.113926543061098,15.719930426688368,0.4144109948511953,6.276910994850331,-5.862499999999141,99.5855890051488,0
dqn_verified_history,historical_sp500_midquotes,MSFT,dqn,454152926,22.212805053354444,21.490165353192012,0.9418140098823784,8.50082172594174,-7.559007716059336,99.05818599011762,4
dqn_verified_history,historical_sp500_midquotes,MSFT,dqn,745543570,17.635735007312178,17.018860036138044,0.9216388526965318,7.854138852695027,-6.932499999998491,99.07836114730348,0
dqn_verified_history,historical_sp500_midquotes,MSFT,dqn,2040040035,20.904926013525255,20.902540048769357,0.913463382035772,0.4884633820358193,0.4249999999999794,99.08653661796424,0
dqn_verified_history,historical_sp500_midquotes,MSFT,dqn,857589213,-26.11448415937487,-26.114561584826586,0.0138191644410738,0.0879917335371409,-0.0741725690960453,99.98618083555893,11
dqn_verified_history,historical_sp500_midquotes,MSFT,dqn,447631993,15.916502447429592,15.213732514270278,0.6131374386872039,8.383137438687946,-7.770000000000735,99.3868625613128,0
dqn_verified_history,historical_sp500_midquotes,MSFT,dqn,1053736358,1.6975862689814676,1.6934274511975067,0.3398889659437998,0.6448889659438173,-0.3050000000000104,99.6601110340562,0
dqn_verified_history,historical_sp500_midquotes,MSFT,dqn,1123074415,-25.53657639309677,-25.81894536844833,0.3086598127960513,-5.31384018720513,5.622500000001185,99.69134018720396,0
dqn_verified_history,historical_sp500_midquotes,MSFT,dqn,896949228,3.6281541359712137,3.627726918487608,0.2017254810200199,0.2066924003454523,-0.0049669193254199,99.79827451897998,4
dqn_verified_history,historical_sp500_midquotes,MSFT,dqn,532798302,-34.575005447053556,-34.92902295429607,0.1566075889661107,5.949937035318264,-5.793329446352155,99.84339241103388,9
dqn_verified_history,historical_sp500_midquotes,MSFT,dqn,1798006985,-35.812023535625485,-36.26351388155489,0.3243031329846104,6.7193031329849155,-6.395000000000316,99.6756968670154,0
dqn_verified_history,historical_sp500_midquotes,MSFT,dqn,1380983522,11.965287884213469,11.80974245082956,4.27892486469905,3.943924864698986,0.3350000000000328,95.72107513530096,0
dqn_verified_history,historical_sp500_midquotes,MSFT,dqn,516067115,18.115824656353652,18.018401481152477,0.2537314245458617,-3.121268575454124,3.3750000000000036,99.74626857545414,0
dqn_verified_history,historical_sp500_midquotes,MSFT,dqn,181677896,-36.50621938160996,-36.6017541758345,0.9703404691999822,3.090870334137998,-2.1205298649380144,99.02965953080002,7
dqn_verified_history,historical_sp500_midquotes,MSFT,dqn,1412098877,16.61346412232524,16.612824250609027,0.1381416768575718,-0.2529568572330355,0.3910985340905967,99.86185832314244,0
dqn_verified_history,historical_sp500_midquotes,MSFT,dqn,592480532,19.16312604317529,18.919392007425092,0.8337081915269664,4.936942735643166,-4.103234544116212,99.16629180847303,5
dqn_verified_history,historical_sp500_midquotes,MSFT,dqn,1462116845,20.77165501937816,20.68503454242857,0.051124949496085,2.943135690884601,-2.8920107413885434,99.94887505050391,0
dqn_verified_history,historical_sp500_midquotes,MSFT,dqn,1877161225,22.420873953687988,22.36249860543209,0.8735990926673622,2.4160990926677197,-1.542500000000352,99.12640090733264,0
dqn_verified_history,historical_sp500_midquotes,MSFT,dqn,1814894336,22.7017860048054,22.701755024255103,1.1568398254613328,-0.0556601745387439,1.2125000000000696,98.84316017453868,0
dqn_verified_history,historical_sp500_midquotes,MSFT,dqn,917024862,18.670517357133036,18.66470855041115,0.7596634645783382,0.7621552808901376,-0.0024918163118083,99.24033653542166,3
dqn_verified_history,historical_sp500_midquotes,MSFT,dqn,614922330,19.686925336387503,19.23509083915423,0.3716151218761609,6.721863560302857,-6.350248438426701,99.62838487812384,0
dqn_verified_history,historical_sp500_midquotes,MSFT,dqn,1801437930,1.1238052242133565,0.0414032692320462,0.8432771041149323,10.40385483838231,-9.56057773426736,99.15672289588508,0
dqn_verified_history,historical_sp500_midquotes,MSFT,dqn,1380610365,28.032172755282502,28.03143315019981,0.8080431867559241,-0.2719568132438077,1.0799999999996892,99.19195681324408,6
dqn_verified_history,historical_sp500_midquotes,MSFT,dqn,236614752,0.2576157873886841,0.2515432065060674,0.6976458359088298,0.7792676615012766,-0.0816218255924218,99.30235416409116,18
dqn_verified_history,historical_sp500_midquotes,MSFT,dqn,834408283,2.053941041729966,1.9677647900536992,0.7369208122374431,-2.9355791877628965,3.6725000000003014,99.26307918776256,1
dqn_verified_history,historical_sp500_midquotes,MSFT,dqn,2011776523,20.8992934013786,19.702154408811325,0.9847465109240688,10.94138470472214,-9.956638193798083,99.01525348907592,0
dqn_verified_history,historical_sp500_midquotes,MSFT,dqn,1226258546,2.2264842683871393,2.169053283962043,1.991476255361107,2.396476255361109,-0.4050000000000153,98.0085237446389,0
dqn_verified_history,historical_sp500_midquotes,MSFT,dqn,1616321187,19.768609988297612,19.539844539019104,0.3412595587160041,4.782943124045168,-4.441683565329171,99.658740441284,0
dqn_verified_history,historical_sp500_midquotes,MSFT,dqn,1672306602,20.279863653217035,19.3226109261284,28.999320027439097,9.78392930825153,19.21539071918758,71.0006799725609,0
dqn_verified_history,historical_sp500_midquotes,MSFT,dqn,1762600914,-31.11358962016291,-31.93265925580754,0.5977466024119309,9.050246602411622,-8.45249999999967,99.40225339758808,1
dqn_verified_history,historical_sp500_midquotes,MSFT,dqn,994946334,11.787419865104312,11.670154343760732,0.1421671790803458,3.4244053694558345,-3.2822381903754887,99.85783282091964,0
dqn_verified_history,historical_sp500_midquotes,MSFT,dqn,909382858,17.972419325462397,17.03468452437172,0.4684495873202792,9.683670797227032,-9.215221209906742,99.53155041267972,0
dqn_verified_history,historical_sp500_midquotes,MSFT,dqn,26993609,19.893824453116395,19.673424710258537,0.6346750990660155,4.6946750990655275,-4.059999999999491,99.36532490093398,0
dqn_verified_history,historical_sp500_midquotes,MSFT,dqn,1773145257,19.559635037727553,19.550141733123496,0.9668359073777566,0.9743359073777488,-0.0074999999999896,99.03316409262224,18
dqn_verified_history,historical_sp500_midquotes,MSFT,dqn,706407932,-0.5497895429929922,-0.550401141193224,0.232305115238617,0.2473051152386141,-0.014999999999997,99.76769488476138,19
dqn_verified_history,historical_sp500_midquotes,MSFT,dqn,331383041,-19.43567446397597,-19.846925584730855,0.4396135925002227,-6.412886407499215,6.852499999999452,99.56038640749978,3
dqn_verified_history,historical_sp500_midquotes,MSFT,dqn,279983631,22.63950874763944,21.56292586332675,5.8583512147812655,10.37585121478082,-4.517499999999558,94.14164878521872,3
dqn_verified_history,historical_sp500_midquotes,MSFT,dqn,104944766,-21.62185615661272,-21.62600347431681,0.1764967161478239,0.6439967161479316,-0.4675000000001468,99.82350328385218,1
dqn_verified_history,historical_sp500_midquotes,MSFT,dqn,1398718536,19.294589551594296,19.29034384760251,0.489090668424879,0.6515906684248503,-0.1624999999999801,99.51090933157512,11
dqn_verified_history,historical_sp500_midquotes,MSFT,dqn,1382436732,-29.154719252575887,-30.205683431087117,0.6695915691475847,10.251654395809624,-9.58206282666204,99.33040843085242,0
dqn_verified_history,historical_sp500_midquotes,MSFT,dqn,1822786061,4.136181906562342,4.073298902282717,3.4661073430248166,2.507648386030717,0.9584589569941316,96.53389265697518,0
dqn_verified_history,historical_sp500_midquotes,MSFT,dqn,879773370,18.560178768685045,17.927982900572037,7.723925430402019,-7.951074569597544,15.674999999999557,92.27607456959798,1
dqn_verified_history,historical_sp500_midquotes,MSFT,dqn,2043945046,5.750124528760222,5.45541706753016,0.6561965399632896,5.428696539962998,-4.772499999999702,99.34380346003672,7
dqn_verified_history,historical_sp500_midquotes,MSFT,dqn,1458350865,24.973609198821578,24.962812045702435,0.9750018790934404,1.0390935048945809,-0.0640916258011137,99.02499812090656,0
dqn_verified_history,historical_sp500_midquotes,MSFT,dqn,1570091229,0.3952205551302759,0.1644323466055649,0.1272507270873433,-4.804042136833429,4.931292863920788,99.87274927291266,4
dqn_verified_history,historical_sp500_midquotes,MSFT,dqn,1963377882,19.13819476674871,19.06640008014665,0.9294166436997102,2.679453052435511,-1.7500364087358116,99.07058335630028,0
dqn_verified_history,historical_sp500_midquotes,MSFT,dqn,922385963,18.198765944864135,18.176337650468135,0.8076079058284904,1.4976079058284455,-0.6899999999999409,99.19239209417152,0
dqn_verified_history,historical_sp500_midquotes,MSFT,dqn,1134397302,-21.585206415043796,-21.695565966294858,0.928734923711886,3.3220408072607825,-2.393305883548877,99.07126507628811,4
dqn_verified_history,historical_sp500_midquotes,MSFT,dqn,1361953339,1.360984554611525,1.3599765832964854,0.3077197694015297,0.3174856398389392,-0.0097658704374095,99.69228023059848,8
dqn_verified_history,historical_sp500_midquotes,MSFT,dqn,1031019006,-37.297457906142675,-37.77858814956507,0.3120038186639675,6.9363552635544,-6.624351444890463,99.68799618133605,1
dqn_verified_history,historical_sp500_midquotes,MSFT,dqn,53419154,24.38563765339498,24.385174892226452,0.192618843555806,0.2151188435558282,-0.0225000000000008,99.8073811564442,2
dqn_verified_history,historical_sp500_midquotes,MSFT,dqn,1338190356,-31.621089712583853,-31.87665974374368,0.4353934679689644,5.055393467968926,-4.619999999999987,99.56460653203104,0
dqn_verified_history,historical_sp500_midquotes,MSFT,dqn,250858187,20.745216351979092,20.738478787772415,0.7763499001552674,0.8208266690769014,-0.0444767689216579,99.22365009984472,5
dqn_verified_history,historical_sp500_midquotes,MSFT,dqn,2129749168,17.0929398703348,17.085931881069445,0.819637340306528,0.8371373403065263,-0.0175000000000018,99.18036265969349,11
dqn_verified_history,historical_sp500_midquotes,MSFT,dqn,2130738303,16.96773252807725,16.902874848259454,0.7942170988901154,2.546717098890138,-1.752500000000026,99.20578290110988,0
dqn_verified_history,historical_sp500_midquotes,MSFT,dqn,1017956649,19.910514124494934,19.90969093016928,0.2794297810589654,0.2869136325891448,-0.0074838515301971,99.72057021894103,20
dqn_verified_history,historical_sp500_midquotes,MSFT,dqn,1274680140,22.497110114735435,21.92428023926561,8.01605253975167,7.568552539751737,0.4474999999999838,91.98394746024832,1
dqn_verified_history,historical_sp500_midquotes,MSFT,dqn,1585408273,21.27460431957479,21.27090898969943,0.7883068844102326,0.6078922499392483,0.1804146344709939,99.21169311558975,0
dqn_verified_history,historical_sp500_midquotes,MSFT,dqn,1144086060,4.653175358699955,4.65180912295824,0.6532140118340664,0.3696262628271055,0.2835877490069751,99.34678598816592,3
dqn_verified_history,historical_sp500_midquotes,MSFT,dqn,410286162,7.704242631779227,7.694321255053017,0.9860610787602156,0.9960610787602064,-0.009999999999998,99.01393892123978,16
dqn_verified_history,historical_sp500_midquotes,MSFT,dqn,373643122,18.174583821681153,18.065285380188666,0.2635314803779636,3.3060314803778033,-3.0424999999998263,99.73646851962204,0
dqn_verified_history,historical_sp500_midquotes,MSFT,dqn,1500953274,17.4441345635787,17.4424289263767,0.0849531664504184,0.4129936079407328,-0.3280404414903269,99.91504683354958,0
dqn_verified_history,historical_sp500_midquotes,MSFT,dqn,83988248,20.55705055420185,20.55274049457316,0.8330051388516324,0.6565104438385337,0.1764946950130986,99.16699486114835,0
dqn_verified_history,historical_sp500_midquotes,MSFT,dqn,1865270753,-31.040614061740794,-31.06277834766542,0.1587674742763596,1.4887674742762655,-1.329999999999906,99.84123252572364,11
dqn_verified_history,historical_sp500_midquotes,MSFT,dqn,2136924679,23.47882564360225,21.85981815817404,18.036522498519005,12.724022498519126,5.312499999999851,81.963477501481,0
dqn_verified_history,historical_sp500_midquotes,MSFT,dqn,675361705,19.276257134682965,15.050337513044983,20.75681949699556,20.55704166858155,0.1997778284140254,79.24318050300444,0
dqn_verified_history,historical_sp500_midquotes,MSFT,dqn,1787143916,22.681917085578693,22.503182255313796,0.024795773532702,-4.227704226467326,4.252500000000023,99.9752042264673,2
dqn_verified_history,historical_sp500_midquotes,MSFT,dqn,1157074811,-35.104237990307276,-35.10844962822485,0.496471333540569,0.6489713335405445,-0.1524999999999927,99.50352866645945,16
dqn_verified_history,historical_sp500_midquotes,MSFT,dqn,346534653,18.638949388589637,18.607155430254405,0.0269139579021953,-1.7830860420975458,1.8099999999997392,99.9730860420978,2
dqn_verified_history,historical_sp500_midquotes,MSFT,dqn,2029212888,20.719290811672995,20.719280555201568,0.0320257262634129,0.0320257262633987,0.0,99.9679742737366,2
dqn_verified_history,historical_sp500_midquotes,MSFT,dqn,284833619,-29.665529443933845,-29.66678778299012,0.3497307508907283,0.3547307508907247,-0.0050000000000025,99.65026924910929,29
dqn_verified_history,historical_sp500_midquotes,MSFT,dqn,963504523,17.662576287504635,16.874623675888856,0.8783219529563837,8.87666948588139,-7.998347532925042,99.12167804704362,0
dqn_verified_history,historical_sp500_midquotes,MSFT,dqn,1918322573,20.39560457267436,19.42635234973982,0.408529629686555,9.845060806996289,-9.436531177309726,99.59147037031344,10
dqn_verified_history,historical_sp500_midquotes,MSFT,dqn,344371083,23.44662486602465,23.24885234288111,0.0496622765926559,4.447162276593236,-4.39750000000058,99.95033772340734,0
dqn_verified_history,historical_sp500_midquotes,MSFT,dqn,1588251919,5.648380647350438,5.610234226577258,0.308593497847994,1.953110871742321,-1.6445173738943142,99.691406502152,2
dqn_verified_history,historical_sp500_midquotes,MSFT,dqn,152900645,20.073641666736876,20.06532596525005,0.456904681796658,0.9119046817965888,-0.4549999999999414,99.54309531820334,0
dqn_verified_history,historical_sp500_midquotes,MSFT,dqn,1891103623,7.882294195655049,7.881236139385545,0.287777768915106,0.3252777689151163,-0.0374999999999872,99.7122222310849,0
dqn_verified_history,historical_sp500_midquotes,MSFT,dqn,2085732003,4.40456344316226,-12.82025434057674,44.76492807022217,41.50279241658204,3.262135653640118,55.23507192977783,0
dqn_verified_history,historical_sp500_midquotes,MSFT,dqn,266216506,19.815750127414503,19.75749049096227,0.9089314327391804,2.4137033051357633,-1.5047718723965633,99.09106856726082,0
dqn_verified_history,historical_sp500_midquotes,MSFT,dqn,1053758720,-29.56824699804929,-38.12027562670259,31.393340108013604,29.24385171049345,2.149488397520155,68.6066598919864,0
dqn_verified_history,historical_sp500_midquotes,MSFT,dqn,938390068,23.960957691762815,23.78247123302261,0.1747657774152458,4.224765777415449,-4.050000000000232,99.82523422258475,0
dqn_verified_history,historical_sp500_midquotes,MSFT,dqn,857959051,10.900460801029112,9.969485649898632,0.1748304682061245,-9.648705359427664,9.823535827633838,99.82516953179388,0
dqn_verified_history,historical_sp500_midquotes,MSFT,dqn,719206609,18.220197249339748,18.21302217808408,0.8420579233835923,0.8470579233836091,-0.0050000000000096,99.1579420766164,3
dqn_verified_history,historical_sp500_midquotes,MSFT,dqn,187237339,13.49868933624566,13.498425219968784,0.0574834541113773,-0.162516545888975,0.2200000000003505,99.94251654588862,0
dqn_verified_history,historical_sp500_midquotes,MSFT,dqn,1809838918,22.65735894255704,21.057155706487578,0.2358551586594899,12.649913976266635,-12.41405881760713,99.76414484134052,0
dqn_verified_history,historical_sp500_midquotes,MSFT,dqn,892651515,17.22811573835861,17.227670571065374,0.6550926092611604,0.2109898796714347,0.4441027295897079,99.34490739073884,0
dqn_verified_history,historical_sp500_midquotes,MSFT,dqn,1886884439,-23.02650864391391,-23.225900244482133,0.4794313601655631,4.465328661680136,-3.98589730151457,99.52056863983444,9
dqn_verified_history,historical_sp500_midquotes,MSFT,dqn_auction_noop,1906509230,4.62429659613008,4.616879367640475,0.8612333301495596,0.8612333301495347,0.0,99.13876666985044,0
dqn_verified_history,historical_sp500_midquotes,MSFT,dqn_auction_noop,1178422796,19.207724691554176,19.205156277759816,0.5067952046299524,0.5067952046299529,0.0,99.49320479537003,0
dqn_verified_history,historical_sp500_midquotes,MSFT,dqn_auction_noop,1963502950,5.172289643443946,5.172246472563153,0.065704551434834,0.0657045514348366,0.0,99.93429544856517,0
dqn_verified_history,historical_sp500_midquotes,MSFT,dqn_auction_noop,1703319850,-34.34926187005294,-34.35065631505526,0.3734226830711549,0.3734226830711624,0.0,99.62657731692885,0
dqn_verified_history,historical_sp500_midquotes,MSFT,dqn_auction_noop,1313726939,26.55105756705052,26.5441486683933,0.8311978499261272,0.8311978499261272,0.0,99.16880215007389,0
dqn_verified_history,historical_sp500_midquotes,MSFT,dqn_auction_noop,1061055793,20.97197190348743,20.96327403719676,0.9326235194690896,0.932623519469116,0.0,99.06737648053092,0
dqn_verified_history,historical_sp500_midquotes,MSFT,dqn_auction_noop,1067007710,14.6779633953156,14.677952053609111,0.0336774501556504,0.0336774501556571,0.0,99.96632254984436,0
dqn_verified_history,historical_sp500_midquotes,MSFT,dqn_auction_noop,40720655,5.65847587623648,5.649744722147251,0.934406447389378,0.934406447389374,0.0,99.06559355261062,0
dqn_verified_history,historical_sp500_midquotes,MSFT,dqn_auction_noop,1966159132,1.749563654359008,1.7439846118382123,0.74692988431282,0.7469298843128342,0.0,99.25307011568718,0
dqn_verified_history,historical_sp500_midquotes,MSFT,dqn_auction_noop,188577770,-36.759190424450935,-36.76055074197563,0.3688248262644862,0.3688248262644977,0.0,99.63117517373551,0
dqn_verified_history,historical_sp500_midquotes,MSFT,dqn_auction_noop,1402152033,17.099530532466815,17.091893048864797,0.8739269764698463,0.8739269764698694,0.0,99.12607302353015,0
dqn_verified_history,historical_sp500_midquotes,MSFT,dqn_auction_noop,2092728533,21.585460530826825,21.584320899393116,0.3375842759529917,0.3375842759530281,0.0,99.662415724047,0
dqn_verified_history,historical_sp500_midquotes,MSFT,dqn_auction_noop,1437347273,4.772099164531028,4.771829343762826,0.1642622196982444,0.1642622196982408,0.0,99.83573778030176,0
dqn_verified_history,historical_sp500_midquotes,MSFT,dqn_auction_noop,1045146178,-20.233097213180372,-20.234552745392335,0.3815143787542894,0.3815143787543058,0.0,99.61848562124572,0
dqn_verified_history,historical_sp500_midquotes,MSFT,dqn_auction_noop,528283994,18.265822529700017,18.265804218841172,0.0427911893314529,0.0427911893314649,0.0,99.95720881066856,0
dqn_verified_history,historical_sp500_midquotes,MSFT,dqn_auction_noop,36265689,21.16942717668462,21.164463101963054,0.7045619008694501,0.7045619008694608,0.0,99.29543809913056,0
dqn_verified_history,historical_sp500_midquotes,MSFT,dqn_auction_noop,1193742096,-39.21169735832336,-39.21179098067499,0.0967586438674459,0.0967586438674388,0.0,99.90324135613255,0
dqn_verified_history,historical_sp500_midquotes,MSFT,dqn_auction_noop,793249015,6.342682255140971,6.340537412378454,0.4631244716614162,0.4631244716614486,0.0,99.53687552833858,0
dqn_verified_history,historical_sp500_midquotes,MSFT,dqn_auction_noop,1309854583,-31.954520495759425,-31.954524625544067,0.0203218715710562,0.0203218715710526,0.0,99.97967812842894,0
dqn_verified_history,historical_sp500_midquotes,MSFT,dqn_auction_noop,1144601564,23.00086543155885,22.99626000176827,0.6786331697298351,0.6786331697298227,0.0,99.32136683027016,0
dqn_verified_history,historical_sp500_midquotes,MSFT,dqn_auction_noop,982973886,2.5430441691969463,2.540107748420807,0.5418875138014698,0.5418875138014592,0.0,99.45811248619852,0
dqn_verified_history,historical_sp500_midquotes,MSFT,dqn_auction_noop,715231342,20.65985882963469,20.6579213961349,0.4401628675600761,0.4401628675600619,0.0,99.55983713243992,0
dqn_verified_history,historical_sp500_midquotes,MSFT,dqn_auction_noop,2130732657,-38.22099125104069,-38.223616362601234,0.5123584253768314,0.5123584253768065,0.0,99.48764157462315,0
dqn_verified_history,historical_sp500_midquotes,MSFT,dqn_auction_noop,1234679122,15.513472055421516,15.50946851564019,0.632735314434612,0.6327353144345818,0.0,99.3672646855654,0
dqn_verified_history,historical_sp500_midquotes,MSFT,dqn_auction_noop,490149342,15.628054735258049,15.627000532358512,0.3246849087246346,0.3246849087246142,0.0,99.67531509127537,0
dqn_verified_history,historical_sp500_midquotes,MSFT,dqn_auction_noop,381953676,16.460959020203518,16.452621781522783,0.9130848088065732,0.9130848088065884,0.0,99.08691519119344,0
dqn_verified_history,historical_sp500_midquotes,MSFT,dqn_auction_noop,478640128,26.396585547623545,19.097766084450136,27.016327402467965,27.01632740246795,0.0,72.98367259753203,0
dqn_verified_history,historical_sp500_midquotes,MSFT,dqn_auction_noop,951876364,-31.68552263384663,-31.686092931646577,0.238809086918053,0.2388090869180494,0.0,99.76119091308196,0
dqn_verified_history,historical_sp500_midquotes,MSFT,dqn_auction_noop,723990043,21.461851915599254,21.09576575893917,6.0505054058325385,6.050505405832535,0.0,93.94949459416746,0
dqn_verified_history,historical_sp500_midquotes,MSFT,dqn_auction_noop,487116369,-29.327489833875006,-29.332751910831877,0.7254017477832804,0.7254017477832662,0.0,99.27459825221672,0
dqn_verified_history,historical_sp500_midquotes,MSFT,dqn_auction_noop,1985429050,18.721957929301425,18.712170259436636,0.98932653177755,0.989326531777556,0.0,99.01067346822244,0
dqn_verified_history,historical_sp500_midquotes,MSFT,dqn_auction_noop,1628956857,1.0741933971112303,1.0729441019932615,0.3534536911631676,0.3534536911631356,0.0,99.64654630883685,0
dqn_verified_history,historical_sp500_midquotes,MSFT,dqn_auction_noop,1189523478,14.77432869387485,14.764790412950582,0.9766412301489424,0.9766412301489192,0.0,99.02335876985106,0
dqn_verified_history,historical_sp500_midquotes,MSFT,dqn_auction_noop,1296530916,-22.58125773948268,-23.20361539982676,7.888964826541439,7.888964826541425,0.0,92.11103517345856,0
dqn_verified_history,historical_sp500_midquotes,MSFT,dqn_auction_noop,707561452,18.834925540973927,18.28040663178288,7.4466026427562895,7.446602642756278,0.0,92.55339735724372,0
dqn_verified_history,historical_sp500_midquotes,MSFT,dqn_auction_noop,901155818,18.597667263715262,18.597489493558935,0.1333304752602373,0.133330475260184,0.0,99.86666952473976,0
dqn_verified_history,historical_sp500_midquotes,MSFT,dqn_auction_noop,1820860524,-26.582960166681005,-26.58370366310581,0.2726713085024101,0.2726713085024004,0.0,99.7273286914976,0
dqn_verified_history,historical_sp500_midquotes,MSFT,dqn_auction_noop,1044185241,-31.85996393579262,-31.86961486486694,0.9823914227189904,0.9823914227190064,0.0,99.017608577281,0
dqn_verified_history,historical_sp500_midquotes,MSFT,dqn_auction_noop,591637826,6.549351854706401,6.548414283268321,0.3061978834153223,0.3061978834153223,0.0,99.69380211658468,0
dqn_verified_history,historical_sp500_midquotes,MSFT,dqn_auction_noop,27222720,-29.781694433939265,-29.7852925834467,0.599845772464576,0.5998457724645601,0.0,99.40015422753542,0
dqn_verified_history,historical_sp500_midquotes,MSFT,dqn_auction_noop,64598572,19.524339309995412,19.523571825951713,0.277035023723954,0.2770350237239687,0.0,99.72296497627605,0
dqn_verified_history,historical_sp500_midquotes,MSFT,dqn_auction_noop,824692580,17.676596918285213,17.668822927318352,0.8817023855507671,0.8817023855507942,0.0,99.11829761444923,0
dqn_verified_history,historical_sp500_midquotes,MSFT,dqn_auction_noop,1292888439,19.237571457169903,19.22870457079054,0.9416414593339936,0.941641459333951,0.0,99.058358540666,0
dqn_verified_history,historical_sp500_midquotes,MSFT,dqn_auction_noop,1567077053,-28.403910949886267,-28.413638179270514,0.9862671739567616,0.986267173956728,0.0,99.01373282604324,0
dqn_verified_history,historical_sp500_midquotes,MSFT,dqn_auction_noop,1386223455,-33.19303711356042,-33.200576371373984,0.8682889964501754,0.868288996450151,0.0,99.13171100354982,0
dqn_verified_history,historical_sp500_midquotes,MSFT,dqn_auction_noop,2103330825,18.74000130728564,18.150046314096848,7.680852772894397,7.680852772894372,0.0,92.3191472271056,0
dqn_verified_history,historical_sp500_midquotes,MSFT,dqn_auction_noop,1713764255,15.579074139321165,15.571099286969789,0.8930202882005034,0.8930202882004998,0.0,99.1069797117995,0
dqn_verified_history,historical_sp500_midquotes,MSFT,dqn_auction_noop,338169861,21.107045758160893,21.10340338655728,0.6035206378915632,0.603520637891592,0.0,99.39647936210844,0
dqn_verified_history,historical_sp500_midquotes,MSFT,dqn_auction_noop,460890984,-30.20256842464005,-30.204322713052413,0.4188422629540866,0.4188422629541186,0.0,99.58115773704591,0
dqn_verified_history,historical_sp500_midquotes,MSFT,dqn_auction_noop,1844393987,-36.95145580798271,-36.95155323281771,0.098704019673903,0.0987040196739235,0.0,99.9012959803261,0
dqn_verified_history,historical_sp500_midquotes,MSFT,dqn_auction_noop,1032412864,9.588840161412008,9.58501007155479,0.6188771976102885,0.6188771976102814,0.0,99.38112280238973,0
dqn_verified_history,historical_sp500_midquotes,MSFT,dqn_auction_noop,285977676,20.910204755587984,20.90786877490188,0.4833198409025954,0.4833198409026106,0.0,99.5166801590974,0
dqn_verified_history,historical_sp500_midquotes,MSFT,dqn_auction_noop,1194047159,-33.9973148321551,-33.99903915106105,0.4152491909627542,0.4152491909627525,0.0,99.58475080903725,0
dqn_verified_history,historical_sp500_midquotes,MSFT,dqn_auction_noop,410795716,15.998114351397817,15.994713632930903,0.5831567942597644,0.583156794259752,0.0,99.41684320574024,0
dqn_verified_history,historical_sp500_midquotes,MSFT,dqn_auction_noop,1688827796,16.487339177296235,16.48340145935421,0.6275123856965763,0.6275123856965727,0.0,99.37248761430342,0
dqn_verified_history,historical_sp500_midquotes,MSFT,dqn_auction_noop,1615174803,4.568119699039016,4.566107691536986,0.4485540660869276,0.448554066086916,0.0,99.55144593391309,0
dqn_verified_history,historical_sp500_midquotes,MSFT,dqn_auction_noop,573603312,4.7667008492990135,4.763681754258948,0.5494629232319284,0.5494629232319248,0.0,99.45053707676809,0
dqn_verified_history,historical_sp500_midquotes,MSFT,dqn_auction_noop,1292648848,-24.858419437205157,-25.996569827005107,10.6684131425435,10.668413142543502,0.0,89.3315868574565,0
dqn_verified_history,historical_sp500_midquotes,MSFT,dqn_auction_noop,504177273,25.278868878671343,25.09768042319731,4.2566237263121,4.256623726312132,0.0,95.7433762736879,0
dqn_verified_history,historical_sp500_midquotes,MSFT,dqn_auction_noop,2023171617,14.228334503068254,14.21854936622049,0.9891985062546808,0.9891985062546756,0.0,99.01080149374532,0
dqn_verified_history,historical_sp500_midquotes,MSFT,dqn_auction_noop,155866399,17.64594341713746,17.640438584855396,0.7419455695713424,0.7419455695713308,0.0,99.25805443042866,0
dqn_verified_history,historical_sp500_midquotes,MSFT,dqn_auction_noop,426465092,22.309141282948985,22.18690920794616,3.4961704049263034,3.4961704049262927,0.0,96.5038295950737,0
dqn_verified_history,historical_sp500_midquotes,MSFT,dqn_auction_noop,2075242093,19.655942234332542,19.654005175952612,0.4401202540136069,0.4401202540135989,0.0,99.5598797459864,0
dqn_verified_history,historical_sp500_midquotes,MSFT,dqn_auction_noop,426948909,13.96265296036654,13.960436729637667,0.4707685980259839,0.4707685980259892,0.0,99.52923140197402,0
dqn_verified_history,historical_sp500_midquotes,MSFT,dqn_auction_noop,40870105,-36.87471847624511,-36.87485383352188,0.1163431462432953,0.1163431462432784,0.0,99.8836568537567,0
dqn_verified_history,historical_sp500_midquotes,MSFT,dqn_auction_noop,1146798258,-38.9410326076013,-38.9412112902198,0.1336722179417648,0.1336722179417773,0.0,99.86632778205824,0
dqn_verified_history,historical_sp500_midquotes,MSFT,dqn_auction_noop,2070376215,14.197896647288871,14.19587273342167,0.4498793023914658,0.4498793023914516,0.0,99.55012069760852,0
dqn_verified_history,historical_sp500_midquotes,MSFT,dqn_auction_noop,511062834,1.8599061436289048,1.8596287376099745,0.1665551016721593,0.1665551016721753,0.0,99.83344489832784,0
dqn_verified_history,historical_sp500_midquotes,MSFT,dqn_auction_noop,1541412974,6.218747194421667,-4.882793458732092,33.31897455377906,33.31897455377905,0.0,66.68102544622094,0
dqn_verified_history,historical_sp500_midquotes,MSFT,dqn_auction_noop,376403019,20.91407060507845,20.787512348761517,3.557502724059802,3.557502724059842,0.0,96.4424972759402,0
dqn_verified_history,historical_sp500_midquotes,MSFT,dqn_auction_noop,1108559752,-28.36097292868726,-28.361608675716173,0.2521402444895813,0.2521402444895901,0.0,99.74785975551042,0
dqn_verified_history,historical_sp500_midquotes,MSFT,dqn_auction_noop,1393048108,-25.25692594964312,-25.259543518075773,0.5116217775520511,0.5116217775520431,0.0,99.48837822244796,0
dqn_verified_history,historical_sp500_midquotes,MSFT,dqn_auction_noop,2023564002,19.37841771211606,19.370540165464675,0.8875554434167583,0.887555443416753,0.0,99.11244455658324,0
dqn_verified_history,historical_sp500_midquotes,MSFT,dqn_auction_noop,916344601,22.425491854786745,22.42548345267207,0.0289864014223155,0.0289864014223324,0.0,99.97101359857768,0
dqn_verified_history,historical_sp500_midquotes,MSFT,dqn_auction_noop,486149422,29.498847283661235,13.436562821037704,40.0777799567585,40.0777799567585,0.0,59.9222200432415,0
dqn_verified_history,historical_sp500_midquotes,MSFT,dqn_auction_noop,410404482,24.289616273996216,23.99856064876694,5.394957138191884,5.394957138191904,0.0,94.60504286180812,0
dqn_verified_history,historical_sp500_midquotes,MSFT,dqn_auction_noop,848518413,21.023268280448978,21.018137451373175,0.7162980577803069,0.7162980577803033,0.0,99.2837019422197,0
dqn_verified_history,historical_sp500_midquotes,MSFT,dqn_auction_noop,1216465325,-34.32824216522749,-34.32848605514115,0.1561697517618512,0.156169751761837,0.0,99.84383024823816,0
dqn_verified_history,historical_sp500_midquotes,MSFT,dqn_auction_noop,1701726968,20.48402699437247,20.47750827466141,0.807385887358663,0.8073858873586617,0.0,99.19261411264134,0
dqn_verified_history,historical_sp500_midquotes,MSFT,dqn_auction_noop,1739537596,19.617042592353755,19.613021591863927,0.6341135931224926,0.6341135931225068,0.0,99.36588640687752,0
dqn_verified_history,historical_sp500_midquotes,MSFT,dqn_auction_noop,2050860255,6.461462307262991,6.45166299755858,0.9899146278548728,0.9899146278548744,0.0,99.01008537214511,0
dqn_verified_history,historical_sp500_midquotes,MSFT,dqn_auction_noop,218238821,14.048034785568234,14.047324392515288,0.266531996755674,0.2665319967556643,0.0,99.73346800324433,0
dqn_verified_history,historical_sp500_midquotes,MSFT,dqn_auction_noop,128588240,12.887701095462036,12.886924508842108,0.2786730377931405,0.2786730377931299,0.0,99.72132696220686,0
dqn_verified_history,historical_sp500_midquotes,MSFT,dqn_auction_noop,1162542574,9.396711357867389,9.393323896663462,0.5820190034635573,0.5820190034635258,0.0,99.41798099653644,0
dqn_verified_history,historical_sp500_midquotes,MSFT,dqn_auction_noop,1005643756,19.507948713648148,19.507928579391848,0.0448712115941276,0.0448712115941134,0.0,99.95512878840589,0
dqn_verified_history,historical_sp500_midquotes,MSFT,dqn_auction_noop,711572297,0.9428687262479798,0.93663393211607,0.7896071258486614,0.7896071258486526,0.0,99.21039287415134,0
dqn_verified_history,historical_sp500_midquotes,MSFT,dqn_auction_noop,501043199,-34.20211495188232,-34.20798686626304,0.7662841757935865,0.7662841757935519,0.0,99.2337158242064,0
dqn_verified_history,historical_sp500_midquotes,MSFT,dqn_auction_noop,1291999351,24.308937813006196,16.81057552112155,27.383137679755848,27.383137679755848,0.0,72.61686232024415,0
dqn_verified_history,historical_sp500_midquotes,MSFT,dqn_auction_noop,102182588,-18.80273905649483,-18.830221788372437,1.6577916599382547,1.6577916599382247,0.0,98.34220834006176,0
dqn_verified_history,historical_sp500_midquotes,MSFT,dqn_auction_noop,2119210718,19.0411685992658,19.031391900818605,0.988771887100313,0.9887718871003012,0.0,99.01122811289969,0
dqn_verified_history,historical_sp500_midquotes,MSFT,dqn_auction_noop,1109208492,21.1156500184552,21.10722908680129,0.9176563438406332,0.9176563438406262,0.0,99.08234365615937,0
dqn_verified_history,historical_sp500_midquotes,MSFT,dqn_auction_noop,1274300456,-26.69459035413638,-26.69666210384845,0.4551647736880397,0.4551647736880451,0.0,99.54483522631196,0
dqn_verified_history,historical_sp500_midquotes,MSFT,dqn_auction_noop,1256771816,-37.573682262722286,-37.57825928672008,0.6765370646013906,0.6765370646013746,0.0,99.3234629353986,0
dqn_verified_history,historical_sp500_midquotes,MSFT,dqn_auction_noop,1077857574,4.90739591739657,4.904236680255091,0.5620709155862187,0.5620709155862089,0.0,99.43792908441378,0
dqn_verified_history,historical_sp500_midquotes,MSFT,dqn_auction_noop,1100698389,21.67554549794295,21.674833848224974,0.2667676363372209,0.2667676363372564,0.0,99.73323236366278,0
dqn_verified_history,historical_sp500_midquotes,MSFT,dqn_auction_noop,795778257,18.615532803401948,18.61510592857281,0.2066094937649438,0.2066094937649509,0.0,99.79339050623506,0
dqn_verified_history,historical_sp500_midquotes,MSFT,dqn_auction_noop,1548246893,19.51189847067508,19.503715564313868,0.904594183112522,0.9045941831125086,0.0,99.09540581688748,0
dqn_verified_history,historical_sp500_midquotes,MSFT,dqn_auction_noop,633707972,19.30541899427408,19.29671325257585,0.9330456418754808,0.9330456418754808,0.0,99.06695435812452,0
dqn_verified_history,historical_sp500_midquotes,MSFT,dqn_auction_noop,983296256,-24.41437057386247,-24.987886788373455,7.573085332352875,7.573085332352894,0.0,92.42691466764713,0
dqn_verified_history,historical_sp500_midquotes,MSFT,dqn_auction_noop,487951037,20.327823819938203,20.322703870955664,0.7155381878376659,0.7155381878376978,0.0,99.28446181216232,0
dqn_verified_history,historical_sp500_midquotes,MSFT,dqn_auction_noop,978154369,18.24097626208641,18.237927440081993,0.5521613898500419,0.5521613898500322,0.0,99.44783861014996,0
dqn_verified_history,historical_sp500_midquotes,MSFT,dqn_auction_noop,554788091,20.427926299278624,20.420816066999596,0.8432219327691683,0.8432219327691652,0.0,99.15677806723085,0
dqn_verified_history,historical_sp500_midquotes,MSFT,dqn_auction_noop,2090199347,-28.132672970437852,-28.13284322713456,0.1304824496655925,0.1304824496655943,0.0,99.8695175503344,0
dqn_verified_history,historical_sp500_midquotes,MSFT,dqn_auction_noop,2069017976,2.3799608197659836,2.3798797489678516,0.0900393237047154,0.0900393237046977,0.0,99.90996067629528,0
dqn_verified_history,historical_sp500_midquotes,MSFT,dqn_auction_noop,945043387,18.339952411175545,18.330283336262735,0.9833145434096338,0.9833145434096392,0.0,99.01668545659037,0
dqn_verified_history,historical_sp500_midquotes,MSFT,dqn_auction_noop,1939521563,22.161370767307744,22.153160514905537,0.9061044311892488,0.906104431189273,0.0,99.09389556881077,0
dqn_verified_history,historical_sp500_midquotes,MSFT,dqn_auction_noop,837962510,19.205228466093104,19.203840068123295,0.3726121267226858,0.3726121267226876,0.0,99.62738787327731,0
dqn_verified_history,historical_sp500_midquotes,MSFT,dqn_auction_noop,1294936529,-26.517570717609487,-26.531617179770468,1.1851777149854286,1.1851777149854223,0.0,98.81482228501456,0
dqn_verified_history,historical_sp500_midquotes,MSFT,dqn_auction_noop,1783232423,9.788415115239331,9.788198135356014,0.1473023704214426,0.1473023704214249,0.0,99.85269762957856,0
dqn_verified_history,historical_sp500_midquotes,MSFT,dqn_auction_noop,133555220,13.893862505190556,13.889021494766055,0.6957737006024161,0.6957737006024161,0.0,99.30422629939758,0
dqn_verified_history,historical_sp500_midquotes,MSFT,dqn_auction_noop,727659984,-35.8054992779289,-35.80589990232116,0.200156037194418,0.2001560371944393,0.0,99.79984396280558,0
dqn_verified_history,historical_sp500_midquotes,MSFT,dqn_auction_noop,1045640949,31.44561423002233,31.42862199822988,1.3035425498405004,1.303542549840527,0.0,98.6964574501595,0
dqn_verified_history,historical_sp500_midquotes,MSFT,dqn_auction_noop,1498406538,20.27001896681395,20.267760777396745,0.4752041053277764,0.4752041053278013,0.0,99.52479589467222,0
dqn_verified_history,historical_sp500_midquotes,MSFT,dqn_auction_noop,894023265,4.681124910683138,4.676124145120076,0.7071609125978711,0.7071609125978475,0.0,99.29283908740211,0
dqn_verified_history,historical_sp500_midquotes,MSFT,dqn_auction_noop,1456034043,15.410498085841027,15.409657744816368,0.2898863612967091,0.2898863612967144,0.0,99.71011363870328,0
dqn_verified_history,historical_sp500_midquotes,MSFT,dqn_auction_noop,2145465691,10.81777740272628,10.81689746645936,0.2966371970804431,0.296637197080436,0.0,99.70336280291956,0
dqn_verified_history,historical_sp500_midquotes,MSFT,dqn_auction_noop,1645332470,-33.24875387303109,-33.248939000665445,0.1360616163200774,0.1360616163200774,0.0,99.86393838367992,0
dqn_verified_history,historical_sp500_midquotes,MSFT,dqn_auction_noop,1703360263,3.925053514041792,3.923281626649208,0.4209379280350305,0.4209379280350322,0.0,99.57906207196496,0
dqn_verified_history,historical_sp500_midquotes,MSFT,dqn_auction_noop,1254093673,18.80288686205313,18.802875875110463,0.0331465573857343,0.0331465573857325,0.0,99.96685344261428,0
dqn_verified_history,historical_sp500_midquotes,MSFT,dqn_auction_noop,679604879,20.41519045581299,20.408867427825157,0.795174697021622,0.7951746970215989,0.0,99.20482530297838,0
dqn_verified_history,historical_sp500_midquotes,MSFT,dqn_auction_noop,1800514979,19.963223291293616,19.961774117270505,0.3806801837645821,0.3806801837645848,0.0,99.61931981623542,0
dqn_verified_history,historical_sp500_midquotes,MSFT,dqn_auction_noop,1009107304,18.25221949779916,18.250817392872097,0.374446915739469,0.3744469157394636,0.0,99.62555308426052,0
dqn_verified_history,historical_sp500_midquotes,MSFT,dqn_auction_noop,1459119855,17.610204781682114,17.606119291481125,0.6391783945806964,0.6391783945806822,0.0,99.3608216054193,0
dqn_verified_history,historical_sp500_midquotes,MSFT,dqn_auction_noop,2082327116,15.914171375427031,15.911854680837967,0.4813205365517774,0.4813205365517566,0.0,99.51867946344822,0
dqn_verified_history,historical_sp500_midquotes,MSFT,dqn_auction_noop,1795215048,11.29172881737577,11.291682912889613,0.0677528495020709,0.0677528495020745,0.0,99.93224715049791,0
dqn_verified_history,historical_sp500_midquotes,MSFT,dqn_auction_noop,1559844699,19.20983387970955,19.209828709386763,0.0227383437964903,0.022738343796512,0.0,99.97726165620352,0
dqn_verified_history,historical_sp500_midquotes,MSFT,dqn_auction_noop,1337581818,16.612803913985772,16.608020355256688,0.6916327587009619,0.6916327587009592,0.0,99.30836724129904,0
dqn_verified_history,historical_sp500_midquotes,MSFT,dqn_auction_noop,1567278356,16.569216146177496,16.565736228653197,0.5899082576382284,0.5899082576382462,0.0,99.41009174236176,0
dqn_verified_history,historical_sp500_midquotes,MSFT,dqn_auction_noop,1391644635,17.32450696579326,17.321885569891364,0.5119956935265435,0.51199569352654,0.0,99.48800430647346,0
dqn_verified_history,historical_sp500_midquotes,MSFT,dqn_auction_noop,1226640195,18.275958661210097,18.273943211684426,0.4489375820391217,0.4489375820391279,0.0,99.55106241796088,0
dqn_verified_history,historical_sp500_midquotes,MSFT,dqn_auction_noop,573081701,21.75789590068598,10.910482419388416,32.9354117649948,32.935411764994775,0.0,67.0645882350052,0
dqn_verified_history,historical_sp500_midquotes,MSFT,dqn_auction_noop,856702353,20.674966045335168,20.67251791322704,0.494786025280618,0.4947860252806193,0.0,99.50521397471938,0
dqn_verified_history,historical_sp500_midquotes,MSFT,dqn_auction_noop,969233424,14.778658877534326,14.769947099474916,0.9333690620226348,0.9333690620226228,0.0,99.06663093797737,0
dqn_verified_history,historical_sp500_midquotes,MSFT,dqn_auction_noop,2038887002,-2.340796711603616,-2.350436773072721,0.9818381470031596,0.9818381470031184,0.0,99.01816185299684,0
dqn_verified_history,historical_sp500_midquotes,MSFT,dqn_auction_noop,748193112,-30.20826179584583,-30.21766480086052,0.9696909308997448,0.9696909308997306,0.0,99.03030906910026,0
dqn_verified_history,historical_sp500_midquotes,MSFT,dqn_auction_noop,1403188372,-31.85020486141366,-31.85543931102391,0.7234949626813005,0.7234949626813085,0.0,99.2765050373187,0
dqn_verified_history,historical_sp500_midquotes,MSFT,dqn_auction_noop,688156671,4.1837805517443485,-10.1536716937797,37.86482833121526,37.8648283312153,0.0,62.13517166878474,0
dqn_verified_history,historical_sp500_midquotes,MSFT,dqn_auction_noop,1293707997,17.43160924664153,17.42735188934833,0.6524842751514512,0.6524842751514539,0.0,99.34751572484856,0
dqn_verified_history,historical_sp500_midquotes,MSFT,dqn_auction_noop,1017816127,21.35508994290649,21.349412349579488,0.7534980641647451,0.7534980641647302,0.0,99.24650193583524,0
dqn_verified_history,historical_sp500_midquotes,MSFT,dqn_auction_noop,928547401,15.842911417374124,15.836067143785735,0.8273012503549211,0.8273012503549242,0.0,99.17269874964508,0
dqn_verified_history,historical_sp500_midquotes,MSFT,dqn_auction_noop,804851501,6.138923973261626,6.131230880036815,0.8771028004065613,0.8771028004065791,0.0,99.12289719959344,0
dqn_verified_history,historical_sp500_midquotes,MSFT,dqn_auction_noop,1120019183,9.949992076519266,9.94699227272008,0.5477046466103701,0.547704646610363,0.0,99.45229535338964,0
dqn_verified_history,historical_sp500_midquotes,MSFT,dqn_auction_noop,1119490863,-26.812254866032163,-26.81968122076016,0.8617630026868,0.8617630026868284,0.0,99.1382369973132,0
dqn_verified_history,historical_sp500_midquotes,MSFT,dqn_auction_noop,783363503,5.154519036235797,5.1544897881602765,0.0540814899206907,0.0540814899206978,0.0,99.94591851007932,0
dqn_verified_history,historical_sp500_midquotes,MSFT,dqn_auction_noop,205944131,20.75869896385484,20.755524603908697,0.5634145850208938,0.5634145850208925,0.0,99.4365854149791,0
dqn_verified_history,historical_sp500_midquotes,MSFT,dqn_auction_noop,446079182,14.06771656487399,14.066577228419654,0.3375405833877209,0.3375405833877192,0.0,99.66245941661228,0
dqn_verified_history,historical_sp500_midquotes,MSFT,dqn_auction_noop,2128949063,19.843208570078787,19.843047917823537,0.1267486707024261,0.1267486707024296,0.0,99.87325132929756,0
dqn_verified_history,historical_sp500_midquotes,MSFT,dqn_auction_noop,708828196,16.849861515953307,16.84849735485322,0.3693455157555689,0.3693455157555547,0.0,99.63065448424445,0
dqn_verified_history,historical_sp500_midquotes,MSFT,dqn_auction_noop,907135295,19.531554199338643,19.53133968458383,0.1464632222815396,0.1464632222815378,0.0,99.85353677771846,0
dqn_verified_history,historical_sp500_midquotes,MSFT,dqn_auction_noop,1179243183,4.238433911128595,4.2287651990405575,0.9832960941668318,0.98329609416683,0.0,99.01670390583315,0
dqn_verified_history,historical_sp500_midquotes,MSFT,dqn_auction_noop,1200595667,0.6626404982598615,0.6622099850363599,0.2074881258052414,0.2074881258052094,0.0,99.79251187419476,0
dqn_verified_history,historical_sp500_midquotes,MSFT,dqn_auction_noop,1138669996,-30.209853741542247,-30.218332181456883,0.9207844435390342,0.9207844435390397,0.0,99.07921555646097,0
dqn_verified_history,historical_sp500_midquotes,MSFT,dqn_auction_noop,299092708,18.768652431677765,18.76864332335165,0.0301800035044834,0.030180003504503,0.0,99.96981999649552,0
dqn_verified_history,historical_sp500_midquotes,MSFT,dqn_auction_noop,1606240066,20.55933946611549,16.084004225912224,21.154988159304793,21.1549881593048,0.0,78.84501184069521,0
dqn_verified_history,historical_sp500_midquotes,MSFT,dqn_auction_noop,1592479411,6.526731830646895,5.155777436725585,11.708776169699831,11.708776169699847,0.0,88.29122383030017,0
dqn_verified_history,historical_sp500_midquotes,MSFT,dqn_auction_noop,1232823009,12.847330478984077,12.838991829838363,0.9131620417929014,0.9131620417929144,0.0,99.0868379582071,0
dqn_verified_history,historical_sp500_midquotes,MSFT,dqn_auction_noop,1380936168,22.018961003017463,22.01812111058471,0.2898089772174614,0.2898089772174597,0.0,99.71019102278254,0
dqn_verified_history,historical_sp500_midquotes,MSFT,dqn_auction_noop,1485723813,5.726454714154897,5.722612880795341,0.6198252463038614,0.6198252463038596,0.0,99.38017475369614,0
dqn_verified_history,historical_sp500_midquotes,MSFT,dqn_auction_noop,1476988550,19.531668489458752,19.52803767635674,0.6025622874037566,0.602562287403769,0.0,99.39743771259624,0
dqn_verified_history,historical_sp500_midquotes,MSFT,dqn_auction_noop,426644302,22.46474451402537,22.463094683751265,0.4061810278807911,0.4061810278807911,0.0,99.5938189721192,0
dqn_verified_history,historical_sp500_midquotes,MSFT,dqn_auction_noop,1492118510,26.0778714694934,16.223246461184715,31.392077039133127,31.392077039133117,0.0,68.60792296086687,0
dqn_verified_history,historical_sp500_midquotes,MSFT,dqn_auction_noop,1871437067,-26.89800088379525,-26.89827545619595,0.1657022633237517,0.1657022633237956,0.0,99.83429773667623,0
dqn_verified_history,historical_sp500_midquotes,MSFT,dqn_auction_noop,1821522104,-34.01558911356551,-34.02551335110541,0.9962046747480856,0.9962046747480962,0.0,99.00379532525191,0
dqn_verified_history,historical_sp500_midquotes,MSFT,dqn_auction_noop,1233002065,23.054181749361305,23.053215450646345,0.3108534566257077,0.3108534566256904,0.0,99.68914654337428,0
dqn_verified_history,historical_sp500_midquotes,MSFT,dqn_auction_noop,1249666141,-39.4412165757858,-39.44648505522144,0.7258429193455527,0.7258429193455243,0.0,99.27415708065443,0
dqn_verified_history,historical_sp500_midquotes,MSFT,dqn_auction_noop,1377485117,-31.449172448612444,-31.450120644823286,0.3079279478778858,0.3079279478778716,0.0,99.69207205212211,0
dqn_verified_history,historical_sp500_midquotes,MSFT,dqn_auction_noop,1667673182,11.394875598336512,11.3860300586514,0.9405072931727858,0.9405072931727948,0.0,99.0594927068272,0
dqn_verified_history,historical_sp500_midquotes,MSFT,dqn_auction_noop,257835634,20.272444336986155,19.109299105095225,10.784921102590118,10.784921102590085,0.0,89.21507889740988,0
dqn_verified_history,historical_sp500_midquotes,MSFT,dqn_auction_noop,1475908961,-32.75070179430804,-32.75119409964737,0.221879548252005,0.2218795482520144,0.0,99.778120451748,0
dqn_verified_history,historical_sp500_midquotes,MSFT,dqn_auction_noop,847186143,14.237926543060894,14.236209178334358,0.4144109948511953,0.4144109948511896,0.0,99.5855890051488,0
dqn_verified_history,historical_sp500_midquotes,MSFT,dqn_auction_noop,454152926,20.79759358730371,20.7887234510116,0.9418140098823784,0.9418140098824042,0.0,99.05818599011762,0
dqn_verified_history,historical_sp500_midquotes,MSFT,dqn_auction_noop,745543570,15.833285007312952,15.824790825564952,0.9216388526965318,0.9216388526965362,0.0,99.07836114730348,0
dqn_verified_history,historical_sp500_midquotes,MSFT,dqn_auction_noop,2040040035,20.883676013525474,20.87533186002227,0.913463382035772,0.9134633820357988,0.0,99.08653661796424,0
dqn_verified_history,historical_sp500_midquotes,MSFT,dqn_auction_noop,857589213,-25.97009349612017,-25.97009540581323,0.0138191644410738,0.0138191644410956,0.0,99.98618083555893,0
dqn_verified_history,historical_sp500_midquotes,MSFT,dqn_auction_noop,447631993,14.12940244743004,14.12564307224284,0.6131374386872039,0.6131374386872119,0.0,99.3868625613128,0
dqn_verified_history,historical_sp500_midquotes,MSFT,dqn_auction_noop,1053736358,1.6823362689810892,1.6811810238893858,0.3398889659437998,0.3398889659438069,0.0,99.6601110340562,0
dqn_verified_history,historical_sp500_midquotes,MSFT,dqn_auction_noop,1123074415,-25.311676393095695,-25.312629101896047,0.3086598127960513,0.3086598127960549,0.0,99.69134018720396,0
dqn_verified_history,historical_sp500_midquotes,MSFT,dqn_auction_noop,896949228,3.7179985122584185,3.717591580561491,0.2017254810200199,0.2017254810200324,0.0,99.79827451897998,0
dqn_verified_history,historical_sp500_midquotes,MSFT,dqn_auction_noop,532798302,-35.51487145293322,-35.51511671230244,0.1566075889661107,0.1566075889661089,0.0,99.84339241103388,0
dqn_verified_history,historical_sp500_midquotes,MSFT,dqn_auction_noop,1798006985,-37.28287353562337,-37.283925260844,0.3243031329846104,0.3243031329845998,0.0,99.6756968670154,0
dqn_verified_history,historical_sp500_midquotes,MSFT,dqn_auction_noop,1380983522,11.961937884214422,11.778845904237029,4.27892486469905,4.278924864699019,0.0,95.72107513530096,0
dqn_verified_history,historical_sp500_midquotes,MSFT,dqn_auction_noop,516067115,18.58832465635533,18.587680859997302,0.2537314245458617,0.2537314245458795,0.0,99.74626857545414,0
dqn_verified_history,historical_sp500_midquotes,MSFT,dqn_auction_noop,181677896,-36.49942468025802,-36.508840286519685,0.9703404691999822,0.9703404691999836,0.0,99.02965953080002,0
dqn_verified_history,historical_sp500_midquotes,MSFT,dqn_auction_noop,1412098877,16.574354268916068,16.57416343768722,0.1381416768575718,0.1381416768575611,0.0,99.86185832314244,0
dqn_verified_history,historical_sp500_midquotes,MSFT,dqn_auction_noop,592480532,18.47954382523312,18.47259313174693,0.8337081915269664,0.833708191526954,0.0,99.16629180847303,0
dqn_verified_history,historical_sp500_midquotes,MSFT,dqn_auction_noop,1462116845,20.68489469713677,20.68486855953216,0.051124949496085,0.0511249494960575,0.0,99.94887505050391,0
dqn_verified_history,historical_sp500_midquotes,MSFT,dqn_auction_noop,1877161225,22.28204895368799,22.2744171999409,0.8735990926673622,0.8735990926673676,0.0,99.12640090733264,0
dqn_verified_history,historical_sp500_midquotes,MSFT,dqn_auction_noop,1814894336,22.66541100480572,22.652028220987987,1.1568398254613328,1.1568398254613257,0.0,98.84316017453868,0
dqn_verified_history,historical_sp500_midquotes,MSFT,dqn_auction_noop,917024862,18.71256719345911,18.706796307664955,0.7596634645783382,0.7596634645783293,0.0,99.24033653542166,0
dqn_verified_history,historical_sp500_midquotes,MSFT,dqn_auction_noop,614922330,17.464338382937058,17.462957404948988,0.3716151218761609,0.3716151218761561,0.0,99.62838487812384,0
dqn_verified_history,historical_sp500_midquotes,MSFT,dqn_auction_noop,1801437930,-0.3102814359262993,-0.3173925986695443,0.8432771041149323,0.8432771041149505,0.0,99.15672289588508,0
dqn_verified_history,historical_sp500_midquotes,MSFT,dqn_auction_noop,1380610365,28.117972755282608,28.111443417365983,0.8080431867559241,0.8080431867558815,0.0,99.19195681324408,0
dqn_verified_history,historical_sp500_midquotes,MSFT,dqn_auction_noop,236614752,0.5456373865727073,0.5407702894490977,0.6976458359088298,0.6976458359088547,0.0,99.30235416409116,0
dqn_verified_history,historical_sp500_midquotes,MSFT,dqn_auction_noop,834408283,1.8355910417303676,1.8301605188952812,0.7369208122374431,0.7369208122374051,0.0,99.26307918776256,0
dqn_verified_history,historical_sp500_midquotes,MSFT,dqn_auction_noop,2011776523,18.410133852928993,18.400436596021223,0.9847465109240688,0.9847465109240564,0.0,99.01525348907592,0
dqn_verified_history,historical_sp500_midquotes,MSFT,dqn_auction_noop,1226258546,2.194084268387087,2.1544244916304165,1.991476255361107,1.9914762553610936,0.0,98.0085237446389,0
dqn_verified_history,historical_sp500_midquotes,MSFT,dqn_auction_noop,1616321187,19.057940617843997,19.056776036979848,0.3412595587160041,0.341259558715997,0.0,99.658740441284,0
dqn_verified_history,historical_sp500_midquotes,MSFT,dqn_auction_noop,1672306602,24.69940351862897,16.289797898090658,28.999320027439097,28.99932002743911,0.0,71.0006799725609,0
dqn_verified_history,historical_sp500_midquotes,MSFT,dqn_auction_noop,1762600914,-32.042364620163426,-32.04593763017038,0.5977466024119309,0.5977466024119513,0.0,99.40225339758808,0
dqn_verified_history,historical_sp500_midquotes,MSFT,dqn_auction_noop,994946334,10.507346970858634,10.50714485579056,0.1421671790803458,0.1421671790803458,0.0,99.85783282091964,0
dqn_verified_history,historical_sp500_midquotes,MSFT,dqn_auction_noop,909382858,15.023548538292744,15.02135408813414,0.4684495873202792,0.4684495873202903,0.0,99.53155041267972,0
dqn_verified_history,historical_sp500_midquotes,MSFT,dqn_auction_noop,26993609,18.79762445311826,18.793596328304517,0.6346750990660155,0.6346750990660368,0.0,99.36532490093398,0
dqn_verified_history,historical_sp500_midquotes,MSFT,dqn_auction_noop,1773145257,19.73026003772793,19.72091232100998,0.9668359073777566,0.9668359073777592,0.0,99.03316409262224,0
dqn_verified_history,historical_sp500_midquotes,MSFT,dqn_auction_noop,706407932,-0.1785895429929951,-0.1791291996586554,0.232305115238617,0.232305115238617,0.0,99.76769488476138,0
dqn_verified_history,historical_sp500_midquotes,MSFT,dqn_auction_noop,331383041,-19.566724463975333,-19.568657065082444,0.4396135925002227,0.4396135925002373,0.0,99.56038640749978,0
dqn_verified_history,historical_sp500_midquotes,MSFT,dqn_auction_noop,279983631,21.7088337476398,21.36563095808251,5.8583512147812655,5.858351214781261,0.0,94.14164878521872,0
dqn_verified_history,historical_sp500_midquotes,MSFT,dqn_auction_noop,104944766,-21.63488115661312,-21.635192667521228,0.1764967161478239,0.1764967161477848,0.0,99.82350328385218,0
dqn_verified_history,historical_sp500_midquotes,MSFT,dqn_auction_noop,1398718536,19.350464551593177,19.348072454773774,0.489090668424879,0.4890906684248701,0.0,99.51090933157512,0
dqn_verified_history,historical_sp500_midquotes,MSFT,dqn_auction_noop,1382436732,-30.208746163509204,-30.21322969220394,0.6695915691475847,0.6695915691475847,0.0,99.33040843085242,0
dqn_verified_history,historical_sp500_midquotes,MSFT,dqn_auction_noop,1822786061,4.0403360108630295,3.9201970097293217,3.4661073430248166,3.466107343024849,0.0,96.53389265697518,0
dqn_verified_history,historical_sp500_midquotes,MSFT,dqn_auction_noop,879773370,17.778428768684535,17.181838528140425,7.723925430402019,7.723925430402012,0.0,92.27607456959798,0
dqn_verified_history,historical_sp500_midquotes,MSFT,dqn_auction_noop,2043945046,5.1736995287610625,5.169393589770465,0.6561965399632896,0.6561965399632959,0.0,99.34380346003672,0
dqn_verified_history,historical_sp500_midquotes,MSFT,dqn_auction_noop,1458350865,24.966559119984595,24.957052833342235,0.9750018790934404,0.9750018790934672,0.0,99.02499812090656,0
dqn_verified_history,historical_sp500_midquotes,MSFT,dqn_auction_noop,1570091229,-0.7129768035702,-0.7131387310456426,0.1272507270873433,0.1272507270873593,0.0,99.87274927291266,0
dqn_verified_history,historical_sp500_midquotes,MSFT,dqn_auction_noop,1963377882,18.648184572302853,18.639546419326994,0.9294166436997102,0.9294166436996996,0.0,99.07058335630028,0
dqn_verified_history,historical_sp500_midquotes,MSFT,dqn_auction_noop,922385963,18.18496594486533,18.178443639569757,0.8076079058284904,0.8076079058285046,0.0,99.19239209417152,0
dqn_verified_history,historical_sp500_midquotes,MSFT,dqn_auction_noop,1134397302,-21.862403121069292,-21.871028606654512,0.928734923711886,0.9287349237119056,0.0,99.07126507628811,0
dqn_verified_history,historical_sp500_midquotes,MSFT,dqn_auction_noop,1361953339,1.497714991455723,1.4967680768909175,0.3077197694015297,0.3077197694015297,0.0,99.69228023059848,0
dqn_verified_history,historical_sp500_midquotes,MSFT,dqn_auction_noop,1031019006,-37.95889305063247,-37.95986651446107,0.3120038186639675,0.3120038186639373,0.0,99.68799618133605,0
dqn_verified_history,historical_sp500_midquotes,MSFT,dqn_auction_noop,53419154,24.4043126533943,24.40394163320537,0.192618843555806,0.1926188435558273,0.0,99.8073811564442,0
dqn_verified_history,historical_sp500_midquotes,MSFT,dqn_auction_noop,1338190356,-31.990689712583844,-31.992585387303343,0.4353934679689644,0.4353934679689395,0.0,99.56460653203104,0
dqn_verified_history,historical_sp500_midquotes,MSFT,dqn_auction_noop,250858187,20.770771584289832,20.76474439261512,0.7763499001552674,0.7763499001552434,0.0,99.22365009984472,0
dqn_verified_history,historical_sp500_midquotes,MSFT,dqn_auction_noop,2129749168,17.215164870336594,17.208446816640347,0.819637340306528,0.8196373403065245,0.0,99.18036265969349,0
dqn_verified_history,historical_sp500_midquotes,MSFT,dqn_auction_noop,2130738303,16.231682528075908,16.225374720074214,0.7942170988901154,0.7942170988901118,0.0,99.20578290110988,0
dqn_verified_history,historical_sp500_midquotes,MSFT,dqn_auction_noop,1017956649,20.296888317070625,20.2961075070452,0.2794297810589654,0.2794297810589476,0.0,99.72057021894103,0
dqn_verified_history,historical_sp500_midquotes,MSFT,dqn_auction_noop,1274680140,22.491160114735976,21.848589131535377,8.01605253975167,8.01605253975172,0.0,91.98394746024832,0
dqn_verified_history,historical_sp500_midquotes,MSFT,dqn_auction_noop,1585408273,21.26377944150772,21.257565164067636,0.7883068844102326,0.7883068844102423,0.0,99.21169311558975,0
dqn_verified_history,historical_sp500_midquotes,MSFT,dqn_auction_noop,1144086060,4.639816583798165,4.635549698345601,0.6532140118340664,0.6532140118340806,0.0,99.34678598816592,0
dqn_verified_history,historical_sp500_midquotes,MSFT,dqn_auction_noop,410286162,8.047742631781148,8.03801946727069,0.9860610787602156,0.9860610787602084,0.0,99.01393892123978,0
dqn_verified_history,historical_sp500_midquotes,MSFT,dqn_auction_noop,373643122,16.927158821681587,16.926464333270086,0.2635314803779636,0.2635314803779769,0.0,99.73646851962204,0
dqn_verified_history,historical_sp500_midquotes,MSFT,dqn_auction_noop,1500953274,17.44413456357688,17.444062393171983,0.0849531664504184,0.0849531664504059,0.0,99.91504683354958,0
dqn_verified_history,historical_sp500_midquotes,MSFT,dqn_auction_noop,83988248,20.548225819453364,20.54128684383983,0.8330051388516324,0.8330051388516324,0.0,99.16699486114835,0
dqn_verified_history,historical_sp500_midquotes,MSFT,dqn_auction_noop,1865270753,-31.08101406174137,-31.081266132850253,0.1587674742763596,0.1587674742763596,0.0,99.84123252572364,0
dqn_verified_history,historical_sp500_midquotes,MSFT,dqn_auction_noop,2136924679,24.27570064360225,21.022539205206435,18.036522498519005,18.036522498518977,0.0,81.963477501481,0
dqn_verified_history,historical_sp500_midquotes,MSFT,dqn_auction_noop,675361705,19.274259356398034,14.965803800089477,20.75681949699556,20.756819496995575,0.0,79.24318050300444,0
dqn_verified_history,historical_sp500_midquotes,MSFT,dqn_auction_noop,1787143916,21.155017085578947,21.155010937275097,0.024795773532702,0.0247957735326962,0.0,99.9752042264673,0
dqn_verified_history,historical_sp500_midquotes,MSFT,dqn_auction_noop,1157074811,-34.96386299030746,-34.96632782815774,0.496471333540569,0.4964713335405517,0.0,99.50352866645945,0
dqn_verified_history,historical_sp500_midquotes,MSFT,dqn_auction_noop,346534653,18.515249388590743,18.51524214497945,0.0269139579021953,0.0269139579021935,0.0,99.9730860420978,0
dqn_verified_history,historical_sp500_midquotes,MSFT,dqn_auction_noop,2029212888,20.723290811672996,20.72328055520157,0.0320257262634129,0.0320257262633987,0.0,99.9679742737366,0
dqn_verified_history,historical_sp500_midquotes,MSFT,dqn_auction_noop,284833619,-29.230429443932735,-29.23165255991392,0.3497307508907283,0.3497307508907221,0.0,99.65026924910929,0
dqn_verified_history,historical_sp500_midquotes,MSFT,dqn_auction_noop,963504523,16.22287373157633,16.215159237045878,0.8783219529563837,0.8783219529563482,0.0,99.12167804704362,0
dqn_verified_history,historical_sp500_midquotes,MSFT,dqn_auction_noop,1918322573,18.497933025439124,18.496264060855808,0.408529629686555,0.4085296296865621,0.0,99.59147037031344,0
dqn_verified_history,historical_sp500_midquotes,MSFT,dqn_auction_noop,344371083,22.43519986602587,22.435175202608704,0.0496622765926559,0.0496622765926564,0.0,99.95033772340734,0
dqn_verified_history,historical_sp500_midquotes,MSFT,dqn_auction_noop,1588251919,5.358477172572748,5.357524873103607,0.308593497847994,0.3085934978480065,0.0,99.691406502152,0
dqn_verified_history,historical_sp500_midquotes,MSFT,dqn_auction_noop,152900645,20.087291666735837,20.08520404785336,0.456904681796658,0.4569046817966473,0.0,99.54309531820334,0
dqn_verified_history,historical_sp500_midquotes,MSFT,dqn_auction_noop,1891103623,7.881169195654365,7.880341035211548,0.287777768915106,0.2877777689151291,0.0,99.7122222310849,0
dqn_verified_history,historical_sp500_midquotes,MSFT,dqn_auction_noop,2085732003,4.665534295452744,-15.373453555868888,44.76492807022217,44.764928070222155,0.0,55.23507192977783,0
dqn_verified_history,historical_sp500_midquotes,MSFT,dqn_auction_noop,266216506,19.665272940175782,19.65701137668157,0.9089314327391804,0.9089314327392,0.0,99.09106856726082,0
dqn_verified_history,historical_sp500_midquotes,MSFT,dqn_auction_noop,1053758720,-29.331803274322738,-39.187221305696895,31.393340108013604,31.393340108013604,0.0,68.6066598919864,0
dqn_verified_history,historical_sp500_midquotes,MSFT,dqn_auction_noop,938390068,22.705457691763513,22.70515226099396,0.1747657774152458,0.1747657774152173,0.0,99.82523422258475,0
dqn_verified_history,historical_sp500_midquotes,MSFT,dqn_auction_noop,857959051,10.21281329309386,10.212507636167729,0.1748304682061245,0.1748304682061743,0.0,99.82516953179388,0
dqn_verified_history,historical_sp500_midquotes,MSFT,dqn_auction_noop,719206609,18.226197249341567,18.219106633878237,0.8420579233835923,0.8420579233835994,0.0,99.1579420766164,0
dqn_verified_history,historical_sp500_midquotes,MSFT,dqn_auction_noop,187237339,13.575689336244976,13.575656292770011,0.0574834541113773,0.0574834541113755,0.0,99.94251654588862,0
dqn_verified_history,historical_sp500_midquotes,MSFT,dqn_auction_noop,1809838918,18.064157180042457,18.063600903483795,0.2358551586594899,0.2358551586595059,0.0,99.76414484134052,0
dqn_verified_history,historical_sp500_midquotes,MSFT,dqn_auction_noop,892651515,17.179264438103928,17.17497297483684,0.6550926092611604,0.6550926092611427,0.0,99.34490739073884,0
dqn_verified_history,historical_sp500_midquotes,MSFT,dqn_auction_noop,1886884439,-23.02136761692964,-23.02366616122074,0.4794313601655631,0.4794313601655666,0.0,99.52056863983444,0
dqn_verified_history,historical_sp500_midquotes,MSFT,as,1906509230,-3.080023569495097,-3.0827585589176367,0.5628390277837099,0.5229712633156447,0.0398677644680558,99.43716097221628,0
dqn_verified_history,historical_sp500_midquotes,MSFT,as,1178422796,12.278000947228064,12.271977734720815,0.7760935837416412,0.7760935837416447,0.0,99.22390641625836,0
dqn_verified_history,historical_sp500_midquotes,MSFT,as,1963502950,-3.310826778419141,-3.311628494285674,0.4002585670629344,0.2831458752185682,0.1171126918443484,99.59974143293708,0
dqn_verified_history,historical_sp500_midquotes,MSFT,as,1703319850,-35.33446367479519,-35.34036996237787,0.7685237525727473,0.7685237525727366,0.0,99.23147624742724,0
dqn_verified_history,historical_sp500_midquotes,MSFT,as,1313726939,9.707164615627336,9.7051337700774,0.526039456123101,0.4506490374932383,0.0753904186298635,99.4739605438769,0
dqn_verified_history,historical_sp500_midquotes,MSFT,as,1061055793,15.550299127467952,15.549759221146711,0.2323588434378933,0.2323588434379173,0.0,99.7676411565621,0
dqn_verified_history,historical_sp500_midquotes,MSFT,as,1067007710,6.303753591588247,6.299524746844805,0.650295682243268,0.6502956822433132,0.0,99.34970431775672,0
dqn_verified_history,historical_sp500_midquotes,MSFT,as,40720655,1.3382153802685934,1.3380574451440903,0.1449505869245229,0.1256722421630408,0.0192783447614092,99.85504941307548,0
dqn_verified_history,historical_sp500_midquotes,MSFT,as,1966159132,-5.799365131424565,-5.799912125470227,0.2338790383214899,0.2338790383215023,0.0,99.76612096167852,0
dqn_verified_history,historical_sp500_midquotes,MSFT,as,188577770,-40.689909886436,-40.69486910144356,0.7042169415427111,0.7042169415427129,0.0,99.29578305845727,0
dqn_verified_history,historical_sp500_midquotes,MSFT,as,1402152033,8.81189357439871,8.804944079417458,0.8336363104646978,0.8336363104646765,0.0,99.1663636895353,0
dqn_verified_history,historical_sp500_midquotes,MSFT,as,2092728533,14.240272193981582,14.239702895939104,0.2385996736119295,0.2385996736119784,0.0,99.76140032638808,0
dqn_verified_history,historical_sp500_midquotes,MSFT,as,1437347273,-1.060908703255336,-1.0703926641986174,0.9738563006564078,0.9738563006563856,0.0,99.0261436993436,0
dqn_verified_history,historical_sp500_midquotes,MSFT,as,1045146178,-21.328066006988593,-21.32907915075384,0.3182991934092314,0.3182991934092665,0.0,99.68170080659075,0
dqn_verified_history,historical_sp500_midquotes,MSFT,as,528283994,12.25014340179223,12.250075156872416,0.0826104834829237,0.082610483482898,0.0,99.91738951651708,0
dqn_verified_history,historical_sp500_midquotes,MSFT,as,36265689,14.761236758671656,14.75687901362176,0.8890977047538229,0.6601321875123567,0.2289655172414768,99.11090229524618,0
dqn_verified_history,historical_sp500_midquotes,MSFT,as,1193742096,-38.689543995509666,-38.69698025974327,0.8623377664005716,0.8623377664005716,0.0,99.13766223359944,0
dqn_verified_history,historical_sp500_midquotes,MSFT,as,793249015,-0.3951592013072513,-0.3973650801635741,0.4696678460702657,0.4696678460702541,0.0,99.53033215392972,0
dqn_verified_history,historical_sp500_midquotes,MSFT,as,1309854583,-30.10773946993322,-30.10986002617323,0.4604949771722459,0.4604949771722282,0.0,99.53950502282775,0
dqn_verified_history,historical_sp500_midquotes,MSFT,as,1144601564,14.91984959984802,14.91265707179858,0.8480877342256576,0.8480877342256496,0.0,99.15191226577434,0
dqn_verified_history,historical_sp500_midquotes,MSFT,as,982973886,-1.7607834896989516,-1.761138753083819,0.1884843189412208,0.1884843189412119,0.0,99.81151568105878,0
dqn_verified_history,historical_sp500_midquotes,MSFT,as,715231342,10.10300858894152,10.100500005103726,0.5008576482189397,0.5008576482189344,0.0,99.49914235178106,0
dqn_verified_history,historical_sp500_midquotes,MSFT,as,2130732657,-42.26418325049417,-42.272803649414314,0.9284610341926935,0.9284610341926952,0.0,99.0715389658073,0
dqn_verified_history,historical_sp500_midquotes,MSFT,as,1234679122,7.104527489223983,7.1030350574715335,0.3863200425100785,0.3863200425100856,0.0,99.61367995748992,0
dqn_verified_history,historical_sp500_midquotes,MSFT,as,490149342,10.302146210193314,10.294241511557564,0.9526131331178078,0.8890837213530514,0.0635294117647617,99.0473868668822,0
dqn_verified_history,historical_sp500_midquotes,MSFT,as,381953676,8.551404628798991,8.546440775146026,0.7045462123214463,0.7045462123214481,0.0,99.29545378767855,0
dqn_verified_history,historical_sp500_midquotes,MSFT,as,478640128,11.528761895582647,11.523796503821938,0.7046553597829899,0.7046553597830183,0.0,99.295344640217,0
dqn_verified_history,historical_sp500_midquotes,MSFT,as,951876364,-29.225375968160733,-29.228559124908266,0.5641947135106733,0.5641947135106555,0.0,99.43580528648933,0
dqn_verified_history,historical_sp500_midquotes,MSFT,as,723990043,15.97211619373229,15.972085962787933,0.0549826739615326,0.0549826739615264,0.0,99.94501732603848,0
dqn_verified_history,historical_sp500_midquotes,MSFT,as,487116369,-33.2973164590876,-33.30394200288018,0.8139744340321329,0.8139744340321378,0.0,99.18602556596788,0
dqn_verified_history,historical_sp500_midquotes,MSFT,as,1985429050,12.140162217297984,12.137207361803164,0.5435858253135848,0.5435858253135812,0.0,99.45641417468642,0
dqn_verified_history,historical_sp500_midquotes,MSFT,as,1628956857,1.239481726051963,1.2295794094433803,0.9951038442586224,0.9951038442586038,0.0,99.00489615574138,0
dqn_verified_history,historical_sp500_midquotes,MSFT,as,1189523478,5.532615048368825,5.532615048368825,0.0461103288017739,0.0,0.0461103288017561,99.95388967119824,0
dqn_verified_history,historical_sp500_midquotes,MSFT,as,1296530916,-34.72905920997073,-34.72998540588886,0.3043346707379442,0.3043346707379193,0.0,99.69566532926206,0
dqn_verified_history,historical_sp500_midquotes,MSFT,as,707561452,13.246406262429446,13.239199859213674,0.848905366679503,0.8489053666795003,0.0,99.1510946333205,0
dqn_verified_history,historical_sp500_midquotes,MSFT,as,901155818,11.019397991607548,11.01484083960862,0.6750668114288345,0.6750668114288161,0.0,99.32493318857117,0
dqn_verified_history,historical_sp500_midquotes,MSFT,as,1820860524,-35.0719770340329,-35.07216110375834,0.1356722983678651,0.1356722983678651,0.0,99.86432770163212,0
dqn_verified_history,historical_sp500_midquotes,MSFT,as,1044185241,-32.03939655223439,-32.03939785456537,0.0114119717067069,0.0114119717067069,0.0,99.9885880282933,0
dqn_verified_history,historical_sp500_midquotes,MSFT,as,591637826,4.913125689759909,4.913118381031732,0.0723462720692822,0.0270346595627342,0.0453116125065399,99.92765372793072,0
dqn_verified_history,historical_sp500_midquotes,MSFT,as,27222720,-30.59010897242661,-30.595857357554877,0.758181055439465,0.7581810554394535,0.0,99.24181894456052,0
dqn_verified_history,historical_sp500_midquotes,MSFT,as,64598572,13.531793604224733,13.531026753879546,0.2769206285535972,0.2769206285535759,0.0,99.7230793714464,0
dqn_verified_history,historical_sp500_midquotes,MSFT,as,824692580,14.286962437658076,14.281129692340404,0.7637241201946381,0.7637241201946163,0.0,99.23627587980536,0
dqn_verified_history,historical_sp500_midquotes,MSFT,as,1292888439,12.85620660065615,12.855511481137995,0.2636511934647672,0.2636511934647458,0.0,99.73634880653525,0
dqn_verified_history,historical_sp500_midquotes,MSFT,as,1567077053,-32.99667243141994,-33.00573486259801,0.951968023521232,0.9519680235212568,0.0,99.04803197647875,0
dqn_verified_history,historical_sp500_midquotes,MSFT,as,1386223455,-38.83084185099324,-38.83146395858633,0.2494208477847621,0.2494208477847195,0.0,99.75057915221524,0
dqn_verified_history,historical_sp500_midquotes,MSFT,as,2103330825,12.543570257936151,12.543227993712852,0.1850038440953483,0.1850038440953696,0.0,99.81499615590464,0
dqn_verified_history,historical_sp500_midquotes,MSFT,as,1713764255,12.190451851631224,12.18734268400467,0.5575991056800831,0.5575991056800964,0.0,99.44240089431992,0
dqn_verified_history,historical_sp500_midquotes,MSFT,as,338169861,14.443791307579886,14.443563648961536,0.4465667908212651,0.1508836035987085,0.2956831872225486,99.55343320917872,0
dqn_verified_history,historical_sp500_midquotes,MSFT,as,460890984,-37.46497455560893,-37.46706695181998,0.4574271757394683,0.4574271757394683,0.0,99.54257282426052,0
dqn_verified_history,historical_sp500_midquotes,MSFT,as,1844393987,-35.8820808294513,-35.890726842042135,0.9298393727324026,0.9298393727324096,0.0,99.0701606272676,0
dqn_verified_history,historical_sp500_midquotes,MSFT,as,1032412864,3.280255392071922,3.274247724299605,0.9861925450555588,0.7750914637845507,0.211101081270985,99.01380745494444,0
dqn_verified_history,historical_sp500_midquotes,MSFT,as,285977676,14.790339247439988,14.788417558380292,0.4383707403210906,0.4383707403210835,0.0,99.56162925967892,0
dqn_verified_history,historical_sp500_midquotes,MSFT,as,1194047159,-36.668414356583526,-36.67620312719564,0.8825401187547328,0.8825401187547417,0.0,99.11745988124528,0
dqn_verified_history,historical_sp500_midquotes,MSFT,as,410795716,6.788786534836618,6.787685930365801,0.3317535939242049,0.3317535939242066,0.0,99.6682464060758,0
dqn_verified_history,historical_sp500_midquotes,MSFT,as,1688827796,12.67674061330581,12.672552280833752,0.6471732744835208,0.6471732744835479,0.0,99.35282672551648,0
dqn_verified_history,historical_sp500_midquotes,MSFT,as,1615174803,-3.055832613557868,-3.0606921454454232,0.6971034275884023,0.6971034275884165,0.0,99.3028965724116,0
dqn_verified_history,historical_sp500_midquotes,MSFT,as,573603312,-4.3794126620832685,-4.380656747868649,0.3527160026679468,0.3527160026679361,0.0,99.64728399733204,0
dqn_verified_history,historical_sp500_midquotes,MSFT,as,1292648848,-37.04953719832156,-37.04996630363813,0.207148573870711,0.2071485738707226,0.0,99.79285142612927,0
dqn_verified_history,historical_sp500_midquotes,MSFT,as,504177273,13.914576820799994,13.906688037204216,0.8881882455751366,0.8881882455751509,0.0,99.11181175442486,0
dqn_verified_history,historical_sp500_midquotes,MSFT,as,2023171617,7.319120117199418,7.3157596043864,0.5796993024851815,0.5796993024851718,0.0,99.42030069751482,0
dqn_verified_history,historical_sp500_midquotes,MSFT,as,155866399,11.66164859959099,11.659285531361204,0.4861140020393719,0.4861140020393728,0.0,99.51388599796064,0
dqn_verified_history,historical_sp500_midquotes,MSFT,as,426465092,16.71392762790674,16.71289091329491,0.3219805291987967,0.3219805291988109,0.0,99.6780194708012,0
dqn_verified_history,historical_sp500_midquotes,MSFT,as,2075242093,13.874281096006598,13.873594671008377,0.2619971370497183,0.2619971370497009,0.0,99.73800286295028,0
dqn_verified_history,historical_sp500_midquotes,MSFT,as,426948909,7.35904919325003,7.358659113248525,0.1975044307109499,0.1975044307109499,0.0,99.80249556928904,0
dqn_verified_history,historical_sp500_midquotes,MSFT,as,40870105,-39.58602184565643,-39.58722757253243,0.3472357809896067,0.3472357809895996,0.0,99.6527642190104,0
dqn_verified_history,historical_sp500_midquotes,MSFT,as,1146798258,-38.14896883370784,-38.15358145040639,0.6791624767722766,0.6791624767722766,0.0,99.32083752322772,0
dqn_verified_history,historical_sp500_midquotes,MSFT,as,2070376215,6.76816599405538,6.764845327963294,0.57625220972119,0.5762522097212113,0.0,99.4237477902788,0
dqn_verified_history,historical_sp500_midquotes,MSFT,as,511062834,-3.845757919731114,-3.847530353735905,0.4210028509156842,0.4210028509156744,0.0,99.57899714908432,0
dqn_verified_history,historical_sp500_midquotes,MSFT,as,1541412974,2.8491667851922102,2.8491468809010057,0.6669110432978158,0.0446142255393393,0.6222968177584622,99.33308895670218,0
dqn_verified_history,historical_sp500_midquotes,MSFT,as,376403019,15.044359714420352,15.04184853544428,0.5011166506986058,0.5011166506986093,0.0,99.4988833493014,0
dqn_verified_history,historical_sp500_midquotes,MSFT,as,1108559752,-30.135631768042003,-30.136028264734904,0.1991222471001208,0.1991222471001457,0.0,99.80087775289988,0
dqn_verified_history,historical_sp500_midquotes,MSFT,as,1393048108,-32.13744128524195,-32.14049745591698,0.5528264352423946,0.5528264352423848,0.0,99.4471735647576,0
dqn_verified_history,historical_sp500_midquotes,MSFT,as,2023564002,8.461772095972265,8.461618790218564,0.1238167006913926,0.1238167006913641,0.0,99.8761832993086,0
dqn_verified_history,historical_sp500_midquotes,MSFT,as,916344601,14.914921066403622,14.913563489907052,0.3684530494609248,0.368453049460884,0.0,99.63154695053908,0
dqn_verified_history,historical_sp500_midquotes,MSFT,as,486149422,15.322646366757908,15.32261516560934,0.0558579882986123,0.0558579882986154,0.0,99.9441420117014,0
dqn_verified_history,historical_sp500_midquotes,MSFT,as,410404482,17.737955507440347,17.735321130193643,0.5132618480563735,0.5132618480563886,0.0,99.48673815194364,0
dqn_verified_history,historical_sp500_midquotes,MSFT,as,848518413,13.094848520528105,13.088223043844003,0.8139703117495998,0.8139703117495962,0.0,99.1860296882504,0
dqn_verified_history,historical_sp500_midquotes,MSFT,as,1216465325,-33.64928740425785,-33.65729963347448,0.8951105639321355,0.8951105639321497,0.0,99.10488943606786,0
dqn_verified_history,historical_sp500_midquotes,MSFT,as,1701726968,13.66748229044788,13.662289520174006,0.7206087894185629,0.7206087894185318,0.0,99.27939121058144,0
dqn_verified_history,historical_sp500_midquotes,MSFT,as,1739537596,11.319005519153508,11.31807394813015,0.3052164843773823,0.3052164843774059,0.0,99.69478351562262,0
dqn_verified_history,historical_sp500_midquotes,MSFT,as,2050860255,3.5310214452001674,3.530955844673905,0.0809941518024999,0.0809941518025114,0.0,99.9190058481975,0
dqn_verified_history,historical_sp500_midquotes,MSFT,as,218238821,5.735665804621021,5.726151446507005,0.9754157120949288,0.9754157120949216,0.0,99.02458428790509,0
dqn_verified_history,historical_sp500_midquotes,MSFT,as,128588240,6.373159985678285,6.369929494754019,0.5683740778981701,0.5683740778981736,0.0,99.43162592210184,0
dqn_verified_history,historical_sp500_midquotes,MSFT,as,1162542574,3.2302376465304405,3.2297698630648703,0.2162830241997966,0.2162830241997682,0.0,99.7837169758002,0
dqn_verified_history,historical_sp500_midquotes,MSFT,as,1005643756,13.25986976191234,13.257993202708862,0.4331927057880449,0.4331927057880254,0.0,99.56680729421196,0
dqn_verified_history,historical_sp500_midquotes,MSFT,as,711572297,2.806278140085851,2.804208833831869,0.4548962798246094,0.4548962798245624,0.0,99.5451037201754,0
dqn_verified_history,historical_sp500_midquotes,MSFT,as,501043199,-36.63560126912489,-36.64282714578955,0.850051566945524,0.8500515669455451,0.0,99.14994843305448,0
dqn_verified_history,historical_sp500_midquotes,MSFT,as,1291999351,13.492619812992416,13.487893148696934,0.6875074032679862,0.687507403267974,0.0,99.312492596732,0
dqn_verified_history,historical_sp500_midquotes,MSFT,as,102182588,-31.17704374551795,-31.18480806961917,0.881154021792824,0.8811540217928364,0.0,99.11884597820718,0
dqn_verified_history,historical_sp500_midquotes,MSFT,as,2119210718,12.524026873788898,12.523966033744433,0.0780000285046469,0.0780000285046647,0.0,99.92199997149535,0
dqn_verified_history,historical_sp500_midquotes,MSFT,as,1109208492,16.907277642276313,16.905905960072477,0.3703622826144794,0.3703622826144854,0.0,99.62963771738552,0
dqn_verified_history,historical_sp500_midquotes,MSFT,as,1274300456,-26.823359395883017,-26.823639191403657,0.1672708942519278,0.1672708942519509,0.0,99.83272910574809,0
dqn_verified_history,historical_sp500_midquotes,MSFT,as,1256771816,-42.81164912845452,-42.81691772572349,0.7258510362995025,0.7258510362995487,0.0,99.2741489637005,0
dqn_verified_history,historical_sp500_midquotes,MSFT,as,1077857574,-5.534193676365248,-5.538905006253274,0.686391279666779,0.6863912796667808,0.0,99.31360872033322,0
dqn_verified_history,historical_sp500_midquotes,MSFT,as,1100698389,14.124568319048194,14.117718011173,0.8276658670741455,0.8276658670741339,0.0,99.17233413292584,0
dqn_verified_history,historical_sp500_midquotes,MSFT,as,795778257,12.930387760043232,12.926662937123217,0.6103132736566153,0.6103132736566197,0.0,99.38968672634338,0
dqn_verified_history,historical_sp500_midquotes,MSFT,as,1548246893,12.494999516251482,12.49142928001674,0.5975145382953286,0.5975145382953189,0.0,99.40248546170469,0
dqn_verified_history,historical_sp500_midquotes,MSFT,as,633707972,11.903313243177765,11.902809245363184,0.2244989564735817,0.2244989564735959,0.0,99.77550104352642,0
dqn_verified_history,historical_sp500_midquotes,MSFT,as,983296256,-36.20187538554819,-36.20237510995409,0.2235451645413917,0.2235451645413917,0.0,99.7764548354586,0
dqn_verified_history,historical_sp500_midquotes,MSFT,as,487951037,12.443257192948296,12.43926080872402,0.6321696152358385,0.6321696152358296,0.0,99.36783038476416,0
dqn_verified_history,historical_sp500_midquotes,MSFT,as,978154369,12.200198806449407,12.19992424403007,0.1656992514578235,0.1656992514578181,0.0,99.83430074854218,0
dqn_verified_history,historical_sp500_midquotes,MSFT,as,554788091,13.581051332434072,13.572660654908566,0.9160064151252384,0.9160064151252598,0.0,99.08399358487476,0
dqn_verified_history,historical_sp500_midquotes,MSFT,as,2090199347,-31.024100351520246,-31.03160962366483,0.8665605659492996,0.8665605659492845,0.0,99.1334394340507,0
dqn_verified_history,historical_sp500_midquotes,MSFT,as,2069017976,-1.5443173416661011,-1.544425578711889,0.1040370346500765,0.1040370346500942,0.0,99.89596296534992,0
dqn_verified_history,historical_sp500_midquotes,MSFT,as,945043387,9.208090714317224,9.2064693544891,0.4026611265222612,0.4026611265222684,0.0,99.59733887347774,0
dqn_verified_history,historical_sp500_midquotes,MSFT,as,1939521563,14.691302739953244,14.689948993199264,0.3679329767743979,0.3679329767743912,0.0,99.6320670232256,0
dqn_verified_history,historical_sp500_midquotes,MSFT,as,837962510,16.16426043982574,16.163291533933133,0.3112725321330742,0.3112725321330458,0.0,99.68872746786693,0
dqn_verified_history,historical_sp500_midquotes,MSFT,as,1294936529,-38.053755179587824,-38.05377026153784,0.0388354863747224,0.0388354863747117,0.0,99.96116451362528,0
dqn_verified_history,historical_sp500_midquotes,MSFT,as,1783232423,4.450628096825312,4.444476251809752,0.7843369821423067,0.7843369821423041,0.0,99.2156630178577,0
dqn_verified_history,historical_sp500_midquotes,MSFT,as,133555220,5.799387589237085,5.797969629981086,0.6213143354271153,0.3765579976576499,0.2447563377694813,99.37868566457288,0
dqn_verified_history,historical_sp500_midquotes,MSFT,as,727659984,-36.51965871210814,-36.51966135184247,0.8568964564990722,0.0162472592493307,0.8406491972497485,99.14310354350091,0
dqn_verified_history,historical_sp500_midquotes,MSFT,as,1045640949,16.129487259362577,16.121539843518075,0.89148280098388,0.8914828009838587,0.0,99.10851719901612,0
dqn_verified_history,historical_sp500_midquotes,MSFT,as,1498406538,14.27215989749675,14.27212617762966,0.0580688101206305,0.0580688101206172,0.0,99.94193118987936,0
dqn_verified_history,historical_sp500_midquotes,MSFT,as,894023265,1.2639754739520868,1.2615606196392195,0.4914116719073007,0.4914116719073078,0.0,99.5085883280927,0
dqn_verified_history,historical_sp500_midquotes,MSFT,as,1456034043,7.590943327591958,7.586039244949462,0.7678280766379828,0.7002915566031165,0.0675365200348769,99.23217192336202,0
dqn_verified_history,historical_sp500_midquotes,MSFT,as,2145465691,3.2406785169659997,3.240664836848554,0.0369866427854788,0.036986642785465,0.0,99.96301335721452,0
dqn_verified_history,historical_sp500_midquotes,MSFT,as,1645332470,-31.765863680968323,-31.774773808569208,0.9439347223661798,0.9439347223661572,0.0,99.05606527763382,0
dqn_verified_history,historical_sp500_midquotes,MSFT,as,1703360263,0.7947175615809101,0.7875213758932849,0.8483033471362091,0.8483033471362287,0.0,99.1516966528638,0
dqn_verified_history,historical_sp500_midquotes,MSFT,as,1254093673,9.509219399813446,9.509219399813446,0.9213980301472304,0.0,0.9213980301472198,99.07860196985276,0
dqn_verified_history,historical_sp500_midquotes,MSFT,as,679604879,13.305074348365451,13.297036818072348,0.896522743331289,0.8965227433312908,0.0,99.10347725666873,0
dqn_verified_history,historical_sp500_midquotes,MSFT,as,1800514979,13.784893486805233,13.781091777554613,0.6165800232426335,0.6165800232426015,0.0,99.38341997675737,0
dqn_verified_history,historical_sp500_midquotes,MSFT,as,1009107304,8.546567501738537,8.538869669533314,0.8773729084728785,0.8773729084728927,0.0,99.12262709152712,0
dqn_verified_history,historical_sp500_midquotes,MSFT,as,1459119855,14.29180380973412,14.289746596173888,0.4535651618269867,0.4535651618270062,0.0,99.546434838173,0
dqn_verified_history,historical_sp500_midquotes,MSFT,as,2082327116,9.660146941017956,9.659353620907885,0.2816593882815539,0.2816593882815468,0.0,99.71834061171845,0
dqn_verified_history,historical_sp500_midquotes,MSFT,as,1795215048,5.655719100515853,5.65360908108324,0.4593494783509442,0.4593494783509317,0.0,99.54065052164906,0
dqn_verified_history,historical_sp500_midquotes,MSFT,as,1559844699,14.683708839043902,14.678530479858296,0.7196081701597166,0.719608170159713,0.0,99.28039182984028,0
dqn_verified_history,historical_sp500_midquotes,MSFT,as,1337581818,11.468846368012237,11.46179770007443,0.839563454290797,0.8395634542908024,0.0,99.1604365457092,0
dqn_verified_history,historical_sp500_midquotes,MSFT,as,1567278356,10.984404435359464,10.984395094350456,0.0305630643235588,0.0305630643235774,0.0,99.96943693567644,0
dqn_verified_history,historical_sp500_midquotes,MSFT,as,1391644635,10.540023163262958,10.540023006855453,0.5740806373136849,0.0039548389005954,0.570125798413109,99.42591936268632,0
dqn_verified_history,historical_sp500_midquotes,MSFT,as,1226640195,13.705000526984804,13.697690890005571,0.8549641500806757,0.8549641500806695,0.0,99.14503584991932,0
dqn_verified_history,historical_sp500_midquotes,MSFT,as,573081701,7.684915224921497,7.680455421804888,0.6678175736388425,0.6678175736388203,0.0,99.33218242636116,0
dqn_verified_history,historical_sp500_midquotes,MSFT,as,856702353,12.469443791051162,12.459475653138592,0.9984056246121183,0.9984056246121308,0.0,99.00159437538788,0
dqn_verified_history,historical_sp500_midquotes,MSFT,as,969233424,7.368533865990685,7.368374953707272,0.1260604154417279,0.1260604154417208,0.0,99.87393958455829,0
dqn_verified_history,historical_sp500_midquotes,MSFT,as,2038887002,-0.1042371865187306,-0.1064489544305125,0.4702943665176349,0.4702943665176007,0.0,99.52970563348237,0
dqn_verified_history,historical_sp500_midquotes,MSFT,as,748193112,-37.46545851526935,-37.46550043209416,0.0647432041326681,0.0647432041326443,0.0,99.93525679586732,0
dqn_verified_history,historical_sp500_midquotes,MSFT,as,1403188372,-31.529305512323845,-31.529306605257275,0.0104543456598946,0.0104543456598769,0.0,99.9895456543401,0
dqn_verified_history,historical_sp500_midquotes,MSFT,as,688156671,-0.0894540091412636,-0.0968742695901006,0.8614093364270587,0.861409336427057,0.0,99.13859066357294,0
dqn_verified_history,historical_sp500_midquotes,MSFT,as,1293707997,11.191743670786307,11.1862793071175,0.7392133432783368,0.7392133432783776,0.0,99.26078665672166,0
dqn_verified_history,historical_sp500_midquotes,MSFT,as,1017816127,15.144255130266174,15.144136286774737,0.1090153619620508,0.1090153619620188,0.0,99.89098463803796,0
dqn_verified_history,historical_sp500_midquotes,MSFT,as,928547401,7.37599255610985,7.3738074167149055,0.4674547459320877,0.4674547459321245,0.0,99.53254525406793,0
dqn_verified_history,historical_sp500_midquotes,MSFT,as,804851501,-3.340183042011631,-3.3469341413425044,0.8216507366803256,0.8216507366803238,0.0,99.17834926331967,0
dqn_verified_history,historical_sp500_midquotes,MSFT,as,1120019183,3.661218271709003,3.6608922041251017,0.180573415513578,0.180573415513578,0.0,99.81942658448642,0
dqn_verified_history,historical_sp500_midquotes,MSFT,as,1119490863,-37.88396918412218,-37.88946365036912,0.7412466692634325,0.7412466692634254,0.0,99.25875333073655,0
dqn_verified_history,historical_sp500_midquotes,MSFT,as,783363503,-1.934414911429485,-1.9346887920669429,0.165493394870495,0.165493394870495,0.0,99.8345066051295,0
dqn_verified_history,historical_sp500_midquotes,MSFT,as,205944131,12.553731993633846,12.5503653973378,0.5802237754560196,0.5802237754560338,0.0,99.41977622454398,0
dqn_verified_history,historical_sp500_midquotes,MSFT,as,446079182,6.0990980812330235,6.089252939948978,0.9922268532974527,0.9922268532974208,0.0,99.00777314670256,0
dqn_verified_history,historical_sp500_midquotes,MSFT,as,2128949063,12.747196810199966,12.742172963282476,0.7087910071022776,0.7087910071022687,0.0,99.29120899289772,0
dqn_verified_history,historical_sp500_midquotes,MSFT,as,708828196,11.698068808911556,11.696658140601176,0.439149801529993,0.3755886460453594,0.0635611554846123,99.56085019847,0
dqn_verified_history,historical_sp500_midquotes,MSFT,as,907135295,10.891753984800744,10.889807671305944,0.4411704313299935,0.4411704313300122,0.0,99.55882956867,0
dqn_verified_history,historical_sp500_midquotes,MSFT,as,1179243183,-4.6027936928439885,-4.612724112278796,0.9965148987751036,0.9965148987751102,0.0,99.0034851012249,0
dqn_verified_history,historical_sp500_midquotes,MSFT,as,1200595667,-3.1557000053253432,-3.161618983355231,0.7693489474800685,0.7693489474801116,0.0,99.23065105251992,0
dqn_verified_history,historical_sp500_midquotes,MSFT,as,1138669996,-31.37213968987635,-31.372267819710164,0.1131944494281071,0.1131944494280852,0.0,99.88680555057188,0
dqn_verified_history,historical_sp500_midquotes,MSFT,as,299092708,13.921728034911212,13.91693849239998,0.6920652072769684,0.6920652072769506,0.0,99.30793479272305,0
dqn_verified_history,historical_sp500_midquotes,MSFT,as,1606240066,7.857048037094501,7.853399751640834,0.6040103851480154,0.6040103851480199,0.0,99.39598961485198,0
dqn_verified_history,historical_sp500_midquotes,MSFT,as,1592479411,-1.043955087166978,-1.0447607493414053,0.2838418881045044,0.2838418881045021,0.0,99.7161581118955,0
dqn_verified_history,historical_sp500_midquotes,MSFT,as,1232823009,4.033218192191271,4.027681193953017,0.7441100885120591,0.7441100885120624,0.0,99.25588991148794,0
dqn_verified_history,historical_sp500_midquotes,MSFT,as,1380936168,13.970699912837516,13.963633322229436,0.8406301569704198,0.8406301569704127,0.0,99.15936984302958,0
dqn_verified_history,historical_sp500_midquotes,MSFT,as,1485723813,-1.5485643932352104,-1.5487234639420966,0.1261232361169533,0.1261232361169924,0.0,99.87387676388305,0
dqn_verified_history,historical_sp500_midquotes,MSFT,as,1476988550,13.19930813661449,13.19923320484747,0.0865631370850366,0.0865631370850348,0.0,99.91343686291496,0
dqn_verified_history,historical_sp500_midquotes,MSFT,as,426644302,13.550521332957942,13.545722916766923,0.6927060120295181,0.6927060120295065,0.0,99.30729398797048,0
dqn_verified_history,historical_sp500_midquotes,MSFT,as,1492118510,14.29963306258469,14.297681752322374,0.441736376396193,0.4417363763961675,0.0,99.5582636236038,0
dqn_verified_history,historical_sp500_midquotes,MSFT,as,1871437067,-33.69395674569387,-33.69412451105251,0.129524267470984,0.1295242674709475,0.0,99.87047573252902,0
dqn_verified_history,historical_sp500_midquotes,MSFT,as,1821522104,-34.14961459312144,-34.15619529641681,0.8112153410387748,0.811215341038773,0.0,99.18878465896124,0
dqn_verified_history,historical_sp500_midquotes,MSFT,as,1233002065,16.770914480621286,16.768909406134096,0.4477805809981277,0.4477805809981188,0.0,99.55221941900189,0
dqn_verified_history,historical_sp500_midquotes,MSFT,as,1249666141,-42.405032763630516,-42.41065305673911,0.7496861415680485,0.7496861415680915,0.0,99.25031385843197,0
dqn_verified_history,historical_sp500_midquotes,MSFT,as,1377485117,-28.515979778430847,-28.517781349777653,0.4244492133115187,0.4244492133115072,0.0,99.57555078668848,0
dqn_verified_history,historical_sp500_midquotes,MSFT,as,1667673182,5.491679681748792,5.486994775032496,0.6844637840160743,0.6844637840160557,0.0,99.31553621598393,0
dqn_verified_history,historical_sp500_midquotes,MSFT,as,257835634,14.58458364620128,14.584579399916407,0.0248941320767812,0.0206065156480735,0.0042876164287095,99.97510586792322,0
dqn_verified_history,historical_sp500_midquotes,MSFT,as,1475908961,-44.25905179653273,-44.26732532804057,0.909589550722842,0.9095895507228232,0.0,99.09041044927716,0
dqn_verified_history,historical_sp500_midquotes,MSFT,as,847186143,7.693373848931515,7.692838536186704,0.2313682659335683,0.2313682659335714,0.0,99.76863173406645,0
dqn_verified_history,historical_sp500_midquotes,MSFT,as,454152926,15.846732542058817,15.838360733309248,0.9149758876369134,0.9149758876369072,0.0,99.08502411236309,0
dqn_verified_history,historical_sp500_midquotes,MSFT,as,745543570,8.387584163492647,8.38370339870715,0.6229578465271999,0.622957846527227,0.0,99.3770421534728,0
dqn_verified_history,historical_sp500_midquotes,MSFT,as,2040040035,16.558583746289514,16.552791074530013,0.7610960359573227,0.7610960359573102,0.0,99.23890396404268,0
dqn_verified_history,historical_sp500_midquotes,MSFT,as,857589213,-26.69381735183015,-26.694259333369654,0.2102335699896684,0.2102335699896427,0.0,99.78976643001032,0
dqn_verified_history,historical_sp500_midquotes,MSFT,as,447631993,7.981457399666397,7.980616596171517,0.2987244596986329,0.2899661178275471,0.0087583418710893,99.70127554030137,0
dqn_verified_history,historical_sp500_midquotes,MSFT,as,1053736358,3.3816065633654944,3.3798250519738096,0.4220795412815903,0.4220795412816134,0.0,99.5779204587184,0
dqn_verified_history,historical_sp500_midquotes,MSFT,as,1123074415,-19.049101005390185,-19.05759045144201,0.921381899747729,0.9213818997477324,0.0,99.07861810025229,0
dqn_verified_history,historical_sp500_midquotes,MSFT,as,896949228,-2.5857861100430455,-2.5857861100430455,0.5794705542192418,0.0,0.5794705542192284,99.42052944578076,0
dqn_verified_history,historical_sp500_midquotes,MSFT,as,532798302,-37.29229450401726,-37.296208566097235,0.6256246542435377,0.625624654243552,0.0,99.37437534575646,0
dqn_verified_history,historical_sp500_midquotes,MSFT,as,1798006985,-36.629741344726426,-36.63223960292239,0.4998257892470121,0.4998257892470068,0.0,99.500174210753,0
dqn_verified_history,historical_sp500_midquotes,MSFT,as,1380983522,4.508235215431341,4.507865662006835,0.192237723796893,0.1922377237968824,0.0,99.8077622762031,0
dqn_verified_history,historical_sp500_midquotes,MSFT,as,516067115,13.469466303904484,13.468410815627198,0.3248827907546427,0.3248827907546321,0.0,99.67511720924536,0
dqn_verified_history,historical_sp500_midquotes,MSFT,as,181677896,-42.30756652580749,-42.31496006885542,0.8598571420841665,0.8598571420841612,0.0,99.14014285791583,0
dqn_verified_history,historical_sp500_midquotes,MSFT,as,1412098877,7.299171511616805,7.298393149594748,0.4090210229386883,0.2789914016699076,0.1300296212687842,99.59097897706133,0
dqn_verified_history,historical_sp500_midquotes,MSFT,as,592480532,12.888429148953946,12.885247334072403,0.5640757822794029,0.56407578227941,0.0,99.4359242177206,0
dqn_verified_history,historical_sp500_midquotes,MSFT,as,1462116845,14.655199351385818,14.65415785855566,0.3227216804241521,0.3227216804241588,0.0,99.67727831957583,0
dqn_verified_history,historical_sp500_midquotes,MSFT,as,1877161225,15.959879327285307,15.959128252428815,0.3565202425165523,0.2740574495411076,0.0824627929754375,99.64347975748343,0
dqn_verified_history,historical_sp500_midquotes,MSFT,as,1814894336,15.674579177944906,15.674579075812634,0.0031958140051102,0.0031958140050867,0.0,99.99680418599488,0
dqn_verified_history,historical_sp500_midquotes,MSFT,as,917024862,11.65370162187537,11.643718951290545,0.9991331535299252,0.9991331535299262,0.0,99.00086684647007,0
dqn_verified_history,historical_sp500_midquotes,MSFT,as,614922330,12.375441400105046,12.375441395301856,0.000693050530117,0.0006930505301054,0.0,99.99930694946988,0
dqn_verified_history,historical_sp500_midquotes,MSFT,as,1801437930,-5.3333971128449775,-5.33886013540196,0.7391226256165453,0.7391226256165524,0.0,99.26087737438344,0
dqn_verified_history,historical_sp500_midquotes,MSFT,as,1380610365,14.970735913633687,14.966684822020754,0.9942470978653262,0.6364818625016067,0.3577652353636857,99.00575290213467,0
dqn_verified_history,historical_sp500_midquotes,MSFT,as,236614752,-6.063750275872735,-6.064342061207061,0.2432663836878674,0.2432663836878523,0.0,99.75673361631212,0
dqn_verified_history,historical_sp500_midquotes,MSFT,as,834408283,-4.379550369045319,-4.380560607550452,0.3848317182808074,0.3178424932467712,0.0669892250340579,99.6151682817192,0
dqn_verified_history,historical_sp500_midquotes,MSFT,as,2011776523,13.226517876810249,13.225486005450117,0.3212275455396565,0.3212275455396591,0.0,99.67877245446034,0
dqn_verified_history,historical_sp500_midquotes,MSFT,as,1226258546,-4.3602126058958675,-4.36024435415954,0.056345597585377,0.0563455975853521,0.0,99.94365440241462,0
dqn_verified_history,historical_sp500_midquotes,MSFT,as,1616321187,14.614109012520204,14.606589190803026,0.8671690560193781,0.8671690560193939,0.0,99.13283094398062,0
dqn_verified_history,historical_sp500_midquotes,MSFT,as,1672306602,16.18948968589939,16.187603490087106,0.4343035588483985,0.4343035588484074,0.0,99.5656964411516,0
dqn_verified_history,historical_sp500_midquotes,MSFT,as,1762600914,-39.659123757548514,-39.66816107721872,0.950648182568429,0.950648182568436,0.0,99.04935181743156,0
dqn_verified_history,historical_sp500_midquotes,MSFT,as,994946334,2.5286913420641213,2.527065159401162,0.4032595520207138,0.4032595520207187,0.0,99.59674044797929,0
dqn_verified_history,historical_sp500_midquotes,MSFT,as,909382858,9.46456664773541,9.45522726241683,0.9664049523144912,0.9664049523144738,0.0,99.03359504768552,0
dqn_verified_history,historical_sp500_midquotes,MSFT,as,26993609,7.0466266955027095,7.046626376905646,0.005644440300756,0.0056444403007667,0.0,99.99435555969924,0
dqn_verified_history,historical_sp500_midquotes,MSFT,as,1773145257,11.985897687987745,11.98521177390713,0.3057711234972657,0.2618996144737595,0.0438715090234898,99.69422887650272,0
dqn_verified_history,historical_sp500_midquotes,MSFT,as,706407932,-4.860295460490306,-4.8625651879844485,0.476416571305279,0.4764165713052737,0.0,99.52358342869472,0
dqn_verified_history,historical_sp500_midquotes,MSFT,as,331383041,-30.100421116796497,-30.1093987693196,0.947504750547708,0.9475047505477114,0.0,99.05249524945228,0
dqn_verified_history,historical_sp500_midquotes,MSFT,as,279983631,11.0479428118324,11.043586462262336,0.6600264820491901,0.6600264820492043,0.0,99.3399735179508,0
dqn_verified_history,historical_sp500_midquotes,MSFT,as,104944766,-21.374272495560945,-21.374275934561823,0.018544543342827,0.0185445433428128,0.0,99.98145545665716,0
dqn_verified_history,historical_sp500_midquotes,MSFT,as,1398718536,12.99170409895487,12.983471640229894,0.90732897699651,0.9073289769965136,0.0,99.09267102300348,0
dqn_verified_history,historical_sp500_midquotes,MSFT,as,1382436732,-29.19039759540283,-29.196738881448557,0.7963219227001588,0.7963219227001934,0.0,99.20367807729984,0
dqn_verified_history,historical_sp500_midquotes,MSFT,as,1822786061,-3.449688973800221,-3.450141626825912,0.4611711916558505,0.2127564395479309,0.2484147521079018,99.53882880834416,0
dqn_verified_history,historical_sp500_midquotes,MSFT,as,879773370,6.316201278439621,6.316201278439621,0.2545893592106836,0.0,0.254589359210688,99.74541064078932,0
dqn_verified_history,historical_sp500_midquotes,MSFT,as,2043945046,-2.172667129272668,-2.1773196579583893,0.682094471882138,0.6820944718821345,0.0,99.31790552811786,0
dqn_verified_history,historical_sp500_midquotes,MSFT,as,1458350865,13.780076915207246,13.777045014027944,0.5876761725281625,0.5506270225209335,0.0370491500072156,99.41232382747184,0
dqn_verified_history,historical_sp500_midquotes,MSFT,as,1570091229,-4.48792654142926,-4.48792654142926,0.1546384352607503,0.0,0.1546384352607734,99.84536156473924,0
dqn_verified_history,historical_sp500_midquotes,MSFT,as,1963377882,5.424973631652392,5.421760620511837,0.5668342915310518,0.5668342915310371,0.0,99.43316570846896,0
dqn_verified_history,historical_sp500_midquotes,MSFT,as,922385963,10.079620735119532,10.0767651153999,0.5343799883636109,0.5343799883635931,0.0,99.4656200116364,0
dqn_verified_history,historical_sp500_midquotes,MSFT,as,1134397302,-30.267821630744947,-30.269227947600125,0.3750089139177959,0.3750089139178225,0.0,99.6249910860822,0
dqn_verified_history,historical_sp500_midquotes,MSFT,as,1361953339,-2.568270313266112,-2.5715839989985563,0.5756462222967116,0.5756462222967027,0.0,99.42435377770327,0
dqn_verified_history,historical_sp500_midquotes,MSFT,as,1031019006,-42.34909567813338,-42.3515384297563,0.4942420078185705,0.4942420078185687,0.0,99.50575799218144,0
dqn_verified_history,historical_sp500_midquotes,MSFT,as,53419154,15.455242659858412,15.445727360702191,0.9754639489095922,0.9754639489095682,0.0,99.0245360510904,0
dqn_verified_history,historical_sp500_midquotes,MSFT,as,1338190356,-39.35234645899072,-39.35252459334933,0.1334669841592699,0.1334669841592495,0.0,99.86653301584072,0
dqn_verified_history,historical_sp500_midquotes,MSFT,as,250858187,13.12986794957942,13.129487341806565,0.1950917150617215,0.1950917150617614,0.0,99.80490828493828,0
dqn_verified_history,historical_sp500_midquotes,MSFT,as,2129749168,11.620407857475584,11.619858020525244,0.234486023110378,0.2344860231103709,0.0,99.76551397688962,0
dqn_verified_history,historical_sp500_midquotes,MSFT,as,2130738303,7.945532324374653,7.944796004999918,0.2713520544855612,0.2713520544855985,0.0,99.72864794551444,0
dqn_verified_history,historical_sp500_midquotes,MSFT,as,1017956649,12.579201707374525,12.576035925033125,0.5626528540227298,0.5626528540227378,0.0,99.43734714597728,0
dqn_verified_history,historical_sp500_midquotes,MSFT,as,1274680140,15.322162273756476,15.321399229912815,0.276232482459946,0.2762324824599362,0.0,99.72376751754004,0
dqn_verified_history,historical_sp500_midquotes,MSFT,as,1585408273,13.79918874057512,13.793592617035356,0.7480724256221976,0.7480724256221762,0.0,99.2519275743778,0
dqn_verified_history,historical_sp500_midquotes,MSFT,as,1144086060,-1.6922949519703252,-1.692332439227005,0.1046069727545386,0.0612268378081222,0.0433801349464235,99.89539302724546,0
dqn_verified_history,historical_sp500_midquotes,MSFT,as,410286162,-2.3695223078975687,-2.3740408784050806,0.738322481166577,0.6722031320599443,0.0661193491066424,99.26167751883342,0
dqn_verified_history,historical_sp500_midquotes,MSFT,as,373643122,4.589649712379469,4.588918291408899,0.2704479562817425,0.2704479562817372,0.0,99.72955204371826,0
dqn_verified_history,historical_sp500_midquotes,MSFT,as,1500953274,11.694098941799894,11.693836379429262,0.1620377643117336,0.162037764311731,0.0,99.83796223568828,0
dqn_verified_history,historical_sp500_midquotes,MSFT,as,83988248,13.833943425606776,13.833824387858412,0.1091044217092189,0.1091044217092154,0.0,99.89089557829078,0
dqn_verified_history,historical_sp500_midquotes,MSFT,as,1865270753,-30.01101980792373,-30.011772609274193,0.2743722563349138,0.2743722563349102,0.0,99.72562774366509,0
dqn_verified_history,historical_sp500_midquotes,MSFT,as,2136924679,13.731147517642968,13.724762483768616,0.7990640696684181,0.7990640696684022,0.0,99.20093593033158,0
dqn_verified_history,historical_sp500_midquotes,MSFT,as,675361705,14.12134610911744,14.111402265900468,0.997188207760786,0.9971882077607948,0.0,99.0028117922392,0
dqn_verified_history,historical_sp500_midquotes,MSFT,as,1787143916,13.886083014522228,13.886083013296728,0.0607201730604884,0.0003500715468228,0.060370101513678,99.93927982693953,0
dqn_verified_history,historical_sp500_midquotes,MSFT,as,1157074811,-43.448223341571065,-43.453848991186035,0.7500433064145398,0.7500433064145327,0.0,99.24995669358546,0
dqn_verified_history,historical_sp500_midquotes,MSFT,as,346534653,11.313997348919656,11.304230688148904,0.9882641737284956,0.988264173728476,0.0,99.0117358262715,0
dqn_verified_history,historical_sp500_midquotes,MSFT,as,2029212888,18.272243724666623,18.26525989254539,0.8356932524094987,0.8356932524095129,0.0,99.1643067475905,0
dqn_verified_history,historical_sp500_midquotes,MSFT,as,284833619,-30.450390331732702,-30.45079110945722,0.2001943367118599,0.2001943367118697,0.0,99.79980566328814,0
dqn_verified_history,historical_sp500_midquotes,MSFT,as,963504523,11.830624191237805,11.829284616769645,0.3660019765192004,0.36600197651918,0.0,99.6339980234808,0
dqn_verified_history,historical_sp500_midquotes,MSFT,as,1918322573,10.117853202666083,10.109403301151172,0.9192334586443138,0.9192334586443254,0.0,99.08076654135569,0
dqn_verified_history,historical_sp500_midquotes,MSFT,as,344371083,16.6518070480397,16.64967002762346,0.4622791814736331,0.4622791814736597,0.0,99.53772081852637,0
dqn_verified_history,historical_sp500_midquotes,MSFT,as,1588251919,-0.7236099581405142,-0.7308663223129802,0.8518429533937848,0.8518429533937555,0.0,99.14815704660622,0
dqn_verified_history,historical_sp500_midquotes,MSFT,as,152900645,14.135031215369963,14.129105664595505,0.7697759917313647,0.7697759917313629,0.0,99.23022400826864,0
dqn_verified_history,historical_sp500_midquotes,MSFT,as,1891103623,-0.3967369769361539,-0.4029086095597802,0.7855973920289472,0.785597392028913,0.0,99.21440260797104,0
dqn_verified_history,historical_sp500_midquotes,MSFT,as,2085732003,-0.269402727150009,-0.270474162782672,0.3273279139735763,0.3273279139735958,0.0,99.67267208602642,0
dqn_verified_history,historical_sp500_midquotes,MSFT,as,266216506,12.689948611759974,12.689000078024742,0.41914811959073,0.3079827487427164,0.1111653708480189,99.58085188040928,0
dqn_verified_history,historical_sp500_midquotes,MSFT,as,1053758720,-37.69665753970003,-37.69699469230369,0.1836171570585349,0.1836171570585678,0.0,99.81638284294148,0
dqn_verified_history,historical_sp500_midquotes,MSFT,as,938390068,16.52751234767129,16.517857595587422,0.9825859801496648,0.9825859801496756,0.0,99.01741401985034,0
dqn_verified_history,historical_sp500_midquotes,MSFT,as,857959051,4.258059621444772,4.258059621261843,0.6899831193792778,0.0001352512719547,0.6898478681073088,99.31001688062072,0
dqn_verified_history,historical_sp500_midquotes,MSFT,as,719206609,10.704947317068218,10.704561551714082,0.1964091021655321,0.1964091021655374,0.0,99.80359089783448,0
dqn_verified_history,historical_sp500_midquotes,MSFT,as,187237339,7.770435036856725,7.760787933221706,0.982196703060012,0.9821967030600016,0.0,99.01780329694,0
dqn_verified_history,historical_sp500_midquotes,MSFT,as,1809838918,8.906882240928098,8.898745494582691,0.9020391535519252,0.90203915355192,0.0,99.09796084644807,0
dqn_verified_history,historical_sp500_midquotes,MSFT,as,892651515,7.100785910064587,7.0987648435152675,0.8969511028745956,0.449562737481657,0.4473883653929421,99.1030488971254,0
dqn_verified_history,historical_sp500_midquotes,MSFT,as,1886884439,-21.291432773430643,-21.294535636175713,0.5570334590550914,0.5570334590551136,0.0,99.44296654094492,0
dqn_verified_history,historical_sp500_midquotes,MSFT,twap,1906509230,-2.69999999999527,-2.69999999999527,0.0,0.0,0.0,100.0,0
dqn_verified_history,historical_sp500_midquotes,MSFT,twap,1178422796,11.99999999999818,11.99999999999818,0.0,0.0,0.0,100.0,0
dqn_verified_history,historical_sp500_midquotes,MSFT,twap,1963502950,-4.129999999997381,-4.129999999997381,0.0,0.0,0.0,100.0,0
dqn_verified_history,historical_sp500_midquotes,MSFT,twap,1703319850,-38.13030005420478,-38.13679643167944,0.8060010840352589,0.8060010840352545,0.0,99.19399891596474,0
dqn_verified_history,historical_sp500_midquotes,MSFT,twap,1313726939,13.25,13.25,0.0,0.0,0.0,100.0,0
dqn_verified_history,historical_sp500_midquotes,MSFT,twap,1061055793,11.558660561157012,11.557305687382591,0.3893717566104584,0.368086100582382,0.0212856560280812,99.61062824338954,0
dqn_verified_history,historical_sp500_midquotes,MSFT,twap,1067007710,13.970000000002983,13.930000000002984,2.0,2.0,0.0,98.0,0
dqn_verified_history,historical_sp500_midquotes,MSFT,twap,40720655,-3.6950126891642863,-3.7239213184425743,2.0,1.700253783359634,0.299746216640366,98.0,0
dqn_verified_history,historical_sp500_midquotes,MSFT,twap,1966159132,-3.7999999999956344,-3.809999999995634,1.0,1.0,0.0,99.0,0
dqn_verified_history,historical_sp500_midquotes,MSFT,twap,188577770,-36.23000000000138,-36.24000000000138,1.0,1.0,0.0,99.0,0
dqn_verified_history,historical_sp500_midquotes,MSFT,twap,1402152033,11.30000000000473,11.30000000000473,0.0,0.0,0.0,100.0,0
dqn_verified_history,historical_sp500_midquotes,MSFT,twap,2092728533,15.70618261094387,15.569957437770514,3.6908694527625414,3.6908694527625423,0.0,96.30913054723746,0
dqn_verified_history,historical_sp500_midquotes,MSFT,twap,1437347273,-2.8099999999994907,-2.8099999999994907,0.0,0.0,0.0,100.0,0
dqn_verified_history,historical_sp500_midquotes,MSFT,twap,1045146178,-37.590993675119535,-37.61988650736599,1.6997891706459995,1.699789170646005,0.0,98.300210829354,0
dqn_verified_history,historical_sp500_midquotes,MSFT,twap,528283994,11.959999999999129,11.959999999999129,0.0,0.0,0.0,100.0,0
dqn_verified_history,historical_sp500_midquotes,MSFT,twap,36265689,15.469999999999343,15.469999999999343,0.0,0.0,0.0,100.0,0
dqn_verified_history,historical_sp500_midquotes,MSFT,twap,1193742096,-36.81999999999971,-36.82999999999971,1.0,1.0,0.0,99.0,0
dqn_verified_history,historical_sp500_midquotes,MSFT,twap,793249015,-3.2399999999997817,-3.2399999999997817,0.0,0.0,0.0,100.0,0
dqn_verified_history,historical_sp500_midquotes,MSFT,twap,1309854583,-36.42000000000371,-36.43000000000371,1.0,1.0,0.0,99.0,0
dqn_verified_history,historical_sp500_midquotes,MSFT,twap,1144601564,11.599999999996726,11.599999999996726,0.0,0.0,0.0,100.0,0
dqn_verified_history,historical_sp500_midquotes,MSFT,twap,982973886,-4.181762964139125,-4.918829154588535,8.585255910276686,8.585255910276704,0.0,91.41474408972331,0
dqn_verified_history,historical_sp500_midquotes,MSFT,twap,715231342,14.390000000001235,14.390000000001235,0.0,0.0,0.0,100.0,0
dqn_verified_history,historical_sp500_midquotes,MSFT,twap,2130732657,-35.729999999997744,-35.729999999997744,0.0,0.0,0.0,100.0,0
dqn_verified_history,historical_sp500_midquotes,MSFT,twap,1234679122,13.75,13.74,1.0,1.0,0.0,99.0,0
dqn_verified_history,historical_sp500_midquotes,MSFT,twap,490149342,15.257847117873098,15.198765018039229,2.430680971124545,2.430680971124546,0.0,97.56931902887546,0
dqn_verified_history,historical_sp500_midquotes,MSFT,twap,381953676,10.605931986823634,10.560095065099066,2.1409559015675086,2.140955901567525,0.0,97.85904409843248,0
dqn_verified_history,historical_sp500_midquotes,MSFT,twap,478640128,13.600000000000364,13.600000000000364,0.0,0.0,0.0,100.0,0
dqn_verified_history,historical_sp500_midquotes,MSFT,twap,951876364,-37.08999999999651,-37.17999999999651,3.0,3.0,0.0,97.0,0
dqn_verified_history,historical_sp500_midquotes,MSFT,twap,723990043,11.859999999998765,11.819999999998764,2.0,2.0,0.0,98.0,0
dqn_verified_history,historical_sp500_midquotes,MSFT,twap,487116369,-36.330000000003565,-36.330000000003565,0.0,0.0,0.0,100.0,0
dqn_verified_history,historical_sp500_midquotes,MSFT,twap,1985429050,14.739999999997965,14.729999999997965,1.0,1.0,0.0,99.0,0
dqn_verified_history,historical_sp500_midquotes,MSFT,twap,1628956857,-3.700000000000728,-3.700000000000728,0.0,0.0,0.0,100.0,0
dqn_verified_history,historical_sp500_midquotes,MSFT,twap,1189523478,14.020000000002256,14.020000000002256,0.0,0.0,0.0,100.0,0
dqn_verified_history,historical_sp500_midquotes,MSFT,twap,1296530916,-37.69999999999709,-37.69999999999709,0.0,0.0,0.0,100.0,0
dqn_verified_history,historical_sp500_midquotes,MSFT,twap,707561452,11.61999999999898,11.36999999999898,5.0,5.0,0.0,95.0,0
dqn_verified_history,historical_sp500_midquotes,MSFT,twap,901155818,11.079999999999927,11.079999999999927,0.0,0.0,0.0,100.0,0
dqn_verified_history,historical_sp500_midquotes,MSFT,twap,1820860524,-34.447670467250646,-34.553665135836646,3.2556822416507316,3.2556822416507307,0.0,96.74431775834928,0
dqn_verified_history,historical_sp500_midquotes,MSFT,twap,1044185241,-36.4900000000016,-36.4900000000016,0.0,0.0,0.0,100.0,0
dqn_verified_history,historical_sp500_midquotes,MSFT,twap,591637826,-3.789928205127581,-3.829907694936918,3.0,1.9994871794872324,1.0005128205127676,97.0,0
dqn_verified_history,historical_sp500_midquotes,MSFT,twap,27222720,-37.87400559639718,-37.87677047833879,0.5258214470336071,0.5258214470336142,0.0,99.4741785529664,0
dqn_verified_history,historical_sp500_midquotes,MSFT,twap,64598572,15.820000000001528,15.810000000001528,1.0,1.0,0.0,99.0,0
dqn_verified_history,historical_sp500_midquotes,MSFT,twap,824692580,11.180000000000293,11.170000000000291,1.0,1.0,0.0,99.0,0
dqn_verified_history,historical_sp500_midquotes,MSFT,twap,1292888439,15.140000000003056,15.140000000003056,0.0,0.0,0.0,100.0,0
dqn_verified_history,historical_sp500_midquotes,MSFT,twap,1567077053,-36.04000000000087,-36.08000000000087,2.0,2.0,0.0,98.0,0
dqn_verified_history,historical_sp500_midquotes,MSFT,twap,1386223455,-36.39999999999782,-36.39999999999782,0.0,0.0,0.0,100.0,0
dqn_verified_history,historical_sp500_midquotes,MSFT,twap,2103330825,11.070000000001528,10.910000000001528,4.0,4.0,0.0,96.0,0
dqn_verified_history,historical_sp500_midquotes,MSFT,twap,1713764255,15.640000000001235,15.480000000001237,4.0,4.0,0.0,96.0,0
dqn_verified_history,historical_sp500_midquotes,MSFT,twap,338169861,11.045566007618618,10.940108170950978,4.0,3.247427238101562,0.7525727618984378,96.0,0
dqn_verified_history,historical_sp500_midquotes,MSFT,twap,460890984,-36.902187902929654,-37.25184071726141,5.913144800626441,5.913144800626437,0.0,94.08685519937356,0
dqn_verified_history,historical_sp500_midquotes,MSFT,twap,1844393987,-37.1299999999992,-37.1299999999992,0.0,0.0,0.0,100.0,0
dqn_verified_history,historical_sp500_midquotes,MSFT,twap,1032412864,12.97000000000662,12.930000000006622,2.0,2.0,0.0,98.0,0
dqn_verified_history,historical_sp500_midquotes,MSFT,twap,285977676,11.06000000000131,10.97000000000131,3.0,3.0,0.0,97.0,0
dqn_verified_history,historical_sp500_midquotes,MSFT,twap,1194047159,-38.0099999999984,-38.0199999999984,1.0,1.0,0.0,99.0,0
dqn_verified_history,historical_sp500_midquotes,MSFT,twap,410795716,14.340000000003783,14.340000000003783,0.0,0.0,0.0,100.0,0
dqn_verified_history,historical_sp500_midquotes,MSFT,twap,1688827796,14.629925749646643,14.60133832657556,1.690781566941283,1.6907815669412836,0.0,98.30921843305872,0
dqn_verified_history,historical_sp500_midquotes,MSFT,twap,1615174803,-3.189969698611094,-3.280151598749594,3.0030301386849203,3.003030138684924,0.0,96.99696986131508,0
dqn_verified_history,historical_sp500_midquotes,MSFT,twap,573603312,-1.9899999999979627,-1.9899999999979627,0.0,0.0,0.0,100.0,0
dqn_verified_history,historical_sp500_midquotes,MSFT,twap,1292648848,-37.219999999999345,-37.22999999999934,1.0,1.0,0.0,99.0,0
dqn_verified_history,historical_sp500_midquotes,MSFT,twap,504177273,15.31999999999789,15.15999999999789,4.0,4.0,0.0,96.0,0
dqn_verified_history,historical_sp500_midquotes,MSFT,twap,2023171617,10.80999999999949,10.80999999999949,0.0,0.0,0.0,100.0,0
dqn_verified_history,historical_sp500_midquotes,MSFT,twap,155866399,16.080000000001746,16.080000000001746,0.0,0.0,0.0,100.0,0
dqn_verified_history,historical_sp500_midquotes,MSFT,twap,426465092,10.141902439025216,9.806972049971083,6.0,5.787317073170698,0.2126829268293022,94.0,0
dqn_verified_history,historical_sp500_midquotes,MSFT,twap,2075242093,11.300000000001091,11.300000000001091,0.0,0.0,0.0,100.0,0
dqn_verified_history,historical_sp500_midquotes,MSFT,twap,426948909,15.110000000000582,15.110000000000582,0.0,0.0,0.0,100.0,0
dqn_verified_history,historical_sp500_midquotes,MSFT,twap,40870105,-36.57999999999811,-36.61999999999811,2.0,2.0,0.0,98.0,0
dqn_verified_history,historical_sp500_midquotes,MSFT,twap,1146798258,-36.18000000000393,-36.18000000000393,0.0,0.0,0.0,100.0,0
dqn_verified_history,historical_sp500_midquotes,MSFT,twap,2070376215,13.471011389190608,13.113434631611836,5.979772216220056,5.979772216220056,0.0,94.02022778377994,0
dqn_verified_history,historical_sp500_midquotes,MSFT,twap,511062834,-3.0100000000002183,-3.0100000000002183,0.0,0.0,0.0,100.0,0
dqn_verified_history,historical_sp500_midquotes,MSFT,twap,1541412974,-4.519999999996799,-4.519999999996799,0.0,0.0,0.0,100.0,0
dqn_verified_history,historical_sp500_midquotes,MSFT,twap,376403019,11.0099999999984,11.0099999999984,0.0,0.0,0.0,100.0,0
dqn_verified_history,historical_sp500_midquotes,MSFT,twap,1108559752,-36.37438403117994,-36.376682923990984,0.4794677060078527,0.4794677060078491,0.0,99.52053229399216,0
dqn_verified_history,historical_sp500_midquotes,MSFT,twap,1393048108,-37.73999999999978,-37.73999999999978,0.0,0.0,0.0,100.0,0
dqn_verified_history,historical_sp500_midquotes,MSFT,twap,2023564002,13.540000000004513,13.540000000004513,0.0,0.0,0.0,100.0,0
dqn_verified_history,historical_sp500_midquotes,MSFT,twap,916344601,11.666268391125412,11.660956019973884,0.7288601478699519,0.7288601478699466,0.0,99.27113985213003,0
dqn_verified_history,historical_sp500_midquotes,MSFT,twap,486149422,13.390000000003056,13.390000000003056,0.0,0.0,0.0,100.0,0
dqn_verified_history,historical_sp500_midquotes,MSFT,twap,410404482,11.399999999999636,11.399999999999636,0.0,0.0,0.0,100.0,0
dqn_verified_history,historical_sp500_midquotes,MSFT,twap,848518413,16.725324734357855,16.661190517340682,2.5324734355402825,2.5324734355402834,0.0,97.46752656445972,0
dqn_verified_history,historical_sp500_midquotes,MSFT,twap,1216465325,-37.86999999999716,-37.87999999999716,1.0,1.0,0.0,99.0,0
dqn_verified_history,historical_sp500_midquotes,MSFT,twap,1701726968,16.720000000001164,16.720000000001164,0.0,0.0,0.0,100.0,0
dqn_verified_history,historical_sp500_midquotes,MSFT,twap,1739537596,16.67791535394099,16.67165007114658,0.7915353936754457,0.7915353936754466,0.0,99.20846460632455,0
dqn_verified_history,historical_sp500_midquotes,MSFT,twap,2050860255,-3.429999999996653,-3.429999999996653,0.0,0.0,0.0,100.0,0
dqn_verified_history,historical_sp500_midquotes,MSFT,twap,218238821,13.2400000000016,13.2400000000016,0.0,0.0,0.0,100.0,0
dqn_verified_history,historical_sp500_midquotes,MSFT,twap,128588240,13.330000000005384,13.290000000005383,2.0,2.0,0.0,98.0,0
dqn_verified_history,historical_sp500_midquotes,MSFT,twap,1162542574,-2.8399999999965075,-2.8399999999965075,0.0,0.0,0.0,100.0,0
dqn_verified_history,historical_sp500_midquotes,MSFT,twap,1005643756,15.607974213435227,15.60435872487494,0.6012893280515641,0.6012893280515632,0.0,99.39871067194844,0
dqn_verified_history,historical_sp500_midquotes,MSFT,twap,711572297,-3.0799999999981083,-3.0799999999981083,0.0,0.0,0.0,100.0,0
dqn_verified_history,historical_sp500_midquotes,MSFT,twap,501043199,-37.64000000000124,-37.64000000000124,0.0,0.0,0.0,100.0,0
dqn_verified_history,historical_sp500_midquotes,MSFT,twap,1291999351,15.329999999999927,15.329999999999927,0.0,0.0,0.0,100.0,0
dqn_verified_history,historical_sp500_midquotes,MSFT,twap,102182588,-37.729999999997744,-37.729999999997744,0.0,0.0,0.0,100.0,0
dqn_verified_history,historical_sp500_midquotes,MSFT,twap,2119210718,11.905049938955926,11.903320756883677,0.4158343507036761,0.4158343507036783,0.0,99.58416564929632,0
dqn_verified_history,historical_sp500_midquotes,MSFT,twap,1109208492,11.829999999999927,11.829999999999927,0.0,0.0,0.0,100.0,0
dqn_verified_history,historical_sp500_midquotes,MSFT,twap,1274300456,-36.80999999999767,-36.84999999999767,2.0,2.0,0.0,98.0,0
dqn_verified_history,historical_sp500_midquotes,MSFT,twap,1256771816,-35.86999999999898,-35.959999999998985,3.0,3.0,0.0,97.0,0
dqn_verified_history,historical_sp500_midquotes,MSFT,twap,1077857574,-4.179999999996653,-4.179999999996653,0.0,0.0,0.0,100.0,0
dqn_verified_history,historical_sp500_midquotes,MSFT,twap,1100698389,16.270000000000437,16.270000000000437,0.0,0.0,0.0,100.0,0
dqn_verified_history,historical_sp500_midquotes,MSFT,twap,795778257,15.346902194736684,15.342138165510807,0.6902194742166472,0.6902194742166472,0.0,99.30978052578337,0
dqn_verified_history,historical_sp500_midquotes,MSFT,twap,1548246893,14.745214393647984,14.741374854384317,0.6196401587750415,0.6196401587750393,0.0,99.38035984122496,0
dqn_verified_history,historical_sp500_midquotes,MSFT,twap,633707972,11.550000000001091,11.540000000001092,1.0,1.0,0.0,99.0,0
dqn_verified_history,historical_sp500_midquotes,MSFT,twap,983296256,-37.57999999999629,-37.57999999999629,0.0,0.0,0.0,100.0,0
dqn_verified_history,historical_sp500_midquotes,MSFT,twap,487951037,15.874164836064663,15.580781889499276,5.416483606228198,5.4164836062282,0.0,94.5835163937718,0
dqn_verified_history,historical_sp500_midquotes,MSFT,twap,978154369,15.850000000002185,15.760000000002185,3.0,3.0,0.0,97.0,0
dqn_verified_history,historical_sp500_midquotes,MSFT,twap,554788091,15.093149506479676,15.093133004371769,0.040622786594838,0.0406227865948309,0.0,99.95937721340516,0
dqn_verified_history,historical_sp500_midquotes,MSFT,twap,2090199347,-35.95000000000255,-35.960000000002545,1.0,1.0,0.0,99.0,0
dqn_verified_history,historical_sp500_midquotes,MSFT,twap,2069017976,-3.1899999999986903,-3.1899999999986903,0.0,0.0,0.0,100.0,0
dqn_verified_history,historical_sp500_midquotes,MSFT,twap,945043387,13.36999999999898,13.36999999999898,0.0,0.0,0.0,100.0,0
dqn_verified_history,historical_sp500_midquotes,MSFT,twap,1939521563,15.38000000000102,15.38000000000102,0.0,0.0,0.0,100.0,0
dqn_verified_history,historical_sp500_midquotes,MSFT,twap,837962510,16.139999999999418,16.139999999999418,0.0,0.0,0.0,100.0,0
dqn_verified_history,historical_sp500_midquotes,MSFT,twap,1294936529,-36.91000000000167,-36.91000000000167,0.0,0.0,0.0,100.0,0
dqn_verified_history,historical_sp500_midquotes,MSFT,twap,1783232423,14.909999999998035,14.909999999998035,0.0,0.0,0.0,100.0,0
dqn_verified_history,historical_sp500_midquotes,MSFT,twap,133555220,14.049999999999272,14.049999999999272,0.0,0.0,0.0,100.0,0
dqn_verified_history,historical_sp500_midquotes,MSFT,twap,727659984,-37.11000000000058,-37.11000000000058,0.0,0.0,0.0,100.0,0
dqn_verified_history,historical_sp500_midquotes,MSFT,twap,1045640949,16.330000000003565,16.330000000003565,0.0,0.0,0.0,100.0,0
dqn_verified_history,historical_sp500_midquotes,MSFT,twap,1498406538,14.9900000000016,14.9900000000016,0.0,0.0,0.0,100.0,0
dqn_verified_history,historical_sp500_midquotes,MSFT,twap,894023265,-2.659022478690531,-2.6710730760978185,1.0977521308240483,1.0977521308240492,0.0,98.90224786917597,0
dqn_verified_history,historical_sp500_midquotes,MSFT,twap,1456034043,13.469999999999343,13.469999999999343,0.0,0.0,0.0,100.0,0
dqn_verified_history,historical_sp500_midquotes,MSFT,twap,2145465691,14.010000000000218,14.000000000000218,1.0,1.0,0.0,99.0,0
dqn_verified_history,historical_sp500_midquotes,MSFT,twap,1645332470,-36.090000000001965,-36.090000000001965,0.0,0.0,0.0,100.0,0
dqn_verified_history,historical_sp500_midquotes,MSFT,twap,1703360263,-3.9060177900519193,-4.524955536951914,8.0,7.867259668397856,0.1327403316021443,92.0,0
dqn_verified_history,historical_sp500_midquotes,MSFT,twap,1254093673,14.289999999999054,14.289999999999054,0.0,0.0,0.0,100.0,0
dqn_verified_history,historical_sp500_midquotes,MSFT,twap,679604879,15.100000000000364,15.100000000000364,0.0,0.0,0.0,100.0,0
dqn_verified_history,historical_sp500_midquotes,MSFT,twap,1800514979,15.399999999999636,15.309999999999636,3.0,3.0,0.0,97.0,0
dqn_verified_history,historical_sp500_midquotes,MSFT,twap,1009107304,14.330000000001746,14.330000000001746,0.0,0.0,0.0,100.0,0
dqn_verified_history,historical_sp500_midquotes,MSFT,twap,1459119855,14.61000000000422,14.52000000000422,3.0,3.0,0.0,97.0,0
dqn_verified_history,historical_sp500_midquotes,MSFT,twap,2082327116,11.899999999995998,11.899999999995998,0.0,0.0,0.0,100.0,0
dqn_verified_history,historical_sp500_midquotes,MSFT,twap,1795215048,13.362127236985543,13.35638985227226,0.7574552602816169,0.7574552602816231,0.0,99.24254473971838,0
dqn_verified_history,historical_sp500_midquotes,MSFT,twap,1559844699,11.48775189873595,11.481914165039427,1.0,0.7640506329114487,0.2359493670885513,99.0,0
dqn_verified_history,historical_sp500_midquotes,MSFT,twap,1337581818,15.3899999999976,15.3799999999976,1.0,1.0,0.0,99.0,0
dqn_verified_history,historical_sp500_midquotes,MSFT,twap,1567278356,14.850000000000364,14.850000000000364,0.0,0.0,0.0,100.0,0
dqn_verified_history,historical_sp500_midquotes,MSFT,twap,1391644635,10.589999999998328,10.589999999998328,0.0,0.0,0.0,100.0,0
dqn_verified_history,historical_sp500_midquotes,MSFT,twap,1226640195,15.900000000001455,15.900000000001455,0.0,0.0,0.0,100.0,0
dqn_verified_history,historical_sp500_midquotes,MSFT,twap,573081701,13.696627463727054,13.692172559016912,0.6674507255328166,0.6674507255328099,0.0,99.33254927446718,0
dqn_verified_history,historical_sp500_midquotes,MSFT,twap,856702353,11.479999999999563,11.479999999999563,0.0,0.0,0.0,100.0,0
dqn_verified_history,historical_sp500_midquotes,MSFT,twap,969233424,13.157198221653744,13.153101083431563,0.6400889174308588,0.640088917430853,0.0,99.35991108256914,0
dqn_verified_history,historical_sp500_midquotes,MSFT,twap,2038887002,-3.499732367134129,-3.499739529868956,0.0267632860962123,0.0267632860962163,0.0,99.9732367139038,0
dqn_verified_history,historical_sp500_midquotes,MSFT,twap,748193112,-37.48999999999978,-37.48999999999978,0.0,0.0,0.0,100.0,0
dqn_verified_history,historical_sp500_midquotes,MSFT,twap,1403188372,-36.75000000000182,-36.910000000001816,4.0,4.0,0.0,96.0,0
dqn_verified_history,historical_sp500_midquotes,MSFT,twap,688156671,-2.8299999999981083,-2.8299999999981083,0.0,0.0,0.0,100.0,0
dqn_verified_history,historical_sp500_midquotes,MSFT,twap,1293707997,11.260000000002035,11.250000000002036,1.0,1.0,0.0,99.0,0
dqn_verified_history,historical_sp500_midquotes,MSFT,twap,1017816127,11.88000000000102,11.87000000000102,1.0,1.0,0.0,99.0,0
dqn_verified_history,historical_sp500_midquotes,MSFT,twap,928547401,13.440000000004147,13.440000000004147,0.0,0.0,0.0,100.0,0
dqn_verified_history,historical_sp500_midquotes,MSFT,twap,804851501,-3.4499999999989086,-3.5399999999989085,3.0,3.0,0.0,97.0,0
dqn_verified_history,historical_sp500_midquotes,MSFT,twap,1120019183,13.01572617858983,12.664264213464504,5.928422767695693,5.9284227676956895,0.0,94.0715772323043,0
dqn_verified_history,historical_sp500_midquotes,MSFT,twap,1119490863,-38.11999999999716,-38.36999999999716,5.0,5.0,0.0,95.0,0
dqn_verified_history,historical_sp500_midquotes,MSFT,twap,783363503,-4.049999999999272,-4.049999999999272,0.0,0.0,0.0,100.0,0
dqn_verified_history,historical_sp500_midquotes,MSFT,twap,205944131,15.37999999999738,15.339999999997382,2.0,2.0,0.0,98.0,0
dqn_verified_history,historical_sp500_midquotes,MSFT,twap,446079182,14.270000000002256,14.260000000002256,1.0,1.0,0.0,99.0,0
dqn_verified_history,historical_sp500_midquotes,MSFT,twap,2128949063,11.117133391673631,11.040158295646236,2.888883054819445,2.774438610375034,0.1144444444444161,97.11111694518056,0
dqn_verified_history,historical_sp500_midquotes,MSFT,twap,708828196,15.340000000001965,15.340000000001965,0.0,0.0,0.0,100.0,0
dqn_verified_history,historical_sp500_midquotes,MSFT,twap,907135295,11.660000000003492,11.660000000003492,0.0,0.0,0.0,100.0,0
dqn_verified_history,historical_sp500_midquotes,MSFT,twap,1179243183,-2.929999999996653,-3.4199999999966533,7.0,7.0,0.0,93.0,0
dqn_verified_history,historical_sp500_midquotes,MSFT,twap,1200595667,-3.7755247067707383,-3.7964781181635647,1.4475293224258363,1.4475293224258374,0.0,98.55247067757416,0
dqn_verified_history,historical_sp500_midquotes,MSFT,twap,1138669996,-36.890000000003056,-36.890000000003056,0.0,0.0,0.0,100.0,0
dqn_verified_history,historical_sp500_midquotes,MSFT,twap,299092708,10.81000000000131,10.65000000000131,4.0,4.0,0.0,96.0,0
dqn_verified_history,historical_sp500_midquotes,MSFT,twap,1606240066,13.653242506958122,13.5985859280658,2.337874652164288,2.3378746521642895,0.0,97.66212534783573,0
dqn_verified_history,historical_sp500_midquotes,MSFT,twap,1592479411,-3.889999999999418,-3.889999999999418,0.0,0.0,0.0,100.0,0
dqn_verified_history,historical_sp500_midquotes,MSFT,twap,1232823009,14.350000000002185,14.350000000002185,0.0,0.0,0.0,100.0,0
dqn_verified_history,historical_sp500_midquotes,MSFT,twap,1380936168,11.120000000004438,11.120000000004438,0.0,0.0,0.0,100.0,0
dqn_verified_history,historical_sp500_midquotes,MSFT,twap,1485723813,-2.9500000000007276,-2.9500000000007276,0.0,0.0,0.0,100.0,0
dqn_verified_history,historical_sp500_midquotes,MSFT,twap,1476988550,11.590000000000146,11.500000000000146,3.0,3.0,0.0,97.0,0
dqn_verified_history,historical_sp500_midquotes,MSFT,twap,426644302,11.30999999999949,11.14999999999949,4.0,4.0,0.0,96.0,0
dqn_verified_history,historical_sp500_midquotes,MSFT,twap,1492118510,15.640000000001235,15.640000000001235,0.0,0.0,0.0,100.0,0
dqn_verified_history,historical_sp500_midquotes,MSFT,twap,1871437067,-35.92000000000007,-35.93000000000007,1.0,1.0,0.0,99.0,0
dqn_verified_history,historical_sp500_midquotes,MSFT,twap,1821522104,-36.79000000000451,-36.79000000000451,0.0,0.0,0.0,100.0,0
dqn_verified_history,historical_sp500_midquotes,MSFT,twap,1233002065,15.190000000002328,15.190000000002328,0.0,0.0,0.0,100.0,0
dqn_verified_history,historical_sp500_midquotes,MSFT,twap,1249666141,-37.739999999996144,-37.739999999996144,0.0,0.0,0.0,100.0,0
dqn_verified_history,historical_sp500_midquotes,MSFT,twap,1377485117,-36.23468641382897,-36.23473123520561,0.0669487689518888,0.066948768951883,0.0,99.93305123104813,0
dqn_verified_history,historical_sp500_midquotes,MSFT,twap,1667673182,14.040000000000871,14.030000000000872,1.0,1.0,0.0,99.0,0
dqn_verified_history,historical_sp500_midquotes,MSFT,twap,257835634,11.099999999996726,11.099999999996726,0.0,0.0,0.0,100.0,0
dqn_verified_history,historical_sp500_midquotes,MSFT,twap,1475908961,-36.6299999999992,-36.6299999999992,0.0,0.0,0.0,100.0,0
dqn_verified_history,historical_sp500_midquotes,MSFT,twap,847186143,13.06389328655132,13.05740763109366,0.8053356727265424,0.8053356727265406,0.0,99.19466432727346,0
dqn_verified_history,historical_sp500_midquotes,MSFT,twap,454152926,15.25999999999658,15.25999999999658,0.0,0.0,0.0,100.0,0
dqn_verified_history,historical_sp500_midquotes,MSFT,twap,745543570,14.464631230830491,14.452368428432594,1.1073753834132989,1.1073753834132964,0.0,98.8926246165867,0
dqn_verified_history,historical_sp500_midquotes,MSFT,twap,2040040035,11.142965964692849,11.113950128818583,1.7034035304138655,1.7034035304138633,0.0,98.29659646958612,0
dqn_verified_history,historical_sp500_midquotes,MSFT,twap,857589213,-37.33540630469179,-37.34429085279713,0.9425788086595476,0.9425788086595448,0.0,99.05742119134044,0
dqn_verified_history,historical_sp500_midquotes,MSFT,twap,447631993,12.810000000003129,12.800000000003129,1.0,1.0,0.0,99.0,0
dqn_verified_history,historical_sp500_midquotes,MSFT,twap,1053736358,-3.679999999998472,-3.679999999998472,0.0,0.0,0.0,100.0,0
dqn_verified_history,historical_sp500_midquotes,MSFT,twap,1123074415,-35.93000000000029,-35.97000000000029,2.0,2.0,0.0,98.0,0
dqn_verified_history,historical_sp500_midquotes,MSFT,twap,896949228,-3.399999999999636,-3.399999999999636,0.0,0.0,0.0,100.0,0
dqn_verified_history,historical_sp500_midquotes,MSFT,twap,532798302,-36.72000000000117,-36.72000000000117,0.0,0.0,0.0,100.0,0
dqn_verified_history,historical_sp500_midquotes,MSFT,twap,1798006985,-36.900000000001455,-36.900000000001455,0.0,0.0,0.0,100.0,0
dqn_verified_history,historical_sp500_midquotes,MSFT,twap,1380983522,-3.303935647585604,-3.3081815880029213,0.6516088103545883,0.6516088103545874,0.0,99.3483911896454,0
dqn_verified_history,historical_sp500_midquotes,MSFT,twap,516067115,10.38000000000102,10.38000000000102,0.0,0.0,0.0,100.0,0
dqn_verified_history,historical_sp500_midquotes,MSFT,twap,181677896,-35.960000000000946,-35.960000000000946,0.0,0.0,0.0,100.0,0
dqn_verified_history,historical_sp500_midquotes,MSFT,twap,1412098877,11.940000000002328,11.940000000002328,0.0,0.0,0.0,100.0,0
dqn_verified_history,historical_sp500_midquotes,MSFT,twap,592480532,15.429999999998472,15.389999999998471,2.0,2.0,0.0,98.0,0
dqn_verified_history,historical_sp500_midquotes,MSFT,twap,1462116845,11.157498120130183,10.198784208925822,9.791393727168582,9.791393727168582,0.0,90.20860627283142,0
dqn_verified_history,historical_sp500_midquotes,MSFT,twap,1877161225,15.070000000001528,15.060000000001528,1.0,1.0,0.0,99.0,0
dqn_verified_history,historical_sp500_midquotes,MSFT,twap,1814894336,11.029999999997017,11.019999999997015,1.0,1.0,0.0,99.0,0
dqn_verified_history,historical_sp500_midquotes,MSFT,twap,917024862,10.959999999999129,10.959999999999129,0.0,0.0,0.0,100.0,0
dqn_verified_history,historical_sp500_midquotes,MSFT,twap,614922330,15.1399999999976,15.1399999999976,0.0,0.0,0.0,100.0,0
dqn_verified_history,historical_sp500_midquotes,MSFT,twap,1801437930,-4.178638816934836,-4.1976015113672425,1.3770509951489205,1.3770509951489251,0.0,98.62294900485108,0
dqn_verified_history,historical_sp500_midquotes,MSFT,twap,1380610365,15.833687554501012,15.48435688184741,5.910420227476237,5.910420227476241,0.0,94.08957977252376,0
dqn_verified_history,historical_sp500_midquotes,MSFT,twap,236614752,-2.90171685432324,-2.9085779045571325,0.8283145678963137,0.8283145678963137,0.0,99.17168543210369,0
dqn_verified_history,historical_sp500_midquotes,MSFT,twap,834408283,-3.1599999999943975,-3.1599999999943975,0.0,0.0,0.0,100.0,0
dqn_verified_history,historical_sp500_midquotes,MSFT,twap,2011776523,16.19000000000051,16.19000000000051,0.0,0.0,0.0,100.0,0
dqn_verified_history,historical_sp500_midquotes,MSFT,twap,1226258546,-4.341126730229007,-4.428887375550517,2.9624423255400245,2.9624423255400245,0.0,97.03755767445998,0
dqn_verified_history,historical_sp500_midquotes,MSFT,twap,1616321187,16.8799999999992,16.8799999999992,0.0,0.0,0.0,100.0,0
dqn_verified_history,historical_sp500_midquotes,MSFT,twap,1672306602,15.60419124803957,15.408904607692373,4.419124804157448,4.419124804157448,0.0,95.58087519584257,0
dqn_verified_history,historical_sp500_midquotes,MSFT,twap,1762600914,-37.16000000000167,-37.16000000000167,0.0,0.0,0.0,100.0,0
dqn_verified_history,historical_sp500_midquotes,MSFT,twap,994946334,13.820000000006983,13.820000000006983,0.0,0.0,0.0,100.0,0
dqn_verified_history,historical_sp500_midquotes,MSFT,twap,909382858,14.060000000004948,14.060000000004948,0.0,0.0,0.0,100.0,0
dqn_verified_history,historical_sp500_midquotes,MSFT,twap,26993609,13.380000000002838,13.380000000002838,0.0,0.0,0.0,100.0,0
dqn_verified_history,historical_sp500_midquotes,MSFT,twap,1773145257,15.13000000000102,15.13000000000102,0.0,0.0,0.0,100.0,0
dqn_verified_history,historical_sp500_midquotes,MSFT,twap,706407932,-4.279999999998836,-4.279999999998836,0.0,0.0,0.0,100.0,0
dqn_verified_history,historical_sp500_midquotes,MSFT,twap,331383041,-37.18000000000029,-37.34000000000029,4.0,4.0,0.0,96.0,0
dqn_verified_history,historical_sp500_midquotes,MSFT,twap,279983631,15.790000000000871,15.790000000000871,0.0,0.0,0.0,100.0,0
dqn_verified_history,historical_sp500_midquotes,MSFT,twap,104944766,-36.56999999999971,-36.57999999999971,1.0,1.0,0.0,99.0,0
dqn_verified_history,historical_sp500_midquotes,MSFT,twap,1398718536,15.650000000003274,15.650000000003274,0.0,0.0,0.0,100.0,0
dqn_verified_history,historical_sp500_midquotes,MSFT,twap,1382436732,-34.88999999999578,-34.88999999999578,0.0,0.0,0.0,100.0,0
dqn_verified_history,historical_sp500_midquotes,MSFT,twap,1822786061,-2.622063619084656,-2.6395044185710033,2.0,1.3206361908696564,0.6793638091303436,98.0,0
dqn_verified_history,historical_sp500_midquotes,MSFT,twap,879773370,13.850000000002185,13.850000000002185,1.0,0.0,1.0,99.0,0
dqn_verified_history,historical_sp500_midquotes,MSFT,twap,2043945046,-2.139999999997599,-2.139999999997599,0.0,0.0,0.0,100.0,0
dqn_verified_history,historical_sp500_midquotes,MSFT,twap,1458350865,15.88000000000102,15.88000000000102,0.0,0.0,0.0,100.0,0
dqn_verified_history,historical_sp500_midquotes,MSFT,twap,1570091229,-3.359625316452366,-3.360297372853584,2.0,0.2592405063292062,1.7407594936707935,98.0,0
dqn_verified_history,historical_sp500_midquotes,MSFT,twap,1963377882,13.549999999999272,13.549999999999272,0.0,0.0,0.0,100.0,0
dqn_verified_history,historical_sp500_midquotes,MSFT,twap,922385963,10.840000000001965,10.840000000001965,0.0,0.0,0.0,100.0,0
dqn_verified_history,historical_sp500_midquotes,MSFT,twap,1134397302,-37.43999999999687,-37.529999999996875,3.0,3.0,0.0,97.0,0
dqn_verified_history,historical_sp500_midquotes,MSFT,twap,1361953339,-2.789999999997235,-2.799999999997235,1.0,1.0,0.0,99.0,0
dqn_verified_history,historical_sp500_midquotes,MSFT,twap,1031019006,-37.390000000003056,-37.390000000003056,0.0,0.0,0.0,100.0,0
dqn_verified_history,historical_sp500_midquotes,MSFT,twap,53419154,10.900028656911672,10.860143202447654,1.997134308553612,1.9971343085536053,0.0,98.0028656914464,0
dqn_verified_history,historical_sp500_midquotes,MSFT,twap,1338190356,-38.18000000000393,-38.82000000000393,8.0,8.0,0.0,92.0,0
dqn_verified_history,historical_sp500_midquotes,MSFT,twap,250858187,10.93999999999869,10.77999999999869,4.0,4.0,0.0,96.0,0
dqn_verified_history,historical_sp500_midquotes,MSFT,twap,2129749168,10.649999999999636,10.649999999999636,0.0,0.0,0.0,100.0,0
dqn_verified_history,historical_sp500_midquotes,MSFT,twap,2130738303,13.510000000002035,13.510000000002035,0.0,0.0,0.0,100.0,0
dqn_verified_history,historical_sp500_midquotes,MSFT,twap,1017956649,10.254502764350036,10.14948907370326,3.2405815935843236,3.2405815935843307,0.0,96.75941840641568,0
dqn_verified_history,historical_sp500_midquotes,MSFT,twap,1274680140,11.389999999999418,11.389999999999418,0.0,0.0,0.0,100.0,0
dqn_verified_history,historical_sp500_midquotes,MSFT,twap,1585408273,11.389999999999418,11.34999999999942,2.0,2.0,0.0,98.0,0
dqn_verified_history,historical_sp500_midquotes,MSFT,twap,1144086060,-3.321844879135824,-3.3392279512900784,2.0,1.3184487913549905,0.6815512086450094,98.0,0
dqn_verified_history,historical_sp500_midquotes,MSFT,twap,410286162,-3.44156643815586,-3.505702848244302,2.7509899758371574,2.532516734168639,0.2184732416685149,97.24901002416284,0
dqn_verified_history,historical_sp500_midquotes,MSFT,twap,373643122,13.30000000000291,13.30000000000291,0.0,0.0,0.0,100.0,0
dqn_verified_history,historical_sp500_midquotes,MSFT,twap,1500953274,10.841749921519297,10.760125615063574,2.8569967878127045,2.856996787812701,0.0,97.1430032121873,0
dqn_verified_history,historical_sp500_midquotes,MSFT,twap,83988248,11.149999999999636,11.109999999999635,2.0,2.0,0.0,98.0,0
dqn_verified_history,historical_sp500_midquotes,MSFT,twap,1865270753,-37.919999999996435,-37.919999999996435,0.0,0.0,0.0,100.0,0
dqn_verified_history,historical_sp500_midquotes,MSFT,twap,2136924679,15.000000000003638,15.000000000003638,0.0,0.0,0.0,100.0,0
dqn_verified_history,historical_sp500_midquotes,MSFT,twap,675361705,11.12000000000262,11.12000000000262,0.0,0.0,0.0,100.0,0
dqn_verified_history,historical_sp500_midquotes,MSFT,twap,1787143916,11.629999999995562,11.629999999995562,0.0,0.0,0.0,100.0,0
dqn_verified_history,historical_sp500_midquotes,MSFT,twap,1157074811,-37.45000000000255,-37.61000000000254,4.0,4.0,0.0,96.0,0
dqn_verified_history,historical_sp500_midquotes,MSFT,twap,346534653,10.369999999997162,10.369999999997162,0.0,0.0,0.0,100.0,0
dqn_verified_history,historical_sp500_midquotes,MSFT,twap,2029212888,11.219999999999343,11.219999999999343,0.0,0.0,0.0,100.0,0
dqn_verified_history,historical_sp500_midquotes,MSFT,twap,284833619,-37.3700000000008,-37.3700000000008,0.0,0.0,0.0,100.0,0
dqn_verified_history,historical_sp500_midquotes,MSFT,twap,963504523,14.660000000001672,14.660000000001672,0.0,0.0,0.0,100.0,0
dqn_verified_history,historical_sp500_midquotes,MSFT,twap,1918322573,11.639999999999418,11.639999999999418,0.0,0.0,0.0,100.0,0
dqn_verified_history,historical_sp500_midquotes,MSFT,twap,344371083,15.344458640858647,15.343690974329776,0.2770679571645189,0.2770679571645211,0.0,99.72293204283548,0
dqn_verified_history,historical_sp500_midquotes,MSFT,twap,1588251919,-3.929999999996653,-3.929999999996653,0.0,0.0,0.0,100.0,0
dqn_verified_history,historical_sp500_midquotes,MSFT,twap,152900645,11.200000000000728,11.200000000000728,0.0,0.0,0.0,100.0,0
dqn_verified_history,historical_sp500_midquotes,MSFT,twap,1891103623,-4.109999999998763,-4.109999999998763,0.0,0.0,0.0,100.0,0
dqn_verified_history,historical_sp500_midquotes,MSFT,twap,2085732003,-3.293976044971714,-3.2976048483870852,0.602395502587072,0.6023955025870666,0.0,99.39760449741291,0
dqn_verified_history,historical_sp500_midquotes,MSFT,twap,266216506,15.86999999999898,15.829999999998982,2.0,2.0,0.0,98.0,0
dqn_verified_history,historical_sp500_midquotes,MSFT,twap,1053758720,-37.09000000000378,-37.09000000000378,0.0,0.0,0.0,100.0,0
dqn_verified_history,historical_sp500_midquotes,MSFT,twap,938390068,16.00999999999658,16.00999999999658,0.0,0.0,0.0,100.0,0
dqn_verified_history,historical_sp500_midquotes,MSFT,twap,857959051,13.00000000000182,13.00000000000182,0.0,0.0,0.0,100.0,0
dqn_verified_history,historical_sp500_midquotes,MSFT,twap,719206609,11.270000000000437,11.270000000000437,0.0,0.0,0.0,100.0,0
dqn_verified_history,historical_sp500_midquotes,MSFT,twap,187237339,13.12094883397549,13.1113247664214,0.9810233205224392,0.981023320522442,0.0,99.01897667947756,0
dqn_verified_history,historical_sp500_midquotes,MSFT,twap,1809838918,14.359999999998765,14.359999999998765,0.0,0.0,0.0,100.0,0
dqn_verified_history,historical_sp500_midquotes,MSFT,twap,892651515,11.720000000001164,11.720000000001164,0.0,0.0,0.0,100.0,0
dqn_verified_history,historical_sp500_midquotes,MSFT,twap,1886884439,-36.960000000000946,-36.960000000000946,0.0,0.0,0.0,100.0,0
ddpg_paper_actor_history,historical_sp500_midquotes,MSFT,ddpg,1906509230,4.441596596130694,4.2890100078349915,0.8612333301495596,3.9062333301494223,-3.044999999999888,99.13876666985044,0
ddpg_paper_actor_history,historical_sp500_midquotes,MSFT,ddpg,1178422796,19.213886994246423,19.21185501981179,0.5067952046299524,0.4507742710749802,0.0560209335549726,99.49320479537003,0
ddpg_paper_actor_history,historical_sp500_midquotes,MSFT,ddpg,1963502950,5.649101493214403,5.568240592059306,0.9538948734912224,-2.843605126509255,3.7975000000004617,99.04610512650878,0
ddpg_paper_actor_history,historical_sp500_midquotes,MSFT,ddpg,1703319850,-27.524847981771018,-29.097825613936543,0.6193405035530475,12.541840503552612,-11.922499999999562,99.38065949644697,0
ddpg_paper_actor_history,historical_sp500_midquotes,MSFT,ddpg,1313726939,26.963849583438787,26.95255547622549,0.3427373717587443,1.0627373717573043,-0.7199999999985529,99.65726262824126,0
ddpg_paper_actor_history,historical_sp500_midquotes,MSFT,ddpg,1061055793,20.985971903488466,20.97903928423673,0.9326235194690896,0.8326235194691183,0.0999999999999978,99.06737648053092,0
ddpg_paper_actor_history,historical_sp500_midquotes,MSFT,ddpg,1067007710,16.867800400863416,16.176743709708035,0.9418070820288592,8.312981962902253,-7.371174880873388,99.05819291797114,0
ddpg_paper_actor_history,historical_sp500_midquotes,MSFT,ddpg,40720655,7.927538921054293,7.844833131505509,0.0608614283170254,2.875861428316458,-2.814999999999408,99.93913857168296,0
ddpg_paper_actor_history,historical_sp500_midquotes,MSFT,ddpg,1966159132,1.7169703323270369,1.702345807545988,0.5506809858007813,-1.209319014199675,1.7600000000004812,99.44931901419922,0
ddpg_paper_actor_history,historical_sp500_midquotes,MSFT,ddpg,188577770,-35.08150027782722,-36.04228869644554,0.4655184726848631,-9.801981527315387,10.267500000000243,99.53448152731514,0
ddpg_paper_actor_history,historical_sp500_midquotes,MSFT,ddpg,1402152033,17.373375139910422,17.373374964780215,0.689184856126559,0.0041848561265531,0.6850000000000307,99.31081514387344,0
ddpg_paper_actor_history,historical_sp500_midquotes,MSFT,ddpg,2092728533,26.420989525888217,23.88140787926636,0.3375842759529917,15.936064905182374,-15.598480629229346,99.662415724047,0
ddpg_paper_actor_history,historical_sp500_midquotes,MSFT,ddpg,1437347273,3.632460481214366,3.6312025753023858,0.6250588217580315,-0.3546696930921,0.9797285148501244,99.37494117824195,0
ddpg_paper_actor_history,historical_sp500_midquotes,MSFT,ddpg,1045146178,-19.59453832021063,-19.66813083424962,0.7789802556446546,-2.712794021649769,3.4917742772944207,99.22101974435536,0
ddpg_paper_actor_history,historical_sp500_midquotes,MSFT,ddpg,528283994,17.928172529698713,17.60665050798061,0.0427911893314529,5.670291189331474,-5.627500000000008,99.95720881066856,0
ddpg_paper_actor_history,historical_sp500_midquotes,MSFT,ddpg,36265689,21.526354551557233,21.08368369211783,0.7045619008694501,6.653351482068252,-5.948789581198791,99.29543809913056,0
ddpg_paper_actor_history,historical_sp500_midquotes,MSFT,ddpg,1193742096,-36.37456824518995,-36.90966096029421,0.0949968208881415,-7.315003179112521,7.410000000000668,99.90500317911186,0
ddpg_paper_actor_history,historical_sp500_midquotes,MSFT,ddpg,793249015,6.557335368695931,6.4332267465060315,0.0796421168726198,-3.52290536617008,3.6025474830427333,99.92035788312738,0
ddpg_paper_actor_history,historical_sp500_midquotes,MSFT,ddpg,1309854583,-31.06471371281259,-31.480834708045155,0.3067558938328574,-6.450744106167634,6.757500000000487,99.69324410616714,0
ddpg_paper_actor_history,historical_sp500_midquotes,MSFT,ddpg,1144601564,23.00086543155885,22.755728234914866,0.6786331697298351,4.9511331697298235,-4.272500000000001,99.32136683027016,0
ddpg_paper_actor_history,historical_sp500_midquotes,MSFT,ddpg,982973886,4.108251574933092,1.3282066896199294,0.6984666020992876,16.673466602099165,-15.974999999999897,99.30153339790073,0
ddpg_paper_actor_history,historical_sp500_midquotes,MSFT,ddpg,715231342,21.06470477750736,21.044748908493226,0.0393785105486301,-1.412652434752975,1.4520309453016105,99.96062148945136,0
ddpg_paper_actor_history,historical_sp500_midquotes,MSFT,ddpg,2130732657,-35.33731929881287,-35.59807872680138,0.6868213562021737,5.106460887821546,-4.419639531619387,99.31317864379784,0
ddpg_paper_actor_history,historical_sp500_midquotes,MSFT,ddpg,1234679122,15.424627546746706,15.008173956918323,0.2425817653569169,6.453321546524564,-6.21073978116766,99.75741823464308,0
ddpg_paper_actor_history,historical_sp500_midquotes,MSFT,ddpg,490149342,17.45369081946592,16.724501445787535,0.6467585959119333,8.539258595910912,-7.892499999998986,99.35324140408808,0
ddpg_paper_actor_history,historical_sp500_midquotes,MSFT,ddpg,381953676,15.553418999903442,15.45554239297251,0.8035399691696625,3.1285237242336987,-2.324983755064025,99.19646003083034,0
ddpg_paper_actor_history,historical_sp500_midquotes,MSFT,ddpg,478640128,30.6919831254163,13.661184631404222,27.038388015541415,41.26838801554051,-14.229999999999109,72.96161198445859,0
ddpg_paper_actor_history,historical_sp500_midquotes,MSFT,ddpg,951876364,-29.963151165518862,-30.26392723567986,0.2567812533944789,5.484305518121607,-5.227524264727141,99.74321874660552,0
ddpg_paper_actor_history,historical_sp500_midquotes,MSFT,ddpg,723990043,21.04371724941302,20.072166056682818,9.884229643904249,9.856729643904249,0.0274999999999998,90.11577035609577,0
ddpg_paper_actor_history,historical_sp500_midquotes,MSFT,ddpg,487116369,-29.523152751769885,-29.93202174782871,0.7632135186265145,-6.394286481374007,7.157500000000514,99.23678648137349,0
ddpg_paper_actor_history,historical_sp500_midquotes,MSFT,ddpg,1985429050,21.63785873159759,20.11507998712792,0.1100921571501913,12.34009215715049,-12.2300000000003,99.8899078428498,0
ddpg_paper_actor_history,historical_sp500_midquotes,MSFT,ddpg,1628956857,4.451082584419055,4.4502361778386526,0.0415693243396333,-0.2909306756604266,0.3325000000000457,99.95843067566037,0
ddpg_paper_actor_history,historical_sp500_midquotes,MSFT,ddpg,1189523478,14.26506299767243,11.69476756346307,0.4218636145212002,-16.032140949384644,16.4540045639058,99.5781363854788,0
ddpg_paper_actor_history,historical_sp500_midquotes,MSFT,ddpg,1296530916,-22.94307730012406,-22.99244392304483,9.404360097322538,2.22186009732323,7.182499999999287,90.59563990267746,0
ddpg_paper_actor_history,historical_sp500_midquotes,MSFT,ddpg,707561452,18.90124758384809,18.585082213932868,7.965358436020026,5.622858436020089,2.342499999999923,92.03464156397996,0
ddpg_paper_actor_history,historical_sp500_midquotes,MSFT,ddpg,901155818,18.35259148066143,18.159029386903804,0.9201273759876756,4.399569226158693,-3.4794418501710713,99.07987262401232,0
ddpg_paper_actor_history,historical_sp500_midquotes,MSFT,ddpg,1820860524,-22.43706172475868,-24.518974821437975,17.621016738729907,14.428836046886444,3.19218069184347,82.3789832612701,0
ddpg_paper_actor_history,historical_sp500_midquotes,MSFT,ddpg,1044185241,-28.99616923224312,-29.381775059567808,0.5247167996993767,6.209716799699381,-5.684999999999999,99.47528320030062,0
ddpg_paper_actor_history,historical_sp500_midquotes,MSFT,ddpg,591637826,6.566833586788562,6.562033029290334,0.7178605558283238,0.6928605558283252,0.0249999999999985,99.28213944417168,0
ddpg_paper_actor_history,historical_sp500_midquotes,MSFT,ddpg,27222720,-27.610702796504484,-28.519844046311793,0.8873898777443401,9.53488987774535,-8.647500000001006,99.11261012225566,0
ddpg_paper_actor_history,historical_sp500_midquotes,MSFT,ddpg,64598572,22.1463393099948,20.164710159403334,0.277035023723954,14.077035023723788,-13.79999999999982,99.72296497627605,0
ddpg_paper_actor_history,historical_sp500_midquotes,MSFT,ddpg,824692580,18.138546105203204,18.067654604474303,0.4700457879420128,2.662545787942462,-2.1925000000004182,99.529954212058,0
ddpg_paper_actor_history,historical_sp500_midquotes,MSFT,ddpg,1292888439,23.877427238498058,21.007403586177823,0.9416414593339936,16.941144153569546,-15.999502694235591,99.058358540666,0
ddpg_paper_actor_history,historical_sp500_midquotes,MSFT,ddpg,1567077053,-25.33239446559128,-25.785009297267113,6.757070831185928,6.727665506517356,0.0294053246685454,93.24292916881409,0
ddpg_paper_actor_history,historical_sp500_midquotes,MSFT,ddpg,1386223455,-32.694150118484686,-32.699187718771114,0.9472605431715806,0.7097605431713854,0.2375000000001641,99.05273945682842,0
ddpg_paper_actor_history,historical_sp500_midquotes,MSFT,ddpg,2103330825,18.73960835525031,18.146631295051737,7.680852772894397,7.700500374641741,-0.0196476017473692,92.3191472271056,0
ddpg_paper_actor_history,historical_sp500_midquotes,MSFT,ddpg,1713764255,16.7613231219093,16.021157407168534,0.5258926616579771,8.603288410490288,-8.077395748832311,99.47410733834202,0
ddpg_paper_actor_history,historical_sp500_midquotes,MSFT,ddpg,338169861,21.044832038847744,21.04465380246477,0.7599763276666778,0.1335051995145021,0.6264711281521872,99.24002367233332,0
ddpg_paper_actor_history,historical_sp500_midquotes,MSFT,ddpg,460890984,-30.02696842464138,-30.09529013839741,0.4188422629540866,2.6138422629536855,-2.194999999999567,99.58115773704591,0
ddpg_paper_actor_history,historical_sp500_midquotes,MSFT,ddpg,1844393987,-27.16987842721028,-27.17919106126378,0.0674801010599992,-0.965019898939906,1.0324999999999669,99.93251989894,0
ddpg_paper_actor_history,historical_sp500_midquotes,MSFT,ddpg,1032412864,11.64421516141374,10.561288297624609,0.6188771976102885,10.406377197608847,-9.787499999998566,99.38112280238973,0
ddpg_paper_actor_history,historical_sp500_midquotes,MSFT,ddpg,285977676,20.982874703602647,20.97706627074128,0.7871307539633108,0.7621307539633113,0.0250000000000021,99.21286924603668,0
ddpg_paper_actor_history,historical_sp500_midquotes,MSFT,ddpg,1194047159,-32.236253437018604,-32.256612206212345,0.0254671358667479,-1.426841588745687,1.4523087246124329,99.97453286413324,0
ddpg_paper_actor_history,historical_sp500_midquotes,MSFT,ddpg,410795716,20.10931661974064,18.329927717620023,0.0149431575211878,13.3393736814013,-13.324430523880109,99.9850568424788,0
ddpg_paper_actor_history,historical_sp500_midquotes,MSFT,ddpg,1688827796,18.174939177295528,16.926130159090857,0.6275123856965763,11.17501238569636,-10.547499999999786,99.37248761430342,0
ddpg_paper_actor_history,historical_sp500_midquotes,MSFT,ddpg,1615174803,4.495519699039505,4.489721699936775,0.4485540660869276,-0.7614459339132837,1.2100000000001998,99.55144593391309,0
ddpg_paper_actor_history,historical_sp500_midquotes,MSFT,ddpg,573603312,5.460158962881906,5.457980989005547,0.9049826587797584,0.466687676756003,0.4382949820237676,99.09501734122024,0
ddpg_paper_actor_history,historical_sp500_midquotes,MSFT,ddpg,1292648848,-24.858419437205157,-25.873541396692215,10.6684131425435,10.075326096395406,0.5930870461480963,89.3315868574565,0
ddpg_paper_actor_history,historical_sp500_midquotes,MSFT,ddpg,504177273,27.13323977696382,25.615636076983787,4.2566237263121,12.319105892799335,-8.062482166487204,95.7433762736879,0
ddpg_paper_actor_history,historical_sp500_midquotes,MSFT,ddpg,2023171617,14.22959361318135,14.220621201137073,0.9891985062546808,0.9472281691481312,0.0419703371065443,99.01080149374532,0
ddpg_paper_actor_history,historical_sp500_midquotes,MSFT,ddpg,155866399,18.717359487738577,18.712230207653644,0.3020264501424776,0.7161899248757115,-0.4141634747332618,99.69797354985752,0
ddpg_paper_actor_history,historical_sp500_midquotes,MSFT,ddpg,426465092,22.75902097544349,22.7565511592336,3.4961704049263034,0.4969724549603751,2.9991979499659176,96.5038295950737,0
ddpg_paper_actor_history,historical_sp500_midquotes,MSFT,ddpg,2075242093,19.58664223433334,19.56618979492393,0.4401202540136069,1.430120254013981,-0.990000000000382,99.5598797459864,0
ddpg_paper_actor_history,historical_sp500_midquotes,MSFT,ddpg,426948909,14.456070486638056,14.436316404127712,0.0501842825754579,1.4054921739498385,-1.355307891374375,99.94981571742454,0
ddpg_paper_actor_history,historical_sp500_midquotes,MSFT,ddpg,40870105,-32.742799085812294,-33.18446699807677,0.6692929003101966,6.645810050433873,-5.976517150123692,99.3307070996898,0
ddpg_paper_actor_history,historical_sp500_midquotes,MSFT,ddpg,1146798258,-39.01635121170875,-39.83659509049973,0.848751220601855,-9.056731633381762,9.905482853983624,99.15124877939814,0
ddpg_paper_actor_history,historical_sp500_midquotes,MSFT,ddpg,2070376215,20.32385783497375,17.61051675455693,0.2869910966604578,16.472222316423554,-16.18523121976311,99.71300890333954,0
ddpg_paper_actor_history,historical_sp500_midquotes,MSFT,ddpg,511062834,1.7785574987501604,1.58010649805749,0.6409195480822802,4.454783953152729,-3.813864405070433,99.35908045191772,0
ddpg_paper_actor_history,historical_sp500_midquotes,MSFT,ddpg,1541412974,6.32704812067459,-4.377170865958206,33.31897455377906,32.71730274126031,0.6016718125187372,66.68102544622094,0
ddpg_paper_actor_history,historical_sp500_midquotes,MSFT,ddpg,376403019,17.319602606237822,11.87479907981912,23.33410278201991,23.33410278201993,0.0,76.66589721798009,0
ddpg_paper_actor_history,historical_sp500_midquotes,MSFT,ddpg,1108559752,-19.317160196966142,-26.06962075918323,0.724562280416464,25.98549703626446,-25.260934755847984,99.27543771958354,0
ddpg_paper_actor_history,historical_sp500_midquotes,MSFT,ddpg,1393048108,-21.19016091884805,-21.300755029753624,0.5786348119762437,3.3255692881907426,-2.746934476214497,99.42136518802376,0
ddpg_paper_actor_history,historical_sp500_midquotes,MSFT,ddpg,2023564002,13.13690176826458,10.50986287885067,0.6793573259799643,-16.20814267402008,16.887500000000042,99.32064267402004,0
ddpg_paper_actor_history,historical_sp500_midquotes,MSFT,ddpg,916344601,22.263765790687103,22.237322887695523,0.1883248679938844,-1.6261273932746227,1.8144522612685028,99.81167513200612,0
ddpg_paper_actor_history,historical_sp500_midquotes,MSFT,ddpg,486149422,29.673122365333256,13.071535519131553,40.671194255107046,40.74504490880051,-0.0738506536934764,59.328805744892954,0
ddpg_paper_actor_history,historical_sp500_midquotes,MSFT,ddpg,410404482,23.665952324026875,23.29243155998,7.766396217057135,6.111634511706968,1.6547617053501955,92.23360378294286,0
ddpg_paper_actor_history,historical_sp500_midquotes,MSFT,ddpg,848518413,25.148581490646393,22.398659969392753,0.7162980577803069,16.582887327765448,-15.866589269985145,99.2837019422197,0
ddpg_paper_actor_history,historical_sp500_midquotes,MSFT,ddpg,1216465325,-24.834730027689147,-24.87102444566425,0.4226093925314984,1.9051093925311664,-1.4824999999996713,99.5773906074685,0
ddpg_paper_actor_history,historical_sp500_midquotes,MSFT,ddpg,1701726968,23.789455388559873,22.99377791973626,0.1303535859261018,8.920075497570693,-8.789721911644595,99.8696464140739,0
ddpg_paper_actor_history,historical_sp500_midquotes,MSFT,ddpg,1739537596,17.32229112587447,16.42827453938029,0.3861447212539843,-9.455245033811568,9.841389755065556,99.61385527874602,0
ddpg_paper_actor_history,historical_sp500_midquotes,MSFT,ddpg,2050860255,11.9611014681941,10.693990343100385,0.874103062620236,11.25660306261937,-10.38249999999914,99.12589693737976,0
ddpg_paper_actor_history,historical_sp500_midquotes,MSFT,ddpg,218238821,14.35135062727568,14.350316898651387,0.153258211480491,-0.3215165041318692,0.4747747156123504,99.84674178851952,0
ddpg_paper_actor_history,historical_sp500_midquotes,MSFT,ddpg,128588240,16.936233903743414,14.540137859930237,0.5779328253610458,15.479328292316753,-14.901395466955703,99.42206717463895,0
ddpg_paper_actor_history,historical_sp500_midquotes,MSFT,ddpg,1162542574,10.492885201634635,10.031832265862503,0.4583761769028172,6.790087891714899,-6.331711714812113,99.54162382309718,0
ddpg_paper_actor_history,historical_sp500_midquotes,MSFT,ddpg,1005643756,20.21714627033907,20.153148108133664,0.1272858052690111,2.52978580526906,-2.4025000000000567,99.872714194731,0
ddpg_paper_actor_history,historical_sp500_midquotes,MSFT,ddpg,711572297,3.674174928690263,3.3081269727475098,0.5376897155611431,6.050189715560605,-5.512499999999484,99.46231028443886,0
ddpg_paper_actor_history,historical_sp500_midquotes,MSFT,ddpg,501043199,-33.46979469332109,-33.52780404628064,0.9935130881851252,2.408513088184365,-1.4149999999992602,99.00648691181487,0
ddpg_paper_actor_history,historical_sp500_midquotes,MSFT,ddpg,1291999351,23.125982799456324,19.32493332720567,28.508780343313106,19.49628034331332,9.012499999999786,71.4912196566869,0
ddpg_paper_actor_history,historical_sp500_midquotes,MSFT,ddpg,102182588,-18.479224207245352,-18.69071710924895,1.6577916599382547,4.598835744007385,-2.94104408406916,98.34220834006176,0
ddpg_paper_actor_history,historical_sp500_midquotes,MSFT,ddpg,2119210718,19.945554832853304,19.520840205904893,0.8861254230286448,6.517013326274629,-5.630887903245997,99.11387457697136,0
ddpg_paper_actor_history,historical_sp500_midquotes,MSFT,ddpg,1109208492,21.199200018454576,21.196945253476628,0.9176563438406332,-0.4748436561593898,1.392500000000016,99.08234365615937,0
ddpg_paper_actor_history,historical_sp500_midquotes,MSFT,ddpg,1274300456,-23.384720978729092,-23.38585562075998,0.6018444790829989,0.3368444790829947,0.2650000000000005,99.398155520917,0
ddpg_paper_actor_history,historical_sp500_midquotes,MSFT,ddpg,1256771816,-33.86464049229653,-34.36866735742925,0.8630150529580476,-7.099484947041718,7.962499999999753,99.13698494704197,0
ddpg_paper_actor_history,historical_sp500_midquotes,MSFT,ddpg,1077857574,4.909382583809929,4.801170499968493,0.4254204349483359,-3.2895605153490592,3.7149809502973983,99.57457956505166,0
ddpg_paper_actor_history,historical_sp500_midquotes,MSFT,ddpg,1100698389,24.56097613669772,23.05068376883887,0.2667676363372209,12.289395297812044,-12.022627661474788,99.73323236366278,0
ddpg_paper_actor_history,historical_sp500_midquotes,MSFT,ddpg,795778257,19.70528280340295,19.147033319129697,0.2066094937649438,7.471609493765417,-7.265000000000466,99.79339050623506,0
ddpg_paper_actor_history,historical_sp500_midquotes,MSFT,ddpg,1548246893,21.12190251852371,20.111135308426615,0.2979498633588662,10.05369190942858,-9.755742046069694,99.70205013664112,0
ddpg_paper_actor_history,historical_sp500_midquotes,MSFT,ddpg,633707972,19.16304894491805,18.86872505144092,0.9961449754671036,5.425162610255335,-4.429017634788263,99.0038550245329,0
ddpg_paper_actor_history,historical_sp500_midquotes,MSFT,ddpg,983296256,-23.834314349503984,-25.33829036463032,8.963669985474823,12.263669985474708,-3.29999999999988,91.03633001452518,0
ddpg_paper_actor_history,historical_sp500_midquotes,MSFT,ddpg,487951037,24.00216584503869,22.176671386992044,0.0635860335017639,13.51108603350095,-13.447499999999163,99.93641396649824,0
ddpg_paper_actor_history,historical_sp500_midquotes,MSFT,ddpg,978154369,19.476482651929473,18.74343208075628,0.8590867198589507,8.56183725127495,-7.702750531415995,99.14091328014104,0
ddpg_paper_actor_history,historical_sp500_midquotes,MSFT,ddpg,554788091,22.03698592910041,20.14007032456672,0.7787810405561544,13.772855929449376,-12.994074888893213,99.22121895944385,0
ddpg_paper_actor_history,historical_sp500_midquotes,MSFT,ddpg,2090199347,-22.418913451629123,-22.661214100990357,0.1774043856766383,4.922404385676109,-4.744999999999461,99.82259561432336,0
ddpg_paper_actor_history,historical_sp500_midquotes,MSFT,ddpg,2069017976,4.6151996734661225,3.45343160356132,0.0900393237047154,10.77853454744569,-10.68849522374099,99.90996067629528,0
ddpg_paper_actor_history,historical_sp500_midquotes,MSFT,ddpg,945043387,22.87515272867313,19.92347117412517,0.9833145434096338,17.180458534474447,-16.19714399106481,99.01668545659037,0
ddpg_paper_actor_history,historical_sp500_midquotes,MSFT,ddpg,1939521563,24.92110504138327,23.6459862218758,0.9071159200020276,11.2921159200013,-10.384999999999245,99.09288407999796,0
ddpg_paper_actor_history,historical_sp500_midquotes,MSFT,ddpg,837962510,20.36249285921076,19.67784714794935,0.8443320652563813,8.274332065257058,-7.430000000000675,99.15566793474362,0
ddpg_paper_actor_history,historical_sp500_midquotes,MSFT,ddpg,1294936529,-26.28049116644615,-26.406971922638977,1.1851777149854286,-3.5564133082758813,4.741591023261304,98.81482228501456,0
ddpg_paper_actor_history,historical_sp500_midquotes,MSFT,ddpg,1783232423,12.919089608391005,11.776583040070784,0.0185858641914364,10.68880988847786,-10.670224024286435,99.98141413580856,0
ddpg_paper_actor_history,historical_sp500_midquotes,MSFT,ddpg,133555220,13.164840323472164,12.214652765052888,0.3727564517130446,9.747756451713771,-9.37500000000072,99.62724354828696,0
ddpg_paper_actor_history,historical_sp500_midquotes,MSFT,ddpg,727659984,-34.86454181399131,-34.87161604910278,0.8410847229303329,0.8410847229303489,0.0,99.15891527706968,0
ddpg_paper_actor_history,historical_sp500_midquotes,MSFT,ddpg,1045640949,29.97549616471042,29.078486200600853,1.6892070176580205,-9.471060997108864,11.160268014766924,98.31079298234198,0
ddpg_paper_actor_history,historical_sp500_midquotes,MSFT,ddpg,1498406538,21.41933261395025,21.078955925775855,0.8541810751328285,5.834181075132907,-4.9800000000000715,99.14581892486716,0
ddpg_paper_actor_history,historical_sp500_midquotes,MSFT,ddpg,894023265,4.711524545540669,4.71112327538445,0.4510822321648078,0.2003172873766084,0.2507649447881758,99.5489177678352,0
ddpg_paper_actor_history,historical_sp500_midquotes,MSFT,ddpg,1456034043,17.120498085840154,16.57069268833089,0.2898863612967091,7.414886361295528,-7.124999999998813,99.71011363870328,0
ddpg_paper_actor_history,historical_sp500_midquotes,MSFT,ddpg,2145465691,17.171611498992206,13.9509590419275,0.2966371970804431,17.946176353375964,-17.64953915629553,99.70336280291956,0
ddpg_paper_actor_history,historical_sp500_midquotes,MSFT,ddpg,1645332470,-31.616831579200152,-31.847322445789704,0.4084464336685585,4.80094643366861,-4.392500000000062,99.59155356633144,0
ddpg_paper_actor_history,historical_sp500_midquotes,MSFT,ddpg,1703360263,5.307066820058026,5.247650657690975,0.397760149139728,-2.4375430738153296,2.835303222955059,99.60223985086029,0
ddpg_paper_actor_history,historical_sp500_midquotes,MSFT,ddpg,1254093673,19.238273479008058,18.621557494879447,0.2651334303564994,-7.85312666476615,8.118260095122663,99.7348665696435,0
ddpg_paper_actor_history,historical_sp500_midquotes,MSFT,ddpg,679604879,24.00965033943794,20.787884943966187,0.902689386239615,17.949276853042722,-17.046587466803157,99.09731061376038,0
ddpg_paper_actor_history,historical_sp500_midquotes,MSFT,ddpg,1800514979,23.845436450003035,20.85384642546532,0.4476724762302382,17.296213529376054,-16.848541053145812,99.55232752376976,0
ddpg_paper_actor_history,historical_sp500_midquotes,MSFT,ddpg,1009107304,14.028813818940762,13.875498730168712,0.1769529274697845,-3.915547072530848,4.092500000000648,99.82304707253022,0
ddpg_paper_actor_history,historical_sp500_midquotes,MSFT,ddpg,1459119855,19.94026739768924,18.421721564902917,0.7729291679624879,12.32292916796296,-11.550000000000487,99.22707083203753,0
ddpg_paper_actor_history,historical_sp500_midquotes,MSFT,ddpg,2082327116,16.793471375427544,16.11262846945822,0.4813205365517774,8.25132053655247,-7.770000000000714,99.51867946344822,0
ddpg_paper_actor_history,historical_sp500_midquotes,MSFT,ddpg,1795215048,12.53591449803389,12.317278956298022,0.0677528495020709,4.675847963052987,-4.608095113550912,99.93224715049791,0
ddpg_paper_actor_history,historical_sp500_midquotes,MSFT,ddpg,1559844699,19.913207711120776,19.736302618984947,0.4802484833667932,-4.206008703460208,4.686257186827052,99.5197515166332,0
ddpg_paper_actor_history,historical_sp500_midquotes,MSFT,ddpg,1337581818,23.50604458828093,20.320313163227745,0.2659019124212705,17.848617383576755,-17.58271547115549,99.73409808757872,0
ddpg_paper_actor_history,historical_sp500_midquotes,MSFT,ddpg,1567278356,16.939162971222686,16.90435882399437,0.5899082576382284,1.8655869646927143,-1.2756787070544682,99.41009174236176,0
ddpg_paper_actor_history,historical_sp500_midquotes,MSFT,ddpg,1391644635,18.666764322770177,18.560398237941683,0.7357349844624395,-3.2613813764798114,3.9971163609422544,99.26426501553756,0
ddpg_paper_actor_history,historical_sp500_midquotes,MSFT,ddpg,1226640195,21.560509176346383,19.92244391122519,0.6931028505023562,12.798692375087356,-12.10558952458499,99.30689714949764,0
ddpg_paper_actor_history,historical_sp500_midquotes,MSFT,ddpg,573081701,20.283049252784625,13.096647291450576,32.98746530601896,26.807465306018855,6.180000000000085,67.01253469398104,0
ddpg_paper_actor_history,historical_sp500_midquotes,MSFT,ddpg,856702353,21.098274443304035,20.59315997688554,0.7298524740048293,7.107140539052914,-6.377288065048085,99.27014752599516,0
ddpg_paper_actor_history,historical_sp500_midquotes,MSFT,ddpg,969233424,16.149698363176867,15.993902365518515,0.5655406457594694,3.947100171750776,-3.3815595259912894,99.43445935424052,0
ddpg_paper_actor_history,historical_sp500_midquotes,MSFT,ddpg,2038887002,-0.5210998440270487,-0.7046863333928458,0.7204223988178171,4.284699398625266,-3.564276999807475,99.27957760118218,0
ddpg_paper_actor_history,historical_sp500_midquotes,MSFT,ddpg,748193112,-28.75445860949185,-28.800033653052395,0.1073312242555886,2.1348312242551195,-2.027499999999556,99.8926687757444,0
ddpg_paper_actor_history,historical_sp500_midquotes,MSFT,ddpg,1403188372,-28.87643070121885,-28.87766899650029,0.7806057997864286,-0.3518942002136072,1.1325000000000287,99.21939420021356,0
ddpg_paper_actor_history,historical_sp500_midquotes,MSFT,ddpg,688156671,3.48745555174537,-4.306316659783061,37.86482833121526,27.9173283312147,9.947500000000598,62.13517166878474,0
ddpg_paper_actor_history,historical_sp500_midquotes,MSFT,ddpg,1293707997,17.451656039656882,17.45102327360691,0.6524842751514512,0.251548414817576,0.4009358603338778,99.34751572484856,0
ddpg_paper_actor_history,historical_sp500_midquotes,MSFT,ddpg,1017816127,21.68615163228787,21.68238531072244,0.5882528702698124,-0.6137036390176898,1.201956509287495,99.4117471297302,0
ddpg_paper_actor_history,historical_sp500_midquotes,MSFT,ddpg,928547401,21.0422161970273,17.627332290683082,0.1594044989127496,18.47940449891235,-18.31999999999961,99.84059550108724,0
ddpg_paper_actor_history,historical_sp500_midquotes,MSFT,ddpg,804851501,6.109725004853317,6.109267978062436,0.5024264086936512,-0.2137818492951327,0.7162082579888017,99.49757359130636,0
ddpg_paper_actor_history,historical_sp500_midquotes,MSFT,ddpg,1120019183,12.721720203862787,11.913805460005436,0.0909077781185914,8.98840777811817,-8.897499999999585,99.9090922218814,0
ddpg_paper_actor_history,historical_sp500_midquotes,MSFT,ddpg,1119490863,-25.955285608150007,-26.425952032321987,0.8794356579474965,6.860513276512057,-5.981077618564543,99.1205643420525,0
ddpg_paper_actor_history,historical_sp500_midquotes,MSFT,ddpg,783363503,17.92470177708128,10.027882671596238,0.8809984276280858,28.101279517995337,-27.22028109036723,99.11900157237191,0
ddpg_paper_actor_history,historical_sp500_midquotes,MSFT,ddpg,205944131,22.96758855402368,21.282402088400023,0.5589732046225464,12.981473204623786,-12.422500000001245,99.44102679537744,0
ddpg_paper_actor_history,historical_sp500_midquotes,MSFT,ddpg,446079182,16.1176969307744,14.193326305071055,0.5196686325655264,13.872168632565511,-13.352499999999988,99.48033136743447,0
ddpg_paper_actor_history,historical_sp500_midquotes,MSFT,ddpg,2128949063,19.2176268708954,19.214263830228887,0.007582707059484,-0.579917292940614,0.5875000000000661,99.99241729294052,0
ddpg_paper_actor_history,historical_sp500_midquotes,MSFT,ddpg,708828196,18.15753701714857,17.82389763197711,0.1236525704521085,5.776152570452579,-5.652500000000455,99.87634742954788,0
ddpg_paper_actor_history,historical_sp500_midquotes,MSFT,ddpg,907135295,18.176507204480004,18.143718574662664,0.0932630937631557,1.810763093762933,-1.7174999999997702,99.90673690623684,0
ddpg_paper_actor_history,historical_sp500_midquotes,MSFT,ddpg,1179243183,4.238433911128595,3.835681156397219,0.9832960941668318,6.346280443940187,-5.362984349773357,99.01670390583315,0
ddpg_paper_actor_history,historical_sp500_midquotes,MSFT,ddpg,1200595667,0.4828310465818504,0.2284228349851901,0.8011105127432643,-5.043889487257431,5.845000000000663,99.19888948725674,0
ddpg_paper_actor_history,historical_sp500_midquotes,MSFT,ddpg,1138669996,-29.037936142631224,-29.040964979186143,0.8228486672029334,0.5503486672029059,0.2725000000000328,99.17715133279708,0
ddpg_paper_actor_history,historical_sp500_midquotes,MSFT,ddpg,299092708,18.687038449803367,18.68016382270909,0.8066337102225845,0.8291337102226048,-0.0225000000000008,99.19336628977742,0
ddpg_paper_actor_history,historical_sp500_midquotes,MSFT,ddpg,1606240066,20.56406446611618,16.07920441874142,21.154988159304793,21.177488159304342,-0.0224999999995461,78.84501184069521,0
ddpg_paper_actor_history,historical_sp500_midquotes,MSFT,ddpg,1592479411,6.516950050734522,5.2581362478817075,11.708776169699831,11.219687174127513,0.489088995572334,88.29122383030017,0
ddpg_paper_actor_history,historical_sp500_midquotes,MSFT,ddpg,1232823009,16.29658109029515,14.782251477636589,0.5014248833323904,12.30581006134323,-11.804385178010843,99.4985751166676,0
ddpg_paper_actor_history,historical_sp500_midquotes,MSFT,ddpg,1380936168,20.64811068754716,20.642763435731823,0.8087509442513579,-0.7312490557486591,1.5400000000000205,99.19124905574864,0
ddpg_paper_actor_history,historical_sp500_midquotes,MSFT,ddpg,1485723813,7.0887710563383735,6.147495785251386,0.6198252463038614,9.70193419420575,-9.08210894790189,99.38017475369614,0
ddpg_paper_actor_history,historical_sp500_midquotes,MSFT,ddpg,1476988550,19.684933975790045,19.656647622077028,0.531893004446232,-1.6818547414392353,2.2137477458854797,99.46810699555375,0
ddpg_paper_actor_history,historical_sp500_midquotes,MSFT,ddpg,426644302,22.1836806863721,22.180918412337583,0.4305734044371974,0.525573404437012,-0.0949999999998034,99.5694265955628,0
ddpg_paper_actor_history,historical_sp500_midquotes,MSFT,ddpg,1492118510,25.722712147442508,17.212463026495428,31.942648998489332,29.172331276308856,2.770317722180466,68.05735100151067,0
ddpg_paper_actor_history,historical_sp500_midquotes,MSFT,ddpg,1871437067,-23.365738291398884,-23.37015880893292,0.7570669867655511,0.6648697266409602,0.0921972601246298,99.24293301323443,0
ddpg_paper_actor_history,historical_sp500_midquotes,MSFT,ddpg,1821522104,-26.4504403238152,-28.072223872292813,0.1341101424436601,12.734926574101689,-12.600816431658018,99.86588985755634,0
ddpg_paper_actor_history,historical_sp500_midquotes,MSFT,ddpg,1233002065,25.245909751767613,24.278797267385908,0.6275223819290261,9.834187736573398,-9.206665354644391,99.37247761807096,0
ddpg_paper_actor_history,historical_sp500_midquotes,MSFT,ddpg,1249666141,-36.75663804385477,-36.76093519375946,0.440796058219064,0.6555264986783607,-0.2147304404593091,99.55920394178094,0
ddpg_paper_actor_history,historical_sp500_midquotes,MSFT,ddpg,1377485117,-29.07905932874928,-31.73997234874953,0.1369733682742122,-16.312305232554493,16.449278600828706,99.8630266317258,0
ddpg_paper_actor_history,historical_sp500_midquotes,MSFT,ddpg,1667673182,14.377059074909994,13.518693442160885,0.4537053567506319,9.264802387256344,-8.811097030505696,99.54629464324935,0
ddpg_paper_actor_history,historical_sp500_midquotes,MSFT,ddpg,257835634,20.28562736679487,19.138226043799673,10.784921102590118,10.71168204809682,0.0732390544932637,89.21507889740988,0
ddpg_paper_actor_history,historical_sp500_midquotes,MSFT,ddpg,1475908961,-30.750694099333487,-31.110446468522824,0.7410145736403848,5.997936054922036,-5.256921481281648,99.25898542635962,0
ddpg_paper_actor_history,historical_sp500_midquotes,MSFT,ddpg,847186143,20.5610962088449,15.866560764237969,0.0143766660235087,21.666876666023953,-21.652500000000447,99.98562333397648,0
ddpg_paper_actor_history,historical_sp500_midquotes,MSFT,ddpg,454152926,23.859550659764864,21.193715074501817,0.9573867635412796,16.327386763542563,-15.370000000001257,99.04261323645872,0
ddpg_paper_actor_history,historical_sp500_midquotes,MSFT,ddpg,745543570,20.17529418631966,17.362785669975885,0.4770417682468775,16.770535222060666,-16.293493453813802,99.52295823175312,0
ddpg_paper_actor_history,historical_sp500_midquotes,MSFT,ddpg,2040040035,19.699801013524848,19.092809909322614,7.913463382035772,7.7909633820358355,0.1224999999999632,92.08653661796424,0
ddpg_paper_actor_history,historical_sp500_midquotes,MSFT,ddpg,857589213,-22.41430893460347,-23.154922809889214,0.9033926049874594,8.605892604987268,-7.70249999999978,99.09660739501254,0
ddpg_paper_actor_history,historical_sp500_midquotes,MSFT,ddpg,447631993,17.462003543025276,15.181085829024925,0.6131374386872039,15.1027074195336,-14.48956998084639,99.3868625613128,0
ddpg_paper_actor_history,historical_sp500_midquotes,MSFT,ddpg,1053736358,4.601688115957586,4.085234413484698,0.3079141056825705,7.186471334896483,-6.878557229213902,99.69208589431744,0
ddpg_paper_actor_history,historical_sp500_midquotes,MSFT,ddpg,1123074415,-19.10110164571051,-19.1357161560556,0.1470024766186526,-1.86049752338152,2.0075000000001744,99.85299752338136,0
ddpg_paper_actor_history,historical_sp500_midquotes,MSFT,ddpg,896949228,4.188161937885525,4.122423966011211,0.2017254810200199,-2.563941728556123,2.765667209576155,99.79827451897998,0
ddpg_paper_actor_history,historical_sp500_midquotes,MSFT,ddpg,532798302,-32.23271908312017,-33.84689227757277,0.4975115877660556,12.705011587765648,-12.207499999999587,99.50248841223394,0
ddpg_paper_actor_history,historical_sp500_midquotes,MSFT,ddpg,1798006985,-33.33076183254161,-34.67206267591438,0.9018474246179125,11.5814543273838,-10.67960690276588,99.09815257538207,0
ddpg_paper_actor_history,historical_sp500_midquotes,MSFT,ddpg,1380983522,11.975512884215275,11.890165651814463,4.27892486469905,2.9214248646989605,1.3575000000000583,95.72107513530096,0
ddpg_paper_actor_history,historical_sp500_midquotes,MSFT,ddpg,516067115,19.35870666848859,18.97681395069842,0.2537314245458617,6.179746902504767,-5.926015477958887,99.74626857545414,0
ddpg_paper_actor_history,historical_sp500_midquotes,MSFT,ddpg,181677896,-34.41105181562307,-34.9512861483642,0.5049365122396523,-7.350063487760671,7.855000000000338,99.49506348776036,0
ddpg_paper_actor_history,historical_sp500_midquotes,MSFT,ddpg,1412098877,15.224532893314972,15.20839522698011,0.4778411484659699,1.2703411484660627,-0.792500000000107,99.52215885153404,0
ddpg_paper_actor_history,historical_sp500_midquotes,MSFT,ddpg,592480532,20.293868825234313,18.969940555766637,0.8337081915269664,11.5062081915272,-10.672500000000245,99.16629180847303,0
ddpg_paper_actor_history,historical_sp500_midquotes,MSFT,ddpg,1462116845,20.42144215254484,20.40770234832283,0.2740726395788755,-1.172169109898937,1.4462417494777993,99.72592736042112,0
ddpg_paper_actor_history,historical_sp500_midquotes,MSFT,ddpg,1877161225,21.82158480593353,21.67012127511396,0.7218315844797871,3.891831584480073,-3.170000000000286,99.2781684155202,0
ddpg_paper_actor_history,historical_sp500_midquotes,MSFT,ddpg,1814894336,20.997984054458357,19.81816337935991,10.884455050074791,10.861955050074776,0.0225000000000008,89.11554494992521,0
ddpg_paper_actor_history,historical_sp500_midquotes,MSFT,ddpg,917024862,18.69933541457613,18.679135830483453,0.7596634645783382,1.4212524087111176,-0.6615889441327882,99.24033653542166,0
ddpg_paper_actor_history,historical_sp500_midquotes,MSFT,ddpg,614922330,23.11746717829192,20.012125731146952,0.1294790237788987,17.6219790237787,-17.49249999999979,99.8705209762211,0
ddpg_paper_actor_history,historical_sp500_midquotes,MSFT,ddpg,1801437930,0.7645135813345405,0.123140490576462,0.8432771041149323,8.00857721919492,-7.165300115079971,99.15672289588508,0
ddpg_paper_actor_history,historical_sp500_midquotes,MSFT,ddpg,1380610365,28.147845742736536,28.070559006222975,0.1674507825658935,-2.780049217434101,2.947499999999952,99.8325492174341,0
ddpg_paper_actor_history,historical_sp500_midquotes,MSFT,ddpg,236614752,1.651788735343871,-0.3452355481054514,0.7616109607135257,14.13161096071259,-13.369999999999044,99.23838903928647,0
ddpg_paper_actor_history,historical_sp500_midquotes,MSFT,ddpg,834408283,5.488157246640185,0.407886263488769,0.8380435221898779,-22.53945647781112,23.377500000000968,99.16195647781012,0
ddpg_paper_actor_history,historical_sp500_midquotes,MSFT,ddpg,2011776523,21.47359538174169,19.674019048420664,0.182328859591351,13.414828859590513,-13.232499999999174,99.81767114040863,0
ddpg_paper_actor_history,historical_sp500_midquotes,MSFT,ddpg,1226258546,2.3385205685754045,2.194353793739743,1.991476255361107,3.79693000772547,-1.805453752364377,98.0085237446389,0
ddpg_paper_actor_history,historical_sp500_midquotes,MSFT,ddpg,1616321187,19.901937881144477,19.370513479871153,0.9573861532484926,7.289886153249066,-6.332500000000582,99.04261384675152,0
ddpg_paper_actor_history,historical_sp500_midquotes,MSFT,ddpg,1672306602,24.165805435115544,17.104097538710594,28.999320027439097,26.57387419328418,2.4254458341549316,71.0006799725609,0
ddpg_paper_actor_history,historical_sp500_midquotes,MSFT,ddpg,1762600914,-30.99079278062527,-31.74344323858896,0.6244570316112998,-8.675542968389294,9.30000000000062,99.3755429683887,0
ddpg_paper_actor_history,historical_sp500_midquotes,MSFT,ddpg,994946334,17.62185749316268,13.462865606529103,0.9092316011365824,20.393606563414856,-19.484374962278302,99.09076839886342,0
ddpg_paper_actor_history,historical_sp500_midquotes,MSFT,ddpg,909382858,20.675865230066847,16.958455588593907,0.7980851609140132,19.28058516091496,-18.482500000000933,99.201914839086,0
ddpg_paper_actor_history,historical_sp500_midquotes,MSFT,ddpg,26993609,22.87021273651044,20.79598742537455,0.6946710555615994,14.402171055559268,-13.707499999997662,99.3053289444384,0
ddpg_paper_actor_history,historical_sp500_midquotes,MSFT,ddpg,1773145257,19.867385037727217,19.729793308989603,0.9668359073777566,3.709335907377691,-2.742499999999932,99.03316409262224,0
ddpg_paper_actor_history,historical_sp500_midquotes,MSFT,ddpg,706407932,0.432664284351631,0.0618830811982107,0.7408592451826763,6.089180594738674,-5.348321349555998,99.25914075481732,0
ddpg_paper_actor_history,historical_sp500_midquotes,MSFT,ddpg,331383041,-19.0466826036718,-19.047005066585708,0.8854274759571723,-0.1795725240427481,1.0649999999999338,99.11457252404284,0
ddpg_paper_actor_history,historical_sp500_midquotes,MSFT,ddpg,279983631,22.783825153046564,19.946669093988177,0.5684296644729017,16.84385959054036,-16.275429926067485,99.4315703355271,0
ddpg_paper_actor_history,historical_sp500_midquotes,MSFT,ddpg,104944766,-17.989235699507844,-17.99375372607711,0.9778373285237052,-0.672162671476495,1.650000000000162,99.0221626714763,0
ddpg_paper_actor_history,historical_sp500_midquotes,MSFT,ddpg,1398718536,20.67675703058376,19.42232168044695,0.2935507359672442,11.200157811998936,-10.906607076031724,99.70644926403276,0
ddpg_paper_actor_history,historical_sp500_midquotes,MSFT,ddpg,1382436732,-29.06607502879524,-29.62797996638777,0.0543672951039155,7.496031867545186,-7.441664572441271,99.94563270489608,0
ddpg_paper_actor_history,historical_sp500_midquotes,MSFT,ddpg,1822786061,4.565779435743025,4.473111426550531,0.950495842292753,-3.0441420662067347,3.994637908499513,99.04950415770725,0
ddpg_paper_actor_history,historical_sp500_midquotes,MSFT,ddpg,879773370,15.35176636426695,15.345512333587669,0.4216757035042917,-0.7908242964959258,1.212500000000194,99.57832429649572,0
ddpg_paper_actor_history,historical_sp500_midquotes,MSFT,ddpg,2043945046,5.794209193192728,5.535006414107969,0.5861961176605632,5.091196117659965,-4.504999999999399,99.41380388233944,0
ddpg_paper_actor_history,historical_sp500_midquotes,MSFT,ddpg,1458350865,25.896498692191017,25.669868563511915,0.123068544608401,4.760568544607894,-4.637499999999459,99.8769314553916,0
ddpg_paper_actor_history,historical_sp500_midquotes,MSFT,ddpg,1570091229,-0.692276803569257,-0.6922906797359424,0.1272507270873433,0.0372507270873558,0.0900000000000034,99.87274927291266,0
ddpg_paper_actor_history,historical_sp500_midquotes,MSFT,ddpg,1963377882,18.883254228214355,18.295624052511403,0.1332039839994792,7.665703983998796,-7.532499999999331,99.86679601600052,0
ddpg_paper_actor_history,historical_sp500_midquotes,MSFT,ddpg,922385963,18.18991594486397,18.178783417934557,0.8076079058284904,1.0551079058281516,-0.247499999999647,99.19239209417152,0
ddpg_paper_actor_history,historical_sp500_midquotes,MSFT,ddpg,1134397302,-17.729021187811668,-20.020877095436735,16.376376799898196,15.13887679989855,1.237499999999649,83.6236232001018,0
ddpg_paper_actor_history,historical_sp500_midquotes,MSFT,ddpg,1361953339,2.210814991454754,1.820162519796657,0.3077197694015297,6.250219769400886,-5.942499999999356,99.69228023059848,0
ddpg_paper_actor_history,historical_sp500_midquotes,MSFT,ddpg,1031019006,-33.44806019207499,-33.52310951405805,0.9518373474828508,2.7395131316176635,-1.7876757841348652,99.04816265251716,0
ddpg_paper_actor_history,historical_sp500_midquotes,MSFT,ddpg,53419154,22.99822492016756,22.61952371136312,0.0863703984113755,6.153870398411369,-6.067499999999978,99.91362960158862,0
ddpg_paper_actor_history,historical_sp500_midquotes,MSFT,ddpg,1338190356,-32.02668971258208,-32.026702239557835,0.4353934679689644,0.0353934679689516,0.3999999999999879,99.56460653203104,0
ddpg_paper_actor_history,historical_sp500_midquotes,MSFT,ddpg,250858187,20.814566326680502,20.548741101126343,0.7763499001552674,5.155824139302686,-4.379474239147442,99.22365009984472,0
ddpg_paper_actor_history,historical_sp500_midquotes,MSFT,ddpg,2129749168,17.474514870335042,17.351814402208277,0.819637340306528,-3.5028626596937187,4.322500000000243,99.18036265969349,0
ddpg_paper_actor_history,historical_sp500_midquotes,MSFT,ddpg,2130738303,23.386933520154344,20.324815459143984,0.4081551753767058,17.498908711717874,-17.090753536341172,99.5918448246233,0
ddpg_paper_actor_history,historical_sp500_midquotes,MSFT,ddpg,1017956649,20.1553312390497,20.058574698342827,0.2794297810589654,3.110571341520275,-2.8311415604613273,99.72057021894103,0
ddpg_paper_actor_history,historical_sp500_midquotes,MSFT,ddpg,1274680140,22.60341825774958,22.13243448471412,6.862825752089677,6.862825752089743,0.0,93.13717424791032,0
ddpg_paper_actor_history,historical_sp500_midquotes,MSFT,ddpg,1585408273,21.11299164429693,21.112952430904897,0.0617398338320356,-0.0626205972737108,0.1243604311057411,99.93826016616796,0
ddpg_paper_actor_history,historical_sp500_midquotes,MSFT,ddpg,1144086060,4.843809632395278,4.56136059401572,0.5154065218538193,-5.314593478146357,5.83000000000019,99.48459347814618,0
ddpg_paper_actor_history,historical_sp500_midquotes,MSFT,ddpg,410286162,8.189211472748866,8.09084985220092,0.4312656224879987,3.136265622487141,-2.704999999999149,99.568734377512,0
ddpg_paper_actor_history,historical_sp500_midquotes,MSFT,ddpg,373643122,22.89938845415963,19.575259099797915,0.863061009222065,18.23219502517928,-17.369134015957208,99.13693899077794,0
ddpg_paper_actor_history,historical_sp500_midquotes,MSFT,ddpg,1500953274,17.44413456357688,17.228701211112725,0.0849531664504184,4.64147985522028,-4.556526688769874,99.91504683354958,0
ddpg_paper_actor_history,historical_sp500_midquotes,MSFT,ddpg,83988248,20.689037181060485,20.67951486933094,0.5133233308105645,0.975823330810682,-0.4625000000001158,99.48667666918944,0
ddpg_paper_actor_history,historical_sp500_midquotes,MSFT,ddpg,1865270753,-28.223812711623395,-28.54269720942232,0.1531956849935767,5.64698590222188,-5.493790217228294,99.84680431500642,0
ddpg_paper_actor_history,historical_sp500_midquotes,MSFT,ddpg,2136924679,25.53708715180619,19.749819106378595,26.514408624715102,24.0567413533662,2.4576672713488756,73.4855913752849,0
ddpg_paper_actor_history,historical_sp500_midquotes,MSFT,ddpg,675361705,18.36007165499541,17.075996279580004,0.9963561911127954,11.331704970636178,-10.335348779523368,99.0036438088872,0
ddpg_paper_actor_history,historical_sp500_midquotes,MSFT,ddpg,1787143916,20.833348118905633,20.82783206383068,0.7824746314277178,0.7427014928590779,0.0397731385686624,99.21752536857228,0
ddpg_paper_actor_history,historical_sp500_midquotes,MSFT,ddpg,1157074811,-32.97271121436643,-33.446556602310146,3.6667445856299423,6.8836428433186185,-3.216898257688696,96.33325541437006,0
ddpg_paper_actor_history,historical_sp500_midquotes,MSFT,ddpg,346534653,18.515249388590743,18.51524214497945,0.0269139579021953,0.0269139579021935,0.0,99.9730860420978,0
ddpg_paper_actor_history,historical_sp500_midquotes,MSFT,ddpg,2029212888,20.81983165309975,20.68206702472292,0.1091657766671971,3.7116657766673176,-3.602500000000134,99.8908342233328,0
ddpg_paper_actor_history,historical_sp500_midquotes,MSFT,ddpg,284833619,-26.889379801008545,-26.891316812230908,0.8340892892492917,-0.4401148966309507,1.274204185880235,99.16591071075072,0
ddpg_paper_actor_history,historical_sp500_midquotes,MSFT,ddpg,963504523,18.246420758423483,16.697172078432942,0.300441819815461,12.446881858483843,-12.146440038668404,99.69955818018454,0
ddpg_paper_actor_history,historical_sp500_midquotes,MSFT,ddpg,1918322573,20.755291083163684,19.309118126988544,0.0290904718559374,12.025693144992266,-11.996602673136318,99.97090952814406,0
ddpg_paper_actor_history,historical_sp500_midquotes,MSFT,ddpg,344371083,25.80173246619961,23.644723115130063,0.0496622765926559,14.68676053821789,-14.637098261625232,99.95033772340734,0
ddpg_paper_actor_history,historical_sp500_midquotes,MSFT,ddpg,1588251919,6.865177172572658,6.1864329443448245,0.308593497847994,8.238593497847999,-7.929999999999993,99.691406502152,0
ddpg_paper_actor_history,historical_sp500_midquotes,MSFT,ddpg,152900645,20.592756576785177,20.58921233549677,0.6052214127368245,0.5953353079068958,0.009886104829918,99.39477858726318,0
ddpg_paper_actor_history,historical_sp500_midquotes,MSFT,ddpg,1891103623,8.234650613940175,7.968368185172611,0.0655270864327661,5.1602560863542815,-5.094728999921498,99.93447291356723,0
ddpg_paper_actor_history,historical_sp500_midquotes,MSFT,ddpg,2085732003,4.232657012902564,-3.930099276462366,32.72672891580491,28.570537778216444,4.1561911375884675,67.27327108419509,0
ddpg_paper_actor_history,historical_sp500_midquotes,MSFT,ddpg,266216506,21.1156491125148,20.422731351669334,0.53734798068065,8.324168191750239,-7.786820211069565,99.46265201931936,0
ddpg_paper_actor_history,historical_sp500_midquotes,MSFT,ddpg,1053758720,-29.74410546377294,-37.67501081873965,31.86700446575773,28.161863139655217,3.7051413261025137,68.13299553424227,0
ddpg_paper_actor_history,historical_sp500_midquotes,MSFT,ddpg,938390068,21.630222419575148,21.604943020368463,0.1574496597900605,1.5899496597906593,-1.4325000000006192,99.84255034020994,0
ddpg_paper_actor_history,historical_sp500_midquotes,MSFT,ddpg,857959051,10.502555156874225,10.4940066263508,0.6435690888262116,-0.924582636838035,1.5681517256642892,99.3564309111738,0
ddpg_paper_actor_history,historical_sp500_midquotes,MSFT,ddpg,719206609,17.182054505816268,16.890864912531345,0.9113014001986102,-5.396198599800822,6.307499999999436,99.0886985998014,0
ddpg_paper_actor_history,historical_sp500_midquotes,MSFT,ddpg,187237339,16.637380524160108,15.81609915820346,0.0574834541113773,9.062457536213056,-9.00497408210168,99.94251654588862,0
ddpg_paper_actor_history,historical_sp500_midquotes,MSFT,ddpg,1809838918,23.959407785838263,21.10562915779433,0.2456306395349514,16.893130639534924,-16.64749999999997,99.75436936046503,0
ddpg_paper_actor_history,historical_sp500_midquotes,MSFT,ddpg,892651515,14.20133357929626,14.085631625765192,0.2570893900290514,-3.4014989861981233,3.658588376227152,99.74291060997096,0
ddpg_paper_actor_history,historical_sp500_midquotes,MSFT,ddpg,1886884439,-21.39897817110432,-21.820401598135525,0.8307866126794465,-6.4917133873208375,7.322500000000289,99.16921338732055,0
ddpg_paper_actor_history,historical_sp500_midquotes,MSFT,ddpg_auction_noop,1906509230,4.62429659613008,4.616879367640475,0.8612333301495596,0.8612333301495347,0.0,99.13876666985044,0
ddpg_paper_actor_history,historical_sp500_midquotes,MSFT,ddpg_auction_noop,1178422796,19.207724691554176,19.205156277759816,0.5067952046299524,0.5067952046299529,0.0,99.49320479537003,0
ddpg_paper_actor_history,historical_sp500_midquotes,MSFT,ddpg_auction_noop,1963502950,5.497201493213652,5.4881023389169235,0.9538948734912224,0.9538948734912064,0.0,99.04610512650878,0
ddpg_paper_actor_history,historical_sp500_midquotes,MSFT,ddpg_auction_noop,1703319850,-30.386247981770794,-30.390083808364206,0.6193405035530475,0.6193405035530519,0.0,99.38065949644697,0
ddpg_paper_actor_history,historical_sp500_midquotes,MSFT,ddpg_auction_noop,1313726939,26.834249583438577,26.833074894378576,0.3427373717587443,0.3427373717587514,0.0,99.65726262824126,0
ddpg_paper_actor_history,historical_sp500_midquotes,MSFT,ddpg_auction_noop,1061055793,20.97197190348743,20.96327403719676,0.9326235194690896,0.932623519469116,0.0,99.06737648053092,0
ddpg_paper_actor_history,historical_sp500_midquotes,MSFT,ddpg_auction_noop,1067007710,14.951294931835946,14.942424926038347,0.9418070820288592,0.9418070820288652,0.0,99.05819291797114,0
ddpg_paper_actor_history,historical_sp500_midquotes,MSFT,ddpg_auction_noop,40720655,8.068288921054773,8.068251879920204,0.0608614283170254,0.0608614283170498,0.0,99.93913857168296,0
ddpg_paper_actor_history,historical_sp500_midquotes,MSFT,ddpg_auction_noop,1966159132,1.787370332327555,1.7843378368463294,0.5506809858007813,0.5506809858008062,0.0,99.44931901419922,0
ddpg_paper_actor_history,historical_sp500_midquotes,MSFT,ddpg_auction_noop,188577770,-34.87615027782704,-34.87831735231114,0.4655184726848631,0.4655184726848569,0.0,99.53448152731514,0
ddpg_paper_actor_history,historical_sp500_midquotes,MSFT,ddpg_auction_noop,1402152033,17.38707513990994,17.382325382250798,0.689184856126559,0.6891848561265839,0.0,99.31081514387344,0
ddpg_paper_actor_history,historical_sp500_midquotes,MSFT,ddpg_auction_noop,2092728533,21.585460530826825,21.584320899393116,0.3375842759529917,0.3375842759530281,0.0,99.662415724047,0
ddpg_paper_actor_history,historical_sp500_midquotes,MSFT,ddpg_auction_noop,1437347273,3.661852336659649,3.657945351353074,0.6250588217580315,0.6250588217580244,0.0,99.37494117824195,0
ddpg_paper_actor_history,historical_sp500_midquotes,MSFT,ddpg_auction_noop,1045146178,-19.350114120799844,-19.35618222318669,0.7789802556446546,0.7789802556446519,0.0,99.22101974435536,0
ddpg_paper_actor_history,historical_sp500_midquotes,MSFT,ddpg_auction_noop,528283994,18.265822529700017,18.265804218841172,0.0427911893314529,0.0427911893314649,0.0,99.95720881066856,0
ddpg_paper_actor_history,historical_sp500_midquotes,MSFT,ddpg_auction_noop,36265689,21.16942717668462,21.164463101963054,0.7045619008694501,0.7045619008694608,0.0,99.29543809913056,0
ddpg_paper_actor_history,historical_sp500_midquotes,MSFT,ddpg_auction_noop,1193742096,-36.30046824518831,-36.3005584891481,0.0949968208881415,0.0949968208881468,0.0,99.90500317911186,0
ddpg_paper_actor_history,historical_sp500_midquotes,MSFT,ddpg_auction_noop,793249015,6.59336084352617,6.5932974148583705,0.0796421168726198,0.0796421168726535,0.0,99.92035788312738,0
ddpg_paper_actor_history,historical_sp500_midquotes,MSFT,ddpg_auction_noop,1309854583,-31.335013712814543,-31.335954704598556,0.3067558938328574,0.3067558938328529,0.0,99.69324410616714,0
ddpg_paper_actor_history,historical_sp500_midquotes,MSFT,ddpg_auction_noop,1144601564,23.00086543155885,22.99626000176827,0.6786331697298351,0.6786331697298227,0.0,99.32136683027016,0
ddpg_paper_actor_history,historical_sp500_midquotes,MSFT,ddpg_auction_noop,982973886,2.351001574932525,2.3461230189900437,0.6984666020992876,0.6984666020992689,0.0,99.30153339790073,0
ddpg_paper_actor_history,historical_sp500_midquotes,MSFT,ddpg_auction_noop,715231342,21.326070347662608,21.326054840991677,0.0393785105486301,0.0393785105486352,0.0,99.96062148945136,0
ddpg_paper_actor_history,historical_sp500_midquotes,MSFT,ddpg_auction_noop,2130732657,-35.69089046134286,-35.695607697096214,0.6868213562021737,0.6868213562021594,0.0,99.31317864379784,0
ddpg_paper_actor_history,historical_sp500_midquotes,MSFT,ddpg_auction_noop,1234679122,13.80983520364498,13.809246744516145,0.2425817653569169,0.2425817653569044,0.0,99.75741823464308,0
ddpg_paper_actor_history,historical_sp500_midquotes,MSFT,ddpg_auction_noop,490149342,16.42766581946489,16.42348285265103,0.6467585959119333,0.6467585959119262,0.0,99.35324140408808,0
ddpg_paper_actor_history,historical_sp500_midquotes,MSFT,ddpg_auction_noop,381953676,15.506919324803675,15.500462559983143,0.8035399691696625,0.8035399691696736,0.0,99.19646003083034,0
ddpg_paper_actor_history,historical_sp500_midquotes,MSFT,ddpg_auction_noop,478640128,26.422983125416067,19.112238860626334,27.038388015541415,27.038388015541404,0.0,72.96161198445859,0
ddpg_paper_actor_history,historical_sp500_midquotes,MSFT,ddpg_auction_noop,951876364,-30.329077864049395,-30.329737230170345,0.2567812533944789,0.2567812533944655,0.0,99.74321874660552,0
ddpg_paper_actor_history,historical_sp500_midquotes,MSFT,ddpg_auction_noop,723990043,21.040142249412384,20.06316229287803,9.884229643904249,9.884229643904249,0.0,90.11577035609577,0
ddpg_paper_actor_history,historical_sp500_midquotes,MSFT,ddpg_auction_noop,487116369,-28.59267775177068,-28.59850270052082,0.7632135186265145,0.7632135186265074,0.0,99.23678648137349,0
ddpg_paper_actor_history,historical_sp500_midquotes,MSFT,ddpg_auction_noop,1985429050,18.58035873159679,18.58023752876613,0.1100921571501913,0.1100921571501913,0.0,99.8899078428498,0
ddpg_paper_actor_history,historical_sp500_midquotes,MSFT,ddpg_auction_noop,1628956857,4.454407584418732,4.454390304331471,0.0415693243396333,0.0415693243396191,0.0,99.95843067566037,0
ddpg_paper_actor_history,historical_sp500_midquotes,MSFT,ddpg_auction_noop,1189523478,13.442362769477768,13.4405830803852,0.4218636145212002,0.4218636145211585,0.0,99.5781363854788,0
ddpg_paper_actor_history,historical_sp500_midquotes,MSFT,ddpg_auction_noop,1296530916,-22.081177300124185,-22.9655971885253,9.404360097322538,9.404360097322517,0.0,90.59563990267746,0
ddpg_paper_actor_history,historical_sp500_midquotes,MSFT,ddpg_auction_noop,707561452,18.78412258384924,18.149653233706488,7.965358436020026,7.965358436020012,0.0,92.03464156397996,0
ddpg_paper_actor_history,historical_sp500_midquotes,MSFT,ddpg_auction_noop,901155818,18.35259148066325,18.344125136782832,0.9201273759876756,0.9201273759876224,0.0,99.07987262401232,0
ddpg_paper_actor_history,historical_sp500_midquotes,MSFT,ddpg_auction_noop,1820860524,-22.341296304002753,-25.446298613068752,17.621016738729907,17.621016738729914,0.0,82.3789832612701,0
ddpg_paper_actor_history,historical_sp500_midquotes,MSFT,ddpg_auction_noop,1044185241,-29.621519232243372,-29.62427250944224,0.5247167996993767,0.5247167996993825,0.0,99.47528320030062,0
ddpg_paper_actor_history,historical_sp500_midquotes,MSFT,ddpg_auction_noop,591637826,6.563333586789668,6.558180349013526,0.7178605558283238,0.7178605558283238,0.0,99.28213944417168,0
ddpg_paper_actor_history,historical_sp500_midquotes,MSFT,ddpg_auction_noop,27222720,-29.340202796503945,-29.348077404455175,0.8873898777443401,0.8873898777443436,0.0,99.11261012225566,0
ddpg_paper_actor_history,historical_sp500_midquotes,MSFT,ddpg_auction_noop,64598572,19.524339309995412,19.523571825951713,0.277035023723954,0.2770350237239687,0.0,99.72296497627605,0
ddpg_paper_actor_history,historical_sp500_midquotes,MSFT,ddpg_auction_noop,824692580,18.29202110520237,18.289811674774747,0.4700457879420128,0.4700457879420436,0.0,99.529954212058,0
ddpg_paper_actor_history,historical_sp500_midquotes,MSFT,ddpg_auction_noop,1292888439,19.237571457169903,19.22870457079054,0.9416414593339936,0.941641459333951,0.0,99.058358540666,0
ddpg_paper_actor_history,historical_sp500_midquotes,MSFT,ddpg_auction_noop,1567077053,-25.333276625331564,-25.7898566875082,6.757070831185928,6.757070831185901,0.0,93.24292916881409,0
ddpg_paper_actor_history,historical_sp500_midquotes,MSFT,ddpg_auction_noop,1386223455,-32.701275118482954,-32.71024814384945,0.9472605431715806,0.9472605431715496,0.0,99.05273945682842,0
ddpg_paper_actor_history,historical_sp500_midquotes,MSFT,ddpg_auction_noop,2103330825,18.74000130728564,18.150046314096848,7.680852772894397,7.680852772894372,0.0,92.3191472271056,0
ddpg_paper_actor_history,historical_sp500_midquotes,MSFT,ddpg_auction_noop,1713764255,15.388165844606192,15.385400213690335,0.5258926616579771,0.5258926616579771,0.0,99.47410733834202,0
ddpg_paper_actor_history,historical_sp500_midquotes,MSFT,ddpg_auction_noop,338169861,20.907008390653573,20.901232750467436,0.7599763276666778,0.7599763276666893,0.0,99.24002367233332,0
ddpg_paper_actor_history,historical_sp500_midquotes,MSFT,ddpg_auction_noop,460890984,-30.20256842464005,-30.204322713052413,0.4188422629540866,0.4188422629541186,0.0,99.58115773704591,0
ddpg_paper_actor_history,historical_sp500_midquotes,MSFT,ddpg_auction_noop,1844393987,-27.252478427210008,-27.252523962850397,0.0674801010599992,0.0674801010600608,0.0,99.93251989894,0
ddpg_paper_actor_history,historical_sp500_midquotes,MSFT,ddpg_auction_noop,1032412864,9.588840161412008,9.58501007155479,0.6188771976102885,0.6188771976102814,0.0,99.38112280238973,0
ddpg_paper_actor_history,historical_sp500_midquotes,MSFT,ddpg_auction_noop,285977676,20.981874703602443,20.975678955364096,0.7871307539633108,0.7871307539633134,0.0,99.21286924603668,0
ddpg_paper_actor_history,historical_sp500_midquotes,MSFT,ddpg_auction_noop,1194047159,-32.17816108803527,-32.17816757378536,0.0254671358667479,0.0254671358667462,0.0,99.97453286413324,0
ddpg_paper_actor_history,historical_sp500_midquotes,MSFT,ddpg_auction_noop,410795716,16.51172037829383,16.511718145314262,0.0149431575211878,0.0149431575211917,0.0,99.9850568424788,0
ddpg_paper_actor_history,historical_sp500_midquotes,MSFT,ddpg_auction_noop,1688827796,16.487339177296235,16.48340145935421,0.6275123856965763,0.6275123856965727,0.0,99.37248761430342,0
ddpg_paper_actor_history,historical_sp500_midquotes,MSFT,ddpg_auction_noop,1615174803,4.568119699039016,4.566107691536986,0.4485540660869276,0.448554066086916,0.0,99.55144593391309,0
ddpg_paper_actor_history,historical_sp500_midquotes,MSFT,ddpg_auction_noop,573603312,5.468924862523636,5.460734926396715,0.9049826587797584,0.9049826587797708,0.0,99.09501734122024,0
ddpg_paper_actor_history,historical_sp500_midquotes,MSFT,ddpg_auction_noop,1292648848,-24.858419437205157,-25.996569827005107,10.6684131425435,10.668413142543502,0.0,89.3315868574565,0
ddpg_paper_actor_history,historical_sp500_midquotes,MSFT,ddpg_auction_noop,504177273,25.278868878671343,25.09768042319731,4.2566237263121,4.256623726312132,0.0,95.7433762736879,0
ddpg_paper_actor_history,historical_sp500_midquotes,MSFT,ddpg_auction_noop,2023171617,14.228334503068254,14.21854936622049,0.9891985062546808,0.9891985062546756,0.0,99.01080149374532,0
ddpg_paper_actor_history,historical_sp500_midquotes,MSFT,ddpg_auction_noop,155866399,18.646951697033728,18.64603949726787,0.3020264501424776,0.3020264501424496,0.0,99.69797354985752,0
ddpg_paper_actor_history,historical_sp500_midquotes,MSFT,ddpg_auction_noop,426465092,22.309141282948985,22.18690920794616,3.4961704049263034,3.4961704049262927,0.0,96.5038295950737,0
ddpg_paper_actor_history,historical_sp500_midquotes,MSFT,ddpg_auction_noop,2075242093,19.655942234332542,19.654005175952612,0.4401202540136069,0.4401202540135989,0.0,99.5598797459864,0
ddpg_paper_actor_history,historical_sp500_midquotes,MSFT,ddpg_auction_noop,426948909,13.981712724656973,13.981687540034796,0.0501842825754579,0.0501842825754632,0.0,99.94981571742454,0
ddpg_paper_actor_history,historical_sp500_midquotes,MSFT,ddpg_auction_noop,40870105,-33.34045080082615,-33.344930330690204,0.6692929003101966,0.6692929003101811,0.0,99.3307070996898,0
ddpg_paper_actor_history,historical_sp500_midquotes,MSFT,ddpg_auction_noop,1146798258,-38.62013189754907,-38.62733568389381,0.848751220601855,0.8487512206018604,0.0,99.15124877939814,0
ddpg_paper_actor_history,historical_sp500_midquotes,MSFT,ddpg_auction_noop,2070376215,14.497174595860995,14.496350956965374,0.2869910966604578,0.2869910966604436,0.0,99.71300890333954,0
ddpg_paper_actor_history,historical_sp500_midquotes,MSFT,ddpg_auction_noop,511062834,1.7404188547006925,1.7363110760295524,0.6409195480822802,0.6409195480822962,0.0,99.35908045191772,0
ddpg_paper_actor_history,historical_sp500_midquotes,MSFT,ddpg_auction_noop,1541412974,6.218747194421667,-4.882793458732092,33.31897455377906,33.31897455377905,0.0,66.68102544622094,0
ddpg_paper_actor_history,historical_sp500_midquotes,MSFT,ddpg_auction_noop,376403019,17.319602606237822,11.87479907981912,23.33410278201991,23.33410278201993,0.0,76.66589721798009,0
ddpg_paper_actor_history,historical_sp500_midquotes,MSFT,ddpg_auction_noop,1108559752,-26.642831276161814,-26.648081181143837,0.724562280416464,0.7245622804164751,0.0,99.27543771958354,0
ddpg_paper_actor_history,historical_sp500_midquotes,MSFT,ddpg_auction_noop,1393048108,-21.574731745517056,-21.578079927973363,0.5786348119762437,0.5786348119762454,0.0,99.42136518802376,0
ddpg_paper_actor_history,historical_sp500_midquotes,MSFT,ddpg_auction_noop,2023564002,17.35877676826385,17.354161504500226,0.6793573259799643,0.6793573259799608,0.0,99.32064267402004,0
ddpg_paper_actor_history,historical_sp500_midquotes,MSFT,ddpg_auction_noop,916344601,22.11860960978629,22.118254947227243,0.1883248679938844,0.18832486799388,0.0,99.81167513200612,0
ddpg_paper_actor_history,historical_sp500_midquotes,MSFT,ddpg_auction_noop,486149422,29.650967169225623,13.109506747859111,40.671194255107046,40.67119425510703,0.0,59.328805744892954,0
ddpg_paper_actor_history,historical_sp500_midquotes,MSFT,ddpg_auction_noop,410404482,23.583214238758956,22.980045136755756,7.766396217057135,7.766396217057164,0.0,92.23360378294286,0
ddpg_paper_actor_history,historical_sp500_midquotes,MSFT,ddpg_auction_noop,848518413,21.023268280448978,21.018137451373175,0.7162980577803069,0.7162980577803033,0.0,99.2837019422197,0
ddpg_paper_actor_history,historical_sp500_midquotes,MSFT,ddpg_auction_noop,1216465325,-24.86438002768773,-24.866166014674288,0.4226093925314984,0.4226093925314949,0.0,99.5773906074685,0
ddpg_paper_actor_history,historical_sp500_midquotes,MSFT,ddpg_auction_noop,1701726968,21.85571656799948,21.855546647425843,0.1303535859261018,0.1303535859260982,0.0,99.8696464140739,0
ddpg_paper_actor_history,historical_sp500_midquotes,MSFT,ddpg_auction_noop,1739537596,18.404843998932847,18.403352921475324,0.3861447212539843,0.3861447212539879,0.0,99.61385527874602,0
ddpg_paper_actor_history,historical_sp500_midquotes,MSFT,ddpg_auction_noop,2050860255,9.469301468194317,9.461660906553496,0.874103062620236,0.8741030626202286,0.0,99.12589693737976,0
ddpg_paper_actor_history,historical_sp500_midquotes,MSFT,ddpg_auction_noop,218238821,14.536512766366286,14.536277885572424,0.153258211480491,0.1532582114804812,0.0,99.84674178851952,0
ddpg_paper_actor_history,historical_sp500_midquotes,MSFT,ddpg_auction_noop,128588240,12.614829218326122,12.611489154819823,0.5779328253610458,0.5779328253610494,0.0,99.42206717463895,0
ddpg_paper_actor_history,historical_sp500_midquotes,MSFT,ddpg_auction_noop,1162542574,9.41649421011789,9.41439312292237,0.4583761769028172,0.4583761769027856,0.0,99.54162382309718,0
ddpg_paper_actor_history,historical_sp500_midquotes,MSFT,ddpg_auction_noop,1005643756,19.808721270337628,19.8085592535754,0.1272858052690111,0.1272858052690029,0.0,99.872714194731,0
ddpg_paper_actor_history,historical_sp500_midquotes,MSFT,ddpg_auction_noop,711572297,3.178049928690598,3.175158826388396,0.5376897155611431,0.5376897155611209,0.0,99.46231028443886,0
ddpg_paper_actor_history,historical_sp500_midquotes,MSFT,ddpg_auction_noop,501043199,-33.611294693322634,-33.621165375886584,0.9935130881851252,0.9935130881851046,0.0,99.00648691181487,0
ddpg_paper_actor_history,historical_sp500_midquotes,MSFT,ddpg_auction_noop,1291999351,24.38773279945599,16.260227232823233,28.508780343313106,28.508780343313106,0.0,71.4912196566869,0
ddpg_paper_actor_history,historical_sp500_midquotes,MSFT,ddpg_auction_noop,102182588,-18.80273905649483,-18.830221788372437,1.6577916599382547,1.6577916599382247,0.0,98.34220834006176,0
ddpg_paper_actor_history,historical_sp500_midquotes,MSFT,ddpg_auction_noop,2119210718,19.044612768335355,19.03676058568198,0.8861254230286448,0.8861254230286328,0.0,99.11387457697136,0
ddpg_paper_actor_history,historical_sp500_midquotes,MSFT,ddpg_auction_noop,1109208492,21.1156500184552,21.10722908680129,0.9176563438406332,0.9176563438406262,0.0,99.08234365615937,0
ddpg_paper_actor_history,historical_sp500_midquotes,MSFT,ddpg_auction_noop,1274300456,-23.392670978728347,-23.396293146498373,0.6018444790829989,0.6018444790829953,0.0,99.398155520917,0
ddpg_paper_actor_history,historical_sp500_midquotes,MSFT,ddpg_auction_noop,1256771816,-32.74989049229589,-32.757338442112214,0.8630150529580476,0.8630150529580352,0.0,99.13698494704197,0
ddpg_paper_actor_history,historical_sp500_midquotes,MSFT,ddpg_auction_noop,1077857574,5.243730869335195,5.241921043870478,0.4254204349483359,0.4254204349483395,0.0,99.57457956505166,0
ddpg_paper_actor_history,historical_sp500_midquotes,MSFT,ddpg_auction_noop,1100698389,21.67554549794295,21.674833848224974,0.2667676363372209,0.2667676363372564,0.0,99.73323236366278,0
ddpg_paper_actor_history,historical_sp500_midquotes,MSFT,ddpg_auction_noop,795778257,18.615532803401948,18.61510592857281,0.2066094937649438,0.2066094937649509,0.0,99.79339050623506,0
ddpg_paper_actor_history,historical_sp500_midquotes,MSFT,ddpg_auction_noop,1548246893,19.560983791150647,19.56009604993989,0.2979498633588662,0.2979498633588848,0.0,99.70205013664112,0
ddpg_paper_actor_history,historical_sp500_midquotes,MSFT,ddpg_auction_noop,633707972,19.51737035570295,19.50744730758147,0.9961449754671036,0.9961449754670726,0.0,99.0038550245329,0
ddpg_paper_actor_history,historical_sp500_midquotes,MSFT,ddpg_auction_noop,983296256,-24.36231434950423,-25.165788145589257,8.963669985474823,8.963669985474828,0.0,91.03633001452518,0
ddpg_paper_actor_history,historical_sp500_midquotes,MSFT,ddpg_auction_noop,487951037,20.371340845036684,20.37130041320012,0.0635860335017639,0.063586033501787,0.0,99.93641396649824,0
ddpg_paper_actor_history,historical_sp500_midquotes,MSFT,ddpg_auction_noop,978154369,18.167015061588245,18.159634761665863,0.8590867198589507,0.8590867198589551,0.0,99.14091328014104,0
ddpg_paper_actor_history,historical_sp500_midquotes,MSFT,ddpg_auction_noop,554788091,19.178289453544497,19.172224454453197,0.7787810405561544,0.778781040556165,0.0,99.22121895944385,0
ddpg_paper_actor_history,historical_sp500_midquotes,MSFT,ddpg_auction_noop,2090199347,-22.22911345162902,-22.229428174789593,0.1774043856766383,0.1774043856766483,0.0,99.82259561432336,0
ddpg_paper_actor_history,historical_sp500_midquotes,MSFT,ddpg_auction_noop,2069017976,2.0499608197678754,2.0498797489697433,0.0900393237047154,0.0900393237046994,0.0,99.90996067629528,0
ddpg_paper_actor_history,historical_sp500_midquotes,MSFT,ddpg_auction_noop,945043387,18.339952411175545,18.330283336262735,0.9833145434096338,0.9833145434096392,0.0,99.01668545659037,0
ddpg_paper_actor_history,historical_sp500_midquotes,MSFT,ddpg_auction_noop,1939521563,22.11715504138556,22.108926448462345,0.9071159200020276,0.9071159200020562,0.0,99.09288407999796,0
ddpg_paper_actor_history,historical_sp500_midquotes,MSFT,ddpg_auction_noop,837962510,19.247992859209266,19.24086389284506,0.8443320652563813,0.844332065256383,0.0,99.15566793474362,0
ddpg_paper_actor_history,historical_sp500_midquotes,MSFT,ddpg_auction_noop,1294936529,-26.517570717609487,-26.531617179770468,1.1851777149854286,1.1851777149854223,0.0,98.81482228501456,0
ddpg_paper_actor_history,historical_sp500_midquotes,MSFT,ddpg_auction_noop,1783232423,9.931426881590596,9.931423427247118,0.0185858641914364,0.0185858641914222,0.0,99.98141413580856,0
ddpg_paper_actor_history,historical_sp500_midquotes,MSFT,ddpg_auction_noop,133555220,11.008590323473982,11.007200849751044,0.3727564517130446,0.3727564517130499,0.0,99.62724354828696,0
ddpg_paper_actor_history,historical_sp500_midquotes,MSFT,ddpg_auction_noop,727659984,-34.86454181399131,-34.87161604910278,0.8410847229303329,0.8410847229303489,0.0,99.15891527706968,0
ddpg_paper_actor_history,historical_sp500_midquotes,MSFT,ddpg_auction_noop,1045640949,31.42633100663079,31.397796803145734,1.6892070176580205,1.6892070176580614,0.0,98.31079298234198,0
ddpg_paper_actor_history,historical_sp500_midquotes,MSFT,ddpg_auction_noop,1498406538,20.722132613951544,20.714836360860392,0.8541810751328285,0.8541810751328356,0.0,99.14581892486716,0
ddpg_paper_actor_history,historical_sp500_midquotes,MSFT,ddpg_auction_noop,894023265,4.706509246643691,4.704474494841943,0.4510822321648078,0.4510822321647842,0.0,99.5489177678352,0
ddpg_paper_actor_history,historical_sp500_midquotes,MSFT,ddpg_auction_noop,1456034043,15.410498085841027,15.409657744816368,0.2898863612967091,0.2898863612967144,0.0,99.71011363870328,0
ddpg_paper_actor_history,historical_sp500_midquotes,MSFT,ddpg_auction_noop,2145465691,10.81777740272628,10.81689746645936,0.2966371970804431,0.296637197080436,0.0,99.70336280291956,0
ddpg_paper_actor_history,historical_sp500_midquotes,MSFT,ddpg_auction_noop,1645332470,-32.23178157919938,-32.23344986409114,0.4084464336685585,0.4084464336685482,0.0,99.59155356633144,0
ddpg_paper_actor_history,historical_sp500_midquotes,MSFT,ddpg_auction_noop,1703360263,5.222007723368733,5.220425592006297,0.397760149139728,0.3977601491397298,0.0,99.60223985086029,0
ddpg_paper_actor_history,historical_sp500_midquotes,MSFT,ddpg_auction_noop,1254093673,18.26408226759122,18.263379310232295,0.2651334303564994,0.2651334303565127,0.0,99.7348665696435,0
ddpg_paper_actor_history,historical_sp500_midquotes,MSFT,ddpg_auction_noop,679604879,19.918469347405335,19.91032086612504,0.902689386239615,0.9026893862395662,0.0,99.09731061376038,0
ddpg_paper_actor_history,historical_sp500_midquotes,MSFT,ddpg_auction_noop,1800514979,20.30724282884148,20.30523872238174,0.4476724762302382,0.4476724762302417,0.0,99.55232752376976,0
ddpg_paper_actor_history,historical_sp500_midquotes,MSFT,ddpg_auction_noop,1009107304,15.133788818940957,15.133475695555555,0.1769529274697845,0.1769529274698,0.0,99.82304707253022,0
ddpg_paper_actor_history,historical_sp500_midquotes,MSFT,ddpg_auction_noop,1459119855,17.63026739768975,17.624293202702876,0.7729291679624879,0.7729291679624737,0.0,99.22707083203753,0
ddpg_paper_actor_history,historical_sp500_midquotes,MSFT,ddpg_auction_noop,2082327116,16.094171375427322,16.091854680838257,0.4813205365517774,0.4813205365517565,0.0,99.51867946344822,0
ddpg_paper_actor_history,historical_sp500_midquotes,MSFT,ddpg_auction_noop,1795215048,11.29172881737577,11.291682912889613,0.0677528495020709,0.0677528495020745,0.0,99.93224715049791,0
ddpg_paper_actor_history,historical_sp500_midquotes,MSFT,ddpg_auction_noop,1559844699,19.16340656122702,19.16110017516926,0.4802484833667932,0.4802484833668434,0.0,99.5197515166332,0
ddpg_paper_actor_history,historical_sp500_midquotes,MSFT,ddpg_auction_noop,1337581818,18.407057101647297,18.406350063377005,0.2659019124212705,0.2659019124212678,0.0,99.73409808757872,0
ddpg_paper_actor_history,historical_sp500_midquotes,MSFT,ddpg_auction_noop,1567278356,16.569216146177496,16.565736228653197,0.5899082576382284,0.5899082576382462,0.0,99.41009174236176,0
ddpg_paper_actor_history,historical_sp500_midquotes,MSFT,ddpg_auction_noop,1391644635,17.427658250879176,17.42224519120556,0.7357349844624395,0.735734984462443,0.0,99.26426501553756,0
ddpg_paper_actor_history,historical_sp500_midquotes,MSFT,ddpg_auction_noop,1226640195,18.776223585691696,18.77141967007795,0.6931028505023562,0.693102850502366,0.0,99.30689714949764,0
ddpg_paper_actor_history,historical_sp500_midquotes,MSFT,ddpg_auction_noop,573081701,21.642649252786217,10.760920579628182,32.98746530601896,32.98746530601894,0.0,67.01253469398104,0
ddpg_paper_actor_history,historical_sp500_midquotes,MSFT,ddpg_auction_noop,856702353,20.5243185174495,20.51899167111139,0.7298524740048293,0.7298524740048284,0.0,99.27014752599516,0
ddpg_paper_actor_history,historical_sp500_midquotes,MSFT,ddpg_auction_noop,969233424,15.101414910119274,15.098216547899211,0.5655406457594694,0.5655406457594863,0.0,99.43445935424052,0
ddpg_paper_actor_history,historical_sp500_midquotes,MSFT,ddpg_auction_noop,2038887002,-0.5567426140260068,-0.5619326983531906,0.7204223988178171,0.7204223988177905,0.0,99.27957760118218,0
ddpg_paper_actor_history,historical_sp500_midquotes,MSFT,ddpg_auction_noop,748193112,-29.018033609490885,-29.018148809407887,0.1073312242555886,0.1073312242555637,0.0,99.8926687757444,0
ddpg_paper_actor_history,historical_sp500_midquotes,MSFT,ddpg_auction_noop,1403188372,-28.819805701217778,-28.825899155364375,0.7806057997864286,0.7806057997864215,0.0,99.21939420021356,0
ddpg_paper_actor_history,historical_sp500_midquotes,MSFT,ddpg_auction_noop,688156671,4.1837805517443485,-10.1536716937797,37.86482833121526,37.8648283312153,0.0,62.13517166878474,0
ddpg_paper_actor_history,historical_sp500_midquotes,MSFT,ddpg_auction_noop,1293707997,17.43160924664153,17.42735188934833,0.6524842751514512,0.6524842751514539,0.0,99.34751572484856,0
ddpg_paper_actor_history,historical_sp500_midquotes,MSFT,ddpg_auction_noop,1017816127,21.541916851174392,21.538456436780585,0.5882528702698124,0.5882528702698053,0.0,99.4117471297302,0
ddpg_paper_actor_history,historical_sp500_midquotes,MSFT,ddpg_auction_noop,928547401,15.91261619702891,15.912362099086174,0.1594044989127496,0.1594044989127385,0.0,99.84059550108724,0
ddpg_paper_actor_history,historical_sp500_midquotes,MSFT,ddpg_auction_noop,804851501,6.174183748073119,6.171659425111591,0.5024264086936512,0.502426408693669,0.0,99.49757359130636,0
ddpg_paper_actor_history,historical_sp500_midquotes,MSFT,ddpg_auction_noop,1120019183,9.785545203863876,9.785462561622651,0.0909077781185914,0.0909077781185843,0.0,99.9090922218814,0
ddpg_paper_actor_history,historical_sp500_midquotes,MSFT,ddpg_auction_noop,1119490863,-26.912258027121425,-26.91999209788612,0.8794356579474965,0.8794356579475142,0.0,99.1205643420525,0
ddpg_paper_actor_history,historical_sp500_midquotes,MSFT,ddpg_auction_noop,783363503,5.947778097319315,5.940016515024483,0.8809984276280858,0.8809984276281053,0.0,99.11900157237191,0
ddpg_paper_actor_history,historical_sp500_midquotes,MSFT,ddpg_auction_noop,205944131,21.104213554022863,21.101089043588004,0.5589732046225464,0.5589732046225429,0.0,99.44102679537744,0
ddpg_paper_actor_history,historical_sp500_midquotes,MSFT,ddpg_auction_noop,446079182,12.779571930776,12.776871375899276,0.5196686325655264,0.5196686325655246,0.0,99.48033136743447,0
ddpg_paper_actor_history,historical_sp500_midquotes,MSFT,ddpg_auction_noop,2128949063,19.129501870895183,19.12950129592072,0.007582707059484,0.007582707059452,0.0,99.99241729294052,0
ddpg_paper_actor_history,historical_sp500_midquotes,MSFT,ddpg_auction_noop,708828196,17.309662017149094,17.3095091175673,0.1236525704521085,0.1236525704521245,0.0,99.87634742954788,0
ddpg_paper_actor_history,historical_sp500_midquotes,MSFT,ddpg_auction_noop,907135295,18.19368220447905,18.193595224432464,0.0932630937631557,0.0932630937631628,0.0,99.90673690623684,0
ddpg_paper_actor_history,historical_sp500_midquotes,MSFT,ddpg_auction_noop,1179243183,4.238433911128595,4.2287651990405575,0.9832960941668318,0.98329609416683,0.0,99.01670390583315,0
ddpg_paper_actor_history,historical_sp500_midquotes,MSFT,ddpg_auction_noop,1200595667,0.7166310465818242,0.7102132660455469,0.8011105127432643,0.8011105127432323,0.0,99.19888948725674,0
ddpg_paper_actor_history,historical_sp500_midquotes,MSFT,ddpg_auction_noop,1138669996,-29.035211142630946,-29.041981941922117,0.8228486672029334,0.8228486672029387,0.0,99.17715133279708,0
ddpg_paper_actor_history,historical_sp500_midquotes,MSFT,ddpg_auction_noop,299092708,18.687713449802686,18.681206870378013,0.8066337102225845,0.806633710222604,0.0,99.19336628977742,0
ddpg_paper_actor_history,historical_sp500_midquotes,MSFT,ddpg_auction_noop,1606240066,20.55933946611549,16.084004225912224,21.154988159304793,21.1549881593048,0.0,78.84501184069521,0
ddpg_paper_actor_history,historical_sp500_midquotes,MSFT,ddpg_auction_noop,1592479411,6.526731830646895,5.155777436725585,11.708776169699831,11.708776169699847,0.0,88.29122383030017,0
ddpg_paper_actor_history,historical_sp500_midquotes,MSFT,ddpg_auction_noop,1232823009,12.401133981551538,12.39861971241529,0.5014248833323904,0.5014248833323851,0.0,99.4985751166676,0
ddpg_paper_actor_history,historical_sp500_midquotes,MSFT,ddpg_auction_noop,1380936168,20.509510687546936,20.502969906648666,0.8087509442513579,0.8087509442513614,0.0,99.19124905574864,0
ddpg_paper_actor_history,historical_sp500_midquotes,MSFT,ddpg_auction_noop,1485723813,5.726454714154897,5.722612880795341,0.6198252463038614,0.6198252463038596,0.0,99.38017475369614,0
ddpg_paper_actor_history,historical_sp500_midquotes,MSFT,ddpg_auction_noop,1476988550,19.684933975790045,19.682104874108255,0.531893004446232,0.5318930044462444,0.0,99.46810699555375,0
ddpg_paper_actor_history,historical_sp500_midquotes,MSFT,ddpg_auction_noop,426644302,22.19223068637075,22.190376751804664,0.4305734044371974,0.4305734044372085,0.0,99.5694265955628,0
ddpg_paper_actor_history,historical_sp500_midquotes,MSFT,ddpg_auction_noop,1492118510,26.16596298299191,15.962634732585006,31.942648998489332,31.94264899848932,0.0,68.05735100151067,0
ddpg_paper_actor_history,historical_sp500_midquotes,MSFT,ddpg_auction_noop,1871437067,-23.363894346197412,-23.369625850421915,0.7570669867655511,0.7570669867655901,0.0,99.24293301323443,0
ddpg_paper_actor_history,historical_sp500_midquotes,MSFT,ddpg_auction_noop,1821522104,-28.718587281513464,-28.718767136816528,0.1341101424436601,0.1341101424436708,0.0,99.86588985755634,0
ddpg_paper_actor_history,historical_sp500_midquotes,MSFT,ddpg_auction_noop,1233002065,23.588709987932816,23.584772144534597,0.6275223819290261,0.6275223819290057,0.0,99.37247761807096,0
ddpg_paper_actor_history,historical_sp500_midquotes,MSFT,ddpg_auction_noop,1249666141,-36.76522726147414,-36.767170273123554,0.440796058219064,0.4407960582190515,0.0,99.55920394178094,0
ddpg_paper_actor_history,historical_sp500_midquotes,MSFT,ddpg_auction_noop,1377485117,-28.7500737567334,-28.750261373769565,0.1369733682742122,0.136973368274214,0.0,99.8630266317258,0
ddpg_paper_actor_history,historical_sp500_midquotes,MSFT,ddpg_auction_noop,1667673182,11.293175114231415,11.291116628723977,0.4537053567506319,0.4537053567506479,0.0,99.54629464324935,0
ddpg_paper_actor_history,historical_sp500_midquotes,MSFT,ddpg_auction_noop,257835634,20.272444336986155,19.109299105095225,10.784921102590118,10.784921102590085,0.0,89.21507889740988,0
ddpg_paper_actor_history,historical_sp500_midquotes,MSFT,ddpg_auction_noop,1475908961,-31.06610938821177,-31.071600414195245,0.7410145736403848,0.7410145736403884,0.0,99.25898542635962,0
ddpg_paper_actor_history,historical_sp500_midquotes,MSFT,ddpg_auction_noop,847186143,13.848821208845038,13.848819141959778,0.0143766660235087,0.0143766660235047,0.0,99.98562333397648,0
ddpg_paper_actor_history,historical_sp500_midquotes,MSFT,ddpg_auction_noop,454152926,21.092950659765847,21.083784765615807,0.9573867635412796,0.9573867635413096,0.0,99.04261323645872,0
ddpg_paper_actor_history,historical_sp500_midquotes,MSFT,ddpg_auction_noop,745543570,15.938985888327808,15.936710199841286,0.4770417682468775,0.4770417682468624,0.0,99.52295823175312,0
ddpg_paper_actor_history,historical_sp500_midquotes,MSFT,ddpg_auction_noop,2040040035,19.693676013524964,19.06744698653675,7.913463382035772,7.913463382035799,0.0,92.08653661796424,0
ddpg_paper_actor_history,historical_sp500_midquotes,MSFT,ddpg_auction_noop,857589213,-23.64670893460425,-23.65487011659171,0.9033926049874594,0.9033926049874887,0.0,99.09660739501254,0
ddpg_paper_actor_history,historical_sp500_midquotes,MSFT,ddpg_auction_noop,447631993,14.12940244743004,14.12564307224284,0.6131374386872039,0.6131374386872119,0.0,99.3868625613128,0
ddpg_paper_actor_history,historical_sp500_midquotes,MSFT,ddpg_auction_noop,1053736358,4.257760254497043,4.25681214353226,0.3079141056825705,0.3079141056825811,0.0,99.69208589431744,0
ddpg_paper_actor_history,historical_sp500_midquotes,MSFT,ddpg_auction_noop,1123074415,-19.02080164570907,-19.02101774299039,0.1470024766186526,0.1470024766186544,0.0,99.85299752338136,0
ddpg_paper_actor_history,historical_sp500_midquotes,MSFT,ddpg_auction_noop,896949228,3.7179985122584185,3.717591580561491,0.2017254810200199,0.2017254810200324,0.0,99.79827451897998,0
ddpg_paper_actor_history,historical_sp500_midquotes,MSFT,ddpg_auction_noop,532798302,-34.1859190831201,-34.188394260919715,0.4975115877660556,0.4975115877660609,0.0,99.50248841223394,0
ddpg_paper_actor_history,historical_sp500_midquotes,MSFT,ddpg_auction_noop,1798006985,-35.78707142017811,-35.79520470795101,0.9018474246179125,0.9018474246179202,0.0,99.09815257538207,0
ddpg_paper_actor_history,historical_sp500_midquotes,MSFT,ddpg_auction_noop,1380983522,11.961937884214422,11.778845904237029,4.27892486469905,4.278924864699019,0.0,95.72107513530096,0
ddpg_paper_actor_history,historical_sp500_midquotes,MSFT,ddpg_auction_noop,516067115,18.58832465635533,18.587680859997302,0.2537314245458617,0.2537314245458795,0.0,99.74626857545414,0
ddpg_paper_actor_history,historical_sp500_midquotes,MSFT,ddpg_auction_noop,181677896,-34.25395181562271,-34.25650142443664,0.5049365122396523,0.5049365122396661,0.0,99.49506348776036,0
ddpg_paper_actor_history,historical_sp500_midquotes,MSFT,ddpg_auction_noop,1412098877,15.303782893315656,15.301499571683983,0.4778411484659699,0.4778411484659557,0.0,99.52215885153404,0
ddpg_paper_actor_history,historical_sp500_midquotes,MSFT,ddpg_auction_noop,592480532,18.47954382523312,18.47259313174693,0.8337081915269664,0.833708191526954,0.0,99.16629180847303,0
ddpg_paper_actor_history,historical_sp500_midquotes,MSFT,ddpg_auction_noop,1462116845,20.464829405029377,20.46407824691172,0.2740726395788755,0.2740726395788622,0.0,99.72592736042112,0
ddpg_paper_actor_history,historical_sp500_midquotes,MSFT,ddpg_auction_noop,1877161225,21.536284805933978,21.53107439757045,0.7218315844797871,0.7218315844797869,0.0,99.2781684155202,0
ddpg_paper_actor_history,historical_sp500_midquotes,MSFT,ddpg_auction_noop,1814894336,20.99730905445904,19.812595437088056,10.884455050074791,10.884455050074775,0.0,89.11554494992521,0
ddpg_paper_actor_history,historical_sp500_midquotes,MSFT,ddpg_auction_noop,917024862,18.71256719345911,18.706796307664955,0.7596634645783382,0.7596634645783293,0.0,99.24033653542166,0
ddpg_paper_actor_history,historical_sp500_midquotes,MSFT,ddpg_auction_noop,614922330,17.344942178291603,17.344774530115615,0.1294790237788987,0.129479023778908,0.0,99.8705209762211,0
ddpg_paper_actor_history,historical_sp500_midquotes,MSFT,ddpg_auction_noop,1801437930,-0.3102814359262993,-0.3173925986695443,0.8432771041149323,0.8432771041149505,0.0,99.15672289588508,0
ddpg_paper_actor_history,historical_sp500_midquotes,MSFT,ddpg_auction_noop,1380610365,28.324695742736367,28.324415345090543,0.1674507825658935,0.1674507825658509,0.0,99.8325492174341,0
ddpg_paper_actor_history,historical_sp500_midquotes,MSFT,ddpg_auction_noop,236614752,0.4484887353446538,0.4426882227898637,0.7616109607135257,0.7616109607135453,0.0,99.23838903928647,0
ddpg_paper_actor_history,historical_sp500_midquotes,MSFT,ddpg_auction_noop,834408283,5.2543822466395795,5.247359077188736,0.8380435221898779,0.8380435221898495,0.0,99.16195647781012,0
ddpg_paper_actor_history,historical_sp500_midquotes,MSFT,ddpg_auction_noop,2011776523,18.297795381742617,18.297462943612217,0.182328859591351,0.1823288595913386,0.0,99.81767114040863,0
ddpg_paper_actor_history,historical_sp500_midquotes,MSFT,ddpg_auction_noop,1226258546,2.194084268387087,2.1544244916304165,1.991476255361107,1.9914762553610936,0.0,98.0085237446389,0
ddpg_paper_actor_history,historical_sp500_midquotes,MSFT,ddpg_auction_noop,1616321187,18.95206288114241,18.94289699867809,0.9573861532484926,0.957386153248484,0.0,99.04261384675152,0
ddpg_paper_actor_history,historical_sp500_midquotes,MSFT,ddpg_auction_noop,1672306602,24.69940351862897,16.289797898090658,28.999320027439097,28.99932002743911,0.0,71.0006799725609,0
ddpg_paper_actor_history,historical_sp500_midquotes,MSFT,ddpg_auction_noop,1762600914,-29.781792780626347,-29.785692246469637,0.6244570316112998,0.6244570316113238,0.0,99.3755429683887,0
ddpg_paper_actor_history,historical_sp500_midquotes,MSFT,ddpg_auction_noop,994946334,10.217795007496534,10.20952798645148,0.9092316011365824,0.909231601136554,0.0,99.09076839886342,0
ddpg_paper_actor_history,historical_sp500_midquotes,MSFT,ddpg_auction_noop,909382858,14.946290230065642,14.939920830824931,0.7980851609140132,0.7980851609140274,0.0,99.201914839086,0
ddpg_paper_actor_history,historical_sp500_midquotes,MSFT,ddpg_auction_noop,26993609,19.30626273651069,19.30143705775634,0.6946710555615994,0.6946710555616065,0.0,99.3053289444384,0
ddpg_paper_actor_history,historical_sp500_midquotes,MSFT,ddpg_auction_noop,1773145257,19.73026003772793,19.72091232100998,0.9668359073777566,0.9668359073777592,0.0,99.03316409262224,0
ddpg_paper_actor_history,historical_sp500_midquotes,MSFT,ddpg_auction_noop,706407932,-0.209134277596604,-0.2146230018083305,0.7408592451826763,0.7408592451826763,0.0,99.25914075481732,0
ddpg_paper_actor_history,historical_sp500_midquotes,MSFT,ddpg_auction_noop,331383041,-19.067982603672135,-19.075822421823933,0.8854274759571723,0.8854274759571856,0.0,99.11457252404284,0
ddpg_paper_actor_history,historical_sp500_midquotes,MSFT,ddpg_auction_noop,279983631,19.365984868571104,19.362753745736576,0.5684296644729017,0.5684296644728786,0.0,99.4315703355271,0
ddpg_paper_actor_history,historical_sp500_midquotes,MSFT,ddpg_auction_noop,104944766,-17.92323569950713,-17.932797357917675,0.9778373285237052,0.977837328523667,0.0,99.0221626714763,0
ddpg_paper_actor_history,historical_sp500_midquotes,MSFT,ddpg_auction_noop,1398718536,19.258898110698283,19.258036390352412,0.2935507359672442,0.2935507359672122,0.0,99.70644926403276,0
ddpg_paper_actor_history,historical_sp500_midquotes,MSFT,ddpg_auction_noop,1382436732,-29.88465813176481,-29.884687689792575,0.0543672951039155,0.0543672951039155,0.0,99.94563270489608,0
ddpg_paper_actor_history,historical_sp500_midquotes,MSFT,ddpg_auction_noop,1822786061,4.166315644892165,4.157281221430007,0.950495842292753,0.9504958422927778,0.0,99.04950415770725,0
ddpg_paper_actor_history,historical_sp500_midquotes,MSFT,ddpg_auction_noop,879773370,15.24264136426791,15.240863260278651,0.4216757035042917,0.4216757035042682,0.0,99.57832429649572,0
ddpg_paper_actor_history,historical_sp500_midquotes,MSFT,ddpg_auction_noop,2043945046,5.208559193191832,5.205122934308228,0.5861961176605632,0.5861961176605672,0.0,99.41380388233944,0
ddpg_paper_actor_history,historical_sp500_midquotes,MSFT,ddpg_auction_noop,1458350865,25.432748692190216,25.432597233523495,0.123068544608401,0.1230685446084347,0.0,99.8769314553916,0
ddpg_paper_actor_history,historical_sp500_midquotes,MSFT,ddpg_auction_noop,1570091229,-0.7129768035702,-0.7131387310456426,0.1272507270873433,0.1272507270873593,0.0,99.87274927291266,0
ddpg_paper_actor_history,historical_sp500_midquotes,MSFT,ddpg_auction_noop,1963377882,16.849479228214477,16.849301795200944,0.1332039839994792,0.1332039839994649,0.0,99.86679601600052,0
ddpg_paper_actor_history,historical_sp500_midquotes,MSFT,ddpg_auction_noop,922385963,18.18496594486533,18.178443639569757,0.8076079058284904,0.8076079058285046,0.0,99.19239209417152,0
ddpg_paper_actor_history,historical_sp500_midquotes,MSFT,ddpg_auction_noop,1134397302,-17.580521187812337,-20.26237835873478,16.376376799898196,16.3763767998982,0.0,83.6236232001018,0
ddpg_paper_actor_history,historical_sp500_midquotes,MSFT,ddpg_auction_noop,1361953339,1.497714991455723,1.4967680768909175,0.3077197694015297,0.3077197694015297,0.0,99.69228023059848,0
ddpg_paper_actor_history,historical_sp500_midquotes,MSFT,ddpg_auction_noop,1031019006,-33.6268277704894,-33.63588771385003,0.9518373474828508,0.9518373474827984,0.0,99.04816265251716,0
ddpg_paper_actor_history,historical_sp500_midquotes,MSFT,ddpg_auction_noop,53419154,23.180249920167626,23.180175321710408,0.0863703984113755,0.0863703984113914,0.0,99.91362960158862,0
ddpg_paper_actor_history,historical_sp500_midquotes,MSFT,ddpg_auction_noop,1338190356,-31.990689712583844,-31.992585387303343,0.4353934679689644,0.4353934679689395,0.0,99.56460653203104,0
ddpg_paper_actor_history,historical_sp500_midquotes,MSFT,ddpg_auction_noop,250858187,20.770771584289832,20.76474439261512,0.7763499001552674,0.7763499001552434,0.0,99.22365009984472,0
ddpg_paper_actor_history,historical_sp500_midquotes,MSFT,ddpg_auction_noop,2129749168,17.215164870336594,17.208446816640347,0.819637340306528,0.8196373403065245,0.0,99.18036265969349,0
ddpg_paper_actor_history,historical_sp500_midquotes,MSFT,ddpg_auction_noop,2130738303,16.37972457025353,16.378058663781662,0.4081551753767058,0.4081551753767023,0.0,99.5918448246233,0
ddpg_paper_actor_history,historical_sp500_midquotes,MSFT,ddpg_auction_noop,1017956649,20.296888317070625,20.2961075070452,0.2794297810589654,0.2794297810589476,0.0,99.72057021894103,0
ddpg_paper_actor_history,historical_sp500_midquotes,MSFT,ddpg_auction_noop,1274680140,22.60341825774958,22.13243448471412,6.862825752089677,6.862825752089743,0.0,93.13717424791032,0
ddpg_paper_actor_history,historical_sp500_midquotes,MSFT,ddpg_auction_noop,1585408273,21.105530018430727,21.10549190035991,0.0617398338320356,0.0617398338320303,0.0,99.93826016616796,0
ddpg_paper_actor_history,historical_sp500_midquotes,MSFT,ddpg_auction_noop,1144086060,4.319109632395339,4.316453193567644,0.5154065218538193,0.5154065218538335,0.0,99.48459347814618,0
ddpg_paper_actor_history,historical_sp500_midquotes,MSFT,ddpg_auction_noop,410286162,8.324461472750045,8.322601572378645,0.4312656224879987,0.4312656224879916,0.0,99.568734377512,0
ddpg_paper_actor_history,historical_sp500_midquotes,MSFT,ddpg_auction_noop,373643122,15.951734847776606,15.944286104720211,0.863061009222065,0.863061009222073,0.0,99.13693899077794,0
ddpg_paper_actor_history,historical_sp500_midquotes,MSFT,ddpg_auction_noop,1500953274,17.44413456357688,17.444062393171983,0.0849531664504184,0.0849531664504059,0.0,99.91504683354958,0
ddpg_paper_actor_history,historical_sp500_midquotes,MSFT,ddpg_auction_noop,83988248,20.712162181060194,20.709527172640648,0.5133233308105645,0.5133233308105662,0.0,99.48667666918944,0
ddpg_paper_actor_history,historical_sp500_midquotes,MSFT,ddpg_auction_noop,1865270753,-28.663315929001328,-28.663550618180334,0.1531956849935767,0.1531956849935869,0.0,99.84680431500642,0
ddpg_paper_actor_history,historical_sp500_midquotes,MSFT,ddpg_auction_noop,2136924679,25.88116056979561,18.85102192261196,26.514408624715102,26.51440862471507,0.0,73.4855913752849,0
ddpg_paper_actor_history,historical_sp500_midquotes,MSFT,ddpg_auction_noop,675361705,18.463425142790584,18.453497886194896,0.9963561911127954,0.9963561911128124,0.0,99.0036438088872,0
ddpg_paper_actor_history,historical_sp500_midquotes,MSFT,ddpg_auction_noop,1787143916,20.818632057636933,20.81250939214865,0.7824746314277178,0.7824746314277404,0.0,99.21752536857228,0
ddpg_paper_actor_history,historical_sp500_midquotes,MSFT,ddpg_auction_noop,1157074811,-33.13355612725172,-33.26800628581419,3.6667445856299423,3.666744585629923,0.0,96.33325541437006,0
ddpg_paper_actor_history,historical_sp500_midquotes,MSFT,ddpg_auction_noop,346534653,18.515249388590743,18.51524214497945,0.0269139579021953,0.0269139579021935,0.0,99.9730860420978,0
ddpg_paper_actor_history,historical_sp500_midquotes,MSFT,ddpg_auction_noop,2029212888,20.891881653098608,20.891762481430657,0.1091657766671971,0.1091657766671834,0.0,99.8908342233328,0
ddpg_paper_actor_history,historical_sp500_midquotes,MSFT,ddpg_auction_noop,284833619,-26.91486388472549,-26.921820934149896,0.8340892892492917,0.8340892892492846,0.0,99.16591071075072,0
ddpg_paper_actor_history,historical_sp500_midquotes,MSFT,ddpg_auction_noop,963504523,16.06006155146315,16.05915889859221,0.300441819815461,0.3004418198154379,0.0,99.69955818018454,0
ddpg_paper_actor_history,historical_sp500_midquotes,MSFT,ddpg_auction_noop,1918322573,18.236004521804716,18.23599605924919,0.0290904718559374,0.0290904718559481,0.0,99.97090952814406,0
ddpg_paper_actor_history,historical_sp500_midquotes,MSFT,ddpg_auction_noop,344371083,22.43519986602587,22.435175202608704,0.0496622765926559,0.0496622765926564,0.0,99.95033772340734,0
ddpg_paper_actor_history,historical_sp500_midquotes,MSFT,ddpg_auction_noop,1588251919,5.358477172572748,5.357524873103607,0.308593497847994,0.3085934978480065,0.0,99.691406502152,0
ddpg_paper_actor_history,historical_sp500_midquotes,MSFT,ddpg_auction_noop,152900645,20.59245999364066,20.58879706405631,0.6052214127368245,0.6052214127368138,0.0,99.39477858726318,0
ddpg_paper_actor_history,historical_sp500_midquotes,MSFT,ddpg_auction_noop,1891103623,8.08180874394202,8.081765805951456,0.0655270864327661,0.065527086432783,0.0,99.93447291356723,0
ddpg_paper_actor_history,historical_sp500_midquotes,MSFT,ddpg_auction_noop,2085732003,4.565152303910509,-6.145235551375306,32.72672891580491,32.72672891580491,0.0,67.27327108419509,0
ddpg_paper_actor_history,historical_sp500_midquotes,MSFT,ddpg_auction_noop,266216506,20.336967091407132,20.334079662883717,0.53734798068065,0.5373479806806731,0.0,99.46265201931936,0
ddpg_paper_actor_history,historical_sp500_midquotes,MSFT,ddpg_auction_noop,1053758720,-29.336539917901973,-39.49159965410821,31.86700446575773,31.86700446575773,0.0,68.13299553424227,0
ddpg_paper_actor_history,historical_sp500_midquotes,MSFT,ddpg_auction_noop,938390068,21.1861474195739,21.185899515620218,0.1574496597900605,0.1574496597900401,0.0,99.84255034020994,0
ddpg_paper_actor_history,historical_sp500_midquotes,MSFT,ddpg_auction_noop,857959051,10.36142150156411,10.357279689843184,0.6435690888262116,0.6435690888262542,0.0,99.3564309111738,0
ddpg_paper_actor_history,historical_sp500_midquotes,MSFT,ddpg_auction_noop,719206609,17.245129505816294,17.236824803396253,0.9113014001986102,0.9113014001986136,0.0,99.0886985998014,0
ddpg_paper_actor_history,historical_sp500_midquotes,MSFT,ddpg_auction_noop,187237339,13.575689336244976,13.575656292770011,0.0574834541113773,0.0574834541113755,0.0,99.94251654588862,0
ddpg_paper_actor_history,historical_sp500_midquotes,MSFT,ddpg_auction_noop,1809838918,17.96630778583676,17.96570444172598,0.2456306395349514,0.2456306395349532,0.0,99.75436936046503,0
ddpg_paper_actor_history,historical_sp500_midquotes,MSFT,ddpg_auction_noop,892651515,13.798888857909333,13.798227908364678,0.2570893900290514,0.2570893900290283,0.0,99.74291060997096,0
ddpg_paper_actor_history,historical_sp500_midquotes,MSFT,ddpg_auction_noop,1886884439,-21.25252817110413,-21.259430235062204,0.8307866126794465,0.8307866126794519,0.0,99.16921338732055,0
td3_verified_history,historical_sp500_midquotes,MSFT,td3,1906509230,7.688065217294934,7.598061106525814,5.127568512037087,3.0000685120363464,2.127500000000733,94.87243148796291,0
td3_verified_history,historical_sp500_midquotes,MSFT,td3,1178422796,17.783784623867177,17.779586450802725,0.9604331033712584,0.6479331033718392,0.3124999999994315,99.03956689662874,0
td3_verified_history,historical_sp500_midquotes,MSFT,td3,1963502950,4.73827476162478,4.7355893853105675,0.4815592372761159,0.5182061669077375,-0.0366469296316117,99.51844076272388,0
td3_verified_history,historical_sp500_midquotes,MSFT,td3,1703319850,-27.471806919609666,-29.29491417449078,0.1672489048352901,13.502248904834774,-13.334999999999493,99.83275109516472,0
td3_verified_history,historical_sp500_midquotes,MSFT,td3,1313726939,26.18027219749808,26.179555259042893,0.2677570643679701,0.2677570643679772,0.0,99.73224293563204,2
td3_verified_history,historical_sp500_midquotes,MSFT,td3,1061055793,20.59602407172133,20.422800610146783,0.6471415298248218,-4.162012272621854,4.8091538024467075,99.35285847017518,0
td3_verified_history,historical_sp500_midquotes,MSFT,td3,1067007710,12.749967746399852,12.747279349870055,0.4059974956348924,0.5184974956348798,-0.1124999999999865,99.59400250436512,1
td3_verified_history,historical_sp500_midquotes,MSFT,td3,40720655,8.758126022416036,8.730157335484291,0.8049629126343802,-1.67238413445431,2.4773470470887102,99.19503708736562,0
td3_verified_history,historical_sp500_midquotes,MSFT,td3,1966159132,1.9477532684286416,1.8480031188229689,0.0933247079063903,3.158324707905644,-3.064999999999245,99.9066752920936,0
td3_verified_history,historical_sp500_midquotes,MSFT,td3,188577770,-35.922445559804224,-35.92284397944902,0.1996045201876342,0.1996045201876399,0.0,99.80039547981237,1
td3_verified_history,historical_sp500_midquotes,MSFT,td3,1402152033,15.646942699811916,15.467802757489933,0.5552526933579855,4.232492673614282,-3.6772399802562665,99.444747306642,0
td3_verified_history,historical_sp500_midquotes,MSFT,td3,2092728533,22.74345776496375,22.328902965692876,0.0460930083430213,6.438593008343313,-6.392500000000265,99.95390699165698,0
td3_verified_history,historical_sp500_midquotes,MSFT,td3,1437347273,1.7113794261604198,1.6937875026764553,0.723845486062288,1.3263454860617792,-0.602499999999516,99.27615451393773,0
td3_verified_history,historical_sp500_midquotes,MSFT,td3,1045146178,-23.130565461639808,-23.134935263203232,0.6610447460970903,0.6610447460970912,0.0,99.33895525390292,5
td3_verified_history,historical_sp500_midquotes,MSFT,td3,528283994,17.161702010484078,17.15401334080571,0.5131123801370734,0.8768505960747423,-0.3637382159376653,99.48688761986293,0
td3_verified_history,historical_sp500_midquotes,MSFT,td3,36265689,21.021070791251987,21.00335033832873,0.4521435673084824,-1.3311819155644846,1.7833254828729768,99.54785643269152,0
td3_verified_history,historical_sp500_midquotes,MSFT,td3,1193742096,-35.32387641151763,-35.32769239586729,0.6047634582884029,-0.6177365417116079,1.222500000000018,99.3952365417116,0
td3_verified_history,historical_sp500_midquotes,MSFT,td3,793249015,6.409157137799411,6.386439057421711,0.7329098402874337,1.507251816310064,-0.7743419760225958,99.26709015971257,0
td3_verified_history,historical_sp500_midquotes,MSFT,td3,1309854583,-29.36723334059934,-29.910996249843055,0.7405596390398301,-7.374028134227016,8.114587773266846,99.25944036096016,0
td3_verified_history,historical_sp500_midquotes,MSFT,td3,1144601564,22.93530437349,22.690122991568582,0.9590793634094013,4.951579363409374,-3.992499999999982,99.0409206365906,0
td3_verified_history,historical_sp500_midquotes,MSFT,td3,982973886,3.2647757419472327,0.4413066802114405,0.448181430121366,16.803181430121477,-16.35500000000012,99.55181856987863,0
td3_verified_history,historical_sp500_midquotes,MSFT,td3,715231342,21.61951011080765,21.567932985521924,0.9857642450398316,2.2710597809332005,-1.2852955358933775,99.01423575496015,1
td3_verified_history,historical_sp500_midquotes,MSFT,td3,2130732657,-33.58045740229293,-33.58519417403949,0.1457420901517849,0.6882420901517214,-0.5424999999999471,99.85425790984822,1
td3_verified_history,historical_sp500_midquotes,MSFT,td3,1234679122,12.084049616709308,12.061018645053712,0.4900958505355248,1.5175958505345264,-1.027499999999005,99.50990414946448,0
td3_verified_history,historical_sp500_midquotes,MSFT,td3,490149342,15.582615738563618,15.581298158828163,0.2062197823525622,0.3629848117284151,-0.1567650293758729,99.79378021764744,0
td3_verified_history,historical_sp500_midquotes,MSFT,td3,381953676,13.381858211141662,12.867256320880216,0.6163757948632593,7.1735757489654075,-6.557199954102166,99.38362420513674,0
td3_verified_history,historical_sp500_midquotes,MSFT,td3,478640128,24.65766198988691,19.67045448730137,22.04705656133251,22.332056561332507,-0.2850000000000072,77.95294343866749,3
td3_verified_history,historical_sp500_midquotes,MSFT,td3,951876364,-30.50987365995934,-30.51334298292414,0.7156737128345583,0.5890095894637056,0.1266641233708207,99.28432628716544,0
td3_verified_history,historical_sp500_midquotes,MSFT,td3,723990043,21.818986306627263,21.756612987712465,5.742465093145157,2.4974650931454487,3.2449999999997132,94.25753490685484,0
td3_verified_history,historical_sp500_midquotes,MSFT,td3,487116369,-27.352437116593514,-27.36083347816494,0.916316624940592,0.9163166249405794,0.0,99.0836833750594,1
td3_verified_history,historical_sp500_midquotes,MSFT,td3,1985429050,17.657657739436182,17.648146288557218,0.9752666752721098,0.9752666752721066,0.0,99.02473332472788,2
td3_verified_history,historical_sp500_midquotes,MSFT,td3,1628956857,7.69311247533733,7.681585257382678,0.664007319358177,-1.0736488231564123,1.7376561425145889,99.33599268064182,0
td3_verified_history,historical_sp500_midquotes,MSFT,td3,1189523478,11.199775345429313,11.197288423349573,0.4986904931657534,0.498690493165757,0.0,99.50130950683425,1
td3_verified_history,historical_sp500_midquotes,MSFT,td3,1296530916,-22.19680092503375,-22.843190505406177,8.179835697154687,8.0398356971547,0.1400000000000005,91.82016430284531,16
td3_verified_history,historical_sp500_midquotes,MSFT,td3,707561452,18.41433034632064,18.34227619876041,3.024290363582594,2.6842903635827033,0.3399999999998648,96.9757096364174,0
td3_verified_history,historical_sp500_midquotes,MSFT,td3,901155818,18.272591480661504,18.2026306435217,0.9201273759876756,2.6450110990277738,-1.7248837230401517,99.07987262401232,0
td3_verified_history,historical_sp500_midquotes,MSFT,td3,1820860524,-22.19784300909123,-25.723517532467017,17.396779343974316,18.77677960507548,-1.380000261101158,82.60322065602568,0
td3_verified_history,historical_sp500_midquotes,MSFT,td3,1044185241,-26.60626292439156,-28.609038828799267,0.5151838131344277,14.15194652479902,-13.636762711664586,99.48481618686556,0
td3_verified_history,historical_sp500_midquotes,MSFT,td3,591637826,7.038957326094533,6.849022516026885,0.5454684524983691,-4.358151099579361,4.903619552077711,99.45453154750165,0
td3_verified_history,historical_sp500_midquotes,MSFT,td3,27222720,-26.33778141900545,-26.337798401947783,0.0962103656055859,0.041210365605576,0.0549999999999997,99.9037896343944,9
td3_verified_history,historical_sp500_midquotes,MSFT,td3,64598572,20.743286841719964,20.179416590959132,0.8493933824122308,7.509129448616743,-6.659736066204529,99.15060661758775,0
td3_verified_history,historical_sp500_midquotes,MSFT,td3,824692580,18.379196105204755,18.323143374624692,0.4700457879420128,2.367545787942907,-1.897500000000864,99.529954212058,0
td3_verified_history,historical_sp500_midquotes,MSFT,td3,1292888439,19.93622773014613,19.436936003275004,0.8644217170927817,7.066057789681073,-6.201636072588317,99.13557828290722,0
td3_verified_history,historical_sp500_midquotes,MSFT,td3,1567077053,-22.633976625331343,-25.288292345015194,18.757070831185914,16.292070831186106,2.4649999999997902,81.24292916881409,0
td3_verified_history,historical_sp500_midquotes,MSFT,td3,1386223455,-33.33908707689807,-33.41253334713793,0.3954411683411365,-2.710097235153378,3.1055384034945113,99.60455883165886,0
td3_verified_history,historical_sp500_midquotes,MSFT,td3,2103330825,18.89547715247136,18.857340700043455,2.2303556635833814,1.9528556635835448,0.2774999999998151,97.76964433641662,0
td3_verified_history,historical_sp500_midquotes,MSFT,td3,1713764255,14.1337861789093,14.132729229238445,0.3251076238502435,0.3251076238502293,0.0,99.67489237614976,1
td3_verified_history,historical_sp500_midquotes,MSFT,td3,338169861,20.686829218355346,20.59994133347268,0.8823249011689285,-2.9476750988306115,3.829999999999547,99.11767509883109,0
td3_verified_history,historical_sp500_midquotes,MSFT,td3,460890984,-30.61950312455087,-30.619883363948755,0.1949972814894636,0.1949972814894964,0.0,99.80500271851054,2
td3_verified_history,historical_sp500_midquotes,MSFT,td3,1844393987,-24.765422845479407,-24.85387695870591,0.5058763773758272,-2.974123622624118,3.4799999999999827,99.49412362262416,0
td3_verified_history,historical_sp500_midquotes,MSFT,td3,1032412864,8.453438349315547,8.44730629079928,0.2706366432781379,0.7830746143419116,-0.5124379710637728,99.72936335672186,0
td3_verified_history,historical_sp500_midquotes,MSFT,td3,285977676,19.442327937571463,19.42137104171516,0.3448503235832731,-1.4476496764169529,1.7925000000002278,99.65514967641673,0
td3_verified_history,historical_sp500_midquotes,MSFT,td3,1194047159,-33.09589255516585,-33.17905034249506,0.2425702716560778,-2.8837091970102455,3.1262794686663287,99.75742972834392,0
td3_verified_history,historical_sp500_midquotes,MSFT,td3,410795716,14.367736654032342,14.282211325213993,0.1344713850260319,2.9244713850258357,-2.789999999999811,99.86552861497395,0
td3_verified_history,historical_sp500_midquotes,MSFT,td3,1688827796,16.845629713070593,16.600005934778483,0.9335445749825196,4.956044574982247,-4.022499999999731,99.06645542501748,0
td3_verified_history,historical_sp500_midquotes,MSFT,td3,1615174803,2.2454996854903584,2.1054104238010525,0.1453500062028041,3.742850006202571,-3.5974999999997728,99.8546499937972,0
td3_verified_history,historical_sp500_midquotes,MSFT,td3,573603312,4.986956198186817,4.966762096475226,0.7285595241438756,1.4210595241435726,-0.6924999999997006,99.27144047585612,0
td3_verified_history,historical_sp500_midquotes,MSFT,td3,1292648848,-25.121438736667187,-25.334563588622768,8.931123793140145,4.6165447247436155,4.314579068396538,91.06887620685984,0
td3_verified_history,historical_sp500_midquotes,MSFT,td3,504177273,24.32183812487904,24.316934977598955,0.7002247696336639,0.7002247696336905,0.0,99.29977523036634,3
td3_verified_history,historical_sp500_midquotes,MSFT,td3,2023171617,12.206489800351846,12.20504947170846,0.7825018392912853,-0.3795166193182282,1.1620184586094904,99.21749816070871,0
td3_verified_history,historical_sp500_midquotes,MSFT,td3,155866399,15.891178926149223,15.841147812559084,0.8032364096724507,-2.2367635903273104,3.0399999999997647,99.19676359032756,0
td3_verified_history,historical_sp500_midquotes,MSFT,td3,426465092,22.478916176416533,22.423015244951593,3.4961704049263034,2.3643377818099296,1.131832623116363,96.5038295950737,0
td3_verified_history,historical_sp500_midquotes,MSFT,td3,2075242093,19.538071811983173,19.53591937233935,0.6289439237476131,0.4639439237475695,0.1650000000000382,99.3710560762524,0
td3_verified_history,historical_sp500_midquotes,MSFT,td3,426948909,13.991545531768352,13.985363718319016,0.8086842974257991,0.7862450921522852,0.022439205273512,99.1913157025742,5
td3_verified_history,historical_sp500_midquotes,MSFT,td3,40870105,-33.64755093579879,-33.70601628043459,0.7404608068747791,2.4179608068742025,-1.677499999999437,99.25953919312522,0
td3_verified_history,historical_sp500_midquotes,MSFT,td3,1146798258,-36.022812599674175,-36.02526902563667,0.5253860719562482,0.4956234419888836,0.0297626299673754,99.47461392804377,5
td3_verified_history,historical_sp500_midquotes,MSFT,td3,2070376215,15.508955843466596,15.502015771576602,0.8330709387558386,0.8330709387558244,0.0,99.16692906124416,2
td3_verified_history,historical_sp500_midquotes,MSFT,td3,511062834,2.02945495462518,1.8860952745080144,0.2313546132396027,3.786286836957359,-3.554932223717752,99.7686453867604,0
td3_verified_history,historical_sp500_midquotes,MSFT,td3,1541412974,6.023466545175324,-4.880991608653929,33.3465413296873,33.02189902750787,0.3246423021794234,66.6534586703127,0
td3_verified_history,historical_sp500_midquotes,MSFT,td3,376403019,17.332260414936172,13.673301648475418,22.330904968686497,19.12840496868663,3.2024999999998975,77.6690950313135,0
td3_verified_history,historical_sp500_midquotes,MSFT,td3,1108559752,-25.55638591241825,-25.60523581302621,0.1590022748438997,2.2102013620472953,-2.0511990872033974,99.8409977251561,1
td3_verified_history,historical_sp500_midquotes,MSFT,td3,1393048108,-20.43150417589443,-20.434793065738788,0.5734884344396818,0.5734884344396676,0.0,99.42651156556032,5
td3_verified_history,historical_sp500_midquotes,MSFT,td3,2023564002,13.477954396783389,11.689692245438454,0.9877429985031227,-13.372591937784296,14.360334936287384,99.01225700149688,0
td3_verified_history,historical_sp500_midquotes,MSFT,td3,916344601,21.530543921215212,21.454351765539332,0.2415402386411074,-2.760292659771431,3.001832898412535,99.75845976135888,0
td3_verified_history,historical_sp500_midquotes,MSFT,td3,486149422,28.930343294896623,14.430794835403525,38.078272622971106,38.07827262297109,0.0,61.921727377028894,1
td3_verified_history,historical_sp500_midquotes,MSFT,td3,410404482,24.56889744798173,24.549677414559216,0.3696507447767061,-1.3863633514526228,1.7560140962293431,99.6303492552233,0
td3_verified_history,historical_sp500_midquotes,MSFT,td3,848518413,21.236149025831764,20.63737542255116,0.2280462862442078,7.738046286244397,-7.51000000000019,99.7719537137558,0
td3_verified_history,historical_sp500_midquotes,MSFT,td3,1216465325,-23.995118755976364,-24.073084483325232,0.3947343624575836,2.7922343624571795,-2.3974999999996243,99.60526563754242,0
td3_verified_history,historical_sp500_midquotes,MSFT,td3,1701726968,21.422234535613825,21.264240841643826,0.6498420593779883,3.97484205937794,-3.324999999999932,99.350157940622,0
td3_verified_history,historical_sp500_midquotes,MSFT,td3,1739537596,15.774091083842634,15.773728302515812,0.1904681933606582,0.1904681933606715,0.0,99.80953180663934,1
td3_verified_history,historical_sp500_midquotes,MSFT,td3,2050860255,10.479118592457397,10.0389291437177,6.634677450635394,6.6346774506353805,0.0,93.3653225493646,9
td3_verified_history,historical_sp500_midquotes,MSFT,td3,218238821,12.491632503424626,12.438735467235478,0.2364214863978873,-2.2999355684268026,2.536357054824658,99.76357851360213,0
td3_verified_history,historical_sp500_midquotes,MSFT,td3,128588240,15.63447281983099,14.49286504813048,0.3121046801025642,10.684604680101684,-10.372499999999118,99.68789531989744,0
td3_verified_history,historical_sp500_midquotes,MSFT,td3,1162542574,10.840861942828267,9.71288201551,0.7831399398449719,10.62063993984482,-9.83749999999986,99.21686006015504,0
td3_verified_history,historical_sp500_midquotes,MSFT,td3,1005643756,20.49323097438173,20.48611808222381,0.049120360814598,-0.8433796391850277,0.8924999999996253,99.9508796391854,0
td3_verified_history,historical_sp500_midquotes,MSFT,td3,711572297,2.707373649243891,1.3481598003740938,0.4781890845918184,11.658532707291243,-11.180343622699445,99.52181091540818,0
td3_verified_history,historical_sp500_midquotes,MSFT,td3,501043199,-30.858217733552344,-30.87445592010925,0.5182085672067416,-1.2742914327933514,1.7925000000000928,99.48179143279326,3
td3_verified_history,historical_sp500_midquotes,MSFT,td3,1291999351,24.07509933798411,17.261867480492164,26.102168219310727,26.102168219310716,0.0,73.89783178068927,1
td3_verified_history,historical_sp500_midquotes,MSFT,td3,102182588,-17.939455553818334,-18.107421387510698,1.0333634989151648,4.0983634989147255,-3.064999999999568,98.96663650108484,0
td3_verified_history,historical_sp500_midquotes,MSFT,td3,2119210718,18.45061351511559,18.44188880276541,0.9165616869450162,0.934061686944941,-0.0174999999999343,99.08343831305498,5
td3_verified_history,historical_sp500_midquotes,MSFT,td3,1109208492,21.25024006486819,21.23592998921366,0.51625271559206,-1.1962472844080525,1.7125000000001052,99.48374728440794,0
td3_verified_history,historical_sp500_midquotes,MSFT,td3,1274300456,-20.60507659934956,-20.70246288021872,0.9568002906546268,-3.1206775044717396,4.0774777951263665,99.04319970934536,0
td3_verified_history,historical_sp500_midquotes,MSFT,td3,1256771816,-31.70954335884779,-31.709590275635215,0.0684958301112601,0.0684958301112299,0.0,99.93150416988874,2
td3_verified_history,historical_sp500_midquotes,MSFT,td3,1077857574,4.860261420362804,4.6715368842364144,0.4470718117329397,4.344243733106939,-3.8971719213740186,99.55292818826706,0
td3_verified_history,historical_sp500_midquotes,MSFT,td3,1100698389,20.70431017874525,20.702616149483426,0.4115858673256838,0.4115858673256998,0.0,99.58841413267432,2
td3_verified_history,historical_sp500_midquotes,MSFT,td3,795778257,19.58288774686298,18.51014159325821,0.4119922890829741,10.357345961223706,-9.945353672140731,99.58800771091704,0
td3_verified_history,historical_sp500_midquotes,MSFT,td3,1548246893,19.07687051391076,18.529930132943843,0.363041771682191,7.3955417716819,-7.0324999999997075,99.6369582283178,0
td3_verified_history,historical_sp500_midquotes,MSFT,td3,633707972,16.601699667175126,16.56967234147012,0.630382004309098,-1.789617995690807,2.419999999999913,99.3696179956909,0
td3_verified_history,historical_sp500_midquotes,MSFT,td3,983296256,-23.599173139088087,-24.17939406481168,7.705468865084995,7.61722341620352,0.0882454488814748,92.294531134915,1
td3_verified_history,historical_sp500_midquotes,MSFT,td3,487951037,20.07274833786348,20.07234353124555,0.2011980660767847,0.2011980660767935,0.0,99.79880193392322,1
td3_verified_history,historical_sp500_midquotes,MSFT,td3,978154369,18.70812666065467,18.28269759121607,0.9263739138216208,6.522492387412954,-5.596118473591347,99.07362608617838,0
td3_verified_history,historical_sp500_midquotes,MSFT,td3,554788091,19.601141179580736,19.50616982442309,0.1842422857477004,3.081742285747654,-2.8974999999999547,99.8157577142523,0
td3_verified_history,historical_sp500_midquotes,MSFT,td3,2090199347,-22.9424526948751,-22.946779474145877,0.7872174165596988,-0.6577825834404336,1.4450000000001353,99.2127825834403,0
td3_verified_history,historical_sp500_midquotes,MSFT,td3,2069017976,5.110294169959409,5.1019382169696845,0.1412903254578168,0.9141090191943592,-0.7728186937365401,99.85870967454218,1
td3_verified_history,historical_sp500_midquotes,MSFT,td3,945043387,17.22462831617672,17.1900987628502,0.4260548189316608,1.8582129406103784,-1.4321581216787205,99.57394518106834,1
td3_verified_history,historical_sp500_midquotes,MSFT,td3,1939521563,21.45515348877052,21.313172869231487,0.4655315754917524,3.768031575491801,-3.3025000000000624,99.53446842450823,0
td3_verified_history,historical_sp500_midquotes,MSFT,td3,837962510,19.391877028794624,19.287147085529178,0.6809641691073693,3.236200600479637,-2.555236431372278,99.31903583089264,0
td3_verified_history,historical_sp500_midquotes,MSFT,td3,1294936529,-26.601493304156975,-26.652000045996125,2.604965201482642,-2.2473705043706023,4.852335705853233,97.39503479851736,0
td3_verified_history,historical_sp500_midquotes,MSFT,td3,1783232423,9.87518264593107,9.874649430624409,0.0945041061543463,0.2309145527376779,-0.1364104465833528,99.90549589384564,2
td3_verified_history,historical_sp500_midquotes,MSFT,td3,133555220,8.890578053496938,8.856700117260669,0.7755959968523172,1.84059599685182,-1.0649999999995252,99.22440400314768,0
td3_verified_history,historical_sp500_midquotes,MSFT,td3,727659984,-32.35878952277744,-32.474444478908865,0.4641919176256408,-3.4008080823743274,3.864999999999988,99.53580808237436,0
td3_verified_history,historical_sp500_midquotes,MSFT,td3,1045640949,29.478502688423585,29.192081054179468,5.351837387702602,5.351837387702629,0.0,94.6481626122974,1
td3_verified_history,historical_sp500_midquotes,MSFT,td3,1498406538,18.95879535344995,18.952639190771173,0.7946121767333238,0.78461217673334,0.009999999999998,99.20538782326668,1
td3_verified_history,historical_sp500_midquotes,MSFT,td3,894023265,4.764485248724668,4.755767062459254,0.5126759185186955,-0.9337122825267784,1.4463882010454412,99.4873240814813,0
td3_verified_history,historical_sp500_midquotes,MSFT,td3,1456034043,15.363498085841028,15.362657744816367,0.2898863612967091,0.2898863612967144,0.0,99.71011363870328,3
td3_verified_history,historical_sp500_midquotes,MSFT,td3,2145465691,11.137076544921,10.937894659839136,0.3054797790474026,4.462979779047453,-4.1575000000000415,99.6945202209526,0
td3_verified_history,historical_sp500_midquotes,MSFT,td3,1645332470,-29.201111550345495,-29.20349265981489,0.5104661329844475,0.4879661329844293,0.0225000000000008,99.48953386701557,4
td3_verified_history,historical_sp500_midquotes,MSFT,td3,1703360263,6.416575223260224,6.405152418207763,0.6914896312546546,-1.0687752360745446,1.7602648673291814,99.30851036874536,0
td3_verified_history,historical_sp500_midquotes,MSFT,td3,1254093673,17.77924585004257,17.62955220149602,0.9123982008338204,-3.8690263445284625,4.781424545362273,99.08760179916618,0
td3_verified_history,historical_sp500_midquotes,MSFT,td3,679604879,19.322358499242387,19.318342992025595,0.6336802992671551,0.6336802992671311,0.0,99.36631970073284,2
td3_verified_history,historical_sp500_midquotes,MSFT,td3,1800514979,21.4468115397558,21.1597561242109,0.1277552719863024,5.3577552719856225,-5.229999999999325,99.8722447280137,0
td3_verified_history,historical_sp500_midquotes,MSFT,td3,1009107304,10.446635828402576,9.668903488537762,0.9226222983531188,-8.818913424367064,9.741535722720194,99.07737770164688,0
td3_verified_history,historical_sp500_midquotes,MSFT,td3,1459119855,18.199500034668745,17.991604442886636,0.7422913886267537,4.559556905907719,-3.8172655172809713,99.25770861137325,0
td3_verified_history,historical_sp500_midquotes,MSFT,td3,2082327116,15.170166810990894,15.144789209890154,0.3481027000098748,1.5930348740922071,-1.244932174082328,99.65189729999013,1
td3_verified_history,historical_sp500_midquotes,MSFT,td3,1795215048,10.31073878152165,10.310724459753418,0.8663465078445114,-0.037844112132769,0.9041906199772788,99.13365349215547,0
td3_verified_history,historical_sp500_midquotes,MSFT,td3,1559844699,19.33064530249976,19.31617703364986,0.0221588280282674,-1.20284117197162,1.2249999999999304,99.97784117197172,0
td3_verified_history,historical_sp500_midquotes,MSFT,td3,1337581818,17.47304769107951,17.321303061560094,0.3961211100109523,3.8954413038758338,-3.4993201938648957,99.60387888998903,3
td3_verified_history,historical_sp500_midquotes,MSFT,td3,1567278356,15.341118200338329,15.34111097299475,0.0443837191984215,0.0268837191984143,0.0174999999999982,99.95561628080158,6
td3_verified_history,historical_sp500_midquotes,MSFT,td3,1391644635,17.40179069623082,17.36342766519863,0.69093767303589,-1.9586482847155249,2.6495859577514085,99.30906232696412,0
td3_verified_history,historical_sp500_midquotes,MSFT,td3,1226640195,22.14414043904617,20.50708629118991,0.4480745107606623,12.79474168499019,-12.346667174229502,99.55192548923934,0
td3_verified_history,historical_sp500_midquotes,MSFT,td3,573081701,20.5205328960474,12.51951092313784,32.142012955258636,28.286077799704856,3.855935155553787,67.85798704474136,2
td3_verified_history,historical_sp500_midquotes,MSFT,td3,856702353,17.503409409269807,16.280282590704406,0.334506402029973,11.05950640202989,-10.724999999999888,99.66549359797004,0
td3_verified_history,historical_sp500_midquotes,MSFT,td3,969233424,13.9878638209193,13.964218982644113,0.0423121813841049,-1.5376878186156255,1.5799999999997318,99.9576878186159,0
td3_verified_history,historical_sp500_midquotes,MSFT,td3,2038887002,0.4330499615425651,-0.3690969586409407,0.440260168625386,8.956265517410177,-8.516005348784807,99.5597398313746,0
td3_verified_history,historical_sp500_midquotes,MSFT,td3,748193112,-29.20885559881001,-29.214320215847952,0.7392304808341379,0.7392304808341095,0.0,99.26076951916586,1
td3_verified_history,historical_sp500_midquotes,MSFT,td3,1403188372,-25.09497438062317,-25.16071768049955,0.9537632186988104,2.564045629008512,-1.6102824103096942,99.0462367813012,0
td3_verified_history,historical_sp500_midquotes,MSFT,td3,688156671,4.161780551744348,-10.1756716937797,37.86482833121526,37.8648283312153,0.0,62.13517166878474,1
td3_verified_history,historical_sp500_midquotes,MSFT,td3,1293707997,17.014970361924497,17.007815090889114,0.8008883516979637,0.8458883516979405,-0.044999999999959,99.19911164830204,0
td3_verified_history,historical_sp500_midquotes,MSFT,td3,1017816127,20.857100817233004,20.82597817444959,4.44601154651167,-1.764161069273758,6.2101726157854085,95.55398845348832,0
td3_verified_history,historical_sp500_midquotes,MSFT,td3,928547401,15.953679180812818,15.862584216383778,0.9156942354502462,3.018194235450049,-2.102499999999818,99.08430576454975,1
td3_verified_history,historical_sp500_midquotes,MSFT,td3,804851501,4.72691515531551,4.478422673901444,0.8280997580347957,4.984902019238348,-4.156802261203526,99.1719002419652,0
td3_verified_history,historical_sp500_midquotes,MSFT,td3,1120019183,9.193288131960434,9.151441213012276,0.975651948601211,2.045651948601237,-1.0700000000000145,99.0243480513988,1
td3_verified_history,historical_sp500_midquotes,MSFT,td3,1119490863,-27.288319559346697,-27.28848037554551,0.1268133269071683,0.1268133269071931,0.0,99.87318667309285,4
td3_verified_history,historical_sp500_midquotes,MSFT,td3,783363503,13.0553482421019,11.119596837205592,0.8389690853282161,13.913128350217672,-13.07415926488944,99.16103091467178,0
td3_verified_history,historical_sp500_midquotes,MSFT,td3,205944131,21.90079143890034,21.648642590819566,0.9105722714987224,5.021442502715491,-4.110870231216782,99.08942772850128,0
td3_verified_history,historical_sp500_midquotes,MSFT,td3,446079182,11.112308990414473,11.105942367336072,0.7979112155120305,0.797911215512038,0.0,99.20208878448796,1
td3_verified_history,historical_sp500_midquotes,MSFT,td3,2128949063,17.133748539275985,17.03296385869599,0.9278396940779174,-3.174660305922453,4.102500000000347,99.07216030592208,0
td3_verified_history,historical_sp500_midquotes,MSFT,td3,708828196,17.835197875801896,17.273899417299216,0.2528290197467555,7.491985441140955,-7.239156421394187,99.74717098025324,0
td3_verified_history,historical_sp500_midquotes,MSFT,td3,907135295,15.534199628338683,15.478770378969754,0.4893417205016845,2.3543417205012616,-1.8649999999995472,99.51065827949832,0
td3_verified_history,historical_sp500_midquotes,MSFT,td3,1179243183,5.1297691851996206,4.977475063129561,0.2266812317069337,3.902487950911055,-3.6758067192041337,99.77331876829308,0
td3_verified_history,historical_sp500_midquotes,MSFT,td3,1200595667,0.9698752420008968,0.9656017828507596,0.6537169991775613,0.6537169991775578,0.0,99.34628300082244,1
td3_verified_history,historical_sp500_midquotes,MSFT,td3,1138669996,-28.12591662802151,-28.197623013480012,0.628905637278649,-2.677804799803332,3.306710437081981,99.37109436272137,0
td3_verified_history,historical_sp500_midquotes,MSFT,td3,299092708,18.073094384253636,18.065476334593416,0.9102671521598324,-0.8728143937985784,1.783081545958434,99.08973284784015,0
td3_verified_history,historical_sp500_midquotes,MSFT,td3,1606240066,18.06177798479621,17.007598030387168,10.722326596583088,10.267326596583167,0.4549999999999343,89.27767340341691,0
td3_verified_history,historical_sp500_midquotes,MSFT,td3,1592479411,6.36359515373988,5.4113314383491895,9.735900050165498,9.758400050165449,-0.022499999999944,90.2640999498345,0
td3_verified_history,historical_sp500_midquotes,MSFT,td3,1232823009,9.859288994270171,9.823706507133048,0.3961550662292978,1.8863320793838263,-1.4901770131545249,99.6038449337707,0
td3_verified_history,historical_sp500_midquotes,MSFT,td3,1380936168,17.32020647862555,17.24373238552289,0.7496050353946373,-2.7653949646055938,3.5150000000002315,99.25039496460536,0
td3_verified_history,historical_sp500_midquotes,MSFT,td3,1485723813,4.098769413225295,4.084001813157877,0.6002201474391882,1.2152201474390685,-0.6149999999998883,99.3997798525608,1
td3_verified_history,historical_sp500_midquotes,MSFT,td3,1476988550,18.716688116015575,18.71662269706936,0.6016180204141364,-0.0808819795859507,0.6825000000001111,99.39838197958586,0
td3_verified_history,historical_sp500_midquotes,MSFT,td3,426644302,21.32239577547807,21.30781542225619,0.8975086657918041,-1.2074913342081426,2.1049999999999613,99.1024913342082,0
td3_verified_history,historical_sp500_midquotes,MSFT,td3,1492118510,26.73652674920595,14.04812842568231,31.293278098637582,35.62077809863737,-4.327499999999798,68.70672190136241,0
td3_verified_history,historical_sp500_midquotes,MSFT,td3,1871437067,-23.767720376215948,-23.78904501156529,0.441187415833113,1.4602957011968356,-1.0191082853637163,99.55881258416689,0
td3_verified_history,historical_sp500_midquotes,MSFT,td3,1821522104,-28.422320712759728,-28.529601874890187,0.821979785089809,3.275380315787151,-2.4534005306973117,99.1780202149102,1
td3_verified_history,historical_sp500_midquotes,MSFT,td3,1233002065,24.805937607883607,24.737242922930925,0.840967091603062,2.620967091603408,-1.7800000000003706,99.15903290839694,0
td3_verified_history,historical_sp500_midquotes,MSFT,td3,1249666141,-35.69739596156796,-35.72350217654703,0.7343109810401671,1.6157417794642683,-0.8814307984241261,99.26568901895985,0
td3_verified_history,historical_sp500_midquotes,MSFT,td3,1377485117,-29.03365924143848,-29.033786062544007,0.1126148771383981,0.1126148771383963,0.0,99.8873851228616,2
td3_verified_history,historical_sp500_midquotes,MSFT,td3,1667673182,10.725713786905544,10.700550748343968,0.5937861835618321,1.5862861835613584,-0.9924999999995164,99.40621381643815,0
td3_verified_history,historical_sp500_midquotes,MSFT,td3,257835634,20.540523462133933,20.54004927631418,2.4252580813088542,0.2177580813088928,2.2074999999999534,97.57474191869116,0
td3_verified_history,historical_sp500_midquotes,MSFT,td3,1475908961,-28.33210517639859,-28.413782203167084,0.6033699315481442,2.8579192915213203,-2.254549359973192,99.39663006845186,1
td3_verified_history,historical_sp500_midquotes,MSFT,td3,847186143,14.803119150965358,14.504932036126966,0.6556511959514353,5.460651195950824,-4.804999999999428,99.34434880404856,0
td3_verified_history,historical_sp500_midquotes,MSFT,td3,454152926,19.696462349567447,19.695998749205614,0.0478138086217967,0.2153138086218051,-0.1675000000000039,99.9521861913782,1
td3_verified_history,historical_sp500_midquotes,MSFT,td3,745543570,14.423533094242927,14.4188067337881,0.6874853056487922,0.6874853056487922,0.0,99.3125146943512,1
td3_verified_history,historical_sp500_midquotes,MSFT,td3,2040040035,20.17933810860995,20.11292770169406,5.594521670764095,2.5770216707644824,3.0174999999996466,94.4054783292359,0
td3_verified_history,historical_sp500_midquotes,MSFT,td3,857589213,-20.760829391325387,-21.538538642469867,0.8212825188315946,8.81878251883149,-7.997499999999899,99.1787174811684,0
td3_verified_history,historical_sp500_midquotes,MSFT,td3,447631993,13.591197649164314,13.430590380097987,0.6818388116631269,4.007583674314562,-3.3257448626514345,99.31816118833687,0
td3_verified_history,historical_sp500_midquotes,MSFT,td3,1053736358,4.736381658334722,4.003975681107032,0.833097385134252,8.558072079783448,-7.724974694649195,99.16690261486576,0
td3_verified_history,historical_sp500_midquotes,MSFT,td3,1123074415,-15.262141930136,-15.263834968993072,0.4114655340454902,0.4114655340454858,0.0,99.58853446595452,1
td3_verified_history,historical_sp500_midquotes,MSFT,td3,896949228,1.8732028373178764,1.7884525825211626,0.4312679909216825,-2.91118970176651,3.342457692688214,99.56873200907832,0
td3_verified_history,historical_sp500_midquotes,MSFT,td3,532798302,-33.489962459168936,-33.59350287336187,0.5552696342797816,3.217769634279886,-2.6625000000000973,99.44473036572022,1
td3_verified_history,historical_sp500_midquotes,MSFT,td3,1798006985,-31.81646580824563,-31.816467580292063,0.9212853875903732,0.0133118234382469,0.9079735641521324,99.07871461240964,17
td3_verified_history,historical_sp500_midquotes,MSFT,td3,1380983522,11.26520426456409,11.049581574259474,6.5710190352214255,4.643519035221208,1.927500000000208,93.42898096477856,0
td3_verified_history,historical_sp500_midquotes,MSFT,td3,516067115,17.931144849205083,17.92901460002673,0.461546225025728,0.4615462250257316,0.0,99.53845377497429,2
td3_verified_history,historical_sp500_midquotes,MSFT,td3,181677896,-30.061238669193656,-30.063533222017536,0.4790149083149657,0.4790149083149735,0.0,99.52098509168503,1
td3_verified_history,historical_sp500_midquotes,MSFT,td3,1412098877,14.573845441313097,14.572322115907472,0.6818672923038207,-0.3902980150634588,1.0721653073672393,99.31813270769618,0
td3_verified_history,historical_sp500_midquotes,MSFT,td3,592480532,19.08314110062929,18.09907108433007,0.6393111153131912,9.920030324042449,-9.28071920872928,99.3606888846868,0
td3_verified_history,historical_sp500_midquotes,MSFT,td3,1462116845,20.126753722932335,20.126511025878656,0.2649471112505352,0.1557873722992434,0.1091597389512634,99.73505288874946,0
td3_verified_history,historical_sp500_midquotes,MSFT,td3,1877161225,21.10073573221962,21.096452031397355,0.7768072064931886,0.6544998718307631,0.122307334662429,99.2231927935068,0
td3_verified_history,historical_sp500_midquotes,MSFT,td3,1814894336,21.785803089393085,21.78229837430368,0.7104936580233812,-0.5920063419767051,1.30250000000008,99.28950634197662,0
td3_verified_history,historical_sp500_midquotes,MSFT,td3,917024862,18.451286228395475,18.442677681394585,0.4599769685586636,0.9278225585147296,-0.4678455899560765,99.54002303144134,0
td3_verified_history,historical_sp500_midquotes,MSFT,td3,614922330,16.290226618644127,16.28835560662672,0.432551964208514,0.4325519642085282,0.0,99.56744803579149,12
td3_verified_history,historical_sp500_midquotes,MSFT,td3,1801437930,-0.3185122795657662,-0.8284553249265141,0.7824331296644402,7.14102965517402,-6.358596525509597,99.21756687033556,0
td3_verified_history,historical_sp500_midquotes,MSFT,td3,1380610365,27.83364002382428,27.832242303192643,0.3738610211880484,0.3738610211880093,0.0,99.62613897881197,1
td3_verified_history,historical_sp500_midquotes,MSFT,td3,236614752,3.5786278680188843,2.7119518404205234,0.6862047035064052,9.309543638645028,-8.623338935138618,99.3137952964936,0
td3_verified_history,historical_sp500_midquotes,MSFT,td3,834408283,6.243643893806948,5.908453803535588,0.2896753487369921,-5.7895603483456295,6.079235697082597,99.710324651263,1
td3_verified_history,historical_sp500_midquotes,MSFT,td3,2011776523,18.134891560199,18.12951192228813,0.7134601496244244,0.7334601496244275,-0.0199999999999995,99.28653985037558,2
td3_verified_history,historical_sp500_midquotes,MSFT,td3,1226258546,3.1598912567314983,2.017081567217787,6.169918523669637,10.690227731501846,-4.520309207832218,93.83008147633036,0
td3_verified_history,historical_sp500_midquotes,MSFT,td3,1616321187,23.587718589156793,22.978467234844427,0.6129554915920039,7.805455491592823,-7.192500000000827,99.387044508408,0
td3_verified_history,historical_sp500_midquotes,MSFT,td3,1672306602,24.451918791186472,16.795899452342248,26.267329263973608,27.66951271497968,-1.402183451006046,73.73267073602639,0
td3_verified_history,historical_sp500_midquotes,MSFT,td3,1762600914,-28.62831214157726,-28.630016766044815,0.4128709807619373,0.4128709807619533,0.0,99.58712901923806,2
td3_verified_history,historical_sp500_midquotes,MSFT,td3,994946334,9.168043204947026,8.590952098765788,0.6866512765909079,7.59665127659048,-6.909999999999592,99.31334872340908,0
td3_verified_history,historical_sp500_midquotes,MSFT,td3,909382858,14.594491891137542,14.594341853271589,0.0138659814295323,0.1224899448742223,-0.1086239634446722,99.98613401857048,1
td3_verified_history,historical_sp500_midquotes,MSFT,td3,26993609,17.45323358208651,17.448453747616874,0.6913634695033437,0.6913634695033473,0.0,99.30863653049666,1
td3_verified_history,historical_sp500_midquotes,MSFT,td3,1773145257,18.686602616802706,18.101646758024593,0.1454163531090984,7.648240704751065,-7.502824351641953,99.8545836468909,0
td3_verified_history,historical_sp500_midquotes,MSFT,td3,706407932,1.185863837485158,0.3956086054906562,0.8071300935108354,8.88963009351065,-8.082499999999804,99.19286990648916,0
td3_verified_history,historical_sp500_midquotes,MSFT,td3,331383041,-17.853765691026638,-17.864243473705717,0.6638895917352414,-1.023610408264746,1.6874999999999858,99.33611040826476,0
td3_verified_history,historical_sp500_midquotes,MSFT,td3,279983631,21.451899095507542,21.090654813955595,0.7803600686815884,6.01036006868097,-5.2299999999993965,99.2196399313184,0
td3_verified_history,historical_sp500_midquotes,MSFT,td3,104944766,-14.749694175516373,-14.75240841941165,0.5209840588040322,0.5209840588040171,0.0,99.47901594119595,1
td3_verified_history,historical_sp500_midquotes,MSFT,td3,1398718536,19.03526142456601,19.033137000124757,0.4388042074220379,0.4609147905257325,-0.0221105831037176,99.56119579257796,1
td3_verified_history,historical_sp500_midquotes,MSFT,td3,1382436732,-27.114922194978135,-27.643420667334816,0.5672900406868422,7.269790040686738,-6.702499999999912,99.43270995931316,0
td3_verified_history,historical_sp500_midquotes,MSFT,td3,1822786061,3.784453308568118,3.7838834413323457,0.870355840349049,-0.2387189216991447,1.1090747620482222,99.12964415965097,0
td3_verified_history,historical_sp500_midquotes,MSFT,td3,879773370,12.56759809544019,12.491290440759768,0.7626159810694304,-2.7623840189304225,3.524999999999867,99.23738401893056,0
td3_verified_history,historical_sp500_midquotes,MSFT,td3,2043945046,4.140199787660094,3.994385646299299,2.1460617889570983,3.818561788956618,-1.6724999999995165,97.8539382110429,0
td3_verified_history,historical_sp500_midquotes,MSFT,td3,1458350865,22.589641649637997,22.34203827215258,0.9984760598848368,4.975976059884324,-3.977499999999488,99.00152394011516,0
td3_verified_history,historical_sp500_midquotes,MSFT,td3,1570091229,-0.6943908151406504,-1.0824194715288853,0.58830537799507,-6.2291946220056005,6.817500000000646,99.41169462200492,0
td3_verified_history,historical_sp500_midquotes,MSFT,td3,1963377882,16.7618903272014,16.759278380360232,0.2841110157681044,0.5110720928758963,-0.2269610771077883,99.7158889842319,0
td3_verified_history,historical_sp500_midquotes,MSFT,td3,922385963,16.72040076776466,16.676646555934543,0.8417507459093798,2.0917507459091778,-1.249999999999769,99.15824925409062,0
td3_verified_history,historical_sp500_midquotes,MSFT,td3,1134397302,-16.29732519092613,-19.395883374693724,21.949972691976356,17.60272190250018,4.347250789476193,78.05002730802364,0
td3_verified_history,historical_sp500_midquotes,MSFT,td3,1361953339,2.781276799558327,0.1170964242570518,0.3647194682325789,16.322317161791936,-15.95759769355938,99.63528053176742,0
td3_verified_history,historical_sp500_midquotes,MSFT,td3,1031019006,-33.242946148306146,-33.40985978746389,0.6408669357468568,4.085506567829068,-3.4446396320822488,99.35913306425314,0
td3_verified_history,historical_sp500_midquotes,MSFT,td3,53419154,23.05894079763675,23.019208785148884,0.5032890529943614,1.993289052994232,-1.4899999999998457,99.49671094700564,0
td3_verified_history,historical_sp500_midquotes,MSFT,td3,1338190356,-30.331310808609487,-30.337455308671743,0.2138686154106039,0.7838686154107002,-0.5700000000001069,99.7861313845894,0
td3_verified_history,historical_sp500_midquotes,MSFT,td3,250858187,20.707759776265448,19.47102496384475,0.675857936421437,11.12085793642153,-10.445000000000103,99.32414206357856,0
td3_verified_history,historical_sp500_midquotes,MSFT,td3,2129749168,17.019550993654775,16.943997474965784,0.3837999674575201,-2.7487000325425237,3.132500000000043,99.61620003254248,0
td3_verified_history,historical_sp500_midquotes,MSFT,td3,2130738303,17.22336807998363,16.860707842652243,0.9971278409825716,6.022127840982674,-5.0250000000000945,99.00287215901744,0
td3_verified_history,historical_sp500_midquotes,MSFT,td3,1017956649,20.22357330138584,20.196043192278076,0.0586249893519124,-1.659219970581496,1.7178449599333836,99.94137501064807,0
td3_verified_history,historical_sp500_midquotes,MSFT,td3,1274680140,22.637673842633376,22.612102634270876,2.596600008207531,1.599100008207777,0.9974999999998246,97.40339999179248,0
td3_verified_history,historical_sp500_midquotes,MSFT,td3,1585408273,19.19559236423629,19.19292762779764,0.1737891478618962,-0.5162108521380357,0.6899999999999444,99.8262108521381,0
td3_verified_history,historical_sp500_midquotes,MSFT,td3,1144086060,3.015193156783426,2.9507464434413113,0.9388642769766448,-2.538635723023571,3.47750000000023,99.06113572302336,0
td3_verified_history,historical_sp500_midquotes,MSFT,td3,410286162,7.991766225568426,7.975838473329212,0.7220519893901098,1.2620519893892848,-0.5399999999991643,99.27794801060988,0
td3_verified_history,historical_sp500_midquotes,MSFT,td3,373643122,12.78161511802682,12.390634257101633,0.8161818606803735,6.252846239315262,-5.436664378634887,99.18381813931964,0
td3_verified_history,historical_sp500_midquotes,MSFT,td3,1500953274,16.160465308210405,15.911424638041476,0.5211202253268112,4.990397480851886,-4.469277255525107,99.4788797746732,0
td3_verified_history,historical_sp500_midquotes,MSFT,td3,83988248,20.13418270614966,20.12802229541372,0.8893092812864722,-0.7848828406799986,1.6741921219664655,99.11069071871351,0
td3_verified_history,historical_sp500_midquotes,MSFT,td3,1865270753,-27.26584202445092,-27.29487857088601,0.4840113390200713,1.7040113390200844,-1.2200000000000235,99.51598866097991,1
td3_verified_history,historical_sp500_midquotes,MSFT,td3,2136924679,24.834768086755503,20.142255192210484,20.13970878522089,21.662208785220905,-1.5225000000000293,79.86029121477911,0
td3_verified_history,historical_sp500_midquotes,MSFT,td3,675361705,16.48355622215422,16.46236914194114,0.1662796651719986,1.455578242935865,-1.2892985777638593,99.833720334828,0
td3_verified_history,historical_sp500_midquotes,MSFT,td3,1787143916,22.102691625537773,22.065766995549673,0.9273325743496345,-1.921578257269264,2.848910831618907,99.07266742565037,0
td3_verified_history,historical_sp500_midquotes,MSFT,td3,1157074811,-33.98700756150231,-33.99178699211643,1.112817179663736,0.6913342617085267,0.4214829179552382,98.88718282033626,1
td3_verified_history,historical_sp500_midquotes,MSFT,td3,346534653,17.412277853902197,17.300136759848403,0.1087525617207774,-3.3487474382788847,3.4574999999996443,99.89124743827922,0
td3_verified_history,historical_sp500_midquotes,MSFT,td3,2029212888,20.736772598575044,20.41923262929549,0.9415905755104887,5.635068493634799,-4.6934779181243105,99.05840942448953,0
td3_verified_history,historical_sp500_midquotes,MSFT,td3,284833619,-26.369918587939537,-26.376426428652085,0.1859851982565743,-0.8067118886285722,0.9926970868851146,99.81401480174344,0
td3_verified_history,historical_sp500_midquotes,MSFT,td3,963504523,16.311865917212344,16.112839989956477,0.5237321981245486,4.4612321981249625,-3.9375000000004263,99.47626780187544,0
td3_verified_history,historical_sp500_midquotes,MSFT,td3,1918322573,17.451216413568545,16.810874326234607,0.0896377602115592,8.002137760210935,-7.912499999999358,99.91036223978844,0
td3_verified_history,historical_sp500_midquotes,MSFT,td3,344371083,23.6574683062463,23.31061454932268,0.8019291482586226,5.8894291482589525,-5.087500000000325,99.19807085174138,0
td3_verified_history,historical_sp500_midquotes,MSFT,td3,1588251919,6.840857398663502,4.162645455876939,0.68152313113508,16.365243483634952,-15.68372035249988,99.31847686886492,0
td3_verified_history,historical_sp500_midquotes,MSFT,td3,152900645,20.34079096260757,20.31975451674378,0.1964545089503673,-1.4503946312569798,1.6468491402073329,99.80354549104965,0
td3_verified_history,historical_sp500_midquotes,MSFT,td3,1891103623,7.31984042316617,6.351816053547261,0.2997182956865742,9.838822945957045,-9.539104650270458,99.70028170431344,0
td3_verified_history,historical_sp500_midquotes,MSFT,td3,2085732003,4.34027507031351,-4.609253985077265,32.72672891580491,29.915763495840743,2.81096541996417,67.27327108419509,0
td3_verified_history,historical_sp500_midquotes,MSFT,td3,266216506,19.86387315506545,19.77996624681156,0.9162551703226284,2.896668918842662,-1.980413748520012,99.08374482967736,0
td3_verified_history,historical_sp500_midquotes,MSFT,td3,1053758720,-29.652285941285868,-38.42398690232408,29.617057519338772,29.617057519338772,0.0,70.38294248066123,1
td3_verified_history,historical_sp500_midquotes,MSFT,td3,938390068,21.04487353919231,21.04119060760145,0.6518716166422109,0.6068716166421741,0.0450000000000017,99.3481283833578,7
td3_verified_history,historical_sp500_midquotes,MSFT,td3,857959051,8.311671110388488,6.026978198801661,0.8536747294614173,-15.115200665511612,15.968875394973065,99.14632527053858,0
td3_verified_history,historical_sp500_midquotes,MSFT,td3,719206609,16.113788078739162,16.106290256645625,0.2633996531664024,0.8658996531663927,-0.6024999999999707,99.7366003468336,0
td3_verified_history,historical_sp500_midquotes,MSFT,td3,187237339,13.127650795251611,13.119218461157628,0.4832774141827087,0.9182774141828888,-0.4350000000002012,99.51672258581728,0
td3_verified_history,historical_sp500_midquotes,MSFT,td3,1809838918,14.93060468060129,14.923933961234209,0.8267447194247524,0.8167447194247632,0.0100000000000015,99.17325528057523,18
td3_verified_history,historical_sp500_midquotes,MSFT,td3,892651515,10.300225610904818,10.180275930779484,0.8791154084644006,-3.4633752341514037,4.342490642615772,99.1208845915356,0
td3_verified_history,historical_sp500_midquotes,MSFT,td3,1886884439,-20.76334757184486,-20.80083365562475,0.7486454801004214,-1.9361323245038924,2.684777804604309,99.25135451989958,0
td3_verified_history,historical_sp500_midquotes,MSFT,td3_auction_noop,1906509230,7.581690217295545,7.318770628839204,5.127568512037087,5.1275685120370795,0.0,94.87243148796291,0
td3_verified_history,historical_sp500_midquotes,MSFT,td3_auction_noop,1178422796,17.752534623867177,17.743310306406663,0.9604331033712584,0.9604331033712707,0.0,99.03956689662874,0
td3_verified_history,historical_sp500_midquotes,MSFT,td3_auction_noop,1963502950,4.7397406388117815,4.737421645821722,0.4815592372761159,0.4815592372761257,0.0,99.51844076272388,0
td3_verified_history,historical_sp500_midquotes,MSFT,td3_auction_noop,1703319850,-30.67220691960938,-30.672486641571066,0.1672489048352901,0.1672489048352812,0.0,99.83275109516472,0
td3_verified_history,historical_sp500_midquotes,MSFT,td3_auction_noop,1313726939,26.23327219749808,26.232555259042893,0.2677570643679701,0.2677570643679772,0.0,99.73224293563204,0
td3_verified_history,historical_sp500_midquotes,MSFT,td3_auction_noop,1061055793,19.922742539380124,19.918554617783883,0.6471415298248218,0.6471415298248537,0.0,99.35285847017518,0
td3_verified_history,historical_sp500_midquotes,MSFT,td3_auction_noop,1067007710,12.74571774640026,12.744069406735642,0.4059974956348924,0.4059974956348933,0.0,99.59400250436512,0
td3_verified_history,historical_sp500_midquotes,MSFT,td3_auction_noop,40720655,8.634258670061172,8.627779017154003,0.8049629126343802,0.8049629126344002,0.0,99.19503708736562,0
td3_verified_history,historical_sp500_midquotes,MSFT,td3_auction_noop,1966159132,1.8558032684286443,1.8557161734175864,0.0933247079063903,0.0933247079063996,0.0,99.9066752920936,0
td3_verified_history,historical_sp500_midquotes,MSFT,td3_auction_noop,188577770,-35.909445559804226,-35.90984397944902,0.1996045201876342,0.1996045201876399,0.0,99.80039547981237,0
td3_verified_history,historical_sp500_midquotes,MSFT,td3_auction_noop,1402152033,15.573397900207055,15.570314844672245,0.5552526933579855,0.5552526933580157,0.0,99.444747306642,0
td3_verified_history,historical_sp500_midquotes,MSFT,td3_auction_noop,2092728533,20.761782764964664,20.761761519310483,0.0460930083430213,0.0460930083430479,0.0,99.95390699165698,0
td3_verified_history,historical_sp500_midquotes,MSFT,td3_auction_noop,1437347273,1.6933044261604664,1.6880649032835393,0.723845486062288,0.7238454860622632,0.0,99.27615451393773,0
td3_verified_history,historical_sp500_midquotes,MSFT,td3_auction_noop,1045146178,-23.01856546163981,-23.02293526320323,0.6610447460970903,0.6610447460970912,0.0,99.33895525390292,0
td3_verified_history,historical_sp500_midquotes,MSFT,td3_auction_noop,528283994,17.179888921280508,17.177256078134008,0.5131123801370734,0.5131123801370769,0.0,99.48688761986293,0
td3_verified_history,historical_sp500_midquotes,MSFT,td3_auction_noop,36265689,21.12807032022647,21.126025982171885,0.4521435673084824,0.4521435673084921,0.0,99.54785643269152,0
td3_verified_history,historical_sp500_midquotes,MSFT,td3_auction_noop,1193742096,-35.32387641151763,-35.32753379992244,0.6047634582884029,0.60476345828841,0.0,99.3952365417116,0
td3_verified_history,historical_sp500_midquotes,MSFT,td3_auction_noop,793249015,6.401413718038384,6.3960421496984825,0.7329098402874337,0.7329098402874683,0.0,99.26709015971257,0
td3_verified_history,historical_sp500_midquotes,MSFT,td3_auction_noop,1309854583,-29.691816851531257,-29.69730113732101,0.7405596390398301,0.7405596390398301,0.0,99.25944036096016,0
td3_verified_history,historical_sp500_midquotes,MSFT,td3_auction_noop,1144601564,22.93530437349,22.92610604123682,0.9590793634094013,0.9590793634093926,0.0,99.0409206365906,0
td3_verified_history,historical_sp500_midquotes,MSFT,td3_auction_noop,982973886,1.4657257419476082,1.463717076004552,0.448181430121366,0.4481814301213553,0.0,99.55181856987863,0
td3_verified_history,historical_sp500_midquotes,MSFT,td3_auction_noop,715231342,21.40515691434848,21.395439602880497,0.9857642450398316,0.9857642450398229,0.0,99.01423575496015,0
td3_verified_history,historical_sp500_midquotes,MSFT,td3_auction_noop,2130732657,-33.595857402293404,-33.596069809861824,0.1457420901517849,0.1457420901517743,0.0,99.85425790984822,0
td3_verified_history,historical_sp500_midquotes,MSFT,td3_auction_noop,1234679122,11.816899616709634,11.814497677282512,0.4900958505355248,0.4900958505355213,0.0,99.50990414946448,0
td3_verified_history,historical_sp500_midquotes,MSFT,td3_auction_noop,490149342,15.560668634450847,15.560243368464514,0.2062197823525622,0.2062197823525422,0.0,99.79378021764744,0
td3_verified_history,historical_sp500_midquotes,MSFT,td3_auction_noop,381953676,13.250714212059393,13.24691502085446,0.6163757948632593,0.6163757948632413,0.0,99.38362420513674,0
td3_verified_history,historical_sp500_midquotes,MSFT,td3_auction_noop,478640128,24.60931198988692,19.748584959700977,22.04705656133251,22.0470565613325,0.0,77.95294343866749,0
td3_verified_history,historical_sp500_midquotes,MSFT,td3_auction_noop,951876364,-30.50100717132409,-30.50612905995651,0.7156737128345583,0.7156737128345263,0.0,99.28432628716544,0
td3_verified_history,historical_sp500_midquotes,MSFT,td3_auction_noop,723990043,21.397136306626635,21.06737725316673,5.742465093145157,5.742465093145162,0.0,94.25753490685484,0
td3_verified_history,historical_sp500_midquotes,MSFT,td3_auction_noop,487116369,-27.336437116593515,-27.34483347816494,0.916316624940592,0.9163166249405794,0.0,99.0836833750594,0
td3_verified_history,historical_sp500_midquotes,MSFT,td3_auction_noop,1985429050,17.69765773943618,17.688146288557217,0.9752666752721098,0.9752666752721066,0.0,99.02473332472788,0
td3_verified_history,historical_sp500_midquotes,MSFT,td3_auction_noop,1628956857,7.710489036762738,7.706079979561125,0.664007319358177,0.6640073193581761,0.0,99.33599268064182,0
td3_verified_history,historical_sp500_midquotes,MSFT,td3_auction_noop,1189523478,11.228775345429312,11.226288423349573,0.4986904931657534,0.498690493165757,0.0,99.50130950683425,0
td3_verified_history,historical_sp500_midquotes,MSFT,td3_auction_noop,1296530916,-21.877800925034535,-22.546898045358997,8.179835697154687,8.1798356971547,0.0,91.82016430284531,0
td3_verified_history,historical_sp500_midquotes,MSFT,td3_auction_noop,707561452,18.397330346320818,18.30586702428823,3.024290363582594,3.024290363582568,0.0,96.9757096364174,0
td3_verified_history,historical_sp500_midquotes,MSFT,td3_auction_noop,901155818,18.272591480663323,18.264125136782905,0.9201273759876756,0.9201273759876224,0.0,99.07987262401232,0
td3_verified_history,historical_sp500_midquotes,MSFT,td3_auction_noop,1820860524,-22.239243016923865,-25.26572233235318,17.396779343974316,17.396779343974323,0.0,82.60322065602568,0
td3_verified_history,historical_sp500_midquotes,MSFT,td3_auction_noop,1044185241,-28.106306822675833,-28.10896096628899,0.5151838131344277,0.5151838131344331,0.0,99.48481618686556,0
td3_verified_history,historical_sp500_midquotes,MSFT,td3_auction_noop,591637826,6.352450588803549,6.349475230476839,0.5454684524983691,0.5454684524983495,0.0,99.45453154750165,0
td3_verified_history,historical_sp500_midquotes,MSFT,td3_auction_noop,27222720,-26.10768141900553,-26.10777398335003,0.0962103656055859,0.0962103656055757,0.0,99.9037896343944,0
td3_verified_history,historical_sp500_midquotes,MSFT,td3_auction_noop,64598572,19.411339628479254,19.4041249372984,0.8493933824122308,0.8493933824122138,0.0,99.15060661758775,0
td3_verified_history,historical_sp500_midquotes,MSFT,td3_auction_noop,824692580,18.51202110520353,18.50981167477591,0.4700457879420128,0.470045787942043,0.0,99.529954212058,0
td3_verified_history,historical_sp500_midquotes,MSFT,td3_auction_noop,1292888439,18.075736908369436,18.06826465931962,0.8644217170927817,0.864421717092756,0.0,99.13557828290722,0
td3_verified_history,historical_sp500_midquotes,MSFT,td3_auction_noop,1567077053,-22.68327662533011,-26.201553686991357,18.757070831185914,18.757070831185896,0.0,81.24292916881409,0
td3_verified_history,historical_sp500_midquotes,MSFT,td3_auction_noop,1386223455,-33.43225322900071,-33.4338169661769,0.3954411683411365,0.3954411683411334,0.0,99.60455883165886,0
td3_verified_history,historical_sp500_midquotes,MSFT,td3_auction_noop,2103330825,18.8899271524715,18.840182288610716,2.2303556635833814,2.2303556635833597,0.0,97.76964433641662,0
td3_verified_history,historical_sp500_midquotes,MSFT,td3_auction_noop,1713764255,14.1627861789093,14.161729229238444,0.3251076238502435,0.3251076238502293,0.0,99.67489237614976,0
td3_verified_history,historical_sp500_midquotes,MSFT,td3_auction_noop,338169861,19.88252921835374,19.874744246041512,0.8823249011689285,0.8823249011689356,0.0,99.11767509883109,0
td3_verified_history,historical_sp500_midquotes,MSFT,td3_auction_noop,460890984,-30.571503124550873,-30.571883363948757,0.1949972814894636,0.1949972814894964,0.0,99.80500271851054,0
td3_verified_history,historical_sp500_midquotes,MSFT,td3_auction_noop,1844393987,-25.043822845480463,-25.046381954572333,0.5058763773758272,0.5058763773758645,0.0,99.49412362262416,0
td3_verified_history,historical_sp500_midquotes,MSFT,td3_auction_noop,1032412864,8.340701995683048,8.3399695537562,0.2706366432781379,0.2706366432781388,0.0,99.72936335672186,0
td3_verified_history,historical_sp500_midquotes,MSFT,td3_auction_noop,285977676,19.370627937571044,19.36943872011429,0.3448503235832731,0.3448503235832749,0.0,99.65514967641673,0
td3_verified_history,historical_sp500_midquotes,MSFT,td3_auction_noop,1194047159,-32.97084137642014,-32.97142977978705,0.2425702716560778,0.242570271656083,0.0,99.75742972834392,0
td3_verified_history,historical_sp500_midquotes,MSFT,td3_auction_noop,410795716,13.614436654032032,13.614255828498123,0.1344713850260319,0.1344713850260248,0.0,99.86552861497395,0
td3_verified_history,historical_sp500_midquotes,MSFT,td3_auction_noop,1688827796,16.20202971307117,16.193314658336377,0.9335445749825196,0.9335445749825162,0.0,99.06645542501748,0
td3_verified_history,historical_sp500_midquotes,MSFT,td3_auction_noop,1615174803,2.0656246854923666,2.065413419249335,0.1453500062028041,0.1453500062027988,0.0,99.8546499937972,0
td3_verified_history,historical_sp500_midquotes,MSFT,td3_auction_noop,573603312,4.973106198187452,4.967798208385244,0.7285595241438756,0.728559524143872,0.0,99.27144047585612,0
td3_verified_history,historical_sp500_midquotes,MSFT,td3_auction_noop,1292648848,-25.121438736667187,-25.91908845875113,8.931123793140145,8.931123793140154,0.0,91.06887620685984,0
td3_verified_history,historical_sp500_midquotes,MSFT,td3_auction_noop,504177273,24.39383812487904,24.388934977598954,0.7002247696336639,0.7002247696336905,0.0,99.29977523036634,0
td3_verified_history,historical_sp500_midquotes,MSFT,td3_auction_noop,2023171617,12.171629246593511,12.165506155308568,0.7825018392912853,0.7825018392912622,0.0,99.21749816070871,0
td3_verified_history,historical_sp500_midquotes,MSFT,td3_auction_noop,155866399,16.407978926148644,16.40152703885041,0.8032364096724507,0.8032364096724542,0.0,99.19676359032756,0
td3_verified_history,historical_sp500_midquotes,MSFT,td3_auction_noop,426465092,22.309141282948985,22.18690920794616,3.4961704049263034,3.4961704049262927,0.0,96.5038295950737,0
td3_verified_history,historical_sp500_midquotes,MSFT,td3_auction_noop,2075242093,19.528171811982247,19.524216107390057,0.6289439237476131,0.6289439237476078,0.0,99.3710560762524,0
td3_verified_history,historical_sp500_midquotes,MSFT,td3_auction_noop,426948909,14.109399253613446,14.102859550684416,0.8086842974257991,0.8086842974257973,0.0,99.1913157025742,0
td3_verified_history,historical_sp500_midquotes,MSFT,td3_auction_noop,40870105,-33.815300935799314,-33.82078375786449,0.7404608068747791,0.7404608068747653,0.0,99.25953919312522,0
td3_verified_history,historical_sp500_midquotes,MSFT,td3_auction_noop,1146798258,-35.89491972077485,-35.89768002602091,0.5253860719562482,0.5253860719562591,0.0,99.47461392804377,0
td3_verified_history,historical_sp500_midquotes,MSFT,td3_auction_noop,2070376215,15.544955843466596,15.5380157715766,0.8330709387558386,0.8330709387558244,0.0,99.16692906124416,0
td3_verified_history,historical_sp500_midquotes,MSFT,td3_auction_noop,511062834,1.9939056323873956,1.993370382816723,0.2313546132396027,0.2313546132396071,0.0,99.7686453867604,0
td3_verified_history,historical_sp500_midquotes,MSFT,td3_auction_noop,1541412974,5.965030930783541,-5.154887255741885,33.3465413296873,33.34654132968729,0.0,66.6534586703127,0
td3_verified_history,historical_sp500_midquotes,MSFT,td3_auction_noop,376403019,17.076060414936364,12.089367247731278,22.330904968686497,22.33090496868653,0.0,77.6690950313135,0
td3_verified_history,historical_sp500_midquotes,MSFT,td3_auction_noop,1108559752,-26.168257629451546,-26.1685104466856,0.1590022748438997,0.1590022748438979,0.0,99.8409977251561,0
td3_verified_history,historical_sp500_midquotes,MSFT,td3_auction_noop,1393048108,-20.332504175894428,-20.335793065738788,0.5734884344396818,0.5734884344396676,0.0,99.42651156556032,0
td3_verified_history,historical_sp500_midquotes,MSFT,td3_auction_noop,2023564002,16.92443478149289,16.91467841918197,0.9877429985031227,0.9877429985030908,0.0,99.01225700149688,0
td3_verified_history,historical_sp500_midquotes,MSFT,td3_auction_noop,916344601,21.290397289341858,21.289813872473022,0.2415402386411074,0.2415402386411038,0.0,99.75845976135888,0
td3_verified_history,historical_sp500_midquotes,MSFT,td3_auction_noop,486149422,28.958343294896626,14.458794835403523,38.078272622971106,38.07827262297109,0.0,61.921727377028894,0
td3_verified_history,historical_sp500_midquotes,MSFT,td3_auction_noop,410404482,24.481096743171292,24.47973032644015,0.3696507447767061,0.3696507447767203,0.0,99.6303492552233,0
td3_verified_history,historical_sp500_midquotes,MSFT,td3_auction_noop,848518413,19.283549025829416,19.283028974742717,0.2280462862442078,0.2280462862442069,0.0,99.7719537137558,0
td3_verified_history,historical_sp500_midquotes,MSFT,td3_auction_noop,1216465325,-24.043068755976492,-24.04462690814554,0.3947343624575836,0.3947343624575552,0.0,99.60526563754242,0
td3_verified_history,historical_sp500_midquotes,MSFT,td3_auction_noop,1701726968,20.690734535612137,20.686511588590772,0.6498420593779883,0.6498420593780079,0.0,99.350157940622,0
td3_verified_history,historical_sp500_midquotes,MSFT,td3_auction_noop,1739537596,15.795091083842635,15.794728302515814,0.1904681933606582,0.1904681933606715,0.0,99.80953180663934,0
td3_verified_history,historical_sp500_midquotes,MSFT,td3_auction_noop,2050860255,10.678118592457396,10.237929143717698,6.634677450635394,6.6346774506353805,0.0,93.3653225493646,0
td3_verified_history,historical_sp500_midquotes,MSFT,td3_auction_noop,218238821,13.480811754805472,13.480252803613167,0.2364214863978873,0.2364214863978553,0.0,99.76357851360213,0
td3_verified_history,historical_sp500_midquotes,MSFT,td3_auction_noop,128588240,12.626447819829991,12.625473726516573,0.3121046801025642,0.312104680102566,0.0,99.68789531989744,0
td3_verified_history,historical_sp500_midquotes,MSFT,td3_auction_noop,1162542574,9.266861942827743,9.26072886117394,0.7831399398449719,0.7831399398449603,0.0,99.21686006015504,0
td3_verified_history,historical_sp500_midquotes,MSFT,td3_auction_noop,1005643756,20.653880974381536,20.65385684628307,0.049120360814598,0.0491203608145975,0.0,99.9508796391854,0
td3_verified_history,historical_sp500_midquotes,MSFT,td3_auction_noop,711572297,1.7011427232009737,1.6988560751947464,0.4781890845918184,0.4781890845918028,0.0,99.52181091540818,0
td3_verified_history,historical_sp500_midquotes,MSFT,td3_auction_noop,501043199,-30.618042733551192,-30.620728134742457,0.5182085672067416,0.5182085672067414,0.0,99.48179143279326,0
td3_verified_history,historical_sp500_midquotes,MSFT,td3_auction_noop,1291999351,24.09209933798411,17.278867480492167,26.102168219310727,26.102168219310716,0.0,73.89783178068927,0
td3_verified_history,historical_sp500_midquotes,MSFT,td3_auction_noop,102182588,-18.24595555381893,-18.256633955027834,1.0333634989151648,1.0333634989151577,0.0,98.96663650108484,0
td3_verified_history,historical_sp500_midquotes,MSFT,td3_auction_noop,2119210718,18.539813515115384,18.53141266185563,0.9165616869450162,0.9165616869450066,0.0,99.08343831305498,0
td3_verified_history,historical_sp500_midquotes,MSFT,td3_auction_noop,1109208492,21.14749006486818,21.144824896204614,0.51625271559206,0.5162527155920529,0.0,99.48374728440794,0
td3_verified_history,historical_sp500_midquotes,MSFT,td3_auction_noop,1274300456,-20.72740093320317,-20.73655560116514,0.9568002906546268,0.9568002906546268,0.0,99.04319970934536,0
td3_verified_history,historical_sp500_midquotes,MSFT,td3_auction_noop,1256771816,-31.67554335884779,-31.675590275635216,0.0684958301112601,0.0684958301112299,0.0,99.93150416988874,0
td3_verified_history,historical_sp500_midquotes,MSFT,td3_auction_noop,1077857574,4.509515947440377,4.507517215391916,0.4470718117329397,0.4470718117329202,0.0,99.55292818826706,0
td3_verified_history,historical_sp500_midquotes,MSFT,td3_auction_noop,1100698389,20.737310178745247,20.735616149483423,0.4115858673256838,0.4115858673256998,0.0,99.58841413267432,0
td3_verified_history,historical_sp500_midquotes,MSFT,td3_auction_noop,795778257,18.091084696041435,18.0893873195788,0.4119922890829741,0.4119922890829741,0.0,99.58800771091704,0
td3_verified_history,historical_sp500_midquotes,MSFT,td3_auction_noop,1548246893,17.951670513910358,17.950352520630496,0.363041771682191,0.3630417716821925,0.0,99.6369582283178,0
td3_verified_history,historical_sp500_midquotes,MSFT,td3_auction_noop,633707972,16.40809966717461,16.404125852461043,0.630382004309098,0.630382004309106,0.0,99.3696179956909,0
td3_verified_history,historical_sp500_midquotes,MSFT,td3_auction_noop,983296256,-23.560053867266102,-24.15379637157405,7.705468865084995,7.705468865084995,0.0,92.294531134915,0
td3_verified_history,historical_sp500_midquotes,MSFT,td3_auction_noop,487951037,20.10074833786348,20.10034353124555,0.2011980660767847,0.2011980660767935,0.0,99.79880193392322,0
td3_verified_history,historical_sp500_midquotes,MSFT,td3_auction_noop,978154369,17.756786520143578,17.748204833861486,0.9263739138216208,0.9263739138216068,0.0,99.07362608617838,0
td3_verified_history,historical_sp500_midquotes,MSFT,td3_auction_noop,554788091,18.963691179580564,18.96335172738199,0.1842422857477004,0.1842422857476999,0.0,99.8157577142523,0
td3_verified_history,historical_sp500_midquotes,MSFT,td3_auction_noop,2090199347,-22.9858026948732,-22.99199980748255,0.7872174165596988,0.7872174165597017,0.0,99.2127825834403,0
td3_verified_history,historical_sp500_midquotes,MSFT,td3_auction_noop,2069017976,4.945089496526634,4.944889866965955,0.1412903254578168,0.141290325457819,0.0,99.85870967454218,0
td3_verified_history,historical_sp500_midquotes,MSFT,td3_auction_noop,945043387,16.836302460887964,16.834487233800616,0.4260548189316608,0.4260548189316582,0.0,99.57394518106834,0
td3_verified_history,historical_sp500_midquotes,MSFT,td3_auction_noop,1939521563,20.530453488770945,20.528286292293146,0.4655315754917524,0.4655315754917382,0.0,99.53446842450823,0
td3_verified_history,historical_sp500_midquotes,MSFT,td3_auction_noop,837962510,18.98303919977479,18.97840207777871,0.6809641691073693,0.6809641691073587,0.0,99.31903583089264,0
td3_verified_history,historical_sp500_midquotes,MSFT,td3_auction_noop,1294936529,-26.7470633753328,-26.814921812342156,2.604965201482642,2.6049652014826306,0.0,97.39503479851736,0
td3_verified_history,historical_sp500_midquotes,MSFT,td3_auction_noop,1783232423,9.884623616422688,9.884534306161886,0.0945041061543463,0.094504106154325,0.0,99.90549589384564,0
td3_verified_history,historical_sp500_midquotes,MSFT,td3_auction_noop,133555220,8.634978053498344,8.62896256199501,0.7755959968523172,0.775595996852295,0.0,99.22440400314768,0
td3_verified_history,historical_sp500_midquotes,MSFT,td3_auction_noop,727659984,-33.402339522777766,-33.404494264141654,0.4641919176256408,0.4641919176256603,0.0,99.53580808237436,0
td3_verified_history,historical_sp500_midquotes,MSFT,td3_auction_noop,1045640949,29.495502688423585,29.209081054179467,5.351837387702602,5.351837387702629,0.0,94.6481626122974,0
td3_verified_history,historical_sp500_midquotes,MSFT,td3_auction_noop,1498406538,18.98629535345026,18.97998126833613,0.7946121767333238,0.7946121767333381,0.0,99.20538782326668,0
td3_verified_history,historical_sp500_midquotes,MSFT,td3_auction_noop,894023265,4.73555748470244,4.73292911872815,0.5126759185186955,0.5126759185186627,0.0,99.4873240814813,0
td3_verified_history,historical_sp500_midquotes,MSFT,td3_auction_noop,1456034043,15.410498085841027,15.409657744816368,0.2898863612967091,0.2898863612967144,0.0,99.71011363870328,0
td3_verified_history,historical_sp500_midquotes,MSFT,td3_auction_noop,2145465691,9.64037654492131,9.63944336596724,0.3054797790474026,0.3054797790474115,0.0,99.6945202209526,0
td3_verified_history,historical_sp500_midquotes,MSFT,td3_auction_noop,1645332470,-29.09473655034526,-29.097342307074506,0.5104661329844475,0.5104661329844302,0.0,99.48953386701557,0
td3_verified_history,historical_sp500_midquotes,MSFT,td3_auction_noop,1703360263,6.363767277240186,6.358985698138859,0.6914896312546546,0.6914896312546368,0.0,99.30851036874536,0
td3_verified_history,historical_sp500_midquotes,MSFT,td3_auction_noop,1254093673,17.157660659144312,17.149335954375463,0.9123982008338204,0.9123982008338104,0.0,99.08760179916618,0
td3_verified_history,historical_sp500_midquotes,MSFT,td3_auction_noop,679604879,19.373358499242386,19.369342992025594,0.6336802992671551,0.6336802992671311,0.0,99.36631970073284,0
td3_verified_history,historical_sp500_midquotes,MSFT,td3_auction_noop,1800514979,20.348511539756142,20.348348325660943,0.1277552719863024,0.1277552719862975,0.0,99.8722447280137,0
td3_verified_history,historical_sp500_midquotes,MSFT,td3_auction_noop,1009107304,13.174265830763034,13.16575351170885,0.9226222983531188,0.9226222983531298,0.0,99.07737770164688,0
td3_verified_history,historical_sp500_midquotes,MSFT,td3_auction_noop,1459119855,17.397874276040966,17.39236431098467,0.7422913886267537,0.7422913886267475,0.0,99.25770861137325,0
td3_verified_history,historical_sp500_midquotes,MSFT,td3_auction_noop,2082327116,15.072673593584112,15.071461838686572,0.3481027000098748,0.3481027000098793,0.0,99.65189729999013,0
td3_verified_history,historical_sp500_midquotes,MSFT,td3_auction_noop,1795215048,10.554870248915904,10.54736468619936,0.8663465078445114,0.8663465078445096,0.0,99.13365349215547,0
td3_verified_history,historical_sp500_midquotes,MSFT,td3_auction_noop,1559844699,19.134645302499848,19.134640392363252,0.0221588280282674,0.0221588280283104,0.0,99.97784117197172,0
td3_verified_history,historical_sp500_midquotes,MSFT,td3_auction_noop,1337581818,16.46125163291981,16.45968251358185,0.3961211100109523,0.3961211100109381,0.0,99.60387888998903,0
td3_verified_history,historical_sp500_midquotes,MSFT,td3_auction_noop,1567278356,15.480193200337451,15.480173501192157,0.0443837191984215,0.0443837191984126,0.0,99.95561628080158,0
td3_verified_history,historical_sp500_midquotes,MSFT,td3_auction_noop,1391644635,16.580419049327247,16.575645100647044,0.69093767303589,0.6909376730358838,0.0,99.30906232696412,0
td3_verified_history,historical_sp500_midquotes,MSFT,td3_auction_noop,1226640195,19.30440698897291,19.30239928130098,0.4480745107606623,0.4480745107606871,0.0,99.55192548923934,0
td3_verified_history,historical_sp500_midquotes,MSFT,td3_auction_noop,573081701,21.34827927871447,11.017189310554327,32.142012955258636,32.14201295525864,0.0,67.85798704474136,0
td3_verified_history,historical_sp500_midquotes,MSFT,td3_auction_noop,856702353,16.645409409269632,16.64429046393964,0.334506402029973,0.3345064020300015,0.0,99.66549359797004,0
td3_verified_history,historical_sp500_midquotes,MSFT,td3_auction_noop,969233424,14.477663820920498,14.477645917713565,0.0423121813841049,0.0423121813841063,0.0,99.9576878186159,0
td3_verified_history,historical_sp500_midquotes,MSFT,td3_auction_noop,2038887002,0.3478899080528208,0.3459516178920404,0.440260168625386,0.44026016862537,0.0,99.5597398313746,0
td3_verified_history,historical_sp500_midquotes,MSFT,td3_auction_noop,748193112,-29.180855598810012,-29.186320215847953,0.7392304808341379,0.7392304808341095,0.0,99.26076951916586,0
td3_verified_history,historical_sp500_midquotes,MSFT,td3_auction_noop,1403188372,-25.175488501137806,-25.184585143911235,0.9537632186988104,0.9537632186988176,0.0,99.0462367813012,0
td3_verified_history,historical_sp500_midquotes,MSFT,td3_auction_noop,688156671,4.1837805517443485,-10.1536716937797,37.86482833121526,37.8648283312153,0.0,62.13517166878474,0
td3_verified_history,historical_sp500_midquotes,MSFT,td3_auction_noop,1293707997,17.017220361924046,17.01080614040519,0.8008883516979637,0.8008883516979814,0.0,99.19911164830204,0
td3_verified_history,historical_sp500_midquotes,MSFT,td3_auction_noop,1017816127,20.11188010333899,19.91420991662184,4.44601154651167,4.4460115465116505,0.0,95.55398845348832,0
td3_verified_history,historical_sp500_midquotes,MSFT,td3_auction_noop,928547401,15.359954180812563,15.351569221484198,0.9156942354502462,0.9156942354502312,0.0,99.08430576454975,0
td3_verified_history,historical_sp500_midquotes,MSFT,td3_auction_noop,804851501,4.352802951807462,4.345945459714889,0.8280997580347957,0.828099758034821,0.0,99.1719002419652,0
td3_verified_history,historical_sp500_midquotes,MSFT,td3_auction_noop,1120019183,8.854488131961261,8.844969164713168,0.975651948601211,0.9756519486012224,0.0,99.0243480513988,0
td3_verified_history,historical_sp500_midquotes,MSFT,td3_auction_noop,1119490863,-27.194319559346695,-27.19448037554551,0.1268133269071683,0.1268133269071931,0.0,99.87318667309285,0
td3_verified_history,historical_sp500_midquotes,MSFT,td3_auction_noop,783363503,6.77975179495661,6.772713103695245,0.8389690853282161,0.8389690853282312,0.0,99.16103091467178,0
td3_verified_history,historical_sp500_midquotes,MSFT,td3_auction_noop,205944131,21.24305220190581,21.234760783289587,0.9105722714987224,0.9105722714987088,0.0,99.08942772850128,0
td3_verified_history,historical_sp500_midquotes,MSFT,td3_auction_noop,446079182,11.141308990414473,11.134942367336071,0.7979112155120305,0.797911215512038,0.0,99.20208878448796,0
td3_verified_history,historical_sp500_midquotes,MSFT,td3_auction_noop,2128949063,16.51837353927658,16.509764674297514,0.9278396940779174,0.9278396940778944,0.0,99.07216030592208,0
td3_verified_history,historical_sp500_midquotes,MSFT,td3_auction_noop,708828196,16.749324412592614,16.748685187460353,0.2528290197467555,0.2528290197467679,0.0,99.74717098025324,0
td3_verified_history,historical_sp500_midquotes,MSFT,td3_auction_noop,907135295,15.552849628338665,15.550455075144429,0.4893417205016845,0.4893417205017143,0.0,99.51065827949832,0
td3_verified_history,historical_sp500_midquotes,MSFT,td3_auction_noop,1179243183,5.1297691851996206,5.129255341391539,0.2266812317069337,0.2266812317069217,0.0,99.77331876829308,0
td3_verified_history,historical_sp500_midquotes,MSFT,td3_auction_noop,1200595667,0.9968752420008968,0.9926017828507596,0.6537169991775613,0.6537169991775578,0.0,99.34628300082244,0
td3_verified_history,historical_sp500_midquotes,MSFT,td3_auction_noop,1138669996,-28.09284952365124,-28.09680474665725,0.628905637278649,0.6289056372786492,0.0,99.37109436272137,0
td3_verified_history,historical_sp500_midquotes,MSFT,td3_auction_noop,299092708,18.01960193787454,18.011316074991527,0.9102671521598324,0.9102671521598557,0.0,99.08973284784015,0
td3_verified_history,historical_sp500_midquotes,MSFT,td3_auction_noop,1606240066,18.161877984795865,17.012195108357933,10.722326596583088,10.722326596583102,0.0,89.27767340341691,0
td3_verified_history,historical_sp500_midquotes,MSFT,td3_auction_noop,1592479411,6.363145153740334,5.415267655872206,9.735900050165498,9.735900050165505,0.0,90.2640999498345,0
td3_verified_history,historical_sp500_midquotes,MSFT,td3_auction_noop,1232823009,9.35262880979826,9.35105942143327,0.3961550662292978,0.3961550662293014,0.0,99.6038449337707,0
td3_verified_history,historical_sp500_midquotes,MSFT,td3_auction_noop,1380936168,17.003856478626403,16.998237401535512,0.7496050353946373,0.7496050353946377,0.0,99.25039496460536,0
td3_verified_history,historical_sp500_midquotes,MSFT,td3_auction_noop,1485723813,4.032519413227419,4.0289167709735,0.6002201474391882,0.6002201474391802,0.0,99.3997798525608,0
td3_verified_history,historical_sp500_midquotes,MSFT,td3_auction_noop,1476988550,18.716688116015575,18.713068673590705,0.6016180204141364,0.6016180204141603,0.0,99.39838197958586,0
td3_verified_history,historical_sp500_midquotes,MSFT,td3_auction_noop,426644302,21.153995775475774,21.145940557424066,0.8975086657918041,0.8975086657918188,0.0,99.1024913342082,0
td3_verified_history,historical_sp500_midquotes,MSFT,td3_auction_noop,1492118510,26.044126749206043,16.25143420761934,31.293278098637582,31.293278098637575,0.0,68.70672190136241,0
td3_verified_history,historical_sp500_midquotes,MSFT,td3_auction_noop,1871437067,-23.788102541922857,-23.790049005281748,0.441187415833113,0.4411874158331192,0.0,99.55881258416689,0
td3_verified_history,historical_sp500_midquotes,MSFT,td3_auction_noop,1821522104,-28.87046681359061,-28.877223321261575,0.821979785089809,0.8219797850898392,0.0,99.1780202149102,0
td3_verified_history,historical_sp500_midquotes,MSFT,td3_auction_noop,1233002065,24.48553760788309,24.478465351391495,0.840967091603062,0.8409670916030372,0.0,99.15903290839694,0
td3_verified_history,historical_sp500_midquotes,MSFT,td3_auction_noop,1249666141,-35.73265319350503,-35.738045319673795,0.7343109810401671,0.7343109810401423,0.0,99.26568901895985,0
td3_verified_history,historical_sp500_midquotes,MSFT,td3_auction_noop,1377485117,-29.00565924143848,-29.005786062544008,0.1126148771383981,0.1126148771383963,0.0,99.8873851228616,0
td3_verified_history,historical_sp500_midquotes,MSFT,td3_auction_noop,1667673182,10.37833878690435,10.37481296658646,0.5937861835618321,0.5937861835618419,0.0,99.40621381643815,0
td3_verified_history,historical_sp500_midquotes,MSFT,td3_auction_noop,257835634,20.165248462133604,20.106429694524067,2.4252580813088542,2.4252580813088462,0.0,97.57474191869116,0
td3_verified_history,historical_sp500_midquotes,MSFT,td3_auction_noop,1475908961,-28.444378137997777,-28.44801869074074,0.6033699315481442,0.6033699315481282,0.0,99.39663006845186,0
td3_verified_history,historical_sp500_midquotes,MSFT,td3_auction_noop,847186143,13.26551915096752,13.261220366059996,0.6556511959514353,0.6556511959513962,0.0,99.34434880404856,0
td3_verified_history,historical_sp500_midquotes,MSFT,td3_auction_noop,454152926,19.6896373495656,19.68961448796265,0.0478138086217967,0.0478138086218011,0.0,99.9521861913782,0
td3_verified_history,historical_sp500_midquotes,MSFT,td3_auction_noop,745543570,14.450533094242928,14.445806733788098,0.6874853056487922,0.6874853056487922,0.0,99.3125146943512,0
td3_verified_history,historical_sp500_midquotes,MSFT,td3_auction_noop,2040040035,20.028463108610595,19.7154763813641,5.594521670764095,5.594521670764129,0.0,94.4054783292359,0
td3_verified_history,historical_sp500_midquotes,MSFT,td3_auction_noop,857589213,-22.040429391325233,-22.047174441082618,0.8212825188315946,0.8212825188315902,0.0,99.1787174811684,0
td3_verified_history,historical_sp500_midquotes,MSFT,td3_auction_noop,447631993,12.793018882130127,12.788369840479223,0.6818388116631269,0.6818388116631273,0.0,99.31816118833687,0
td3_verified_history,historical_sp500_midquotes,MSFT,td3_auction_noop,1053736358,4.350132923602359,4.343192411071184,0.833097385134252,0.8330973851342538,0.0,99.16690261486576,0
td3_verified_history,historical_sp500_midquotes,MSFT,td3_auction_noop,1123074415,-15.236141930136,-15.237834968993074,0.4114655340454902,0.4114655340454858,0.0,99.58853446595452,0
td3_verified_history,historical_sp500_midquotes,MSFT,td3_auction_noop,896949228,1.3049850295610668,1.3031251087611304,0.4312679909216825,0.4312679909217038,0.0,99.56873200907832,0
td3_verified_history,historical_sp500_midquotes,MSFT,td3_auction_noop,532798302,-33.92458745916883,-33.927670702836366,0.5552696342797816,0.5552696342797887,0.0,99.44473036572022,0
td3_verified_history,historical_sp500_midquotes,MSFT,td3_auction_noop,1798006985,-31.373552152848788,-31.382039820502666,0.9212853875903732,0.9212853875903796,0.0,99.07871461240964,0
td3_verified_history,historical_sp500_midquotes,MSFT,td3_auction_noop,1380983522,11.245929264563529,10.814146352951107,6.5710190352214255,6.571019035221416,0.0,93.42898096477856,0
td3_verified_history,historical_sp500_midquotes,MSFT,td3_auction_noop,516067115,17.961144849205084,17.95901460002673,0.461546225025728,0.4615462250257316,0.0,99.53845377497429,0
td3_verified_history,historical_sp500_midquotes,MSFT,td3_auction_noop,181677896,-30.034238669193655,-30.036533222017535,0.4790149083149657,0.4790149083149735,0.0,99.52098509168503,0
td3_verified_history,historical_sp500_midquotes,MSFT,td3_auction_noop,1412098877,14.466628910577128,14.46197948053399,0.6818672923038207,0.6818672923037804,0.0,99.31813270769618,0
td3_verified_history,historical_sp500_midquotes,MSFT,td3_auction_noop,592480532,17.41261164305797,17.408524456036343,0.6393111153131912,0.6393111153131699,0.0,99.3606888846868,0
td3_verified_history,historical_sp500_midquotes,MSFT,td3_auction_noop,1462116845,20.130028515102826,20.129326545385226,0.2649471112505352,0.2649471112505068,0.0,99.73505288874946,0
td3_verified_history,historical_sp500_midquotes,MSFT,td3_auction_noop,1877161225,21.11174339233912,21.10570909797853,0.7768072064931886,0.7768072064931921,0.0,99.2231927935068,0
td3_verified_history,historical_sp500_midquotes,MSFT,td3_auction_noop,1814894336,21.74672808939431,21.741680077013395,0.7104936580233812,0.710493658023375,0.0,99.28950634197662,0
td3_verified_history,historical_sp500_midquotes,MSFT,td3_auction_noop,917024862,18.460643140195316,18.458527352079273,0.4599769685586636,0.459976968558653,0.0,99.54002303144134,0
td3_verified_history,historical_sp500_midquotes,MSFT,td3_auction_noop,614922330,16.537226618644127,16.53535560662672,0.432551964208514,0.4325519642085282,0.0,99.56744803579149,0
td3_verified_history,historical_sp500_midquotes,MSFT,td3_auction_noop,1801437930,-1.272301758392132,-1.2784237744160964,0.7824331296644402,0.7824331296644234,0.0,99.21756687033556,0
td3_verified_history,historical_sp500_midquotes,MSFT,td3_auction_noop,1380610365,27.85264002382428,27.85124230319264,0.3738610211880484,0.3738610211880093,0.0,99.62613897881197,0
td3_verified_history,historical_sp500_midquotes,MSFT,td3_auction_noop,236614752,2.71629397450306,2.7115852055519167,0.6862047035064052,0.6862047035064105,0.0,99.3137952964936,0
td3_verified_history,historical_sp500_midquotes,MSFT,td3_auction_noop,834408283,5.8938897519819875,5.893050633905329,0.2896753487369921,0.2896753487369676,0.0,99.710324651263,0
td3_verified_history,historical_sp500_midquotes,MSFT,td3_auction_noop,2011776523,18.1818915601998,18.176801306348786,0.7134601496244244,0.7134601496244279,0.0,99.28653985037558,0
td3_verified_history,historical_sp500_midquotes,MSFT,td3_auction_noop,1226258546,2.798266520105244,2.417587574218028,6.169918523669637,6.169918523669628,0.0,93.83008147633036,0
td3_verified_history,historical_sp500_midquotes,MSFT,td3_auction_noop,1616321187,22.50884358915573,22.505086444809,0.6129554915920039,0.6129554915919959,0.0,99.387044508408,0
td3_verified_history,historical_sp500_midquotes,MSFT,td3_auction_noop,1672306602,24.14343843196548,17.24371256534542,26.267329263973608,26.267329263973636,0.0,73.73267073602639,0
td3_verified_history,historical_sp500_midquotes,MSFT,td3_auction_noop,1762600914,-28.588312141577266,-28.590016766044815,0.4128709807619373,0.4128709807619533,0.0,99.58712901923806,0
td3_verified_history,historical_sp500_midquotes,MSFT,td3_auction_noop,994946334,6.542243204947226,6.537528305190787,0.6866512765909079,0.6866512765908883,0.0,99.31334872340908,0
td3_verified_history,historical_sp500_midquotes,MSFT,td3_auction_noop,909382858,14.58664598320138,14.586644060546968,0.0138659814295323,0.01386598142955,0.0,99.98613401857048,0
td3_verified_history,historical_sp500_midquotes,MSFT,td3_auction_noop,26993609,17.465233582086512,17.460453747616874,0.6913634695033437,0.6913634695033473,0.0,99.30863653049666,0
td3_verified_history,historical_sp500_midquotes,MSFT,td3_auction_noop,1773145257,18.311461399222026,18.31124994006451,0.1454163531090984,0.1454163531091117,0.0,99.8545836468909,0
td3_verified_history,historical_sp500_midquotes,MSFT,td3_auction_noop,706407932,0.2967888374860195,0.2902742476075112,0.8071300935108354,0.8071300935108461,0.0,99.19286990648916,0
td3_verified_history,historical_sp500_midquotes,MSFT,td3_auction_noop,331383041,-17.887515691027147,-17.89192318492729,0.6638895917352414,0.6638895917352396,0.0,99.33611040826476,0
td3_verified_history,historical_sp500_midquotes,MSFT,td3_auction_noop,279983631,20.35359909550607,20.347509477138143,0.7803600686815884,0.7803600686815733,0.0,99.2196399313184,0
td3_verified_history,historical_sp500_midquotes,MSFT,td3_auction_noop,104944766,-14.732694175516372,-14.73540841941165,0.5209840588040322,0.5209840588040171,0.0,99.47901594119595,0
td3_verified_history,historical_sp500_midquotes,MSFT,td3_auction_noop,1398718536,19.060165942930325,19.058240451605812,0.4388042074220379,0.4388042074220148,0.0,99.56119579257796,0
td3_verified_history,historical_sp500_midquotes,MSFT,td3_auction_noop,1382436732,-27.85219719497763,-27.85541537488026,0.5672900406868422,0.5672900406868262,0.0,99.43270995931316,0
td3_verified_history,historical_sp500_midquotes,MSFT,td3_auction_noop,1822786061,3.673545832363743,3.6659706394754457,0.870355840349049,0.8703558403490774,0.0,99.12964415965097,0
td3_verified_history,historical_sp500_midquotes,MSFT,td3_auction_noop,879773370,12.285598095439129,12.279782264093305,0.7626159810694304,0.7626159810694446,0.0,99.23738401893056,0
td3_verified_history,historical_sp500_midquotes,MSFT,td3_auction_noop,2043945046,3.922774787659364,3.8767189756391462,2.1460617889570983,2.146061788957102,0.0,97.8539382110429,0
td3_verified_history,historical_sp500_midquotes,MSFT,td3_auction_noop,1458350865,22.19189164963791,22.181922105216277,0.9984760598848368,0.9984760598848365,0.0,99.00152394011516,0
td3_verified_history,historical_sp500_midquotes,MSFT,td3_auction_noop,1570091229,-2.1942408151408017,-2.1977018473185805,0.58830537799507,0.5883053779950456,0.0,99.41169462200492,0
td3_verified_history,historical_sp500_midquotes,MSFT,td3_auction_noop,1963377882,16.69834122561042,16.697534034917613,0.2841110157681044,0.2841110157681079,0.0,99.7158889842319,0
td3_verified_history,historical_sp500_midquotes,MSFT,td3_auction_noop,922385963,16.695400767765022,16.688315324582632,0.8417507459093798,0.8417507459094087,0.0,99.15824925409062,0
td3_verified_history,historical_sp500_midquotes,MSFT,td3_auction_noop,1134397302,-15.77565509618944,-20.593668107974523,21.949972691976356,21.94997269197637,0.0,78.05002730802364,0
td3_verified_history,historical_sp500_midquotes,MSFT,td3_auction_noop,1361953339,0.866365076331931,0.8650348734268527,0.3647194682325789,0.3647194682325567,0.0,99.63528053176742,0
td3_verified_history,historical_sp500_midquotes,MSFT,td3_auction_noop,1031019006,-33.587410111513236,-33.59151721580657,0.6408669357468568,0.6408669357468195,0.0,99.35913306425314,0
td3_verified_history,historical_sp500_midquotes,MSFT,td3_auction_noop,53419154,23.103640797637127,23.101107798928485,0.5032890529943614,0.5032890529943863,0.0,99.49671094700564,0
td3_verified_history,historical_sp500_midquotes,MSFT,td3_auction_noop,1338190356,-30.376910808607136,-30.377368206453713,0.2138686154106039,0.2138686154105933,0.0,99.7861313845894,0
td3_verified_history,historical_sp500_midquotes,MSFT,td3_auction_noop,250858187,20.70775977626363,20.70319193676139,0.675857936421437,0.6758579364214263,0.0,99.32414206357856,0
td3_verified_history,historical_sp500_midquotes,MSFT,td3_auction_noop,2129749168,16.83160099365341,16.830127969503206,0.3837999674575201,0.3837999674575192,0.0,99.61620003254248,0
td3_verified_history,historical_sp500_midquotes,MSFT,td3_auction_noop,2130738303,15.112868079982944,15.10292544067032,0.9971278409825716,0.9971278409825796,0.0,99.00287215901744,0
td3_verified_history,historical_sp500_midquotes,MSFT,td3_auction_noop,1017956649,20.137681053387496,20.13764668449373,0.0586249893519124,0.0586249893518875,0.0,99.94137501064807,0
td3_verified_history,historical_sp500_midquotes,MSFT,td3_auction_noop,1274680140,22.617723842633495,22.55030052660726,2.596600008207531,2.5966000082076017,0.0,97.40339999179248,0
td3_verified_history,historical_sp500_midquotes,MSFT,td3_auction_noop,1585408273,19.161092364236534,19.16079033755739,0.1737891478618962,0.1737891478619087,0.0,99.8262108521381,0
td3_verified_history,historical_sp500_midquotes,MSFT,td3_auction_noop,1144086060,2.702218156784511,2.693403495478682,0.9388642769766448,0.9388642769766592,0.0,99.06113572302336,0
td3_verified_history,historical_sp500_midquotes,MSFT,td3_auction_noop,410286162,8.01876622556847,8.013552634814648,0.7220519893901098,0.7220519893901205,0.0,99.27794801060988,0
td3_verified_history,historical_sp500_midquotes,MSFT,td3_auction_noop,373643122,10.55258272278661,10.545921194489573,0.8161818606803735,0.8161818606803743,0.0,99.18381813931964,0
td3_verified_history,historical_sp500_midquotes,MSFT,td3_auction_noop,1500953274,16.160465308210405,16.15774964531796,0.5211202253268112,0.5211202253267793,0.0,99.4788797746732,0
td3_verified_history,historical_sp500_midquotes,MSFT,td3_auction_noop,83988248,20.050473100051025,20.0425643900732,0.8893092812864722,0.8893092812864669,0.0,99.11069071871351,0
td3_verified_history,historical_sp500_midquotes,MSFT,td3_auction_noop,1865270753,-27.342442024450065,-27.344784694213065,0.4840113390200713,0.4840113390200606,0.0,99.51598866097991,0
td3_verified_history,historical_sp500_midquotes,MSFT,td3_auction_noop,2136924679,24.621618086755916,20.565539387220888,20.13970878522089,20.139708785220876,0.0,79.86029121477911,0
td3_verified_history,historical_sp500_midquotes,MSFT,td3_auction_noop,675361705,16.49644920793253,16.49617271866203,0.1662796651719986,0.1662796651720057,0.0,99.833720334828,0
td3_verified_history,historical_sp500_midquotes,MSFT,td3_auction_noop,1787143916,21.048594617839623,21.039995160805127,0.9273325743496345,0.9273325743496432,0.0,99.07266742565037,0
td3_verified_history,historical_sp500_midquotes,MSFT,td3_auction_noop,1157074811,-33.94193341560458,-33.95431703635813,1.112817179663736,1.112817179663765,0.0,98.88718282033626,0
td3_verified_history,historical_sp500_midquotes,MSFT,td3_auction_noop,346534653,17.17025285390264,17.17013458270583,0.1087525617207774,0.1087525617207596,0.0,99.89124743827922,0
td3_verified_history,historical_sp500_midquotes,MSFT,td3_auction_noop,2029212888,20.830642156937756,20.821776228818855,0.9415905755104887,0.9415905755104884,0.0,99.05840942448953,0
td3_verified_history,historical_sp500_midquotes,MSFT,td3_auction_noop,284833619,-26.38977252967743,-26.390118434617136,0.1859851982565743,0.1859851982565423,0.0,99.81401480174344,0
td3_verified_history,historical_sp500_midquotes,MSFT,td3_auction_noop,963504523,15.603115917212564,15.60037296305904,0.5237321981245486,0.5237321981245362,0.0,99.47626780187544,0
td3_verified_history,historical_sp500_midquotes,MSFT,td3_auction_noop,1918322573,15.789591413569724,15.789511064289169,0.0896377602115592,0.0896377602115769,0.0,99.91036223978844,0
td3_verified_history,historical_sp500_midquotes,MSFT,td3_auction_noop,344371083,22.48734330624393,22.48091240265566,0.8019291482586226,0.801929148258627,0.0,99.19807085174138,0
td3_verified_history,historical_sp500_midquotes,MSFT,td3_auction_noop,1588251919,3.860950531690833,3.856305793908111,0.68152313113508,0.6815231311350727,0.0,99.31847686886492,0
td3_verified_history,historical_sp500_midquotes,MSFT,td3_auction_noop,152900645,20.29138548840092,20.29099954466005,0.1964545089503673,0.1964545089503531,0.0,99.80354549104965,0
td3_verified_history,historical_sp500_midquotes,MSFT,td3_auction_noop,1891103623,7.033667283656541,7.0327689730888485,0.2997182956865742,0.2997182956865867,0.0,99.70028170431344,0
td3_verified_history,historical_sp500_midquotes,MSFT,td3_auction_noop,2085732003,4.565152303910509,-6.145235551375306,32.72672891580491,32.72672891580491,0.0,67.27327108419509,0
td3_verified_history,historical_sp500_midquotes,MSFT,td3_auction_noop,266216506,19.665831780212105,19.65743654484067,0.9162551703226284,0.9162551703226498,0.0,99.08374482967736,0
td3_verified_history,historical_sp500_midquotes,MSFT,td3_auction_noop,1053758720,-29.628285941285867,-38.39998690232408,29.617057519338772,29.617057519338772,0.0,70.38294248066123,0
td3_verified_history,historical_sp500_midquotes,MSFT,td3_auction_noop,938390068,21.226273539190515,21.22202417314468,0.6518716166422109,0.6518716166421759,0.0,99.3481283833578,0
td3_verified_history,historical_sp500_midquotes,MSFT,td3_auction_noop,857959051,7.513227340639787,7.505939735202577,0.8536747294614173,0.8536747294614528,0.0,99.14632527053858,0
td3_verified_history,historical_sp500_midquotes,MSFT,td3_auction_noop,719206609,16.113788078739162,16.11309428496628,0.2633996531664024,0.263399653166422,0.0,99.7366003468336,0
td3_verified_history,historical_sp500_midquotes,MSFT,td3_auction_noop,187237339,12.979750795253494,12.977415224662904,0.4832774141827087,0.4832774141826874,0.0,99.51672258581728,0
td3_verified_history,historical_sp500_midquotes,MSFT,td3_auction_noop,1809838918,15.246404680603518,15.23956961229255,0.8267447194247524,0.8267447194247648,0.0,99.17325528057523,0
td3_verified_history,historical_sp500_midquotes,MSFT,td3_auction_noop,892651515,9.82255164021808,9.814823201204083,0.8791154084644006,0.8791154084643682,0.0,99.1208845915356,0
td3_verified_history,historical_sp500_midquotes,MSFT,td3_auction_noop,1886884439,-20.73649979380025,-20.742104494348997,0.7486454801004214,0.7486454801004165,0.0,99.25135451989958,0
sac_verified_history,historical_sp500_midquotes,MSFT,sac,1906509230,8.175462402652556,7.955965794930967,8.530046506937069,4.685046506936603,3.845000000000432,91.46995349306292,0
sac_verified_history,historical_sp500_midquotes,MSFT,sac,1178422796,18.089002531580263,17.868216739131594,0.4512151310292154,-4.698784868970601,5.149999999999817,99.54878486897078,0
sac_verified_history,historical_sp500_midquotes,MSFT,sac,1963502950,5.59089348422458,5.465997610034419,0.1584389621835527,-3.5340610378169828,3.6925000000005177,99.84156103781643,0
sac_verified_history,historical_sp500_midquotes,MSFT,sac,1703319850,-21.32105457977603,-22.158956325456938,0.6980595358596275,9.15369731682727,-8.455637780967644,99.30194046414036,14
sac_verified_history,historical_sp500_midquotes,MSFT,sac,1313726939,21.545280110168605,21.541662843264252,0.383937187440651,0.6014371874397089,-0.2174999999990419,99.61606281255936,5
sac_verified_history,historical_sp500_midquotes,MSFT,sac,1061055793,21.100047786978394,20.857235969628483,0.4489626780054578,-4.927593909302082,5.376556587307561,99.55103732199454,0
sac_verified_history,historical_sp500_midquotes,MSFT,sac,1067007710,15.24871796669504,14.949847964324697,0.459623016142558,5.466900423186271,-5.007277407043699,99.54037698385744,0
sac_verified_history,historical_sp500_midquotes,MSFT,sac,40720655,8.311058852888891,8.080436154401113,0.0001807843736827,-4.802319215626742,4.802500000000439,99.99981921562632,0
sac_verified_history,historical_sp500_midquotes,MSFT,sac,1966159132,5.976732061790244,5.790963370471287,2.967589225515468,4.3100892255144485,-1.3424999999989424,97.03241077448452,0
sac_verified_history,historical_sp500_midquotes,MSFT,sac,188577770,-31.69821910076884,-31.71266952564903,0.5479007994267562,-1.2020992005733255,1.7500000000000815,99.45209920057324,5
sac_verified_history,historical_sp500_midquotes,MSFT,sac,1402152033,15.27836004825258,15.272499898809553,0.4290520597969731,0.7655161293551047,-0.3364640695580931,99.57094794020304,0
sac_verified_history,historical_sp500_midquotes,MSFT,sac,2092728533,23.148201749768617,22.040781568160444,0.640903354467099,10.52340335446748,-9.88250000000034,99.3590966455329,3
sac_verified_history,historical_sp500_midquotes,MSFT,sac,1437347273,2.4908413867906347,2.4664895387050665,0.9765084808465616,-1.5605078687904248,2.5370163496369686,99.02349151915344,0
sac_verified_history,historical_sp500_midquotes,MSFT,sac,1045146178,-20.155321208048846,-20.16679357882492,0.411154177065697,-1.0710915355875557,1.482245712653253,99.5888458229343,9
sac_verified_history,historical_sp500_midquotes,MSFT,sac,528283994,16.840140954607705,16.809818970435874,0.8436791171115345,-1.7413208828883135,2.584999999999855,99.15632088288848,0
sac_verified_history,historical_sp500_midquotes,MSFT,sac,36265689,22.832995033543543,22.792204374600104,0.7364166436005917,2.019669748831258,-1.2832531052306646,99.2635833563994,11
sac_verified_history,historical_sp500_midquotes,MSFT,sac,1193742096,-28.083188088712383,-28.198653080607873,0.5279970034528532,-3.398014006673432,3.926011010126291,99.47200299654716,7
sac_verified_history,historical_sp500_midquotes,MSFT,sac,793249015,7.470871602252373,7.468445096462091,0.5949042437986236,-0.4925957562019984,1.0875000000006594,99.40509575620138,0
sac_verified_history,historical_sp500_midquotes,MSFT,sac,1309854583,-28.427412823656866,-28.84611800929912,0.5067567224297846,-6.470743277570627,6.977500000000411,99.49324327757022,6
sac_verified_history,historical_sp500_midquotes,MSFT,sac,1144601564,21.40748673469534,21.39267574863985,0.4904960536013192,-1.2170039463983393,1.707499999999687,99.50950394639868,0
sac_verified_history,historical_sp500_midquotes,MSFT,sac,982973886,3.9282407546270406,3.919295022710739,0.4983187942892044,0.94581879428892,-0.447499999999728,99.5016812057108,0
sac_verified_history,historical_sp500_midquotes,MSFT,sac,715231342,19.50654418794757,19.501283174936408,0.5537682427129766,0.7253284091472412,-0.1715601664342681,99.44623175728702,6
sac_verified_history,historical_sp500_midquotes,MSFT,sac,2130732657,-29.120723965201687,-29.122555428471447,0.3580512084204201,-0.4279559871950793,0.7860071956154888,99.64194879157958,14
sac_verified_history,historical_sp500_midquotes,MSFT,sac,1234679122,12.67569857099383,12.589362130934076,0.6083063158872619,2.9383063158859812,-2.3299999999987406,99.39169368411274,3
sac_verified_history,historical_sp500_midquotes,MSFT,sac,490149342,18.033838897247463,17.87746371299666,0.9019302276158924,3.954430227615641,-3.0524999999997675,99.09806977238412,6
sac_verified_history,historical_sp500_midquotes,MSFT,sac,381953676,13.763186801197662,13.71941378397679,0.3808894471987969,-2.0922002108037283,2.473089658002518,99.6191105528012,0
sac_verified_history,historical_sp500_midquotes,MSFT,sac,478640128,27.712902931312783,19.75327221136736,18.29821301685861,28.212817512516224,-9.914604495657622,81.70178698314139,0
sac_verified_history,historical_sp500_midquotes,MSFT,sac,951876364,-24.46055110259005,-24.46244239393105,0.95238979535074,0.4348897953506139,0.5175000000000729,99.04761020464926,8
sac_verified_history,historical_sp500_midquotes,MSFT,sac,723990043,21.904980378209075,21.88009657529225,6.147460076097516,1.577460076097843,4.56999999999967,93.85253992390248,0
sac_verified_history,historical_sp500_midquotes,MSFT,sac,487116369,-25.11412722782248,-25.12660093763399,0.9888694181516656,-1.1168576369221532,2.1057270550738365,99.01113058184832,3
sac_verified_history,historical_sp500_midquotes,MSFT,sac,1985429050,19.571988992195983,19.04369863228005,0.3808585486402336,7.268358548640347,-6.887500000000106,99.61914145135977,5
sac_verified_history,historical_sp500_midquotes,MSFT,sac,1628956857,7.289700609580497,7.28392471733896,0.9399929105943414,0.759992910594363,0.1800000000000068,99.06000708940566,25
sac_verified_history,historical_sp500_midquotes,MSFT,sac,1189523478,12.50332441969076,12.159240045316956,0.93603527825519,-5.865870560912553,6.8019058391677145,99.0639647217448,4
sac_verified_history,historical_sp500_midquotes,MSFT,sac,1296530916,-21.884373027132213,-22.466247139229935,9.708408412850176,7.628067331229594,2.080341081620589,90.29159158714982,2
sac_verified_history,historical_sp500_midquotes,MSFT,sac,707561452,18.811972862356924,18.79819739064064,0.7438104449519471,-1.1736895550479565,1.9174999999999045,99.25618955504804,0
sac_verified_history,historical_sp500_midquotes,MSFT,sac,901155818,16.70815465301348,16.697920396620837,0.7358952798309986,-1.0116450164284003,1.7475402962593636,99.264104720169,0
sac_verified_history,historical_sp500_midquotes,MSFT,sac,1820860524,-17.65542447822736,-34.75192911412141,41.74152932796814,41.34791970086772,0.3936096271004201,58.25847067203186,0
sac_verified_history,historical_sp500_midquotes,MSFT,sac,1044185241,-24.0303747782016,-24.50319950907689,0.3787252062835904,6.876225206283524,-6.497499999999906,99.6212747937164,1
sac_verified_history,historical_sp500_midquotes,MSFT,sac,591637826,8.28317927878561,7.896372945491883,0.6761451597156594,-6.219375638227101,6.895520797942778,99.32385484028434,0
sac_verified_history,historical_sp500_midquotes,MSFT,sac,27222720,-22.89955058314948,-22.948582523745664,1.5511556912473168,2.2143157091116175,-0.6631600178643102,98.44884430875268,16
sac_verified_history,historical_sp500_midquotes,MSFT,sac,64598572,19.92645676747841,19.68028317670584,0.9165883623347924,4.961588362334834,-4.0450000000000585,99.0834116376652,7
sac_verified_history,historical_sp500_midquotes,MSFT,sac,824692580,17.98917521655494,17.930899898395886,0.6684718692805376,-2.4140281307195774,3.082500000000124,99.33152813071946,0
sac_verified_history,historical_sp500_midquotes,MSFT,sac,1292888439,20.43509417639932,19.469195327883856,0.7105153058246572,9.828015305825796,-9.117500000001137,99.28948469417534,2
sac_verified_history,historical_sp500_midquotes,MSFT,sac,1567077053,-21.715966187939557,-26.665190984397665,23.691853252669375,22.246853252669485,1.4449999999999186,76.30814674733062,0
sac_verified_history,historical_sp500_midquotes,MSFT,sac,1386223455,-28.593058882172045,-28.810948153575236,0.7982127172184761,-4.667861088370045,5.466073805588453,99.20178728278152,0
sac_verified_history,historical_sp500_midquotes,MSFT,sac,2103330825,18.1401645930182,18.123716501056588,0.2293652400512655,1.2825011486002167,-1.0531359085489511,99.77063475994872,0
sac_verified_history,historical_sp500_midquotes,MSFT,sac,1713764255,14.9487515279925,14.917850771298124,0.1828611064122469,1.7578611064124026,-1.5750000000001876,99.81713889358775,0
sac_verified_history,historical_sp500_midquotes,MSFT,sac,338169861,20.2556101658829,20.21207959712652,0.3820316262997636,-2.0863980626039984,2.4684296889037594,99.61796837370024,0
sac_verified_history,historical_sp500_midquotes,MSFT,sac,460890984,-29.73421032846514,-29.734492398700997,0.4947025660147659,-0.1679494673577231,0.6626520333725139,99.50529743398523,3
sac_verified_history,historical_sp500_midquotes,MSFT,sac,1844393987,-24.579666735640178,-25.030630771732916,8.690385589024132,6.715385589024221,1.9749999999999768,91.30961441097588,2
sac_verified_history,historical_sp500_midquotes,MSFT,sac,1032412864,10.70948649473698,10.403608126264087,0.1090108572194168,5.530627165818457,-5.421616308599056,99.89098914278058,3
sac_verified_history,historical_sp500_midquotes,MSFT,sac,285977676,20.450598939589327,20.447992157026583,0.376725859437073,0.5105666031717565,-0.1338407437346888,99.62327414056293,0
sac_verified_history,historical_sp500_midquotes,MSFT,sac,1194047159,-30.059555546013144,-30.10197920441608,0.8702129730736203,-2.0597004248904227,2.9299133979640373,99.12978702692638,0
sac_verified_history,historical_sp500_midquotes,MSFT,sac,410795716,14.631251460593688,13.965318639359843,0.336519140289937,8.160470704768468,-7.823951564478553,99.66348085971006,3
sac_verified_history,historical_sp500_midquotes,MSFT,sac,1688827796,17.579331373246532,17.432462451509785,0.8073481279335653,3.832348127933396,-3.02499999999985,99.19265187206643,0
sac_verified_history,historical_sp500_midquotes,MSFT,sac,1615174803,5.524503358764705,5.524319715904982,0.9469851079321217,-0.1355148920684827,1.0825000000005929,99.05301489206788,5
sac_verified_history,historical_sp500_midquotes,MSFT,sac,573603312,4.418008465167077,4.408094093160555,0.4669065202889584,-0.9957093956833852,1.4626159159723569,99.53309347971104,0
sac_verified_history,historical_sp500_midquotes,MSFT,sac,1292648848,-24.72019125854179,-25.15683325917411,11.499167134679254,6.60788922903768,4.8912779056415765,88.50083286532075,2
sac_verified_history,historical_sp500_midquotes,MSFT,sac,504177273,26.00312498397418,25.614330463489527,0.6951640515819122,6.235338968208966,-5.540174916627034,99.30483594841807,1
sac_verified_history,historical_sp500_midquotes,MSFT,sac,2023171617,13.81471545982822,13.72682830427372,0.2123200130548923,-2.964576791963765,3.176896805018649,99.78767998694512,0
sac_verified_history,historical_sp500_midquotes,MSFT,sac,155866399,17.89549104912537,17.860352733627444,0.0379783143975203,-1.8745216856020628,1.912499999999568,99.96202168560248,2
sac_verified_history,historical_sp500_midquotes,MSFT,sac,426465092,22.516915955866352,22.49333117050416,2.598086423184185,1.5357338754548022,1.0623525477293791,97.40191357681582,0
sac_verified_history,historical_sp500_midquotes,MSFT,sac,2075242093,18.791982028080383,18.745580615485277,0.5409012883552293,-2.1540987116450045,2.6950000000002348,99.45909871164476,0
sac_verified_history,historical_sp500_midquotes,MSFT,sac,426948909,14.235745174927928,14.192685815003202,0.6133361527269159,2.075074936592074,-1.4617387838651352,99.38666384727308,3
sac_verified_history,historical_sp500_midquotes,MSFT,sac,40870105,-28.9835736116935,-29.114102217651432,0.5103742845267902,3.612874284526524,-3.1024999999997327,99.4896257154732,5
sac_verified_history,historical_sp500_midquotes,MSFT,sac,1146798258,-30.640957919679437,-30.670274400169692,0.660963061073673,-1.7122056094480629,2.373168670521725,99.33903693892633,3
sac_verified_history,historical_sp500_midquotes,MSFT,sac,2070376215,19.398603963070855,16.85148493632981,0.9828922224977674,15.959696196171922,-14.976803973674157,99.01710777750225,0
sac_verified_history,historical_sp500_midquotes,MSFT,sac,511062834,2.7775314638149866,2.777309520712601,0.653533107636548,0.1489775494447847,0.5045555581917865,99.34646689236344,7
sac_verified_history,historical_sp500_midquotes,MSFT,sac,1541412974,6.318196638691006,-2.019861597607999,29.994917720504475,28.87569607178155,1.1192216487229,70.00508227949553,0
sac_verified_history,historical_sp500_midquotes,MSFT,sac,376403019,18.968987971740717,17.95963359836132,12.896662995141128,10.046662995141206,2.849999999999948,87.10333700485887,0
sac_verified_history,historical_sp500_midquotes,MSFT,sac,1108559752,-20.68956083470397,-22.200908328367092,6.103687378745306,12.29368737874493,-6.189999999999582,93.8963126212547,8
sac_verified_history,historical_sp500_midquotes,MSFT,sac,1393048108,-18.789692700750603,-18.790426123352074,0.9353836412926028,0.2708177618751501,0.6645658794174403,99.0646163587074,15
sac_verified_history,historical_sp500_midquotes,MSFT,sac,2023564002,14.36706840621143,14.086733034477891,0.3928293612010805,-5.294670638798385,5.687499999999474,99.60717063879892,2
sac_verified_history,historical_sp500_midquotes,MSFT,sac,916344601,20.581084157884103,20.52786685582327,0.1083538823023531,-2.3068875581796053,2.4152414404819726,99.89164611769765,0
sac_verified_history,historical_sp500_midquotes,MSFT,sac,486149422,27.217152886658425,16.925651518666072,28.694586438580615,32.08036996044832,-3.385783521867726,71.30541356141939,8
sac_verified_history,historical_sp500_midquotes,MSFT,sac,410404482,20.966447167396836,20.159024430076787,12.7604292170151,8.98567046647077,3.7747587505443394,87.2395707829849,0
sac_verified_history,historical_sp500_midquotes,MSFT,sac,848518413,20.243022124077992,20.07763317908638,0.2697306846738598,4.066803966158354,-3.7970732814844848,99.73026931532614,11
sac_verified_history,historical_sp500_midquotes,MSFT,sac,1216465325,-21.901818097841257,-22.61856466756309,10.106088646605585,8.466088646605536,1.640000000000022,89.89391135339442,6
sac_verified_history,historical_sp500_midquotes,MSFT,sac,1701726968,19.650649714676764,19.46614025550043,0.6929564271604249,4.295456427160316,-3.602499999999914,99.30704357283958,4
sac_verified_history,historical_sp500_midquotes,MSFT,sac,1739537596,18.27642133011634,18.27436377092139,0.4463967377820097,-0.4536032622180492,0.9000000000000625,99.553603262218,1
sac_verified_history,historical_sp500_midquotes,MSFT,sac,2050860255,13.969894547035436,12.44970681120791,0.4945893517495676,12.329589351748613,-11.834999999999066,99.50541064825045,0
sac_verified_history,historical_sp500_midquotes,MSFT,sac,218238821,13.415616624095492,13.402071257173066,0.6438456479457102,1.1638456479458483,-0.5200000000001666,99.35615435205428,0
sac_verified_history,historical_sp500_midquotes,MSFT,sac,128588240,13.797319715751655,12.069410501972945,0.8099960584967789,13.144996058495842,-12.334999999999056,99.19000394150322,0
sac_verified_history,historical_sp500_midquotes,MSFT,sac,1162542574,8.879140590636148,8.847775912816877,0.6760075612283032,1.7710075612281102,-1.0949999999998248,99.3239924387717,18
sac_verified_history,historical_sp500_midquotes,MSFT,sac,1005643756,20.29194090048928,20.13744069512653,0.9531514137322574,3.9306514137322375,-2.9774999999999956,99.04684858626774,5
sac_verified_history,historical_sp500_midquotes,MSFT,sac,711572297,3.166862959284117,3.11424499694563,0.7263605523989867,2.293860552398229,-1.5674999999992458,99.273639447601,0
sac_verified_history,historical_sp500_midquotes,MSFT,sac,501043199,-24.724431951153747,-24.83410415847449,0.7316794428321884,3.311679442831731,-2.5799999999995435,99.2683205571678,0
sac_verified_history,historical_sp500_midquotes,MSFT,sac,1291999351,23.306923913776902,18.204442029230403,23.406306095632655,22.588673897656097,0.8176321979765858,76.59369390436734,1
sac_verified_history,historical_sp500_midquotes,MSFT,sac,102182588,-17.300738327143335,-18.244793841362316,9.421251922521392,9.71625192252126,-0.2949999999998987,90.5787480774786,0
sac_verified_history,historical_sp500_midquotes,MSFT,sac,2119210718,19.24107661839509,19.211488594468666,0.2801169706283843,1.7201169706281685,-1.4399999999998023,99.71988302937162,10
sac_verified_history,historical_sp500_midquotes,MSFT,sac,1109208492,20.39975194589715,20.363466397511385,0.3251234059455896,-1.9048765940545245,2.230000000000121,99.6748765940544,0
sac_verified_history,historical_sp500_midquotes,MSFT,sac,1274300456,-14.990680034534307,-15.249406214468792,0.4474860492388615,-5.08651334348476,5.5339993927236035,99.55251395076114,0
sac_verified_history,historical_sp500_midquotes,MSFT,sac,1256771816,-27.922201429800523,-27.92585263911231,0.956752373747264,0.6042523737469176,0.3525000000003402,99.04324762625274,2
sac_verified_history,historical_sp500_midquotes,MSFT,sac,1077857574,5.467524854173665,5.338067930287509,0.2345975119625194,3.598012282999545,-3.3634147710370352,99.76540248803748,1
sac_verified_history,historical_sp500_midquotes,MSFT,sac,1100698389,22.29202967278272,21.86913931423898,0.4705020647687092,6.503002064767788,-6.032499999999075,99.52949793523128,1
sac_verified_history,historical_sp500_midquotes,MSFT,sac,795778257,18.934693975710815,18.79567787751661,0.4209862638099082,3.728486263810151,-3.307500000000257,99.57901373619008,1
sac_verified_history,historical_sp500_midquotes,MSFT,sac,1548246893,19.045255222721824,18.940106968602972,0.867657152997424,3.2426571529974217,-2.374999999999961,99.13234284700258,4
sac_verified_history,historical_sp500_midquotes,MSFT,sac,633707972,18.373087573028897,18.25236615559284,0.3080012241179872,-3.474498775882015,3.782500000000006,99.691998775882,0
sac_verified_history,historical_sp500_midquotes,MSFT,sac,983296256,-22.95040655065034,-24.94857056439252,14.190642941664066,14.1356429416641,0.0549999999999712,85.80935705833593,12
sac_verified_history,historical_sp500_midquotes,MSFT,sac,487951037,20.19109451771171,19.99563074366423,0.4011285216272853,4.421128521627503,-4.020000000000188,99.59887147837271,7
sac_verified_history,historical_sp500_midquotes,MSFT,sac,978154369,18.192343636831865,18.091125964549036,0.8723760462365675,3.1814724937178087,-2.309096447481258,99.12762395376345,5
sac_verified_history,historical_sp500_midquotes,MSFT,sac,554788091,19.64121892093317,19.243525660066844,0.8887925785785313,6.3062925785783825,-5.41749999999983,99.11120742142148,0
sac_verified_history,historical_sp500_midquotes,MSFT,sac,2090199347,-17.682358424339327,-17.987598190564785,0.6455467811417179,-5.524850823555864,6.1703976046975875,99.35445321885828,0
sac_verified_history,historical_sp500_midquotes,MSFT,sac,2069017976,9.735067082068854,9.5008808270614,0.1325662544330583,4.8392794402416195,-4.7067131858085896,99.86743374556694,9
sac_verified_history,historical_sp500_midquotes,MSFT,sac,945043387,18.974533552873893,18.027634066405888,0.2633760472426019,9.73087604724264,-9.467500000000015,99.7366239527574,6
sac_verified_history,historical_sp500_midquotes,MSFT,sac,1939521563,22.862062377666007,21.91948218423977,0.983968828748914,9.708656927846606,-8.7246880990977,99.01603117125109,0
sac_verified_history,historical_sp500_midquotes,MSFT,sac,837962510,19.579196974079736,19.15744765715602,0.4626202999138797,6.494222947541265,-6.031602647627378,99.53737970008612,3
sac_verified_history,historical_sp500_midquotes,MSFT,sac,1294936529,-25.95727818045228,-25.96999540060781,3.1662573887240626,-1.127706529001692,4.29396391772575,96.83374261127594,4
sac_verified_history,historical_sp500_midquotes,MSFT,sac,1783232423,10.981371226444637,10.018312299353145,0.9785565779766188,9.813556577976684,-8.835000000000083,99.02144342202338,2
sac_verified_history,historical_sp500_midquotes,MSFT,sac,133555220,11.705408208622757,11.312196313289396,0.9564330624118752,6.270661012471993,-5.314227950060115,99.04356693758812,5
sac_verified_history,historical_sp500_midquotes,MSFT,sac,727659984,-25.239203475261093,-25.376675058564818,0.4972839469056822,-3.707716053094208,4.204999999999895,99.50271605309432,0
sac_verified_history,historical_sp500_midquotes,MSFT,sac,1045640949,27.7258902872677,27.7219219706844,0.3601473056577902,-0.6299457582442248,0.9900930639020364,99.6398526943422,7
sac_verified_history,historical_sp500_midquotes,MSFT,sac,1498406538,20.118436089771713,20.022617983031186,0.0279499954050379,3.0954499954050156,-3.067499999999942,99.97205000459496,10
sac_verified_history,historical_sp500_midquotes,MSFT,sac,894023265,5.726917196547423,5.616308290117952,0.4042082682547345,-3.325791731745563,3.7300000000002775,99.59579173174528,1
sac_verified_history,historical_sp500_midquotes,MSFT,sac,1456034043,17.463984945300282,16.783447229107512,0.7824841249416323,8.249470990268218,-7.466986865326595,99.21751587505835,2
sac_verified_history,historical_sp500_midquotes,MSFT,sac,2145465691,14.967404765762096,12.89083890173542,0.5421796951422237,14.410294459263064,-13.868114764120836,99.45782030485778,3
sac_verified_history,historical_sp500_midquotes,MSFT,sac,1645332470,-26.252468417107345,-26.28881008253867,0.8038490087423611,1.9063490087423396,-1.102499999999992,99.19615099125764,7
sac_verified_history,historical_sp500_midquotes,MSFT,sac,1703360263,8.579368830996827,8.54353827258517,0.9545812121010612,-1.8928961517118772,2.847477363812942,99.04541878789894,0
sac_verified_history,historical_sp500_midquotes,MSFT,sac,1254093673,17.608799693189212,17.604585068815258,0.5542013843142399,0.6492013843141149,-0.0949999999998638,99.44579861568576,0
sac_verified_history,historical_sp500_midquotes,MSFT,sac,679604879,21.294887670037713,20.63567143187945,0.4737705656066282,8.11921325103771,-7.645442685431123,99.52622943439336,4
sac_verified_history,historical_sp500_midquotes,MSFT,sac,1800514979,21.469270157287827,21.16808231527233,0.9805583270911172,5.4880583270907595,-4.507499999999656,99.01944167290888,4
sac_verified_history,historical_sp500_midquotes,MSFT,sac,1009107304,13.443907200857211,13.358073011059776,0.8326568566140224,2.92974725526686,-2.0970903986528637,99.16734314338598,0
sac_verified_history,historical_sp500_midquotes,MSFT,sac,1459119855,18.652904195643917,18.39930972270056,0.3348179955634975,5.035816447641397,-4.700998452077922,99.6651820044365,1
sac_verified_history,historical_sp500_midquotes,MSFT,sac,2082327116,15.124625425157646,15.0868534676674,0.914903572782734,1.943500900186236,-1.0285973274035178,99.08509642721728,5
sac_verified_history,historical_sp500_midquotes,MSFT,sac,1795215048,11.556514910063342,11.464207354526382,0.3855816497005833,3.038215850412215,-2.6526342007116464,99.61441835029942,5
sac_verified_history,historical_sp500_midquotes,MSFT,sac,1559844699,19.28737825027019,19.25657095962577,0.4945088800761681,-1.7552005766984666,2.249709456774655,99.50549111992385,0
sac_verified_history,historical_sp500_midquotes,MSFT,sac,1337581818,20.334072262156244,19.1574187089317,0.5648662850683337,10.84736628506912,-10.282500000000791,99.43513371493168,1
sac_verified_history,historical_sp500_midquotes,MSFT,sac,1567278356,17.005389268992687,16.829944248158643,0.5286834212178775,4.188615771756169,-3.6599323505382886,99.47131657878212,2
sac_verified_history,historical_sp500_midquotes,MSFT,sac,1391644635,17.476786497620516,17.47671580061526,0.8925364282011827,0.0840815111990253,0.8084549170021326,99.10746357179882,9
sac_verified_history,historical_sp500_midquotes,MSFT,sac,1226640195,17.238890130262952,17.208328088496653,0.5325170545820441,1.7482002678840538,-1.2156832133020268,99.46748294541796,20
sac_verified_history,historical_sp500_midquotes,MSFT,sac,573081701,20.654002227228105,12.146516785125964,33.084333414319346,29.167594076478338,3.9167393378410256,66.91566658568065,6
sac_verified_history,historical_sp500_midquotes,MSFT,sac,856702353,18.477172784121898,18.466013208671026,0.2955308198540791,1.0563889175334662,-0.7608580976793818,99.70446918014592,7
sac_verified_history,historical_sp500_midquotes,MSFT,sac,969233424,14.807203913102668,14.707579726181194,0.1988299403184328,3.156329940317932,-2.9574999999995164,99.80117005968155,2
sac_verified_history,historical_sp500_midquotes,MSFT,sac,2038887002,3.319864872361606,3.265080236179494,0.0538293496579456,-2.3406118042535775,2.3944411539114996,99.94617065034204,2
sac_verified_history,historical_sp500_midquotes,MSFT,sac,748193112,-24.81728592732965,-24.841306427746726,0.9498548453672556,1.5498548453669834,-0.5999999999997456,99.05014515463274,5
sac_verified_history,historical_sp500_midquotes,MSFT,sac,1403188372,-22.0899298992681,-22.27606627710626,0.8038134526922533,4.314352533557752,-3.5105390808655,99.19618654730776,0
sac_verified_history,historical_sp500_midquotes,MSFT,sac,688156671,4.185415773530622,-7.996742510586856,35.904779597472555,34.90294870654552,1.0018308909270564,64.09522040252745,0
sac_verified_history,historical_sp500_midquotes,MSFT,sac,1293707997,16.520372424700327,16.387668110785086,0.7778603665972952,-3.6428603310481193,4.420720697645432,99.2221396334027,0
sac_verified_history,historical_sp500_midquotes,MSFT,sac,1017816127,19.875732311800675,19.692517042130323,0.6419818177758145,-4.280365284299386,4.922347102075189,99.3580181822242,0
sac_verified_history,historical_sp500_midquotes,MSFT,sac,928547401,18.26144792329635,16.28513116646656,0.6009021099904857,14.05815335252034,-13.457251242529852,99.39909789000951,1
sac_verified_history,historical_sp500_midquotes,MSFT,sac,804851501,6.018588683886264,5.86277928169528,0.6064607968322662,3.9472699703843936,-3.340809173552084,99.39353920316772,0
sac_verified_history,historical_sp500_midquotes,MSFT,sac,1120019183,12.462886870334842,11.632293787270482,0.4197629002309782,9.113687964070088,-8.693925063839114,99.58023709976902,0
sac_verified_history,historical_sp500_midquotes,MSFT,sac,1119490863,-25.76509688179067,-26.298140609043624,0.8002308267889902,7.300984366871065,-6.5007535400820675,99.199769173211,0
sac_verified_history,historical_sp500_midquotes,MSFT,sac,783363503,18.627020534594223,12.763663385690446,0.0423915047160221,24.21437000812488,-24.171978503408845,99.95760849528398,2
sac_verified_history,historical_sp500_midquotes,MSFT,sac,205944131,19.268280661445008,19.055040256748264,0.5021371825504843,4.6177960619406235,-4.115658879390141,99.49786281744952,1
sac_verified_history,historical_sp500_midquotes,MSFT,sac,446079182,15.867355728818469,15.030084706986385,0.5426593674549167,9.150251481965304,-8.60759211451039,99.45734063254508,4
sac_verified_history,historical_sp500_midquotes,MSFT,sac,2128949063,18.09693819075619,17.780068671923715,0.1179493349472551,-5.62911643894916,5.747065773896402,99.88205066505274,0
sac_verified_history,historical_sp500_midquotes,MSFT,sac,708828196,17.789597205311118,17.71488513646431,0.7933508528325319,2.733350852832608,-1.940000000000083,99.20664914716748,11
sac_verified_history,historical_sp500_midquotes,MSFT,sac,907135295,16.697529588407633,16.69699394709516,0.419735193719049,-0.2314392603851153,0.6511744541041643,99.58026480628097,0
sac_verified_history,historical_sp500_midquotes,MSFT,sac,1179243183,5.74535786715569,5.678511037048457,0.1659582831839117,-2.5854753935636823,2.751433676747577,99.83404171681607,0
sac_verified_history,historical_sp500_midquotes,MSFT,sac,1200595667,1.394468539653026,1.318284196316784,0.2122482933502851,-2.760151143257231,2.9723994366074877,99.78775170664971,10
sac_verified_history,historical_sp500_midquotes,MSFT,sac,1138669996,-24.093477279262675,-24.10365768596296,0.3185199853177778,-1.0089800146823025,1.3275000000001036,99.68148001468222,23
sac_verified_history,historical_sp500_midquotes,MSFT,sac,299092708,17.922783770018214,17.869332110803974,0.8419614878767447,2.3119614878764807,-1.4699999999997146,99.15803851212326,0
sac_verified_history,historical_sp500_midquotes,MSFT,sac,1606240066,19.632722468154824,16.84372073635538,14.560304583448826,16.700304583448307,-2.1399999999994783,85.43969541655117,5
sac_verified_history,historical_sp500_midquotes,MSFT,sac,1592479411,7.555436333402525,6.126514093885337,13.583056553782754,11.953753550735383,1.6293030030473588,86.41694344621725,3
sac_verified_history,historical_sp500_midquotes,MSFT,sac,1232823009,13.271510981985555,12.330517419989285,0.5179822663432248,9.700482266342595,-9.182499999999369,99.48201773365678,0
sac_verified_history,historical_sp500_midquotes,MSFT,sac,1380936168,19.849390392484565,19.588503380470087,0.3047900237538101,-5.107709976246483,5.412500000000289,99.6952099762462,0
sac_verified_history,historical_sp500_midquotes,MSFT,sac,1485723813,5.988440501616482,5.800375704389397,0.9791438316643166,4.336643831663897,-3.3574999999995754,99.02085616833568,8
sac_verified_history,historical_sp500_midquotes,MSFT,sac,1476988550,18.93460318659345,18.934580928563967,0.7121784161261502,0.047178416126246,0.6649999999998926,99.28782158387384,0
sac_verified_history,historical_sp500_midquotes,MSFT,sac,426644302,21.10362591462217,21.054807426800135,0.9855093839971828,-2.209490616002576,3.194999999999766,99.01449061600282,0
sac_verified_history,historical_sp500_midquotes,MSFT,sac,1492118510,24.71073596594058,17.774709415513755,26.64073773670675,26.33633716071167,0.3044005759950808,73.35926226329325,7
sac_verified_history,historical_sp500_midquotes,MSFT,sac,1871437067,-20.295558513591256,-20.29575848520905,0.8717470077306047,-0.1414113212555909,1.0131583289862134,99.1282529922694,1
sac_verified_history,historical_sp500_midquotes,MSFT,sac,1821522104,-29.299223996124535,-29.3767480937913,0.5518149546481794,2.7843149546480017,-2.232499999999792,99.44818504535182,12
sac_verified_history,historical_sp500_midquotes,MSFT,sac,1233002065,22.800973425710456,22.665524058484937,0.7153446472510012,3.6803446472514096,-2.965000000000444,99.284655352749,1
sac_verified_history,historical_sp500_midquotes,MSFT,sac,1249666141,-29.989290064868925,-30.01284809267651,1.7372641937919582,1.5348624631407195,0.2024017306512251,98.26273580620804,3
sac_verified_history,historical_sp500_midquotes,MSFT,sac,1377485117,-25.02490791958371,-25.12164696043144,0.2597099677412302,-3.1102900322594564,3.370000000000683,99.74029003225876,0
sac_verified_history,historical_sp500_midquotes,MSFT,sac,1667673182,12.810083229339128,12.417219023704632,0.8069667279626884,6.267888046499366,-5.4609213185366885,99.19303327203733,6
sac_verified_history,historical_sp500_midquotes,MSFT,sac,257835634,20.83484230768954,20.83452367524158,1.1614972134782562,-0.1785027865217232,1.339999999999975,98.83850278652174,0
sac_verified_history,historical_sp500_midquotes,MSFT,sac,1475908961,-23.098732009482777,-23.571156288468647,3.840496929576389,6.873312731033501,-3.0328158014571156,96.1595030704236,0
sac_verified_history,historical_sp500_midquotes,MSFT,sac,847186143,18.036874014094995,15.623862017918968,0.6150805027405966,15.533872653578785,-14.918792150838216,99.3849194972594,1
sac_verified_history,historical_sp500_midquotes,MSFT,sac,454152926,19.408455212438888,19.086658988586223,0.8512867201307444,5.672708558111024,-4.821421837980265,99.14871327986926,7
sac_verified_history,historical_sp500_midquotes,MSFT,sac,745543570,17.25677439278843,16.027632018949127,0.4116693548586312,11.086669354857223,-10.674999999998589,99.58833064514135,0
sac_verified_history,historical_sp500_midquotes,MSFT,sac,2040040035,19.829028036774616,19.80338886919496,5.373723519051936,1.6012235190521975,3.772499999999745,94.62627648094806,0
sac_verified_history,historical_sp500_midquotes,MSFT,sac,857589213,-16.415407485229675,-16.441366540047763,0.2013248928574,1.6111813932046546,-1.4098565003472314,99.7986751071426,11
sac_verified_history,historical_sp500_midquotes,MSFT,sac,447631993,15.81445041753132,15.059718999890409,0.9167195561708468,8.687527943212096,-7.770808387041219,99.08328044382915,6
sac_verified_history,historical_sp500_midquotes,MSFT,sac,1053736358,9.068386870880204,9.067766106616151,0.5100407957328912,0.2491514126092795,0.2608893831236116,99.48995920426712,0
sac_verified_history,historical_sp500_midquotes,MSFT,sac,1123074415,-15.994520913925951,-17.08747396999948,12.34693951665301,10.454439516652847,1.8925000000001615,87.65306048334699,0
sac_verified_history,historical_sp500_midquotes,MSFT,sac,896949228,3.196869761459282,3.1886551416683453,0.9513453972375032,0.9063453972375246,0.0450000000000017,99.0486546027625,17
sac_verified_history,historical_sp500_midquotes,MSFT,sac,532798302,-31.92877338556231,-32.03839911235144,0.2559776016929618,3.3109776016930774,-3.055000000000117,99.74402239830704,5
sac_verified_history,historical_sp500_midquotes,MSFT,sac,1798006985,-26.400080851025063,-26.405141823358385,0.093905111966805,0.7114051119666431,-0.6174999999998327,99.9060948880332,6
sac_verified_history,historical_sp500_midquotes,MSFT,sac,1380983522,11.44591063052394,10.328310368285234,10.86666146941336,10.57166146941296,0.2950000000003818,89.13333853058664,0
sac_verified_history,historical_sp500_midquotes,MSFT,sac,516067115,18.114918332825894,18.09852545547766,0.0510629467853789,-1.2803467244553106,1.331409671240693,99.94893705321462,6
sac_verified_history,historical_sp500_midquotes,MSFT,sac,181677896,-26.158544989232993,-26.9650394087448,13.223003435286174,8.980503435285843,4.242500000000323,86.77699656471383,6
sac_verified_history,historical_sp500_midquotes,MSFT,sac,1412098877,14.569192977667626,14.45196033485815,0.4210012951955661,-3.42392527385568,3.844926569051248,99.57899870480443,0
sac_verified_history,historical_sp500_midquotes,MSFT,sac,592480532,18.87267484080985,18.638553217149493,0.3872259215682874,4.838611615539706,-4.451385693971409,99.61277407843173,0
sac_verified_history,historical_sp500_midquotes,MSFT,sac,1462116845,20.005984551457004,19.91275419177429,0.5158646962441935,3.053364696244368,-2.5375000000001933,99.4841353037558,0
sac_verified_history,historical_sp500_midquotes,MSFT,sac,1877161225,20.84864129974469,20.65339835560045,0.7436303776646724,4.418630377664956,-3.6750000000002743,99.25636962233531,1
sac_verified_history,historical_sp500_midquotes,MSFT,sac,1814894336,21.851445310763665,21.724359808772245,0.1475946437328872,-3.56490535626714,3.7125000000000306,99.85240535626713,0
sac_verified_history,historical_sp500_midquotes,MSFT,sac,917024862,18.006648426777247,17.99075381273074,0.8312391000320503,-1.260738436254937,2.091977536286982,99.16876089996796,0
sac_verified_history,historical_sp500_midquotes,MSFT,sac,614922330,22.187841380498867,19.62656879294112,0.2165047588698456,16.003976342014973,-15.787471583145146,99.78349524113015,0
sac_verified_history,historical_sp500_midquotes,MSFT,sac,1801437930,1.0348221199213583,0.6516705973894175,0.4244311692751381,6.189923444857303,-5.765492275582157,99.57556883072486,3
sac_verified_history,historical_sp500_midquotes,MSFT,sac,1380610365,27.455903277858013,27.44953887048384,0.9122276406033194,-0.7977723593965411,1.7099999999998232,99.08777235939668,9
sac_verified_history,historical_sp500_midquotes,MSFT,sac,236614752,3.1101620355703634,3.110025480747061,0.1268566743075609,0.116856674307586,0.0100000000000015,99.87314332569244,8
sac_verified_history,historical_sp500_midquotes,MSFT,sac,834408283,9.361331275569755,8.44960330046873,0.645603004509411,-9.548444769181136,10.194047773690542,99.3543969954906,9
sac_verified_history,historical_sp500_midquotes,MSFT,sac,2011776523,21.21866871580784,19.87663750552163,0.4746070726908016,11.58460707269009,-11.10999999999931,99.5253929273092,3
sac_verified_history,historical_sp500_midquotes,MSFT,sac,1226258546,2.8614601092625525,2.7975051241111397,0.5001806116282097,2.5289322875753815,-2.028751675947192,99.4998193883718,5
sac_verified_history,historical_sp500_midquotes,MSFT,sac,1616321187,19.692554295850933,19.67075038464431,0.1455879629880314,1.4766147502521785,-1.3310267872641643,99.85441203701195,10
sac_verified_history,historical_sp500_midquotes,MSFT,sac,1672306602,24.556601051055026,16.853204807861886,24.976719578754256,27.75499278182781,-2.778273203073547,75.02328042124574,3
sac_verified_history,historical_sp500_midquotes,MSFT,sac,1762600914,-21.52205799405399,-21.53723818366214,0.9854622192352168,1.2320791211667563,-0.2466169019315618,99.01453778076478,1
sac_verified_history,historical_sp500_midquotes,MSFT,sac,994946334,14.748811103728585,12.628461639833636,0.8535279873288317,14.561419793052291,-13.70789180572349,99.14647201267115,5
sac_verified_history,historical_sp500_midquotes,MSFT,sac,909382858,18.92989254042672,17.10428735374651,0.7848310622784851,13.511495796839856,-12.726664734561377,99.21516893772151,3
sac_verified_history,historical_sp500_midquotes,MSFT,sac,26993609,18.876245234176167,17.59021956420455,0.2361755237854765,11.340307182663167,-11.1041316588777,99.76382447621452,0
sac_verified_history,historical_sp500_midquotes,MSFT,sac,1773145257,18.95129027177088,18.92535735872589,0.4578699278423954,1.61036992784231,-1.1524999999998968,99.5421300721576,7
sac_verified_history,historical_sp500_midquotes,MSFT,sac,706407932,1.583490031380992,1.559074670137493,0.6200415592395387,1.5625415592392855,-0.9424999999997395,99.37995844076046,11
sac_verified_history,historical_sp500_midquotes,MSFT,sac,331383041,-15.192798474126905,-15.200257232779398,0.0813589488392381,-0.8636410511604247,0.9449999999996804,99.91864105116076,0
sac_verified_history,historical_sp500_midquotes,MSFT,sac,279983631,18.175620959187597,17.98630796668596,0.8435112905124527,4.351011290512092,-3.5074999999996663,99.15648870948756,12
sac_verified_history,historical_sp500_midquotes,MSFT,sac,104944766,-12.975992008929095,-12.976002205898103,0.7911289359898177,0.0319326932917409,0.7591962426980592,99.20887106401018,0
sac_verified_history,historical_sp500_midquotes,MSFT,sac,1398718536,19.405005703176997,19.26094883529549,0.490482418369524,3.7954824183693407,-3.3049999999998008,99.50951758163048,6
sac_verified_history,historical_sp500_midquotes,MSFT,sac,1382436732,-21.80652085757174,-22.158349618838987,0.1365154999987794,5.9315154999986905,-5.794999999999931,99.86348450000122,0
sac_verified_history,historical_sp500_midquotes,MSFT,sac,1822786061,4.50733071146351,4.399096799130904,4.389097670894316,3.2898922829266932,1.099205387967647,95.61090232910568,0
sac_verified_history,historical_sp500_midquotes,MSFT,sac,879773370,15.978112238319198,15.88289742585794,3.090689752085524,3.0856897520855417,0.0050000000000025,96.90931024791448,17
sac_verified_history,historical_sp500_midquotes,MSFT,sac,2043945046,7.708692540019314,7.650133550832999,5.624874975754963,2.4198964685770172,3.2049785071779797,94.37512502424504,3
sac_verified_history,historical_sp500_midquotes,MSFT,sac,1458350865,20.636688292963026,20.612346342116467,0.5306033536901538,1.560190720602944,-1.0295873669127584,99.46939664630985,12
sac_verified_history,historical_sp500_midquotes,MSFT,sac,1570091229,2.1896847006901226,1.7142100637511613,0.3170331054464697,-6.895466894554431,7.212500000000904,99.68296689455352,0
sac_verified_history,historical_sp500_midquotes,MSFT,sac,1963377882,15.922254370969313,15.604448204958436,0.199929964185344,5.637429964184722,-5.437499999999421,99.80007003581466,0
sac_verified_history,historical_sp500_midquotes,MSFT,sac,922385963,17.288493392497912,17.210878389921316,0.1109469229800765,2.7859469229796137,-2.674999999999546,99.88905307701992,0
sac_verified_history,historical_sp500_midquotes,MSFT,sac,1134397302,-15.65210882999032,-22.112094866917115,26.126502585774432,25.416502585774456,0.7099999999999795,73.87349741422557,4
sac_verified_history,historical_sp500_midquotes,MSFT,sac,1361953339,4.601924390743079,4.2992633059072745,0.5339642126973416,5.501464212696512,-4.967499999999195,99.46603578730266,0
sac_verified_history,historical_sp500_midquotes,MSFT,sac,1031019006,-29.542072693448063,-29.775740447509214,0.7880349809701528,4.833919259370754,-4.045884278400626,99.21196501902983,0
sac_verified_history,historical_sp500_midquotes,MSFT,sac,53419154,23.40077647486578,23.375706078193208,0.9566365965901014,-1.5833634034096882,2.5399999999997895,99.0433634034099,0
sac_verified_history,historical_sp500_midquotes,MSFT,sac,1338190356,-26.71434737662821,-27.740690856575988,11.938361167480934,10.13086116748115,1.8074999999997985,88.06163883251907,0
sac_verified_history,historical_sp500_midquotes,MSFT,sac,250858187,19.48933052972643,19.48366693372523,0.472431331956912,-0.7525686680428656,1.2249999999997918,99.52756866804307,0
sac_verified_history,historical_sp500_midquotes,MSFT,sac,2129749168,17.444319983194028,17.444028689682455,0.9256732291755014,0.1706732291754713,0.7550000000000345,99.0743267708245,11
sac_verified_history,historical_sp500_midquotes,MSFT,sac,2130738303,20.443155514433077,18.31923448841407,0.4611784169923254,14.573678416992072,-14.112499999999727,99.53882158300767,1
sac_verified_history,historical_sp500_midquotes,MSFT,sac,1017956649,19.717290533846608,19.440889450514593,0.0511877678324168,-5.257386074200883,5.308573842033289,99.94881223216758,0
sac_verified_history,historical_sp500_midquotes,MSFT,sac,1274680140,21.86714402974212,21.86537411701817,0.9432019074227184,0.4207033068506079,0.5224986005721691,99.05679809257728,0
sac_verified_history,historical_sp500_midquotes,MSFT,sac,1585408273,18.894862037741404,18.846465446415447,0.8600774712283084,-2.19992252877139,3.059999999999679,99.13992252877168,0
sac_verified_history,historical_sp500_midquotes,MSFT,sac,1144086060,6.954932080792787,6.938811543323227,4.76783321420325,-1.2696667857969777,6.03750000000025,95.23216678579676,0
sac_verified_history,historical_sp500_midquotes,MSFT,sac,410286162,8.31551451760788,8.26755084306569,0.2724389382444059,-2.190061061755837,2.462500000000226,99.7275610617556,0
sac_verified_history,historical_sp500_midquotes,MSFT,sac,373643122,21.33630756438288,19.06077309479734,0.7548747743757076,15.084874774374292,-14.329999999998588,99.24512522562428,0
sac_verified_history,historical_sp500_midquotes,MSFT,sac,1500953274,16.29315442449297,16.251259386130982,0.2354312822401993,2.0468277495183944,-1.811396467278188,99.7645687177598,0
sac_verified_history,historical_sp500_midquotes,MSFT,sac,83988248,20.109837469661215,19.987696191336617,0.1207385941688983,-3.4948716474943176,3.6156102416632265,99.8792614058311,0
sac_verified_history,historical_sp500_midquotes,MSFT,sac,1865270753,-27.914635747763825,-27.944242633241156,0.3456651468933245,1.72066514689328,-1.3749999999999574,99.65433485310668,9
sac_verified_history,historical_sp500_midquotes,MSFT,sac,2136924679,23.714758197918695,22.34653203902985,11.382642880103148,11.697119982666006,-0.3144771025628641,88.61735711989685,16
sac_verified_history,historical_sp500_midquotes,MSFT,sac,675361705,18.653480323790063,18.653436423636695,0.5728184678003032,0.0662571908305041,0.5065612769698274,99.4271815321997,0
sac_verified_history,historical_sp500_midquotes,MSFT,sac,1787143916,22.942129356393707,22.327677413294545,0.2538014913240829,-7.83869850867581,8.092499999999902,99.74619850867592,0
sac_verified_history,historical_sp500_midquotes,MSFT,sac,1157074811,-31.243100334519113,-31.934035229654967,11.39207286667272,8.312249365459717,3.0798235012129997,88.60792713332728,0
sac_verified_history,historical_sp500_midquotes,MSFT,sac,346534653,17.858665541134542,17.705855928444052,0.0602001421596014,-3.9090870122125647,3.969287154372147,99.9397998578404,0
sac_verified_history,historical_sp500_midquotes,MSFT,sac,2029212888,20.521888098317504,20.44505205715071,0.8376179737444005,-2.771931477630579,3.609549451374947,99.1623820262556,0
sac_verified_history,historical_sp500_midquotes,MSFT,sac,284833619,-23.888423460234858,-23.889018531428405,0.6972662226797723,-0.243940811171076,0.941207033850842,99.30273377732024,11
sac_verified_history,historical_sp500_midquotes,MSFT,sac,963504523,15.1884532972741,15.049808306323152,0.4260062904595543,3.7235062904599463,-3.2975000000003583,99.57399370954045,6
sac_verified_history,historical_sp500_midquotes,MSFT,sac,1918322573,18.176486345399447,17.42290867715481,0.633385140610244,8.680885140610027,-8.04749999999974,99.36661485938976,13
sac_verified_history,historical_sp500_midquotes,MSFT,sac,344371083,22.343130410468873,22.13645247625886,0.6761844904270475,4.546184490427271,-3.870000000000207,99.32381550957297,9
sac_verified_history,historical_sp500_midquotes,MSFT,sac,1588251919,6.580944548195723,6.437087869874491,0.1690827617495358,3.7928442931556345,-3.623761531406095,99.83091723825046,7
sac_verified_history,historical_sp500_midquotes,MSFT,sac,152900645,19.803858690045672,19.802155314903253,0.4523029109832492,-0.4127196557492856,0.8650225667325135,99.54769708901676,0
sac_verified_history,historical_sp500_midquotes,MSFT,sac,1891103623,7.682701057992745,7.66202660615556,0.6807727321774308,-1.437861322839738,2.1186340550171714,99.31922726782255,0
sac_verified_history,historical_sp500_midquotes,MSFT,sac,2085732003,4.508195430225896,-3.5193001253991127,29.168846080644,28.332835289862903,0.8360107907810715,70.831153919356,0
sac_verified_history,historical_sp500_midquotes,MSFT,sac,266216506,19.37647050605867,19.33138865705408,0.7690901630022466,2.1232486666566057,-1.3541585036543342,99.23090983699775,1
sac_verified_history,historical_sp500_midquotes,MSFT,sac,1053758720,-29.332707347001502,-38.14651867735766,30.378646442849515,29.688063814193345,0.690582628656169,69.62135355715048,3
sac_verified_history,historical_sp500_midquotes,MSFT,sac,938390068,22.903967231126444,22.551346691957697,0.5045401627456556,5.938186079677434,-5.4336459169318,99.49545983725434,0
sac_verified_history,historical_sp500_midquotes,MSFT,sac,857959051,10.040538709676184,9.97862641156781,0.7342817999945339,-2.4882182000052673,3.2224999999998225,99.26571820000548,0
sac_verified_history,historical_sp500_midquotes,MSFT,sac,719206609,15.8098576434586,15.798828371199074,0.9848311547315092,-1.0502034212249511,2.0350345759564674,99.01516884526848,0
sac_verified_history,historical_sp500_midquotes,MSFT,sac,187237339,15.694994724045202,15.213861111170813,0.9963795518579984,6.936379551858375,-5.940000000000392,99.003620448142,2
sac_verified_history,historical_sp500_midquotes,MSFT,sac,1809838918,20.579323200952988,18.504031651513287,0.9833722382217474,14.405872238221813,-13.422500000000078,99.01662776177824,1
sac_verified_history,historical_sp500_midquotes,MSFT,sac,892651515,14.220802015166557,14.039243594942672,0.1249353053530057,-4.260967263707652,4.385902569060639,99.875064694647,0
sac_verified_history,historical_sp500_midquotes,MSFT,sac,1886884439,-19.111359517311868,-19.16387490119771,0.640804028742707,-2.2916235268001346,2.932427555542836,99.3591959712573,9
sac_verified_history,historical_sp500_midquotes,MSFT,sac_auction_noop,1906509230,7.983212402652498,7.255595468547411,8.530046506937069,8.530046506937035,0.0,91.46995349306292,0
sac_verified_history,historical_sp500_midquotes,MSFT,sac_auction_noop,1178422796,17.574002531580845,17.571966580636147,0.4512151310292154,0.4512151310292165,0.0,99.54878486897078,0
sac_verified_history,historical_sp500_midquotes,MSFT,sac_auction_noop,1963502950,5.4431934842250485,5.44294245517767,0.1584389621835527,0.1584389621835347,0.0,99.84156103781643,0
sac_verified_history,historical_sp500_midquotes,MSFT,sac_auction_noop,1703319850,-23.329964025018853,-23.3348368961749,0.6980595358596275,0.698059535859625,0.0,99.30194046414036,0
sac_verified_history,historical_sp500_midquotes,MSFT,sac_auction_noop,1313726939,21.521130110168087,21.519656032529088,0.383937187440651,0.3839371874406669,0.0,99.61606281255936,0
sac_verified_history,historical_sp500_midquotes,MSFT,sac_auction_noop,1061055793,20.34732986475501,20.34531418989259,0.4489626780054578,0.4489626780054783,0.0,99.55103732199454,0
sac_verified_history,historical_sp500_midquotes,MSFT,sac_auction_noop,1067007710,13.946825840863312,13.944713307693632,0.459623016142558,0.4596230161425709,0.0,99.54037698385744,0
sac_verified_history,historical_sp500_midquotes,MSFT,sac_auction_noop,40720655,8.118958852888682,8.118958852561851,0.0001807843736827,0.0001807843736965,0.0,99.99981921562632,0
sac_verified_history,historical_sp500_midquotes,MSFT,sac_auction_noop,1966159132,5.936457061789042,5.848391203675085,2.967589225515468,2.967589225515506,0.0,97.03241077448452,0
sac_verified_history,historical_sp500_midquotes,MSFT,sac_auction_noop,188577770,-31.66571910076709,-31.668721053627216,0.5479007994267562,0.5479007994267562,0.0,99.45209920057324,0
sac_verified_history,historical_sp500_midquotes,MSFT,sac_auction_noop,1402152033,15.271630766861565,15.269789910161402,0.4290520597969731,0.4290520597970115,0.0,99.57094794020304,0
sac_verified_history,historical_sp500_midquotes,MSFT,sac_auction_noop,2092728533,20.09062674976849,20.086519178670816,0.640903354467099,0.640903354467139,0.0,99.3590966455329,0
sac_verified_history,historical_sp500_midquotes,MSFT,sac_auction_noop,1437347273,2.566951877281099,2.5574161891494467,0.9765084808465616,0.9765084808465438,0.0,99.02349151915344,0
sac_verified_history,historical_sp500_midquotes,MSFT,sac_auction_noop,1045146178,-20.00656400816115,-20.008254485734337,0.411154177065697,0.411154177065697,0.0,99.5888458229343,0
sac_verified_history,historical_sp500_midquotes,MSFT,sac_auction_noop,528283994,16.71089095460775,16.703773010081246,0.8436791171115345,0.8436791171115416,0.0,99.15632088288848,0
sac_verified_history,historical_sp500_midquotes,MSFT,sac_auction_noop,36265689,22.821999847228653,22.816576752498932,0.7364166436005917,0.7364166436005934,0.0,99.2635833563994,0
sac_verified_history,historical_sp500_midquotes,MSFT,sac_auction_noop,1193742096,-28.055188088712384,-28.057975897068935,0.5279970034528532,0.5279970034528589,0.0,99.47200299654716,0
sac_verified_history,historical_sp500_midquotes,MSFT,sac_auction_noop,793249015,7.481746602254134,7.478207491661237,0.5949042437986236,0.5949042437986609,0.0,99.40509575620138,0
sac_verified_history,historical_sp500_midquotes,MSFT,sac_auction_noop,1309854583,-28.68551282365661,-28.68808084741389,0.5067567224297846,0.5067567224297846,0.0,99.49324327757022,0
sac_verified_history,historical_sp500_midquotes,MSFT,sac_auction_noop,1144601564,21.42456173469509,21.422155870909105,0.4904960536013192,0.4904960536013476,0.0,99.50950394639868,0
sac_verified_history,historical_sp500_midquotes,MSFT,sac_auction_noop,982973886,3.8745407546284696,3.872057538421051,0.4983187942892044,0.498318794289192,0.0,99.5016812057108,0
sac_verified_history,historical_sp500_midquotes,MSFT,sac_auction_noop,715231342,19.496663357989743,19.49359676532337,0.5537682427129766,0.5537682427129731,0.0,99.44623175728702,0
sac_verified_history,historical_sp500_midquotes,MSFT,sac_auction_noop,2130732657,-28.952843389552072,-28.954125396230584,0.3580512084204201,0.3580512084204095,0.0,99.64194879157958,0
sac_verified_history,historical_sp500_midquotes,MSFT,sac_auction_noop,1234679122,12.075898570994468,12.072198205254985,0.6083063158872619,0.6083063158872406,0.0,99.39169368411274,0
sac_verified_history,historical_sp500_midquotes,MSFT,sac_auction_noop,490149342,17.658013897247656,17.649879115892784,0.9019302276158924,0.9019302276158734,0.0,99.09806977238412,0
sac_verified_history,historical_sp500_midquotes,MSFT,sac_auction_noop,381953676,13.812648594357595,13.811197826647724,0.3808894471987969,0.3808894471987898,0.0,99.6191105528012,0
sac_verified_history,historical_sp500_midquotes,MSFT,sac_auction_noop,478640128,24.63937553765936,21.291129541556025,18.29821301685861,18.2982130168586,0.0,81.70178698314139,0
sac_verified_history,historical_sp500_midquotes,MSFT,sac_auction_noop,951876364,-24.37815110258998,-24.38722156581286,0.95238979535074,0.9523897953506868,0.0,99.04761020464926,0
sac_verified_history,historical_sp500_midquotes,MSFT,sac_auction_noop,723990043,21.31088037820882,20.93296772433669,6.147460076097516,6.147460076097513,0.0,93.85253992390248,0
sac_verified_history,historical_sp500_midquotes,MSFT,sac_auction_noop,487116369,-24.85543998121284,-24.865218608474397,0.9888694181516656,0.9888694181516832,0.0,99.01113058184832,0
sac_verified_history,historical_sp500_midquotes,MSFT,sac_auction_noop,1985429050,17.86511399219671,17.86366345985599,0.3808585486402336,0.3808585486402407,0.0,99.61914145135977,0
sac_verified_history,historical_sp500_midquotes,MSFT,sac_auction_noop,1628956857,7.6645006095805,7.655664742860823,0.9399929105943414,0.9399929105943698,0.0,99.06000708940566,0
sac_verified_history,historical_sp500_midquotes,MSFT,sac_auction_noop,1189523478,11.984171952557515,11.975410332136136,0.93603527825519,0.9360352782551616,0.0,99.0639647217448,0
sac_verified_history,historical_sp500_midquotes,MSFT,sac_auction_noop,1296530916,-21.67333891897033,-22.615870858077333,9.708408412850176,9.708408412850185,0.0,90.29159158714982,0
sac_verified_history,historical_sp500_midquotes,MSFT,sac_auction_noop,707561452,18.716097862357856,18.71056532257766,0.7438104449519471,0.743810444951948,0.0,99.25618955504804,0
sac_verified_history,historical_sp500_midquotes,MSFT,sac_auction_noop,901155818,16.70815465301348,16.702739234384705,0.7358952798309986,0.735895279830963,0.0,99.264104720169,0
sac_verified_history,historical_sp500_midquotes,MSFT,sac_auction_noop,1820860524,-17.643616189414388,-35.06716889579063,41.74152932796814,41.74152932796814,0.0,58.25847067203186,0
sac_verified_history,historical_sp500_midquotes,MSFT,sac_auction_noop,1044185241,-24.744099778203235,-24.74553410602198,0.3787252062835904,0.3787252062836179,0.0,99.6212747937164,0
sac_verified_history,historical_sp500_midquotes,MSFT,sac_auction_noop,591637826,7.31780636707299,7.313234644302921,0.6761451597156594,0.6761451597156771,0.0,99.32385484028434,0
sac_verified_history,historical_sp500_midquotes,MSFT,sac_auction_noop,27222720,-22.882919386365757,-22.906980226150644,1.5511556912473168,1.551155691247307,0.0,98.44884430875268,0
sac_verified_history,historical_sp500_midquotes,MSFT,sac_auction_noop,64598572,19.14545676747912,19.137055425219444,0.9165883623347924,0.9165883623347756,0.0,99.0834116376652,0
sac_verified_history,historical_sp500_midquotes,MSFT,sac_auction_noop,824692580,17.804225216554187,17.799756670153993,0.6684718692805376,0.6684718692805462,0.0,99.33152813071946,0
sac_verified_history,historical_sp500_midquotes,MSFT,sac_auction_noop,1292888439,17.79401917639916,17.78897085640105,0.7105153058246572,0.7105153058246607,0.0,99.28948469417534,0
sac_verified_history,historical_sp500_midquotes,MSFT,sac_auction_noop,1567077053,-21.744866187940715,-27.357905293400933,23.691853252669375,23.691853252669404,0.0,76.30814674733062,0
sac_verified_history,historical_sp500_midquotes,MSFT,sac_auction_noop,1386223455,-28.75704109633989,-28.763412531759183,0.7982127172184761,0.7982127172184077,0.0,99.20178728278152,0
sac_verified_history,historical_sp500_midquotes,MSFT,sac_auction_noop,2103330825,18.161227311189577,18.16070122705614,0.2293652400512655,0.2293652400512655,0.0,99.77063475994872,0
sac_verified_history,historical_sp500_midquotes,MSFT,sac_auction_noop,1713764255,14.68100152799343,14.680667146151048,0.1828611064122469,0.1828611064122149,0.0,99.81713889358775,0
sac_verified_history,historical_sp500_midquotes,MSFT,sac_auction_noop,338169861,19.712555634323508,19.711096152688576,0.3820316262997636,0.3820316262997609,0.0,99.61796837370024,0
sac_verified_history,historical_sp500_midquotes,MSFT,sac_auction_noop,460890984,-29.67519816579625,-29.67764547208446,0.4947025660147659,0.4947025660147908,0.0,99.50529743398523,0
sac_verified_history,historical_sp500_midquotes,MSFT,sac_auction_noop,1844393987,-24.73466673563962,-25.489894752498817,8.690385589024132,8.690385589024197,0.0,91.30961441097588,0
sac_verified_history,historical_sp500_midquotes,MSFT,sac_auction_noop,1032412864,9.522730906845029,9.52261207317511,0.1090108572194168,0.1090108572194012,0.0,99.89098914278058,0
sac_verified_history,historical_sp500_midquotes,MSFT,sac_auction_noop,285977676,20.45595256933848,20.45453334560679,0.376725859437073,0.3767258594370677,0.0,99.62327414056293,0
sac_verified_history,historical_sp500_midquotes,MSFT,sac_auction_noop,1194047159,-29.94235901009415,-29.94993171627921,0.8702129730736203,0.8702129730736146,0.0,99.12978702692638,0
sac_verified_history,historical_sp500_midquotes,MSFT,sac_auction_noop,410795716,12.524784538183669,12.523652086865852,0.336519140289937,0.3365191402899139,0.0,99.66348085971006,0
sac_verified_history,historical_sp500_midquotes,MSFT,sac_auction_noop,1688827796,17.095331373246154,17.088813263249374,0.8073481279335653,0.8073481279335466,0.0,99.19265187206643,0
sac_verified_history,historical_sp500_midquotes,MSFT,sac_auction_noop,1615174803,5.604453358764658,5.595485550818206,0.9469851079321217,0.94698510793211,0.0,99.05301489206788,0
sac_verified_history,historical_sp500_midquotes,MSFT,sac_auction_noop,573603312,4.447260783485035,4.445080766498151,0.4669065202889584,0.4669065202889717,0.0,99.53309347971104,0
sac_verified_history,historical_sp500_midquotes,MSFT,sac_auction_noop,1292648848,-24.71719125854179,-26.039499706454663,11.499167134679254,11.499167134679256,0.0,88.50083286532075,0
sac_verified_history,historical_sp500_midquotes,MSFT,sac_auction_noop,504177273,24.729884753151055,24.725052222564937,0.6951640515819122,0.6951640515819317,0.0,99.30483594841807,0
sac_verified_history,historical_sp500_midquotes,MSFT,sac_auction_noop,2023171617,13.719408555678456,13.71895775779902,0.2123200130548923,0.2123200130548836,0.0,99.78767998694512,0
sac_verified_history,historical_sp500_midquotes,MSFT,sac_auction_noop,155866399,18.223616049124757,18.223601625601113,0.0379783143975203,0.0379783143975052,0.0,99.96202168560248,0
sac_verified_history,historical_sp500_midquotes,MSFT,sac_auction_noop,426465092,22.35756307370684,22.290062543083504,2.598086423184185,2.598086423184182,0.0,97.40191357681582,0
sac_verified_history,historical_sp500_midquotes,MSFT,sac_auction_noop,2075242093,18.63028202808164,18.627356286044193,0.5409012883552293,0.5409012883552302,0.0,99.45909871164476,0
sac_verified_history,historical_sp500_midquotes,MSFT,sac_auction_noop,426948909,13.730136600574042,13.726374788211624,0.6133361527269159,0.613336152726939,0.0,99.38666384727308,0
sac_verified_history,historical_sp500_midquotes,MSFT,sac_auction_noop,40870105,-29.278823611692133,-29.281428430795195,0.5103742845267902,0.5103742845267911,0.0,99.4896257154732,0
sac_verified_history,historical_sp500_midquotes,MSFT,sac_auction_noop,1146798258,-30.56376285956503,-30.56813158124607,0.660963061073673,0.6609630610736623,0.0,99.33903693892633,0
sac_verified_history,historical_sp500_midquotes,MSFT,sac_auction_noop,2070376215,14.006954532547752,13.997293761337286,0.9828922224977674,0.9828922224977674,0.0,99.01710777750225,0
sac_verified_history,historical_sp500_midquotes,MSFT,sac_auction_noop,511062834,2.810577019397897,2.806305964170126,0.653533107636548,0.6535331076365712,0.0,99.34646689236344,0
sac_verified_history,historical_sp500_midquotes,MSFT,sac_auction_noop,1541412974,6.116736741922068,-2.8802141486762505,29.994917720504475,29.99491772050445,0.0,70.00508227949553,0
sac_verified_history,historical_sp500_midquotes,MSFT,sac_auction_noop,376403019,18.74098797174156,17.07774880763913,12.896662995141128,12.896662995141154,0.0,87.10333700485887,0
sac_verified_history,historical_sp500_midquotes,MSFT,sac_auction_noop,1108559752,-21.95346083470577,-22.32601083088032,6.103687378745306,6.103687378745348,0.0,93.8963126212547,0
sac_verified_history,historical_sp500_midquotes,MSFT,sac_auction_noop,1393048108,-18.576653477632135,-18.585402903196112,0.9353836412926028,0.9353836412925904,0.0,99.0646163587074,0
sac_verified_history,historical_sp500_midquotes,MSFT,sac_auction_noop,2023564002,15.678193406210994,15.676650257140777,0.3928293612010805,0.3928293612010893,0.0,99.60717063879892,0
sac_verified_history,historical_sp500_midquotes,MSFT,sac_auction_noop,916344601,20.38786484264529,20.387747437007185,0.1083538823023531,0.1083538823023673,0.0,99.89164611769765,0
sac_verified_history,historical_sp500_midquotes,MSFT,sac_auction_noop,486149422,26.23741783009791,18.00362492128618,28.694586438580615,28.694586438580593,0.0,71.30541356141939,0
sac_verified_history,historical_sp500_midquotes,MSFT,sac_auction_noop,410404482,20.777709229869288,19.14942369184476,12.7604292170151,12.76042921701511,0.0,87.2395707829849,0
sac_verified_history,historical_sp500_midquotes,MSFT,sac_auction_noop,848518413,19.291812338076852,19.291084791654303,0.2697306846738598,0.2697306846738696,0.0,99.73026931532614,0
sac_verified_history,historical_sp500_midquotes,MSFT,sac_auction_noop,1216465325,-21.831618097841783,-22.85294837517228,10.106088646605585,10.106088646605558,0.0,89.89391135339442,0
sac_verified_history,historical_sp500_midquotes,MSFT,sac_auction_noop,1701726968,18.868099714674827,18.8632978285754,0.6929564271604249,0.6929564271604014,0.0,99.30704357283958,0
sac_verified_history,historical_sp500_midquotes,MSFT,sac_auction_noop,1739537596,18.3764213301165,18.374428629641475,0.4463967377820097,0.4463967377820133,0.0,99.553603262218,0
sac_verified_history,historical_sp500_midquotes,MSFT,sac_auction_noop,2050860255,11.129494547036302,11.12704836076766,0.4945893517495676,0.4945893517495472,0.0,99.50541064825045,0
sac_verified_history,historical_sp500_midquotes,MSFT,sac_auction_noop,218238821,13.212816624096376,13.208671251912593,0.6438456479457102,0.6438456479456818,0.0,99.35615435205428,0
sac_verified_history,historical_sp500_midquotes,MSFT,sac_auction_noop,128588240,10.22016971575249,10.213608779604687,0.8099960584967789,0.809996058496786,0.0,99.19000394150322,0
sac_verified_history,historical_sp500_midquotes,MSFT,sac_auction_noop,1162542574,8.863990590634785,8.859420728406407,0.6760075612283032,0.6760075612282854,0.0,99.3239924387717,0
sac_verified_history,historical_sp500_midquotes,MSFT,sac_auction_noop,1005643756,19.80076590048884,19.791680924313845,0.9531514137322574,0.953151413732242,0.0,99.04684858626774,0
sac_verified_history,historical_sp500_midquotes,MSFT,sac_auction_noop,711572297,3.025787959284571,3.0205119627637576,0.7263605523989867,0.7263605523989829,0.0,99.273639447601,0
sac_verified_history,historical_sp500_midquotes,MSFT,sac_auction_noop,501043199,-24.98243195115356,-24.98778549922419,0.7316794428321884,0.7316794428321878,0.0,99.2683205571678,0
sac_verified_history,historical_sp500_midquotes,MSFT,sac_auction_noop,1291999351,23.414216099514302,17.93566444908979,23.406306095632655,23.406306095632683,0.0,76.59369390436734,0
sac_verified_history,historical_sp500_midquotes,MSFT,sac_auction_noop,102182588,-17.333188327142125,-18.22078820501825,9.421251922521392,9.42125192252136,0.0,90.5787480774786,0
sac_verified_history,historical_sp500_midquotes,MSFT,sac_auction_noop,2119210718,19.06567661839472,19.06489196322238,0.2801169706283843,0.2801169706283661,0.0,99.71988302937162,0
sac_verified_history,historical_sp500_midquotes,MSFT,sac_auction_noop,1109208492,20.26595194589754,20.26489489360661,0.3251234059455896,0.3251234059455967,0.0,99.6748765940544,0
sac_verified_history,historical_sp500_midquotes,MSFT,sac_auction_noop,1274300456,-15.15670001631588,-15.158702453958515,0.4474860492388615,0.4474860492388437,0.0,99.55251395076114,0
sac_verified_history,historical_sp500_midquotes,MSFT,sac_auction_noop,1256771816,-27.873376429801283,-27.882530180847994,0.956752373747264,0.956752373747258,0.0,99.04324762625274,0
sac_verified_history,historical_sp500_midquotes,MSFT,sac_auction_noop,1077857574,5.165817524779413,5.165267164853224,0.2345975119625194,0.2345975119625096,0.0,99.76540248803748,0
sac_verified_history,historical_sp500_midquotes,MSFT,sac_auction_noop,1100698389,20.845229672782807,20.843015950853292,0.4705020647687092,0.4705020647687128,0.0,99.52949793523128,0
sac_verified_history,historical_sp500_midquotes,MSFT,sac_auction_noop,795778257,18.439568975712973,18.437796681369807,0.4209862638099082,0.420986263809894,0.0,99.57901373619008,0
sac_verified_history,historical_sp500_midquotes,MSFT,sac_auction_noop,1548246893,18.675255222720807,18.66772693336933,0.867657152997424,0.8676571529974608,0.0,99.13234284700258,0
sac_verified_history,historical_sp500_midquotes,MSFT,sac_auction_noop,633707972,18.070487573028004,18.06953892548742,0.3080012241179872,0.3080012241179908,0.0,99.691998775882,0
sac_verified_history,historical_sp500_midquotes,MSFT,sac_auction_noop,983296256,-22.86305655065189,-24.876800021629897,14.190642941664066,14.19064294166407,0.0,85.80935705833593,0
sac_verified_history,historical_sp500_midquotes,MSFT,sac_auction_noop,487951037,19.093494517712315,19.09188547680369,0.4011285216272853,0.4011285216273155,0.0,99.59887147837271,0
sac_verified_history,historical_sp500_midquotes,MSFT,sac_auction_noop,978154369,17.814797240760527,17.807186841100055,0.8723760462365675,0.8723760462365506,0.0,99.12762395376345,0
sac_verified_history,historical_sp500_midquotes,MSFT,sac_auction_noop,554788091,18.449368920932105,18.44146939845474,0.8887925785785313,0.8887925785785527,0.0,99.11120742142148,0
sac_verified_history,historical_sp500_midquotes,MSFT,sac_auction_noop,2090199347,-17.867470352481178,-17.871637658947602,0.6455467811417179,0.6455467811417233,0.0,99.35445321885828,0
sac_verified_history,historical_sp500_midquotes,MSFT,sac_auction_noop,2069017976,8.603388785615607,8.603213047497462,0.1325662544330583,0.1325662544330299,0.0,99.86743374556694,0
sac_verified_history,historical_sp500_midquotes,MSFT,sac_auction_noop,945043387,16.344633552875166,16.343939883452556,0.2633760472426019,0.2633760472426256,0.0,99.7366239527574,0
sac_verified_history,historical_sp500_midquotes,MSFT,sac_auction_noop,1939521563,20.4191497099182,20.409467763358705,0.983968828748914,0.9839688287489068,0.0,99.01603117125109,0
sac_verified_history,historical_sp500_midquotes,MSFT,sac_auction_noop,837962510,18.620140550459837,18.61800037504091,0.4626202999138797,0.4626202999138868,0.0,99.53737970008612,0
sac_verified_history,historical_sp500_midquotes,MSFT,sac_auction_noop,1294936529,-26.160976376337203,-26.2612282348537,3.1662573887240626,3.166257388724058,0.0,96.83374261127594,0
sac_verified_history,historical_sp500_midquotes,MSFT,sac_auction_noop,1783232423,8.510571226444881,8.500995496681869,0.9785565779766188,0.978556577976601,0.0,99.02144342202338,0
sac_verified_history,historical_sp500_midquotes,MSFT,sac_auction_noop,133555220,10.44499350060687,10.435845858578125,0.9564330624118752,0.9564330624118778,0.0,99.04356693758812,0
sac_verified_history,historical_sp500_midquotes,MSFT,sac_auction_noop,727659984,-26.374553475261564,-26.377026388500067,0.4972839469056822,0.4972839469056875,0.0,99.50271605309432,0
sac_verified_history,historical_sp500_midquotes,MSFT,sac_auction_noop,1045640949,27.873701454936963,27.872404394119236,0.3601473056577902,0.3601473056578115,0.0,99.6398526943422,0
sac_verified_history,historical_sp500_midquotes,MSFT,sac_auction_noop,1498406538,19.74398608977208,19.743978277749648,0.0279499954050379,0.0279499954050734,0.0,99.97205000459496,0
sac_verified_history,historical_sp500_midquotes,MSFT,sac_auction_noop,894023265,5.690617196547464,5.6889833533062095,0.4042082682547345,0.4042082682547145,0.0,99.59579173174528,0
sac_verified_history,historical_sp500_midquotes,MSFT,sac_auction_noop,1456034043,15.60023822896801,15.594115414910153,0.7824841249416323,0.7824841249416234,0.0,99.21751587505835,0
sac_verified_history,historical_sp500_midquotes,MSFT,sac_auction_noop,2145465691,9.980883450678448,9.977943862460204,0.5421796951422237,0.5421796951422291,0.0,99.45782030485778,0
sac_verified_history,historical_sp500_midquotes,MSFT,sac_auction_noop,1645332470,-26.37881841710805,-26.38528014939661,0.8038490087423611,0.8038490087423475,0.0,99.19615099125764,0
sac_verified_history,historical_sp500_midquotes,MSFT,sac_auction_noop,1703360263,8.493944510080837,8.484832257175874,0.9545812121010612,0.9545812121010648,0.0,99.04541878789894,0
sac_verified_history,historical_sp500_midquotes,MSFT,sac_auction_noop,1254093673,17.623049693189387,17.619978301445627,0.5542013843142399,0.554201384314251,0.0,99.44579861568576,0
sac_verified_history,historical_sp500_midquotes,MSFT,sac_auction_noop,679604879,19.39352699867959,19.39128241319124,0.4737705656066282,0.4737705656065882,0.0,99.52622943439336,0
sac_verified_history,historical_sp500_midquotes,MSFT,sac_auction_noop,1800514979,20.53269515728789,20.523080210959613,0.9805583270911172,0.9805583270911038,0.0,99.01944167290888,0
sac_verified_history,historical_sp500_midquotes,MSFT,sac_auction_noop,1009107304,12.898663697205848,12.891730522797184,0.8326568566140224,0.8326568566139962,0.0,99.16734314338598,0
sac_verified_history,historical_sp500_midquotes,MSFT,sac_auction_noop,1459119855,17.666694520707097,17.665573489805567,0.3348179955634975,0.3348179955634753,0.0,99.6651820044365,0
sac_verified_history,historical_sp500_midquotes,MSFT,sac_auction_noop,2082327116,15.036765692417248,15.028395206942342,0.914903572782734,0.914903572782718,0.0,99.08509642721728,0
sac_verified_history,historical_sp500_midquotes,MSFT,sac_auction_noop,1795215048,10.855303675871257,10.853816943785397,0.3855816497005833,0.3855816497005691,0.0,99.61441835029942,0
sac_verified_history,historical_sp500_midquotes,MSFT,sac_auction_noop,1559844699,18.927424737184992,18.92497934686025,0.4945088800761681,0.4945088800761885,0.0,99.50549111992385,0
sac_verified_history,historical_sp500_midquotes,MSFT,sac_auction_noop,1337581818,17.3531472621562,17.34995652295613,0.5648662850683337,0.5648662850683284,0.0,99.43513371493168,0
sac_verified_history,historical_sp500_midquotes,MSFT,sac_auction_noop,1567278356,15.94700888733678,15.944213825738071,0.5286834212178775,0.5286834212178804,0.0,99.47131657878212,0
sac_verified_history,historical_sp500_midquotes,MSFT,sac_auction_noop,1391644635,17.424165473348694,17.416199260592034,0.8925364282011827,0.8925364282011579,0.0,99.10746357179882,0
sac_verified_history,historical_sp500_midquotes,MSFT,sac_auction_noop,1226640195,17.157126159070685,17.15429041493648,0.5325170545820441,0.5325170545820271,0.0,99.46748294541796,0
sac_verified_history,historical_sp500_midquotes,MSFT,sac_auction_noop,573081701,21.497517488176527,10.551786313478042,33.084333414319346,33.08433341431936,0.0,66.91566658568065,0
sac_verified_history,historical_sp500_midquotes,MSFT,sac_auction_noop,856702353,18.436695555330516,18.43582217067568,0.2955308198540791,0.2955308198540844,0.0,99.70446918014592,0
sac_verified_history,historical_sp500_midquotes,MSFT,sac_auction_noop,969233424,13.9229539131029,13.92255857965123,0.1988299403184328,0.1988299403184155,0.0,99.80117005968155,0
sac_verified_history,historical_sp500_midquotes,MSFT,sac_auction_noop,2038887002,3.346809283899347,3.346780307910501,0.0538293496579456,0.053829349657922,0.0,99.94617065034204,0
sac_verified_history,historical_sp500_midquotes,MSFT,sac_auction_noop,748193112,-24.88028592732917,-24.889308169601843,0.9498548453672556,0.9498548453672376,0.0,99.05014515463274,0
sac_verified_history,historical_sp500_midquotes,MSFT,sac_auction_noop,1403188372,-22.26545685331257,-22.27191801397986,0.8038134526922533,0.8038134526922516,0.0,99.19618654730776,0
sac_verified_history,historical_sp500_midquotes,MSFT,sac_auction_noop,688156671,4.245525626985909,-8.64600635244492,35.904779597472555,35.904779597472576,0.0,64.09522040252745,0
sac_verified_history,historical_sp500_midquotes,MSFT,sac_auction_noop,1293707997,16.299336389816744,16.293285722317517,0.7778603665972952,0.777860366597313,0.0,99.2221396334027,0
sac_verified_history,historical_sp500_midquotes,MSFT,sac_auction_noop,1017816127,19.285050659549597,19.28092925300605,0.6419818177758145,0.6419818177758039,0.0,99.3580181822242,0
sac_verified_history,historical_sp500_midquotes,MSFT,sac_auction_noop,928547401,14.35984506296336,14.356234229505448,0.6009021099904857,0.6009021099904857,0.0,99.39909789000951,0
sac_verified_history,historical_sp500_midquotes,MSFT,sac_auction_noop,804851501,5.717915858267588,5.714237911286643,0.6064607968322662,0.6064607968323097,0.0,99.39353920316772,0
sac_verified_history,historical_sp500_midquotes,MSFT,sac_auction_noop,1120019183,9.506952348629056,9.505190339704953,0.4197629002309782,0.4197629002309746,0.0,99.58023709976902,0
sac_verified_history,historical_sp500_midquotes,MSFT,sac_auction_noop,1119490863,-26.80521744820362,-26.811621141965055,0.8002308267889902,0.8002308267889975,0.0,99.199769173211,0
sac_verified_history,historical_sp500_midquotes,MSFT,sac_auction_noop,783363503,7.752630208060509,7.752612237663788,0.0423915047160221,0.0423915047160381,0.0,99.95760849528398,0
sac_verified_history,historical_sp500_midquotes,MSFT,sac_auction_noop,205944131,18.61077524074244,18.608253823241444,0.5021371825504843,0.5021371825504823,0.0,99.49786281744952,0
sac_verified_history,historical_sp500_midquotes,MSFT,sac_auction_noop,446079182,13.647381779044736,13.64443698715387,0.5426593674549167,0.5426593674549132,0.0,99.45734063254508,0
sac_verified_history,historical_sp500_midquotes,MSFT,sac_auction_noop,2128949063,17.234878324670717,17.234739204214574,0.1179493349472551,0.1179493349472418,0.0,99.88205066505274,0
sac_verified_history,historical_sp500_midquotes,MSFT,sac_auction_noop,708828196,17.56559720531186,17.55930314955496,0.7933508528325319,0.7933508528325248,0.0,99.20664914716748,0
sac_verified_history,historical_sp500_midquotes,MSFT,sac_auction_noop,907135295,16.691017843866575,16.68925606753811,0.419735193719049,0.419735193719049,0.0,99.58026480628097,0
sac_verified_history,historical_sp500_midquotes,MSFT,sac_auction_noop,1179243183,5.74535786715569,5.745082445638117,0.1659582831839117,0.1659582831838948,0.0,99.83404171681607,0
sac_verified_history,historical_sp500_midquotes,MSFT,sac_auction_noop,1200595667,1.5386405227509383,1.5381900293706376,0.2122482933502851,0.2122482933502567,0.0,99.78775170664971,0
sac_verified_history,historical_sp500_midquotes,MSFT,sac_auction_noop,1138669996,-23.804202279263336,-23.805216829073803,0.3185199853177778,0.3185199853178013,0.0,99.68148001468222,0
sac_verified_history,historical_sp500_midquotes,MSFT,sac_auction_noop,299092708,17.966883770019194,17.959794778548517,0.8419614878767447,0.8419614878767661,0.0,99.15803851212326,0
sac_verified_history,historical_sp500_midquotes,MSFT,sac_auction_noop,1606240066,19.19832246815531,17.0782977725273,14.560304583448826,14.56030458344883,0.0,85.43969541655117,0
sac_verified_history,historical_sp500_midquotes,MSFT,sac_auction_noop,1592479411,7.594022393463092,5.7490281400304895,13.583056553782754,13.58305655378274,0.0,86.41694344621725,0
sac_verified_history,historical_sp500_midquotes,MSFT,sac_auction_noop,1232823009,10.24128598198513,10.238602925702669,0.5179822663432248,0.5179822663432265,0.0,99.48201773365678,0
sac_verified_history,historical_sp500_midquotes,MSFT,sac_auction_noop,1380936168,19.362265392484915,19.36133642289911,0.3047900237538101,0.3047900237538066,0.0,99.6952099762462,0
sac_verified_history,historical_sp500_midquotes,MSFT,sac_auction_noop,1485723813,5.520815501617108,5.5112282751862445,0.9791438316643166,0.979143831664322,0.0,99.02085616833568,0
sac_verified_history,historical_sp500_midquotes,MSFT,sac_auction_noop,1476988550,18.934603186595268,18.92953120563131,0.7121784161261502,0.7121784161261386,0.0,99.28782158387384,0
sac_verified_history,historical_sp500_midquotes,MSFT,sac_auction_noop,426644302,20.84802591462176,20.838313627162293,0.9855093839971828,0.98550938399719,0.0,99.01449061600282,0
sac_verified_history,historical_sp500_midquotes,MSFT,sac_auction_noop,1492118510,24.7874400581004,17.690150986540488,26.64073773670675,26.64073773670675,0.0,73.35926226329325,0
sac_verified_history,historical_sp500_midquotes,MSFT,sac_auction_noop,1871437067,-20.274295347011503,-20.281894775466377,0.8717470077306047,0.8717470077306224,0.0,99.1282529922694,0
sac_verified_history,historical_sp500_midquotes,MSFT,sac_auction_noop,1821522104,-29.623073996122912,-29.62611899356465,0.5518149546481794,0.5518149546482096,0.0,99.44818504535182,0
sac_verified_history,historical_sp500_midquotes,MSFT,sac_auction_noop,1233002065,22.268273425710504,22.263156246067,0.7153446472510012,0.7153446472509657,0.0,99.284655352749,0
sac_verified_history,historical_sp500_midquotes,MSFT,sac_auction_noop,1249666141,-29.975193995642258,-30.00537486443257,1.7372641937919582,1.7372641937919449,0.0,98.26273580620804,0
sac_verified_history,historical_sp500_midquotes,MSFT,sac_auction_noop,1377485117,-24.99120791958376,-24.9918824122572,0.2597099677412302,0.2597099677412267,0.0,99.74029003225876,0
sac_verified_history,historical_sp500_midquotes,MSFT,sac_auction_noop,1667673182,10.919760767850676,10.913248814850288,0.8069667279626884,0.8069667279626778,0.0,99.19303327203733,0
sac_verified_history,historical_sp500_midquotes,MSFT,sac_auction_noop,257835634,20.60704230768897,20.593551549919795,1.1614972134782562,1.1614972134782515,0.0,98.83850278652174,0
sac_verified_history,historical_sp500_midquotes,MSFT,sac_auction_noop,1475908961,-23.280700957568115,-23.42819512422897,3.840496929576389,3.8404969295763856,0.0,96.1595030704236,0
sac_verified_history,historical_sp500_midquotes,MSFT,sac_auction_noop,847186143,13.263860525827113,13.260077285578596,0.6150805027405966,0.6150805027405681,0.0,99.3849194972594,0
sac_verified_history,historical_sp500_midquotes,MSFT,sac_auction_noop,454152926,18.52038506322242,18.51313817242371,0.8512867201307444,0.8512867201307599,0.0,99.14871327986926,0
sac_verified_history,historical_sp500_midquotes,MSFT,sac_auction_noop,745543570,14.48127439279051,14.479579676213213,0.4116693548586312,0.411669354858639,0.0,99.58833064514135,0
sac_verified_history,historical_sp500_midquotes,MSFT,sac_auction_noop,2040040035,19.640403036773932,19.351633992181817,5.373723519051936,5.373723519051943,0.0,94.62627648094806,0
sac_verified_history,historical_sp500_midquotes,MSFT,sac_auction_noop,857589213,-16.589083090288113,-16.589488407412954,0.2013248928574,0.2013248928574231,0.0,99.7986751071426,0
sac_verified_history,historical_sp500_midquotes,MSFT,sac_auction_noop,447631993,13.970456404640572,13.962052657193912,0.9167195561708468,0.916719556170876,0.0,99.08328044382915,0
sac_verified_history,historical_sp500_midquotes,MSFT,sac_auction_noop,1053736358,9.081431340036945,9.078829923903823,0.5100407957328912,0.5100407957328912,0.0,99.48995920426712,0
sac_verified_history,historical_sp500_midquotes,MSFT,sac_auction_noop,1123074415,-15.91882091392472,-17.443290068203595,12.34693951665301,12.34693951665301,0.0,87.65306048334699,0
sac_verified_history,historical_sp500_midquotes,MSFT,sac_auction_noop,896949228,3.5462197614597244,3.537169180811274,0.9513453972375032,0.9513453972375264,0.0,99.0486546027625,0
sac_verified_history,historical_sp500_midquotes,MSFT,sac_auction_noop,532798302,-32.433123385562794,-32.433778630888476,0.2559776016929618,0.2559776016929604,0.0,99.74402239830704,0
sac_verified_history,historical_sp500_midquotes,MSFT,sac_auction_noop,1798006985,-26.42935585102532,-26.429444032725858,0.093905111966805,0.0939051119668104,0.0,99.9060948880332,0
sac_verified_history,historical_sp500_midquotes,MSFT,sac_auction_noop,1380983522,11.442960630523883,10.26211731561556,10.86666146941336,10.86666146941334,0.0,89.13333853058664,0
sac_verified_history,historical_sp500_midquotes,MSFT,sac_auction_noop,516067115,18.309001590087064,18.30897551584172,0.0510629467853789,0.0510629467853824,0.0,99.94893705321462,0
sac_verified_history,historical_sp500_midquotes,MSFT,sac_auction_noop,181677896,-26.095119989233353,-27.843598187729253,13.223003435286174,13.223003435286168,0.0,86.77699656471383,0
sac_verified_history,historical_sp500_midquotes,MSFT,sac_auction_noop,1412098877,14.184700320760385,14.18292789985482,0.4210012951955661,0.4210012951955679,0.0,99.57899870480443,0
sac_verified_history,historical_sp500_midquotes,MSFT,sac_auction_noop,592480532,18.071425415895646,18.0699259767523,0.3872259215682874,0.3872259215682962,0.0,99.61277407843173,0
sac_verified_history,historical_sp500_midquotes,MSFT,sac_auction_noop,1462116845,19.92985955145741,19.9271983876091,0.5158646962441935,0.5158646962441749,0.0,99.4841353037558,0
sac_verified_history,historical_sp500_midquotes,MSFT,sac_auction_noop,1877161225,20.51889129974552,20.513361438359663,0.7436303776646724,0.7436303776646813,0.0,99.25636962233531,0
sac_verified_history,historical_sp500_midquotes,MSFT,sac_auction_noop,1814894336,21.740070310763254,21.73985246897467,0.1475946437328872,0.1475946437328907,0.0,99.85240535626713,0
sac_verified_history,historical_sp500_midquotes,MSFT,sac_auction_noop,917024862,17.964808876051393,17.957899291637172,0.8312391000320503,0.8312391000320449,0.0,99.16876089996796,0
sac_verified_history,historical_sp500_midquotes,MSFT,sac_auction_noop,614922330,16.820101042229,16.819632299122866,0.2165047588698456,0.2165047588698243,0.0,99.78349524113015,0
sac_verified_history,historical_sp500_midquotes,MSFT,sac_auction_noop,1801437930,0.1759982785824831,0.1741968604079605,0.4244311692751381,0.4244311692751457,0.0,99.57556883072486,0
sac_verified_history,historical_sp500_midquotes,MSFT,sac_auction_noop,1380610365,27.60350327785818,27.595181685175376,0.9122276406033194,0.912227640603282,0.0,99.08777235939668,0
sac_verified_history,historical_sp500_midquotes,MSFT,sac_auction_noop,236614752,3.22326203556986,3.2231011094116964,0.1268566743075609,0.1268566743075876,0.0,99.87314332569244,0
sac_verified_history,historical_sp500_midquotes,MSFT,sac_auction_noop,834408283,8.896628886885082,8.892460854490766,0.645603004509411,0.6456030045094083,0.0,99.3543969954906,0
sac_verified_history,historical_sp500_midquotes,MSFT,sac_auction_noop,2011776523,18.55926871580959,18.55701619707511,0.4746070726908016,0.4746070726907794,0.0,99.5253929273092,0
sac_verified_history,historical_sp500_midquotes,MSFT,sac_auction_noop,1226258546,2.7141599751867034,2.711658168744216,0.5001806116282097,0.5001806116281893,0.0,99.4998193883718,0
sac_verified_history,historical_sp500_midquotes,MSFT,sac_auction_noop,1616321187,19.534590009887324,19.534378051337654,0.1455879629880314,0.1455879629880141,0.0,99.85441203701195,0
sac_verified_history,historical_sp500_midquotes,MSFT,sac_auction_noop,1672306602,23.951380946378777,17.71301573722151,24.976719578754256,24.976719578754263,0.0,75.02328042124574,0
sac_verified_history,historical_sp500_midquotes,MSFT,sac_auction_noop,1762600914,-21.55065202228434,-21.560363380139737,0.9854622192352168,0.9854622192351944,0.0,99.01453778076478,0
sac_verified_history,historical_sp500_midquotes,MSFT,sac_auction_noop,994946334,9.554812217555082,9.547527117303543,0.8535279873288317,0.8535279873288015,0.0,99.14647201267115,0
sac_verified_history,historical_sp500_midquotes,MSFT,sac_auction_noop,909382858,14.863359825367295,14.857200227404125,0.7848310622784851,0.784831062278482,0.0,99.21516893772151,0
sac_verified_history,historical_sp500_midquotes,MSFT,sac_auction_noop,26993609,15.878129686279864,15.877571897499507,0.2361755237854765,0.2361755237854668,0.0,99.76382447621452,0
sac_verified_history,historical_sp500_midquotes,MSFT,sac_auction_noop,1773145257,18.921665271771417,18.91956882306319,0.4578699278423954,0.4578699278424132,0.0,99.5421300721576,0
sac_verified_history,historical_sp500_midquotes,MSFT,sac_auction_noop,706407932,1.536390031382325,1.532545516030483,0.6200415592395387,0.6200415592395458,0.0,99.37995844076046,0
sac_verified_history,historical_sp500_midquotes,MSFT,sac_auction_noop,331383041,-15.211698474126024,-15.211764666911586,0.0813589488392381,0.0813589488392558,0.0,99.91864105116076,0
sac_verified_history,historical_sp500_midquotes,MSFT,sac_auction_noop,279983631,17.528045959188603,17.520930846216384,0.8435112905124527,0.8435112905124265,0.0,99.15648870948756,0
sac_verified_history,historical_sp500_midquotes,MSFT,sac_auction_noop,104944766,-12.953216121648438,-12.959474971582042,0.7911289359898177,0.7911289359898002,0.0,99.20887106401018,0
sac_verified_history,historical_sp500_midquotes,MSFT,sac_auction_noop,1398718536,18.99635570317696,18.993949973149665,0.490482418369524,0.4904824183695402,0.0,99.50951758163048,0
sac_verified_history,historical_sp500_midquotes,MSFT,sac_auction_noop,1382436732,-22.443970857571912,-22.44415722238931,0.1365154999987794,0.1365154999987599,0.0,99.86348450000122,0
sac_verified_history,historical_sp500_midquotes,MSFT,sac_auction_noop,1822786061,4.397410172665332,4.20476838901883,4.389097670894316,4.3890976708943406,0.0,95.61090232910568,0
sac_verified_history,historical_sp500_midquotes,MSFT,sac_auction_noop,879773370,16.334662238319652,16.239138606883184,3.090689752085524,3.0906897520855443,0.0,96.90931024791448,0
sac_verified_history,historical_sp500_midquotes,MSFT,sac_auction_noop,2043945046,7.714692540019314,7.398300355090567,5.624874975754963,5.624874975754997,0.0,94.37512502424504,0
sac_verified_history,historical_sp500_midquotes,MSFT,sac_auction_noop,1458350865,20.60243368260308,20.599618283413605,0.5306033536901538,0.5306033536901855,0.0,99.46939664630985,0
sac_verified_history,historical_sp500_midquotes,MSFT,sac_auction_noop,1570091229,0.6029347006897297,0.6019296007902393,0.3170331054464697,0.3170331054464732,0.0,99.68296689455352,0
sac_verified_history,historical_sp500_midquotes,MSFT,sac_auction_noop,1963377882,14.454129370969897,14.453729651064103,0.199929964185344,0.1999299641853014,0.0,99.80007003581466,0
sac_verified_history,historical_sp500_midquotes,MSFT,sac_auction_noop,922385963,17.234993392497927,17.234870300300738,0.1109469229800765,0.1109469229800677,0.0,99.88905307701992,0
sac_verified_history,historical_sp500_midquotes,MSFT,sac_auction_noop,1134397302,-15.55690882998897,-22.38285020363375,26.126502585774432,26.126502585774436,0.0,73.87349741422557,0
sac_verified_history,historical_sp500_midquotes,MSFT,sac_auction_noop,1361953339,4.0058243907442375,4.002973212939823,0.5339642126973416,0.5339642126973179,0.0,99.46603578730266,0
sac_verified_history,historical_sp500_midquotes,MSFT,sac_auction_noop,1031019006,-29.946661121288344,-29.95287111260067,0.7880349809701528,0.7880349809701279,0.0,99.21196501902983,0
sac_verified_history,historical_sp500_midquotes,MSFT,sac_auction_noop,53419154,23.349976474866708,23.34082493908735,0.9566365965901014,0.9566365965901014,0.0,99.0433634034099,0
sac_verified_history,historical_sp500_midquotes,MSFT,sac_auction_noop,1338190356,-26.55167237662863,-27.9769170502808,11.938361167480934,11.938361167480949,0.0,88.06163883251907,0
sac_verified_history,historical_sp500_midquotes,MSFT,sac_auction_noop,250858187,19.501580529728017,19.499348616093872,0.472431331956912,0.4724313319569262,0.0,99.52756866804307,0
sac_verified_history,historical_sp500_midquotes,MSFT,sac_auction_noop,2129749168,17.50201998319426,17.493451273922137,0.9256732291755014,0.925673229175506,0.0,99.0743267708245,0
sac_verified_history,historical_sp500_midquotes,MSFT,sac_auction_noop,2130738303,14.65803051443254,14.655903659109544,0.4611784169923254,0.4611784169923445,0.0,99.53882158300767,0
sac_verified_history,historical_sp500_midquotes,MSFT,sac_auction_noop,1017956649,19.451861841744176,19.45183563986842,0.0511877678324168,0.0511877678324061,0.0,99.94881223216758,0
sac_verified_history,historical_sp500_midquotes,MSFT,sac_auction_noop,1274680140,21.856694057731147,21.847797759349486,0.9432019074227184,0.9432019074227772,0.0,99.05679809257728,0
sac_verified_history,historical_sp500_midquotes,MSFT,sac_auction_noop,1585408273,18.741862037741157,18.734464705176013,0.8600774712283084,0.8600774712282888,0.0,99.13992252877168,0
sac_verified_history,historical_sp500_midquotes,MSFT,sac_auction_noop,1144086060,6.4115570807935,6.184234745208901,4.76783321420325,4.767833214203272,0.0,95.23216678579676,0
sac_verified_history,historical_sp500_midquotes,MSFT,sac_auction_noop,410286162,8.217014517607822,8.216272287857105,0.2724389382444059,0.272438938244389,0.0,99.7275610617556,0
sac_verified_history,historical_sp500_midquotes,MSFT,sac_auction_noop,373643122,15.604307564384726,15.59860920513484,0.7548747743757076,0.7548747743757032,0.0,99.24512522562428,0
sac_verified_history,historical_sp500_midquotes,MSFT,sac_auction_noop,1500953274,16.29315442449297,16.292600145606396,0.2354312822401993,0.2354312822402064,0.0,99.7645687177598,0
sac_verified_history,historical_sp500_midquotes,MSFT,sac_auction_noop,83988248,19.929056957578723,19.928911179497504,0.1207385941688983,0.1207385941689089,0.0,99.8792614058311,0
sac_verified_history,historical_sp500_midquotes,MSFT,sac_auction_noop,1865270753,-27.979635747762583,-27.980830591700354,0.3456651468933245,0.3456651468933227,0.0,99.65433485310668,0
sac_verified_history,historical_sp500_midquotes,MSFT,sac_auction_noop,2136924679,23.82173140355917,22.526085814199543,11.382642880103148,11.382642880103145,0.0,88.61735711989685,0
sac_verified_history,historical_sp500_midquotes,MSFT,sac_auction_noop,675361705,18.64841471101863,18.6451335010481,0.5728184678003032,0.5728184678003316,0.0,99.4271815321997,0
sac_verified_history,historical_sp500_midquotes,MSFT,sac_auction_noop,1787143916,20.028829356393544,20.02818520442356,0.2538014913240829,0.2538014913240918,0.0,99.74619850867592,0
sac_verified_history,historical_sp500_midquotes,MSFT,sac_auction_noop,1157074811,-31.08910915945853,-32.386902401454336,11.39207286667272,11.392072866672716,0.0,88.60792713332728,0
sac_verified_history,historical_sp500_midquotes,MSFT,sac_auction_noop,346534653,17.58081544032757,17.58077919975641,0.0602001421596014,0.0602001421595828,0.0,99.9397998578404,0
sac_verified_history,historical_sp500_midquotes,MSFT,sac_auction_noop,2029212888,20.449697109288536,20.44268107058914,0.8376179737444005,0.8376179737443681,0.0,99.1623820262556,0
sac_verified_history,historical_sp500_midquotes,MSFT,sac_auction_noop,284833619,-23.84124760091254,-23.84610940276544,0.6972662226797723,0.6972662226797661,0.0,99.30273377732024,0
sac_verified_history,historical_sp500_midquotes,MSFT,sac_auction_noop,963504523,14.619903297274504,14.618088483679394,0.4260062904595543,0.426006290459588,0.0,99.57399370954045,0
sac_verified_history,historical_sp500_midquotes,MSFT,sac_auction_noop,1918322573,16.577511345398307,16.57349957803485,0.633385140610244,0.6333851406102866,0.0,99.36661485938976,0
sac_verified_history,historical_sp500_midquotes,MSFT,sac_auction_noop,344371083,21.498030410468346,21.493458155817404,0.6761844904270475,0.6761844904270635,0.0,99.32381550957297,0
sac_verified_history,historical_sp500_midquotes,MSFT,sac_auction_noop,1588251919,5.8841922419142065,5.883906352110998,0.1690827617495358,0.1690827617495394,0.0,99.83091723825046,0
sac_verified_history,historical_sp500_midquotes,MSFT,sac_auction_noop,152900645,19.777908013045817,19.775862233812976,0.4523029109832492,0.4523029109832279,0.0,99.54769708901676,0
sac_verified_history,historical_sp500_midquotes,MSFT,sac_auction_noop,1891103623,7.746260079644344,7.741625564515581,0.6807727321774308,0.6807727321774335,0.0,99.31922726782255,0
sac_verified_history,historical_sp500_midquotes,MSFT,sac_auction_noop,2085732003,4.575076293487655,-3.93313952327534,29.168846080644,29.168846080643977,0.0,70.831153919356,0
sac_verified_history,historical_sp500_midquotes,MSFT,sac_auction_noop,266216506,19.24205465569321,19.23613965890494,0.7690901630022466,0.7690901630022715,0.0,99.23090983699775,0
sac_verified_history,historical_sp500_midquotes,MSFT,sac_auction_noop,1053758720,-29.250743257849535,-38.47936485484607,30.378646442849515,30.378646442849515,0.0,69.62135355715048,0
sac_verified_history,historical_sp500_midquotes,MSFT,sac_auction_noop,938390068,21.21953699687765,21.216991389119418,0.5045401627456556,0.5045401627456343,0.0,99.49545983725434,0
sac_verified_history,historical_sp500_midquotes,MSFT,sac_auction_noop,857959051,9.782738709676778,9.777347012058746,0.7342817999945339,0.7342817999945552,0.0,99.26571820000548,0
sac_verified_history,historical_sp500_midquotes,MSFT,sac_auction_noop,719206609,15.8098576434586,15.8001587194253,0.9848311547315092,0.9848311547315164,0.0,99.01516884526848,0
sac_verified_history,historical_sp500_midquotes,MSFT,sac_auction_noop,187237339,13.678394724043756,13.668467001930148,0.9963795518579984,0.9963795518579824,0.0,99.003620448142,0
sac_verified_history,historical_sp500_midquotes,MSFT,sac_auction_noop,1809838918,15.748223200953362,15.73855299136431,0.9833722382217474,0.9833722382217348,0.0,99.01662776177824,0
sac_verified_history,historical_sp500_midquotes,MSFT,sac_auction_noop,892651515,13.738352732569185,13.738196644263947,0.1249353053530057,0.1249353053529866,0.0,99.875064694647,0
sac_verified_history,historical_sp500_midquotes,MSFT,sac_auction_noop,1886884439,-19.03703524175762,-19.04114153979015,0.640804028742707,0.640804028742701,0.0,99.3591959712573,0
