run,algorithm,setting,reserve,enabled,env_seed,pnl,objective,opening_inventory,final_inventory,auction_quantity,cancellation_fees,cancels
dqn_verified,dqn,synthetic_rough_heston,0,False,401058792,-10.95106423786092,-10.951236274063794,0.1311625719762759,0.1311625719762768,0.0,0.0,0
dqn_verified,dqn,synthetic_rough_heston,0,False,1822668597,-1.729438507984014,-1.7308029117706545,0.3693783678886149,0.3693783678886184,0.0,0.0,0
dqn_verified,dqn,synthetic_rough_heston,0,False,1465431171,2.410649434074003,2.4102958333189135,0.1880427491527854,0.1880427491528085,0.0,0.0,0
dqn_verified,dqn,synthetic_rough_heston,0,False,157564097,-2.5006369323527906,-2.508339753018028,0.8776571463411642,0.8776571463411651,0.0,0.0,0
dqn_verified,dqn,synthetic_rough_heston,0,False,245238582,-1.1110456378046365,-1.1178570188949095,0.8253109165807189,0.825310916580726,0.0,0.0,0
dqn_verified,dqn,synthetic_rough_heston,0,False,1117977144,9.008143452951115,9.001879047256391,0.7914799867795779,0.7914799867795903,0.0,0.0,0
dqn_verified,dqn,synthetic_rough_heston,0,False,523826546,-0.0619292836654494,-0.062116184674817,0.1367117439606175,0.1367117439606389,0.0,0.0,0
dqn_verified,dqn,synthetic_rough_heston,0,False,1124484429,-1.676408708353847,-1.6790898908378238,0.517801359980524,0.5178013599805205,0.0,0.0,0
dqn_verified,dqn,synthetic_rough_heston,0,False,171768458,16.35806841136764,16.354401438736573,0.6055553344712479,0.6055553344712195,0.0,0.0,0
dqn_verified,dqn,synthetic_rough_heston,0,False,1868865057,3.0939363025572675,3.0923796722273473,0.3945415478654155,0.3945415478654048,0.0,0.0,0
dqn_verified,dqn,synthetic_rough_heston,0,False,301461638,12.09526830386676,12.095005440982428,0.162130467319244,0.1621304673192334,0.0,0.0,0
dqn_verified,dqn,synthetic_rough_heston,0,False,1387055752,-13.374309757737135,-13.374882519811798,0.2393244815435053,0.2393244815434982,0.0,0.0,0
dqn_verified,dqn,synthetic_rough_heston,0,False,1027367132,-16.35739901960187,-16.36645695354624,0.9517317870267163,0.9517317870267136,0.0,0.0,0
dqn_verified,dqn,synthetic_rough_heston,0,False,1111389845,-15.823595097146608,-15.823615188347786,0.044823209587264,0.0448232095872698,0.0,0.0,0
dqn_verified,dqn,synthetic_rough_heston,0,False,180210118,5.055617969164814,5.0523544587660885,0.5712714239943892,0.5712714239943857,0.0,0.0,0
dqn_verified,dqn,synthetic_rough_heston,0,False,1769597788,8.378346297738972,8.376114536054823,0.4724152499812106,0.4724152499812231,0.0,0.0,0
dqn_verified,dqn,synthetic_rough_heston,0,False,1541083806,-12.650057162185476,-12.656954685769342,0.8305133101802369,0.8305133101802511,0.0,0.0,0
dqn_verified,dqn,synthetic_rough_heston,0,False,2073530583,0.0482486329092353,0.0479236739284669,0.1802661867262713,0.1802661867262962,0.0,0.0,0
dqn_verified,dqn,synthetic_rough_heston,0,False,583456263,22.278011138881993,22.27635300285428,0.4072021644974768,0.4072021644974848,0.0,0.0,0
dqn_verified,dqn,synthetic_rough_heston,0,False,269688897,17.585855232406175,17.584489088275213,0.3696138702702711,0.3696138702702898,0.0,0.0,0
dqn_verified,dqn,synthetic_rough_heston,0,False,977455710,-10.510118878099092,-10.51285466990219,0.5230479713274576,0.5230479713274807,0.0,0.0,0
dqn_verified,dqn,synthetic_rough_heston,0,False,2018195485,-10.593803642588682,-10.595249963804145,0.3803053004447037,0.3803053004446926,0.0,0.0,0
dqn_verified,dqn,synthetic_rough_heston,0,False,1266812912,12.473925891928957,12.473430732476873,0.2225217859187722,0.2225217859187558,0.0,0.0,0
dqn_verified,dqn,synthetic_rough_heston,0,False,1737039599,-20.990948260929144,-20.99274153411421,0.42347056391975,0.42347056391975,0.0,0.0,0
dqn_verified,dqn,synthetic_rough_heston,0,False,476600210,-1.7380626689609926,-1.7413145155757446,0.5702496483779527,0.5702496483779669,0.0,0.0,0
dqn_verified,dqn,synthetic_rough_heston,0,False,392787174,3.314107974723811,3.309875987433152,0.6505372618581902,0.6505372618581511,0.0,0.0,0
dqn_verified,dqn,synthetic_rough_heston,0,False,369185566,3.252073289011605,3.2518709555578895,0.14224396427106,0.1422439642710902,0.0,0.0,0
dqn_verified,dqn,synthetic_rough_heston,0,False,1749636134,-18.85796707309601,-18.864410849160027,0.802731341360257,0.8027313413602446,0.0,0.0,0
dqn_verified,dqn,synthetic_rough_heston,0,False,510732936,5.814335114137066,5.810889558004434,0.5869885972172852,0.5869885972172959,0.0,0.0,0
dqn_verified,dqn,synthetic_rough_heston,0,False,569417501,-12.25236136122112,-12.261566211365889,0.9594191026224764,0.959419102622456,0.0,0.0,0
dqn_verified,dqn,synthetic_rough_heston,0,False,1908420144,-5.1790690001489565,-5.1790916750051865,0.0476181228421239,0.0476181228421275,0.0,0.0,0
dqn_verified,dqn,synthetic_rough_heston,0,False,2034989486,-19.150642243652328,-19.15821483238605,0.8702062246227911,0.8702062246227626,0.0,0.0,0
dqn_verified,dqn,synthetic_rough_heston,0,False,564294971,0.027543797297767,0.0275055382719713,0.0618538808771518,0.0618538808771327,0.0,0.0,0
dqn_verified,dqn,synthetic_rough_heston,0,False,1129817345,1.9707039833974704,1.9684451522884352,0.4752716180285716,0.4752716180285734,0.0,0.0,0
dqn_verified,dqn,synthetic_rough_heston,0,False,1190000565,9.354962166282348,9.354489101041596,0.2175006300571738,0.2175006300571871,0.0,0.0,0
dqn_verified,dqn,synthetic_rough_heston,0,False,1455278866,0.0501079669029422,0.0482750255513029,0.4281286432416209,0.4281286432416431,0.0,0.0,0
dqn_verified,dqn,synthetic_rough_heston,0,False,1760722551,-4.0622759203506575,-4.069039473023713,0.8224082120854064,0.8224082120853957,0.0,0.0,0
dqn_verified,dqn,synthetic_rough_heston,0,False,328726188,2.928956267571266,2.9245821772460547,0.6613690592408403,0.6613690592408297,0.0,0.0,0
dqn_verified,dqn,synthetic_rough_heston,0,False,232867167,0.7356894801323506,0.7345172847774425,0.3423733860725946,0.3423733860725946,0.0,0.0,0
dqn_verified,dqn,synthetic_rough_heston,0,False,628415013,15.222543755337028,15.222172575756638,0.1926602139496367,0.1926602139496456,0.0,0.0,0
dqn_verified,dqn,synthetic_rough_heston,0,False,55294341,7.316587994489964,7.315789250644517,0.2826205663866687,0.2826205663866594,0.0,0.0,0
dqn_verified,dqn,synthetic_rough_heston,0,False,587962707,5.908358363221851,5.907672067148309,0.2619725316787509,0.2619725316787797,0.0,0.0,0
dqn_verified,dqn,synthetic_rough_heston,0,False,829705679,10.631464154521382,10.62638535965313,0.7126566402028516,0.712656640202864,0.0,0.0,0
dqn_verified,dqn,synthetic_rough_heston,0,False,379368625,-3.4147252193688473,-3.4147262205482845,0.0100058954475485,0.0100058954475565,0.0,0.0,0
dqn_verified,dqn,synthetic_rough_heston,0,False,205709869,10.433392436030772,10.432038107228385,0.3680120653439047,0.3680120653438967,0.0,0.0,0
dqn_verified,dqn,synthetic_rough_heston,0,False,865592973,-21.03959026546545,-21.046322512753022,0.8205027292809461,0.8205027292809461,0.0,0.0,0
dqn_verified,dqn,synthetic_rough_heston,0,False,675392413,4.539891142007036,4.531829009801544,0.8978937690780668,0.897893769078081,0.0,0.0,0
dqn_verified,dqn,synthetic_rough_heston,0,False,1422536529,13.141558250299568,13.137040472853991,0.6721441397180854,0.6721441397180872,0.0,0.0,0
dqn_verified,dqn,synthetic_rough_heston,0,False,1001327361,16.691612633587283,16.690352121099167,0.3550369682321701,0.355036968232163,0.0,0.0,0
dqn_verified,dqn,synthetic_rough_heston,0,False,1177952687,16.08943779317815,16.086955263234053,0.4982499316705286,0.4982499316705393,0.0,0.0,0
dqn_verified,dqn,synthetic_rough_heston,0,False,1810240606,-1.1446033743668522,-1.1537423584313098,0.95598033789706,0.9559803378970528,0.0,0.0,0
dqn_verified,dqn,synthetic_rough_heston,0,False,1181369059,5.403707248364299,5.40226249838411,0.3800986687937779,0.3800986687937771,0.0,0.0,0
dqn_verified,dqn,synthetic_rough_heston,0,False,1322332359,0.5272414593309804,0.5203348528172669,0.8310599565442658,0.8310599565442658,0.0,0.0,0
dqn_verified,dqn,synthetic_rough_heston,0,False,38137826,8.804599088241957,8.800340988519118,0.6525411652026634,0.652541165202678,0.0,0.0,0
dqn_verified,dqn,synthetic_rough_heston,0,False,440852670,20.10540032439349,20.09792445136799,0.8646313101834835,0.8646313101834959,0.0,0.0,0
dqn_verified,dqn,synthetic_rough_heston,0,False,1945446605,11.657631886728268,11.654163940752284,0.5888926876759939,0.5888926876759886,0.0,0.0,0
dqn_verified,dqn,synthetic_rough_heston,0,False,1154827508,3.9072261071942194,3.903990241693135,0.5688466841851181,0.5688466841851323,0.0,0.0,0
dqn_verified,dqn,synthetic_rough_heston,0,False,993215842,-2.6269448400944384,-2.6275812930901985,0.2522802005232449,0.2522802005232041,0.0,0.0,0
dqn_verified,dqn,synthetic_rough_heston,0,False,203881053,22.73053286512368,22.72316608657923,0.8582993967402643,0.858299396740259,0.0,0.0,0
dqn_verified,dqn,synthetic_rough_heston,0,False,1698224781,2.660103815300318,2.6594340354786197,0.2588010474664912,0.2588010474665143,0.0,0.0,0
dqn_verified,dqn,synthetic_rough_heston,0,False,1641320225,-25.61958565671921,-25.62353845666913,0.6287129670940743,0.6287129670940601,0.0,0.0,0
dqn_verified,dqn,synthetic_rough_heston,0,False,835891747,12.108104188873767,12.09893446223652,0.957586896174405,0.9575868961743872,0.0,0.0,0
dqn_verified,dqn,synthetic_rough_heston,0,False,2098874635,-20.653340846300125,-20.657335711234012,0.6320494390383402,0.63204943903835,0.0,0.0,0
dqn_verified,dqn,synthetic_rough_heston,0,False,626392803,-0.7841276793351426,-0.7842019882373631,0.0862026114572813,0.0862026114572449,0.0,0.0,0
dqn_verified,dqn,synthetic_rough_heston,0,True,401058792,-11.19511423786127,-11.195433441007522,0.1311625719762759,0.1786625719762726,-0.0474999999999958,0.2449999999999999,16
dqn_verified,dqn,synthetic_rough_heston,0,True,1822668597,-1.622038507985053,-1.6380250345568954,0.3693783678886149,1.264378367888444,-0.8949999999998255,0.0,0
dqn_verified,dqn,synthetic_rough_heston,0,True,1465431171,2.7691897721688292,2.729956286817579,0.1880427491527854,1.9807444396299652,-1.7927016904771569,0.0,0
dqn_verified,dqn,synthetic_rough_heston,0,True,157564097,-2.8847119323523076,-2.892724995518764,0.8776571463411642,0.8951571463411634,-0.0174999999999982,0.3860000000000001,20
dqn_verified,dqn,synthetic_rough_heston,0,True,245238582,-1.3444041062066243,-1.3486860727898526,0.8253109165807189,0.6543673725995482,0.1709435439811777,0.259,22
dqn_verified,dqn,synthetic_rough_heston,0,True,1117977144,9.210143452949064,9.209475126976711,0.7914799867795779,-0.2585200132203606,1.049999999999951,0.0289999999999999,7
dqn_verified,dqn,synthetic_rough_heston,0,True,523826546,0.6644234476595593,0.6127079795365318,0.1367117439606175,-2.274103518378781,2.41081526233942,0.0209999999999999,6
dqn_verified,dqn,synthetic_rough_heston,0,True,1124484429,-1.7822087083542428,-1.7839077855425816,0.517801359980524,-0.4121986400194295,0.92999999999995,0.236,21
dqn_verified,dqn,synthetic_rough_heston,0,True,171768458,16.27048175148784,16.26462197437466,0.6055553344712479,0.7654918100920431,-0.1599364756208237,0.054,9
dqn_verified,dqn,synthetic_rough_heston,0,True,1868865057,2.848925302750402,2.8475216649417523,0.3945415478654155,0.3746515459262858,0.0198900019391189,0.247,21
dqn_verified,dqn,synthetic_rough_heston,0,True,301461638,12.161318303866487,12.152939290052885,0.162130467319244,-0.9153695326809091,1.077500000000143,0.171,18
dqn_verified,dqn,synthetic_rough_heston,0,True,1387055752,-13.482788092720131,-13.48334902629284,0.2393244815435053,0.2368403624184302,0.002484119125068,0.109,14
dqn_verified,dqn,synthetic_rough_heston,0,True,1027367132,-16.428072312100994,-16.429388461129466,0.9517317870267163,0.3627876828768058,0.5889441041499078,0.0,0
dqn_verified,dqn,synthetic_rough_heston,0,True,1111389845,-15.65022009714703,-15.667320283028872,0.044823209587264,-1.307676790412804,1.3525000000000738,0.3,24
dqn_verified,dqn,synthetic_rough_heston,0,True,180210118,4.883687961041054,4.879871540699009,0.5712714239943892,0.617771830212816,-0.0465004062184302,0.171,18
dqn_verified,dqn,synthetic_rough_heston,0,True,1769597788,8.345436641183944,8.341333115929304,0.4724152499812106,0.6405876407362849,-0.1681723907550619,0.043,4
dqn_verified,dqn,synthetic_rough_heston,0,True,1541083806,-12.661952978081477,-12.669614550842477,0.8305133101802369,0.8753041049257901,-0.044790794745539,0.011,1
dqn_verified,dqn,synthetic_rough_heston,0,True,2073530583,0.1666236329094972,0.1302482247245409,0.1802661867262713,-1.9072338132739863,2.087500000000283,0.153,17
dqn_verified,dqn,synthetic_rough_heston,0,True,583456263,22.364761138882635,22.364529483893858,0.4072021644974768,0.1522021644972975,0.2550000000001873,0.0279999999999999,7
dqn_verified,dqn,synthetic_rough_heston,0,True,269688897,17.637555128874737,17.632453171880297,0.3696138702702711,0.714279846729672,-0.3446659764593823,0.0,0
dqn_verified,dqn,synthetic_rough_heston,0,True,977455710,-10.506518878099088,-10.50957749868498,0.5230479713274576,0.5530479713275103,-0.0300000000000295,0.0,0
dqn_verified,dqn,synthetic_rough_heston,0,True,2018195485,-10.638396117521683,-10.639426898677232,0.3803053004447037,0.3210578071857142,0.0592474932589784,0.044,5
dqn_verified,dqn,synthetic_rough_heston,0,True,1266812912,12.172925891926932,12.172337723760482,0.2225217859187722,0.2425217859187625,-0.0200000000000066,0.3,23
dqn_verified,dqn,synthetic_rough_heston,0,True,1737039599,-21.42122326092663,-21.422871381914327,0.42347056391975,0.4059705639197517,0.0174999999999982,0.4350000000000001,29
dqn_verified,dqn,synthetic_rough_heston,0,True,476600210,-2.0145500553743916,-2.020801279936455,0.5702496483779527,0.7906468593540086,-0.2203972109760417,0.228,19
dqn_verified,dqn,synthetic_rough_heston,0,True,392787174,3.3010330522491858,3.2999037445314614,0.6505372618581902,0.3360517397253744,0.3144855221327767,0.12,15
dqn_verified,dqn,synthetic_rough_heston,0,True,369185566,3.343273289012359,3.3382003743659516,0.14224396427106,0.7122439642711829,-0.5700000000000927,0.0,0
dqn_verified,dqn,synthetic_rough_heston,0,True,1749636134,-18.443467073097057,-18.526136625760465,0.802731341360257,2.8752313413604025,-2.072500000000158,0.0,0
dqn_verified,dqn,synthetic_rough_heston,0,True,510732936,5.492935114137275,5.490131532391444,0.5869885972172852,0.5294885972172985,0.0574999999999974,0.326,25
dqn_verified,dqn,synthetic_rough_heston,0,True,569417501,-12.413111361219736,-12.420933332710574,0.9594191026224764,0.8844191026224815,0.0749999999999744,0.172,18
dqn_verified,dqn,synthetic_rough_heston,0,True,1908420144,-5.614590672512859,-5.614632931875443,0.0476181228421239,0.0650072015880401,-0.0173890787459126,0.4350000000000001,29
dqn_verified,dqn,synthetic_rough_heston,0,True,2034989486,-19.20276724365233,-19.20742812154371,0.8702062246227911,0.6827062246227626,0.1875,0.0989999999999999,9
dqn_verified,dqn,synthetic_rough_heston,0,True,564294971,0.2725548902471928,0.2608317733381919,0.0618538808771518,1.082733434830608,-1.0208795539534754,0.0,0
dqn_verified,dqn,synthetic_rough_heston,0,True,1129817345,1.920078983398096,1.91707844594292,0.4752716180285716,0.5477716180285466,-0.0724999999999731,0.047,3
dqn_verified,dqn,synthetic_rough_heston,0,True,1190000565,9.36936216628326,9.359161153556096,0.2175006300571738,1.0100006300574045,-0.7925000000002171,0.049,4
dqn_verified,dqn,synthetic_rough_heston,0,True,1455278866,0.4143579669034807,0.3886577524356611,0.4281286432416209,1.6031286432416936,-1.1750000000000504,0.0,0
dqn_verified,dqn,synthetic_rough_heston,0,True,1760722551,-4.386100920349621,-4.392823415112072,0.8224082120854064,0.8199082120854051,0.0024999999999906,0.324,24
dqn_verified,dqn,synthetic_rough_heston,0,True,328726188,2.966356267572337,2.959444522445708,0.6613690592408403,0.8313690592407745,-0.1699999999999448,0.0,0
dqn_verified,dqn,synthetic_rough_heston,0,True,232867167,0.6435894801330578,0.6424847594553641,0.3423733860725946,0.3323733860726108,0.0099999999999838,0.092,7
dqn_verified,dqn,synthetic_rough_heston,0,True,628415013,15.115593755336596,15.115571040376658,0.1926602139496367,0.0476602139496815,0.144999999999964,0.12,12
dqn_verified,dqn,synthetic_rough_heston,0,True,55294341,7.37137342684764,7.36342842153967,0.2826205663866687,0.891347592579348,-0.6087270261926886,0.0,0
dqn_verified,dqn,synthetic_rough_heston,0,True,587962707,5.61735836322185,5.616591225388805,0.2619725316787509,0.2769725316787803,-0.0150000000000005,0.291,23
dqn_verified,dqn,synthetic_rough_heston,0,True,829705679,10.605139154520758,10.604207948770158,0.7126566402028516,0.3051566402029042,0.4074999999999598,0.063,7
dqn_verified,dqn,synthetic_rough_heston,0,True,379368625,-3.409850219370128,-3.4098727874711505,0.0100058954475485,0.0475058954474443,-0.0374999999998877,0.0,0
dqn_verified,dqn,synthetic_rough_heston,0,True,205709869,10.161992436031186,10.160781312054937,0.3680120653439047,0.3480120653438936,0.0200000000000031,0.277,22
dqn_verified,dqn,synthetic_rough_heston,0,True,865592973,-20.983155275387617,-20.99501973009634,0.8205027292809461,1.0892407772722348,-0.2687380479912886,0.0,0
dqn_verified,dqn,synthetic_rough_heston,0,True,675392413,4.329041142005503,4.323522230484152,0.8978937690780668,0.7428937690780586,0.1550000000000224,0.231,21
dqn_verified,dqn,synthetic_rough_heston,0,True,1422536529,13.132933250299612,13.12483965451832,0.6721441397180854,0.8996441397181467,-0.2275000000000595,0.02,2
dqn_verified,dqn,synthetic_rough_heston,0,True,1001327361,16.66711263358638,16.665687291962563,0.3550369682321701,0.3775369682321638,-0.0225000000000008,0.029,1
dqn_verified,dqn,synthetic_rough_heston,0,True,1177952687,16.115337793178696,16.102210364119465,0.4982499316705286,1.1457499316705864,-0.647500000000047,0.0,0
dqn_verified,dqn,synthetic_rough_heston,0,True,1810240606,-1.5505045689215478,-1.559596385971196,0.95598033789706,0.9535102018147624,0.0024701360822905,0.4060000000000001,28
dqn_verified,dqn,synthetic_rough_heston,0,True,1181369059,5.283009862991894,5.281429535721187,0.3800986687937779,0.3975333030963632,-0.0174346343025861,0.12,15
dqn_verified,dqn,synthetic_rough_heston,0,True,1322332359,0.3534914593301219,0.3461630728381362,0.8310599565442658,0.8560599565442608,-0.024999999999995,0.174,8
dqn_verified,dqn,synthetic_rough_heston,0,True,38137826,8.509400752887887,8.505271091724898,0.6525411652026634,0.6426243975284205,0.0099167676742574,0.295,18
dqn_verified,dqn,synthetic_rough_heston,0,True,440852670,20.657329647277948,20.61242735347761,0.8646313101834835,2.119016134915839,-1.2543848247323433,0.0,0
dqn_verified,dqn,synthetic_rough_heston,0,True,1945446605,12.322877110407717,12.234978588620535,0.5888926876759939,2.9647684865294286,-2.37587579885344,0.0,0
dqn_verified,dqn,synthetic_rough_heston,0,True,1154827508,3.9900261071943537,3.978224616011954,0.5688466841851181,1.0863466841850844,-0.5174999999999521,0.0,0
dqn_verified,dqn,synthetic_rough_heston,0,True,993215842,-2.9811912250140304,-2.9818401703226836,0.2522802005232449,0.2547440497151811,-0.002463849191977,0.3540000000000001,26
dqn_verified,dqn,synthetic_rough_heston,0,True,203881053,22.35111095043148,22.34370150686456,0.8582993967402643,0.8607812478741083,-0.0024818511338492,0.3790000000000001,27
dqn_verified,dqn,synthetic_rough_heston,0,True,1698224781,2.602503815300923,2.601781275269732,0.2588010474664912,0.2688010474665017,-0.0099999999999873,0.0569999999999999,6
dqn_verified,dqn,synthetic_rough_heston,0,True,1641320225,-25.85341077383865,-25.85688030109413,0.6287129670940743,0.5890269310887281,0.039686036005332,0.2369999999999999,20
dqn_verified,dqn,synthetic_rough_heston,0,True,835891747,12.058504188873965,12.030361210931805,0.957586896174405,1.6775868961744145,-0.7200000000000273,0.172,7
dqn_verified,dqn,synthetic_rough_heston,0,True,2098874635,-20.76849084629977,-20.773632445280025,0.6320494390383402,0.7170494390383402,-0.0849999999999902,0.116,12
dqn_verified,dqn,synthetic_rough_heston,0,True,626392803,0.1136382703116396,-1.16513301271135,0.0862026114572813,11.308276982029533,-11.222074370572289,0.0,0
dqn_verified,dqn,synthetic_rough_heston,10,False,401058792,-9.543646192185406,-10.722965366746266,10.85964628595636,10.859646285956366,0.0,0.0,0
dqn_verified,dqn,synthetic_rough_heston,10,False,1822668597,1.0864993017403322,-0.0474587320809407,10.648746563897888,10.648746563897898,0.0,0.0,0
dqn_verified,dqn,synthetic_rough_heston,10,False,1465431171,9.761240898867982,8.591629467403552,10.814857518545622,10.81485751854563,0.0,0.0,0
dqn_verified,dqn,synthetic_rough_heston,10,False,157564097,2.8025881489320454,1.73941024088235,10.311051876747086,10.311051876747085,0.0,0.0,0
dqn_verified,dqn,synthetic_rough_heston,10,False,245238582,-1.5110456378024535,-2.682919202208872,10.82531091658072,10.825310916580726,0.0,0.0,0
dqn_verified,dqn,synthetic_rough_heston,10,False,1117977144,7.391647334799927,6.204728443015982,10.89458072522271,10.894580725222724,0.0,0.0,0
dqn_verified,dqn,synthetic_rough_heston,10,False,523826546,-3.355518698212109,-4.409203683454026,10.26491590438964,10.264915904389657,0.0,0.0,0
dqn_verified,dqn,synthetic_rough_heston,10,False,1124484429,-2.4952159097119875,-3.5978758051829742,10.500761379400004,10.500761379400004,0.0,0.0,0
dqn_verified,dqn,synthetic_rough_heston,10,False,171768458,18.258068411367276,17.133290371841966,10.605555334471248,10.60555533447122,0.0,0.0,0
dqn_verified,dqn,synthetic_rough_heston,10,False,1868865057,4.9721064600671525,3.816511464058891,10.74986044564423,10.74986044564422,0.0,0.0,0
dqn_verified,dqn,synthetic_rough_heston,10,False,301461638,10.007236937903144,8.883151978591759,10.602287297142013,10.602287297142,0.0,0.0,0
dqn_verified,dqn,synthetic_rough_heston,10,False,1387055752,-19.3565526448765,-20.421019219041277,10.317298939958931,10.317298939958924,0.0,0.0,0
dqn_verified,dqn,synthetic_rough_heston,10,False,1027367132,-13.617992991068604,-14.74592101392229,10.620395580455964,10.620395580455964,0.0,0.0,0
dqn_verified,dqn,synthetic_rough_heston,10,False,1111389845,-19.452911721244163,-20.57447014987668,10.590365567970323,10.59036556797033,0.0,0.0,0
dqn_verified,dqn,synthetic_rough_heston,10,False,180210118,3.655617969165178,2.5381001739675746,10.57127142399439,10.571271423994386,0.0,0.0,0
dqn_verified,dqn,synthetic_rough_heston,10,False,1769597788,8.25553190753999,7.099078090937351,10.75385426999378,10.753854269993797,0.0,0.0,0
dqn_verified,dqn,synthetic_rough_heston,10,False,1541083806,-12.847769285835966,-13.896367647771928,10.240109188558293,10.240109188558304,0.0,0.0,0
dqn_verified,dqn,synthetic_rough_heston,10,False,2073530583,1.3956711096889194,0.1874040535929775,10.992120159896077,10.992120159896096,0.0,0.0,0
dqn_verified,dqn,synthetic_rough_heston,10,False,583456263,14.496409227331242,13.35640138257582,10.677114988401216,10.67711498840123,0.0,0.0,0
dqn_verified,dqn,synthetic_rough_heston,10,False,269688897,18.879825048954444,17.814134717822327,10.323227843713,10.32322784371302,0.0,0.0,0
dqn_verified,dqn,synthetic_rough_heston,10,False,977455710,-8.503432313034864,-9.618196720496991,10.558240419038214,10.558240419038237,0.0,0.0,0
dqn_verified,dqn,synthetic_rough_heston,10,False,2018195485,-8.850004760759475,-10.032278219866736,10.873239899437806,10.873239899437802,0.0,0.0,0
dqn_verified,dqn,synthetic_rough_heston,10,False,1266812912,12.214377519947448,11.1895784668456,10.123235911020998,10.123235911020974,0.0,0.0,0
dqn_verified,dqn,synthetic_rough_heston,10,False,1737039599,-27.488501704483497,-28.6792222703886,10.912014323236122,10.912014323236114,0.0,0.0,0
dqn_verified,dqn,synthetic_rough_heston,10,False,476600210,-6.136253278948061,-7.303525393949929,10.8040368150144,10.804036815014411,0.0,0.0,0
dqn_verified,dqn,synthetic_rough_heston,10,False,392787174,5.395522627499304,4.26943569971631,10.611724307495932,10.6117243074959,0.0,0.0,0
dqn_verified,dqn,synthetic_rough_heston,10,False,369185566,4.923465927746292,3.8044314812156985,10.578442449295594,10.578442449295617,0.0,0.0,0
dqn_verified,dqn,synthetic_rough_heston,10,False,1749636134,-14.95796707309637,-16.124957117432437,10.802731341360255,10.802731341360245,0.0,0.0,0
dqn_verified,dqn,synthetic_rough_heston,10,False,510732936,5.532442407455164,4.371164769897148,10.776259265431648,10.776259265431657,0.0,0.0,0
dqn_verified,dqn,synthetic_rough_heston,10,False,569417501,-14.099903379272291,-15.170116681311637,10.345111415733273,10.34511141573325,0.0,0.0,0
dqn_verified,dqn,synthetic_rough_heston,10,False,1908420144,-5.285341358119695,-6.394967961457972,10.533881541664854,10.533881541664863,0.0,0.0,0
dqn_verified,dqn,synthetic_rough_heston,10,False,2034989486,-8.207001906774167,-9.402155837855622,10.932309596244792,10.932309596244767,0.0,0.0,0
dqn_verified,dqn,synthetic_rough_heston,10,False,564294971,0.351226582784875,-0.6889857719922099,10.199080128997366,10.199080128997345,0.0,0.0,0
dqn_verified,dqn,synthetic_rough_heston,10,False,1129817345,1.3552195301672327,0.1761152946794606,10.858656618052578,10.858656618052583,0.0,0.0,0
dqn_verified,dqn,synthetic_rough_heston,10,False,1190000565,11.661067926075702,10.583174323487356,10.38216548985973,10.38216548985974,0.0,0.0,0
dqn_verified,dqn,synthetic_rough_heston,10,False,1455278866,5.1559578509022685,4.019507944831786,10.66044045089356,10.660440450893583,0.0,0.0,0
dqn_verified,dqn,synthetic_rough_heston,10,False,1760722551,-4.262275920349566,-5.4335211154397,10.822408212085406,10.822408212085396,0.0,0.0,0
dqn_verified,dqn,synthetic_rough_heston,10,False,328726188,5.7295961827639985,4.616369134690709,10.550957530353784,10.55095753035377,0.0,0.0,0
dqn_verified,dqn,synthetic_rough_heston,10,False,232867167,1.506816575285484,0.398465588883107,10.527824971960626,10.527824971960625,0.0,0.0,0
dqn_verified,dqn,synthetic_rough_heston,10,False,628415013,14.50411687167616,13.32833992108498,10.843324907938424,10.843324907938433,0.0,0.0,0
dqn_verified,dqn,synthetic_rough_heston,10,False,55294341,8.466307705317377,7.314368627178162,10.732842485284207,10.732842485284198,0.0,0.0,0
dqn_verified,dqn,synthetic_rough_heston,10,False,587962707,-1.219836600303097,-2.221207273849602,10.00685102090813,10.006851020908147,0.0,0.0,0
dqn_verified,dqn,synthetic_rough_heston,10,False,829705679,13.640611833858202,12.549865931748007,10.443878121225808,10.443878121225817,0.0,0.0,0
dqn_verified,dqn,synthetic_rough_heston,10,False,379368625,-0.0950642289481038,-1.1107779769476926,10.078262489137645,10.078262489137645,0.0,0.0,0
dqn_verified,dqn,synthetic_rough_heston,10,False,205709869,8.934292595587976,7.75250429060511,10.871008715767218,10.871008715767212,0.0,0.0,0
dqn_verified,dqn,synthetic_rough_heston,10,False,865592973,-21.83959026546654,-23.010423058610304,10.820502729280946,10.820502729280946,0.0,0.0,0
dqn_verified,dqn,synthetic_rough_heston,10,False,675392413,4.436767566092385,3.41330755690588,10.116620034312362,10.116620034312373,0.0,0.0,0
dqn_verified,dqn,synthetic_rough_heston,10,False,1422536529,14.584977153248474,13.394978312211387,10.908706802536614,10.908706802536612,0.0,0.0,0
dqn_verified,dqn,synthetic_rough_heston,10,False,1001327361,16.500662647733407,15.322281564694828,10.855326264274964,10.85532626427496,0.0,0.0,0
dqn_verified,dqn,synthetic_rough_heston,10,False,1177952687,16.159677868583458,15.134956461943242,10.122852397621015,10.12285239762102,0.0,0.0,0
dqn_verified,dqn,synthetic_rough_heston,10,False,1810240606,-1.5660863258890458,-2.6671281748033646,10.493054126012694,10.493054126012686,0.0,0.0,0
dqn_verified,dqn,synthetic_rough_heston,10,False,1181369059,4.66206246834372,3.5238165988645376,10.668860620887216,10.668860620887228,0.0,0.0,0
dqn_verified,dqn,synthetic_rough_heston,10,False,1322332359,-0.8522232431296288,-1.9634601285548376,10.541522116967784,10.54152211696778,0.0,0.0,0
dqn_verified,dqn,synthetic_rough_heston,10,False,38137826,12.540551931861046,11.35387629842901,10.89346424895237,10.893464248952384,0.0,0.0,0
dqn_verified,dqn,synthetic_rough_heston,10,False,440852670,23.905400324394577,22.724998189332386,10.864631310183483,10.864631310183496,0.0,0.0,0
dqn_verified,dqn,synthetic_rough_heston,10,False,1945446605,15.753225538008335,14.54808774416249,10.977876815877693,10.977876815877682,0.0,0.0,0
dqn_verified,dqn,synthetic_rough_heston,10,False,1154827508,10.080503426093856,9.010702219802974,10.343119482491147,10.343119482491158,0.0,0.0,0
dqn_verified,dqn,synthetic_rough_heston,10,False,993215842,-0.8715379088807822,-1.9832752590155376,10.5438956279677,10.54389562796766,0.0,0.0,0
dqn_verified,dqn,synthetic_rough_heston,10,False,203881053,25.657561124113272,24.530766080869675,10.615060260043734,10.615060260043732,0.0,0.0,0
dqn_verified,dqn,synthetic_rough_heston,10,False,1698224781,1.843525068852614,0.6678086891373529,10.843045604050817,10.843045604050833,0.0,0.0,0
dqn_verified,dqn,synthetic_rough_heston,10,False,1641320225,-35.12880688003497,-36.191488485344394,10.3086449415499,10.308644941549886,0.0,0.0,0
dqn_verified,dqn,synthetic_rough_heston,10,False,835891747,17.40810418887304,16.207417083000912,10.957586896174403,10.957586896174387,0.0,0.0,0
dqn_verified,dqn,synthetic_rough_heston,10,False,2098874635,-25.540753423683785,-26.656719403004928,10.563929095375189,10.56392909537519,0.0,0.0,0
dqn_verified,dqn,synthetic_rough_heston,10,False,626392803,1.8540584288184616,0.7136593291187427,10.67894704406632,10.67894704406628,0.0,0.0,0
dqn_verified,dqn,synthetic_rough_heston,10,True,401058792,-9.808596192182828,-10.99934555784394,10.85964628595636,10.91214628595636,-0.0524999999999948,0.266,19
dqn_verified,dqn,synthetic_rough_heston,10,True,1822668597,1.7611993017399072,-0.8863353456911995,10.648746563897888,16.27124656389641,-5.62249999999851,0.0,0
dqn_verified,dqn,synthetic_rough_heston,10,True,1465431171,10.99275980340685,8.108723030076897,10.814857518545622,16.98245204123937,-6.167594522693738,0.002,1
dqn_verified,dqn,synthetic_rough_heston,10,True,157564097,2.4145131489325284,1.3477233102259718,10.311051876747086,10.32855187674708,-0.0174999999999982,0.39,20
dqn_verified,dqn,synthetic_rough_heston,10,True,245238582,-1.6316032622420753,-2.774156546347655,10.82531091658072,10.689028412842674,0.1362825037380516,0.141,16
dqn_verified,dqn,synthetic_rough_heston,10,True,1117977144,7.845847334798455,7.074158749618874,10.89458072522271,8.78458072522292,2.109999999999804,0.01,4
dqn_verified,dqn,synthetic_rough_heston,10,True,523826546,-2.4087931423099507,-2.926449428344185,10.26491590438964,7.194833465996513,3.070082438393144,0.005,2
dqn_verified,dqn,synthetic_rough_heston,10,True,1124484429,-1.8431659097121735,-2.173016422433235,10.500761379400004,5.743261379399872,4.757500000000132,0.014,2
dqn_verified,dqn,synthetic_rough_heston,10,True,171768458,18.34954866020278,17.33455346243834,10.605555334471248,10.074697006681848,0.530858327789372,0.02,4
dqn_verified,dqn,synthetic_rough_heston,10,True,1868865057,4.794356460066687,3.6242035899568257,10.74986044564423,10.817360445644129,-0.0674999999999066,0.171,18
dqn_verified,dqn,synthetic_rough_heston,10,True,301461638,10.48464175113033,9.851822663901768,10.602287297142013,7.954992691565225,2.6472946055767728,0.105,14
dqn_verified,dqn,synthetic_rough_heston,10,True,1387055752,-19.477030979859496,-20.540985027740433,10.317298939958931,10.314814820833856,0.002484119125068,0.121,15
dqn_verified,dqn,synthetic_rough_heston,10,True,1027367132,-14.012072059056663,-14.55030019978802,10.620395580455964,7.336403347222371,3.2839922332335916,0.0,0
dqn_verified,dqn,synthetic_rough_heston,10,True,1111389845,-18.83678672124473,-19.561475523028054,10.590365567970323,8.512865567970184,2.0775000000001462,0.111,14
dqn_verified,dqn,synthetic_rough_heston,10,True,180210118,3.5861179691641007,2.6843262595823587,10.57127142399439,9.496271423994482,1.0749999999999034,0.091,13
dqn_verified,dqn,synthetic_rough_heston,10,True,1769597788,8.164473927613129,6.972107199998895,10.75385426999378,10.919554604535085,-0.1657003345412886,0.101,10
dqn_verified,dqn,synthetic_rough_heston,10,True,1541083806,-12.872769285835936,-13.74514568237781,10.240109188558293,9.340109188558095,0.9000000000002082,0.043,5
dqn_verified,dqn,synthetic_rough_heston,10,True,2073530583,1.9137211096901736,1.463866501297406,10.992120159896077,6.70712015989551,4.285000000000586,0.039,7
dqn_verified,dqn,synthetic_rough_heston,10,True,583456263,14.46232453356526,13.308473109689595,10.677114988401216,10.74174764121586,-0.0646326528146297,0.005,2
dqn_verified,dqn,synthetic_rough_heston,10,True,269688897,19.170797072607456,17.66697524483332,10.323227843713,12.263041334734767,-1.9398134910217468,0.0,0
dqn_verified,dqn,synthetic_rough_heston,10,True,977455710,-7.961932313035504,-10.233204480815925,10.558240419038214,15.07074041903854,-4.512500000000305,0.0,0
dqn_verified,dqn,synthetic_rough_heston,10,True,2018195485,-9.018929760759551,-10.202834768351732,10.873239899437806,10.880739899437812,-0.0075000000000109,0.169,16
dqn_verified,dqn,synthetic_rough_heston,10,True,1266812912,11.907627519946182,10.87572995170662,10.123235911020998,10.158235911020974,-0.0350000000000001,0.305,22
dqn_verified,dqn,synthetic_rough_heston,10,True,1737039599,-27.86817242834432,-29.059435200284,10.912014323236122,10.914498485682604,-0.0024841624464897,0.3790000000000001,27
dqn_verified,dqn,synthetic_rough_heston,10,True,476600210,-6.506503278946315,-7.870502288210965,10.8040368150144,11.67903681501454,-0.8750000000001279,0.169,17
dqn_verified,dqn,synthetic_rough_heston,10,True,392787174,5.695500455101428,4.808020952751853,10.611724307495932,9.420613049847525,1.1911112576483769,0.105,14
dqn_verified,dqn,synthetic_rough_heston,10,True,369185566,5.187167851887352,3.692275395258937,10.578442449295594,12.226579475177902,-1.6481370258822874,0.0,0
dqn_verified,dqn,synthetic_rough_heston,10,True,1749636134,-14.04896707309672,-16.404495646362555,10.802731341360255,15.347731341360644,-4.5450000000004,0.0,0
dqn_verified,dqn,synthetic_rough_heston,10,True,510732936,5.280842407454562,4.126021525455805,10.776259265431648,10.746259265431656,0.0299999999999975,0.254,22
dqn_verified,dqn,synthetic_rough_heston,10,True,569417501,-13.97555610262834,-14.677151568604556,10.345111415733273,8.376129571444192,1.968981844289058,0.171,18
dqn_verified,dqn,synthetic_rough_heston,10,True,1908420144,-5.7208630304817785,-6.834156147533214,10.533881541664854,10.551270620410776,-0.0173890787459126,0.4350000000000001,29
dqn_verified,dqn,synthetic_rough_heston,10,True,2034989486,-7.644453544512944,-8.353773948482129,10.932309596244792,8.422116147199498,2.51019344904527,0.065,6
dqn_verified,dqn,synthetic_rough_heston,10,True,564294971,1.922126582783676,-0.977769117614522,10.199080128997366,17.029080128997567,-6.830000000000222,0.0,0
dqn_verified,dqn,synthetic_rough_heston,10,True,1129817345,1.112344530169139,-0.6343234273597396,10.858656618052578,13.21615661805231,-2.3574999999997246,0.125,10
dqn_verified,dqn,synthetic_rough_heston,10,True,1190000565,11.406567926074452,10.761411101509484,10.38216548985973,8.032165489859931,2.3499999999998096,0.043,7
dqn_verified,dqn,synthetic_rough_heston,10,True,1455278866,6.44400785090329,4.249035093363528,10.66044045089356,14.815440450893664,-4.155000000000079,0.0,0
dqn_verified,dqn,synthetic_rough_heston,10,True,1760722551,-4.540693287706905,-5.719425190456027,10.822408212085406,10.85694203147978,-0.0345338193943827,0.276,23
dqn_verified,dqn,synthetic_rough_heston,10,True,328726188,5.510292310338627,4.597479886849824,10.550957530353784,9.554121746601329,0.9968357837524432,0.0,0
dqn_verified,dqn,synthetic_rough_heston,10,True,232867167,1.4058661527457152,0.2964710349093979,10.527824971960626,10.53278271795406,-0.0049577459934364,0.1009999999999999,10
dqn_verified,dqn,synthetic_rough_heston,10,True,628415013,14.547141871676155,13.678364102031669,10.843324907938424,9.320824907938617,1.522499999999816,0.094,10
dqn_verified,dqn,synthetic_rough_heston,10,True,55294341,8.509534857294057,7.25218883464421,10.732842485284207,11.213144173914143,-0.480301688629945,0.0,0
dqn_verified,dqn,synthetic_rough_heston,10,True,587962707,-1.505836600304916,-2.510211579157693,10.00685102090813,10.021851020908148,-0.0150000000000005,0.286,23
dqn_verified,dqn,synthetic_rough_heston,10,True,829705679,13.956036833858525,13.512297249119037,10.443878121225808,6.661378121226042,3.782499999999775,0.025,3
dqn_verified,dqn,synthetic_rough_heston,10,True,379368625,0.0479357710501062,-1.2015997517103782,10.078262489137645,11.178262489137053,-1.099999999999408,0.0,0
dqn_verified,dqn,synthetic_rough_heston,10,True,205709869,8.825192595588524,7.6634300942298275,10.871008715767218,10.778508715767208,0.0925000000000046,0.135,14
dqn_verified,dqn,synthetic_rough_heston,10,True,865592973,-21.407590265466627,-23.110746480336235,10.820502729280946,13.050502729280616,-2.22999999999967,0.0139999999999999,2
dqn_verified,dqn,synthetic_rough_heston,10,True,675392413,4.345542566092976,3.4714821119331973,10.116620034312362,9.349120034312207,0.7675000000001653,0.191,19
dqn_verified,dqn,synthetic_rough_heston,10,True,1422536529,14.565102153247878,12.97971726580528,10.908706802536614,12.591206802537227,-1.6825000000006156,0.104,12
dqn_verified,dqn,synthetic_rough_heston,10,True,1001327361,16.93903203523223,15.236744749663725,10.855326264274964,13.047173201764846,-2.1918469374898844,0.0,0
dqn_verified,dqn,synthetic_rough_heston,10,True,1177952687,15.999927868582745,15.519976480150389,10.122852397621015,6.927852397621919,3.1949999999991014,0.0,0
dqn_verified,dqn,synthetic_rough_heston,10,True,1810240606,-1.9721863258883388,-3.0737528900089575,10.493054126012694,10.495554126012683,-0.0024999999999977,0.4060000000000001,28
dqn_verified,dqn,synthetic_rough_heston,10,True,1181369059,4.6329624683418515,3.6585248632658,10.668860620887216,9.871360620887335,0.7974999999998929,0.061,9
dqn_verified,dqn,synthetic_rough_heston,10,True,1322332359,-1.0406732431289711,-2.1635360528828427,10.541522116967784,10.596522116967773,-0.0549999999999926,0.189,12
dqn_verified,dqn,synthetic_rough_heston,10,True,38137826,12.434775083682442,11.58752445150548,10.89346424895237,9.204621840015822,1.6888424089365617,0.072,4
dqn_verified,dqn,synthetic_rough_heston,10,True,440852670,25.63976498007105,23.44747930186681,10.864631310183483,14.80636916399236,-3.941737853808864,0.0,0
dqn_verified,dqn,synthetic_rough_heston,10,True,1945446605,15.81489507254082,14.56091500300807,10.977876815877693,11.198125153492215,-0.2202483376145339,0.0,0
dqn_verified,dqn,synthetic_rough_heston,10,True,1154827508,9.544153426093544,9.027462809147943,10.343119482491147,7.188119482490539,3.1550000000006193,0.0,0
dqn_verified,dqn,synthetic_rough_heston,10,True,993215842,-1.1985087965087589,-2.314406197731259,10.5438956279677,10.563604504251852,-0.0197088762841933,0.325,25
dqn_verified,dqn,synthetic_rough_heston,10,True,203881053,25.292029854933674,24.16207146816497,10.615060260043734,10.629950078757208,-0.0148898187134761,0.3630000000000001,26
dqn_verified,dqn,synthetic_rough_heston,10,True,1698224781,1.7947057183390571,0.6340511134390769,10.843045604050817,10.7733681126191,0.0696774914317337,0.053,6
dqn_verified,dqn,synthetic_rough_heston,10,True,1641320225,-35.225406880035386,-36.302569588262976,10.3086449415499,10.37864494154989,-0.0700000000000038,0.091,13
dqn_verified,dqn,synthetic_rough_heston,10,True,835891747,16.43435418887384,16.094163489859586,10.957586896174403,5.832586896174398,5.124999999999989,0.0,0
dqn_verified,dqn,synthetic_rough_heston,10,True,2098874635,-25.674453423683676,-26.83954247684354,10.563929095375189,10.793929095375162,-0.229999999999972,0.136,16
dqn_verified,dqn,synthetic_rough_heston,10,True,626392803,1.5536834288177488,1.0147149818093757,10.67894704406632,7.341447044066809,3.3374999999994692,0.0,0
dqn_verified,dqn,synthetic_rough_heston,20,False,401058792,-7.027826433353766,-11.423958509523064,20.96695513461431,20.966955134614317,0.0,0.0,0
dqn_verified,dqn,synthetic_rough_heston,20,False,1822668597,3.239272280390651,-0.8272388929212324,20.165592412106022,20.16559241210603,0.0,0.0,0
dqn_verified,dqn,synthetic_rough_heston,20,False,1465431171,14.240204223411638,10.054551712806266,20.458867296615836,20.458867296615843,0.0,0.0,0
dqn_verified,dqn,synthetic_rough_heston,20,False,157564097,8.38507684858996,4.07847308119132,20.7523583416407,20.752358341640697,0.0,0.0,0
dqn_verified,dqn,synthetic_rough_heston,20,False,245238582,-1.852524319283475,-6.2070209494666635,20.867430676015644,20.867430676015648,0.0,0.0,0
dqn_verified,dqn,synthetic_rough_heston,20,False,1117977144,5.7828086329573125,1.6342780224521087,20.36794199349852,20.36794199349852,0.0,0.0,0
dqn_verified,dqn,synthetic_rough_heston,20,False,523826546,-6.755518698211745,-10.862186864331594,20.26491590438964,20.264915904389657,0.0,0.0,0
dqn_verified,dqn,synthetic_rough_heston,20,False,1124484429,-3.3872291911229695,-7.710215008493243,20.791791210403872,20.791791210403865,0.0,0.0,0
dqn_verified,dqn,synthetic_rough_heston,20,False,171768458,20.165181894537454,16.022444841839402,20.353714778138325,20.353714778138297,0.0,0.0,0
dqn_verified,dqn,synthetic_rough_heston,20,False,1868865057,7.275960950872104,3.193428195076926,20.205278408859357,20.20527840885935,0.0,0.0,0
dqn_verified,dqn,synthetic_rough_heston,20,False,301461638,8.27655432591746,4.003593662373745,20.67114090596772,20.671140905967707,0.0,0.0,0
dqn_verified,dqn,synthetic_rough_heston,20,False,1387055752,-27.270537935926768,-31.51728197386625,20.6076297471094,20.6076297471094,0.0,0.0,0
dqn_verified,dqn,synthetic_rough_heston,20,False,1027367132,-9.737503378080874,-14.136881599732314,20.974694805053645,20.974694805053637,0.0,0.0,0
dqn_verified,dqn,synthetic_rough_heston,20,False,1111389845,-23.12519359512953,-27.501911305485315,20.92060637351551,20.92060637351552,0.0,0.0,0
dqn_verified,dqn,synthetic_rough_heston,20,False,180210118,2.4917930355841236,-1.7462676749062194,20.586550732190048,20.58655073219004,0.0,0.0,0
dqn_verified,dqn,synthetic_rough_heston,20,False,1769597788,8.159561134021715,4.138576505463134,20.052392945877003,20.05239294587701,0.0,0.0,0
dqn_verified,dqn,synthetic_rough_heston,20,False,1541083806,-12.680150144246,-16.911905751752506,20.571231386347534,20.57123138634755,0.0,0.0,0
dqn_verified,dqn,synthetic_rough_heston,20,False,2073530583,1.8388769941520875,-2.419101365719963,20.63486942016364,20.634869420163653,0.0,0.0,0
dqn_verified,dqn,synthetic_rough_heston,20,False,583456263,7.605055034295219,3.5346262675802684,20.175303632696455,20.175303632696465,0.0,0.0,0
dqn_verified,dqn,synthetic_rough_heston,20,False,269688897,20.172162286615276,15.969181729440743,20.50117205716424,20.50117205716427,0.0,0.0,0
dqn_verified,dqn,synthetic_rough_heston,20,False,977455710,-6.146030203284681,-10.383319279790705,20.584676525284564,20.58467652528459,0.0,0.0,0
dqn_verified,dqn,synthetic_rough_heston,20,False,2018195485,-6.95921735691627,-11.333476630762975,20.91472991421766,20.914729914217656,0.0,0.0,0
dqn_verified,dqn,synthetic_rough_heston,20,False,1266812912,11.91410684562652,7.861028567469427,20.13225838836047,20.13225838836044,0.0,0.0,0
dqn_verified,dqn,synthetic_rough_heston,20,False,1737039599,-33.781313940409746,-37.86411611422771,20.205945099940195,20.205945099940184,0.0,0.0,0
dqn_verified,dqn,synthetic_rough_heston,20,False,476600210,-10.224548127303931,-14.426123941638116,20.497745764679053,20.49774576467906,0.0,0.0,0
dqn_verified,dqn,synthetic_rough_heston,20,False,392787174,7.4912082906867,3.1824172205050134,20.75762768281024,20.75762768281021,0.0,0.0,0
dqn_verified,dqn,synthetic_rough_heston,20,False,369185566,5.164900968287839,0.9466220247512503,20.538449171095124,20.538449171095145,0.0,0.0,0
dqn_verified,dqn,synthetic_rough_heston,20,False,1749636134,-12.001924903825056,-16.19952183053648,20.488037794555694,20.488037794555687,0.0,0.0,0
dqn_verified,dqn,synthetic_rough_heston,20,False,510732936,5.5797860001221125,1.4293645622432436,20.372583139795665,20.372583139795672,0.0,0.0,0
dqn_verified,dqn,synthetic_rough_heston,20,False,569417501,-15.148403226608934,-19.34574616251241,20.48741793370624,20.487417933706222,0.0,0.0,0
dqn_verified,dqn,synthetic_rough_heston,20,False,1908420144,-5.033559779069037,-9.419317307405638,20.942200286351465,20.942200286351483,0.0,0.0,0
dqn_verified,dqn,synthetic_rough_heston,20,False,2034989486,1.0169012054357154,-3.3177030589965772,20.81971244862018,20.81971244862016,0.0,0.0,0
dqn_verified,dqn,synthetic_rough_heston,20,False,564294971,0.3812265827837109,-3.9841266387734127,20.893427726338075,20.893427726338068,0.0,0.0,0
dqn_verified,dqn,synthetic_rough_heston,20,False,1129817345,0.774475175418047,-3.3729637535161565,20.365261915659715,20.365261915659723,0.0,0.0,0
dqn_verified,dqn,synthetic_rough_heston,20,False,1190000565,14.370951416236494,10.337964763576766,20.08229731046656,20.08229731046657,0.0,0.0,0
dqn_verified,dqn,synthetic_rough_heston,20,False,1455278866,11.23203670654948,6.822434170964349,20.99905363483107,20.999053634831096,0.0,0.0,0
dqn_verified,dqn,synthetic_rough_heston,20,False,1760722551,-3.9055772576102754,-8.21385097361123,20.756381466915073,20.75638146691507,0.0,0.0,0
dqn_verified,dqn,synthetic_rough_heston,20,False,328726188,8.767146924965346,4.735424300734448,20.079149942741353,20.079149942741346,0.0,0.0,0
dqn_verified,dqn,synthetic_rough_heston,20,False,232867167,2.201641851572276,-1.9804109089403328,20.45006787400132,20.45006787400132,0.0,0.0,0
dqn_verified,dqn,synthetic_rough_heston,20,False,628415013,15.585980914995162,11.48848228851138,20.242279087305803,20.242279087305807,0.0,0.0,0
dqn_verified,dqn,synthetic_rough_heston,20,False,55294341,10.218132022020654,5.984286314788547,20.57631091141488,20.576310911414872,0.0,0.0,0
dqn_verified,dqn,synthetic_rough_heston,20,False,587962707,-8.71432795965302,-13.11378123019852,20.97487370771394,20.974873707713954,0.0,0.0,0
dqn_verified,dqn,synthetic_rough_heston,20,False,829705679,17.17707728698224,13.118533237037756,20.14582847624908,20.145828476249083,0.0,0.0,0
dqn_verified,dqn,synthetic_rough_heston,20,False,379368625,3.3257137344280636,-1.0451122732403275,20.906520532284645,20.90652053228464,0.0,0.0,0
dqn_verified,dqn,synthetic_rough_heston,20,False,205709869,8.033576276822714,3.9556965062532825,20.193760844799144,20.193760844799147,0.0,0.0,0
dqn_verified,dqn,synthetic_rough_heston,20,False,865592973,-22.79593329506497,-27.118185927467938,20.790027975938287,20.790027975938287,0.0,0.0,0
dqn_verified,dqn,synthetic_rough_heston,20,False,675392413,3.904601855228975,-0.3369010406479535,20.594909312441573,20.59490931244158,0.0,0.0,0
dqn_verified,dqn,synthetic_rough_heston,20,False,1422536529,15.719818665487765,11.587422840305472,20.32829512079725,20.32829512079725,0.0,0.0,0
dqn_verified,dqn,synthetic_rough_heston,20,False,1001327361,16.01799346117332,11.790039287581978,20.561989625499137,20.561989625499137,0.0,0.0,0
dqn_verified,dqn,synthetic_rough_heston,20,False,1177952687,16.26905602475381,12.232267742979277,20.091760206050964,20.09176020605097,0.0,0.0,0
dqn_verified,dqn,synthetic_rough_heston,20,False,1810240606,-1.9412292083434295,-6.073226897439551,20.327315831403126,20.327315831403126,0.0,0.0,0
dqn_verified,dqn,synthetic_rough_heston,20,False,1181369059,4.627251415313367,0.5568810677790683,20.17515885323904,20.175158853239047,0.0,0.0,0
dqn_verified,dqn,synthetic_rough_heston,20,False,1322332359,-2.439984921657014,-6.747802139560841,20.75528178055849,20.755281780558477,0.0,0.0,0
dqn_verified,dqn,synthetic_rough_heston,20,False,38137826,15.355226850118925,11.236096249866003,20.29564140462901,20.295641404629023,0.0,0.0,0
dqn_verified,dqn,synthetic_rough_heston,20,False,440852670,27.889563162869308,23.545115280691427,20.843339181085824,20.84333918108584,0.0,0.0,0
dqn_verified,dqn,synthetic_rough_heston,20,False,1945446605,19.79172583721811,15.648705229832771,20.35441133362825,20.35441133362824,0.0,0.0,0
dqn_verified,dqn,synthetic_rough_heston,20,False,1154827508,16.96845589513032,12.625392741652586,20.84001716284736,20.840017162847374,0.0,0.0,0
dqn_verified,dqn,synthetic_rough_heston,20,False,993215842,0.8678007772305136,-3.386524379564859,20.626015506625095,20.626015506625055,0.0,0.0,0
dqn_verified,dqn,synthetic_rough_heston,20,False,203881053,28.76512689130868,24.426813644457415,20.828617925467995,20.828617925467995,0.0,0.0,0
dqn_verified,dqn,synthetic_rough_heston,20,False,1698224781,1.0435250688533415,-3.3008004316720863,20.843045604050815,20.843045604050833,0.0,0.0,0
dqn_verified,dqn,synthetic_rough_heston,20,False,1641320225,-44.050309021531575,-48.288983047037846,20.58804027950761,20.588040279507595,0.0,0.0,0
dqn_verified,dqn,synthetic_rough_heston,20,False,835891747,22.72810418887275,18.335899703765744,20.957586896174405,20.957586896174387,0.0,0.0,0
dqn_verified,dqn,synthetic_rough_heston,20,False,2098874635,-31.20931872134497,-35.28091812669952,20.178204591475776,20.178204591475787,0.0,0.0,0
dqn_verified,dqn,synthetic_rough_heston,20,False,626392803,4.7081199123531405,0.3583965920128849,20.855990315351292,20.85599031535126,0.0,0.0,0
dqn_verified,dqn,synthetic_rough_heston,20,True,401058792,-7.206176433353612,-11.63697204799502,20.96695513461431,21.04945513461431,-0.0824999999999924,0.18,10
dqn_verified,dqn,synthetic_rough_heston,20,True,1822668597,2.254522280391029,0.6692921075133567,20.165592412106022,12.590592412105448,7.575000000000582,0.0,0
dqn_verified,dqn,synthetic_rough_heston,20,True,1465431171,14.402704223412002,9.87799355673638,20.458867296615836,21.271367296616408,-0.8125000000005649,0.0,0
dqn_verified,dqn,synthetic_rough_heston,20,True,157564097,8.007001848590443,3.693131693272229,20.7523583416407,20.769858341640692,-0.0174999999999982,0.38,19
dqn_verified,dqn,synthetic_rough_heston,20,True,245238582,-1.9035397699162713,-6.213675761470021,20.867430676015644,20.760867013575684,0.1065636624399638,0.067,10
dqn_verified,dqn,synthetic_rough_heston,20,True,1117977144,6.384958632956332,3.292480931889242,20.36794199349852,17.58544199349874,2.7824999999997786,0.01,4
dqn_verified,dqn,synthetic_rough_heston,20,True,523826546,-5.799268698210653,-8.715650037925727,20.26491590438964,17.07741590438985,3.187499999999808,0.0,0
dqn_verified,dqn,synthetic_rough_heston,20,True,1124484429,-2.739029191123336,-5.351064142410151,20.791791210403872,16.161791210403674,4.630000000000191,0.0,0
dqn_verified,dqn,synthetic_rough_heston,20,True,171768458,19.34918189453715,13.56336994825687,20.353714778138325,24.05371477813828,-3.699999999999985,0.002,1
dqn_verified,dqn,synthetic_rough_heston,20,True,1868865057,6.98582250367901,1.8977921005029943,20.205278408859357,22.556662880789823,-2.3513844719304764,0.055,10
dqn_verified,dqn,synthetic_rough_heston,20,True,301461638,9.10562226071577,6.323423941009162,20.67114090596772,16.679923020525624,3.991217885442084,0.049,6
dqn_verified,dqn,synthetic_rough_heston,20,True,1387055752,-27.393137935926788,-31.664647129562812,20.6076297471094,20.667629747109423,-0.0600000000000235,0.11,13
dqn_verified,dqn,synthetic_rough_heston,20,True,1027367132,-11.791698838800585,-12.05931791703591,20.974694805053645,5.173191261062414,15.801503543991224,0.0,0
dqn_verified,dqn,synthetic_rough_heston,20,True,1111389845,-22.120318595128076,-25.30943822760596,20.92060637351551,17.85810637351532,3.0625000000002025,0.067,11
dqn_verified,dqn,synthetic_rough_heston,20,True,180210118,2.557692959067572,-0.0156217673334606,20.586550732190048,16.041554558087668,4.5449961741023746,0.025,2
dqn_verified,dqn,synthetic_rough_heston,20,True,1769597788,7.983061134022966,4.980675671014897,20.052392945877003,17.327392945876394,2.725000000000616,0.013,1
dqn_verified,dqn,synthetic_rough_heston,20,True,1541083806,-12.49990992005181,-13.711939209042937,20.571231386347534,11.009220176702458,9.56201120964509,0.011,1
dqn_verified,dqn,synthetic_rough_heston,20,True,2073530583,2.5719019941512378,0.3391579552651236,20.63486942016364,14.942369420162636,5.692500000001019,0.007,1
dqn_verified,dqn,synthetic_rough_heston,20,True,583456263,7.041384136570035,2.4507850426789854,20.175303632696455,21.425683405415683,-1.2503797727192196,0.001,1
dqn_verified,dqn,synthetic_rough_heston,20,True,269688897,19.038820044663225,17.362945555569684,20.50117205716424,12.945557110814274,7.555614946349993,0.0,0
dqn_verified,dqn,synthetic_rough_heston,20,True,977455710,-6.908805203285738,-9.07475805204996,20.584676525284564,14.717176525285762,5.867499999998827,0.0,0
dqn_verified,dqn,synthetic_rough_heston,20,True,2018195485,-7.057967356917128,-11.442690245720948,20.91472991421766,20.93972991421766,-0.0250000000000056,0.099,6
dqn_verified,dqn,synthetic_rough_heston,20,True,1266812912,11.549481845625936,7.491368940371754,20.13225838836047,20.14475838836044,-0.0124999999999992,0.3640000000000001,18
dqn_verified,dqn,synthetic_rough_heston,20,True,1737039599,-34.12169079184733,-38.2155416344894,20.205945099940195,20.233266771932964,-0.0273216719927817,0.333,21
dqn_verified,dqn,synthetic_rough_heston,20,True,476600210,-10.834198127304685,-15.965667034096672,20.497745764679053,22.65274576467936,-2.1550000000002996,0.114,12
dqn_verified,dqn,synthetic_rough_heston,20,True,392787174,8.258640621259824,4.934280922696216,20.75762768281024,18.232826710533963,2.524800972276243,0.091,13
dqn_verified,dqn,synthetic_rough_heston,20,True,369185566,4.418600968288956,1.8108768619744633,20.538449171095124,16.148449171095326,4.389999999999819,0.0,0
dqn_verified,dqn,synthetic_rough_heston,20,True,1749636134,-12.662374903824457,-15.670184503258644,20.488037794555694,17.343037794556604,3.144999999999083,0.0,0
dqn_verified,dqn,synthetic_rough_heston,20,True,510732936,5.1931890462696755,1.039726678585784,20.372583139795665,20.380045062962672,-0.0074619231670004,0.3860000000000001,27
dqn_verified,dqn,synthetic_rough_heston,20,True,569417501,-14.064153226609006,-15.639157628036632,20.48741793370624,12.54991793370628,7.937499999999947,0.027,4
dqn_verified,dqn,synthetic_rough_heston,20,True,1908420144,-5.46908145143294,-9.86212531496798,20.942200286351465,20.959589365097397,-0.0173890787459126,0.4350000000000001,29
dqn_verified,dqn,synthetic_rough_heston,20,True,2034989486,1.598349114868528,-1.746862917820175,20.81971244862018,18.28992081089665,2.5297916377235103,0.051,5
dqn_verified,dqn,synthetic_rough_heston,20,True,564294971,0.7656331497710198,-4.294671878153217,20.893427726338075,22.49512175544786,-1.6016940291097932,0.0,0
dqn_verified,dqn,synthetic_rough_heston,20,True,1129817345,1.223275175418996,0.4453049728107007,20.365261915659715,8.82026191565928,11.545000000000442,0.013,1
dqn_verified,dqn,synthetic_rough_heston,20,True,1190000565,13.739891323852136,12.031506783643868,20.08229731046656,13.070518506196557,7.011778804270011,0.0,0
dqn_verified,dqn,synthetic_rough_heston,20,True,1455278866,11.120836706548287,6.855970031225613,20.99905363483107,20.65155363483018,0.3475000000009167,0.0,0
dqn_verified,dqn,synthetic_rough_heston,20,True,1760722551,-3.8918272576107262,-7.824664166473756,20.756381466915073,19.83138146691508,0.92499999999999,0.051,3
dqn_verified,dqn,synthetic_rough_heston,20,True,328726188,6.492446924965407,5.454259159409071,20.079149942741353,10.189149942739755,9.890000000001589,0.0,0
dqn_verified,dqn,synthetic_rough_heston,20,True,232867167,2.187131717220269,-2.3920635915414463,20.45006787400132,21.399054438833776,-0.9489865648324566,0.024,2
dqn_verified,dqn,synthetic_rough_heston,20,True,628415013,16.41860596331593,15.234910150259722,20.242279087305803,10.879778550394338,9.362500536911469,0.01,1
dqn_verified,dqn,synthetic_rough_heston,20,True,55294341,9.234882022021338,8.08058729301922,20.57631091141488,10.743810911413682,9.83250000000119,0.0,0
dqn_verified,dqn,synthetic_rough_heston,20,True,587962707,-9.023327959653018,-13.431175179681606,20.97487370771394,20.994873707713953,-0.0199999999999995,0.309,24
dqn_verified,dqn,synthetic_rough_heston,20,True,829705679,18.46096035281153,18.293082486801666,20.14582847624908,4.097290153380147,16.048538322868936,0.0,0
dqn_verified,dqn,synthetic_rough_heston,20,True,379368625,2.2452637344267714,0.5057611084164007,20.906520532284645,13.189020532285069,7.717499999999571,0.0,0
dqn_verified,dqn,synthetic_rough_heston,20,True,205709869,7.981076276821608,3.908243383963375,20.193760844799144,20.181260844799148,0.0124999999999992,0.056,5
dqn_verified,dqn,synthetic_rough_heston,20,True,865592973,-23.032308295065462,-27.033319549347404,20.790027975938287,20.002527975938285,0.7875000000000014,0.071,5
dqn_verified,dqn,synthetic_rough_heston,20,True,675392413,4.382432062949956,1.6101865631866257,20.594909312441573,16.650061560737036,3.944847751704542,0.035,3
dqn_verified,dqn,synthetic_rough_heston,20,True,1422536529,14.874743665486676,14.193162134720716,20.32829512079725,8.255795120798233,12.072499999999016,0.0,0
dqn_verified,dqn,synthetic_rough_heston,20,True,1001327361,15.67893648041536,12.11941100985111,20.561989625499137,18.86670472171611,1.6952849037830224,0.0,0
dqn_verified,dqn,synthetic_rough_heston,20,True,1177952687,15.653388679082129,15.048351545569188,20.091760206050964,7.77841329265128,12.313346913399691,0.0,0
dqn_verified,dqn,synthetic_rough_heston,20,True,1810240606,-2.2447351975951313,-6.371713455737872,20.327315831403126,20.314965562714452,0.0123502686886761,0.304,15
dqn_verified,dqn,synthetic_rough_heston,20,True,1181369059,4.830626454333891,2.635552231536858,20.17515885323904,14.815782877718725,5.359375975520323,0.011,1
dqn_verified,dqn,synthetic_rough_heston,20,True,1322332359,-2.451345679539518,-7.796322536758667,20.75528178055849,23.11920599246252,-2.363924211904043,0.035,2
dqn_verified,dqn,synthetic_rough_heston,20,True,38137826,15.22260185011961,12.261400544102546,20.29564140462901,17.208141404628982,3.087500000000041,0.04,2
dqn_verified,dqn,synthetic_rough_heston,20,True,440852670,26.319863162869297,23.335316968761532,20.843339181085824,17.275839181086877,3.5674999999989616,0.0,0
dqn_verified,dqn,synthetic_rough_heston,20,True,1945446605,18.28312339266813,16.043148562536302,20.35441133362825,14.966545460231718,5.3878658733965255,0.0,0
dqn_verified,dqn,synthetic_rough_heston,20,True,1154827508,15.303665069977797,14.083274267315591,20.84001716284736,11.047129956066431,9.792887206780946,0.0,0
dqn_verified,dqn,synthetic_rough_heston,20,True,993215842,0.561643207963425,-3.718121088327691,20.626015506625095,20.68759119929412,-0.0615756926690656,0.3,24
dqn_verified,dqn,synthetic_rough_heston,20,True,203881053,28.457595622127265,24.113077471309737,20.828617925467995,20.843507744181473,-0.0148898187134761,0.305,22
dqn_verified,dqn,synthetic_rough_heston,20,True,1698224781,1.1565959085470094,-2.3372622417332596,20.843045604050815,18.69186494248305,2.151180661567782,0.016,1
dqn_verified,dqn,synthetic_rough_heston,20,True,1641320225,-44.1673090215322,-48.467972167876994,20.58804027950761,20.7380402795076,-0.1500000000000056,0.105,14
dqn_verified,dqn,synthetic_rough_heston,20,True,835891747,20.505104188872792,19.536339020785295,20.957586896174405,9.84258689617469,11.114999999999696,0.0,0
dqn_verified,dqn,synthetic_rough_heston,20,True,2098874635,-31.342743721344537,-35.51892394284517,20.178204591475776,20.43570459147576,-0.2574999999999718,0.136,16
dqn_verified,dqn,synthetic_rough_heston,20,True,626392803,3.4658731591989635,2.9683899991431746,20.855990315351292,7.053248613623293,13.802741701727967,0.0,0
ddpg_paper_actor,ddpg,synthetic_rough_heston,0,False,401058792,-10.95106423786092,-10.951236274063794,0.1311625719762759,0.1311625719762768,0.0,0.0,0
ddpg_paper_actor,ddpg,synthetic_rough_heston,0,False,1822668597,-1.729438507984014,-1.7308029117706545,0.3693783678886149,0.3693783678886184,0.0,0.0,0
ddpg_paper_actor,ddpg,synthetic_rough_heston,0,False,1465431171,2.410649434074003,2.4102958333189135,0.1880427491527854,0.1880427491528085,0.0,0.0,0
ddpg_paper_actor,ddpg,synthetic_rough_heston,0,False,157564097,-2.5006369323527906,-2.508339753018028,0.8776571463411642,0.8776571463411651,0.0,0.0,0
ddpg_paper_actor,ddpg,synthetic_rough_heston,0,False,245238582,-1.1110456378046365,-1.1178570188949095,0.8253109165807189,0.825310916580726,0.0,0.0,0
ddpg_paper_actor,ddpg,synthetic_rough_heston,0,False,1117977144,9.008143452951115,9.001879047256391,0.7914799867795779,0.7914799867795903,0.0,0.0,0
ddpg_paper_actor,ddpg,synthetic_rough_heston,0,False,523826546,-0.0619292836654494,-0.062116184674817,0.1367117439606175,0.1367117439606389,0.0,0.0,0
ddpg_paper_actor,ddpg,synthetic_rough_heston,0,False,1124484429,-1.676408708353847,-1.6790898908378238,0.517801359980524,0.5178013599805205,0.0,0.0,0
ddpg_paper_actor,ddpg,synthetic_rough_heston,0,False,171768458,16.35806841136764,16.354401438736573,0.6055553344712479,0.6055553344712195,0.0,0.0,0
ddpg_paper_actor,ddpg,synthetic_rough_heston,0,False,1868865057,3.0939363025572675,3.0923796722273473,0.3945415478654155,0.3945415478654048,0.0,0.0,0
ddpg_paper_actor,ddpg,synthetic_rough_heston,0,False,301461638,12.09526830386676,12.095005440982428,0.162130467319244,0.1621304673192334,0.0,0.0,0
ddpg_paper_actor,ddpg,synthetic_rough_heston,0,False,1387055752,-13.374309757737135,-13.374882519811798,0.2393244815435053,0.2393244815434982,0.0,0.0,0
ddpg_paper_actor,ddpg,synthetic_rough_heston,0,False,1027367132,-16.35739901960187,-16.36645695354624,0.9517317870267163,0.9517317870267136,0.0,0.0,0
ddpg_paper_actor,ddpg,synthetic_rough_heston,0,False,1111389845,-15.823595097146608,-15.823615188347786,0.044823209587264,0.0448232095872698,0.0,0.0,0
ddpg_paper_actor,ddpg,synthetic_rough_heston,0,False,180210118,5.055617969164814,5.0523544587660885,0.5712714239943892,0.5712714239943857,0.0,0.0,0
ddpg_paper_actor,ddpg,synthetic_rough_heston,0,False,1769597788,8.378346297738972,8.376114536054823,0.4724152499812106,0.4724152499812231,0.0,0.0,0
ddpg_paper_actor,ddpg,synthetic_rough_heston,0,False,1541083806,-12.650057162185476,-12.656954685769342,0.8305133101802369,0.8305133101802511,0.0,0.0,0
ddpg_paper_actor,ddpg,synthetic_rough_heston,0,False,2073530583,0.0482486329092353,0.0479236739284669,0.1802661867262713,0.1802661867262962,0.0,0.0,0
ddpg_paper_actor,ddpg,synthetic_rough_heston,0,False,583456263,22.278011138881993,22.27635300285428,0.4072021644974768,0.4072021644974848,0.0,0.0,0
ddpg_paper_actor,ddpg,synthetic_rough_heston,0,False,269688897,17.585855232406175,17.584489088275213,0.3696138702702711,0.3696138702702898,0.0,0.0,0
ddpg_paper_actor,ddpg,synthetic_rough_heston,0,False,977455710,-10.510118878099092,-10.51285466990219,0.5230479713274576,0.5230479713274807,0.0,0.0,0
ddpg_paper_actor,ddpg,synthetic_rough_heston,0,False,2018195485,-10.593803642588682,-10.595249963804145,0.3803053004447037,0.3803053004446926,0.0,0.0,0
ddpg_paper_actor,ddpg,synthetic_rough_heston,0,False,1266812912,12.473925891928957,12.473430732476873,0.2225217859187722,0.2225217859187558,0.0,0.0,0
ddpg_paper_actor,ddpg,synthetic_rough_heston,0,False,1737039599,-20.990948260929144,-20.99274153411421,0.42347056391975,0.42347056391975,0.0,0.0,0
ddpg_paper_actor,ddpg,synthetic_rough_heston,0,False,476600210,-1.7380626689609926,-1.7413145155757446,0.5702496483779527,0.5702496483779669,0.0,0.0,0
ddpg_paper_actor,ddpg,synthetic_rough_heston,0,False,392787174,3.314107974723811,3.309875987433152,0.6505372618581902,0.6505372618581511,0.0,0.0,0
ddpg_paper_actor,ddpg,synthetic_rough_heston,0,False,369185566,3.252073289011605,3.2518709555578895,0.14224396427106,0.1422439642710902,0.0,0.0,0
ddpg_paper_actor,ddpg,synthetic_rough_heston,0,False,1749636134,-18.85796707309601,-18.864410849160027,0.802731341360257,0.8027313413602446,0.0,0.0,0
ddpg_paper_actor,ddpg,synthetic_rough_heston,0,False,510732936,5.814335114137066,5.810889558004434,0.5869885972172852,0.5869885972172959,0.0,0.0,0
ddpg_paper_actor,ddpg,synthetic_rough_heston,0,False,569417501,-12.25236136122112,-12.261566211365889,0.9594191026224764,0.959419102622456,0.0,0.0,0
ddpg_paper_actor,ddpg,synthetic_rough_heston,0,False,1908420144,-5.1790690001489565,-5.1790916750051865,0.0476181228421239,0.0476181228421275,0.0,0.0,0
ddpg_paper_actor,ddpg,synthetic_rough_heston,0,False,2034989486,-19.150642243652328,-19.15821483238605,0.8702062246227911,0.8702062246227626,0.0,0.0,0
ddpg_paper_actor,ddpg,synthetic_rough_heston,0,False,564294971,0.027543797297767,0.0275055382719713,0.0618538808771518,0.0618538808771327,0.0,0.0,0
ddpg_paper_actor,ddpg,synthetic_rough_heston,0,False,1129817345,1.9707039833974704,1.9684451522884352,0.4752716180285716,0.4752716180285734,0.0,0.0,0
ddpg_paper_actor,ddpg,synthetic_rough_heston,0,False,1190000565,9.354962166282348,9.354489101041596,0.2175006300571738,0.2175006300571871,0.0,0.0,0
ddpg_paper_actor,ddpg,synthetic_rough_heston,0,False,1455278866,0.0501079669029422,0.0482750255513029,0.4281286432416209,0.4281286432416431,0.0,0.0,0
ddpg_paper_actor,ddpg,synthetic_rough_heston,0,False,1760722551,-4.0622759203506575,-4.069039473023713,0.8224082120854064,0.8224082120853957,0.0,0.0,0
ddpg_paper_actor,ddpg,synthetic_rough_heston,0,False,328726188,2.928956267571266,2.9245821772460547,0.6613690592408403,0.6613690592408297,0.0,0.0,0
ddpg_paper_actor,ddpg,synthetic_rough_heston,0,False,232867167,0.7356894801323506,0.7345172847774425,0.3423733860725946,0.3423733860725946,0.0,0.0,0
ddpg_paper_actor,ddpg,synthetic_rough_heston,0,False,628415013,15.222543755337028,15.222172575756638,0.1926602139496367,0.1926602139496456,0.0,0.0,0
ddpg_paper_actor,ddpg,synthetic_rough_heston,0,False,55294341,7.316587994489964,7.315789250644517,0.2826205663866687,0.2826205663866594,0.0,0.0,0
ddpg_paper_actor,ddpg,synthetic_rough_heston,0,False,587962707,5.908358363221851,5.907672067148309,0.2619725316787509,0.2619725316787797,0.0,0.0,0
ddpg_paper_actor,ddpg,synthetic_rough_heston,0,False,829705679,10.631464154521382,10.62638535965313,0.7126566402028516,0.712656640202864,0.0,0.0,0
ddpg_paper_actor,ddpg,synthetic_rough_heston,0,False,379368625,-3.4147252193688473,-3.4147262205482845,0.0100058954475485,0.0100058954475565,0.0,0.0,0
ddpg_paper_actor,ddpg,synthetic_rough_heston,0,False,205709869,10.433392436030772,10.432038107228385,0.3680120653439047,0.3680120653438967,0.0,0.0,0
ddpg_paper_actor,ddpg,synthetic_rough_heston,0,False,865592973,-21.03959026546545,-21.046322512753022,0.8205027292809461,0.8205027292809461,0.0,0.0,0
ddpg_paper_actor,ddpg,synthetic_rough_heston,0,False,675392413,4.539891142007036,4.531829009801544,0.8978937690780668,0.897893769078081,0.0,0.0,0
ddpg_paper_actor,ddpg,synthetic_rough_heston,0,False,1422536529,13.141558250299568,13.137040472853991,0.6721441397180854,0.6721441397180872,0.0,0.0,0
ddpg_paper_actor,ddpg,synthetic_rough_heston,0,False,1001327361,16.691612633587283,16.690352121099167,0.3550369682321701,0.355036968232163,0.0,0.0,0
ddpg_paper_actor,ddpg,synthetic_rough_heston,0,False,1177952687,16.08943779317815,16.086955263234053,0.4982499316705286,0.4982499316705393,0.0,0.0,0
ddpg_paper_actor,ddpg,synthetic_rough_heston,0,False,1810240606,-1.1446033743668522,-1.1537423584313098,0.95598033789706,0.9559803378970528,0.0,0.0,0
ddpg_paper_actor,ddpg,synthetic_rough_heston,0,False,1181369059,5.403707248364299,5.40226249838411,0.3800986687937779,0.3800986687937771,0.0,0.0,0
ddpg_paper_actor,ddpg,synthetic_rough_heston,0,False,1322332359,0.5272414593309804,0.5203348528172669,0.8310599565442658,0.8310599565442658,0.0,0.0,0
ddpg_paper_actor,ddpg,synthetic_rough_heston,0,False,38137826,8.804599088241957,8.800340988519118,0.6525411652026634,0.652541165202678,0.0,0.0,0
ddpg_paper_actor,ddpg,synthetic_rough_heston,0,False,440852670,20.10540032439349,20.09792445136799,0.8646313101834835,0.8646313101834959,0.0,0.0,0
ddpg_paper_actor,ddpg,synthetic_rough_heston,0,False,1945446605,11.657631886728268,11.654163940752284,0.5888926876759939,0.5888926876759886,0.0,0.0,0
ddpg_paper_actor,ddpg,synthetic_rough_heston,0,False,1154827508,3.9072261071942194,3.903990241693135,0.5688466841851181,0.5688466841851323,0.0,0.0,0
ddpg_paper_actor,ddpg,synthetic_rough_heston,0,False,993215842,-2.6269448400944384,-2.6275812930901985,0.2522802005232449,0.2522802005232041,0.0,0.0,0
ddpg_paper_actor,ddpg,synthetic_rough_heston,0,False,203881053,22.73053286512368,22.72316608657923,0.8582993967402643,0.858299396740259,0.0,0.0,0
ddpg_paper_actor,ddpg,synthetic_rough_heston,0,False,1698224781,2.660103815300318,2.6594340354786197,0.2588010474664912,0.2588010474665143,0.0,0.0,0
ddpg_paper_actor,ddpg,synthetic_rough_heston,0,False,1641320225,-25.61958565671921,-25.62353845666913,0.6287129670940743,0.6287129670940601,0.0,0.0,0
ddpg_paper_actor,ddpg,synthetic_rough_heston,0,False,835891747,12.108104188873767,12.09893446223652,0.957586896174405,0.9575868961743872,0.0,0.0,0
ddpg_paper_actor,ddpg,synthetic_rough_heston,0,False,2098874635,-20.653340846300125,-20.657335711234012,0.6320494390383402,0.63204943903835,0.0,0.0,0
ddpg_paper_actor,ddpg,synthetic_rough_heston,0,False,626392803,-0.7841276793351426,-0.7842019882373631,0.0862026114572813,0.0862026114572449,0.0,0.0,0
ddpg_paper_actor,ddpg,synthetic_rough_heston,0,True,401058792,-11.067906946430288,-11.319005436115804,0.1311625719762759,-5.01097285649721,5.142135428473487,0.014,1
ddpg_paper_actor,ddpg,synthetic_rough_heston,0,True,1822668597,-1.983338507983586,-1.9925664471843925,0.3693783678886149,-0.9606216321115326,1.330000000000151,0.081,4
ddpg_paper_actor,ddpg,synthetic_rough_heston,0,True,1465431171,2.1741494340743666,2.172739110509954,0.1880427491527854,0.3755427491528156,-0.1875000000000071,0.274,12
ddpg_paper_actor,ddpg,synthetic_rough_heston,0,True,157564097,-2.5776369323527906,-2.585339753018028,0.8776571463411642,0.8776571463411651,0.0,0.077,7
ddpg_paper_actor,ddpg,synthetic_rough_heston,0,True,245238582,0.744879362197098,-1.1587449038395103,0.8253109165807189,-13.797189083420609,14.622500000001336,0.045,9
ddpg_paper_actor,ddpg,synthetic_rough_heston,0,True,1117977144,11.902403730755395,10.373657309016588,0.7914799867795779,-12.364248548693965,13.155728535473552,0.0,0
ddpg_paper_actor,ddpg,synthetic_rough_heston,0,True,523826546,3.6921157058422978,2.1602709647432814,0.1367117439606175,-12.376771554403904,12.513483298364545,0.0,0
ddpg_paper_actor,ddpg,synthetic_rough_heston,0,True,1124484429,-0.0913837083553517,-1.4543695917078534,0.517801359980524,-11.674698640018516,12.192499999999036,0.0,0
ddpg_paper_actor,ddpg,synthetic_rough_heston,0,True,171768458,16.72506841136783,16.70995306951184,0.6055553344712479,-1.229444665529396,1.8350000000006157,0.0,0
ddpg_paper_actor,ddpg,synthetic_rough_heston,0,True,1868865057,2.9754363025570636,2.9648367445692747,0.3945415478654155,1.0295415478643442,-0.6349999999989393,0.055,10
ddpg_paper_actor,ddpg,synthetic_rough_heston,0,True,301461638,14.610018303867037,13.21457943790538,0.162130467319244,-11.812869532681958,11.975000000001192,0.0,0
ddpg_paper_actor,ddpg,synthetic_rough_heston,0,True,1387055752,-11.682334757737816,-12.549687140113551,0.2393244815435053,-9.3131755184563,9.5524999999998,0.123,11
ddpg_paper_actor,ddpg,synthetic_rough_heston,0,True,1027367132,-16.772428316076272,-16.778719253772763,0.9517317870267163,0.7931543164158771,0.1585774706108366,0.3960000000000001,21
ddpg_paper_actor,ddpg,synthetic_rough_heston,0,True,1111389845,-12.31504733420843,-13.310971290275315,0.044823209587264,-9.979598970233654,10.024422179820924,0.0,0
ddpg_paper_actor,ddpg,synthetic_rough_heston,0,True,180210118,5.195835507697994,2.9606662589961004,0.5712714239943892,-14.950482429346197,15.52175385334058,0.015,5
ddpg_paper_actor,ddpg,synthetic_rough_heston,0,True,1769597788,7.733332280065952,6.676996773977806,0.4724152499812106,-10.27781837788616,10.750233627867384,0.0,0
ddpg_paper_actor,ddpg,synthetic_rough_heston,0,True,1541083806,-12.437515480642103,-16.608772252592413,0.8305133101802369,-20.423654844200406,21.254168154380658,0.0,0
ddpg_paper_actor,ddpg,synthetic_rough_heston,0,True,2073530583,1.8458486329091104,-0.3444725765289322,0.1802661867262713,-14.7997338132753,14.980000000001596,0.0,0
ddpg_paper_actor,ddpg,synthetic_rough_heston,0,True,583456263,25.938305962305098,25.341273692101563,0.4072021644974768,-7.7267863319981265,8.133988496495611,0.0,0
ddpg_paper_actor,ddpg,synthetic_rough_heston,0,True,269688897,17.203230232406845,17.202282293718046,0.3696138702702711,-0.3078861297296447,0.6774999999999345,0.2809999999999999,16
ddpg_paper_actor,ddpg,synthetic_rough_heston,0,True,977455710,-10.768744995797183,-10.769026665973223,0.5230479713274576,0.1678303238513774,0.3552176474761033,0.216,9
ddpg_paper_actor,ddpg,synthetic_rough_heston,0,True,2018195485,-10.752361562285529,-11.277637269566446,0.3803053004447037,-7.247590684364818,7.627895984809511,0.006,3
ddpg_paper_actor,ddpg,synthetic_rough_heston,0,True,1266812912,12.666225891929573,12.456005639693652,0.2225217859187722,-4.584978214080406,4.8074999999991626,0.0,0
ddpg_paper_actor,ddpg,synthetic_rough_heston,0,True,1737039599,-21.009773260928675,-21.009939746882427,0.42347056391975,-0.1290294360801951,0.5524999999999451,0.1679999999999999,8
ddpg_paper_actor,ddpg,synthetic_rough_heston,0,True,476600210,-2.0157876689611296,-2.032114110600447,0.5702496483779527,1.2777496483786592,-0.7075000000006924,0.1149999999999999,10
ddpg_paper_actor,ddpg,synthetic_rough_heston,0,True,392787174,8.16183297472405,5.912744061032491,0.6505372618581902,-14.996962738139874,15.647499999998026,0.003,2
ddpg_paper_actor,ddpg,synthetic_rough_heston,0,True,369185566,2.9726732890124548,2.971759774873071,0.14224396427106,0.302243964271172,-0.1600000000000818,0.305,16
ddpg_paper_actor,ddpg,synthetic_rough_heston,0,True,1749636134,-18.92790865069389,-18.934510755188025,0.802731341360257,0.8125333528007695,-0.0098020114405249,0.072,3
ddpg_paper_actor,ddpg,synthetic_rough_heston,0,True,510732936,5.582735114137278,5.580164739760194,0.5869885972172852,0.5069885972172976,0.0799999999999983,0.238,21
ddpg_paper_actor,ddpg,synthetic_rough_heston,0,True,569417501,-10.117643090379511,-12.16131673566771,0.9594191026224764,-14.295711403383176,15.255130506005631,0.001,1
ddpg_paper_actor,ddpg,synthetic_rough_heston,0,True,1908420144,-5.320069000148957,-5.3200916750051865,0.0476181228421239,0.0476181228421275,0.0,0.141,14
ddpg_paper_actor,ddpg,synthetic_rough_heston,0,True,2034989486,-16.550742243652408,-17.7883526090991,0.8702062246227911,-11.1247937753771,11.994999999999862,0.039,3
ddpg_paper_actor,ddpg,synthetic_rough_heston,0,True,564294971,-0.143456202702233,-0.1434944617280286,0.0618538808771518,0.0618538808771327,0.0,0.171,9
ddpg_paper_actor,ddpg,synthetic_rough_heston,0,True,1129817345,2.6934039833977295,-2.883149982145242,0.4752716180285716,-23.614728381971645,24.090000000000217,0.0,0
ddpg_paper_actor,ddpg,synthetic_rough_heston,0,True,1190000565,9.107343427651722,9.107300873422334,0.2175006300571738,-0.0652336028344087,0.2827342328915959,0.2249999999999999,9
ddpg_paper_actor,ddpg,synthetic_rough_heston,0,True,1455278866,0.0501079669029422,0.0482750255513029,0.4281286432416209,0.4281286432416431,0.0,0.0,0
ddpg_paper_actor,ddpg,synthetic_rough_heston,0,True,1760722551,-2.849525920350061,-6.6092825157867185,0.8224082120854064,-19.390091787912343,20.21249999999774,0.0,0
ddpg_paper_actor,ddpg,synthetic_rough_heston,0,True,328726188,2.5982806426678144,2.5947982711513196,0.6613690592408403,0.5901162187649993,0.0712528404758303,0.315,14
ddpg_paper_actor,ddpg,synthetic_rough_heston,0,True,232867167,0.6266390278369217,0.0697243174134888,0.3423733860725946,-7.462671843404565,7.80504522947716,0.031,2
ddpg_paper_actor,ddpg,synthetic_rough_heston,0,True,628415013,17.611050249768596,8.811716497718262,0.1926602139496367,-29.663670966436932,29.856331180386576,0.0,0
ddpg_paper_actor,ddpg,synthetic_rough_heston,0,True,55294341,7.22818799449176,7.22803763645875,0.2826205663866687,0.1226205663866912,0.1599999999999681,0.074,3
ddpg_paper_actor,ddpg,synthetic_rough_heston,0,True,587962707,5.638358363221851,5.5896996844756766,0.2619725316787509,2.205871228022488,-1.9438986963437084,0.27,20
ddpg_paper_actor,ddpg,synthetic_rough_heston,0,True,829705679,12.564696801590094,5.3182428854213075,0.7126566402028516,-26.919238317918257,27.63189495812112,0.001,1
ddpg_paper_actor,ddpg,synthetic_rough_heston,0,True,379368625,-3.8610964906769514,-3.862826443043828,0.0100058954475485,-0.4159269607607235,0.4259328562082801,0.391,21
ddpg_paper_actor,ddpg,synthetic_rough_heston,0,True,205709869,12.324731136028277,11.916822952658167,0.3680120653439047,-6.386769006078971,6.754781071422868,0.0,0
ddpg_paper_actor,ddpg,synthetic_rough_heston,0,True,865592973,-21.064590265465448,-21.07132251275302,0.8205027292809461,0.8205027292809461,0.0,0.025,4
ddpg_paper_actor,ddpg,synthetic_rough_heston,0,True,675392413,6.332991142007813,4.360481500191073,0.8978937690780668,-14.044606230922746,14.942500000000829,0.0,0
ddpg_paper_actor,ddpg,synthetic_rough_heston,0,True,1422536529,12.843929471450943,12.842636575937746,0.6721441397180854,0.3595685627525432,0.312575576965544,0.282,12
ddpg_paper_actor,ddpg,synthetic_rough_heston,0,True,1001327361,16.609612633587282,16.608352121099166,0.3550369682321701,0.355036968232163,0.0,0.082,4
ddpg_paper_actor,ddpg,synthetic_rough_heston,0,True,1177952687,15.46786958892335,14.04387745493668,0.4982499316705286,-11.933114153424786,12.431364085095325,0.0,0
ddpg_paper_actor,ddpg,synthetic_rough_heston,0,True,1810240606,-1.0956215146359172,-1.101150420909982,0.95598033789706,-0.7435661553664743,1.6995464932635271,0.019,1
ddpg_paper_actor,ddpg,synthetic_rough_heston,0,True,1181369059,5.902007248365408,3.267910276158402,0.3800986687937779,-16.229901331206563,16.61000000000034,0.0,0
ddpg_paper_actor,ddpg,synthetic_rough_heston,0,True,1322332359,0.2486604041332611,-1.466913750607187,0.8310599565442658,-13.097992803252138,13.929052759796404,0.0,0
ddpg_paper_actor,ddpg,synthetic_rough_heston,0,True,38137826,8.556021027220181,8.223469562538194,0.6525411652026634,-5.766727535457068,6.419268700659746,0.0559999999999999,6
ddpg_paper_actor,ddpg,synthetic_rough_heston,0,True,440852670,20.10540032439349,20.09792445136799,0.8646313101834835,0.8646313101834959,0.0,0.0,0
ddpg_paper_actor,ddpg,synthetic_rough_heston,0,True,1945446605,11.407031886727856,11.403795497826945,0.5888926876759939,0.5688926876759925,0.019999999999996,0.2449999999999999,10
ddpg_paper_actor,ddpg,synthetic_rough_heston,0,True,1154827508,3.508601107193768,3.507662624284656,0.5688466841851181,0.3063466841850726,0.2625000000000597,0.354,17
ddpg_paper_actor,ddpg,synthetic_rough_heston,0,True,993215842,-2.7849448400944383,-2.7855812930901984,0.2522802005232449,0.2522802005232041,0.0,0.158,17
ddpg_paper_actor,ddpg,synthetic_rough_heston,0,True,203881053,22.61253286512368,22.60516608657923,0.8582993967402643,0.858299396740259,0.0,0.118,14
ddpg_paper_actor,ddpg,synthetic_rough_heston,0,True,1698224781,3.6410459826638544,-0.1070663958324438,0.2588010474664912,-19.36004229978927,19.618843347255783,0.0,0
ddpg_paper_actor,ddpg,synthetic_rough_heston,0,True,1641320225,-26.047585656720067,-26.05791254466497,0.6287129670940743,1.016212967094038,-0.387499999999978,0.3970000000000001,23
ddpg_paper_actor,ddpg,synthetic_rough_heston,0,True,835891747,12.037163831113736,12.03291206892858,0.957586896174405,0.6520553799452946,0.3055315162290926,0.019,1
ddpg_paper_actor,ddpg,synthetic_rough_heston,0,True,2098874635,-20.763215846299428,-20.790261274873817,0.6320494390383402,1.6445494390375464,-1.0124999999991964,0.12,15
ddpg_paper_actor,ddpg,synthetic_rough_heston,0,True,626392803,-1.0937276793351776,-1.0939642157024032,0.0862026114572813,-0.1537973885427641,0.2400000000000091,0.288,16
ddpg_paper_actor,ddpg,synthetic_rough_heston,10,False,401058792,-9.543646192185406,-10.722965366746266,10.85964628595636,10.859646285956366,0.0,0.0,0
ddpg_paper_actor,ddpg,synthetic_rough_heston,10,False,1822668597,1.0864993017403322,-0.0474587320809407,10.648746563897888,10.648746563897898,0.0,0.0,0
ddpg_paper_actor,ddpg,synthetic_rough_heston,10,False,1465431171,9.761240898867982,8.591629467403552,10.814857518545622,10.81485751854563,0.0,0.0,0
ddpg_paper_actor,ddpg,synthetic_rough_heston,10,False,157564097,2.8025881489320454,1.73941024088235,10.311051876747086,10.311051876747085,0.0,0.0,0
ddpg_paper_actor,ddpg,synthetic_rough_heston,10,False,245238582,-1.5110456378024535,-2.682919202208872,10.82531091658072,10.825310916580726,0.0,0.0,0
ddpg_paper_actor,ddpg,synthetic_rough_heston,10,False,1117977144,7.391647334799927,6.204728443015982,10.89458072522271,10.894580725222724,0.0,0.0,0
ddpg_paper_actor,ddpg,synthetic_rough_heston,10,False,523826546,-3.355518698212109,-4.409203683454026,10.26491590438964,10.264915904389657,0.0,0.0,0
ddpg_paper_actor,ddpg,synthetic_rough_heston,10,False,1124484429,-2.4952159097119875,-3.5978758051829742,10.500761379400004,10.500761379400004,0.0,0.0,0
ddpg_paper_actor,ddpg,synthetic_rough_heston,10,False,171768458,18.258068411367276,17.133290371841966,10.605555334471248,10.60555533447122,0.0,0.0,0
ddpg_paper_actor,ddpg,synthetic_rough_heston,10,False,1868865057,4.9721064600671525,3.816511464058891,10.74986044564423,10.74986044564422,0.0,0.0,0
ddpg_paper_actor,ddpg,synthetic_rough_heston,10,False,301461638,10.007236937903144,8.883151978591759,10.602287297142013,10.602287297142,0.0,0.0,0
ddpg_paper_actor,ddpg,synthetic_rough_heston,10,False,1387055752,-19.3565526448765,-20.421019219041277,10.317298939958931,10.317298939958924,0.0,0.0,0
ddpg_paper_actor,ddpg,synthetic_rough_heston,10,False,1027367132,-13.617992991068604,-14.74592101392229,10.620395580455964,10.620395580455964,0.0,0.0,0
ddpg_paper_actor,ddpg,synthetic_rough_heston,10,False,1111389845,-19.452911721244163,-20.57447014987668,10.590365567970323,10.59036556797033,0.0,0.0,0
ddpg_paper_actor,ddpg,synthetic_rough_heston,10,False,180210118,3.655617969165178,2.5381001739675746,10.57127142399439,10.571271423994386,0.0,0.0,0
ddpg_paper_actor,ddpg,synthetic_rough_heston,10,False,1769597788,8.25553190753999,7.099078090937351,10.75385426999378,10.753854269993797,0.0,0.0,0
ddpg_paper_actor,ddpg,synthetic_rough_heston,10,False,1541083806,-12.847769285835966,-13.896367647771928,10.240109188558293,10.240109188558304,0.0,0.0,0
ddpg_paper_actor,ddpg,synthetic_rough_heston,10,False,2073530583,1.3956711096889194,0.1874040535929775,10.992120159896077,10.992120159896096,0.0,0.0,0
ddpg_paper_actor,ddpg,synthetic_rough_heston,10,False,583456263,14.496409227331242,13.35640138257582,10.677114988401216,10.67711498840123,0.0,0.0,0
ddpg_paper_actor,ddpg,synthetic_rough_heston,10,False,269688897,18.879825048954444,17.814134717822327,10.323227843713,10.32322784371302,0.0,0.0,0
ddpg_paper_actor,ddpg,synthetic_rough_heston,10,False,977455710,-8.503432313034864,-9.618196720496991,10.558240419038214,10.558240419038237,0.0,0.0,0
ddpg_paper_actor,ddpg,synthetic_rough_heston,10,False,2018195485,-8.850004760759475,-10.032278219866736,10.873239899437806,10.873239899437802,0.0,0.0,0
ddpg_paper_actor,ddpg,synthetic_rough_heston,10,False,1266812912,12.214377519947448,11.1895784668456,10.123235911020998,10.123235911020974,0.0,0.0,0
ddpg_paper_actor,ddpg,synthetic_rough_heston,10,False,1737039599,-27.488501704483497,-28.6792222703886,10.912014323236122,10.912014323236114,0.0,0.0,0
ddpg_paper_actor,ddpg,synthetic_rough_heston,10,False,476600210,-6.136253278948061,-7.303525393949929,10.8040368150144,10.804036815014411,0.0,0.0,0
ddpg_paper_actor,ddpg,synthetic_rough_heston,10,False,392787174,5.395522627499304,4.26943569971631,10.611724307495932,10.6117243074959,0.0,0.0,0
ddpg_paper_actor,ddpg,synthetic_rough_heston,10,False,369185566,4.923465927746292,3.8044314812156985,10.578442449295594,10.578442449295617,0.0,0.0,0
ddpg_paper_actor,ddpg,synthetic_rough_heston,10,False,1749636134,-14.95796707309637,-16.124957117432437,10.802731341360255,10.802731341360245,0.0,0.0,0
ddpg_paper_actor,ddpg,synthetic_rough_heston,10,False,510732936,5.532442407455164,4.371164769897148,10.776259265431648,10.776259265431657,0.0,0.0,0
ddpg_paper_actor,ddpg,synthetic_rough_heston,10,False,569417501,-14.099903379272291,-15.170116681311637,10.345111415733273,10.34511141573325,0.0,0.0,0
ddpg_paper_actor,ddpg,synthetic_rough_heston,10,False,1908420144,-5.285341358119695,-6.394967961457972,10.533881541664854,10.533881541664863,0.0,0.0,0
ddpg_paper_actor,ddpg,synthetic_rough_heston,10,False,2034989486,-8.207001906774167,-9.402155837855622,10.932309596244792,10.932309596244767,0.0,0.0,0
ddpg_paper_actor,ddpg,synthetic_rough_heston,10,False,564294971,0.351226582784875,-0.6889857719922099,10.199080128997366,10.199080128997345,0.0,0.0,0
ddpg_paper_actor,ddpg,synthetic_rough_heston,10,False,1129817345,1.3552195301672327,0.1761152946794606,10.858656618052578,10.858656618052583,0.0,0.0,0
ddpg_paper_actor,ddpg,synthetic_rough_heston,10,False,1190000565,11.661067926075702,10.583174323487356,10.38216548985973,10.38216548985974,0.0,0.0,0
ddpg_paper_actor,ddpg,synthetic_rough_heston,10,False,1455278866,5.1559578509022685,4.019507944831786,10.66044045089356,10.660440450893583,0.0,0.0,0
ddpg_paper_actor,ddpg,synthetic_rough_heston,10,False,1760722551,-4.262275920349566,-5.4335211154397,10.822408212085406,10.822408212085396,0.0,0.0,0
ddpg_paper_actor,ddpg,synthetic_rough_heston,10,False,328726188,5.7295961827639985,4.616369134690709,10.550957530353784,10.55095753035377,0.0,0.0,0
ddpg_paper_actor,ddpg,synthetic_rough_heston,10,False,232867167,1.506816575285484,0.398465588883107,10.527824971960626,10.527824971960625,0.0,0.0,0
ddpg_paper_actor,ddpg,synthetic_rough_heston,10,False,628415013,14.50411687167616,13.32833992108498,10.843324907938424,10.843324907938433,0.0,0.0,0
ddpg_paper_actor,ddpg,synthetic_rough_heston,10,False,55294341,8.466307705317377,7.314368627178162,10.732842485284207,10.732842485284198,0.0,0.0,0
ddpg_paper_actor,ddpg,synthetic_rough_heston,10,False,587962707,-1.219836600303097,-2.221207273849602,10.00685102090813,10.006851020908147,0.0,0.0,0
ddpg_paper_actor,ddpg,synthetic_rough_heston,10,False,829705679,13.640611833858202,12.549865931748007,10.443878121225808,10.443878121225817,0.0,0.0,0
ddpg_paper_actor,ddpg,synthetic_rough_heston,10,False,379368625,-0.0950642289481038,-1.1107779769476926,10.078262489137645,10.078262489137645,0.0,0.0,0
ddpg_paper_actor,ddpg,synthetic_rough_heston,10,False,205709869,8.934292595587976,7.75250429060511,10.871008715767218,10.871008715767212,0.0,0.0,0
ddpg_paper_actor,ddpg,synthetic_rough_heston,10,False,865592973,-21.83959026546654,-23.010423058610304,10.820502729280946,10.820502729280946,0.0,0.0,0
ddpg_paper_actor,ddpg,synthetic_rough_heston,10,False,675392413,4.436767566092385,3.41330755690588,10.116620034312362,10.116620034312373,0.0,0.0,0
ddpg_paper_actor,ddpg,synthetic_rough_heston,10,False,1422536529,14.584977153248474,13.394978312211387,10.908706802536614,10.908706802536612,0.0,0.0,0
ddpg_paper_actor,ddpg,synthetic_rough_heston,10,False,1001327361,16.500662647733407,15.322281564694828,10.855326264274964,10.85532626427496,0.0,0.0,0
ddpg_paper_actor,ddpg,synthetic_rough_heston,10,False,1177952687,16.159677868583458,15.134956461943242,10.122852397621015,10.12285239762102,0.0,0.0,0
ddpg_paper_actor,ddpg,synthetic_rough_heston,10,False,1810240606,-1.5660863258890458,-2.6671281748033646,10.493054126012694,10.493054126012686,0.0,0.0,0
ddpg_paper_actor,ddpg,synthetic_rough_heston,10,False,1181369059,4.66206246834372,3.5238165988645376,10.668860620887216,10.668860620887228,0.0,0.0,0
ddpg_paper_actor,ddpg,synthetic_rough_heston,10,False,1322332359,-0.8522232431296288,-1.9634601285548376,10.541522116967784,10.54152211696778,0.0,0.0,0
ddpg_paper_actor,ddpg,synthetic_rough_heston,10,False,38137826,12.540551931861046,11.35387629842901,10.89346424895237,10.893464248952384,0.0,0.0,0
ddpg_paper_actor,ddpg,synthetic_rough_heston,10,False,440852670,23.905400324394577,22.724998189332386,10.864631310183483,10.864631310183496,0.0,0.0,0
ddpg_paper_actor,ddpg,synthetic_rough_heston,10,False,1945446605,15.753225538008335,14.54808774416249,10.977876815877693,10.977876815877682,0.0,0.0,0
ddpg_paper_actor,ddpg,synthetic_rough_heston,10,False,1154827508,10.080503426093856,9.010702219802974,10.343119482491147,10.343119482491158,0.0,0.0,0
ddpg_paper_actor,ddpg,synthetic_rough_heston,10,False,993215842,-0.8715379088807822,-1.9832752590155376,10.5438956279677,10.54389562796766,0.0,0.0,0
ddpg_paper_actor,ddpg,synthetic_rough_heston,10,False,203881053,25.657561124113272,24.530766080869675,10.615060260043734,10.615060260043732,0.0,0.0,0
ddpg_paper_actor,ddpg,synthetic_rough_heston,10,False,1698224781,1.843525068852614,0.6678086891373529,10.843045604050817,10.843045604050833,0.0,0.0,0
ddpg_paper_actor,ddpg,synthetic_rough_heston,10,False,1641320225,-35.12880688003497,-36.191488485344394,10.3086449415499,10.308644941549886,0.0,0.0,0
ddpg_paper_actor,ddpg,synthetic_rough_heston,10,False,835891747,17.40810418887304,16.207417083000912,10.957586896174403,10.957586896174387,0.0,0.0,0
ddpg_paper_actor,ddpg,synthetic_rough_heston,10,False,2098874635,-25.540753423683785,-26.656719403004928,10.563929095375189,10.56392909537519,0.0,0.0,0
ddpg_paper_actor,ddpg,synthetic_rough_heston,10,False,626392803,1.8540584288184616,0.7136593291187427,10.67894704406632,10.67894704406628,0.0,0.0,0
ddpg_paper_actor,ddpg,synthetic_rough_heston,10,True,401058792,-10.254954609539707,-11.906342626750076,10.85964628595636,-12.850634292556794,23.71028057851316,0.0,0
ddpg_paper_actor,ddpg,synthetic_rough_heston,10,True,1822668597,0.4114993017405359,0.0694209380534957,10.648746563897888,5.848746563897603,4.800000000000296,0.051,3
ddpg_paper_actor,ddpg,synthetic_rough_heston,10,True,1465431171,9.502810143113049,8.434128956999304,10.814857518545622,10.337703739775796,0.4771537787698344,0.1629999999999999,8
ddpg_paper_actor,ddpg,synthetic_rough_heston,10,True,157564097,2.661988148932491,1.7630847020368048,10.311051876747086,9.481051876747042,0.8300000000000409,0.041,5
ddpg_paper_actor,ddpg,synthetic_rough_heston,10,True,245238582,1.0065543621967663,-0.024622741612523,10.82531091658072,-10.15468908341998,20.980000000000707,0.0,0
ddpg_paper_actor,ddpg,synthetic_rough_heston,10,True,1117977144,10.673114035336766,10.51141539032209,10.89458072522271,-4.021177004493525,14.91575772971625,0.0,0
ddpg_paper_actor,ddpg,synthetic_rough_heston,10,True,523826546,0.3985262912974576,0.3479657380449875,10.26491590438964,-2.248567393974886,12.513483298364545,0.0,0
ddpg_paper_actor,ddpg,synthetic_rough_heston,10,True,1124484429,-0.8416159097123455,-0.890866110263927,10.500761379400004,-2.2192386205990005,12.719999999999004,0.0,0
ddpg_paper_actor,ddpg,synthetic_rough_heston,10,True,171768458,18.647974723924563,17.88254945449508,10.605555334471248,8.748858608009856,1.856696726461363,0.0,0
ddpg_paper_actor,ddpg,synthetic_rough_heston,10,True,1868865057,4.731959056917054,3.0519971426370684,10.74986044564423,12.961334477128446,-2.2114740314842267,0.019,5
ddpg_paper_actor,ddpg,synthetic_rough_heston,10,True,301461638,13.505861568621183,13.138888526502829,10.602287297142013,-6.057829991988523,16.660117289130522,0.0,0
ddpg_paper_actor,ddpg,synthetic_rough_heston,10,True,1387055752,-17.45587764487631,-17.45642895029837,10.317298939958931,0.2347989399592691,10.082499999999657,0.015,5
ddpg_paper_actor,ddpg,synthetic_rough_heston,10,True,1027367132,-14.055001110823593,-15.052401718731472,10.620395580455964,9.986994582495171,0.6334009979607917,0.3610000000000001,19
ddpg_paper_actor,ddpg,synthetic_rough_heston,10,True,1111389845,-14.27804935156746,-14.454025867051708,10.590365567970323,-4.1949554882530915,14.785321056223422,0.0,0
ddpg_paper_actor,ddpg,synthetic_rough_heston,10,True,180210118,3.655617969165178,2.4699738691460267,10.57127142399439,-10.888728576005333,21.459999999999717,0.0,0
ddpg_paper_actor,ddpg,synthetic_rough_heston,10,True,1769597788,7.436630843896637,7.352849727181796,10.75385426999378,-2.8944967907192627,13.648351060713058,0.0,0
ddpg_paper_actor,ddpg,synthetic_rough_heston,10,True,1541083806,-12.847769285835966,-15.993032806773394,10.240109188558293,-17.734890811441236,27.97499999999954,0.0,0
ddpg_paper_actor,ddpg,synthetic_rough_heston,10,True,2073530583,3.3444711096908577,3.069068681528988,10.992120159896077,-5.247879840105618,16.240000000001714,0.0,0
ddpg_paper_actor,ddpg,synthetic_rough_heston,10,True,583456263,17.921801821790723,17.82785151402968,10.677114988401216,3.065131445159312,7.6119835432419185,0.0,0
ddpg_paper_actor,ddpg,synthetic_rough_heston,10,True,269688897,18.24216196900589,17.768982068825807,10.323227843713,6.878807310719521,3.444420532993499,0.121,7
ddpg_paper_actor,ddpg,synthetic_rough_heston,10,True,977455710,-8.95543231303626,-9.557335257032287,10.558240419038214,7.758240419038508,2.799999999999727,0.088,5
ddpg_paper_actor,ddpg,synthetic_rough_heston,10,True,2018195485,-9.131238759500135,-9.176968872824595,10.873239899437806,-2.1384600376078833,13.011699937045686,0.021,2
ddpg_paper_actor,ddpg,synthetic_rough_heston,10,True,1266812912,12.63982056790337,12.637190516294208,10.123235911020998,-0.512840287922387,10.63607619894336,0.0,0
ddpg_paper_actor,ddpg,synthetic_rough_heston,10,True,1737039599,-27.549779196632997,-28.78807118555448,10.912014323236122,11.127856886757126,-0.2158425635210107,0.003,2
ddpg_paper_actor,ddpg,synthetic_rough_heston,10,True,476600210,-6.42306329192681,-7.786329819207093,10.8040368150144,11.67590051036871,-0.871863695354296,0.095,10
ddpg_paper_actor,ddpg,synthetic_rough_heston,10,True,392787174,11.410272627499785,10.518990170738084,10.611724307495932,-9.440775692503768,20.052499999999668,0.001,1
ddpg_paper_actor,ddpg,synthetic_rough_heston,10,True,369185566,4.602259640366567,3.7929969049560097,10.578442449295594,8.995903153161207,1.5825392961344085,0.0679999999999999,4
ddpg_paper_actor,ddpg,synthetic_rough_heston,10,True,1749636134,-15.638217073096907,-16.258803583963452,10.802731341360255,7.87773134136056,2.9249999999996845,0.066,4
ddpg_paper_actor,ddpg,synthetic_rough_heston,10,True,510732936,6.308242407455837,6.250462712265589,10.776259265431648,-2.4037407345686717,13.180000000000328,0.015,5
ddpg_paper_actor,ddpg,synthetic_rough_heston,10,True,569417501,-11.130703379272743,-12.69192578660494,10.345111415733273,-12.49488858426594,22.83999999999919,0.0,0
ddpg_paper_actor,ddpg,synthetic_rough_heston,10,True,1908420144,-5.538341358119695,-6.647967961457972,10.533881541664854,10.533881541664863,0.0,0.253,22
ddpg_paper_actor,ddpg,synthetic_rough_heston,10,True,2034989486,-2.8398519067740997,-6.444226453442039,10.932309596244792,-18.985190403754025,29.917499999998793,0.018,4
ddpg_paper_actor,ddpg,synthetic_rough_heston,10,True,564294971,0.075826582785201,-0.8222291266278562,10.199080128997366,9.47658012899726,0.7225000000000854,0.102,6
ddpg_paper_actor,ddpg,synthetic_rough_heston,10,True,1129817345,2.311755740593071,-2.109122125450308,10.858656618052578,-21.025883729449703,31.88454034750229,0.0,0
ddpg_paper_actor,ddpg,synthetic_rough_heston,10,True,1190000565,11.343267926075306,10.756180126135318,10.38216548985973,7.662165489859827,2.7199999999999136,0.073,4
ddpg_paper_actor,ddpg,synthetic_rough_heston,10,True,1455278866,4.920957850902268,3.7845079448317858,10.66044045089356,10.660440450893583,0.0,0.2349999999999999,15
ddpg_paper_actor,ddpg,synthetic_rough_heston,10,True,1760722551,-2.686668062056924,-5.069900902045164,10.822408212085406,-15.43772275948833,26.260130971573727,0.0,0
ddpg_paper_actor,ddpg,synthetic_rough_heston,10,True,328726188,5.177481262670641,4.192789734758627,10.550957530353784,9.923162439021214,0.6277950913325572,0.4140000000000001,24
ddpg_paper_actor,ddpg,synthetic_rough_heston,10,True,232867167,1.123016575286296,0.4649427384310627,10.527824971960626,-8.112175028038,18.639999999998626,0.011,1
ddpg_paper_actor,ddpg,synthetic_rough_heston,10,True,628415013,16.675166871676993,12.606202111480954,10.843324907938424,-20.17167509205926,31.01499999999769,0.0,0
ddpg_paper_actor,ddpg,synthetic_rough_heston,10,True,55294341,6.771193075179326,6.384520051685813,10.732842485284207,-6.218303816102207,16.951146301386405,0.0,0
ddpg_paper_actor,ddpg,synthetic_rough_heston,10,True,587962707,-1.349044139239166,-1.587783590612276,10.00685102090813,4.886097127289942,5.120753893618206,0.078,12
ddpg_paper_actor,ddpg,synthetic_rough_heston,10,True,829705679,15.703711833855778,9.971938665714047,10.443878121225808,-23.941121878771114,34.38499999999693,0.0,0
ddpg_paper_actor,ddpg,synthetic_rough_heston,10,True,379368625,-0.3530642289490934,-1.2139257771224885,10.078262489137645,9.278262489137688,0.7999999999999545,0.146,8
ddpg_paper_actor,ddpg,synthetic_rough_heston,10,True,205709869,11.397367595589458,11.366794768298382,10.871008715767218,1.7485087157654018,9.12250000000181,0.0,0
ddpg_paper_actor,ddpg,synthetic_rough_heston,10,True,865592973,-22.01959026546654,-23.190423058610303,10.820502729280946,10.820502729280946,0.0,0.18,10
ddpg_paper_actor,ddpg,synthetic_rough_heston,10,True,675392413,6.468367566092638,6.0041461005241805,10.116620034312362,-6.813379965688526,16.9300000000009,0.0,0
ddpg_paper_actor,ddpg,synthetic_rough_heston,10,True,1422536529,13.279528478029548,12.700104780002796,10.908706802536614,-7.6119885577078445,18.520695360244456,0.009,1
ddpg_paper_actor,ddpg,synthetic_rough_heston,10,True,1001327361,16.414662647733408,15.23628156469483,10.855326264274964,10.85532626427496,0.0,0.086,5
ddpg_paper_actor,ddpg,synthetic_rough_heston,10,True,1177952687,15.065877868582902,14.408619446115363,10.122852397621015,-8.10714760237865,18.22999999999967,0.0,0
ddpg_paper_actor,ddpg,synthetic_rough_heston,10,True,1810240606,-1.1701863258876983,-2.035448296314014,10.493054126012694,-9.301945873989569,19.795000000002258,0.0,0
ddpg_paper_actor,ddpg,synthetic_rough_heston,10,True,1181369059,5.208324014976824,4.639829488664249,10.668860620887216,-7.539857600197601,18.20871822108483,0.0,0
ddpg_paper_actor,ddpg,synthetic_rough_heston,10,True,1322332359,-1.6212583086435188,-3.899238781614219,10.541522116967784,-15.092980066808211,25.634502183775993,0.0,0
ddpg_paper_actor,ddpg,synthetic_rough_heston,10,True,38137826,12.076951931860938,12.07673720459759,10.89346424895237,-0.1465357510468976,11.03999999999928,0.022,2
ddpg_paper_actor,ddpg,synthetic_rough_heston,10,True,440852670,23.905400324394577,22.724998189332386,10.864631310183483,10.864631310183496,0.0,0.0,0
ddpg_paper_actor,ddpg,synthetic_rough_heston,10,True,1945446605,15.332225538008672,14.255222265953352,10.977876815877693,10.377876815877697,0.5999999999999872,0.253,14
ddpg_paper_actor,ddpg,synthetic_rough_heston,10,True,1154827508,9.835103426095475,8.909059140352495,10.343119482491147,9.623119482491015,0.720000000000141,0.123,6
ddpg_paper_actor,ddpg,synthetic_rough_heston,10,True,993215842,-0.6130858770549094,-1.069977422831106,10.5438956279677,6.759375309717583,3.7845203182500766,0.12,15
ddpg_paper_actor,ddpg,synthetic_rough_heston,10,True,203881053,25.0508611241132,23.09644027536823,10.615060260043734,13.980060260045256,-3.3650000000015226,0.001,1
ddpg_paper_actor,ddpg,synthetic_rough_heston,10,True,1698224781,2.969456517452272,1.6062640476345624,10.843045604050817,-11.675583367942306,22.518628971993135,0.0,0
ddpg_paper_actor,ddpg,synthetic_rough_heston,10,True,1641320225,-35.23058272402153,-35.819926251165846,10.3086449415499,7.676871284216747,2.631773657333139,0.286,21
ddpg_paper_actor,ddpg,synthetic_rough_heston,10,True,835891747,16.575523524204122,16.105700879577274,10.957586896174403,6.854360981352294,4.103225914822093,0.094,12
ddpg_paper_actor,ddpg,synthetic_rough_heston,10,True,2098874635,-25.693903423683164,-26.07910104484232,10.563929095375189,6.206429095374872,4.357500000000318,0.066,11
ddpg_paper_actor,ddpg,synthetic_rough_heston,10,True,626392803,-0.3644415711823967,-1.6883341174294917,10.67894704406632,-11.506052955931912,22.18499999999819,0.0,0
ddpg_paper_actor,ddpg,synthetic_rough_heston,20,False,401058792,-7.027826433353766,-11.423958509523064,20.96695513461431,20.966955134614317,0.0,0.0,0
ddpg_paper_actor,ddpg,synthetic_rough_heston,20,False,1822668597,3.239272280390651,-0.8272388929212324,20.165592412106022,20.16559241210603,0.0,0.0,0
ddpg_paper_actor,ddpg,synthetic_rough_heston,20,False,1465431171,14.240204223411638,10.054551712806266,20.458867296615836,20.458867296615843,0.0,0.0,0
ddpg_paper_actor,ddpg,synthetic_rough_heston,20,False,157564097,8.38507684858996,4.07847308119132,20.7523583416407,20.752358341640697,0.0,0.0,0
ddpg_paper_actor,ddpg,synthetic_rough_heston,20,False,245238582,-1.852524319283475,-6.2070209494666635,20.867430676015644,20.867430676015648,0.0,0.0,0
ddpg_paper_actor,ddpg,synthetic_rough_heston,20,False,1117977144,5.7828086329573125,1.6342780224521087,20.36794199349852,20.36794199349852,0.0,0.0,0
ddpg_paper_actor,ddpg,synthetic_rough_heston,20,False,523826546,-6.755518698211745,-10.862186864331594,20.26491590438964,20.264915904389657,0.0,0.0,0
ddpg_paper_actor,ddpg,synthetic_rough_heston,20,False,1124484429,-3.3872291911229695,-7.710215008493243,20.791791210403872,20.791791210403865,0.0,0.0,0
ddpg_paper_actor,ddpg,synthetic_rough_heston,20,False,171768458,20.165181894537454,16.022444841839402,20.353714778138325,20.353714778138297,0.0,0.0,0
ddpg_paper_actor,ddpg,synthetic_rough_heston,20,False,1868865057,7.275960950872104,3.193428195076926,20.205278408859357,20.20527840885935,0.0,0.0,0
ddpg_paper_actor,ddpg,synthetic_rough_heston,20,False,301461638,8.27655432591746,4.003593662373745,20.67114090596772,20.671140905967707,0.0,0.0,0
ddpg_paper_actor,ddpg,synthetic_rough_heston,20,False,1387055752,-27.270537935926768,-31.51728197386625,20.6076297471094,20.6076297471094,0.0,0.0,0
ddpg_paper_actor,ddpg,synthetic_rough_heston,20,False,1027367132,-9.737503378080874,-14.136881599732314,20.974694805053645,20.974694805053637,0.0,0.0,0
ddpg_paper_actor,ddpg,synthetic_rough_heston,20,False,1111389845,-23.12519359512953,-27.501911305485315,20.92060637351551,20.92060637351552,0.0,0.0,0
ddpg_paper_actor,ddpg,synthetic_rough_heston,20,False,180210118,2.4917930355841236,-1.7462676749062194,20.586550732190048,20.58655073219004,0.0,0.0,0
ddpg_paper_actor,ddpg,synthetic_rough_heston,20,False,1769597788,8.159561134021715,4.138576505463134,20.052392945877003,20.05239294587701,0.0,0.0,0
ddpg_paper_actor,ddpg,synthetic_rough_heston,20,False,1541083806,-12.680150144246,-16.911905751752506,20.571231386347534,20.57123138634755,0.0,0.0,0
ddpg_paper_actor,ddpg,synthetic_rough_heston,20,False,2073530583,1.8388769941520875,-2.419101365719963,20.63486942016364,20.634869420163653,0.0,0.0,0
ddpg_paper_actor,ddpg,synthetic_rough_heston,20,False,583456263,7.605055034295219,3.5346262675802684,20.175303632696455,20.175303632696465,0.0,0.0,0
ddpg_paper_actor,ddpg,synthetic_rough_heston,20,False,269688897,20.172162286615276,15.969181729440743,20.50117205716424,20.50117205716427,0.0,0.0,0
ddpg_paper_actor,ddpg,synthetic_rough_heston,20,False,977455710,-6.146030203284681,-10.383319279790705,20.584676525284564,20.58467652528459,0.0,0.0,0
ddpg_paper_actor,ddpg,synthetic_rough_heston,20,False,2018195485,-6.95921735691627,-11.333476630762975,20.91472991421766,20.914729914217656,0.0,0.0,0
ddpg_paper_actor,ddpg,synthetic_rough_heston,20,False,1266812912,11.91410684562652,7.861028567469427,20.13225838836047,20.13225838836044,0.0,0.0,0
ddpg_paper_actor,ddpg,synthetic_rough_heston,20,False,1737039599,-33.781313940409746,-37.86411611422771,20.205945099940195,20.205945099940184,0.0,0.0,0
ddpg_paper_actor,ddpg,synthetic_rough_heston,20,False,476600210,-10.224548127303931,-14.426123941638116,20.497745764679053,20.49774576467906,0.0,0.0,0
ddpg_paper_actor,ddpg,synthetic_rough_heston,20,False,392787174,7.4912082906867,3.1824172205050134,20.75762768281024,20.75762768281021,0.0,0.0,0
ddpg_paper_actor,ddpg,synthetic_rough_heston,20,False,369185566,5.164900968287839,0.9466220247512503,20.538449171095124,20.538449171095145,0.0,0.0,0
ddpg_paper_actor,ddpg,synthetic_rough_heston,20,False,1749636134,-12.001924903825056,-16.19952183053648,20.488037794555694,20.488037794555687,0.0,0.0,0
ddpg_paper_actor,ddpg,synthetic_rough_heston,20,False,510732936,5.5797860001221125,1.4293645622432436,20.372583139795665,20.372583139795672,0.0,0.0,0
ddpg_paper_actor,ddpg,synthetic_rough_heston,20,False,569417501,-15.148403226608934,-19.34574616251241,20.48741793370624,20.487417933706222,0.0,0.0,0
ddpg_paper_actor,ddpg,synthetic_rough_heston,20,False,1908420144,-5.033559779069037,-9.419317307405638,20.942200286351465,20.942200286351483,0.0,0.0,0
ddpg_paper_actor,ddpg,synthetic_rough_heston,20,False,2034989486,1.0169012054357154,-3.3177030589965772,20.81971244862018,20.81971244862016,0.0,0.0,0
ddpg_paper_actor,ddpg,synthetic_rough_heston,20,False,564294971,0.3812265827837109,-3.9841266387734127,20.893427726338075,20.893427726338068,0.0,0.0,0
ddpg_paper_actor,ddpg,synthetic_rough_heston,20,False,1129817345,0.774475175418047,-3.3729637535161565,20.365261915659715,20.365261915659723,0.0,0.0,0
ddpg_paper_actor,ddpg,synthetic_rough_heston,20,False,1190000565,14.370951416236494,10.337964763576766,20.08229731046656,20.08229731046657,0.0,0.0,0
ddpg_paper_actor,ddpg,synthetic_rough_heston,20,False,1455278866,11.23203670654948,6.822434170964349,20.99905363483107,20.999053634831096,0.0,0.0,0
ddpg_paper_actor,ddpg,synthetic_rough_heston,20,False,1760722551,-3.9055772576102754,-8.21385097361123,20.756381466915073,20.75638146691507,0.0,0.0,0
ddpg_paper_actor,ddpg,synthetic_rough_heston,20,False,328726188,8.767146924965346,4.735424300734448,20.079149942741353,20.079149942741346,0.0,0.0,0
ddpg_paper_actor,ddpg,synthetic_rough_heston,20,False,232867167,2.201641851572276,-1.9804109089403328,20.45006787400132,20.45006787400132,0.0,0.0,0
ddpg_paper_actor,ddpg,synthetic_rough_heston,20,False,628415013,15.585980914995162,11.48848228851138,20.242279087305803,20.242279087305807,0.0,0.0,0
ddpg_paper_actor,ddpg,synthetic_rough_heston,20,False,55294341,10.218132022020654,5.984286314788547,20.57631091141488,20.576310911414872,0.0,0.0,0
ddpg_paper_actor,ddpg,synthetic_rough_heston,20,False,587962707,-8.71432795965302,-13.11378123019852,20.97487370771394,20.974873707713954,0.0,0.0,0
ddpg_paper_actor,ddpg,synthetic_rough_heston,20,False,829705679,17.17707728698224,13.118533237037756,20.14582847624908,20.145828476249083,0.0,0.0,0
ddpg_paper_actor,ddpg,synthetic_rough_heston,20,False,379368625,3.3257137344280636,-1.0451122732403275,20.906520532284645,20.90652053228464,0.0,0.0,0
ddpg_paper_actor,ddpg,synthetic_rough_heston,20,False,205709869,8.033576276822714,3.9556965062532825,20.193760844799144,20.193760844799147,0.0,0.0,0
ddpg_paper_actor,ddpg,synthetic_rough_heston,20,False,865592973,-22.79593329506497,-27.118185927467938,20.790027975938287,20.790027975938287,0.0,0.0,0
ddpg_paper_actor,ddpg,synthetic_rough_heston,20,False,675392413,3.904601855228975,-0.3369010406479535,20.594909312441573,20.59490931244158,0.0,0.0,0
ddpg_paper_actor,ddpg,synthetic_rough_heston,20,False,1422536529,15.719818665487765,11.587422840305472,20.32829512079725,20.32829512079725,0.0,0.0,0
ddpg_paper_actor,ddpg,synthetic_rough_heston,20,False,1001327361,16.01799346117332,11.790039287581978,20.561989625499137,20.561989625499137,0.0,0.0,0
ddpg_paper_actor,ddpg,synthetic_rough_heston,20,False,1177952687,16.26905602475381,12.232267742979277,20.091760206050964,20.09176020605097,0.0,0.0,0
ddpg_paper_actor,ddpg,synthetic_rough_heston,20,False,1810240606,-1.9412292083434295,-6.073226897439551,20.327315831403126,20.327315831403126,0.0,0.0,0
ddpg_paper_actor,ddpg,synthetic_rough_heston,20,False,1181369059,4.627251415313367,0.5568810677790683,20.17515885323904,20.175158853239047,0.0,0.0,0
ddpg_paper_actor,ddpg,synthetic_rough_heston,20,False,1322332359,-2.439984921657014,-6.747802139560841,20.75528178055849,20.755281780558477,0.0,0.0,0
ddpg_paper_actor,ddpg,synthetic_rough_heston,20,False,38137826,15.355226850118925,11.236096249866003,20.29564140462901,20.295641404629023,0.0,0.0,0
ddpg_paper_actor,ddpg,synthetic_rough_heston,20,False,440852670,27.889563162869308,23.545115280691427,20.843339181085824,20.84333918108584,0.0,0.0,0
ddpg_paper_actor,ddpg,synthetic_rough_heston,20,False,1945446605,19.79172583721811,15.648705229832771,20.35441133362825,20.35441133362824,0.0,0.0,0
ddpg_paper_actor,ddpg,synthetic_rough_heston,20,False,1154827508,16.96845589513032,12.625392741652586,20.84001716284736,20.840017162847374,0.0,0.0,0
ddpg_paper_actor,ddpg,synthetic_rough_heston,20,False,993215842,0.8678007772305136,-3.386524379564859,20.626015506625095,20.626015506625055,0.0,0.0,0
ddpg_paper_actor,ddpg,synthetic_rough_heston,20,False,203881053,28.76512689130868,24.426813644457415,20.828617925467995,20.828617925467995,0.0,0.0,0
ddpg_paper_actor,ddpg,synthetic_rough_heston,20,False,1698224781,1.0435250688533415,-3.3008004316720863,20.843045604050815,20.843045604050833,0.0,0.0,0
ddpg_paper_actor,ddpg,synthetic_rough_heston,20,False,1641320225,-44.050309021531575,-48.288983047037846,20.58804027950761,20.588040279507595,0.0,0.0,0
ddpg_paper_actor,ddpg,synthetic_rough_heston,20,False,835891747,22.72810418887275,18.335899703765744,20.957586896174405,20.957586896174387,0.0,0.0,0
ddpg_paper_actor,ddpg,synthetic_rough_heston,20,False,2098874635,-31.20931872134497,-35.28091812669952,20.178204591475776,20.178204591475787,0.0,0.0,0
ddpg_paper_actor,ddpg,synthetic_rough_heston,20,False,626392803,4.7081199123531405,0.3583965920128849,20.855990315351292,20.85599031535126,0.0,0.0,0
ddpg_paper_actor,ddpg,synthetic_rough_heston,20,True,401058792,-8.061326433353315,-8.298548506210851,20.96695513461431,-4.8705448653876005,25.837500000001917,0.0,0
ddpg_paper_actor,ddpg,synthetic_rough_heston,20,True,1822668597,2.5148722803901475,0.299063665796687,20.165592412106022,14.885592412105945,5.280000000000086,0.038,2
ddpg_paper_actor,ddpg,synthetic_rough_heston,20,True,1465431171,13.284224164782426,10.746904266807071,20.458867296615836,15.928967003466845,4.529900293149,0.05,3
ddpg_paper_actor,ddpg,synthetic_rough_heston,20,True,157564097,7.6254018485916895,5.328704535039769,20.7523583416407,15.154858341640548,5.597500000000146,0.032,4
ddpg_paper_actor,ddpg,synthetic_rough_heston,20,True,245238582,0.7298756807176687,0.7256172134916047,20.867430676015644,-0.65256932398513,21.520000000000778,0.0,0
ddpg_paper_actor,ddpg,synthetic_rough_heston,20,True,1117977144,9.096409985562786,8.814861138975434,20.36794199349852,5.306117663483846,15.061824330014671,0.0,0
ddpg_paper_actor,ddpg,synthetic_rough_heston,20,True,523826546,-3.0014737087021786,-3.6023207831596715,20.26491590438964,7.751432606025114,12.513483298364545,0.0,0
ddpg_paper_actor,ddpg,synthetic_rough_heston,20,True,1124484429,-1.7336291911233277,-2.385167324567019,20.791791210403872,8.07179121040486,12.719999999999004,0.0,0
ddpg_paper_actor,ddpg,synthetic_rough_heston,20,True,171768458,20.162031894536995,16.013186477404744,20.353714778138325,20.368714778140156,-0.0150000000018586,0.0,0
ddpg_paper_actor,ddpg,synthetic_rough_heston,20,True,1868865057,7.203960950871988,2.825288185990223,20.205278408859357,20.92527840885699,-0.7199999999976399,0.0,0
ddpg_paper_actor,ddpg,synthetic_rough_heston,20,True,301461638,12.49836016028712,12.495141826547744,20.67114090596772,0.5673035994400166,20.10383730652769,0.0,0
ddpg_paper_actor,ddpg,synthetic_rough_heston,20,True,1387055752,-25.42423793592549,-26.598780121279862,20.6076297471094,10.837629747109748,9.769999999999651,0.01,4
ddpg_paper_actor,ddpg,synthetic_rough_heston,20,True,1027367132,-10.283538979311707,-13.218843852619433,20.974694805053645,17.132731461467916,3.841963343585721,0.085,5
ddpg_paper_actor,ddpg,synthetic_rough_heston,20,True,1111389845,-17.336693595128963,-17.488451085302636,20.92060637351551,3.895606373514568,17.025000000000954,0.0,0
ddpg_paper_actor,ddpg,synthetic_rough_heston,20,True,180210118,2.4917930355859426,2.4670356096022337,20.586550732190048,-1.5734492678096998,22.15999999999974,0.0,0
ddpg_paper_actor,ddpg,synthetic_rough_heston,20,True,1769597788,7.318108577348539,6.954718593999712,20.052392945877003,6.028183667978501,14.024209277898509,0.0,0
ddpg_paper_actor,ddpg,synthetic_rough_heston,20,True,1541083806,-12.680150144246,-13.63053503907136,20.571231386347534,-9.7487686136525,30.32000000000005,0.0,0
ddpg_paper_actor,ddpg,synthetic_rough_heston,20,True,2073530583,3.787676994150388,3.594528221947643,20.63486942016364,4.394869420161939,16.240000000001714,0.0,0
ddpg_paper_actor,ddpg,synthetic_rough_heston,20,True,583456263,10.958414783999617,9.339567469878263,20.175303632696455,12.723393077797096,7.451910554899367,0.0,0
ddpg_paper_actor,ddpg,synthetic_rough_heston,20,True,269688897,19.96516228661567,16.115258357647228,20.50117205716424,19.621172057164273,0.8799999999999955,0.075,4
ddpg_paper_actor,ddpg,synthetic_rough_heston,20,True,977455710,-6.615030203283939,-9.637299982171852,20.584676525284564,17.384676525284885,3.1999999999997044,0.053,3
ddpg_paper_actor,ddpg,synthetic_rough_heston,20,True,2018195485,-7.555850423583237,-7.573458679210934,20.91472991421766,1.326961025339358,19.587768888878298,0.009,1
ddpg_paper_actor,ddpg,synthetic_rough_heston,20,True,1266812912,12.368456845626495,12.119729383303811,20.13225838836047,4.987258388360139,15.145000000000302,0.0,0
ddpg_paper_actor,ddpg,synthetic_rough_heston,20,True,1737039599,-34.58549147276244,-39.96064642037693,20.205945099940195,23.184380404950417,-2.9784353050102332,0.0,0
ddpg_paper_actor,ddpg,synthetic_rough_heston,20,True,476600210,-9.093048127305607,-11.264322804761033,20.497745764679053,14.73524576468077,5.76249999999829,0.021,3
ddpg_paper_actor,ddpg,synthetic_rough_heston,20,True,392787174,14.992623854386691,14.812246046412998,20.75762768281024,-4.247090862857707,25.004718545667913,0.0,0
ddpg_paper_actor,ddpg,synthetic_rough_heston,20,True,369185566,4.520900968288668,1.6517903650709376,20.538449171095124,16.938449171095122,3.6000000000000227,0.032,2
ddpg_paper_actor,ddpg,synthetic_rough_heston,20,True,1749636134,-12.919293123101872,-15.593483198991954,20.488037794555694,16.35295103609768,4.135086758458008,0.049,3
ddpg_paper_actor,ddpg,synthetic_rough_heston,20,True,510732936,6.392786000122825,5.934107176268428,20.372583139795665,6.772583139795309,13.600000000000364,0.003,2
ddpg_paper_actor,ddpg,synthetic_rough_heston,20,True,569417501,-11.716014486746644,-12.06595445173962,20.48741793370624,-5.915572372923663,26.40299030662989,0.0,0
ddpg_paper_actor,ddpg,synthetic_rough_heston,20,True,1908420144,-5.305927414853301,-12.924295366094714,20.942200286351465,27.60139118095574,-6.659190894604257,0.006,3
ddpg_paper_actor,ddpg,synthetic_rough_heston,20,True,2034989486,7.997943239568704,-0.4796472290837439,20.81971244862018,-29.116302080883223,49.93601452950338,0.01,4
ddpg_paper_actor,ddpg,synthetic_rough_heston,20,True,564294971,0.1344265827834315,-3.9352452795144126,20.893427726338075,20.17342772633804,0.7200000000000273,0.074,4
ddpg_paper_actor,ddpg,synthetic_rough_heston,20,True,1129817345,1.7555243003698706,0.2336626751834116,20.365261915659715,-12.336375582749008,32.70163749840873,0.0,0
ddpg_paper_actor,ddpg,synthetic_rough_heston,20,True,1190000565,13.481134251823226,12.370242625957376,20.08229731046656,10.539884372543424,9.542412937923146,0.031,2
ddpg_paper_actor,ddpg,synthetic_rough_heston,20,True,1455278866,10.9372367065492,6.751507950220254,20.99905363483107,20.459053634831076,0.5400000000000205,0.122,8
ddpg_paper_actor,ddpg,synthetic_rough_heston,20,True,1760722551,-2.2128439585994784,-2.76873948698109,20.756381466915073,-7.45584018324972,28.21222165016479,0.0,0
ddpg_paper_actor,ddpg,synthetic_rough_heston,20,True,328726188,8.224391436341714,4.531604674567187,20.079149942741353,19.21662499445344,0.8625249482879058,0.353,18
ddpg_paper_actor,ddpg,synthetic_rough_heston,20,True,232867167,1.3184418515720608,0.5102530552714399,20.45006787400132,-8.989932125998621,29.43999999999994,0.0,0
ddpg_paper_actor,ddpg,synthetic_rough_heston,20,True,628415013,17.758780914993622,16.592873145909785,20.242279087305803,-10.797720912691885,31.03999999999769,0.0,0
ddpg_paper_actor,ddpg,synthetic_rough_heston,20,True,55294341,8.401761360779346,8.343554765744313,20.57631091141488,2.4126042989896384,18.163706612425234,0.0,0
ddpg_paper_actor,ddpg,synthetic_rough_heston,20,True,587962707,-9.071327959652915,-10.189607498993944,20.97487370771394,10.57487370771409,10.399999999999864,0.045,9
ddpg_paper_actor,ddpg,synthetic_rough_heston,20,True,829705679,19.35377773535583,16.751198194579423,20.14582847624908,-16.13251233000121,36.27834080625029,0.0,0
ddpg_paper_actor,ddpg,synthetic_rough_heston,20,True,379368625,2.7587137344272485,-0.2364427949166412,20.906520532284645,17.306520532284615,3.6000000000000227,0.063,4
ddpg_paper_actor,ddpg,synthetic_rough_heston,20,True,205709869,11.293151276822757,10.633602499730411,20.193760844799144,8.121260844797089,12.07250000000206,0.0,0
ddpg_paper_actor,ddpg,synthetic_rough_heston,20,True,865592973,-22.93033329506559,-27.235969905087803,20.790027975938287,20.75002797593828,0.0400000000000062,0.126,6
ddpg_paper_actor,ddpg,synthetic_rough_heston,20,True,675392413,5.959001855228053,5.838251907931184,20.594909312441573,3.4749093124406656,17.120000000000914,0.0,0
ddpg_paper_actor,ddpg,synthetic_rough_heston,20,True,1422536529,14.440314321278915,14.391614460741538,20.32829512079725,2.206804489241815,18.121490631555435,0.011,1
ddpg_paper_actor,ddpg,synthetic_rough_heston,20,True,1001327361,15.918142171171915,11.739088774328776,20.561989625499137,20.442733175490844,0.1192564500082917,0.076,4
ddpg_paper_actor,ddpg,synthetic_rough_heston,20,True,1177952687,15.021056024752395,15.016039988695074,20.091760206050964,-0.7082397939486427,20.799999999999613,0.0,0
ddpg_paper_actor,ddpg,synthetic_rough_heston,20,True,1810240606,-1.5348292083435808,-1.5348297435574716,20.327315831403126,0.0073158314009162,20.32000000000221,0.0,0
ddpg_paper_actor,ddpg,synthetic_rough_heston,20,True,1181369059,5.180300112831901,5.15001707344949,20.17515885323904,1.7402022693471828,18.434956583891864,0.0,0
ddpg_paper_actor,ddpg,synthetic_rough_heston,20,True,1322332359,-3.2915738813462667,-3.873898066921182,20.75528178055849,-7.631016875717911,28.386298656276388,0.0,0
ddpg_paper_actor,ddpg,synthetic_rough_heston,20,True,38137826,14.435226850120484,14.392970234276255,20.29564140462901,2.055641404628446,18.240000000000578,0.008,1
ddpg_paper_actor,ddpg,synthetic_rough_heston,20,True,440852670,27.30616316286863,23.120726742385088,20.843339181085824,20.45833918108589,0.3849999999999483,0.4140000000000001,23
ddpg_paper_actor,ddpg,synthetic_rough_heston,20,True,1945446605,19.278525837217455,15.700976276240636,20.35441133362825,18.914411333628188,1.4400000000000546,0.1099999999999999,7
ddpg_paper_actor,ddpg,synthetic_rough_heston,20,True,1154827508,16.670255895131966,12.875545208483777,20.84001716284736,19.480017162847137,1.360000000000241,0.067,4
ddpg_paper_actor,ddpg,synthetic_rough_heston,20,True,993215842,2.076688856099281,1.5591631803685058,20.626015506625095,7.19392574142085,13.432089765204204,0.0,0
ddpg_paper_actor,ddpg,synthetic_rough_heston,20,True,203881053,28.818676891309224,24.61059168738725,20.828617925467995,20.513617925470815,0.3149999999971804,0.0,0
ddpg_paper_actor,ddpg,synthetic_rough_heston,20,True,1698224781,2.170503457204177,2.1417215827106304,20.843045604050815,-1.6965221629423652,22.5395677669932,0.0,0
ddpg_paper_actor,ddpg,synthetic_rough_heston,20,True,1641320225,-43.68540242915376,-44.93754293630086,20.58804027950761,11.189908431917996,9.398131847589598,0.105,14
ddpg_paper_actor,ddpg,synthetic_rough_heston,20,True,835891747,21.816334493803165,19.18545779956866,20.957586896174405,16.21997747912896,4.737609417045427,0.059,7
ddpg_paper_actor,ddpg,synthetic_rough_heston,20,True,2098874635,-31.510068721345306,-32.54094435610904,20.178204591475776,10.15320459147619,10.024999999999595,0.0,0
ddpg_paper_actor,ddpg,synthetic_rough_heston,20,True,626392803,2.2201199123537663,2.0581933729324993,20.855990315351292,-4.024009684646234,24.879999999997494,0.0,0
td3_verified,td3,synthetic_rough_heston,0,False,401058792,-10.95106423786092,-10.951236274063794,0.1311625719762759,0.1311625719762768,0.0,0.0,0
td3_verified,td3,synthetic_rough_heston,0,False,1822668597,-1.729438507984014,-1.7308029117706545,0.3693783678886149,0.3693783678886184,0.0,0.0,0
td3_verified,td3,synthetic_rough_heston,0,False,1465431171,2.410649434074003,2.4102958333189135,0.1880427491527854,0.1880427491528085,0.0,0.0,0
td3_verified,td3,synthetic_rough_heston,0,False,157564097,-2.5006369323527906,-2.508339753018028,0.8776571463411642,0.8776571463411651,0.0,0.0,0
td3_verified,td3,synthetic_rough_heston,0,False,245238582,-1.1110456378046365,-1.1178570188949095,0.8253109165807189,0.825310916580726,0.0,0.0,0
td3_verified,td3,synthetic_rough_heston,0,False,1117977144,9.008143452951115,9.001879047256391,0.7914799867795779,0.7914799867795903,0.0,0.0,0
td3_verified,td3,synthetic_rough_heston,0,False,523826546,-0.0619292836654494,-0.062116184674817,0.1367117439606175,0.1367117439606389,0.0,0.0,0
td3_verified,td3,synthetic_rough_heston,0,False,1124484429,-1.676408708353847,-1.6790898908378238,0.517801359980524,0.5178013599805205,0.0,0.0,0
td3_verified,td3,synthetic_rough_heston,0,False,171768458,16.35806841136764,16.354401438736573,0.6055553344712479,0.6055553344712195,0.0,0.0,0
td3_verified,td3,synthetic_rough_heston,0,False,1868865057,3.0939363025572675,3.0923796722273473,0.3945415478654155,0.3945415478654048,0.0,0.0,0
td3_verified,td3,synthetic_rough_heston,0,False,301461638,12.09526830386676,12.095005440982428,0.162130467319244,0.1621304673192334,0.0,0.0,0
td3_verified,td3,synthetic_rough_heston,0,False,1387055752,-13.374309757737135,-13.374882519811798,0.2393244815435053,0.2393244815434982,0.0,0.0,0
td3_verified,td3,synthetic_rough_heston,0,False,1027367132,-16.35739901960187,-16.36645695354624,0.9517317870267163,0.9517317870267136,0.0,0.0,0
td3_verified,td3,synthetic_rough_heston,0,False,1111389845,-15.823595097146608,-15.823615188347786,0.044823209587264,0.0448232095872698,0.0,0.0,0
td3_verified,td3,synthetic_rough_heston,0,False,180210118,5.055617969164814,5.0523544587660885,0.5712714239943892,0.5712714239943857,0.0,0.0,0
td3_verified,td3,synthetic_rough_heston,0,False,1769597788,8.378346297738972,8.376114536054823,0.4724152499812106,0.4724152499812231,0.0,0.0,0
td3_verified,td3,synthetic_rough_heston,0,False,1541083806,-12.650057162185476,-12.656954685769342,0.8305133101802369,0.8305133101802511,0.0,0.0,0
td3_verified,td3,synthetic_rough_heston,0,False,2073530583,0.0482486329092353,0.0479236739284669,0.1802661867262713,0.1802661867262962,0.0,0.0,0
td3_verified,td3,synthetic_rough_heston,0,False,583456263,22.278011138881993,22.27635300285428,0.4072021644974768,0.4072021644974848,0.0,0.0,0
td3_verified,td3,synthetic_rough_heston,0,False,269688897,17.585855232406175,17.584489088275213,0.3696138702702711,0.3696138702702898,0.0,0.0,0
td3_verified,td3,synthetic_rough_heston,0,False,977455710,-10.510118878099092,-10.51285466990219,0.5230479713274576,0.5230479713274807,0.0,0.0,0
td3_verified,td3,synthetic_rough_heston,0,False,2018195485,-10.593803642588682,-10.595249963804145,0.3803053004447037,0.3803053004446926,0.0,0.0,0
td3_verified,td3,synthetic_rough_heston,0,False,1266812912,12.473925891928957,12.473430732476873,0.2225217859187722,0.2225217859187558,0.0,0.0,0
td3_verified,td3,synthetic_rough_heston,0,False,1737039599,-20.990948260929144,-20.99274153411421,0.42347056391975,0.42347056391975,0.0,0.0,0
td3_verified,td3,synthetic_rough_heston,0,False,476600210,-1.7380626689609926,-1.7413145155757446,0.5702496483779527,0.5702496483779669,0.0,0.0,0
td3_verified,td3,synthetic_rough_heston,0,False,392787174,3.314107974723811,3.309875987433152,0.6505372618581902,0.6505372618581511,0.0,0.0,0
td3_verified,td3,synthetic_rough_heston,0,False,369185566,3.252073289011605,3.2518709555578895,0.14224396427106,0.1422439642710902,0.0,0.0,0
td3_verified,td3,synthetic_rough_heston,0,False,1749636134,-18.85796707309601,-18.864410849160027,0.802731341360257,0.8027313413602446,0.0,0.0,0
td3_verified,td3,synthetic_rough_heston,0,False,510732936,5.814335114137066,5.810889558004434,0.5869885972172852,0.5869885972172959,0.0,0.0,0
td3_verified,td3,synthetic_rough_heston,0,False,569417501,-12.25236136122112,-12.261566211365889,0.9594191026224764,0.959419102622456,0.0,0.0,0
td3_verified,td3,synthetic_rough_heston,0,False,1908420144,-5.1790690001489565,-5.1790916750051865,0.0476181228421239,0.0476181228421275,0.0,0.0,0
td3_verified,td3,synthetic_rough_heston,0,False,2034989486,-19.150642243652328,-19.15821483238605,0.8702062246227911,0.8702062246227626,0.0,0.0,0
td3_verified,td3,synthetic_rough_heston,0,False,564294971,0.027543797297767,0.0275055382719713,0.0618538808771518,0.0618538808771327,0.0,0.0,0
td3_verified,td3,synthetic_rough_heston,0,False,1129817345,1.9707039833974704,1.9684451522884352,0.4752716180285716,0.4752716180285734,0.0,0.0,0
td3_verified,td3,synthetic_rough_heston,0,False,1190000565,9.354962166282348,9.354489101041596,0.2175006300571738,0.2175006300571871,0.0,0.0,0
td3_verified,td3,synthetic_rough_heston,0,False,1455278866,0.0501079669029422,0.0482750255513029,0.4281286432416209,0.4281286432416431,0.0,0.0,0
td3_verified,td3,synthetic_rough_heston,0,False,1760722551,-4.0622759203506575,-4.069039473023713,0.8224082120854064,0.8224082120853957,0.0,0.0,0
td3_verified,td3,synthetic_rough_heston,0,False,328726188,2.928956267571266,2.9245821772460547,0.6613690592408403,0.6613690592408297,0.0,0.0,0
td3_verified,td3,synthetic_rough_heston,0,False,232867167,0.7356894801323506,0.7345172847774425,0.3423733860725946,0.3423733860725946,0.0,0.0,0
td3_verified,td3,synthetic_rough_heston,0,False,628415013,15.222543755337028,15.222172575756638,0.1926602139496367,0.1926602139496456,0.0,0.0,0
td3_verified,td3,synthetic_rough_heston,0,False,55294341,7.316587994489964,7.315789250644517,0.2826205663866687,0.2826205663866594,0.0,0.0,0
td3_verified,td3,synthetic_rough_heston,0,False,587962707,5.908358363221851,5.907672067148309,0.2619725316787509,0.2619725316787797,0.0,0.0,0
td3_verified,td3,synthetic_rough_heston,0,False,829705679,10.631464154521382,10.62638535965313,0.7126566402028516,0.712656640202864,0.0,0.0,0
td3_verified,td3,synthetic_rough_heston,0,False,379368625,-3.4147252193688473,-3.4147262205482845,0.0100058954475485,0.0100058954475565,0.0,0.0,0
td3_verified,td3,synthetic_rough_heston,0,False,205709869,10.433392436030772,10.432038107228385,0.3680120653439047,0.3680120653438967,0.0,0.0,0
td3_verified,td3,synthetic_rough_heston,0,False,865592973,-21.03959026546545,-21.046322512753022,0.8205027292809461,0.8205027292809461,0.0,0.0,0
td3_verified,td3,synthetic_rough_heston,0,False,675392413,4.539891142007036,4.531829009801544,0.8978937690780668,0.897893769078081,0.0,0.0,0
td3_verified,td3,synthetic_rough_heston,0,False,1422536529,13.141558250299568,13.137040472853991,0.6721441397180854,0.6721441397180872,0.0,0.0,0
td3_verified,td3,synthetic_rough_heston,0,False,1001327361,16.691612633587283,16.690352121099167,0.3550369682321701,0.355036968232163,0.0,0.0,0
td3_verified,td3,synthetic_rough_heston,0,False,1177952687,16.08943779317815,16.086955263234053,0.4982499316705286,0.4982499316705393,0.0,0.0,0
td3_verified,td3,synthetic_rough_heston,0,False,1810240606,-1.1446033743668522,-1.1537423584313098,0.95598033789706,0.9559803378970528,0.0,0.0,0
td3_verified,td3,synthetic_rough_heston,0,False,1181369059,5.403707248364299,5.40226249838411,0.3800986687937779,0.3800986687937771,0.0,0.0,0
td3_verified,td3,synthetic_rough_heston,0,False,1322332359,0.5272414593309804,0.5203348528172669,0.8310599565442658,0.8310599565442658,0.0,0.0,0
td3_verified,td3,synthetic_rough_heston,0,False,38137826,8.804599088241957,8.800340988519118,0.6525411652026634,0.652541165202678,0.0,0.0,0
td3_verified,td3,synthetic_rough_heston,0,False,440852670,20.10540032439349,20.09792445136799,0.8646313101834835,0.8646313101834959,0.0,0.0,0
td3_verified,td3,synthetic_rough_heston,0,False,1945446605,11.657631886728268,11.654163940752284,0.5888926876759939,0.5888926876759886,0.0,0.0,0
td3_verified,td3,synthetic_rough_heston,0,False,1154827508,3.9072261071942194,3.903990241693135,0.5688466841851181,0.5688466841851323,0.0,0.0,0
td3_verified,td3,synthetic_rough_heston,0,False,993215842,-2.6269448400944384,-2.6275812930901985,0.2522802005232449,0.2522802005232041,0.0,0.0,0
td3_verified,td3,synthetic_rough_heston,0,False,203881053,22.73053286512368,22.72316608657923,0.8582993967402643,0.858299396740259,0.0,0.0,0
td3_verified,td3,synthetic_rough_heston,0,False,1698224781,2.660103815300318,2.6594340354786197,0.2588010474664912,0.2588010474665143,0.0,0.0,0
td3_verified,td3,synthetic_rough_heston,0,False,1641320225,-25.61958565671921,-25.62353845666913,0.6287129670940743,0.6287129670940601,0.0,0.0,0
td3_verified,td3,synthetic_rough_heston,0,False,835891747,12.108104188873767,12.09893446223652,0.957586896174405,0.9575868961743872,0.0,0.0,0
td3_verified,td3,synthetic_rough_heston,0,False,2098874635,-20.653340846300125,-20.657335711234012,0.6320494390383402,0.63204943903835,0.0,0.0,0
td3_verified,td3,synthetic_rough_heston,0,False,626392803,-0.7841276793351426,-0.7842019882373631,0.0862026114572813,0.0862026114572449,0.0,0.0,0
td3_verified,td3,synthetic_rough_heston,0,True,401058792,-10.93321423786074,-10.943693088473388,0.1311625719762759,1.0236625719761117,-0.8924999999998349,0.0,0
td3_verified,td3,synthetic_rough_heston,0,True,1822668597,-1.7619385079833592,-1.7620810199305563,0.3693783678886149,0.1193783678885864,0.250000000000032,0.0,0
td3_verified,td3,synthetic_rough_heston,0,True,1465431171,1.9966494340740024,1.9962958333189131,0.1880427491527854,0.1880427491528085,0.0,0.4140000000000001,24
td3_verified,td3,synthetic_rough_heston,0,True,157564097,-2.9942369323508173,-3.015329929996562,0.8776571463411642,-1.4523428536590286,2.3300000000001937,0.214,17
td3_verified,td3,synthetic_rough_heston,0,True,245238582,-0.6462456378048955,-0.7084803740342099,0.8253109165807189,-2.4946890834193027,3.3200000000000287,0.0,0
td3_verified,td3,synthetic_rough_heston,0,True,1117977144,9.377743452951108,9.369848774812176,0.7914799867795779,-0.8885200132204023,1.6799999999999926,0.0,0
td3_verified,td3,synthetic_rough_heston,0,True,523826546,0.3719419607077725,0.355993480705481,0.1367117439606175,-1.2628729153122045,1.3995846592728434,0.0,0
td3_verified,td3,synthetic_rough_heston,0,True,1124484429,-1.6207587083536057,-1.6209034325257368,0.517801359980524,0.1203013599804201,0.3975000000001003,0.0,0
td3_verified,td3,synthetic_rough_heston,0,True,171768458,16.11434256442469,16.083652118300233,0.6055553344712479,1.7518688913401934,-1.146313556868974,0.003,2
td3_verified,td3,synthetic_rough_heston,0,True,1868865057,2.966070051292874,2.9390688554485207,0.3945415478654155,1.6432040604974656,-1.2486625126320607,0.003,1
td3_verified,td3,synthetic_rough_heston,0,True,301461638,12.4971963306416,12.46948023717263,0.162130467319244,-1.6648151089225924,1.826945576241826,0.0,0
td3_verified,td3,synthetic_rough_heston,0,True,1387055752,-13.50748475773695,-13.513994415177132,0.2393244815435053,0.8068244815436358,-0.5675000000001376,0.014,4
td3_verified,td3,synthetic_rough_heston,0,True,1027367132,-16.370399019601873,-16.379456953546242,0.9517317870267163,0.9517317870267136,0.0,0.013,1
td3_verified,td3,synthetic_rough_heston,0,True,1111389845,-14.909220097146315,-14.975149738146577,0.044823209587264,-2.567676790413022,2.612500000000292,0.0,0
td3_verified,td3,synthetic_rough_heston,0,True,180210118,5.0393429691666825,5.026938101317618,0.5712714239943892,1.113771423994386,-0.5425000000000004,0.0,0
td3_verified,td3,synthetic_rough_heston,0,True,1769597788,8.460296411878517,8.426504763398174,0.4724152499812106,1.8382504856613504,-1.365835235680127,0.0,0
td3_verified,td3,synthetic_rough_heston,0,True,1541083806,-12.626057162186044,-12.627422366325584,0.8305133101802369,-0.3694866898198512,1.2000000000001023,0.0,0
td3_verified,td3,synthetic_rough_heston,0,True,2073530583,0.2728236329094216,0.2488843081800358,0.1802661867262713,-1.5472338132740546,1.7275000000003509,0.0,0
td3_verified,td3,synthetic_rough_heston,0,True,583456263,21.7697295508533,21.746114565479026,0.4072021644974768,1.5367168045632722,-1.1295146400657874,0.0,0
td3_verified,td3,synthetic_rough_heston,0,True,269688897,17.42798023240728,17.426514214523888,0.3696138702702711,-0.3828861297295125,0.7524999999998023,0.045,2
td3_verified,td3,synthetic_rough_heston,0,True,977455710,-10.572808949153885,-10.573178731974425,0.5230479713274576,0.1922973792172367,0.3307505921102439,0.023,1
td3_verified,td3,synthetic_rough_heston,0,True,2018195485,-10.630553642589804,-10.651787806513928,0.3803053004447037,-1.4571946995554694,1.837500000000162,0.0,0
td3_verified,td3,synthetic_rough_heston,0,True,1266812912,12.615225891928276,12.505666334151382,0.2225217859187722,-3.3099782140807705,3.5324999999995264,0.0,0
td3_verified,td3,synthetic_rough_heston,0,True,1737039599,-20.692059150003494,-20.702474642052195,0.42347056391975,-1.020563180244084,1.444033744163834,0.091,11
td3_verified,td3,synthetic_rough_heston,0,True,476600210,-2.022337668961249,-2.0437340342995496,0.5702496483779527,1.4627496483780291,-0.8925000000000622,0.079,9
td3_verified,td3,synthetic_rough_heston,0,True,392787174,3.7943217399913993,3.7877306356584017,0.6505372618581902,-0.8118561654010978,1.462393427259249,0.017,2
td3_verified,td3,synthetic_rough_heston,0,True,369185566,3.588110080241342,3.525047625007325,0.14224396427106,2.5112239094516653,-2.368979945180575,0.043,4
td3_verified,td3,synthetic_rough_heston,0,True,1749636134,-19.178086695838427,-19.19630577675459,0.802731341360257,1.349780756869898,-0.5470494155096535,0.4350000000000001,29
td3_verified,td3,synthetic_rough_heston,0,True,510732936,5.847735114137322,5.847447850291455,0.5869885972172852,0.1694885972173629,0.4174999999999329,0.0,0
td3_verified,td3,synthetic_rough_heston,0,True,569417501,-11.505617526610877,-11.667130938809144,0.9594191026224764,-4.018873128107746,4.978292230730202,0.0,0
td3_verified,td3,synthetic_rough_heston,0,True,1908420144,-5.243666602604542,-5.249557751561269,0.0476181228421239,0.7675382046990172,-0.7199200818568897,0.043,5
td3_verified,td3,synthetic_rough_heston,0,True,2034989486,-19.272642243652328,-19.28021483238605,0.8702062246227911,0.8702062246227626,0.0,0.122,12
td3_verified,td3,synthetic_rough_heston,0,True,564294971,-0.3106991074664694,-0.3127846290368309,0.0618538808771518,0.4566751110320639,-0.3948212301549311,0.4330000000000001,28
td3_verified,td3,synthetic_rough_heston,0,True,1129817345,2.0296025900097447,2.0246647098833086,0.4752716180285716,-0.702700514190516,1.1779721322190897,0.0,0
td3_verified,td3,synthetic_rough_heston,0,True,1190000565,9.170280911640043,9.170246119400293,0.2175006300571738,0.0589849470219508,0.1585156830352362,0.172,8
td3_verified,td3,synthetic_rough_heston,0,True,1455278866,-0.6824920330983442,-0.6987960377154455,0.4281286432416209,-1.2768713567584404,1.7050000000000836,0.187,11
td3_verified,td3,synthetic_rough_heston,0,True,1760722551,-4.03532592035117,-4.037239179791169,0.8224082120854064,0.4374082120855682,0.3849999999998275,0.0,0
td3_verified,td3,synthetic_rough_heston,0,True,328726188,2.928956267571266,2.9245821772460547,0.6613690592408403,0.6613690592408297,0.0,0.0,0
td3_verified,td3,synthetic_rough_heston,0,True,232867167,0.7384633763867896,0.7346223144831833,0.3423733860725946,0.619763011449243,-0.2773896253766483,0.0,0
td3_verified,td3,synthetic_rough_heston,0,True,628415013,15.421668755336214,15.3808712277231,0.1926602139496367,-2.019839786050211,2.2124999999998565,0.0,0
td3_verified,td3,synthetic_rough_heston,0,True,55294341,7.28643799449128,7.286410558440624,0.2826205663866687,-0.0523794336133272,0.3349999999999866,0.0,0
td3_verified,td3,synthetic_rough_heston,0,True,587962707,5.529458363222918,5.4423169449450635,0.2619725316787509,2.951972531678696,-2.689999999999916,0.3520000000000001,26
td3_verified,td3,synthetic_rough_heston,0,True,829705679,10.695139154520804,10.69513888861142,0.7126566402028516,0.0051566402029106,0.7074999999999534,0.0,0
td3_verified,td3,synthetic_rough_heston,0,True,379368625,-3.4261297458670015,-3.426190151765194,0.0100058954475485,-0.077721231457352,0.0877271269049086,0.0,0
td3_verified,td3,synthetic_rough_heston,0,True,205709869,10.57569243603111,10.575453770811569,0.3680120653439047,-0.1544879346561716,0.5225000000000684,0.004,1
td3_verified,td3,synthetic_rough_heston,0,True,865592973,-21.98702688691225,-22.051236286586665,0.8205027292809461,-2.5339573728540503,3.3544601021349965,0.2429999999999999,18
td3_verified,td3,synthetic_rough_heston,0,True,675392413,4.689066142005686,4.688443109300534,0.8978937690780668,-0.2496062309220761,1.1475000000001572,0.0,0
td3_verified,td3,synthetic_rough_heston,0,True,1422536529,13.102108250301171,13.10210610579289,0.6721441397180854,0.0146441397181273,0.6574999999999598,0.0,0
td3_verified,td3,synthetic_rough_heston,0,True,1001327361,17.177724153062737,17.0987297349404,0.3550369682321701,2.81059456560954,-2.455557597377377,0.005,1
td3_verified,td3,synthetic_rough_heston,0,True,1177952687,16.058236619381205,16.057442623003972,0.4982499316705286,-0.2817794132357325,0.7800293449062718,0.0,0
td3_verified,td3,synthetic_rough_heston,0,True,1810240606,-1.0370533743662236,-1.106170818203467,0.95598033789706,-2.6290196621030333,3.585000000000086,0.0,0
td3_verified,td3,synthetic_rough_heston,0,True,1181369059,5.453498069813577,5.446021495430912,0.3800986687937779,-0.8646718673962273,1.2447705361900043,0.0,0
td3_verified,td3,synthetic_rough_heston,0,True,1322332359,0.5373664593316789,0.5033793261979551,0.8310599565442658,1.843559956543963,-1.0124999999996973,0.0,0
td3_verified,td3,synthetic_rough_heston,0,True,38137826,8.784488279242302,8.784254191431007,0.6525411652026634,-0.1529992847352727,0.8055404499379507,0.004,1
td3_verified,td3,synthetic_rough_heston,0,True,440852670,19.361300324394193,19.361298852707325,0.8646313101834835,0.0121313101836104,0.8524999999998855,0.3690000000000001,18
td3_verified,td3,synthetic_rough_heston,0,True,1945446605,11.514231886727648,11.511108276364272,0.5888926876759939,0.5588926876759945,0.029999999999994,0.135,5
td3_verified,td3,synthetic_rough_heston,0,True,1154827508,3.5327261071948306,3.5322471684830425,0.5688466841851181,0.2188466841850953,0.3500000000000369,0.315,15
td3_verified,td3,synthetic_rough_heston,0,True,993215842,-2.5714448400932306,-2.5726194087027667,0.2522802005232449,-0.3427197994770932,0.5950000000002973,0.004,1
td3_verified,td3,synthetic_rough_heston,0,True,203881053,22.855315687912384,22.851289268439324,0.8582993967402643,-0.6345407373100844,1.4928401340503434,0.129,12
td3_verified,td3,synthetic_rough_heston,0,True,1698224781,2.761073638588641,2.740795042957481,0.2588010474664912,-1.4240293406794875,1.6828303881460018,0.0,0
td3_verified,td3,synthetic_rough_heston,0,True,1641320225,-25.96258565671921,-25.96653845666913,0.6287129670940743,0.6287129670940601,0.0,0.3430000000000001,24
td3_verified,td3,synthetic_rough_heston,0,True,835891747,11.679104188873769,11.66993446223652,0.957586896174405,0.9575868961743872,0.0,0.4290000000000001,27
td3_verified,td3,synthetic_rough_heston,0,True,2098874635,-20.644464148912213,-20.76140894146559,0.6320494390383402,3.41971917784747,-2.7876697388091194,0.019,1
td3_verified,td3,synthetic_rough_heston,0,True,626392803,-0.7924526793358382,-0.7924530759068628,0.0862026114572813,-0.0062973885427526,0.0924999999999975,0.0,0
td3_verified,td3,synthetic_rough_heston,10,False,401058792,-9.543646192185406,-10.722965366746266,10.85964628595636,10.859646285956366,0.0,0.0,0
td3_verified,td3,synthetic_rough_heston,10,False,1822668597,1.0864993017403322,-0.0474587320809407,10.648746563897888,10.648746563897898,0.0,0.0,0
td3_verified,td3,synthetic_rough_heston,10,False,1465431171,9.761240898867982,8.591629467403552,10.814857518545622,10.81485751854563,0.0,0.0,0
td3_verified,td3,synthetic_rough_heston,10,False,157564097,2.8025881489320454,1.73941024088235,10.311051876747086,10.311051876747085,0.0,0.0,0
td3_verified,td3,synthetic_rough_heston,10,False,245238582,-1.5110456378024535,-2.682919202208872,10.82531091658072,10.825310916580726,0.0,0.0,0
td3_verified,td3,synthetic_rough_heston,10,False,1117977144,7.391647334799927,6.204728443015982,10.89458072522271,10.894580725222724,0.0,0.0,0
td3_verified,td3,synthetic_rough_heston,10,False,523826546,-3.355518698212109,-4.409203683454026,10.26491590438964,10.264915904389657,0.0,0.0,0
td3_verified,td3,synthetic_rough_heston,10,False,1124484429,-2.4952159097119875,-3.5978758051829742,10.500761379400004,10.500761379400004,0.0,0.0,0
td3_verified,td3,synthetic_rough_heston,10,False,171768458,18.258068411367276,17.133290371841966,10.605555334471248,10.60555533447122,0.0,0.0,0
td3_verified,td3,synthetic_rough_heston,10,False,1868865057,4.9721064600671525,3.816511464058891,10.74986044564423,10.74986044564422,0.0,0.0,0
td3_verified,td3,synthetic_rough_heston,10,False,301461638,10.007236937903144,8.883151978591759,10.602287297142013,10.602287297142,0.0,0.0,0
td3_verified,td3,synthetic_rough_heston,10,False,1387055752,-19.3565526448765,-20.421019219041277,10.317298939958931,10.317298939958924,0.0,0.0,0
td3_verified,td3,synthetic_rough_heston,10,False,1027367132,-13.617992991068604,-14.74592101392229,10.620395580455964,10.620395580455964,0.0,0.0,0
td3_verified,td3,synthetic_rough_heston,10,False,1111389845,-19.452911721244163,-20.57447014987668,10.590365567970323,10.59036556797033,0.0,0.0,0
td3_verified,td3,synthetic_rough_heston,10,False,180210118,3.655617969165178,2.5381001739675746,10.57127142399439,10.571271423994386,0.0,0.0,0
td3_verified,td3,synthetic_rough_heston,10,False,1769597788,8.25553190753999,7.099078090937351,10.75385426999378,10.753854269993797,0.0,0.0,0
td3_verified,td3,synthetic_rough_heston,10,False,1541083806,-12.847769285835966,-13.896367647771928,10.240109188558293,10.240109188558304,0.0,0.0,0
td3_verified,td3,synthetic_rough_heston,10,False,2073530583,1.3956711096889194,0.1874040535929775,10.992120159896077,10.992120159896096,0.0,0.0,0
td3_verified,td3,synthetic_rough_heston,10,False,583456263,14.496409227331242,13.35640138257582,10.677114988401216,10.67711498840123,0.0,0.0,0
td3_verified,td3,synthetic_rough_heston,10,False,269688897,18.879825048954444,17.814134717822327,10.323227843713,10.32322784371302,0.0,0.0,0
td3_verified,td3,synthetic_rough_heston,10,False,977455710,-8.503432313034864,-9.618196720496991,10.558240419038214,10.558240419038237,0.0,0.0,0
td3_verified,td3,synthetic_rough_heston,10,False,2018195485,-8.850004760759475,-10.032278219866736,10.873239899437806,10.873239899437802,0.0,0.0,0
td3_verified,td3,synthetic_rough_heston,10,False,1266812912,12.214377519947448,11.1895784668456,10.123235911020998,10.123235911020974,0.0,0.0,0
td3_verified,td3,synthetic_rough_heston,10,False,1737039599,-27.488501704483497,-28.6792222703886,10.912014323236122,10.912014323236114,0.0,0.0,0
td3_verified,td3,synthetic_rough_heston,10,False,476600210,-6.136253278948061,-7.303525393949929,10.8040368150144,10.804036815014411,0.0,0.0,0
td3_verified,td3,synthetic_rough_heston,10,False,392787174,5.395522627499304,4.26943569971631,10.611724307495932,10.6117243074959,0.0,0.0,0
td3_verified,td3,synthetic_rough_heston,10,False,369185566,4.923465927746292,3.8044314812156985,10.578442449295594,10.578442449295617,0.0,0.0,0
td3_verified,td3,synthetic_rough_heston,10,False,1749636134,-14.95796707309637,-16.124957117432437,10.802731341360255,10.802731341360245,0.0,0.0,0
td3_verified,td3,synthetic_rough_heston,10,False,510732936,5.532442407455164,4.371164769897148,10.776259265431648,10.776259265431657,0.0,0.0,0
td3_verified,td3,synthetic_rough_heston,10,False,569417501,-14.099903379272291,-15.170116681311637,10.345111415733273,10.34511141573325,0.0,0.0,0
td3_verified,td3,synthetic_rough_heston,10,False,1908420144,-5.285341358119695,-6.394967961457972,10.533881541664854,10.533881541664863,0.0,0.0,0
td3_verified,td3,synthetic_rough_heston,10,False,2034989486,-8.207001906774167,-9.402155837855622,10.932309596244792,10.932309596244767,0.0,0.0,0
td3_verified,td3,synthetic_rough_heston,10,False,564294971,0.351226582784875,-0.6889857719922099,10.199080128997366,10.199080128997345,0.0,0.0,0
td3_verified,td3,synthetic_rough_heston,10,False,1129817345,1.3552195301672327,0.1761152946794606,10.858656618052578,10.858656618052583,0.0,0.0,0
td3_verified,td3,synthetic_rough_heston,10,False,1190000565,11.661067926075702,10.583174323487356,10.38216548985973,10.38216548985974,0.0,0.0,0
td3_verified,td3,synthetic_rough_heston,10,False,1455278866,5.1559578509022685,4.019507944831786,10.66044045089356,10.660440450893583,0.0,0.0,0
td3_verified,td3,synthetic_rough_heston,10,False,1760722551,-4.262275920349566,-5.4335211154397,10.822408212085406,10.822408212085396,0.0,0.0,0
td3_verified,td3,synthetic_rough_heston,10,False,328726188,5.7295961827639985,4.616369134690709,10.550957530353784,10.55095753035377,0.0,0.0,0
td3_verified,td3,synthetic_rough_heston,10,False,232867167,1.506816575285484,0.398465588883107,10.527824971960626,10.527824971960625,0.0,0.0,0
td3_verified,td3,synthetic_rough_heston,10,False,628415013,14.50411687167616,13.32833992108498,10.843324907938424,10.843324907938433,0.0,0.0,0
td3_verified,td3,synthetic_rough_heston,10,False,55294341,8.466307705317377,7.314368627178162,10.732842485284207,10.732842485284198,0.0,0.0,0
td3_verified,td3,synthetic_rough_heston,10,False,587962707,-1.219836600303097,-2.221207273849602,10.00685102090813,10.006851020908147,0.0,0.0,0
td3_verified,td3,synthetic_rough_heston,10,False,829705679,13.640611833858202,12.549865931748007,10.443878121225808,10.443878121225817,0.0,0.0,0
td3_verified,td3,synthetic_rough_heston,10,False,379368625,-0.0950642289481038,-1.1107779769476926,10.078262489137645,10.078262489137645,0.0,0.0,0
td3_verified,td3,synthetic_rough_heston,10,False,205709869,8.934292595587976,7.75250429060511,10.871008715767218,10.871008715767212,0.0,0.0,0
td3_verified,td3,synthetic_rough_heston,10,False,865592973,-21.83959026546654,-23.010423058610304,10.820502729280946,10.820502729280946,0.0,0.0,0
td3_verified,td3,synthetic_rough_heston,10,False,675392413,4.436767566092385,3.41330755690588,10.116620034312362,10.116620034312373,0.0,0.0,0
td3_verified,td3,synthetic_rough_heston,10,False,1422536529,14.584977153248474,13.394978312211387,10.908706802536614,10.908706802536612,0.0,0.0,0
td3_verified,td3,synthetic_rough_heston,10,False,1001327361,16.500662647733407,15.322281564694828,10.855326264274964,10.85532626427496,0.0,0.0,0
td3_verified,td3,synthetic_rough_heston,10,False,1177952687,16.159677868583458,15.134956461943242,10.122852397621015,10.12285239762102,0.0,0.0,0
td3_verified,td3,synthetic_rough_heston,10,False,1810240606,-1.5660863258890458,-2.6671281748033646,10.493054126012694,10.493054126012686,0.0,0.0,0
td3_verified,td3,synthetic_rough_heston,10,False,1181369059,4.66206246834372,3.5238165988645376,10.668860620887216,10.668860620887228,0.0,0.0,0
td3_verified,td3,synthetic_rough_heston,10,False,1322332359,-0.8522232431296288,-1.9634601285548376,10.541522116967784,10.54152211696778,0.0,0.0,0
td3_verified,td3,synthetic_rough_heston,10,False,38137826,12.540551931861046,11.35387629842901,10.89346424895237,10.893464248952384,0.0,0.0,0
td3_verified,td3,synthetic_rough_heston,10,False,440852670,23.905400324394577,22.724998189332386,10.864631310183483,10.864631310183496,0.0,0.0,0
td3_verified,td3,synthetic_rough_heston,10,False,1945446605,15.753225538008335,14.54808774416249,10.977876815877693,10.977876815877682,0.0,0.0,0
td3_verified,td3,synthetic_rough_heston,10,False,1154827508,10.080503426093856,9.010702219802974,10.343119482491147,10.343119482491158,0.0,0.0,0
td3_verified,td3,synthetic_rough_heston,10,False,993215842,-0.8715379088807822,-1.9832752590155376,10.5438956279677,10.54389562796766,0.0,0.0,0
td3_verified,td3,synthetic_rough_heston,10,False,203881053,25.657561124113272,24.530766080869675,10.615060260043734,10.615060260043732,0.0,0.0,0
td3_verified,td3,synthetic_rough_heston,10,False,1698224781,1.843525068852614,0.6678086891373529,10.843045604050817,10.843045604050833,0.0,0.0,0
td3_verified,td3,synthetic_rough_heston,10,False,1641320225,-35.12880688003497,-36.191488485344394,10.3086449415499,10.308644941549886,0.0,0.0,0
td3_verified,td3,synthetic_rough_heston,10,False,835891747,17.40810418887304,16.207417083000912,10.957586896174403,10.957586896174387,0.0,0.0,0
td3_verified,td3,synthetic_rough_heston,10,False,2098874635,-25.540753423683785,-26.656719403004928,10.563929095375189,10.56392909537519,0.0,0.0,0
td3_verified,td3,synthetic_rough_heston,10,False,626392803,1.8540584288184616,0.7136593291187427,10.67894704406632,10.67894704406628,0.0,0.0,0
td3_verified,td3,synthetic_rough_heston,10,True,401058792,-9.556940317617771,-10.596308336572738,10.85964628595636,10.194940014315751,0.6647062716406155,0.0,0
td3_verified,td3,synthetic_rough_heston,10,True,1822668597,0.944799301740204,0.0311029430119188,10.648746563897888,9.558746563897827,1.090000000000071,0.0,0
td3_verified,td3,synthetic_rough_heston,10,True,1465431171,9.358487229355044,8.242064825662972,10.814857518545622,10.566089170985029,0.2487683475606008,0.353,17
td3_verified,td3,synthetic_rough_heston,10,True,157564097,2.3036010675098804,1.717943579307621,10.311051876747086,7.652826198224152,2.658225678522931,0.18,15
td3_verified,td3,synthetic_rough_heston,10,True,245238582,-0.9909456378027244,-1.4965108511071894,10.82531091658072,7.110310916580687,3.715000000000039,0.0,0
td3_verified,td3,synthetic_rough_heston,10,True,1117977144,7.76674733479922,6.922263395745371,10.89458072522271,9.18958072522272,1.7050000000000054,0.0,0
td3_verified,td3,synthetic_rough_heston,10,True,523826546,-2.893616528053826,-3.663606790768121,10.26491590438964,8.774908903882105,1.4900070005075516,0.0,0
td3_verified,td3,synthetic_rough_heston,10,True,1124484429,-2.4252159097122785,-3.425368191389246,10.500761379400004,10.000761379399908,0.5000000000000959,0.0,0
td3_verified,td3,synthetic_rough_heston,10,True,171768458,17.988919006924945,16.579253519638986,10.605555334471248,11.87293345086192,-1.267378116390701,0.003,2
td3_verified,td3,synthetic_rough_heston,10,True,1868865057,5.07277728038207,4.123487124175236,10.74986044564423,9.74315224250773,1.00670820313649,0.0,0
td3_verified,td3,synthetic_rough_heston,10,True,301461638,10.456146616321348,9.72310434880482,10.602287297142013,8.56178875887818,2.040498538263819,0.0,0
td3_verified,td3,synthetic_rough_heston,10,True,1387055752,-19.416727644876214,-20.53710733086982,10.317298939958931,10.584798939959164,-0.2675000000002399,0.004,1
td3_verified,td3,synthetic_rough_heston,10,True,1027367132,-13.65959594695414,-14.715085943574804,10.620395580455964,10.273704281419931,0.3466912990360291,0.0,0
td3_verified,td3,synthetic_rough_heston,10,True,1111389845,-18.465911721244993,-19.069697531843932,10.590365567970323,7.770365567970011,2.82000000000032,0.0,0
td3_verified,td3,synthetic_rough_heston,10,True,180210118,3.65821796916498,2.5680164796697262,10.57127142399439,10.441271423994555,0.1299999999998284,0.0,0
td3_verified,td3,synthetic_rough_heston,10,True,1769597788,8.321551965129402,6.916334100217858,10.75385426999378,11.85418856316848,-1.1003342931746871,0.0,0
td3_verified,td3,synthetic_rough_heston,10,True,1541083806,-12.79891100525856,-13.40687352885134,10.240109188558293,7.79719515975315,2.442914028805154,0.0,0
td3_verified,td3,synthetic_rough_heston,10,True,2073530583,1.6520961096903193,0.8385606314023522,10.992120159896077,9.019620159895688,1.9725000000004087,0.0,0
td3_verified,td3,synthetic_rough_heston,10,True,583456263,13.974803721286662,12.57383834201794,10.677114988401216,11.836238335166806,-1.1591233467655755,0.0,0
td3_verified,td3,synthetic_rough_heston,10,True,269688897,18.660825048953484,17.875256970857745,10.323227843713,8.863227843713247,1.4599999999997737,0.0,0
td3_verified,td3,synthetic_rough_heston,10,True,977455710,-8.658470864877584,-9.554570226358615,10.558240419038214,9.466252487024803,1.0919879320134294,0.024,1
td3_verified,td3,synthetic_rough_heston,10,True,2018195485,-8.91480476075958,-9.497468274383252,10.873239899437806,7.633239899437683,3.2400000000001192,0.0,0
td3_verified,td3,synthetic_rough_heston,10,True,1266812912,12.39307751994602,12.07320403299384,10.123235911020998,5.655735911021477,4.467499999999497,0.0,0
td3_verified,td3,synthetic_rough_heston,10,True,1737039599,-28.09878315399002,-29.81830572172103,10.912014323236122,13.11305672881426,-2.2010424055781455,0.016,3
td3_verified,td3,synthetic_rough_heston,10,True,476600210,-6.357553278947453,-7.706411790352568,10.8040368150144,11.614036815014476,-0.8100000000000627,0.035,5
td3_verified,td3,synthetic_rough_heston,10,True,392787174,5.937844924942227,5.1311958225197625,10.611724307495932,8.981364609136323,1.630359698359577,0.012,1
td3_verified,td3,synthetic_rough_heston,10,True,369185566,5.446860475538415,3.528730105052544,10.578442449295594,13.849658372991987,-3.2712159236963743,0.0,0
td3_verified,td3,synthetic_rough_heston,10,True,1749636134,-15.37650682914551,-16.56049312944038,10.802731341360255,10.881113455409196,-0.0783821140489503,0.4350000000000001,29
td3_verified,td3,synthetic_rough_heston,10,True,510732936,5.591242407454047,4.582973531097856,10.776259265431648,10.041259265431751,0.7349999999999035,0.0,0
td3_verified,td3,synthetic_rough_heston,10,True,569417501,-13.269666320689794,-13.501046339036709,10.345111415733273,4.810197691851284,5.5349137238819655,0.0,0
td3_verified,td3,synthetic_rough_heston,10,True,1908420144,-5.33469587914845,-6.761693103472333,10.533881541664854,11.945698909330853,-1.4118173676659898,0.007,1
td3_verified,td3,synthetic_rough_heston,10,True,2034989486,-7.719684145652878,-8.455683170378983,10.932309596244792,8.579038551761526,2.3532710444832414,0.1009999999999999,12
td3_verified,td3,synthetic_rough_heston,10,True,564294971,-0.1163734172152182,-1.108206187373114,10.199080128997366,9.959080128997336,0.2400000000000091,0.4100000000000001,28
td3_verified,td3,synthetic_rough_heston,10,True,1129817345,1.479326298345768,0.7776652150731204,10.858656618052578,8.376521254510417,2.4821353635421683,0.0,0
td3_verified,td3,synthetic_rough_heston,10,True,1190000565,11.4595929260743,10.727769909640308,10.38216548985973,8.554665489859858,1.827499999999883,0.037,2
td3_verified,td3,synthetic_rough_heston,10,True,1455278866,4.661157850901698,3.747615594273427,10.66044045089356,9.557940450893543,1.1025000000000418,0.142,10
td3_verified,td3,synthetic_rough_heston,10,True,1760722551,-4.168475920350829,-5.067636575357119,10.822408212085406,9.482408212085629,1.339999999999769,0.0,0
td3_verified,td3,synthetic_rough_heston,10,True,328726188,5.714596182763999,4.601369134690709,10.550957530353784,10.55095753035377,0.0,0.015,1
td3_verified,td3,synthetic_rough_heston,10,True,232867167,1.4967415752853412,0.5903756995679439,10.527824971960626,9.520324971960765,1.0074999999998582,0.0,0
td3_verified,td3,synthetic_rough_heston,10,True,628415013,14.819341871676444,14.28046476838631,10.843324907938424,7.3408249079387105,3.5024999999997206,0.0,0
td3_verified,td3,synthetic_rough_heston,10,True,55294341,8.391382705318392,7.411214892059153,10.732842485284207,9.90034248528423,0.8324999999999676,0.0,0
td3_verified,td3,synthetic_rough_heston,10,True,587962707,-1.4837116003038826,-3.2511092909750565,10.00685102090813,13.294351020907992,-3.287499999999845,0.2309999999999999,18
td3_verified,td3,synthetic_rough_heston,10,True,829705679,13.78888683385776,13.015124153341938,10.443878121225808,8.796378121225922,1.6474999999998945,0.0,0
td3_verified,td3,synthetic_rough_heston,10,True,379368625,-0.2193142289488605,-1.0640153802662633,10.078262489137645,9.190762489137684,0.8874999999999602,0.0,0
td3_verified,td3,synthetic_rough_heston,10,True,205709869,9.450192595588303,8.63505289928148,10.871008715767218,9.0285087157671,1.8425000000001113,0.0,0
td3_verified,td3,synthetic_rough_heston,10,True,865592973,-22.719016453573214,-23.235278811533707,10.820502729280946,7.185139928773049,3.6353628005078966,0.1159999999999999,12
td3_verified,td3,synthetic_rough_heston,10,True,675392413,4.635992566092682,3.8991213984578863,10.116620034312362,8.584120034312168,1.532500000000205,0.0,0
td3_verified,td3,synthetic_rough_heston,10,True,1422536529,14.487027153249072,13.626547026814794,10.908706802536614,9.276206802536684,1.6324999999999292,0.0,0
td3_verified,td3,synthetic_rough_heston,10,True,1001327361,17.11894404668601,15.173830360700071,10.855326264274964,13.94673325903216,-3.0914069947572003,0.0,0
td3_verified,td3,synthetic_rough_heston,10,True,1177952687,16.083677868584346,15.34358717483178,10.122852397621015,8.602852397621188,1.5199999999998326,0.0,0
td3_verified,td3,synthetic_rough_heston,10,True,1810240606,-1.43551132588982,-1.812575375634727,10.493054126012694,6.140554126012626,4.3525000000000595,0.0,0
td3_verified,td3,synthetic_rough_heston,10,True,1181369059,4.735215549591885,3.953753610930117,10.668860620887216,8.840033589652066,1.8288270312351615,0.0,0
td3_verified,td3,synthetic_rough_heston,10,True,1322332359,-0.8520482431285927,-1.9669777237946544,10.541522116967784,10.559022116967371,-0.0174999999995932,0.0,0
td3_verified,td3,synthetic_rough_heston,10,True,38137826,12.503064500139269,11.671485990190485,10.89346424895237,9.11909266291765,1.7743715860347342,0.002,1
td3_verified,td3,synthetic_rough_heston,10,True,440852670,23.138200324393548,22.14127170039056,10.864631310183483,9.984631310183614,0.8799999999998818,0.38,19
td3_verified,td3,synthetic_rough_heston,10,True,1945446605,15.546125538009177,14.375319993633338,10.977876815877693,10.820376815877696,0.1574999999999846,0.163,7
td3_verified,td3,synthetic_rough_heston,10,True,1154827508,9.85152842609366,8.905651682911575,10.343119482491147,9.725619482490998,0.6175000000001596,0.124,6
td3_verified,td3,synthetic_rough_heston,10,True,993215842,-0.6715379088806512,-1.3913027591430869,10.5438956279677,8.483895627967351,2.060000000000308,0.006,1
td3_verified,td3,synthetic_rough_heston,10,True,203881053,25.87312802099899,25.064193537900195,10.615060260043734,8.994078513659959,1.6209817463837737,0.06,8
td3_verified,td3,synthetic_rough_heston,10,True,1698224781,1.993259463870345,1.2964565169000415,10.843045604050817,8.347472353774545,2.4955732502762875,0.0,0
td3_verified,td3,synthetic_rough_heston,10,True,1641320225,-35.43980688003497,-36.502488485344394,10.3086449415499,10.308644941549886,0.0,0.311,21
td3_verified,td3,synthetic_rough_heston,10,True,835891747,16.901104188872925,15.786477778170212,10.957586896174403,10.557586896174296,0.4000000000000909,0.4350000000000001,29
td3_verified,td3,synthetic_rough_heston,10,True,2098874635,-25.516203637671424,-27.211123213792472,10.563929095375189,13.018907696581335,-2.4549786012061476,0.0,0
td3_verified,td3,synthetic_rough_heston,10,True,626392803,1.7989334288195096,0.7855998679095983,10.67894704406632,10.0664470440663,0.6124999999999794,0.0,0
td3_verified,td3,synthetic_rough_heston,20,False,401058792,-7.027826433353766,-11.423958509523064,20.96695513461431,20.966955134614317,0.0,0.0,0
td3_verified,td3,synthetic_rough_heston,20,False,1822668597,3.239272280390651,-0.8272388929212324,20.165592412106022,20.16559241210603,0.0,0.0,0
td3_verified,td3,synthetic_rough_heston,20,False,1465431171,14.240204223411638,10.054551712806266,20.458867296615836,20.458867296615843,0.0,0.0,0
td3_verified,td3,synthetic_rough_heston,20,False,157564097,8.38507684858996,4.07847308119132,20.7523583416407,20.752358341640697,0.0,0.0,0
td3_verified,td3,synthetic_rough_heston,20,False,245238582,-1.852524319283475,-6.2070209494666635,20.867430676015644,20.867430676015648,0.0,0.0,0
td3_verified,td3,synthetic_rough_heston,20,False,1117977144,5.7828086329573125,1.6342780224521087,20.36794199349852,20.36794199349852,0.0,0.0,0
td3_verified,td3,synthetic_rough_heston,20,False,523826546,-6.755518698211745,-10.862186864331594,20.26491590438964,20.264915904389657,0.0,0.0,0
td3_verified,td3,synthetic_rough_heston,20,False,1124484429,-3.3872291911229695,-7.710215008493243,20.791791210403872,20.791791210403865,0.0,0.0,0
td3_verified,td3,synthetic_rough_heston,20,False,171768458,20.165181894537454,16.022444841839402,20.353714778138325,20.353714778138297,0.0,0.0,0
td3_verified,td3,synthetic_rough_heston,20,False,1868865057,7.275960950872104,3.193428195076926,20.205278408859357,20.20527840885935,0.0,0.0,0
td3_verified,td3,synthetic_rough_heston,20,False,301461638,8.27655432591746,4.003593662373745,20.67114090596772,20.671140905967707,0.0,0.0,0
td3_verified,td3,synthetic_rough_heston,20,False,1387055752,-27.270537935926768,-31.51728197386625,20.6076297471094,20.6076297471094,0.0,0.0,0
td3_verified,td3,synthetic_rough_heston,20,False,1027367132,-9.737503378080874,-14.136881599732314,20.974694805053645,20.974694805053637,0.0,0.0,0
td3_verified,td3,synthetic_rough_heston,20,False,1111389845,-23.12519359512953,-27.501911305485315,20.92060637351551,20.92060637351552,0.0,0.0,0
td3_verified,td3,synthetic_rough_heston,20,False,180210118,2.4917930355841236,-1.7462676749062194,20.586550732190048,20.58655073219004,0.0,0.0,0
td3_verified,td3,synthetic_rough_heston,20,False,1769597788,8.159561134021715,4.138576505463134,20.052392945877003,20.05239294587701,0.0,0.0,0
td3_verified,td3,synthetic_rough_heston,20,False,1541083806,-12.680150144246,-16.911905751752506,20.571231386347534,20.57123138634755,0.0,0.0,0
td3_verified,td3,synthetic_rough_heston,20,False,2073530583,1.8388769941520875,-2.419101365719963,20.63486942016364,20.634869420163653,0.0,0.0,0
td3_verified,td3,synthetic_rough_heston,20,False,583456263,7.605055034295219,3.5346262675802684,20.175303632696455,20.175303632696465,0.0,0.0,0
td3_verified,td3,synthetic_rough_heston,20,False,269688897,20.172162286615276,15.969181729440743,20.50117205716424,20.50117205716427,0.0,0.0,0
td3_verified,td3,synthetic_rough_heston,20,False,977455710,-6.146030203284681,-10.383319279790705,20.584676525284564,20.58467652528459,0.0,0.0,0
td3_verified,td3,synthetic_rough_heston,20,False,2018195485,-6.95921735691627,-11.333476630762975,20.91472991421766,20.914729914217656,0.0,0.0,0
td3_verified,td3,synthetic_rough_heston,20,False,1266812912,11.91410684562652,7.861028567469427,20.13225838836047,20.13225838836044,0.0,0.0,0
td3_verified,td3,synthetic_rough_heston,20,False,1737039599,-33.781313940409746,-37.86411611422771,20.205945099940195,20.205945099940184,0.0,0.0,0
td3_verified,td3,synthetic_rough_heston,20,False,476600210,-10.224548127303931,-14.426123941638116,20.497745764679053,20.49774576467906,0.0,0.0,0
td3_verified,td3,synthetic_rough_heston,20,False,392787174,7.4912082906867,3.1824172205050134,20.75762768281024,20.75762768281021,0.0,0.0,0
td3_verified,td3,synthetic_rough_heston,20,False,369185566,5.164900968287839,0.9466220247512503,20.538449171095124,20.538449171095145,0.0,0.0,0
td3_verified,td3,synthetic_rough_heston,20,False,1749636134,-12.001924903825056,-16.19952183053648,20.488037794555694,20.488037794555687,0.0,0.0,0
td3_verified,td3,synthetic_rough_heston,20,False,510732936,5.5797860001221125,1.4293645622432436,20.372583139795665,20.372583139795672,0.0,0.0,0
td3_verified,td3,synthetic_rough_heston,20,False,569417501,-15.148403226608934,-19.34574616251241,20.48741793370624,20.487417933706222,0.0,0.0,0
td3_verified,td3,synthetic_rough_heston,20,False,1908420144,-5.033559779069037,-9.419317307405638,20.942200286351465,20.942200286351483,0.0,0.0,0
td3_verified,td3,synthetic_rough_heston,20,False,2034989486,1.0169012054357154,-3.3177030589965772,20.81971244862018,20.81971244862016,0.0,0.0,0
td3_verified,td3,synthetic_rough_heston,20,False,564294971,0.3812265827837109,-3.9841266387734127,20.893427726338075,20.893427726338068,0.0,0.0,0
td3_verified,td3,synthetic_rough_heston,20,False,1129817345,0.774475175418047,-3.3729637535161565,20.365261915659715,20.365261915659723,0.0,0.0,0
td3_verified,td3,synthetic_rough_heston,20,False,1190000565,14.370951416236494,10.337964763576766,20.08229731046656,20.08229731046657,0.0,0.0,0
td3_verified,td3,synthetic_rough_heston,20,False,1455278866,11.23203670654948,6.822434170964349,20.99905363483107,20.999053634831096,0.0,0.0,0
td3_verified,td3,synthetic_rough_heston,20,False,1760722551,-3.9055772576102754,-8.21385097361123,20.756381466915073,20.75638146691507,0.0,0.0,0
td3_verified,td3,synthetic_rough_heston,20,False,328726188,8.767146924965346,4.735424300734448,20.079149942741353,20.079149942741346,0.0,0.0,0
td3_verified,td3,synthetic_rough_heston,20,False,232867167,2.201641851572276,-1.9804109089403328,20.45006787400132,20.45006787400132,0.0,0.0,0
td3_verified,td3,synthetic_rough_heston,20,False,628415013,15.585980914995162,11.48848228851138,20.242279087305803,20.242279087305807,0.0,0.0,0
td3_verified,td3,synthetic_rough_heston,20,False,55294341,10.218132022020654,5.984286314788547,20.57631091141488,20.576310911414872,0.0,0.0,0
td3_verified,td3,synthetic_rough_heston,20,False,587962707,-8.71432795965302,-13.11378123019852,20.97487370771394,20.974873707713954,0.0,0.0,0
td3_verified,td3,synthetic_rough_heston,20,False,829705679,17.17707728698224,13.118533237037756,20.14582847624908,20.145828476249083,0.0,0.0,0
td3_verified,td3,synthetic_rough_heston,20,False,379368625,3.3257137344280636,-1.0451122732403275,20.906520532284645,20.90652053228464,0.0,0.0,0
td3_verified,td3,synthetic_rough_heston,20,False,205709869,8.033576276822714,3.9556965062532825,20.193760844799144,20.193760844799147,0.0,0.0,0
td3_verified,td3,synthetic_rough_heston,20,False,865592973,-22.79593329506497,-27.118185927467938,20.790027975938287,20.790027975938287,0.0,0.0,0
td3_verified,td3,synthetic_rough_heston,20,False,675392413,3.904601855228975,-0.3369010406479535,20.594909312441573,20.59490931244158,0.0,0.0,0
td3_verified,td3,synthetic_rough_heston,20,False,1422536529,15.719818665487765,11.587422840305472,20.32829512079725,20.32829512079725,0.0,0.0,0
td3_verified,td3,synthetic_rough_heston,20,False,1001327361,16.01799346117332,11.790039287581978,20.561989625499137,20.561989625499137,0.0,0.0,0
td3_verified,td3,synthetic_rough_heston,20,False,1177952687,16.26905602475381,12.232267742979277,20.091760206050964,20.09176020605097,0.0,0.0,0
td3_verified,td3,synthetic_rough_heston,20,False,1810240606,-1.9412292083434295,-6.073226897439551,20.327315831403126,20.327315831403126,0.0,0.0,0
td3_verified,td3,synthetic_rough_heston,20,False,1181369059,4.627251415313367,0.5568810677790683,20.17515885323904,20.175158853239047,0.0,0.0,0
td3_verified,td3,synthetic_rough_heston,20,False,1322332359,-2.439984921657014,-6.747802139560841,20.75528178055849,20.755281780558477,0.0,0.0,0
td3_verified,td3,synthetic_rough_heston,20,False,38137826,15.355226850118925,11.236096249866003,20.29564140462901,20.295641404629023,0.0,0.0,0
td3_verified,td3,synthetic_rough_heston,20,False,440852670,27.889563162869308,23.545115280691427,20.843339181085824,20.84333918108584,0.0,0.0,0
td3_verified,td3,synthetic_rough_heston,20,False,1945446605,19.79172583721811,15.648705229832771,20.35441133362825,20.35441133362824,0.0,0.0,0
td3_verified,td3,synthetic_rough_heston,20,False,1154827508,16.96845589513032,12.625392741652586,20.84001716284736,20.840017162847374,0.0,0.0,0
td3_verified,td3,synthetic_rough_heston,20,False,993215842,0.8678007772305136,-3.386524379564859,20.626015506625095,20.626015506625055,0.0,0.0,0
td3_verified,td3,synthetic_rough_heston,20,False,203881053,28.76512689130868,24.426813644457415,20.828617925467995,20.828617925467995,0.0,0.0,0
td3_verified,td3,synthetic_rough_heston,20,False,1698224781,1.0435250688533415,-3.3008004316720863,20.843045604050815,20.843045604050833,0.0,0.0,0
td3_verified,td3,synthetic_rough_heston,20,False,1641320225,-44.050309021531575,-48.288983047037846,20.58804027950761,20.588040279507595,0.0,0.0,0
td3_verified,td3,synthetic_rough_heston,20,False,835891747,22.72810418887275,18.335899703765744,20.957586896174405,20.957586896174387,0.0,0.0,0
td3_verified,td3,synthetic_rough_heston,20,False,2098874635,-31.20931872134497,-35.28091812669952,20.178204591475776,20.178204591475787,0.0,0.0,0
td3_verified,td3,synthetic_rough_heston,20,False,626392803,4.7081199123531405,0.3583965920128849,20.855990315351292,20.85599031535126,0.0,0.0,0
td3_verified,td3,synthetic_rough_heston,20,True,401058792,-7.075332809128668,-10.531822229298996,20.96695513461431,18.59163634586888,2.375318788745434,0.0,0
td3_verified,td3,synthetic_rough_heston,20,True,1822668597,2.9942222803911136,-0.3475783089843309,20.165592412106022,18.28059241210592,1.8850000000001117,0.0,0
td3_verified,td3,synthetic_rough_heston,20,True,1465431171,13.791492123894816,9.84916004305797,20.458867296615836,19.85530679903195,0.6035604975838901,0.328,15
td3_verified,td3,synthetic_rough_heston,20,True,157564097,8.110741492127083,4.141865942010558,20.7523583416407,19.92203691924228,0.8303214223984146,0.183,15
td3_verified,td3,synthetic_rough_heston,20,True,245238582,-1.2795743192818918,-4.093557311133189,20.867430676015644,16.774930676015614,4.092500000000033,0.0,0
td3_verified,td3,synthetic_rough_heston,20,True,1117977144,6.16505863295788,2.694124944226752,20.36794199349852,18.63044199349851,1.7375000000000078,0.0,0
td3_verified,td3,synthetic_rough_heston,20,True,523826546,-6.2746858229857025,-9.776764689414351,20.26491590438964,18.713842113335915,1.5510737910537422,0.0,0
td3_verified,td3,synthetic_rough_heston,20,True,1124484429,-3.302879191123793,-7.378953986908664,20.791791210403872,20.189291210403773,0.6025000000000915,0.0,0
td3_verified,td3,synthetic_rough_heston,20,True,171768458,19.91055641679911,15.26569897247682,20.353714778138325,21.551931338797203,-1.198216560658905,0.003,2
td3_verified,td3,synthetic_rough_heston,20,True,1868865057,7.361364305832467,3.616657529800296,20.205278408859357,19.351244859264664,0.8540335495946868,0.0,0
td3_verified,td3,synthetic_rough_heston,20,True,301461638,8.792003411477708,5.432777735180384,20.67114090596772,18.3281905170623,2.3429503889054084,0.0,0
td3_verified,td3,synthetic_rough_heston,20,True,1387055752,-27.33878793592521,-31.720537817221015,20.6076297471094,20.93262974710967,-0.3250000000002693,0.0,0
td3_verified,td3,synthetic_rough_heston,20,True,1027367132,-9.94641792472612,-13.645785564646353,20.974694805053645,19.233740249676433,1.7409545553772032,0.0,0
td3_verified,td3,synthetic_rough_heston,20,True,1111389845,-22.089193595129473,-25.315027408173012,20.92060637351551,17.96060637351518,2.960000000000342,0.0,0
td3_verified,td3,synthetic_rough_heston,20,True,180210118,2.522393035585992,-1.1091282224994194,20.586550732190048,19.05655073219026,1.5299999999997809,0.0,0
td3_verified,td3,synthetic_rough_heston,20,True,1769597788,8.19380267788074,3.940686187024877,20.052392945877003,20.623085343507316,-0.5706923976303052,0.0,0
td3_verified,td3,synthetic_rough_heston,20,True,1541083806,-12.60139027738478,-15.36803635541007,20.571231386347534,16.633238043223237,3.9379933431243104,0.0,0
td3_verified,td3,synthetic_rough_heston,20,True,2073530583,2.1200019941516075,-1.2922823257981952,20.63486942016364,18.472369420163194,2.1625000000004597,0.0,0
td3_verified,td3,synthetic_rough_heston,20,True,583456263,7.114542796398382,2.592399844146236,20.175303632696455,21.265330828021806,-1.0900271953253446,0.0,0
td3_verified,td3,synthetic_rough_heston,20,True,269688897,19.81548626241056,16.530934672361745,20.50117205716424,18.12333189578785,2.3778401613764193,0.0,0
td3_verified,td3,synthetic_rough_heston,20,True,977455710,-6.117530203284332,-10.453160555785535,20.584676525284564,20.82217652528478,-0.2375000000001925,0.0,0
td3_verified,td3,synthetic_rough_heston,20,True,2018195485,-7.057267356916782,-9.62118242517438,20.91472991421766,16.01222991421744,4.902500000000217,0.0,0
td3_verified,td3,synthetic_rough_heston,20,True,1266812912,12.118706845625638,9.863526350597676,20.13225838836047,15.017258388360911,5.1149999999995295,0.0,0
td3_verified,td3,synthetic_rough_heston,20,True,1737039599,-34.73071394041047,-40.29368200298439,20.205945099940195,23.58594509994018,-3.3799999999999955,0.003,1
td3_verified,td3,synthetic_rough_heston,20,True,476600210,-9.705429756851794,-12.964087682575236,20.497745764679053,18.051753171710057,2.4459925929690076,0.019,4
td3_verified,td3,synthetic_rough_heston,20,True,392787174,9.767500302139524,7.846567197569913,20.75762768281024,13.859773102650747,6.897854580159459,0.0,0
td3_verified,td3,synthetic_rough_heston,20,True,369185566,5.584453685953122,0.2202949079918061,20.538449171095124,23.160653656495352,-2.622204485400208,0.0,0
td3_verified,td3,synthetic_rough_heston,20,True,1749636134,-12.53772490382522,-16.540940667708945,20.488037794555694,20.008037794555783,0.4799999999999045,0.4350000000000001,29
td3_verified,td3,synthetic_rough_heston,20,True,510732936,5.674873404799655,1.994618458553812,20.372583139795665,19.183990581330683,1.1885925584649903,0.0,0
td3_verified,td3,synthetic_rough_heston,20,True,569417501,-14.244008954132369,-16.334382098463596,20.48741793370624,14.458122783858313,6.029295149847914,0.0,0
td3_verified,td3,synthetic_rough_heston,20,True,1908420144,-5.084966073091374,-10.11261081423373,20.942200286351465,22.422410087103383,-1.4802098007519018,0.007,1
td3_verified,td3,synthetic_rough_heston,20,True,2034989486,1.538324471697837,-1.8509636653377428,20.81971244862018,18.410019383573665,2.4096930650464956,0.081,12
td3_verified,td3,synthetic_rough_heston,20,True,564294971,-0.1215734172147495,-4.191245279512548,20.893427726338075,20.173427726337927,0.720000000000141,0.33,25
td3_verified,td3,synthetic_rough_heston,20,True,1129817345,0.971285578840252,-1.7278525243103862,20.365261915659715,16.429053847226378,3.936208068433346,0.0,0
td3_verified,td3,synthetic_rough_heston,20,True,1190000565,14.092776416237667,11.125839992371064,20.08229731046656,17.224797310466688,2.857499999999881,0.021,1
td3_verified,td3,synthetic_rough_heston,20,True,1455278866,10.934036706549248,6.711400653677612,20.99905363483107,20.549053634831058,0.4500000000000383,0.154,14
td3_verified,td3,synthetic_rough_heston,20,True,1760722551,-3.7106272576093033,-6.9403327759032,20.756381466915073,17.971381466915382,2.7849999999996875,0.0,0
td3_verified,td3,synthetic_rough_heston,20,True,328726188,8.685146924965345,4.653424300734447,20.079149942741353,20.079149942741346,0.0,0.082,6
td3_verified,td3,synthetic_rough_heston,20,True,232867167,2.175391851571476,-1.001938595556175,20.45006787400132,17.825067874001633,2.6249999999996874,0.0,0
td3_verified,td3,synthetic_rough_heston,20,True,628415013,16.00486024629754,13.57498276163429,20.242279087305803,15.58806429504077,4.654214792265036,0.0,0
td3_verified,td3,synthetic_rough_heston,20,True,55294341,10.093257022021136,6.411152380080772,20.57631091141488,19.18881091141492,1.387499999999953,0.0,0
td3_verified,td3,synthetic_rough_heston,20,True,587962707,-8.809702959652684,-14.432469628195411,20.97487370771394,23.712373707713716,-2.7374999999997627,0.068,5
td3_verified,td3,synthetic_rough_heston,20,True,829705679,17.435827286983113,14.453012124422896,20.14582847624908,17.27082847624924,2.8749999999998437,0.0,0
td3_verified,td3,synthetic_rough_heston,20,True,379368625,3.0250637344270217,-0.4939447788797508,20.906520532284645,18.759020532284655,2.147499999999983,0.0,0
td3_verified,td3,synthetic_rough_heston,20,True,205709869,8.573276276822071,5.236713424319687,20.193760844799144,18.266260844799035,1.927500000000112,0.0,0
td3_verified,td3,synthetic_rough_heston,20,True,865592973,-23.70828512209024,-26.54759685679663,20.790027975938287,16.85025737105043,3.939770604887858,0.0849999999999999,9
td3_verified,td3,synthetic_rough_heston,20,True,675392413,4.14705185522871,0.6389568267059462,20.594909312441573,18.72990931244133,1.865000000000251,0.0,0
td3_verified,td3,synthetic_rough_heston,20,True,1422536529,15.544768665486115,12.513410798102305,20.32829512079725,17.410795120797363,2.9174999999998867,0.0,0
td3_verified,td3,synthetic_rough_heston,20,True,1001327361,16.58872946075826,11.10579362162222,20.561989625499137,23.415669623429608,-2.853679997930474,0.0,0
td3_verified,td3,synthetic_rough_heston,20,True,1177952687,16.145306024753154,13.041803623178046,20.091760206050964,17.616760206051246,2.4749999999997243,0.0,0
td3_verified,td3,synthetic_rough_heston,20,True,1810240606,-1.795504208343118,-4.188656226918406,20.327315831403126,15.46981583140306,4.857500000000066,0.0,0
td3_verified,td3,synthetic_rough_heston,20,True,1181369059,4.721901900151352,1.5503338719350803,20.17515885323904,17.808896732297235,2.3662621209418133,0.0,0
td3_verified,td3,synthetic_rough_heston,20,True,1322332359,-2.4539365452965285,-6.20207878354697,20.75528178055849,19.36011941660082,1.3951623639576565,0.0,0
td3_verified,td3,synthetic_rough_heston,20,True,38137826,15.272801850118412,12.193429182549847,20.29564140462901,17.548141404629053,2.7474999999999703,0.0,0
td3_verified,td3,synthetic_rough_heston,20,True,440852670,27.09836316286828,23.11301405027746,20.843339181085824,19.963339181085956,0.8799999999998818,0.4040000000000001,22
td3_verified,td3,synthetic_rough_heston,20,True,1945446605,19.571825837218785,15.636795324636507,20.35441133362825,19.836911333628223,0.5175000000000196,0.075,3
td3_verified,td3,synthetic_rough_heston,20,True,1154827508,16.831505895130526,12.70856867529534,20.84001716284736,20.305017162847182,0.535000000000192,0.046,2
td3_verified,td3,synthetic_rough_heston,20,True,993215842,1.1683596662387572,-1.9364346752504709,20.626015506625095,17.62042661654146,3.005588890083594,0.0,0
td3_verified,td3,synthetic_rough_heston,20,True,203881053,29.022006240152987,25.36944289448899,20.828617925467995,19.111680579331573,1.716937346136424,0.035,4
td3_verified,td3,synthetic_rough_heston,20,True,1698224781,1.2460828002367634,-1.804907229795852,20.843045604050815,17.467083414332844,3.3759621897179897,0.0,0
td3_verified,td3,synthetic_rough_heston,20,True,1641320225,-44.184509021532186,-48.42936170912231,20.58804027950761,20.603040279507603,-0.0150000000000076,0.133,11
td3_verified,td3,synthetic_rough_heston,20,True,835891747,22.16350418887254,18.06790495507046,20.957586896174405,20.23758689617436,0.7200000000000273,0.4350000000000001,29
td3_verified,td3,synthetic_rough_heston,20,True,2098874635,-31.190768721346103,-36.04538976704418,20.178204591475776,22.03320459147529,-1.8549999999994995,0.0,0
td3_verified,td3,synthetic_rough_heston,20,True,626392803,4.566819912353822,0.8473256879155762,20.855990315351292,19.28599031535131,1.5699999999999503,0.0,0
sac_verified,sac,synthetic_rough_heston,0,False,401058792,-10.95106423786092,-10.951236274063794,0.1311625719762759,0.1311625719762768,0.0,0.0,0
sac_verified,sac,synthetic_rough_heston,0,False,1822668597,-1.729438507984014,-1.7308029117706545,0.3693783678886149,0.3693783678886184,0.0,0.0,0
sac_verified,sac,synthetic_rough_heston,0,False,1465431171,2.410649434074003,2.4102958333189135,0.1880427491527854,0.1880427491528085,0.0,0.0,0
sac_verified,sac,synthetic_rough_heston,0,False,157564097,-2.5006369323527906,-2.508339753018028,0.8776571463411642,0.8776571463411651,0.0,0.0,0
sac_verified,sac,synthetic_rough_heston,0,False,245238582,-1.1110456378046365,-1.1178570188949095,0.8253109165807189,0.825310916580726,0.0,0.0,0
sac_verified,sac,synthetic_rough_heston,0,False,1117977144,9.008143452951115,9.001879047256391,0.7914799867795779,0.7914799867795903,0.0,0.0,0
sac_verified,sac,synthetic_rough_heston,0,False,523826546,-0.0619292836654494,-0.062116184674817,0.1367117439606175,0.1367117439606389,0.0,0.0,0
sac_verified,sac,synthetic_rough_heston,0,False,1124484429,-1.676408708353847,-1.6790898908378238,0.517801359980524,0.5178013599805205,0.0,0.0,0
sac_verified,sac,synthetic_rough_heston,0,False,171768458,16.35806841136764,16.354401438736573,0.6055553344712479,0.6055553344712195,0.0,0.0,0
sac_verified,sac,synthetic_rough_heston,0,False,1868865057,3.0939363025572675,3.0923796722273473,0.3945415478654155,0.3945415478654048,0.0,0.0,0
sac_verified,sac,synthetic_rough_heston,0,False,301461638,12.09526830386676,12.095005440982428,0.162130467319244,0.1621304673192334,0.0,0.0,0
sac_verified,sac,synthetic_rough_heston,0,False,1387055752,-13.374309757737135,-13.374882519811798,0.2393244815435053,0.2393244815434982,0.0,0.0,0
sac_verified,sac,synthetic_rough_heston,0,False,1027367132,-16.35739901960187,-16.36645695354624,0.9517317870267163,0.9517317870267136,0.0,0.0,0
sac_verified,sac,synthetic_rough_heston,0,False,1111389845,-15.823595097146608,-15.823615188347786,0.044823209587264,0.0448232095872698,0.0,0.0,0
sac_verified,sac,synthetic_rough_heston,0,False,180210118,5.055617969164814,5.0523544587660885,0.5712714239943892,0.5712714239943857,0.0,0.0,0
sac_verified,sac,synthetic_rough_heston,0,False,1769597788,8.378346297738972,8.376114536054823,0.4724152499812106,0.4724152499812231,0.0,0.0,0
sac_verified,sac,synthetic_rough_heston,0,False,1541083806,-12.650057162185476,-12.656954685769342,0.8305133101802369,0.8305133101802511,0.0,0.0,0
sac_verified,sac,synthetic_rough_heston,0,False,2073530583,0.0482486329092353,0.0479236739284669,0.1802661867262713,0.1802661867262962,0.0,0.0,0
sac_verified,sac,synthetic_rough_heston,0,False,583456263,22.278011138881993,22.27635300285428,0.4072021644974768,0.4072021644974848,0.0,0.0,0
sac_verified,sac,synthetic_rough_heston,0,False,269688897,17.585855232406175,17.584489088275213,0.3696138702702711,0.3696138702702898,0.0,0.0,0
sac_verified,sac,synthetic_rough_heston,0,False,977455710,-10.510118878099092,-10.51285466990219,0.5230479713274576,0.5230479713274807,0.0,0.0,0
sac_verified,sac,synthetic_rough_heston,0,False,2018195485,-10.593803642588682,-10.595249963804145,0.3803053004447037,0.3803053004446926,0.0,0.0,0
sac_verified,sac,synthetic_rough_heston,0,False,1266812912,12.473925891928957,12.473430732476873,0.2225217859187722,0.2225217859187558,0.0,0.0,0
sac_verified,sac,synthetic_rough_heston,0,False,1737039599,-20.990948260929144,-20.99274153411421,0.42347056391975,0.42347056391975,0.0,0.0,0
sac_verified,sac,synthetic_rough_heston,0,False,476600210,-1.7380626689609926,-1.7413145155757446,0.5702496483779527,0.5702496483779669,0.0,0.0,0
sac_verified,sac,synthetic_rough_heston,0,False,392787174,3.314107974723811,3.309875987433152,0.6505372618581902,0.6505372618581511,0.0,0.0,0
sac_verified,sac,synthetic_rough_heston,0,False,369185566,3.252073289011605,3.2518709555578895,0.14224396427106,0.1422439642710902,0.0,0.0,0
sac_verified,sac,synthetic_rough_heston,0,False,1749636134,-18.85796707309601,-18.864410849160027,0.802731341360257,0.8027313413602446,0.0,0.0,0
sac_verified,sac,synthetic_rough_heston,0,False,510732936,5.814335114137066,5.810889558004434,0.5869885972172852,0.5869885972172959,0.0,0.0,0
sac_verified,sac,synthetic_rough_heston,0,False,569417501,-12.25236136122112,-12.261566211365889,0.9594191026224764,0.959419102622456,0.0,0.0,0
sac_verified,sac,synthetic_rough_heston,0,False,1908420144,-5.1790690001489565,-5.1790916750051865,0.0476181228421239,0.0476181228421275,0.0,0.0,0
sac_verified,sac,synthetic_rough_heston,0,False,2034989486,-19.150642243652328,-19.15821483238605,0.8702062246227911,0.8702062246227626,0.0,0.0,0
sac_verified,sac,synthetic_rough_heston,0,False,564294971,0.027543797297767,0.0275055382719713,0.0618538808771518,0.0618538808771327,0.0,0.0,0
sac_verified,sac,synthetic_rough_heston,0,False,1129817345,1.9707039833974704,1.9684451522884352,0.4752716180285716,0.4752716180285734,0.0,0.0,0
sac_verified,sac,synthetic_rough_heston,0,False,1190000565,9.354962166282348,9.354489101041596,0.2175006300571738,0.2175006300571871,0.0,0.0,0
sac_verified,sac,synthetic_rough_heston,0,False,1455278866,0.0501079669029422,0.0482750255513029,0.4281286432416209,0.4281286432416431,0.0,0.0,0
sac_verified,sac,synthetic_rough_heston,0,False,1760722551,-4.0622759203506575,-4.069039473023713,0.8224082120854064,0.8224082120853957,0.0,0.0,0
sac_verified,sac,synthetic_rough_heston,0,False,328726188,2.928956267571266,2.9245821772460547,0.6613690592408403,0.6613690592408297,0.0,0.0,0
sac_verified,sac,synthetic_rough_heston,0,False,232867167,0.7356894801323506,0.7345172847774425,0.3423733860725946,0.3423733860725946,0.0,0.0,0
sac_verified,sac,synthetic_rough_heston,0,False,628415013,15.222543755337028,15.222172575756638,0.1926602139496367,0.1926602139496456,0.0,0.0,0
sac_verified,sac,synthetic_rough_heston,0,False,55294341,7.316587994489964,7.315789250644517,0.2826205663866687,0.2826205663866594,0.0,0.0,0
sac_verified,sac,synthetic_rough_heston,0,False,587962707,5.908358363221851,5.907672067148309,0.2619725316787509,0.2619725316787797,0.0,0.0,0
sac_verified,sac,synthetic_rough_heston,0,False,829705679,10.631464154521382,10.62638535965313,0.7126566402028516,0.712656640202864,0.0,0.0,0
sac_verified,sac,synthetic_rough_heston,0,False,379368625,-3.4147252193688473,-3.4147262205482845,0.0100058954475485,0.0100058954475565,0.0,0.0,0
sac_verified,sac,synthetic_rough_heston,0,False,205709869,10.433392436030772,10.432038107228385,0.3680120653439047,0.3680120653438967,0.0,0.0,0
sac_verified,sac,synthetic_rough_heston,0,False,865592973,-21.03959026546545,-21.046322512753022,0.8205027292809461,0.8205027292809461,0.0,0.0,0
sac_verified,sac,synthetic_rough_heston,0,False,675392413,4.539891142007036,4.531829009801544,0.8978937690780668,0.897893769078081,0.0,0.0,0
sac_verified,sac,synthetic_rough_heston,0,False,1422536529,13.141558250299568,13.137040472853991,0.6721441397180854,0.6721441397180872,0.0,0.0,0
sac_verified,sac,synthetic_rough_heston,0,False,1001327361,16.691612633587283,16.690352121099167,0.3550369682321701,0.355036968232163,0.0,0.0,0
sac_verified,sac,synthetic_rough_heston,0,False,1177952687,16.08943779317815,16.086955263234053,0.4982499316705286,0.4982499316705393,0.0,0.0,0
sac_verified,sac,synthetic_rough_heston,0,False,1810240606,-1.1446033743668522,-1.1537423584313098,0.95598033789706,0.9559803378970528,0.0,0.0,0
sac_verified,sac,synthetic_rough_heston,0,False,1181369059,5.403707248364299,5.40226249838411,0.3800986687937779,0.3800986687937771,0.0,0.0,0
sac_verified,sac,synthetic_rough_heston,0,False,1322332359,0.5272414593309804,0.5203348528172669,0.8310599565442658,0.8310599565442658,0.0,0.0,0
sac_verified,sac,synthetic_rough_heston,0,False,38137826,8.804599088241957,8.800340988519118,0.6525411652026634,0.652541165202678,0.0,0.0,0
sac_verified,sac,synthetic_rough_heston,0,False,440852670,20.10540032439349,20.09792445136799,0.8646313101834835,0.8646313101834959,0.0,0.0,0
sac_verified,sac,synthetic_rough_heston,0,False,1945446605,11.657631886728268,11.654163940752284,0.5888926876759939,0.5888926876759886,0.0,0.0,0
sac_verified,sac,synthetic_rough_heston,0,False,1154827508,3.9072261071942194,3.903990241693135,0.5688466841851181,0.5688466841851323,0.0,0.0,0
sac_verified,sac,synthetic_rough_heston,0,False,993215842,-2.6269448400944384,-2.6275812930901985,0.2522802005232449,0.2522802005232041,0.0,0.0,0
sac_verified,sac,synthetic_rough_heston,0,False,203881053,22.73053286512368,22.72316608657923,0.8582993967402643,0.858299396740259,0.0,0.0,0
sac_verified,sac,synthetic_rough_heston,0,False,1698224781,2.660103815300318,2.6594340354786197,0.2588010474664912,0.2588010474665143,0.0,0.0,0
sac_verified,sac,synthetic_rough_heston,0,False,1641320225,-25.61958565671921,-25.62353845666913,0.6287129670940743,0.6287129670940601,0.0,0.0,0
sac_verified,sac,synthetic_rough_heston,0,False,835891747,12.108104188873767,12.09893446223652,0.957586896174405,0.9575868961743872,0.0,0.0,0
sac_verified,sac,synthetic_rough_heston,0,False,2098874635,-20.653340846300125,-20.657335711234012,0.6320494390383402,0.63204943903835,0.0,0.0,0
sac_verified,sac,synthetic_rough_heston,0,False,626392803,-0.7841276793351426,-0.7842019882373631,0.0862026114572813,0.0862026114572449,0.0,0.0,0
sac_verified,sac,synthetic_rough_heston,0,True,401058792,-10.995209776479255,-11.00573888325433,0.1311625719762759,-1.026114358883637,1.1572769308599138,0.0209999999999999,6
sac_verified,sac,synthetic_rough_heston,0,True,1822668597,-2.010438507984014,-2.011802911770655,0.3693783678886149,0.3693783678886184,0.0,0.281,19
sac_verified,sac,synthetic_rough_heston,0,True,1465431171,2.2336494340740463,2.232605867896244,0.1880427491527854,0.3230427491528136,-0.1350000000000051,0.204,9
sac_verified,sac,synthetic_rough_heston,0,True,157564097,-2.294759595463256,-2.383357619857234,0.8776571463411642,2.9765420271512713,-2.098884880810106,0.025,2
sac_verified,sac,synthetic_rough_heston,0,True,245238582,-1.029380789490926,-1.0302755256432723,0.8253109165807189,-0.2991214055106188,1.1244323220913448,0.087,4
sac_verified,sac,synthetic_rough_heston,0,True,1117977144,8.94154345295053,8.94124939909187,0.7914799867795779,0.1714799867796035,0.6199999999999868,0.2029999999999999,9
sac_verified,sac,synthetic_rough_heston,0,True,523826546,0.2424113984244031,0.2285512702387371,0.1367117439606175,-1.177290456330383,1.314002200291022,0.103,5
sac_verified,sac,synthetic_rough_heston,0,True,1124484429,-1.443558708354831,-1.4694700054716343,0.517801359980524,-1.6096986400194204,2.127499999999941,0.065,3
sac_verified,sac,synthetic_rough_heston,0,True,171768458,16.16866041311747,16.168535980351272,0.6055553344712479,-0.1115494357657819,0.7171047702370014,0.3400000000000001,19
sac_verified,sac,synthetic_rough_heston,0,True,1868865057,3.086436678383747,3.084912071006177,0.3945415478654155,-0.3904622104083753,0.7850037582737802,0.086,4
sac_verified,sac,synthetic_rough_heston,0,True,301461638,12.404418303866564,12.384243807772878,0.162130467319244,-1.4203695326811143,1.5825000000003475,0.039,2
sac_verified,sac,synthetic_rough_heston,0,True,1387055752,-13.829309757736803,-13.840111711516162,0.2393244815435053,1.0393244815435665,-0.8000000000000682,0.287,18
sac_verified,sac,synthetic_rough_heston,0,True,1027367132,-16.747994282753613,-16.75382265744397,0.9517317870267163,0.7634379274281542,0.1882938595985594,0.3680000000000001,19
sac_verified,sac,synthetic_rough_heston,0,True,1111389845,-14.586095097146462,-14.716068094047788,0.044823209587264,-3.6051767904130094,3.6500000000002792,0.04,2
sac_verified,sac,synthetic_rough_heston,0,True,180210118,5.007117969165134,5.00709655871835,0.5712714239943892,0.0462714239944439,0.5249999999999417,0.059,3
sac_verified,sac,synthetic_rough_heston,0,True,1769597788,8.035219762885768,8.029788470822714,0.4724152499812106,0.7369730024264702,-0.2645577524452471,0.3590000000000001,26
sac_verified,sac,synthetic_rough_heston,0,True,1541083806,-12.96105716218667,-12.961588526048372,0.8305133101802369,0.2305133101801715,0.6000000000000796,0.323,19
sac_verified,sac,synthetic_rough_heston,0,True,2073530583,0.0469986329098319,0.0445510174498682,0.1802661867262713,-0.4947338132737293,0.6750000000000256,0.089,4
sac_verified,sac,synthetic_rough_heston,0,True,583456263,22.812011138881164,22.802932901727782,0.4072021644974768,-0.9527978355025288,1.3600000000000136,0.078,4
sac_verified,sac,synthetic_rough_heston,0,True,269688897,17.645813088258407,17.63680075853189,0.3696138702702711,0.9493329092851518,-0.579719039014862,0.027,5
sac_verified,sac,synthetic_rough_heston,0,True,977455710,-10.729118878099689,-10.732402717874114,0.5230479713274576,0.5730479713274921,-0.0500000000000113,0.2249999999999999,12
sac_verified,sac,synthetic_rough_heston,0,True,2018195485,-10.650914339300884,-10.651639217541264,0.3803053004447037,0.269235629213639,0.1110696712310535,0.056,4
sac_verified,sac,synthetic_rough_heston,0,True,1266812912,12.54242589192836,12.520225541144002,0.2225217859187722,-1.489978214080916,1.7124999999996715,0.0,0
sac_verified,sac,synthetic_rough_heston,0,True,1737039599,-20.685109872054788,-20.702838433238448,0.42347056391975,-1.33148643191204,1.75495699583179,0.1679999999999999,17
sac_verified,sac,synthetic_rough_heston,0,True,476600210,-2.2171033533815647,-2.22643277136134,0.5702496483779527,0.965889123024756,-0.395639474646789,0.3920000000000001,27
sac_verified,sac,synthetic_rough_heston,0,True,392787174,3.486103125951704,3.4859590378286147,0.6505372618581902,-0.1200367123380455,0.7705739741961967,0.09,4
sac_verified,sac,synthetic_rough_heston,0,True,369185566,2.860073289012638,2.8595454661214483,0.14224396427106,0.2297439642710994,-0.0875000000000092,0.4060000000000001,22
sac_verified,sac,synthetic_rough_heston,0,True,1749636134,-18.596718401140564,-18.644039619150135,0.802731341360257,2.1753440649600764,-1.3726127235998318,0.027,2
sac_verified,sac,synthetic_rough_heston,0,True,510732936,6.1204757192871915,5.988904917685717,0.5869885972172852,-3.627268967163512,4.214257564380808,0.031,2
sac_verified,sac,synthetic_rough_heston,0,True,569417501,-12.129376743427914,-12.130020947130523,0.9594191026224764,-0.2538116826728096,1.2132307852952655,0.059,3
sac_verified,sac,synthetic_rough_heston,0,True,1908420144,-5.276369000150604,-5.3196379142003565,0.0476181228421239,2.0801181228418884,-2.032499999999761,0.016,1
sac_verified,sac,synthetic_rough_heston,0,True,2034989486,-19.25851724365393,-19.258520378757833,0.8702062246227911,0.017706224622767,0.8524999999999956,0.321,15
sac_verified,sac,synthetic_rough_heston,0,True,564294971,0.2702594927699683,0.2537300378284551,0.0618538808771518,1.2856692786837995,-1.2238153978066668,0.051,3
sac_verified,sac,synthetic_rough_heston,0,True,1129817345,1.9383714249236073,1.913468148038565,0.4752716180285716,-1.578077212465932,2.0533488304945053,0.1349999999999999,14
sac_verified,sac,synthetic_rough_heston,0,True,1190000565,9.14994169813559,9.149932850617276,0.2175006300571738,0.0297447782227025,0.1877558518344846,0.19,8
sac_verified,sac,synthetic_rough_heston,0,True,1455278866,0.9631329669011756,0.8471499023444876,0.4281286432416209,3.4056286432417737,-2.9775000000001306,0.01,1
sac_verified,sac,synthetic_rough_heston,0,True,1760722551,-3.904825920351432,-3.9341556266717497,0.8224082120854064,-1.7125917879143842,2.53499999999978,0.02,1
sac_verified,sac,synthetic_rough_heston,0,True,328726188,2.6955562675718827,2.6907763558111273,0.6613690592408403,0.6913690592408308,-0.0300000000000011,0.24,10
sac_verified,sac,synthetic_rough_heston,0,True,232867167,0.6924528501681634,0.6872874039283549,0.3423733860725946,0.7187103895038999,-0.3763370034313053,0.047,6
sac_verified,sac,synthetic_rough_heston,0,True,628415013,15.142093755337555,15.141179661875263,0.1926602139496367,-0.302339786050295,0.4949999999999406,0.125,5
sac_verified,sac,synthetic_rough_heston,0,True,55294341,6.8816379944912915,6.881630365534416,0.2826205663866687,0.0276205663866497,0.2550000000000096,0.4120000000000001,28
sac_verified,sac,synthetic_rough_heston,0,True,587962707,5.868358363221851,5.839581166347434,0.2619725316787509,1.6963842982772612,-1.4344117665984817,0.04,5
sac_verified,sac,synthetic_rough_heston,0,True,829705679,10.337964154520552,10.337699582694531,0.7126566402028516,0.1626566402029379,0.5499999999999261,0.3430000000000001,16
sac_verified,sac,synthetic_rough_heston,0,True,379368625,-3.8034752193690946,-3.803487473496256,0.0100058954475485,0.0350058954475551,-0.0249999999999985,0.392,22
sac_verified,sac,synthetic_rough_heston,0,True,205709869,10.59689243603022,10.595132734756998,0.3680120653439047,-0.4194879346561366,0.7875000000000334,0.0569999999999999,3
sac_verified,sac,synthetic_rough_heston,0,True,865592973,-20.30009026546577,-20.504213752083615,0.8205027292809461,4.518002729280319,-3.6974999999993727,0.0,0
sac_verified,sac,synthetic_rough_heston,0,True,675392413,4.6190661420056855,4.618443109300535,0.8978937690780668,-0.2496062309219624,1.1475000000000437,0.07,3
sac_verified,sac,synthetic_rough_heston,0,True,1422536529,13.038058250298665,13.032249613401596,0.6721441397180854,0.7621441397183428,-0.0900000000002556,0.108,5
sac_verified,sac,synthetic_rough_heston,0,True,1001327361,17.0945786568084,17.031584328997912,0.3550369682321701,2.5098670843391395,-2.1548301161069765,0.028,2
sac_verified,sac,synthetic_rough_heston,0,True,1177952687,15.763231310973715,15.763221127137507,0.4982499316705286,-0.0319121234156413,0.5301620550861806,0.305,16
sac_verified,sac,synthetic_rough_heston,0,True,1810240606,-1.1059356227881945,-1.1069010512780484,0.95598033789706,-0.310713451568138,1.2666937894651908,0.012,1
sac_verified,sac,synthetic_rough_heston,0,True,1181369059,5.250007248365233,5.250007190701318,0.3800986687937779,-0.002401331206177,0.3824999999999541,0.169,7
sac_verified,sac,synthetic_rough_heston,0,True,1322332359,0.351230034489141,0.3472620742696453,0.8310599565442658,0.629917472332346,0.2011424842119198,0.174,15
sac_verified,sac,synthetic_rough_heston,0,True,38137826,8.606690174374613,8.606261289029964,0.6525411652026634,0.2070954718600146,0.4454456933426634,0.189,8
sac_verified,sac,synthetic_rough_heston,0,True,440852670,21.673214666175145,21.47453130504968,0.8646313101834835,4.457391177869221,-3.592759867685725,0.013,1
sac_verified,sac,synthetic_rough_heston,0,True,1945446605,11.666071618956746,11.659879632988126,0.5888926876759939,0.7868917313468415,-0.1979990436708529,0.047,2
sac_verified,sac,synthetic_rough_heston,0,True,1154827508,3.5588261071946325,3.555179799014619,0.5688466841851181,0.6038466841851253,-0.034999999999993,0.354,17
sac_verified,sac,synthetic_rough_heston,0,True,993215842,-2.361749266265964,-2.4262487846369254,0.2522802005232449,-2.539675537759916,2.79195573828312,0.014,1
sac_verified,sac,synthetic_rough_heston,0,True,203881053,22.138232865125463,21.97068186561189,0.8582993967402643,4.0932993967406315,-3.2350000000003725,0.01,3
sac_verified,sac,synthetic_rough_heston,0,True,1698224781,2.466272491945318,2.4648486102977247,0.2588010474664912,-0.3773435632938918,0.6361446107604062,0.2319999999999999,12
sac_verified,sac,synthetic_rough_heston,0,True,1641320225,-25.68158565671963,-25.687456479829063,0.6287129670940743,0.7662129670941518,-0.1375000000000916,0.051,5
sac_verified,sac,synthetic_rough_heston,0,True,835891747,12.001842134461738,11.994208749342109,0.957586896174405,0.8736924584559733,0.0838944377184139,0.092,5
sac_verified,sac,synthetic_rough_heston,0,True,2098874635,-20.649865846300163,-20.73864299489688,0.6320494390383402,2.9795494390379735,-2.3474999999996236,0.02,3
sac_verified,sac,synthetic_rough_heston,0,True,626392803,-1.0670776793338157,-1.0673626049176042,0.0862026114572813,-0.1687973885427647,0.2550000000000096,0.26,12
sac_verified,sac,synthetic_rough_heston,10,False,401058792,-9.543646192185406,-10.722965366746266,10.85964628595636,10.859646285956366,0.0,0.0,0
sac_verified,sac,synthetic_rough_heston,10,False,1822668597,1.0864993017403322,-0.0474587320809407,10.648746563897888,10.648746563897898,0.0,0.0,0
sac_verified,sac,synthetic_rough_heston,10,False,1465431171,9.761240898867982,8.591629467403552,10.814857518545622,10.81485751854563,0.0,0.0,0
sac_verified,sac,synthetic_rough_heston,10,False,157564097,2.8025881489320454,1.73941024088235,10.311051876747086,10.311051876747085,0.0,0.0,0
sac_verified,sac,synthetic_rough_heston,10,False,245238582,-1.5110456378024535,-2.682919202208872,10.82531091658072,10.825310916580726,0.0,0.0,0
sac_verified,sac,synthetic_rough_heston,10,False,1117977144,7.391647334799927,6.204728443015982,10.89458072522271,10.894580725222724,0.0,0.0,0
sac_verified,sac,synthetic_rough_heston,10,False,523826546,-3.355518698212109,-4.409203683454026,10.26491590438964,10.264915904389657,0.0,0.0,0
sac_verified,sac,synthetic_rough_heston,10,False,1124484429,-2.4952159097119875,-3.5978758051829742,10.500761379400004,10.500761379400004,0.0,0.0,0
sac_verified,sac,synthetic_rough_heston,10,False,171768458,18.258068411367276,17.133290371841966,10.605555334471248,10.60555533447122,0.0,0.0,0
sac_verified,sac,synthetic_rough_heston,10,False,1868865057,4.9721064600671525,3.816511464058891,10.74986044564423,10.74986044564422,0.0,0.0,0
sac_verified,sac,synthetic_rough_heston,10,False,301461638,10.007236937903144,8.883151978591759,10.602287297142013,10.602287297142,0.0,0.0,0
sac_verified,sac,synthetic_rough_heston,10,False,1387055752,-19.3565526448765,-20.421019219041277,10.317298939958931,10.317298939958924,0.0,0.0,0
sac_verified,sac,synthetic_rough_heston,10,False,1027367132,-13.617992991068604,-14.74592101392229,10.620395580455964,10.620395580455964,0.0,0.0,0
sac_verified,sac,synthetic_rough_heston,10,False,1111389845,-19.452911721244163,-20.57447014987668,10.590365567970323,10.59036556797033,0.0,0.0,0
sac_verified,sac,synthetic_rough_heston,10,False,180210118,3.655617969165178,2.5381001739675746,10.57127142399439,10.571271423994386,0.0,0.0,0
sac_verified,sac,synthetic_rough_heston,10,False,1769597788,8.25553190753999,7.099078090937351,10.75385426999378,10.753854269993797,0.0,0.0,0
sac_verified,sac,synthetic_rough_heston,10,False,1541083806,-12.847769285835966,-13.896367647771928,10.240109188558293,10.240109188558304,0.0,0.0,0
sac_verified,sac,synthetic_rough_heston,10,False,2073530583,1.3956711096889194,0.1874040535929775,10.992120159896077,10.992120159896096,0.0,0.0,0
sac_verified,sac,synthetic_rough_heston,10,False,583456263,14.496409227331242,13.35640138257582,10.677114988401216,10.67711498840123,0.0,0.0,0
sac_verified,sac,synthetic_rough_heston,10,False,269688897,18.879825048954444,17.814134717822327,10.323227843713,10.32322784371302,0.0,0.0,0
sac_verified,sac,synthetic_rough_heston,10,False,977455710,-8.503432313034864,-9.618196720496991,10.558240419038214,10.558240419038237,0.0,0.0,0
sac_verified,sac,synthetic_rough_heston,10,False,2018195485,-8.850004760759475,-10.032278219866736,10.873239899437806,10.873239899437802,0.0,0.0,0
sac_verified,sac,synthetic_rough_heston,10,False,1266812912,12.214377519947448,11.1895784668456,10.123235911020998,10.123235911020974,0.0,0.0,0
sac_verified,sac,synthetic_rough_heston,10,False,1737039599,-27.488501704483497,-28.6792222703886,10.912014323236122,10.912014323236114,0.0,0.0,0
sac_verified,sac,synthetic_rough_heston,10,False,476600210,-6.136253278948061,-7.303525393949929,10.8040368150144,10.804036815014411,0.0,0.0,0
sac_verified,sac,synthetic_rough_heston,10,False,392787174,5.395522627499304,4.26943569971631,10.611724307495932,10.6117243074959,0.0,0.0,0
sac_verified,sac,synthetic_rough_heston,10,False,369185566,4.923465927746292,3.8044314812156985,10.578442449295594,10.578442449295617,0.0,0.0,0
sac_verified,sac,synthetic_rough_heston,10,False,1749636134,-14.95796707309637,-16.124957117432437,10.802731341360255,10.802731341360245,0.0,0.0,0
sac_verified,sac,synthetic_rough_heston,10,False,510732936,5.532442407455164,4.371164769897148,10.776259265431648,10.776259265431657,0.0,0.0,0
sac_verified,sac,synthetic_rough_heston,10,False,569417501,-14.099903379272291,-15.170116681311637,10.345111415733273,10.34511141573325,0.0,0.0,0
sac_verified,sac,synthetic_rough_heston,10,False,1908420144,-5.285341358119695,-6.394967961457972,10.533881541664854,10.533881541664863,0.0,0.0,0
sac_verified,sac,synthetic_rough_heston,10,False,2034989486,-8.207001906774167,-9.402155837855622,10.932309596244792,10.932309596244767,0.0,0.0,0
sac_verified,sac,synthetic_rough_heston,10,False,564294971,0.351226582784875,-0.6889857719922099,10.199080128997366,10.199080128997345,0.0,0.0,0
sac_verified,sac,synthetic_rough_heston,10,False,1129817345,1.3552195301672327,0.1761152946794606,10.858656618052578,10.858656618052583,0.0,0.0,0
sac_verified,sac,synthetic_rough_heston,10,False,1190000565,11.661067926075702,10.583174323487356,10.38216548985973,10.38216548985974,0.0,0.0,0
sac_verified,sac,synthetic_rough_heston,10,False,1455278866,5.1559578509022685,4.019507944831786,10.66044045089356,10.660440450893583,0.0,0.0,0
sac_verified,sac,synthetic_rough_heston,10,False,1760722551,-4.262275920349566,-5.4335211154397,10.822408212085406,10.822408212085396,0.0,0.0,0
sac_verified,sac,synthetic_rough_heston,10,False,328726188,5.7295961827639985,4.616369134690709,10.550957530353784,10.55095753035377,0.0,0.0,0
sac_verified,sac,synthetic_rough_heston,10,False,232867167,1.506816575285484,0.398465588883107,10.527824971960626,10.527824971960625,0.0,0.0,0
sac_verified,sac,synthetic_rough_heston,10,False,628415013,14.50411687167616,13.32833992108498,10.843324907938424,10.843324907938433,0.0,0.0,0
sac_verified,sac,synthetic_rough_heston,10,False,55294341,8.466307705317377,7.314368627178162,10.732842485284207,10.732842485284198,0.0,0.0,0
sac_verified,sac,synthetic_rough_heston,10,False,587962707,-1.219836600303097,-2.221207273849602,10.00685102090813,10.006851020908147,0.0,0.0,0
sac_verified,sac,synthetic_rough_heston,10,False,829705679,13.640611833858202,12.549865931748007,10.443878121225808,10.443878121225817,0.0,0.0,0
sac_verified,sac,synthetic_rough_heston,10,False,379368625,-0.0950642289481038,-1.1107779769476926,10.078262489137645,10.078262489137645,0.0,0.0,0
sac_verified,sac,synthetic_rough_heston,10,False,205709869,8.934292595587976,7.75250429060511,10.871008715767218,10.871008715767212,0.0,0.0,0
sac_verified,sac,synthetic_rough_heston,10,False,865592973,-21.83959026546654,-23.010423058610304,10.820502729280946,10.820502729280946,0.0,0.0,0
sac_verified,sac,synthetic_rough_heston,10,False,675392413,4.436767566092385,3.41330755690588,10.116620034312362,10.116620034312373,0.0,0.0,0
sac_verified,sac,synthetic_rough_heston,10,False,1422536529,14.584977153248474,13.394978312211387,10.908706802536614,10.908706802536612,0.0,0.0,0
sac_verified,sac,synthetic_rough_heston,10,False,1001327361,16.500662647733407,15.322281564694828,10.855326264274964,10.85532626427496,0.0,0.0,0
sac_verified,sac,synthetic_rough_heston,10,False,1177952687,16.159677868583458,15.134956461943242,10.122852397621015,10.12285239762102,0.0,0.0,0
sac_verified,sac,synthetic_rough_heston,10,False,1810240606,-1.5660863258890458,-2.6671281748033646,10.493054126012694,10.493054126012686,0.0,0.0,0
sac_verified,sac,synthetic_rough_heston,10,False,1181369059,4.66206246834372,3.5238165988645376,10.668860620887216,10.668860620887228,0.0,0.0,0
sac_verified,sac,synthetic_rough_heston,10,False,1322332359,-0.8522232431296288,-1.9634601285548376,10.541522116967784,10.54152211696778,0.0,0.0,0
sac_verified,sac,synthetic_rough_heston,10,False,38137826,12.540551931861046,11.35387629842901,10.89346424895237,10.893464248952384,0.0,0.0,0
sac_verified,sac,synthetic_rough_heston,10,False,440852670,23.905400324394577,22.724998189332386,10.864631310183483,10.864631310183496,0.0,0.0,0
sac_verified,sac,synthetic_rough_heston,10,False,1945446605,15.753225538008335,14.54808774416249,10.977876815877693,10.977876815877682,0.0,0.0,0
sac_verified,sac,synthetic_rough_heston,10,False,1154827508,10.080503426093856,9.010702219802974,10.343119482491147,10.343119482491158,0.0,0.0,0
sac_verified,sac,synthetic_rough_heston,10,False,993215842,-0.8715379088807822,-1.9832752590155376,10.5438956279677,10.54389562796766,0.0,0.0,0
sac_verified,sac,synthetic_rough_heston,10,False,203881053,25.657561124113272,24.530766080869675,10.615060260043734,10.615060260043732,0.0,0.0,0
sac_verified,sac,synthetic_rough_heston,10,False,1698224781,1.843525068852614,0.6678086891373529,10.843045604050817,10.843045604050833,0.0,0.0,0
sac_verified,sac,synthetic_rough_heston,10,False,1641320225,-35.12880688003497,-36.191488485344394,10.3086449415499,10.308644941549886,0.0,0.0,0
sac_verified,sac,synthetic_rough_heston,10,False,835891747,17.40810418887304,16.207417083000912,10.957586896174403,10.957586896174387,0.0,0.0,0
sac_verified,sac,synthetic_rough_heston,10,False,2098874635,-25.540753423683785,-26.656719403004928,10.563929095375189,10.56392909537519,0.0,0.0,0
sac_verified,sac,synthetic_rough_heston,10,False,626392803,1.8540584288184616,0.7136593291187427,10.67894704406632,10.67894704406628,0.0,0.0,0
sac_verified,sac,synthetic_rough_heston,10,True,401058792,-9.861946192183169,-9.867565887723652,10.85964628595636,0.7496462859564161,10.10999999999995,0.015,5
sac_verified,sac,synthetic_rough_heston,10,True,1822668597,0.9358493017401924,-0.0135566692745235,10.648746563897888,9.743746563897872,0.905000000000026,0.033,4
sac_verified,sac,synthetic_rough_heston,10,True,1465431171,9.671240898867836,8.463471216088495,10.814857518545622,10.989857518545636,-0.1750000000000078,0.125,6
sac_verified,sac,synthetic_rough_heston,10,True,157564097,2.8754511585062574,1.620890858954359,10.311051876747086,11.200715600138674,-0.8896637233915903,0.025,2
sac_verified,sac,synthetic_rough_heston,10,True,245238582,-1.4831805396029376,-2.4951247130502066,10.82531091658072,10.059543595249584,0.765767321331144,0.087,4
sac_verified,sac,synthetic_rough_heston,10,True,1117977144,7.533647334799141,6.5937983804205285,10.89458072522271,9.694580725222792,1.1999999999999318,0.122,6
sac_verified,sac,synthetic_rough_heston,10,True,523826546,-3.217818679058502,-4.131029441773372,10.26491590438964,9.556206165183283,0.7087097392063713,0.082,4
sac_verified,sac,synthetic_rough_heston,10,True,1124484429,-2.4655659097122844,-3.426605246440636,10.500761379400004,9.803261379399975,0.6975000000000264,0.068,3
sac_verified,sac,synthetic_rough_heston,10,True,171768458,18.09232569784089,17.130142826336392,10.605555334471248,9.809092065550717,0.7964632689205048,0.333,18
sac_verified,sac,synthetic_rough_heston,10,True,1868865057,4.991745501533471,4.046286807099035,10.74986044564423,9.723470030983975,1.0263904146602427,0.083,4
sac_verified,sac,synthetic_rough_heston,10,True,301461638,10.585712839316388,9.975874447344829,10.602287297142013,7.809215017987156,2.793072279154843,0.036,2
sac_verified,sac,synthetic_rough_heston,10,True,1387055752,-19.726752644876747,-20.944972323776938,10.317298939958931,11.037298939958951,-0.7200000000000273,0.2189999999999999,15
sac_verified,sac,synthetic_rough_heston,10,True,1027367132,-13.985399161702851,-15.01062510498394,10.620395580455964,10.12534415850192,0.4950514219540413,0.308,15
sac_verified,sac,synthetic_rough_heston,10,True,1111389845,-17.632036721243058,-17.911651943892274,10.590365567970323,5.287865567969909,5.302500000000421,0.035,2
sac_verified,sac,synthetic_rough_heston,10,True,180210118,3.601617969166808,2.5670703453611554,10.57127142399439,10.171271423994408,0.3999999999999772,0.062,3
sac_verified,sac,synthetic_rough_heston,10,True,1769597788,8.108181907539475,7.081738514098294,10.75385426999378,10.131354269993622,0.6225000000001728,0.11,5
sac_verified,sac,synthetic_rough_heston,10,True,1541083806,-12.943312757217615,-13.643426964692193,10.240109188558293,8.367282757709201,1.8728264308491027,0.1329999999999999,10
sac_verified,sac,synthetic_rough_heston,10,True,2073530583,1.7175211096888816,1.0699596810108498,10.992120159896077,8.047120159895911,2.945000000000185,0.061,3
sac_verified,sac,synthetic_rough_heston,10,True,583456263,14.702409227331708,13.694972454427818,10.677114988401216,10.037114988401244,0.6399999999999864,0.082,4
sac_verified,sac,synthetic_rough_heston,10,True,269688897,18.607825048954037,17.86077117337066,10.323227843713,8.64322784371311,1.679999999999911,0.02,2
sac_verified,sac,synthetic_rough_heston,10,True,977455710,-8.736717291483409,-9.790255088634952,10.558240419038214,10.264198931974882,0.294041487063353,0.1979999999999999,11
sac_verified,sac,synthetic_rough_heston,10,True,2018195485,-8.905339071605267,-9.873557446747071,10.873239899437806,9.839808814920168,1.0334310845176344,0.045,2
sac_verified,sac,synthetic_rough_heston,10,True,1266812912,12.361677519947987,11.946846729192751,10.123235911020998,6.44073591102163,3.682499999999344,0.0,0
sac_verified,sac,synthetic_rough_heston,10,True,1737039599,-27.21560655662883,-28.075930631862192,10.912014323236122,9.275365627474544,1.6366486957615702,0.1689999999999999,17
sac_verified,sac,synthetic_rough_heston,10,True,476600210,-6.554546718874931,-7.773745675597466,10.8040368150144,11.041734269228426,-0.237697454214012,0.366,25
sac_verified,sac,synthetic_rough_heston,10,True,392787174,5.843208958365852,5.022959124319538,10.611724307495932,9.056764510830092,1.5549597966658069,0.081,4
sac_verified,sac,synthetic_rough_heston,10,True,369185566,4.554865927746097,3.4300057753683877,10.578442449295594,10.605942449295627,-0.027500000000014,0.373,19
sac_verified,sac,synthetic_rough_heston,10,True,1749636134,-15.130667073097474,-16.177754980142044,10.802731341360255,10.23273134136029,0.5699999999999541,0.053,3
sac_verified,sac,synthetic_rough_heston,10,True,510732936,5.541442407453855,4.548677420459097,10.776259265431648,9.963759265431683,0.8124999999999716,0.056,3
sac_verified,sac,synthetic_rough_heston,10,True,569417501,-13.854886075786665,-14.549052113555948,10.345111415733273,8.331662725826602,2.0134486899066477,0.057,3
sac_verified,sac,synthetic_rough_heston,10,True,1908420144,-5.3299661617142995,-6.486603673944851,10.533881541664854,10.754708328125645,-0.2208267864607817,0.038,2
sac_verified,sac,synthetic_rough_heston,10,True,2034989486,-8.263876906775767,-9.27990252174125,10.932309596244792,10.079809596244772,0.8524999999999956,0.27,13
sac_verified,sac,synthetic_rough_heston,10,True,564294971,0.6248203252991515,-0.7086012299252427,10.199080128997366,11.547387389467776,-1.348307260470431,0.05,3
sac_verified,sac,synthetic_rough_heston,10,True,1129817345,1.3922034345142602,0.6073884283684687,10.858656618052578,8.858978531104992,1.999678086947593,0.063,7
sac_verified,sac,synthetic_rough_heston,10,True,1190000565,11.496667926075578,10.589951569912817,10.38216548985973,9.52216548985976,0.8599999999999817,0.087,4
sac_verified,sac,synthetic_rough_heston,10,True,1455278866,5.467807850902332,4.099974577498314,10.66044045089356,11.695440450893752,-1.0350000000001671,0.009,1
sac_verified,sac,synthetic_rough_heston,10,True,1760722551,-3.9517009203496127,-4.323789722308322,10.822408212085406,6.099908212085733,4.722499999999663,0.02,1
sac_verified,sac,synthetic_rough_heston,10,True,328726188,5.566299376795272,4.469601229794233,10.550957530353784,10.472335685037214,0.0786218453165565,0.146,6
sac_verified,sac,synthetic_rough_heston,10,True,232867167,1.4671165752855595,0.6646902930027225,10.527824971960626,8.957824971960754,1.5699999999998688,0.024,4
sac_verified,sac,synthetic_rough_heston,10,True,628415013,14.481766871675791,13.429434572507477,10.843324907938424,10.2583249079385,0.5849999999999298,0.075,3
sac_verified,sac,synthetic_rough_heston,10,True,55294341,8.301557705318643,7.289955750730757,10.732842485284207,10.057842485284237,0.6749999999999616,0.104,4
sac_verified,sac,synthetic_rough_heston,10,True,587962707,-1.271836600303097,-2.344992018580992,10.00685102090813,10.359321494566595,-0.3524704736584473,0.052,6
sac_verified,sac,synthetic_rough_heston,10,True,829705679,13.43448683385762,12.482617693414262,10.443878121225808,9.756378121225907,0.6874999999999076,0.268,13
sac_verified,sac,synthetic_rough_heston,10,True,379368625,-0.4246486210709263,-1.4379072514222435,10.078262489137645,10.06607485741745,0.0121876317201941,0.328,17
sac_verified,sac,synthetic_rough_heston,10,True,205709869,9.060692595587868,8.017024254781559,10.871008715767218,10.216008715767176,0.6550000000000367,0.0569999999999999,3
sac_verified,sac,synthetic_rough_heston,10,True,865592973,-22.021765265466456,-23.0123878987571,10.820502729280946,9.953002729280476,0.8675000000004687,0.0,0
sac_verified,sac,synthetic_rough_heston,10,True,675392413,4.832019001643319,4.375968996403365,10.116620034312362,6.7531474531506746,3.3634725811616977,0.042,2
sac_verified,sac,synthetic_rough_heston,10,True,1422536529,14.453550438595077,13.363578418319324,10.908706802536614,10.44017250947394,0.4685342930626703,0.108,5
sac_verified,sac,synthetic_rough_heston,10,True,1001327361,17.11256487622029,15.142798265895497,10.855326264274964,14.034837406699063,-3.1795111424241047,0.024,2
sac_verified,sac,synthetic_rough_heston,10,True,1177952687,15.97076659883211,15.196354163707202,10.122852397621015,8.800070653835167,1.322781743785854,0.136,7
sac_verified,sac,synthetic_rough_heston,10,True,1810240606,-1.4844113258889702,-2.0276620071337703,10.493054126012694,7.370554126012509,3.1225000000001764,0.012,1
sac_verified,sac,synthetic_rough_heston,10,True,1181369059,4.590062468343152,3.57624292631461,10.668860620887216,10.068860620887262,0.5999999999999659,0.096,4
sac_verified,sac,synthetic_rough_heston,10,True,1322332359,-0.9463373610741256,-1.798286726729875,10.541522116967784,9.230110322502918,1.3114117944648616,0.081,6
sac_verified,sac,synthetic_rough_heston,10,True,38137826,12.412200935624933,11.366507674862568,10.89346424895237,10.22591443716582,0.6675498117865618,0.115,5
sac_verified,sac,synthetic_rough_heston,10,True,440852670,24.48079024940208,22.991931215917596,10.864631310183483,12.201881139744334,-1.3372498295608382,0.013,1
sac_verified,sac,synthetic_rough_heston,10,True,1945446605,15.74058160830714,14.50756047020403,10.977876815877693,11.104148495508827,-0.1262716796311469,0.048,2
sac_verified,sac,synthetic_rough_heston,10,True,1154827508,9.703973654821253,8.682144123124798,10.343119482491147,10.108558412041027,0.2345610704501305,0.3390000000000001,16
sac_verified,sac,synthetic_rough_heston,10,True,993215842,-0.7755379088797636,-1.63003397268733,10.5438956279677,9.2438956279675,1.3000000000001606,0.034,2
sac_verified,sac,synthetic_rough_heston,10,True,203881053,25.44376371121733,24.061952871873476,10.615060260043734,11.755045041784609,-1.1399847817408753,0.02,3
sac_verified,sac,synthetic_rough_heston,10,True,1698224781,1.9407564294200128,1.2755765158770114,10.843045604050817,8.155856261257927,2.6871893427929043,0.064,3
sac_verified,sac,synthetic_rough_heston,10,True,1641320225,-35.159887464783225,-36.151834194374366,10.3086449415499,9.959652250912905,0.3489926906369814,0.059,7
sac_verified,sac,synthetic_rough_heston,10,True,835891747,17.21910418887288,16.1359255388587,10.957586896174403,10.407586896174244,0.5500000000001428,0.09,5
sac_verified,sac,synthetic_rough_heston,10,True,2098874635,-25.58002842368511,-26.776083237266786,10.563929095375189,10.936429095375097,-0.3724999999999063,0.043,4
sac_verified,sac,synthetic_rough_heston,10,True,626392803,1.571058428818389,0.5349487995593305,10.67894704406632,10.17894704406629,0.4999999999999893,0.238,11
sac_verified,sac,synthetic_rough_heston,20,False,401058792,-7.027826433353766,-11.423958509523064,20.96695513461431,20.966955134614317,0.0,0.0,0
sac_verified,sac,synthetic_rough_heston,20,False,1822668597,3.239272280390651,-0.8272388929212324,20.165592412106022,20.16559241210603,0.0,0.0,0
sac_verified,sac,synthetic_rough_heston,20,False,1465431171,14.240204223411638,10.054551712806266,20.458867296615836,20.458867296615843,0.0,0.0,0
sac_verified,sac,synthetic_rough_heston,20,False,157564097,8.38507684858996,4.07847308119132,20.7523583416407,20.752358341640697,0.0,0.0,0
sac_verified,sac,synthetic_rough_heston,20,False,245238582,-1.852524319283475,-6.2070209494666635,20.867430676015644,20.867430676015648,0.0,0.0,0
sac_verified,sac,synthetic_rough_heston,20,False,1117977144,5.7828086329573125,1.6342780224521087,20.36794199349852,20.36794199349852,0.0,0.0,0
sac_verified,sac,synthetic_rough_heston,20,False,523826546,-6.755518698211745,-10.862186864331594,20.26491590438964,20.264915904389657,0.0,0.0,0
sac_verified,sac,synthetic_rough_heston,20,False,1124484429,-3.3872291911229695,-7.710215008493243,20.791791210403872,20.791791210403865,0.0,0.0,0
sac_verified,sac,synthetic_rough_heston,20,False,171768458,20.165181894537454,16.022444841839402,20.353714778138325,20.353714778138297,0.0,0.0,0
sac_verified,sac,synthetic_rough_heston,20,False,1868865057,7.275960950872104,3.193428195076926,20.205278408859357,20.20527840885935,0.0,0.0,0
sac_verified,sac,synthetic_rough_heston,20,False,301461638,8.27655432591746,4.003593662373745,20.67114090596772,20.671140905967707,0.0,0.0,0
sac_verified,sac,synthetic_rough_heston,20,False,1387055752,-27.270537935926768,-31.51728197386625,20.6076297471094,20.6076297471094,0.0,0.0,0
sac_verified,sac,synthetic_rough_heston,20,False,1027367132,-9.737503378080874,-14.136881599732314,20.974694805053645,20.974694805053637,0.0,0.0,0
sac_verified,sac,synthetic_rough_heston,20,False,1111389845,-23.12519359512953,-27.501911305485315,20.92060637351551,20.92060637351552,0.0,0.0,0
sac_verified,sac,synthetic_rough_heston,20,False,180210118,2.4917930355841236,-1.7462676749062194,20.586550732190048,20.58655073219004,0.0,0.0,0
sac_verified,sac,synthetic_rough_heston,20,False,1769597788,8.159561134021715,4.138576505463134,20.052392945877003,20.05239294587701,0.0,0.0,0
sac_verified,sac,synthetic_rough_heston,20,False,1541083806,-12.680150144246,-16.911905751752506,20.571231386347534,20.57123138634755,0.0,0.0,0
sac_verified,sac,synthetic_rough_heston,20,False,2073530583,1.8388769941520875,-2.419101365719963,20.63486942016364,20.634869420163653,0.0,0.0,0
sac_verified,sac,synthetic_rough_heston,20,False,583456263,7.605055034295219,3.5346262675802684,20.175303632696455,20.175303632696465,0.0,0.0,0
sac_verified,sac,synthetic_rough_heston,20,False,269688897,20.172162286615276,15.969181729440743,20.50117205716424,20.50117205716427,0.0,0.0,0
sac_verified,sac,synthetic_rough_heston,20,False,977455710,-6.146030203284681,-10.383319279790705,20.584676525284564,20.58467652528459,0.0,0.0,0
sac_verified,sac,synthetic_rough_heston,20,False,2018195485,-6.95921735691627,-11.333476630762975,20.91472991421766,20.914729914217656,0.0,0.0,0
sac_verified,sac,synthetic_rough_heston,20,False,1266812912,11.91410684562652,7.861028567469427,20.13225838836047,20.13225838836044,0.0,0.0,0
sac_verified,sac,synthetic_rough_heston,20,False,1737039599,-33.781313940409746,-37.86411611422771,20.205945099940195,20.205945099940184,0.0,0.0,0
sac_verified,sac,synthetic_rough_heston,20,False,476600210,-10.224548127303931,-14.426123941638116,20.497745764679053,20.49774576467906,0.0,0.0,0
sac_verified,sac,synthetic_rough_heston,20,False,392787174,7.4912082906867,3.1824172205050134,20.75762768281024,20.75762768281021,0.0,0.0,0
sac_verified,sac,synthetic_rough_heston,20,False,369185566,5.164900968287839,0.9466220247512503,20.538449171095124,20.538449171095145,0.0,0.0,0
sac_verified,sac,synthetic_rough_heston,20,False,1749636134,-12.001924903825056,-16.19952183053648,20.488037794555694,20.488037794555687,0.0,0.0,0
sac_verified,sac,synthetic_rough_heston,20,False,510732936,5.5797860001221125,1.4293645622432436,20.372583139795665,20.372583139795672,0.0,0.0,0
sac_verified,sac,synthetic_rough_heston,20,False,569417501,-15.148403226608934,-19.34574616251241,20.48741793370624,20.487417933706222,0.0,0.0,0
sac_verified,sac,synthetic_rough_heston,20,False,1908420144,-5.033559779069037,-9.419317307405638,20.942200286351465,20.942200286351483,0.0,0.0,0
sac_verified,sac,synthetic_rough_heston,20,False,2034989486,1.0169012054357154,-3.3177030589965772,20.81971244862018,20.81971244862016,0.0,0.0,0
sac_verified,sac,synthetic_rough_heston,20,False,564294971,0.3812265827837109,-3.9841266387734127,20.893427726338075,20.893427726338068,0.0,0.0,0
sac_verified,sac,synthetic_rough_heston,20,False,1129817345,0.774475175418047,-3.3729637535161565,20.365261915659715,20.365261915659723,0.0,0.0,0
sac_verified,sac,synthetic_rough_heston,20,False,1190000565,14.370951416236494,10.337964763576766,20.08229731046656,20.08229731046657,0.0,0.0,0
sac_verified,sac,synthetic_rough_heston,20,False,1455278866,11.23203670654948,6.822434170964349,20.99905363483107,20.999053634831096,0.0,0.0,0
sac_verified,sac,synthetic_rough_heston,20,False,1760722551,-3.9055772576102754,-8.21385097361123,20.756381466915073,20.75638146691507,0.0,0.0,0
sac_verified,sac,synthetic_rough_heston,20,False,328726188,8.767146924965346,4.735424300734448,20.079149942741353,20.079149942741346,0.0,0.0,0
sac_verified,sac,synthetic_rough_heston,20,False,232867167,2.201641851572276,-1.9804109089403328,20.45006787400132,20.45006787400132,0.0,0.0,0
sac_verified,sac,synthetic_rough_heston,20,False,628415013,15.585980914995162,11.48848228851138,20.242279087305803,20.242279087305807,0.0,0.0,0
sac_verified,sac,synthetic_rough_heston,20,False,55294341,10.218132022020654,5.984286314788547,20.57631091141488,20.576310911414872,0.0,0.0,0
sac_verified,sac,synthetic_rough_heston,20,False,587962707,-8.71432795965302,-13.11378123019852,20.97487370771394,20.974873707713954,0.0,0.0,0
sac_verified,sac,synthetic_rough_heston,20,False,829705679,17.17707728698224,13.118533237037756,20.14582847624908,20.145828476249083,0.0,0.0,0
sac_verified,sac,synthetic_rough_heston,20,False,379368625,3.3257137344280636,-1.0451122732403275,20.906520532284645,20.90652053228464,0.0,0.0,0
sac_verified,sac,synthetic_rough_heston,20,False,205709869,8.033576276822714,3.9556965062532825,20.193760844799144,20.193760844799147,0.0,0.0,0
sac_verified,sac,synthetic_rough_heston,20,False,865592973,-22.79593329506497,-27.118185927467938,20.790027975938287,20.790027975938287,0.0,0.0,0
sac_verified,sac,synthetic_rough_heston,20,False,675392413,3.904601855228975,-0.3369010406479535,20.594909312441573,20.59490931244158,0.0,0.0,0
sac_verified,sac,synthetic_rough_heston,20,False,1422536529,15.719818665487765,11.587422840305472,20.32829512079725,20.32829512079725,0.0,0.0,0
sac_verified,sac,synthetic_rough_heston,20,False,1001327361,16.01799346117332,11.790039287581978,20.561989625499137,20.561989625499137,0.0,0.0,0
sac_verified,sac,synthetic_rough_heston,20,False,1177952687,16.26905602475381,12.232267742979277,20.091760206050964,20.09176020605097,0.0,0.0,0
sac_verified,sac,synthetic_rough_heston,20,False,1810240606,-1.9412292083434295,-6.073226897439551,20.327315831403126,20.327315831403126,0.0,0.0,0
sac_verified,sac,synthetic_rough_heston,20,False,1181369059,4.627251415313367,0.5568810677790683,20.17515885323904,20.175158853239047,0.0,0.0,0
sac_verified,sac,synthetic_rough_heston,20,False,1322332359,-2.439984921657014,-6.747802139560841,20.75528178055849,20.755281780558477,0.0,0.0,0
sac_verified,sac,synthetic_rough_heston,20,False,38137826,15.355226850118925,11.236096249866003,20.29564140462901,20.295641404629023,0.0,0.0,0
sac_verified,sac,synthetic_rough_heston,20,False,440852670,27.889563162869308,23.545115280691427,20.843339181085824,20.84333918108584,0.0,0.0,0
sac_verified,sac,synthetic_rough_heston,20,False,1945446605,19.79172583721811,15.648705229832771,20.35441133362825,20.35441133362824,0.0,0.0,0
sac_verified,sac,synthetic_rough_heston,20,False,1154827508,16.96845589513032,12.625392741652586,20.84001716284736,20.840017162847374,0.0,0.0,0
sac_verified,sac,synthetic_rough_heston,20,False,993215842,0.8678007772305136,-3.386524379564859,20.626015506625095,20.626015506625055,0.0,0.0,0
sac_verified,sac,synthetic_rough_heston,20,False,203881053,28.76512689130868,24.426813644457415,20.828617925467995,20.828617925467995,0.0,0.0,0
sac_verified,sac,synthetic_rough_heston,20,False,1698224781,1.0435250688533415,-3.3008004316720863,20.843045604050815,20.843045604050833,0.0,0.0,0
sac_verified,sac,synthetic_rough_heston,20,False,1641320225,-44.050309021531575,-48.288983047037846,20.58804027950761,20.588040279507595,0.0,0.0,0
sac_verified,sac,synthetic_rough_heston,20,False,835891747,22.72810418887275,18.335899703765744,20.957586896174405,20.957586896174387,0.0,0.0,0
sac_verified,sac,synthetic_rough_heston,20,False,2098874635,-31.20931872134497,-35.28091812669952,20.178204591475776,20.178204591475787,0.0,0.0,0
sac_verified,sac,synthetic_rough_heston,20,False,626392803,4.7081199123531405,0.3583965920128849,20.855990315351292,20.85599031535126,0.0,0.0,0
sac_verified,sac,synthetic_rough_heston,20,True,401058792,-7.0742457502795,-11.316193497936649,20.96695513461431,20.595989288347255,0.3709658462670618,0.039,5
sac_verified,sac,synthetic_rough_heston,20,True,1822668597,1.8651585425038064,0.9399908738555142,20.165592412106022,9.618563659134832,10.547028752971196,0.003,2
sac_verified,sac,synthetic_rough_heston,20,True,1465431171,13.968298621287657,10.171903847168911,20.458867296615836,19.484339285997724,0.9745280106181192,0.077,4
sac_verified,sac,synthetic_rough_heston,20,True,157564097,8.259288044487766,4.324580806402986,20.7523583416407,19.83609648616577,0.9162618554749238,0.025,2
sac_verified,sac,synthetic_rough_heston,20,True,245238582,-1.4673716936913552,-4.676155986779712,20.867430676015644,17.913079838733363,2.954350837282283,0.058,3
sac_verified,sac,synthetic_rough_heston,20,True,1117977144,6.2554086329567795,3.0556239453290677,20.36794199349852,17.887941993498615,2.4799999999999045,0.073,4
sac_verified,sac,synthetic_rough_heston,20,True,523826546,-5.865541746970557,-8.82965599012691,20.26491590438964,17.216603158452457,3.0483127459371975,0.055,3
sac_verified,sac,synthetic_rough_heston,20,True,1124484429,-2.9735291911243547,-6.048919650697371,20.791791210403872,17.536791210403962,3.254999999999903,0.042,2
sac_verified,sac,synthetic_rough_heston,20,True,171768458,19.99943918101107,16.17457831506305,20.353714778138325,19.557251509217792,0.7964632689205048,0.333,18
sac_verified,sac,synthetic_rough_heston,20,True,1868865057,7.433015371286864,4.151579418209167,20.205278408859357,18.114734204723227,2.090544204136123,0.052,3
sac_verified,sac,synthetic_rough_heston,20,True,301461638,8.935349158115118,5.868303570412451,20.67114090596772,17.512982577798297,3.158158328169411,0.036,2
sac_verified,sac,synthetic_rough_heston,20,True,1387055752,-27.601137935926353,-32.081823427033484,20.6076297471094,21.16762974710946,-0.5600000000000591,0.213,15
sac_verified,sac,synthetic_rough_heston,20,True,1027367132,-10.07162237170976,-14.18523242764829,20.974694805053645,20.28203652481311,0.6926582802405292,0.251,11
sac_verified,sac,synthetic_rough_heston,20,True,1111389845,-22.610568595129443,-26.33280813052723,20.92060637351551,19.29310637351535,1.6275000000001718,0.055,3
sac_verified,sac,synthetic_rough_heston,20,True,180210118,2.5273930355854537,-0.3478530917479459,20.586550732190048,16.9565507321902,3.6299999999998422,0.037,2
sac_verified,sac,synthetic_rough_heston,20,True,1769597788,8.006661134022448,4.680636119399313,20.052392945877003,18.237392945876707,1.8150000000003033,0.044,2
sac_verified,sac,synthetic_rough_heston,20,True,1541083806,-12.667039334846676,-15.477923253897128,20.571231386347534,16.76569091642349,3.805540469924058,0.063,5
sac_verified,sac,synthetic_rough_heston,20,True,2073530583,1.8847019941518377,-2.028719404606381,20.63486942016364,19.782369420163548,0.8525000000001057,0.065,3
sac_verified,sac,synthetic_rough_heston,20,True,583456263,8.912672701531934,5.97162379701955,20.175303632696455,17.149486594392215,3.0258170383042455,0.054,3
sac_verified,sac,synthetic_rough_heston,20,True,269688897,20.114287286615305,15.989865679360856,20.50117205716424,20.30867205716427,0.192499999999999,0.029,1
sac_verified,sac,synthetic_rough_heston,20,True,977455710,-6.4147802032846375,-10.06657757229483,20.584676525284564,19.10967652528476,1.474999999999831,0.077,4
sac_verified,sac,synthetic_rough_heston,20,True,2018195485,-7.036067356916886,-10.654519666010458,20.91472991421766,19.022229914217657,1.8924999999999983,0.039,2
sac_verified,sac,synthetic_rough_heston,20,True,1266812912,12.135406845625766,10.00387739564054,20.13225838836047,14.599758388361176,5.5324999999992635,0.0,0
sac_verified,sac,synthetic_rough_heston,20,True,1737039599,-33.44922709489778,-36.81647701216749,20.205945099940195,18.35006789434227,1.8558772055979136,0.1689999999999999,17
sac_verified,sac,synthetic_rough_heston,20,True,476600210,-10.474548127304194,-14.513741975520954,20.497745764679053,20.09774576467908,0.3999999999999772,0.338,24
sac_verified,sac,synthetic_rough_heston,20,True,392787174,7.682594878329561,3.697631515119352,20.75762768281024,19.962373013272263,0.7952546695379412,0.079,4
sac_verified,sac,synthetic_rough_heston,20,True,369185566,4.866101219111864,0.744307670748535,20.538449171095124,20.30220073874586,0.2362484323492851,0.261,13
sac_verified,sac,synthetic_rough_heston,20,True,1749636134,-11.861593633496362,-16.436750048473428,20.488037794555694,21.389615272316306,-0.9015774777606144,0.049,3
sac_verified,sac,synthetic_rough_heston,20,True,510732936,6.051761000122744,4.301410001263824,20.372583139795665,13.230083139795155,7.142500000000517,0.028,2
sac_verified,sac,synthetic_rough_heston,20,True,569417501,-15.02716411329726,-18.74402312835405,20.48741793370624,19.279157178302142,1.2082607554040783,0.06,3
sac_verified,sac,synthetic_rough_heston,20,True,1908420144,-5.109430612810029,-10.15899152600638,20.942200286351465,22.471228077691595,-1.5290277913401118,0.03,2
sac_verified,sac,synthetic_rough_heston,20,True,2034989486,1.0079012054368794,-2.9680201198996996,20.81971244862018,19.939712448620163,0.8799999999999955,0.2289999999999999,11
sac_verified,sac,synthetic_rough_heston,20,True,564294971,0.6684528641375654,-4.3056531477666375,20.893427726338075,22.30270389864019,-1.409276172302122,0.051,3
sac_verified,sac,synthetic_rough_heston,20,True,1129817345,1.0068751754194674,-0.96160731880051,20.365261915659715,14.030261915659228,6.335000000000495,0.021,1
sac_verified,sac,synthetic_rough_heston,20,True,1190000565,14.14862641623737,10.80345955965786,20.08229731046656,18.289797310466593,1.7924999999999756,0.061,3
sac_verified,sac,synthetic_rough_heston,20,True,1455278866,10.732636706548888,6.943169602371512,20.99905363483107,19.466553634830632,1.5325000000004645,0.009,1
sac_verified,sac,synthetic_rough_heston,20,True,1760722551,-3.4891577806133864,-5.597989618495952,20.756381466915073,14.521817509811113,6.234563957103959,0.02,1
sac_verified,sac,synthetic_rough_heston,20,True,328726188,8.597541895523188,4.702645956720337,20.079149942741353,19.735490718000527,0.3436592247408196,0.094,4
sac_verified,sac,synthetic_rough_heston,20,True,232867167,2.14503835819276,-0.6739081270179113,20.45006787400132,16.7897185360883,3.6603493379130194,0.02,2
sac_verified,sac,synthetic_rough_heston,20,True,628415013,15.64993091499398,12.044763243601531,20.242279087305803,18.98727908730592,1.2549999999998889,0.049,2
sac_verified,sac,synthetic_rough_heston,20,True,55294341,10.049632022021369,6.353121709397431,20.57631091141488,19.22631091141495,1.3499999999999233,0.047,2
sac_verified,sac,synthetic_rough_heston,20,True,587962707,-8.78032795965302,-12.820242202602074,20.97487370771394,20.09953791247215,0.8753357952417976,0.066,7
sac_verified,sac,synthetic_rough_heston,20,True,829705679,17.11990228698212,13.355010727409898,20.14582847624908,19.403328476249182,0.7424999999999002,0.124,6
sac_verified,sac,synthetic_rough_heston,20,True,379368625,3.0359637344281656,-0.8820687538969096,20.906520532284645,19.79402053228468,1.112499999999958,0.1339999999999999,7
sac_verified,sac,synthetic_rough_heston,20,True,205709869,8.179876276821728,4.388576287959658,20.193760844799144,19.47126084479911,0.7225000000000357,0.056,3
sac_verified,sac,synthetic_rough_heston,20,True,865592973,-23.989124842943056,-26.271690874959567,20.790027975938287,15.10816346223628,5.681864513702008,0.0,0
sac_verified,sac,synthetic_rough_heston,20,True,675392413,4.176333650910107,0.8762242668487072,20.594909312441573,18.166203191810332,2.4287061206312464,0.044,2
sac_verified,sac,synthetic_rough_heston,20,True,1422536529,15.447718665486509,12.64433935046536,20.32829512079725,16.7432951207973,3.584999999999951,0.057,3
sac_verified,sac,synthetic_rough_heston,20,True,1001327361,16.48256663023903,11.178824200165412,20.561989625499137,23.029855470830945,-2.4678658453318127,0.0289999999999999,2
sac_verified,sac,synthetic_rough_heston,20,True,1177952687,16.134431024753926,12.630323998135433,20.091760206050964,18.719260206051135,1.3724999999998353,0.066,3
sac_verified,sac,synthetic_rough_heston,20,True,1810240606,-1.7743542083438224,-3.837833547045116,20.327315831403126,14.364815831403106,5.96250000000002,0.012,1
sac_verified,sac,synthetic_rough_heston,20,True,1181369059,4.611228491019079,1.057727536499534,20.17515885323904,18.850731960641596,1.3244268925974496,0.069,3
sac_verified,sac,synthetic_rough_heston,20,True,1322332359,-2.5114709303003036,-5.682249782842792,20.75528178055849,17.80668091628108,2.9486008642773935,0.042,2
sac_verified,sac,synthetic_rough_heston,20,True,38137826,15.221901850120544,12.082576501776272,20.29564140462901,17.718141404628962,2.577500000000061,0.056,3
sac_verified,sac,synthetic_rough_heston,20,True,440852670,27.40916316286997,23.495358071330784,20.843339181085824,19.783339181086657,1.0599999999991816,0.014,1
sac_verified,sac,synthetic_rough_heston,20,True,1945446605,19.439425837217073,15.75996861310529,20.35441133362825,19.18191133362831,1.1724999999999284,0.024,1
sac_verified,sac,synthetic_rough_heston,20,True,1154827508,16.59255589513108,12.762700177589764,20.84001716284736,19.570017162847144,1.270000000000234,0.16,8
sac_verified,sac,synthetic_rough_heston,20,True,993215842,1.175293309081957,-1.7972585996669157,20.626015506625095,17.241090188119987,3.384925318505069,0.031,2
sac_verified,sac,synthetic_rough_heston,20,True,203881053,28.820601891308964,24.715472895411708,20.828617925467995,20.261117925468124,0.5674999999998711,0.041,3
sac_verified,sac,synthetic_rough_heston,20,True,1698224781,1.244192678918771,-1.5889422157565445,20.843045604050815,16.831918769633234,4.011126834417601,0.04,2
sac_verified,sac,synthetic_rough_heston,20,True,1641320225,-43.916737600769615,-47.072899982769464,20.58804027950761,17.76559141148937,2.822448868018224,0.064,9
sac_verified,sac,synthetic_rough_heston,20,True,835891747,22.24510418887208,18.764048700989157,20.957586896174405,18.657586896174227,2.3000000000001606,0.069,4
sac_verified,sac,synthetic_rough_heston,20,True,2098874635,-31.241593721345694,-35.58911254095548,20.178204591475776,20.850704591475527,-0.6724999999997401,0.039,4
sac_verified,sac,synthetic_rough_heston,20,True,626392803,4.369294912352954,1.1244365789404092,20.855990315351292,18.013490315351284,2.8424999999999763,0.083,4
dqn_verified_history,dqn,historical_sp500_midquotes,0,False,401058792,1.5242304404746392,1.5240584042717649,0.1311625719762759,0.1311625719762768,0.0,0.0,0
dqn_verified_history,dqn,historical_sp500_midquotes,0,False,1822668597,1.0658588604474062,1.0644944566607657,0.3693783678886149,0.3693783678886184,0.0,0.0,0
dqn_verified_history,dqn,historical_sp500_midquotes,0,False,1465431171,5.348730418718333,5.348376817963243,0.1880427491527854,0.1880427491528085,0.0,0.0,0
dqn_verified_history,dqn,historical_sp500_midquotes,0,False,157564097,-1.6011582360188186,-1.6088610566840558,0.8776571463411642,0.8776571463411651,0.0,0.0,0
dqn_verified_history,dqn,historical_sp500_midquotes,0,False,245238582,-23.816754966472217,-23.82356634756249,0.8253109165807189,0.825310916580726,0.0,0.0,0
dqn_verified_history,dqn,historical_sp500_midquotes,0,False,1117977144,-3.337537009831067,-3.343801415525793,0.7914799867795779,0.7914799867795903,0.0,0.0,0
dqn_verified_history,dqn,historical_sp500_midquotes,0,False,523826546,5.671392271486184,5.671205370476816,0.1367117439606175,0.1367117439606389,0.0,0.0,0
dqn_verified_history,dqn,historical_sp500_midquotes,0,False,1124484429,-26.58813046740761,-26.590811649891585,0.517801359980524,0.5178013599805205,0.0,0.0,0
dqn_verified_history,dqn,historical_sp500_midquotes,0,False,171768458,6.175886043301944,6.172219070670878,0.6055553344712479,0.6055553344712195,0.0,0.0,0
dqn_verified_history,dqn,historical_sp500_midquotes,0,False,1868865057,3.5402610596920567,3.5387044293621366,0.3945415478654155,0.3945415478654048,0.0,0.0,0
dqn_verified_history,dqn,historical_sp500_midquotes,0,False,301461638,-1.672627933372496,-1.6728907962568276,0.162130467319244,0.1621304673192334,0.0,0.0,0
dqn_verified_history,dqn,historical_sp500_midquotes,0,False,1387055752,3.68979414569003,3.689221383615369,0.2393244815435053,0.2393244815434982,0.0,0.0,0
dqn_verified_history,dqn,historical_sp500_midquotes,0,False,1027367132,-33.97839731181739,-33.98745524576176,0.9517317870267163,0.9517317870267136,0.0,0.0,0
dqn_verified_history,dqn,historical_sp500_midquotes,0,False,1111389845,-1.9451096650682305,-1.9451297562694072,0.044823209587264,0.0448232095872698,0.0,0.0,0
dqn_verified_history,dqn,historical_sp500_midquotes,0,False,180210118,-1.937151939557225,-1.9404154499559507,0.5712714239943892,0.5712714239943857,0.0,0.0,0
dqn_verified_history,dqn,historical_sp500_midquotes,0,False,1769597788,2.6900090191957133,2.687777257511565,0.4724152499812106,0.4724152499812231,0.0,0.0,0
dqn_verified_history,dqn,historical_sp500_midquotes,0,False,1541083806,-3.288074811705883,-3.2949723352897484,0.8305133101802369,0.8305133101802511,0.0,0.0,0
dqn_verified_history,dqn,historical_sp500_midquotes,0,False,2073530583,1.0337166276985954,1.033391668717827,0.1802661867262713,0.1802661867262962,0.0,0.0,0
dqn_verified_history,dqn,historical_sp500_midquotes,0,False,583456263,-26.59121905205393,-26.592877188081644,0.4072021644974768,0.4072021644974848,0.0,0.0,0
dqn_verified_history,dqn,historical_sp500_midquotes,0,False,269688897,2.3720501466668793,2.3706840025359175,0.3696138702702711,0.3696138702702898,0.0,0.0,0
dqn_verified_history,dqn,historical_sp500_midquotes,0,False,977455710,2.2929179231759917,2.2901821313728936,0.5230479713274576,0.5230479713274807,0.0,0.0,0
dqn_verified_history,dqn,historical_sp500_midquotes,0,False,2018195485,-0.7061831949540647,-0.707629516169528,0.3803053004447037,0.3803053004446926,0.0,0.0,0
dqn_verified_history,dqn,historical_sp500_midquotes,0,False,1266812912,-3.4863822018705832,-3.486877361322668,0.2225217859187722,0.2225217859187558,0.0,0.0,0
dqn_verified_history,dqn,historical_sp500_midquotes,0,False,1737039599,0.1950280677519913,0.1932347945669262,0.42347056391975,0.42347056391975,0.0,0.0,0
dqn_verified_history,dqn,historical_sp500_midquotes,0,False,476600210,5.471905004076689,5.468653157461937,0.5702496483779527,0.5702496483779669,0.0,0.0,0
dqn_verified_history,dqn,historical_sp500_midquotes,0,False,392787174,-2.7989538873025595,-2.8031858745932183,0.6505372618581902,0.6505372618581511,0.0,0.0,0
dqn_verified_history,dqn,historical_sp500_midquotes,0,False,369185566,5.33110801917428,5.330905685720565,0.14224396427106,0.1422439642710902,0.0,0.0,0
dqn_verified_history,dqn,historical_sp500_midquotes,0,False,1749636134,5.266726843132346,5.260283067068326,0.802731341360257,0.8027313413602446,0.0,0.0,0
dqn_verified_history,dqn,historical_sp500_midquotes,0,False,510732936,4.975935034106442,4.97248947797381,0.5869885972172852,0.5869885972172959,0.0,0.0,0
dqn_verified_history,dqn,historical_sp500_midquotes,0,False,569417501,3.266269991034278,3.2570651408895093,0.9594191026224764,0.959419102622456,0.0,0.0,0
dqn_verified_history,dqn,historical_sp500_midquotes,0,False,1908420144,-2.264471308444626,-2.2644939833008566,0.0476181228421239,0.0476181228421275,0.0,0.0,0
dqn_verified_history,dqn,historical_sp500_midquotes,0,False,2034989486,6.127942567611171,6.1203699788774495,0.8702062246227911,0.8702062246227626,0.0,0.0,0
dqn_verified_history,dqn,historical_sp500_midquotes,0,False,564294971,5.368789385442142,5.368751126416346,0.0618538808771518,0.0618538808771327,0.0,0.0,0
dqn_verified_history,dqn,historical_sp500_midquotes,0,False,1129817345,6.113730661098089,6.111471829989053,0.4752716180285716,0.4752716180285734,0.0,0.0,0
dqn_verified_history,dqn,historical_sp500_midquotes,0,False,1190000565,2.614955619470493,2.61448255422974,0.2175006300571738,0.2175006300571871,0.0,0.0,0
dqn_verified_history,dqn,historical_sp500_midquotes,0,False,1455278866,-2.5813360075408127,-2.583168948892452,0.4281286432416209,0.4281286432416431,0.0,0.0,0
dqn_verified_history,dqn,historical_sp500_midquotes,0,False,1760722551,1.4378432482753851,1.4310796956023302,0.8224082120854064,0.8224082120853957,0.0,0.0,0
dqn_verified_history,dqn,historical_sp500_midquotes,0,False,328726188,-1.935422361118981,-1.939796451444192,0.6613690592408403,0.6613690592408297,0.0,0.0,0
dqn_verified_history,dqn,historical_sp500_midquotes,0,False,232867167,-1.373435620975215,-1.3746078163301232,0.3423733860725946,0.3423733860725946,0.0,0.0,0
dqn_verified_history,dqn,historical_sp500_midquotes,0,False,628415013,-24.68610432628157,-24.686475505861956,0.1926602139496367,0.1926602139496456,0.0,0.0,0
dqn_verified_history,dqn,historical_sp500_midquotes,0,False,55294341,-0.9729634334271396,-0.9737621772725868,0.2826205663866687,0.2826205663866594,0.0,0.0,0
dqn_verified_history,dqn,historical_sp500_midquotes,0,False,587962707,3.184886533035751,3.184200236962209,0.2619725316787509,0.2619725316787797,0.0,0.0,0
dqn_verified_history,dqn,historical_sp500_midquotes,0,False,829705679,-4.743215542175676,-4.748294337043928,0.7126566402028516,0.712656640202864,0.0,0.0,0
dqn_verified_history,dqn,historical_sp500_midquotes,0,False,379368625,-4.637674573144977,-4.6376755743244145,0.0100058954475485,0.0100058954475565,0.0,0.0,0
dqn_verified_history,dqn,historical_sp500_midquotes,0,False,205709869,4.997185219765015,4.995830890962628,0.3680120653439047,0.3680120653438967,0.0,0.0,0
dqn_verified_history,dqn,historical_sp500_midquotes,0,False,865592973,-23.790622241036544,-23.797354488324117,0.8205027292809461,0.8205027292809461,0.0,0.0,0
dqn_verified_history,dqn,historical_sp500_midquotes,0,False,675392413,-1.9153738753284415,-1.9234360075339336,0.8978937690780668,0.897893769078081,0.0,0.0,0
dqn_verified_history,dqn,historical_sp500_midquotes,0,False,1422536529,-1.774837393888447,-1.7793551713340203,0.6721441397180854,0.6721441397180872,0.0,0.0,0
dqn_verified_history,dqn,historical_sp500_midquotes,0,False,1001327361,-4.47291052187029,-4.474171034358404,0.3550369682321701,0.355036968232163,0.0,0.0,0
dqn_verified_history,dqn,historical_sp500_midquotes,0,False,1177952687,4.9223309817480185,4.919848451803921,0.4982499316705286,0.4982499316705393,0.0,0.0,0
dqn_verified_history,dqn,historical_sp500_midquotes,0,False,1810240606,-3.2443053099013923,-3.25344429396585,0.95598033789706,0.9559803378970528,0.0,0.0,0
dqn_verified_history,dqn,historical_sp500_midquotes,0,False,1181369059,1.5189590685713483,1.5175143185911604,0.3800986687937779,0.3800986687937771,0.0,0.0,0
dqn_verified_history,dqn,historical_sp500_midquotes,0,False,1322332359,4.054419730304289,4.0475131237905755,0.8310599565442658,0.8310599565442658,0.0,0.0,0
dqn_verified_history,dqn,historical_sp500_midquotes,0,False,38137826,5.0998736361725605,5.09561553644972,0.6525411652026634,0.652541165202678,0.0,0.0,0
dqn_verified_history,dqn,historical_sp500_midquotes,0,False,440852670,-26.300730468119585,-26.308206341145077,0.8646313101834835,0.8646313101834959,0.0,0.0,0
dqn_verified_history,dqn,historical_sp500_midquotes,0,False,1945446605,-30.21081326107196,-30.214281207047943,0.5888926876759939,0.5888926876759886,0.0,0.0,0
dqn_verified_history,dqn,historical_sp500_midquotes,0,False,1154827508,4.318498817841828,4.315262952340744,0.5688466841851181,0.5688466841851323,0.0,0.0,0
dqn_verified_history,dqn,historical_sp500_midquotes,0,False,993215842,0.3816161342328996,0.3809796812371394,0.2522802005232449,0.2522802005232041,0.0,0.0,0
dqn_verified_history,dqn,historical_sp500_midquotes,0,False,203881053,4.58506339716223,4.577696618617783,0.8582993967402643,0.858299396740259,0.0,0.0,0
dqn_verified_history,dqn,historical_sp500_midquotes,0,False,1698224781,-2.6432829555087665,-2.643952735330464,0.2588010474664912,0.2588010474665143,0.0,0.0,0
dqn_verified_history,dqn,historical_sp500_midquotes,0,False,1641320225,2.806289594123882,2.80233679417396,0.6287129670940743,0.6287129670940601,0.0,0.0,0
dqn_verified_history,dqn,historical_sp500_midquotes,0,False,835891747,-0.6571422343440645,-0.6663119609813135,0.957586896174405,0.9575868961743872,0.0,0.0,0
dqn_verified_history,dqn,historical_sp500_midquotes,0,False,2098874635,1.5704580377660022,1.5664631728321152,0.6320494390383402,0.63204943903835,0.0,0.0,0
dqn_verified_history,dqn,historical_sp500_midquotes,0,False,626392803,-29.335657134455687,-29.335731443357908,0.0862026114572813,0.0862026114572449,0.0,0.0,0
dqn_verified_history,dqn,historical_sp500_midquotes,0,True,401058792,1.5611304404737891,1.5603529373611202,0.1311625719762759,-0.2788374280237873,0.4100000000000641,0.0,0
dqn_verified_history,dqn,historical_sp500_midquotes,0,True,1822668597,1.5590588604482036,1.2169065875410623,0.3693783678886149,5.849378367887834,-5.479999999999215,0.0,0
dqn_verified_history,dqn,historical_sp500_midquotes,0,True,1465431171,6.756780418718336,6.115092467358154,0.1880427491527854,8.010542749153652,-7.822500000000844,0.0,0
dqn_verified_history,dqn,historical_sp500_midquotes,0,True,157564097,-1.6021582360188185,-1.605647901731132,0.8776571463411642,-0.590733925918729,1.468391072259894,0.001,1
dqn_verified_history,dqn,historical_sp500_midquotes,0,True,245238582,-23.196280602302664,-23.5727260886471,0.8253109165807189,-6.1355153519850125,6.9608262685657385,0.006,3
dqn_verified_history,dqn,historical_sp500_midquotes,0,True,1117977144,-2.7679120098327985,-2.8370273675416793,0.7914799867795779,2.6289799867796777,-1.8375000000000872,0.0,0
dqn_verified_history,dqn,historical_sp500_midquotes,0,True,523826546,6.867567119425075,6.625364243757908,0.1367117439606175,4.92141113571267,-4.7846993917520315,0.0,0
dqn_verified_history,dqn,historical_sp500_midquotes,0,True,1124484429,-26.65850546740633,-26.66048303621069,0.517801359980524,-0.4446986400203272,0.9625000000008476,0.003,2
dqn_verified_history,dqn,historical_sp500_midquotes,0,True,171768458,6.2572610433027585,6.174716573753428,0.6055553344712479,2.873055334471136,-2.2674999999999166,0.032,4
dqn_verified_history,dqn,historical_sp500_midquotes,0,True,1868865057,4.349286059690712,4.229711293123857,0.3945415478654155,-3.457958452134079,3.852499999999484,0.0,0
dqn_verified_history,dqn,historical_sp500_midquotes,0,True,301461638,-1.0000521747325548,-1.2327948174611296,0.162130467319244,4.824340812262074,-4.6622103449428405,0.12,15
dqn_verified_history,dqn,historical_sp500_midquotes,0,True,1387055752,3.7822691456894977,3.778883948416268,0.2393244815435053,0.5818244815431122,-0.3424999999996139,0.0,0
dqn_verified_history,dqn,historical_sp500_midquotes,0,True,1027367132,-33.81295315362513,-34.23111416911964,0.9517317870267163,6.466537060084864,-5.51480527305815,0.0,0
dqn_verified_history,dqn,historical_sp500_midquotes,0,True,1111389845,-1.9839096650688297,-1.984004383140073,0.044823209587264,0.0973232095872647,-0.0524999999999948,0.043,2
dqn_verified_history,dqn,historical_sp500_midquotes,0,True,180210118,-1.949151939557225,-1.9524154499559507,0.5712714239943892,0.5712714239943857,0.0,0.012,1
dqn_verified_history,dqn,historical_sp500_midquotes,0,True,1769597788,2.928029135488032,2.7309448857805556,0.4724152499812106,4.439417188184462,-3.96700193820324,0.0,0
dqn_verified_history,dqn,historical_sp500_midquotes,0,True,1541083806,-1.9607444947578188,-2.2368892480559643,0.8305133101802369,5.254947700007542,-4.424434389827291,0.0,0
dqn_verified_history,dqn,historical_sp500_midquotes,0,True,2073530583,1.0293166276987904,1.0284740831072243,0.1802661867262713,0.2902661867262743,-0.1099999999999781,0.0,0
dqn_verified_history,dqn,historical_sp500_midquotes,0,True,583456263,-25.339881007595775,-26.21456869008406,0.4072021644974768,9.352473910620038,-8.945271746122554,0.001,1
dqn_verified_history,dqn,historical_sp500_midquotes,0,True,269688897,2.3710501466668794,2.3706075234310533,0.3696138702702711,-0.2103861297296658,0.5799999999999557,0.001,1
dqn_verified_history,dqn,historical_sp500_midquotes,0,True,977455710,2.2770590400165966,2.2763515218879653,0.5230479713274576,0.2659921293255414,0.2570558420019393,0.0209999999999999,6
dqn_verified_history,dqn,historical_sp500_midquotes,0,True,2018195485,-0.8783831949556771,-0.8804109435917628,0.3803053004447037,0.4503053004446751,-0.0699999999999825,0.175,18
dqn_verified_history,dqn,historical_sp500_midquotes,0,True,1266812912,-4.125613743448412,-4.437946519440287,0.2225217859187722,-5.588674046604218,5.811195832522975,0.0,0
dqn_verified_history,dqn,historical_sp500_midquotes,0,True,1737039599,0.1950280677519913,0.1932347945669262,0.42347056391975,0.42347056391975,0.0,0.0,0
dqn_verified_history,dqn,historical_sp500_midquotes,0,True,476600210,5.392605004077268,5.39190143031762,0.5702496483779527,0.2652496483782656,0.3049999999997013,0.0,0
dqn_verified_history,dqn,historical_sp500_midquotes,0,True,392787174,-2.9423538873023936,-2.948923593831001,0.6505372618581902,0.8105372618582649,-0.1600000000001138,0.121,8
dqn_verified_history,dqn,historical_sp500_midquotes,0,True,369185566,7.302308019174234,6.473799567323162,0.14224396427106,9.102243964270963,-8.959999999999873,0.0,0
dqn_verified_history,dqn,historical_sp500_midquotes,0,True,1749636134,5.266800691804747,5.260474931666309,0.802731341360257,0.795346474087751,0.0073848672724935,0.0,0
dqn_verified_history,dqn,historical_sp500_midquotes,0,True,510732936,4.221294747048087,3.4497933910763336,0.5869885972172852,-8.783514991003049,9.370503588220345,0.005,2
dqn_verified_history,dqn,historical_sp500_midquotes,0,True,569417501,3.25866999103369,3.251996422831395,0.9594191026224764,0.8169191026224789,0.1424999999999769,0.019,2
dqn_verified_history,dqn,historical_sp500_midquotes,0,True,1908420144,-3.1919855131723596,-3.6227411438472057,0.0476181228421239,-6.563197625204089,6.610815748046217,0.002,1
dqn_verified_history,dqn,historical_sp500_midquotes,0,True,2034989486,6.380004287895645,6.2800423107415275,0.8702062246227911,3.1616764090291936,-2.291470184406431,0.0,0
dqn_verified_history,dqn,historical_sp500_midquotes,0,True,564294971,6.902139385441842,6.547000398666514,0.0618538808771518,5.959353880877762,-5.89750000000063,0.0,0
dqn_verified_history,dqn,historical_sp500_midquotes,0,True,1129817345,7.044437103661039,6.803630292480465,0.4752716180285716,4.9072070588123164,-4.431935440783743,0.0,0
dqn_verified_history,dqn,historical_sp500_midquotes,0,True,1190000565,2.593129771759006,2.592471135792267,0.2175006300571738,0.2566390396527596,-0.0391384095955725,0.023,2
dqn_verified_history,dqn,historical_sp500_midquotes,0,True,1455278866,-3.061303683107326,-3.0795159795108464,0.4281286432416209,-1.3495294144078651,1.7776580576495082,0.0,0
dqn_verified_history,dqn,historical_sp500_midquotes,0,True,1760722551,1.4090681558632203,1.4023456442630746,0.8224082120854064,0.8199092388884176,0.0024989731969781,0.0289999999999999,2
dqn_verified_history,dqn,historical_sp500_midquotes,0,True,328726188,-1.6847723611190304,-1.9189188988436796,0.6613690592408403,4.838869059239453,-4.1774999999986235,0.0,0
dqn_verified_history,dqn,historical_sp500_midquotes,0,True,232867167,-1.6181874049790348,-1.6193766584553408,0.3423733860725946,0.3448555460342963,-0.0024821599617016,0.2449999999999999,14
dqn_verified_history,dqn,historical_sp500_midquotes,0,True,628415013,-24.73407438201655,-24.734807549767535,0.1926602139496367,0.2707707057613577,-0.078110491811712,0.055,3
dqn_verified_history,dqn,historical_sp500_midquotes,0,True,55294341,-0.3239770738164225,-0.3674643560555833,0.2826205663866687,2.08536045419397,-1.8027398878073104,0.0,0
dqn_verified_history,dqn,historical_sp500_midquotes,0,True,587962707,3.6011365330341505,3.0828124856901713,0.2619725316787509,7.1994725316788255,-6.937500000000046,0.0,0
dqn_verified_history,dqn,historical_sp500_midquotes,0,True,829705679,-4.265215542174701,-4.36148032444468,0.7126566402028516,3.1026566402033477,-2.3900000000004837,0.0,0
dqn_verified_history,dqn,historical_sp500_midquotes,0,True,379368625,-3.659148664020904,-3.8262004721862,0.0100058954475485,4.087197183465655,-4.077191288018098,0.0,0
dqn_verified_history,dqn,historical_sp500_midquotes,0,True,205709869,5.169810219764535,5.143582808059568,0.3680120653439047,-1.6194879346560898,1.9874999999999865,0.046,5
dqn_verified_history,dqn,historical_sp500_midquotes,0,True,865592973,-23.98312224103825,-23.99065652841864,0.8205027292809461,0.8680027292809527,-0.0475000000000065,0.2019999999999999,14
dqn_verified_history,dqn,historical_sp500_midquotes,0,True,675392413,-1.9282621533687196,-1.9395008715481736,0.8978937690780668,1.060128208258506,-0.1622344391804249,0.021,3
dqn_verified_history,dqn,historical_sp500_midquotes,0,True,1422536529,-0.5875123938876641,-0.8445253109213864,0.6721441397180854,5.069644139717523,-4.397499999999436,0.0,0
dqn_verified_history,dqn,historical_sp500_midquotes,0,True,1001327361,-3.709810521870168,-3.818053954393424,0.3550369682321701,3.2900369682308543,-2.9349999999986913,0.0,0
dqn_verified_history,dqn,historical_sp500_midquotes,0,True,1177952687,5.598805981749115,5.371682257636914,0.4982499316705286,4.76574993167079,-4.2675000000002505,0.049,7
dqn_verified_history,dqn,historical_sp500_midquotes,0,True,1810240606,-3.4749315842127544,-3.5296258594879375,0.95598033789706,-2.3386807237240173,3.29466106162107,0.0,0
dqn_verified_history,dqn,historical_sp500_midquotes,0,True,1181369059,1.1502540370335337,1.1487526847034806,0.3800986687937779,0.3874728803481324,-0.0073742115543553,0.3690000000000001,18
dqn_verified_history,dqn,historical_sp500_midquotes,0,True,1322332359,6.025619730304243,5.066971179577815,0.8310599565442658,9.79105995654417,-8.959999999999905,0.0,0
dqn_verified_history,dqn,historical_sp500_midquotes,0,True,38137826,5.049503776317666,5.048665516607965,0.6525411652026634,0.2895271506613301,0.3630140145413479,0.054,7
dqn_verified_history,dqn,historical_sp500_midquotes,0,True,440852670,-25.034955468119733,-25.509970208087772,0.8646313101834835,6.892131310182938,-6.027499999999442,0.0,0
dqn_verified_history,dqn,historical_sp500_midquotes,0,True,1945446605,-30.23956246067304,-30.2558532219984,0.5888926876759939,1.2763526677747172,-0.6874599800987287,0.015,5
dqn_verified_history,dqn,historical_sp500_midquotes,0,True,1154827508,4.414297678251795,4.3930421600735965,0.5688466841851181,1.4579272333761557,-0.8890805491910231,0.002,1
dqn_verified_history,dqn,historical_sp500_midquotes,0,True,993215842,1.1130780540261331,1.005905042211148,0.2522802005232449,-3.273728941360067,3.5260091418832715,0.009,2
dqn_verified_history,dqn,historical_sp500_midquotes,0,True,203881053,4.514137504109123,4.507941338204312,0.8582993967402643,0.7871572844616538,0.0711421122786052,0.088,5
dqn_verified_history,dqn,historical_sp500_midquotes,0,True,1698224781,-1.8407829555089847,-2.1553694474094836,0.2588010474664912,5.608801047465482,-5.349999999998968,0.0,0
dqn_verified_history,dqn,historical_sp500_midquotes,0,True,1641320225,2.8221079503582587,2.821563875787333,0.6287129670940743,0.2332540612562562,0.3954589058378038,0.0,0
dqn_verified_history,dqn,historical_sp500_midquotes,0,True,835891747,-0.1554491635662125,-0.4431286910511434,0.957586896174405,-5.363576488546899,6.321163384721286,0.004,2
dqn_verified_history,dqn,historical_sp500_midquotes,0,True,2098874635,1.8919179100375911,1.7151963966711112,0.6320494390383402,4.203825797609603,-3.5717763585712534,0.0,0
dqn_verified_history,dqn,historical_sp500_midquotes,0,True,626392803,-27.831755980940216,-29.190070013699582,0.0862026114572813,11.654673023124095,-11.568470411666851,0.0,0
dqn_verified_history,dqn,historical_sp500_midquotes,10,False,401058792,1.2844478295155568,0.1051286549546979,10.85964628595636,10.859646285956366,0.0,0.0,0
dqn_verified_history,dqn,historical_sp500_midquotes,10,False,1822668597,2.3257026213686913,1.1917445875474184,10.648746563897888,10.648746563897898,0.0,0.0,0
dqn_verified_history,dqn,historical_sp500_midquotes,10,False,1465431171,8.06822687071326,6.8986154392488315,10.814857518545622,10.81485751854563,0.0,0.0,0
dqn_verified_history,dqn,historical_sp500_midquotes,10,False,157564097,1.2298099454856128,0.1666320374359173,10.311051876747086,10.311051876747085,0.0,0.0,0
dqn_verified_history,dqn,historical_sp500_midquotes,10,False,245238582,-23.41675496647258,-24.588628530879,10.82531091658072,10.825310916580726,0.0,0.0,0
dqn_verified_history,dqn,historical_sp500_midquotes,10,False,1117977144,0.7090922648985725,-0.4778266268853723,10.89458072522271,10.894580725222724,0.0,0.0,0
dqn_verified_history,dqn,historical_sp500_midquotes,10,False,523826546,7.94959718678183,6.895912201539913,10.26491590438964,10.264915904389657,0.0,0.0,0
dqn_verified_history,dqn,historical_sp500_midquotes,10,False,1124484429,-25.60983446546561,-26.712494360936596,10.500761379400004,10.500761379400004,0.0,0.0,0
dqn_verified_history,dqn,historical_sp500_midquotes,10,False,171768458,8.675886043301944,7.551108003776634,10.605555334471248,10.60555533447122,0.0,0.0,0
dqn_verified_history,dqn,historical_sp500_midquotes,10,False,1868865057,3.09315468173736,1.9375596857290984,10.74986044564423,10.74986044564422,0.0,0.0,0
dqn_verified_history,dqn,historical_sp500_midquotes,10,False,301461638,2.07582852536325,0.9517435660518634,10.602287297142013,10.602287297142,0.0,0.0,0
dqn_verified_history,dqn,historical_sp500_midquotes,10,False,1387055752,6.349287760293009,5.284821186128234,10.317298939958931,10.317298939958924,0.0,0.0,0
dqn_verified_history,dqn,historical_sp500_midquotes,10,False,1027367132,-30.727322542416005,-31.85525056526969,10.620395580455964,10.620395580455964,0.0,0.0,0
dqn_verified_history,dqn,historical_sp500_midquotes,10,False,1111389845,-0.078750385893727,-1.2003088145262424,10.590365567970323,10.59036556797033,0.0,0.0,0
dqn_verified_history,dqn,historical_sp500_midquotes,10,False,180210118,-0.6371519395561336,-1.7546697347537366,10.57127142399439,10.571271423994386,0.0,0.0,0
dqn_verified_history,dqn,historical_sp500_midquotes,10,False,1769597788,2.224627696628886,1.068173880026248,10.75385426999378,10.753854269993797,0.0,0.0,0
dqn_verified_history,dqn,historical_sp500_midquotes,10,False,1541083806,0.5652837457273563,-0.4833146162086057,10.240109188558293,10.240109188558304,0.0,0.0,0
dqn_verified_history,dqn,historical_sp500_midquotes,10,False,2073530583,0.6093610085026739,-0.5989060475932679,10.992120159896077,10.992120159896096,0.0,0.0,0
dqn_verified_history,dqn,historical_sp500_midquotes,10,False,583456263,-24.480168110012528,-25.62017595476795,10.677114988401216,10.67711498840123,0.0,0.0,0
dqn_verified_history,dqn,historical_sp500_midquotes,10,False,269688897,1.4499829933374713,0.3842926622053535,10.323227843713,10.32322784371302,0.0,0.0,0
dqn_verified_history,dqn,historical_sp500_midquotes,10,False,977455710,1.7911583007917216,0.6763938933295948,10.558240419038214,10.558240419038237,0.0,0.0,0
dqn_verified_history,dqn,historical_sp500_midquotes,10,False,2018195485,0.5156154792730376,-0.6666579798342243,10.873239899437806,10.873239899437802,0.0,0.0,0
dqn_verified_history,dqn,historical_sp500_midquotes,10,False,1266812912,0.2682901307707652,-0.756508922331081,10.123235911020998,10.123235911020974,0.0,0.0,0
dqn_verified_history,dqn,historical_sp500_midquotes,10,False,1737039599,1.0541115684955005,-0.1366089974096009,10.912014323236122,10.912014323236114,0.0,0.0,0
dqn_verified_history,dqn,historical_sp500_midquotes,10,False,476600210,8.235027539069051,7.067755424067183,10.8040368150144,10.804036815014411,0.0,0.0,0
dqn_verified_history,dqn,historical_sp500_midquotes,10,False,392787174,1.3235137773936003,0.197426849610607,10.611724307495932,10.6117243074959,0.0,0.0,0
dqn_verified_history,dqn,historical_sp500_midquotes,10,False,369185566,7.983628185736961,6.864593739206367,10.578442449295594,10.578442449295617,0.0,0.0,0
dqn_verified_history,dqn,historical_sp500_midquotes,10,False,1749636134,5.266726843132346,4.099736798796277,10.802731341360255,10.802731341360245,0.0,0.0,0
dqn_verified_history,dqn,historical_sp500_midquotes,10,False,510732936,7.5594672877959965,6.39818965023798,10.776259265431648,10.776259265431657,0.0,0.0,0
dqn_verified_history,dqn,historical_sp500_midquotes,10,False,569417501,2.91039401364651,1.8401807116071656,10.345111415733273,10.34511141573325,0.0,0.0,0
dqn_verified_history,dqn,historical_sp500_midquotes,10,False,1908420144,1.4409242207220814,0.3312976173838042,10.533881541664854,10.533881541664863,0.0,0.0,0
dqn_verified_history,dqn,historical_sp500_midquotes,10,False,2034989486,8.784710477948465,7.589556546867011,10.932309596244792,10.932309596244767,0.0,0.0,0
dqn_verified_history,dqn,historical_sp500_midquotes,10,False,564294971,8.248291508669354,7.208079153892269,10.199080128997366,10.199080128997345,0.0,0.0,0
dqn_verified_history,dqn,historical_sp500_midquotes,10,False,1129817345,8.45581758771732,7.276713352229548,10.858656618052578,10.858656618052583,0.0,0.0,0
dqn_verified_history,dqn,historical_sp500_midquotes,10,False,1190000565,1.8783686241295072,0.8004750215411618,10.38216548985973,10.38216548985974,0.0,0.0,0
dqn_verified_history,dqn,historical_sp500_midquotes,10,False,1455278866,1.6743922361492878,0.5379423300788055,10.66044045089356,10.660440450893583,0.0,0.0,0
dqn_verified_history,dqn,historical_sp500_midquotes,10,False,1760722551,1.337843248275021,0.1665980531848871,10.822408212085406,10.822408212085396,0.0,0.0,0
dqn_verified_history,dqn,historical_sp500_midquotes,10,False,328726188,-0.0692458164667186,-1.182472864540008,10.550957530353784,10.55095753035377,0.0,0.0,0
dqn_verified_history,dqn,historical_sp500_midquotes,10,False,232867167,1.0673637279214745,-0.0409872584809023,10.527824971960626,10.527824971960625,0.0,0.0,0
dqn_verified_history,dqn,historical_sp500_midquotes,10,False,628415013,-23.924051150763265,-25.09982810135444,10.843324907938424,10.843324907938433,0.0,0.0,0
dqn_verified_history,dqn,historical_sp500_midquotes,10,False,55294341,2.6071203223855264,1.4551812442463117,10.732842485284207,10.732842485284198,0.0,0.0,0
dqn_verified_history,dqn,historical_sp500_midquotes,10,False,587962707,3.0230040817550616,2.021633408208557,10.00685102090813,10.006851020908147,0.0,0.0,0
dqn_verified_history,dqn,historical_sp500_midquotes,10,False,829705679,-1.383728345777854,-2.474474247888047,10.443878121225808,10.443878121225817,0.0,0.0,0
dqn_verified_history,dqn,historical_sp500_midquotes,10,False,379368625,-0.4690526022750418,-1.4847663502746309,10.078262489137645,10.078262489137645,0.0,0.0,0
dqn_verified_history,dqn,historical_sp500_midquotes,10,False,205709869,7.658783090631914,6.4769947856490475,10.871008715767218,10.871008715767212,0.0,0.0,0
dqn_verified_history,dqn,historical_sp500_midquotes,10,False,865592973,-22.990622241035453,-24.161455034179216,10.820502729280946,10.820502729280946,0.0,0.0,0
dqn_verified_history,dqn,historical_sp500_midquotes,10,False,675392413,-1.3600630367636768,-2.3835230459501817,10.116620034312362,10.116620034312373,0.0,0.0,0
dqn_verified_history,dqn,historical_sp500_midquotes,10,False,1422536529,2.4000878013939655,1.21008896035688,10.908706802536614,10.908706802536612,0.0,0.0,0
dqn_verified_history,dqn,historical_sp500_midquotes,10,False,1001327361,-0.3260937172944977,-1.5044748003330757,10.855326264274964,10.85532626427496,0.0,0.0,0
dqn_verified_history,dqn,historical_sp500_midquotes,10,False,1177952687,7.399863047847248,6.375141641207032,10.122852397621015,10.12285239762102,0.0,0.0,0
dqn_verified_history,dqn,historical_sp500_midquotes,10,False,1810240606,-1.121519814396379,-2.2225616633106977,10.493054126012694,10.493054126012686,0.0,0.0,0
dqn_verified_history,dqn,historical_sp500_midquotes,10,False,1181369059,1.8924696853227945,0.7542238158436121,10.668860620887216,10.668860620887228,0.0,0.0,0
dqn_verified_history,dqn,historical_sp500_midquotes,10,False,1322332359,6.522035270409106,5.410798384983897,10.541522116967784,10.54152211696778,0.0,0.0,0
dqn_verified_history,dqn,historical_sp500_midquotes,10,False,38137826,7.884922868786816,6.6982472353547795,10.89346424895237,10.893464248952384,0.0,0.0,0
dqn_verified_history,dqn,historical_sp500_midquotes,10,False,440852670,-24.400730468119946,-25.58113260318214,10.864631310183483,10.864631310183496,0.0,0.0,0
dqn_verified_history,dqn,historical_sp500_midquotes,10,False,1945446605,-26.91633834004824,-28.121476133894088,10.977876815877693,10.977876815877682,0.0,0.0,0
dqn_verified_history,dqn,historical_sp500_midquotes,10,False,1154827508,7.0130379293495935,5.943236723058712,10.343119482491147,10.343119482491158,0.0,0.0,0
dqn_verified_history,dqn,historical_sp500_midquotes,10,False,993215842,1.607861522703388,0.4961241725686327,10.5438956279677,10.54389562796766,0.0,0.0,0
dqn_verified_history,dqn,historical_sp500_midquotes,10,False,203881053,4.637862381798186,3.5110673385545894,10.615060260043734,10.615060260043732,0.0,0.0,0
dqn_verified_history,dqn,historical_sp500_midquotes,10,False,1698224781,0.7926692618766538,-0.3830471178386072,10.843045604050817,10.843045604050833,0.0,0.0,0
dqn_verified_history,dqn,historical_sp500_midquotes,10,False,1641320225,2.570452903828482,1.5077712985190612,10.3086449415499,10.308644941549886,0.0,0.0,0
dqn_verified_history,dqn,historical_sp500_midquotes,10,False,835891747,-0.2571422343444283,-1.4578293402165547,10.957586896174403,10.957586896174387,0.0,0.0,0
dqn_verified_history,dqn,historical_sp500_midquotes,10,False,2098874635,1.0376706534607365,-0.0782953258604084,10.563929095375189,10.56392909537519,0.0,0.0,0
dqn_verified_history,dqn,historical_sp500_midquotes,10,False,626392803,-26.259687306152045,-27.400086405851766,10.67894704406632,10.67894704406628,0.0,0.0,0
dqn_verified_history,dqn,historical_sp500_midquotes,10,True,401058792,1.362522829515001,0.3640929555154891,10.85964628595636,9.992146285956345,0.867500000000021,0.0,0
dqn_verified_history,dqn,historical_sp500_midquotes,10,True,1822668597,2.394552621366587,0.9989065426066386,10.648746563897888,11.813746563897285,-1.1649999999993843,0.036,8
dqn_verified_history,dqn,historical_sp500_midquotes,10,True,1465431171,8.306343103884501,6.84995252237932,10.814857518545622,12.06810085102532,-1.253243332479692,0.0,0
dqn_verified_history,dqn,historical_sp500_midquotes,10,True,157564097,1.072631488141269,1.0125021213487726,10.311051876747086,2.45212900950371,7.858922867243373,0.0,0
dqn_verified_history,dqn,historical_sp500_midquotes,10,True,245238582,-22.065054966471507,-22.784954454894596,10.82531091658072,-8.48468908342014,19.310000000000866,0.0,0
dqn_verified_history,dqn,historical_sp500_midquotes,10,True,1117977144,-0.1604577351008629,-0.8426644726655665,10.89458072522271,8.259580725222701,2.635000000000023,0.0,0
dqn_verified_history,dqn,historical_sp500_midquotes,10,True,523826546,8.07822444899466,6.916264425769085,10.26491590438964,10.779424953241133,-0.5145090488514767,0.0,0
dqn_verified_history,dqn,historical_sp500_midquotes,10,True,1124484429,-26.44823893980356,-26.47003784990238,10.500761379400004,-1.476445396850865,11.977206776250869,0.0,0
dqn_verified_history,dqn,historical_sp500_midquotes,10,True,171768458,8.796886043301754,7.0371364599825945,10.605555334471248,13.265555334471149,-2.659999999999929,0.012,2
dqn_verified_history,dqn,historical_sp500_midquotes,10,True,1868865057,3.8717296817376337,3.375781275273833,10.74986044564423,7.042360445644633,3.707499999999587,0.0,0
dqn_verified_history,dqn,historical_sp500_midquotes,10,True,301461638,1.733136795526676,0.9867453758332304,10.602287297142013,8.639394768694423,1.962892528447576,0.009,3
dqn_verified_history,dqn,historical_sp500_midquotes,10,True,1387055752,5.400074723398575,4.937444161118462,10.317298939958931,6.801695099606514,3.51560384035241,0.0,0
dqn_verified_history,dqn,historical_sp500_midquotes,10,True,1027367132,-30.713672542417044,-31.940316415052887,10.620395580455964,11.075395580455996,-0.4550000000000338,0.0,0
dqn_verified_history,dqn,historical_sp500_midquotes,10,True,1111389845,-0.1637503858953423,-1.2879579684198503,10.590365567970323,10.60286556797033,-0.0124999999999992,0.086,10
dqn_verified_history,dqn,historical_sp500_midquotes,10,True,180210118,-0.9581519395561336,-2.0756697347537365,10.57127142399439,10.571271423994386,0.0,0.321,16
dqn_verified_history,dqn,historical_sp500_midquotes,10,True,1769597788,2.16547574048127,1.21133977950882,10.75385426999378,9.767988334209097,0.9858659357847004,0.0,0
dqn_verified_history,dqn,historical_sp500_midquotes,10,True,1541083806,-0.0576557756066904,-0.7241066283695708,10.240109188558293,8.163644117444614,2.07646507111369,0.0,0
dqn_verified_history,dqn,historical_sp500_midquotes,10,True,2073530583,0.6319098829771974,-0.4556050276491383,10.992120159896077,10.428398298043357,0.5637218618527394,0.0,0
dqn_verified_history,dqn,historical_sp500_midquotes,10,True,583456263,-24.45461811001223,-25.63393048697532,10.677114988401216,10.859614988401235,-0.1825000000000045,0.0,0
dqn_verified_history,dqn,historical_sp500_midquotes,10,True,269688897,1.4499829933374713,0.4850249406424879,10.323227843713,9.823227843713,0.5000000000000213,0.0,0
dqn_verified_history,dqn,historical_sp500_midquotes,10,True,977455710,1.7955165202965873,0.726292390231259,10.558240419038214,10.340329443810424,0.2179109752278088,0.0,0
dqn_verified_history,dqn,historical_sp500_midquotes,10,True,2018195485,0.5001453815283748,-0.668737228546387,10.873239899437806,10.811487455825686,0.0617524436121155,0.013,2
dqn_verified_history,dqn,historical_sp500_midquotes,10,True,1266812912,-2.8470598692292697,-4.3182503426311225,10.123235911020998,-12.129264088978577,22.25249999999955,0.0,0
dqn_verified_history,dqn,historical_sp500_midquotes,10,True,1737039599,0.8313615684946417,-0.3604504488427827,10.912014323236122,10.917014323236112,-0.004999999999999,0.2229999999999999,13
dqn_verified_history,dqn,historical_sp500_midquotes,10,True,476600210,6.865088873355489,6.55872197981742,10.8040368150144,5.53504194688775,5.268994868126663,0.0,0
dqn_verified_history,dqn,historical_sp500_midquotes,10,True,392787174,0.4037137773938739,-2.0940212822225965,10.611724307495932,15.804224307495987,-5.192500000000088,0.089,6
dqn_verified_history,dqn,historical_sp500_midquotes,10,True,369185566,8.704836548406092,6.824062662315624,10.578442449295594,13.714130982641477,-3.1356885333458604,0.0,0
dqn_verified_history,dqn,historical_sp500_midquotes,10,True,1749636134,5.271005504855566,4.194627232079433,10.802731341360255,10.374865169129349,0.4278661722308981,0.0,0
dqn_verified_history,dqn,historical_sp500_midquotes,10,True,510732936,5.485446578641742,4.4986133845217795,10.776259265431648,-9.933947826116071,20.710207091547726,0.003,2
dqn_verified_history,dqn,historical_sp500_midquotes,10,True,569417501,2.9735940136470163,2.0605924719762547,10.345111415733273,9.555111415733265,0.7899999999999849,0.0,0
dqn_verified_history,dqn,historical_sp500_midquotes,10,True,1908420144,-1.792325779277235,-2.3441695012726966,10.533881541664854,-7.428618458337068,17.96250000000193,0.0,0
dqn_verified_history,dqn,historical_sp500_midquotes,10,True,2034989486,8.612605882897697,7.735063659162184,10.932309596244792,9.367722368513665,1.5645872277311037,0.0,0
dqn_verified_history,dqn,historical_sp500_midquotes,10,True,564294971,5.703791508669383,5.6914354048375575,10.199080128997366,1.111580128997712,9.087499999999633,0.0,0
dqn_verified_history,dqn,historical_sp500_midquotes,10,True,1129817345,6.6232175877175905,6.559276544797391,10.858656618052578,2.5286566180523486,8.330000000000236,0.0,0
dqn_verified_history,dqn,historical_sp500_midquotes,10,True,1190000565,1.8738686241304097,0.8268965180116523,10.38216548985973,10.232165489859696,0.1500000000000447,0.0,0
dqn_verified_history,dqn,historical_sp500_midquotes,10,True,1455278866,-1.1137077638504709,-1.1186490166254976,10.66044045089356,0.7029404508937382,9.957499999999849,0.0,0
dqn_verified_history,dqn,historical_sp500_midquotes,10,True,1760722551,1.3228432482750214,0.1515980531848872,10.822408212085406,10.822408212085396,0.0,0.015,1
dqn_verified_history,dqn,historical_sp500_midquotes,10,True,328726188,-0.0895458164668525,-1.1424183108640829,10.550957530353784,10.260957530353735,0.2900000000000347,0.0,0
dqn_verified_history,dqn,historical_sp500_midquotes,10,True,232867167,1.0353637279214745,-0.0729872584809023,10.527824971960626,10.527824971960625,0.0,0.032,5
dqn_verified_history,dqn,historical_sp500_midquotes,10,True,628415013,-23.930997981365465,-25.118982713295004,10.843324907938424,10.899471234557852,-0.0561463266194213,0.012,1
dqn_verified_history,dqn,historical_sp500_midquotes,10,True,55294341,2.6017203223855176,1.4529988469918935,10.732842485284207,10.717842485284171,0.0150000000000254,0.0,0
dqn_verified_history,dqn,historical_sp500_midquotes,10,True,587962707,2.9807021975262904,1.9773345463526677,10.00685102090813,10.016824103345444,-0.0099730824372964,0.043,2
dqn_verified_history,dqn,historical_sp500_midquotes,10,True,829705679,-3.440875454154593,-3.445073710239628,10.443878121225808,0.6479395099108043,9.795938611315012,0.0,0
dqn_verified_history,dqn,historical_sp500_midquotes,10,True,379368625,-2.2343965750478674,-2.3085254915228433,10.078262489137645,2.7226626025818144,7.3555998865558285,0.0,0
dqn_verified_history,dqn,historical_sp500_midquotes,10,True,205709869,7.611683090631544,6.354255313445711,10.871008715767218,11.213508715767036,-0.3424999999998235,0.006,3
dqn_verified_history,dqn,historical_sp500_midquotes,10,True,865592973,-23.070622241037057,-24.2523005369101,10.820502729280946,10.87050272928095,-0.0500000000000042,0.09,5
dqn_verified_history,dqn,historical_sp500_midquotes,10,True,675392413,-1.3715630367642009,-2.349015593792868,10.116620034312362,9.886620034312369,0.2300000000000039,0.0,0
dqn_verified_history,dqn,historical_sp500_midquotes,10,True,1422536529,1.9023878013940705,1.0685984246871476,10.908706802536614,9.131206802536688,1.7774999999999253,0.0,0
dqn_verified_history,dqn,historical_sp500_midquotes,10,True,1001327361,-1.806635749662746,-2.0952021046589957,10.855326264274964,5.371837255504393,5.483489008770568,0.0,0
dqn_verified_history,dqn,historical_sp500_midquotes,10,True,1177952687,7.235613047847437,6.387307134963729,10.122852397621015,9.210352397621431,0.9124999999995892,0.0,0
dqn_verified_history,dqn,historical_sp500_midquotes,10,True,1810240606,-1.1042273848906916,-2.2577224663437603,10.493054126012694,10.740088833213012,-0.2470347072003287,0.0,0
dqn_verified_history,dqn,historical_sp500_midquotes,10,True,1181369059,1.6439612927640848,0.503091467161416,10.668860620887216,10.68115080692464,-0.0122901860374116,0.2489999999999999,11
dqn_verified_history,dqn,historical_sp500_midquotes,10,True,1322332359,6.638656733346579,5.417947310715742,10.541522116967784,11.048571955826857,-0.5070498388590767,0.0,0
dqn_verified_history,dqn,historical_sp500_midquotes,10,True,38137826,7.884922868786816,7.352247064854456,10.89346424895237,7.298464248952378,3.595000000000006,0.0,0
dqn_verified_history,dqn,historical_sp500_midquotes,10,True,440852670,-23.8458054681214,-25.670231430426647,10.864631310183483,13.507131310182958,-2.642499999999462,0.0,0
dqn_verified_history,dqn,historical_sp500_midquotes,10,True,1945446605,-26.862978397753977,-27.553519404237093,10.977876815877693,8.30987970119374,2.6679971146839425,0.0,0
dqn_verified_history,dqn,historical_sp500_midquotes,10,True,1154827508,6.693212929350921,6.140328558466901,10.343119482491147,7.435619482491145,2.907500000000013,0.0,0
dqn_verified_history,dqn,historical_sp500_midquotes,10,True,993215842,2.498186518678267,2.100750486277322,10.5438956279677,6.304252789989826,4.239642837977833,0.0,0
dqn_verified_history,dqn,historical_sp500_midquotes,10,True,203881053,4.827600908567576,3.8770767081850583,10.615060260043734,9.749483065181035,0.8655771948626972,0.018,1
dqn_verified_history,dqn,historical_sp500_midquotes,10,True,1698224781,-0.123543874688039,-0.3853514451516772,10.843045604050817,5.116713500516109,5.726332103534723,0.0,0
dqn_verified_history,dqn,historical_sp500_midquotes,10,True,1641320225,2.6004786182256794,1.686924580299272,10.3086449415499,9.558002081640325,0.7506428599095639,0.0,0
dqn_verified_history,dqn,historical_sp500_midquotes,10,True,835891747,-0.162742234344274,-1.1163114552426443,10.957586896174403,9.765086896174402,1.1924999999999848,0.001,1
dqn_verified_history,dqn,historical_sp500_midquotes,10,True,2098874635,1.0444127143455262,-0.0874366389898955,10.563929095375189,10.638840882988248,-0.0749117876130571,0.0,0
dqn_verified_history,dqn,historical_sp500_midquotes,10,True,626392803,-25.978322546072377,-27.588352437936805,10.67894704406632,12.688695330349884,-2.009748286283606,0.0,0
dqn_verified_history,dqn,historical_sp500_midquotes,20,False,401058792,0.6475593795930763,-3.74857269657622,20.96695513461431,20.966955134614317,0.0,0.0,0
dqn_verified_history,dqn,historical_sp500_midquotes,20,False,1822668597,2.6003561976667697,-1.4661549756451135,20.165592412106022,20.16559241210603,0.0,0.0,0
dqn_verified_history,dqn,historical_sp500_midquotes,20,False,1465431171,10.584989706352644,6.399337195747272,20.458867296615836,20.458867296615843,0.0,0.0,0
dqn_verified_history,dqn,historical_sp500_midquotes,20,False,157564097,5.2804723958724935,0.9738686284738528,20.7523583416407,20.752358341640697,0.0,0.0,0
dqn_verified_history,dqn,historical_sp500_midquotes,20,False,245238582,-22.985921551080537,-27.340418181263725,20.867430676015644,20.867430676015648,0.0,0.0,0
dqn_verified_history,dqn,historical_sp500_midquotes,20,False,1117977144,4.518436772210407,0.3699061617052033,20.36794199349852,20.36794199349852,0.0,0.0,0
dqn_verified_history,dqn,historical_sp500_midquotes,20,False,523826546,10.149597186782556,6.042929020662709,20.26491590438964,20.264915904389657,0.0,0.0,0
dqn_verified_history,dqn,historical_sp500_midquotes,20,False,1124484429,-24.709462377295495,-29.03244819466577,20.791791210403872,20.791791210403865,0.0,0.0,0
dqn_verified_history,dqn,historical_sp500_midquotes,20,False,171768458,11.030481120908007,6.887744068209954,20.353714778138325,20.353714778138297,0.0,0.0,0
dqn_verified_history,dqn,historical_sp500_midquotes,20,False,1868865057,3.053154681738306,-1.029378074056872,20.205278408859357,20.20527840885935,0.0,0.0,0
dqn_verified_history,dqn,historical_sp500_midquotes,20,False,301461638,5.3235178474024,1.0505571838586851,20.67114090596772,20.671140905967707,0.0,0.0,0
dqn_verified_history,dqn,historical_sp500_midquotes,20,False,1387055752,8.920159021601648,4.673414983662166,20.6076297471094,20.6076297471094,0.0,0.0,0
dqn_verified_history,dqn,historical_sp500_midquotes,20,False,1027367132,-27.71517686739753,-32.11455508904897,20.974694805053645,20.974694805053637,0.0,0.0,0
dqn_verified_history,dqn,historical_sp500_midquotes,20,False,1111389845,1.090971286605054,-3.2857464237507292,20.92060637351551,20.92060637351552,0.0,0.0,0
dqn_verified_history,dqn,historical_sp500_midquotes,20,False,180210118,0.5032127493450389,-3.734847961145304,20.586550732190048,20.58655073219004,0.0,0.0,0
dqn_verified_history,dqn,historical_sp500_midquotes,20,False,1769597788,1.399700762834982,-2.6212838657235986,20.052392945877003,20.05239294587701,0.0,0.0,0
dqn_verified_history,dqn,historical_sp500_midquotes,20,False,1541083806,4.149985936406665,-0.0817696710998401,20.571231386347534,20.57123138634755,0.0,0.0,0
dqn_verified_history,dqn,historical_sp500_midquotes,20,False,2073530583,0.3368569225567626,-3.921121437315288,20.63486942016364,20.634869420163653,0.0,0.0,0
dqn_verified_history,dqn,historical_sp500_midquotes,20,False,583456263,-23.572672762882576,-27.643101529597526,20.175303632696455,20.175303632696465,0.0,0.0,0
dqn_verified_history,dqn,historical_sp500_midquotes,20,False,269688897,1.260631903727699,-2.942348653446831,20.50117205716424,20.50117205716427,0.0,0.0,0
dqn_verified_history,dqn,historical_sp500_midquotes,20,False,977455710,1.5411583007935403,-2.6961307757124837,20.584676525284564,20.58467652528459,0.0,0.0,0
dqn_verified_history,dqn,historical_sp500_midquotes,20,False,2018195485,1.4193495806030114,-2.954909693243697,20.91472991421766,20.914729914217656,0.0,0.0,0
dqn_verified_history,dqn,historical_sp500_midquotes,20,False,1266812912,4.5519893464788765,0.4989110683217834,20.13225838836047,20.13225838836044,0.0,0.0,0
dqn_verified_history,dqn,historical_sp500_midquotes,20,False,1737039599,1.4829294917963125,-2.5998726820216547,20.205945099940195,20.205945099940184,0.0,0.0,0
dqn_verified_history,dqn,historical_sp500_midquotes,20,False,476600210,10.784580597490276,6.583004783156093,20.497745764679053,20.49774576467906,0.0,0.0,0
dqn_verified_history,dqn,historical_sp500_midquotes,20,False,392787174,5.482018425289425,1.1732273551077386,20.75762768281024,20.75762768281021,0.0,0.0,0
dqn_verified_history,dqn,historical_sp500_midquotes,20,False,369185566,10.461918224766125,6.243639281229535,20.538449171095124,20.538449171095145,0.0,0.0,0
dqn_verified_history,dqn,historical_sp500_midquotes,20,False,1749636134,5.033250018723265,0.8356530920118423,20.488037794555694,20.488037794555687,0.0,0.0,0
dqn_verified_history,dqn,historical_sp500_midquotes,20,False,510732936,9.82022350571242,5.669802067833551,20.372583139795665,20.372583139795672,0.0,0.0,0
dqn_verified_history,dqn,historical_sp500_midquotes,20,False,569417501,2.718970948468268,-1.4783719874352066,20.48741793370624,20.487417933706222,0.0,0.0,0
dqn_verified_history,dqn,historical_sp500_midquotes,20,False,1908420144,5.74593702425409,1.360179495917488,20.942200286351465,20.942200286351483,0.0,0.0,0
dqn_verified_history,dqn,historical_sp500_midquotes,20,False,2034989486,11.183903023480523,6.849298759048232,20.81971244862018,20.81971244862016,0.0,0.0,0
dqn_verified_history,dqn,historical_sp500_midquotes,20,False,564294971,11.175765359952493,6.810412138395369,20.893427726338075,20.893427726338068,0.0,0.0,0
dqn_verified_history,dqn,historical_sp500_midquotes,20,False,1129817345,10.962601018070927,6.815162089136724,20.365261915659715,20.365261915659723,0.0,0.0,0
dqn_verified_history,dqn,historical_sp500_midquotes,20,False,1190000565,1.4472086134883284,-2.5857780391714,20.08229731046656,20.08229731046657,0.0,0.0,0
dqn_verified_history,dqn,historical_sp500_midquotes,20,False,1455278866,5.809837509723366,1.4002349741382352,20.99905363483107,20.999053634831096,0.0,0.0,0
dqn_verified_history,dqn,historical_sp500_midquotes,20,False,1760722551,0.9211445855344208,-3.3871291304665325,20.756381466915073,20.75638146691507,0.0,0.0,0
dqn_verified_history,dqn,historical_sp500_midquotes,20,False,328726188,1.0485497623030824,-2.983172861927815,20.079149942741353,20.079149942741346,0.0,0.0,0
dqn_verified_history,dqn,historical_sp500_midquotes,20,False,232867167,2.0667383704876556,-2.115314390024954,20.45006787400132,20.45006787400132,0.0,0.0,0
dqn_verified_history,dqn,historical_sp500_midquotes,20,False,628415013,-23.26809298358785,-27.36559161007163,20.242279087305803,20.242279087305807,0.0,0.0,0
dqn_verified_history,dqn,historical_sp500_midquotes,20,False,55294341,5.600160850224711,1.3663151429926037,20.57631091141488,20.576310911414872,0.0,0.0,0
dqn_verified_history,dqn,historical_sp500_midquotes,20,False,587962707,2.6974427638597263,-1.7020105066857747,20.97487370771394,20.974873707713954,0.0,0.0,0
dqn_verified_history,dqn,historical_sp500_midquotes,20,False,829705679,1.903053112271664,-2.1554909376728206,20.14582847624908,20.145828476249083,0.0,0.0,0
dqn_verified_history,dqn,historical_sp500_midquotes,20,False,379368625,3.278715709606331,-1.0921102980620605,20.906520532284645,20.90652053228464,0.0,0.0,0
dqn_verified_history,dqn,historical_sp500_midquotes,20,False,205709869,10.175926165471536,6.098046394902106,20.193760844799144,20.193760844799147,0.0,0.0,0
dqn_verified_history,dqn,historical_sp500_midquotes,20,False,865592973,-22.3518412311696,-26.67409386357257,20.790027975938287,20.790027975938287,0.0,0.0,0
dqn_verified_history,dqn,historical_sp500_midquotes,20,False,675392413,-0.7683077552082977,-5.0098106510852265,20.594909312441573,20.59490931244158,0.0,0.0,0
dqn_verified_history,dqn,historical_sp500_midquotes,20,False,1422536529,6.157923128697803,2.02552730351551,20.32829512079725,20.32829512079725,0.0,0.0,0
dqn_verified_history,dqn,historical_sp500_midquotes,20,False,1001327361,3.0426908948447817,-1.1852632787465591,20.561989625499137,20.561989625499137,0.0,0.0,0
dqn_verified_history,dqn,historical_sp500_midquotes,20,False,1177952687,10.090768335545365,6.05398005377083,20.091760206050964,20.09176020605097,0.0,0.0,0
dqn_verified_history,dqn,historical_sp500_midquotes,20,False,1810240606,0.3246477045104257,-3.807349984585696,20.327315831403126,20.327315831403126,0.0,0.0,0
dqn_verified_history,dqn,historical_sp500_midquotes,20,False,1181369059,1.527280738351692,-2.5430896091826067,20.17515885323904,20.175158853239047,0.0,0.0,0
dqn_verified_history,dqn,historical_sp500_midquotes,20,False,1322332359,8.956897722022404,4.649080504118578,20.75528178055849,20.755281780558477,0.0,0.0,0
dqn_verified_history,dqn,historical_sp500_midquotes,20,False,38137826,10.335467157705352,6.216336557452433,20.29564140462901,20.295641404629023,0.0,0.0,0
dqn_verified_history,dqn,historical_sp500_midquotes,20,False,440852670,-23.69807111087357,-28.042518993051452,20.843339181085824,20.84333918108584,0.0,0.0,0
dqn_verified_history,dqn,historical_sp500_midquotes,20,False,1945446605,-24.859372055601852,-29.00239266298719,20.35441133362825,20.35441133362824,0.0,0.0,0
dqn_verified_history,dqn,historical_sp500_midquotes,20,False,1154827508,9.927200303047355,5.584137149569624,20.84001716284736,20.840017162847374,0.0,0.0,0
dqn_verified_history,dqn,historical_sp500_midquotes,20,False,993215842,1.6521806840773934,-2.602144472717979,20.626015506625095,20.626015506625055,0.0,0.0,0
dqn_verified_history,dqn,historical_sp500_midquotes,20,False,203881053,3.8908497116808576,-0.4474635351704092,20.828617925467995,20.828617925467995,0.0,0.0,0
dqn_verified_history,dqn,historical_sp500_midquotes,20,False,1698224781,4.19266926187629,-0.1516562386491378,20.843045604050815,20.843045604050833,0.0,0.0,0
dqn_verified_history,dqn,historical_sp500_midquotes,20,False,1641320225,2.0582839434373454,-2.180390082068926,20.58804027950761,20.588040279507595,0.0,0.0,0
dqn_verified_history,dqn,historical_sp500_midquotes,20,False,835891747,0.2028577656565175,-4.189346719450486,20.957586896174405,20.957586896174387,0.0,0.0,0
dqn_verified_history,dqn,historical_sp500_midquotes,20,False,2098874635,0.8253851435383694,-3.246214261816176,20.178204591475776,20.178204591475787,0.0,0.0,0
dqn_verified_history,dqn,historical_sp500_midquotes,20,False,626392803,-24.60237804316239,-28.95210136350265,20.855990315351292,20.85599031535126,0.0,0.0,0
dqn_verified_history,dqn,historical_sp500_midquotes,20,True,401058792,0.7220343795925146,-3.3339421515989063,20.96695513461431,20.139455134614295,0.8275000000000219,0.0,0
dqn_verified_history,dqn,historical_sp500_midquotes,20,True,1822668597,2.4151061976663186,-0.9385873392769164,20.165592412106022,18.313092412105703,1.852500000000326,0.0,0
dqn_verified_history,dqn,historical_sp500_midquotes,20,True,1465431171,9.18641537266376,7.470852495898677,20.458867296615836,13.09794975087736,7.360917545738483,0.0,0
dqn_verified_history,dqn,historical_sp500_midquotes,20,True,157564097,4.421678394475748,4.293766423194077,20.7523583416407,3.576478313672137,17.175880027968557,0.0,0
dqn_verified_history,dqn,historical_sp500_midquotes,20,True,245238582,-22.06152155108066,-22.928735202036655,20.867430676015644,9.312430676015769,11.55499999999988,0.0,0
dqn_verified_history,dqn,historical_sp500_midquotes,20,True,1117977144,3.407986772210279,0.5169864078675328,20.36794199349852,17.002941993498496,3.3650000000000233,0.0,0
dqn_verified_history,dqn,historical_sp500_midquotes,20,True,523826546,8.699261664474761,6.607311989409964,20.26491590438964,14.463573815156463,5.8013420892331915,0.0,0
dqn_verified_history,dqn,historical_sp500_midquotes,20,True,1124484429,-26.10946237729513,-26.217821271024015,20.791791210403872,3.2917912104033675,17.500000000000497,0.0,0
dqn_verified_history,dqn,historical_sp500_midquotes,20,True,171768458,11.06803825914237,6.645569283320826,20.353714778138325,21.02966708205706,-0.6759523039187645,0.003,2
dqn_verified_history,dqn,historical_sp500_midquotes,20,True,1868865057,3.8012796817401977,1.0314589500761646,20.205278408859357,16.642778408859602,3.562499999999748,0.0,0
dqn_verified_history,dqn,historical_sp500_midquotes,20,True,301461638,4.580356434503003,1.917829879951624,20.67114090596772,16.317250241849507,4.3538906641182,0.003,1
dqn_verified_history,dqn,historical_sp500_midquotes,20,True,1387055752,5.476010289783517,4.7859314245879485,20.6076297471094,8.307098562046608,12.300531185062791,0.0,0
dqn_verified_history,dqn,historical_sp500_midquotes,20,True,1027367132,-27.753155930862704,-31.637494745303485,20.974694805053645,19.70872602285795,1.2659687821956878,0.0,0
dqn_verified_history,dqn,historical_sp500_midquotes,20,True,1111389845,1.0471122966105322,-3.299015645020508,20.92060637351551,20.847368998583587,0.0732373749319367,0.038,4
dqn_verified_history,dqn,historical_sp500_midquotes,20,True,180210118,0.4633127493452775,-3.2448347116687484,20.586550732190048,19.25655073218988,1.3300000000001615,0.0,0
dqn_verified_history,dqn,historical_sp500_midquotes,20,True,1769597788,1.3457501389784738,-2.3227066471010507,20.052392945877003,19.15321588162031,0.8991770642567005,0.0,0
dqn_verified_history,dqn,historical_sp500_midquotes,20,True,1541083806,-1.3102675305199227,-1.397736215592286,20.571231386347534,2.957510525295948,17.6137208610516,0.0,0
dqn_verified_history,dqn,historical_sp500_midquotes,20,True,2073530583,0.3699616414814954,-3.553310457375943,20.63486942016364,19.807251447026765,0.8276179731368882,0.0,0
dqn_verified_history,dqn,historical_sp500_midquotes,20,True,583456263,-23.8235477628823,-27.24708518558347,20.175303632696455,18.50280363269623,1.6725000000002304,0.0,0
dqn_verified_history,dqn,historical_sp500_midquotes,20,True,269688897,1.26063190372588,-2.70092970986552,20.50117205716424,19.903672057164226,0.5975000000000428,0.0,0
dqn_verified_history,dqn,historical_sp500_midquotes,20,True,977455710,1.5475083007931971,-2.4323876338416897,20.584676525284564,19.94967652528453,0.6350000000000584,0.0,0
dqn_verified_history,dqn,historical_sp500_midquotes,20,True,2018195485,1.367871624408508,-2.4846262491025204,20.91472991421766,19.627781009352606,1.286948904865049,0.0,0
dqn_verified_history,dqn,historical_sp500_midquotes,20,True,1266812912,-1.4140106535196535,-4.357033801057127,20.13225838836047,-17.15524161164008,37.28750000000052,0.0,0
dqn_verified_history,dqn,historical_sp500_midquotes,20,True,1737039599,1.447531907631899,-2.5676798940148773,20.205945099940195,20.03799341662427,0.1679516833159137,0.027,2
dqn_verified_history,dqn,historical_sp500_midquotes,20,True,476600210,6.146381094489698,6.036208277176909,20.497745764679053,3.319229086893351,17.17851667778571,0.0,0
dqn_verified_history,dqn,historical_sp500_midquotes,20,True,392787174,4.288274543616804,-3.57261444031466,20.75762768281024,28.037276943261563,-7.279649260451357,0.029,2
dqn_verified_history,dqn,historical_sp500_midquotes,20,True,369185566,9.808482149817792,6.676494426964679,20.538449171095124,17.69742275828069,2.841026412814455,0.0,0
dqn_verified_history,dqn,historical_sp500_midquotes,20,True,1749636134,5.038977386628176,1.0727852458139857,20.488037794555694,19.91530100403755,0.5727367905181396,0.0,0
dqn_verified_history,dqn,historical_sp500_midquotes,20,True,510732936,7.288023505710953,7.217935345394021,20.372583139795665,-2.64741686020416,23.019999999999833,0.0,0
dqn_verified_history,dqn,historical_sp500_midquotes,20,True,569417501,2.873970948468923,-0.5670236050034636,20.48741793370624,18.5499179337063,1.9374999999999256,0.0,0
dqn_verified_history,dqn,historical_sp500_midquotes,20,True,1908420144,0.5083859975475207,0.2332275409993666,20.942200286351465,-5.2455548471839855,26.187755133535468,0.0,0
dqn_verified_history,dqn,historical_sp500_midquotes,20,True,2034989486,11.06817096094528,7.160589760620374,20.81971244862018,19.76760278922284,1.0521096593973174,0.0,0
dqn_verified_history,dqn,historical_sp500_midquotes,20,True,564294971,3.6125653599519865,3.3435600404528896,20.893427726338075,-5.1865722736610635,26.07999999999913,0.0,0
dqn_verified_history,dqn,historical_sp500_midquotes,20,True,1129817345,4.8559921718861006,4.473423780089187,20.365261915659715,-6.1852113286201735,26.550473244279896,0.0,0
dqn_verified_history,dqn,historical_sp500_midquotes,20,True,1190000565,1.4362586134884625,-2.4514595188048305,20.08229731046656,19.717297310466495,0.365000000000073,0.0,0
dqn_verified_history,dqn,historical_sp500_midquotes,20,True,1455278866,-1.7359624902765065,-1.9880615142956932,20.99905363483107,-5.020946365170484,26.02000000000158,0.0,0
dqn_verified_history,dqn,historical_sp500_midquotes,20,True,1760722551,0.9759281525039114,-3.0833599939509986,20.756381466915073,20.14767516726163,0.6087062996534377,0.0,0
dqn_verified_history,dqn,historical_sp500_midquotes,20,True,328726188,1.000074762303484,-2.7583471977204206,20.079149942741353,19.38664994274128,0.6925000000000665,0.0,0
dqn_verified_history,dqn,historical_sp500_midquotes,20,True,232867167,2.0249883704891545,-1.9880493857755264,20.45006787400132,20.032567874001277,0.417500000000043,0.0,0
dqn_verified_history,dqn,historical_sp500_midquotes,20,True,628415013,-23.34571798358957,-27.101476358317313,20.242279087305803,19.379779087305785,0.862500000000022,0.0,0
dqn_verified_history,dqn,historical_sp500_midquotes,20,True,55294341,2.4301858502258256,0.9880704551648474,20.57631091141488,12.008810911414075,8.567500000000795,0.0,0
dqn_verified_history,dqn,historical_sp500_midquotes,20,True,587962707,2.687117763860442,-1.6506771917472598,20.97487370771394,20.82737370771385,0.1475000000001038,0.0,0
dqn_verified_history,dqn,historical_sp500_midquotes,20,True,829705679,-4.487496887728412,-5.071066303421175,20.14582847624908,-7.639171523750225,27.784999999999307,0.0,0
dqn_verified_history,dqn,historical_sp500_midquotes,20,True,379368625,-3.2544342903947836,-3.432600967063704,20.906520532284645,-4.22097946771742,25.12750000000206,0.0,0
dqn_verified_history,dqn,historical_sp500_midquotes,20,True,205709869,9.995226165470944,5.290118195099833,20.193760844799144,21.69126084479902,-1.4974999999998744,0.001,1
dqn_verified_history,dqn,historical_sp500_midquotes,20,True,865592973,-22.35784123116938,-26.700908891548288,20.790027975938287,20.840027975938295,-0.0500000000000078,0.016,1
dqn_verified_history,dqn,historical_sp500_midquotes,20,True,675392413,-0.7884327552073955,-4.865766693619163,20.594909312441573,20.19240931244156,0.4025000000000176,0.0,0
dqn_verified_history,dqn,historical_sp500_midquotes,20,True,1422536529,0.2353374496851756,0.2352483094299554,20.32829512079725,-0.0944141171754502,20.4227092379727,0.0,0
dqn_verified_history,dqn,historical_sp500_midquotes,20,True,1001327361,-2.1180847871546575,-2.163481392065799,20.561989625499137,2.1306479040691215,18.431341721430012,0.0,0
dqn_verified_history,dqn,historical_sp500_midquotes,20,True,1177952687,8.602937192821628,7.20438695041689,20.091760206050964,11.82603163535739,8.26572857069358,0.0,0
dqn_verified_history,dqn,historical_sp500_midquotes,20,True,1810240606,0.2150977045112085,-3.3051472490619465,20.327315831403126,18.762315831402997,1.5650000000001292,0.0,0
dqn_verified_history,dqn,historical_sp500_midquotes,20,True,1181369059,1.3207723457929823,-2.754558641340857,20.17515885323904,20.18744903927646,-0.0122901860374116,0.2069999999999999,9
dqn_verified_history,dqn,historical_sp500_midquotes,20,True,1322332359,6.051097722023769,5.303256424782277,20.75528178055849,8.647781780557903,12.107500000000574,0.0,0
dqn_verified_history,dqn,historical_sp500_midquotes,20,True,38137826,10.335467157707171,9.03415747588306,20.29564140462901,11.407496139925328,8.888145264703697,0.0,0
dqn_verified_history,dqn,historical_sp500_midquotes,20,True,440852670,-25.02500226767006,-27.218906509269843,20.843339181085824,14.811833922913737,6.031505258172102,0.0,0
dqn_verified_history,dqn,historical_sp500_midquotes,20,True,1945446605,-24.799713665348463,-27.817400946207812,20.35441133362825,17.371491820967336,2.982919512660905,0.0,0
dqn_verified_history,dqn,historical_sp500_midquotes,20,True,1154827508,8.703618675392136,7.759505659907156,20.84001716284736,9.716547820522363,11.123469342325013,0.0,0
dqn_verified_history,dqn,historical_sp500_midquotes,20,True,993215842,2.4249640049147274,-0.4467373292611194,20.626015506625095,16.9460949312101,3.679920575414953,0.0,0
dqn_verified_history,dqn,historical_sp500_midquotes,20,True,203881053,4.039824494586195,-9.71520531143355e-05,20.828617925467995,20.099556330027063,0.729061595440931,0.026,1
dqn_verified_history,dqn,historical_sp500_midquotes,20,True,1698224781,0.274069261875411,0.2654768173536909,20.843045604050815,-0.9269543959505278,21.77000000000136,0.0,0
dqn_verified_history,dqn,historical_sp500_midquotes,20,True,1641320225,2.096132438393397,-1.7618815963305914,20.58804027950761,19.64182790557943,0.9462123739281664,0.0,0
dqn_verified_history,dqn,historical_sp500_midquotes,20,True,835891747,0.3480577656555397,-3.316328565120332,20.957586896174405,19.142586896174382,1.8150000000000048,0.0,0
dqn_verified_history,dqn,historical_sp500_midquotes,20,True,2098874635,0.6845882584384526,-2.7801452941319553,20.178204591475776,18.61379475703546,1.5644098344403257,0.0,0
dqn_verified_history,dqn,historical_sp500_midquotes,20,True,626392803,-24.617541606657618,-28.981686671650746,20.855990315351292,20.890536290371116,-0.0345459750198549,0.02,1
ddpg_paper_actor_history,ddpg,historical_sp500_midquotes,0,False,401058792,1.5242304404746392,1.5240584042717649,0.1311625719762759,0.1311625719762768,0.0,0.0,0
ddpg_paper_actor_history,ddpg,historical_sp500_midquotes,0,False,1822668597,1.0658588604474062,1.0644944566607657,0.3693783678886149,0.3693783678886184,0.0,0.0,0
ddpg_paper_actor_history,ddpg,historical_sp500_midquotes,0,False,1465431171,5.348730418718333,5.348376817963243,0.1880427491527854,0.1880427491528085,0.0,0.0,0
ddpg_paper_actor_history,ddpg,historical_sp500_midquotes,0,False,157564097,-1.6011582360188186,-1.6088610566840558,0.8776571463411642,0.8776571463411651,0.0,0.0,0
ddpg_paper_actor_history,ddpg,historical_sp500_midquotes,0,False,245238582,-23.816754966472217,-23.82356634756249,0.8253109165807189,0.825310916580726,0.0,0.0,0
ddpg_paper_actor_history,ddpg,historical_sp500_midquotes,0,False,1117977144,-3.337537009831067,-3.343801415525793,0.7914799867795779,0.7914799867795903,0.0,0.0,0
ddpg_paper_actor_history,ddpg,historical_sp500_midquotes,0,False,523826546,5.671392271486184,5.671205370476816,0.1367117439606175,0.1367117439606389,0.0,0.0,0
ddpg_paper_actor_history,ddpg,historical_sp500_midquotes,0,False,1124484429,-26.58813046740761,-26.590811649891585,0.517801359980524,0.5178013599805205,0.0,0.0,0
ddpg_paper_actor_history,ddpg,historical_sp500_midquotes,0,False,171768458,6.175886043301944,6.172219070670878,0.6055553344712479,0.6055553344712195,0.0,0.0,0
ddpg_paper_actor_history,ddpg,historical_sp500_midquotes,0,False,1868865057,3.5402610596920567,3.5387044293621366,0.3945415478654155,0.3945415478654048,0.0,0.0,0
ddpg_paper_actor_history,ddpg,historical_sp500_midquotes,0,False,301461638,-1.672627933372496,-1.6728907962568276,0.162130467319244,0.1621304673192334,0.0,0.0,0
ddpg_paper_actor_history,ddpg,historical_sp500_midquotes,0,False,1387055752,3.68979414569003,3.689221383615369,0.2393244815435053,0.2393244815434982,0.0,0.0,0
ddpg_paper_actor_history,ddpg,historical_sp500_midquotes,0,False,1027367132,-33.97839731181739,-33.98745524576176,0.9517317870267163,0.9517317870267136,0.0,0.0,0
ddpg_paper_actor_history,ddpg,historical_sp500_midquotes,0,False,1111389845,-1.9451096650682305,-1.9451297562694072,0.044823209587264,0.0448232095872698,0.0,0.0,0
ddpg_paper_actor_history,ddpg,historical_sp500_midquotes,0,False,180210118,-1.937151939557225,-1.9404154499559507,0.5712714239943892,0.5712714239943857,0.0,0.0,0
ddpg_paper_actor_history,ddpg,historical_sp500_midquotes,0,False,1769597788,2.6900090191957133,2.687777257511565,0.4724152499812106,0.4724152499812231,0.0,0.0,0
ddpg_paper_actor_history,ddpg,historical_sp500_midquotes,0,False,1541083806,-3.288074811705883,-3.2949723352897484,0.8305133101802369,0.8305133101802511,0.0,0.0,0
ddpg_paper_actor_history,ddpg,historical_sp500_midquotes,0,False,2073530583,1.0337166276985954,1.033391668717827,0.1802661867262713,0.1802661867262962,0.0,0.0,0
ddpg_paper_actor_history,ddpg,historical_sp500_midquotes,0,False,583456263,-26.59121905205393,-26.592877188081644,0.4072021644974768,0.4072021644974848,0.0,0.0,0
ddpg_paper_actor_history,ddpg,historical_sp500_midquotes,0,False,269688897,2.3720501466668793,2.3706840025359175,0.3696138702702711,0.3696138702702898,0.0,0.0,0
ddpg_paper_actor_history,ddpg,historical_sp500_midquotes,0,False,977455710,2.2929179231759917,2.2901821313728936,0.5230479713274576,0.5230479713274807,0.0,0.0,0
ddpg_paper_actor_history,ddpg,historical_sp500_midquotes,0,False,2018195485,-0.7061831949540647,-0.707629516169528,0.3803053004447037,0.3803053004446926,0.0,0.0,0
ddpg_paper_actor_history,ddpg,historical_sp500_midquotes,0,False,1266812912,-3.4863822018705832,-3.486877361322668,0.2225217859187722,0.2225217859187558,0.0,0.0,0
ddpg_paper_actor_history,ddpg,historical_sp500_midquotes,0,False,1737039599,0.1950280677519913,0.1932347945669262,0.42347056391975,0.42347056391975,0.0,0.0,0
ddpg_paper_actor_history,ddpg,historical_sp500_midquotes,0,False,476600210,5.471905004076689,5.468653157461937,0.5702496483779527,0.5702496483779669,0.0,0.0,0
ddpg_paper_actor_history,ddpg,historical_sp500_midquotes,0,False,392787174,-2.7989538873025595,-2.8031858745932183,0.6505372618581902,0.6505372618581511,0.0,0.0,0
ddpg_paper_actor_history,ddpg,historical_sp500_midquotes,0,False,369185566,5.33110801917428,5.330905685720565,0.14224396427106,0.1422439642710902,0.0,0.0,0
ddpg_paper_actor_history,ddpg,historical_sp500_midquotes,0,False,1749636134,5.266726843132346,5.260283067068326,0.802731341360257,0.8027313413602446,0.0,0.0,0
ddpg_paper_actor_history,ddpg,historical_sp500_midquotes,0,False,510732936,4.975935034106442,4.97248947797381,0.5869885972172852,0.5869885972172959,0.0,0.0,0
ddpg_paper_actor_history,ddpg,historical_sp500_midquotes,0,False,569417501,3.266269991034278,3.2570651408895093,0.9594191026224764,0.959419102622456,0.0,0.0,0
ddpg_paper_actor_history,ddpg,historical_sp500_midquotes,0,False,1908420144,-2.264471308444626,-2.2644939833008566,0.0476181228421239,0.0476181228421275,0.0,0.0,0
ddpg_paper_actor_history,ddpg,historical_sp500_midquotes,0,False,2034989486,6.127942567611171,6.1203699788774495,0.8702062246227911,0.8702062246227626,0.0,0.0,0
ddpg_paper_actor_history,ddpg,historical_sp500_midquotes,0,False,564294971,5.368789385442142,5.368751126416346,0.0618538808771518,0.0618538808771327,0.0,0.0,0
ddpg_paper_actor_history,ddpg,historical_sp500_midquotes,0,False,1129817345,6.113730661098089,6.111471829989053,0.4752716180285716,0.4752716180285734,0.0,0.0,0
ddpg_paper_actor_history,ddpg,historical_sp500_midquotes,0,False,1190000565,2.614955619470493,2.61448255422974,0.2175006300571738,0.2175006300571871,0.0,0.0,0
ddpg_paper_actor_history,ddpg,historical_sp500_midquotes,0,False,1455278866,-2.5813360075408127,-2.583168948892452,0.4281286432416209,0.4281286432416431,0.0,0.0,0
ddpg_paper_actor_history,ddpg,historical_sp500_midquotes,0,False,1760722551,1.4378432482753851,1.4310796956023302,0.8224082120854064,0.8224082120853957,0.0,0.0,0
ddpg_paper_actor_history,ddpg,historical_sp500_midquotes,0,False,328726188,-1.935422361118981,-1.939796451444192,0.6613690592408403,0.6613690592408297,0.0,0.0,0
ddpg_paper_actor_history,ddpg,historical_sp500_midquotes,0,False,232867167,-1.373435620975215,-1.3746078163301232,0.3423733860725946,0.3423733860725946,0.0,0.0,0
ddpg_paper_actor_history,ddpg,historical_sp500_midquotes,0,False,628415013,-24.68610432628157,-24.686475505861956,0.1926602139496367,0.1926602139496456,0.0,0.0,0
ddpg_paper_actor_history,ddpg,historical_sp500_midquotes,0,False,55294341,-0.9729634334271396,-0.9737621772725868,0.2826205663866687,0.2826205663866594,0.0,0.0,0
ddpg_paper_actor_history,ddpg,historical_sp500_midquotes,0,False,587962707,3.184886533035751,3.184200236962209,0.2619725316787509,0.2619725316787797,0.0,0.0,0
ddpg_paper_actor_history,ddpg,historical_sp500_midquotes,0,False,829705679,-4.743215542175676,-4.748294337043928,0.7126566402028516,0.712656640202864,0.0,0.0,0
ddpg_paper_actor_history,ddpg,historical_sp500_midquotes,0,False,379368625,-4.637674573144977,-4.6376755743244145,0.0100058954475485,0.0100058954475565,0.0,0.0,0
ddpg_paper_actor_history,ddpg,historical_sp500_midquotes,0,False,205709869,4.997185219765015,4.995830890962628,0.3680120653439047,0.3680120653438967,0.0,0.0,0
ddpg_paper_actor_history,ddpg,historical_sp500_midquotes,0,False,865592973,-23.790622241036544,-23.797354488324117,0.8205027292809461,0.8205027292809461,0.0,0.0,0
ddpg_paper_actor_history,ddpg,historical_sp500_midquotes,0,False,675392413,-1.9153738753284415,-1.9234360075339336,0.8978937690780668,0.897893769078081,0.0,0.0,0
ddpg_paper_actor_history,ddpg,historical_sp500_midquotes,0,False,1422536529,-1.774837393888447,-1.7793551713340203,0.6721441397180854,0.6721441397180872,0.0,0.0,0
ddpg_paper_actor_history,ddpg,historical_sp500_midquotes,0,False,1001327361,-4.47291052187029,-4.474171034358404,0.3550369682321701,0.355036968232163,0.0,0.0,0
ddpg_paper_actor_history,ddpg,historical_sp500_midquotes,0,False,1177952687,4.9223309817480185,4.919848451803921,0.4982499316705286,0.4982499316705393,0.0,0.0,0
ddpg_paper_actor_history,ddpg,historical_sp500_midquotes,0,False,1810240606,-3.2443053099013923,-3.25344429396585,0.95598033789706,0.9559803378970528,0.0,0.0,0
ddpg_paper_actor_history,ddpg,historical_sp500_midquotes,0,False,1181369059,1.5189590685713483,1.5175143185911604,0.3800986687937779,0.3800986687937771,0.0,0.0,0
ddpg_paper_actor_history,ddpg,historical_sp500_midquotes,0,False,1322332359,4.054419730304289,4.0475131237905755,0.8310599565442658,0.8310599565442658,0.0,0.0,0
ddpg_paper_actor_history,ddpg,historical_sp500_midquotes,0,False,38137826,5.0998736361725605,5.09561553644972,0.6525411652026634,0.652541165202678,0.0,0.0,0
ddpg_paper_actor_history,ddpg,historical_sp500_midquotes,0,False,440852670,-26.300730468119585,-26.308206341145077,0.8646313101834835,0.8646313101834959,0.0,0.0,0
ddpg_paper_actor_history,ddpg,historical_sp500_midquotes,0,False,1945446605,-30.21081326107196,-30.214281207047943,0.5888926876759939,0.5888926876759886,0.0,0.0,0
ddpg_paper_actor_history,ddpg,historical_sp500_midquotes,0,False,1154827508,4.318498817841828,4.315262952340744,0.5688466841851181,0.5688466841851323,0.0,0.0,0
ddpg_paper_actor_history,ddpg,historical_sp500_midquotes,0,False,993215842,0.3816161342328996,0.3809796812371394,0.2522802005232449,0.2522802005232041,0.0,0.0,0
ddpg_paper_actor_history,ddpg,historical_sp500_midquotes,0,False,203881053,4.58506339716223,4.577696618617783,0.8582993967402643,0.858299396740259,0.0,0.0,0
ddpg_paper_actor_history,ddpg,historical_sp500_midquotes,0,False,1698224781,-2.6432829555087665,-2.643952735330464,0.2588010474664912,0.2588010474665143,0.0,0.0,0
ddpg_paper_actor_history,ddpg,historical_sp500_midquotes,0,False,1641320225,2.806289594123882,2.80233679417396,0.6287129670940743,0.6287129670940601,0.0,0.0,0
ddpg_paper_actor_history,ddpg,historical_sp500_midquotes,0,False,835891747,-0.6571422343440645,-0.6663119609813135,0.957586896174405,0.9575868961743872,0.0,0.0,0
ddpg_paper_actor_history,ddpg,historical_sp500_midquotes,0,False,2098874635,1.5704580377660022,1.5664631728321152,0.6320494390383402,0.63204943903835,0.0,0.0,0
ddpg_paper_actor_history,ddpg,historical_sp500_midquotes,0,False,626392803,-29.335657134455687,-29.335731443357908,0.0862026114572813,0.0862026114572449,0.0,0.0,0
ddpg_paper_actor_history,ddpg,historical_sp500_midquotes,0,True,401058792,1.5197304404737224,1.5194201079560694,0.1311625719762759,0.1761625719762962,-0.0450000000000194,0.0,0
ddpg_paper_actor_history,ddpg,historical_sp500_midquotes,0,True,1822668597,1.187358860448512,1.1577962407289146,0.3693783678886149,1.7193783678875754,-1.349999999998957,0.0,0
ddpg_paper_actor_history,ddpg,historical_sp500_midquotes,0,True,1465431171,7.028580418716956,6.122173076332314,0.1880427491527854,9.52054274915376,-9.332500000000952,0.0,0
ddpg_paper_actor_history,ddpg,historical_sp500_midquotes,0,True,157564097,-2.712358236020009,-5.824880849680259,0.8776571463411642,-17.642342853658214,18.519999999999374,0.0,0
ddpg_paper_actor_history,ddpg,historical_sp500_midquotes,0,True,245238582,-23.133754966471315,-23.728533571055415,0.8253109165807189,-7.712189083419176,8.537499999999902,0.0,0
ddpg_paper_actor_history,ddpg,historical_sp500_midquotes,0,True,1117977144,-1.4219104044659616,-1.9369896283113557,0.7914799867795779,7.1769020046632495,-6.385422017883659,0.0,0
ddpg_paper_actor_history,ddpg,historical_sp500_midquotes,0,True,523826546,8.358192271485677,7.074115361003856,0.1367117439606175,11.331711743959168,-11.19499999999853,0.0,0
ddpg_paper_actor_history,ddpg,historical_sp500_midquotes,0,True,1124484429,-26.70958046740816,-26.72439619270082,0.517801359980524,-1.2171986400198591,1.7350000000003796,0.0,0
ddpg_paper_actor_history,ddpg,historical_sp500_midquotes,0,True,171768458,6.324355328537422,6.196553294201153,0.6055553344712479,3.5749410391818857,-2.969385704710666,0.0,0
ddpg_paper_actor_history,ddpg,historical_sp500_midquotes,0,True,1868865057,3.590136059692668,3.589889439215108,0.3945415478654155,0.1570415478654112,0.2374999999999936,0.0,0
ddpg_paper_actor_history,ddpg,historical_sp500_midquotes,0,True,301461638,-0.8845575452141929,-1.114750100692766,0.162130467319244,4.797838632953103,-4.6357081656338694,0.0,0
ddpg_paper_actor_history,ddpg,historical_sp500_midquotes,0,True,1387055752,5.021961316924717,4.754333371089658,0.2393244815435053,5.173276967600507,-4.9339524860570085,0.0,0
ddpg_paper_actor_history,ddpg,historical_sp500_midquotes,0,True,1027367132,-34.042823591838896,-34.0571232284544,0.9517317870267163,-1.1958108803444265,2.14754266737114,0.0,0
ddpg_paper_actor_history,ddpg,historical_sp500_midquotes,0,True,1111389845,-0.953258928933792,-2.5015308203275586,0.044823209587264,12.442957411298032,-12.398134201710764,0.0,0
ddpg_paper_actor_history,ddpg,historical_sp500_midquotes,0,True,180210118,-1.905464959239907,-1.9319526552354904,0.5712714239943892,1.6275041012416152,-1.0562326772472297,0.0,0
ddpg_paper_actor_history,ddpg,historical_sp500_midquotes,0,True,1769597788,2.774888652113077,2.739278101415672,0.4724152499812106,1.8870757986208528,-1.4146605486396298,0.0,0
ddpg_paper_actor_history,ddpg,historical_sp500_midquotes,0,True,1541083806,-0.5011748117067327,-1.5912179935068338,0.8305133101802369,10.440513310178291,-9.609999999998042,0.0,0
ddpg_paper_actor_history,ddpg,historical_sp500_midquotes,0,True,2073530583,1.1615916276987264,0.9949452986363708,0.1802661867262713,-4.082233813273753,4.262500000000049,0.0,0
ddpg_paper_actor_history,ddpg,historical_sp500_midquotes,0,True,583456263,-26.091769052054588,-26.249751625019197,0.4072021644974768,3.9747021644974767,-3.567499999999992,0.0,0
ddpg_paper_actor_history,ddpg,historical_sp500_midquotes,0,True,269688897,2.3720501466668793,2.370787153654837,0.3696138702702711,-0.3553861297296938,0.7249999999999837,0.0,0
ddpg_paper_actor_history,ddpg,historical_sp500_midquotes,0,True,977455710,2.2797179231765767,2.2657218981519516,0.5230479713274576,1.183047971327662,-0.6600000000001813,0.0,0
ddpg_paper_actor_history,ddpg,historical_sp500_midquotes,0,True,2018195485,-0.681383194954833,-0.6913893018957956,0.3803053004447037,1.000305300443951,-0.6199999999992585,0.0,0
ddpg_paper_actor_history,ddpg,historical_sp500_midquotes,0,True,1266812912,-3.611241506498118,-3.6217697288111586,0.2225217859187722,-1.0260712603440745,1.2485930462628303,0.0,0
ddpg_paper_actor_history,ddpg,historical_sp500_midquotes,0,True,1737039599,0.3379030677515402,0.2302553893384729,0.42347056391975,3.280970563919574,-2.857499999999824,0.0,0
ddpg_paper_actor_history,ddpg,historical_sp500_midquotes,0,True,476600210,7.136905004077562,6.614139904298829,0.5702496483779527,7.230249648378209,-6.660000000000242,0.0,0
ddpg_paper_actor_history,ddpg,historical_sp500_midquotes,0,True,392787174,-2.4374538873034908,-2.4932425670672034,0.6505372618581902,-2.3619627381419974,3.0125000000001485,0.0,0
ddpg_paper_actor_history,ddpg,historical_sp500_midquotes,0,True,369185566,8.125026152256396,6.47588942821284,0.14224396427106,12.841871841922254,-12.699627877651164,0.0,0
ddpg_paper_actor_history,ddpg,historical_sp500_midquotes,0,True,1749636134,5.2220018431326025,4.9437211860839465,0.802731341360257,5.275231341359882,-4.472499999999638,0.0,0
ddpg_paper_actor_history,ddpg,historical_sp500_midquotes,0,True,510732936,4.327939673708897,3.76349498464118,0.5869885972172852,-7.512953407733324,8.09994200495062,0.0,0
ddpg_paper_actor_history,ddpg,historical_sp500_midquotes,0,True,569417501,3.3180699910335534,3.317097055767745,0.9594191026224764,0.3119191026224941,0.6474999999999618,0.0,0
ddpg_paper_actor_history,ddpg,historical_sp500_midquotes,0,True,1908420144,-2.1187213084449468,-2.137562113556494,0.0476181228421239,1.3726181228421517,-1.3250000000000242,0.0,0
ddpg_paper_actor_history,ddpg,historical_sp500_midquotes,0,True,2034989486,6.828190028712925,6.304579720431537,0.8702062246227911,7.2360922346345715,-6.365886010011809,0.0,0
ddpg_paper_actor_history,ddpg,historical_sp500_midquotes,0,True,564294971,10.008522066356818,6.801922890753688,0.0618538808771518,17.90697957669894,-17.845125695821807,0.0,0
ddpg_paper_actor_history,ddpg,historical_sp500_midquotes,0,True,1129817345,8.065230661097303,7.018134511229903,0.4752716180285716,10.232771618029007,-9.757500000000434,0.0,0
ddpg_paper_actor_history,ddpg,historical_sp500_midquotes,0,True,1190000565,2.525780619471334,2.449880404187423,0.2175006300571738,-2.7549993699438646,2.9725000000010517,0.0,0
ddpg_paper_actor_history,ddpg,historical_sp500_midquotes,0,True,1455278866,-1.5220006633335288,-1.711364269357966,0.4281286432416209,4.3515928810544455,-3.923464237812803,0.0,0
ddpg_paper_actor_history,ddpg,historical_sp500_midquotes,0,True,1760722551,0.907926225947449,0.4576348825179046,0.8224082120854064,6.710375126843092,-5.887966914757696,0.0,0
ddpg_paper_actor_history,ddpg,historical_sp500_midquotes,0,True,328726188,-1.7120723611187714,-1.9042554404044147,0.6613690592408403,4.38386905924029,-3.72249999999946,0.0,0
ddpg_paper_actor_history,ddpg,historical_sp500_midquotes,0,True,232867167,-0.8621075732189638,-1.1597491640169686,0.3423733860725946,5.455653863635456,-5.113280477562862,0.0,0
ddpg_paper_actor_history,ddpg,historical_sp500_midquotes,0,True,628415013,-24.192704326280364,-24.59722070575143,0.1926602139496367,6.360160213949536,-6.16749999999989,0.0,0
ddpg_paper_actor_history,ddpg,historical_sp500_midquotes,0,True,55294341,4.2697591229934915,1.9405252235221424,0.2826205663866687,15.261827870446412,-14.979207304059752,0.0,0
ddpg_paper_actor_history,ddpg,historical_sp500_midquotes,0,True,587962707,3.5558365330343804,3.140524270918718,0.2619725316787509,6.444472531679082,-6.182500000000303,0.0,0
ddpg_paper_actor_history,ddpg,historical_sp500_midquotes,0,True,829705679,-3.565743811217544,-4.001345830158175,0.7126566402028516,6.600015294987057,-5.887358654784193,0.0,0
ddpg_paper_actor_history,ddpg,historical_sp500_midquotes,0,True,379368625,-2.6832495731450763,-3.407026138755962,0.0100058954475485,8.507505895448357,-8.497500000000802,0.0,0
ddpg_paper_actor_history,ddpg,historical_sp500_midquotes,0,True,205709869,6.015535219765297,4.817169771350165,0.3680120653439047,-10.94698793465642,11.315000000000316,0.0,0
ddpg_paper_actor_history,ddpg,historical_sp500_midquotes,0,True,865592973,-21.654072241037284,-23.1098358021401,0.8205027292809461,12.065502729280762,-11.244999999999816,0.0,0
ddpg_paper_actor_history,ddpg,historical_sp500_midquotes,0,True,675392413,-1.7390912627433863,-1.9347688567241177,0.8978937690780668,4.423546020792946,-3.525652251714865,0.0,0
ddpg_paper_actor_history,ddpg,historical_sp500_midquotes,0,True,1422536529,1.1163943878873397,-0.1787429293721991,0.6721441397180854,11.380409998148304,-10.708265858430217,0.0,0
ddpg_paper_actor_history,ddpg,historical_sp500_midquotes,0,True,1001327361,-1.4911648976303695,-2.889066612698355,0.3550369682321701,11.823289369156052,-11.46825240092389,0.0,0
ddpg_paper_actor_history,ddpg,historical_sp500_midquotes,0,True,1177952687,6.241203893270722,5.559534722605132,0.4982499316705286,8.256325881804749,-7.758075950134209,0.0,0
ddpg_paper_actor_history,ddpg,historical_sp500_midquotes,0,True,1810240606,-3.5559694911517,-3.678215180874889,0.95598033789706,-3.496365108554727,4.45234544645178,0.0,0
ddpg_paper_actor_history,ddpg,historical_sp500_midquotes,0,True,1181369059,1.8065434399795777,0.8132831690849371,0.3800986687937779,9.96624438238718,-9.586145713593403,0.0,0
ddpg_paper_actor_history,ddpg,historical_sp500_midquotes,0,True,1322332359,7.364245891618339,4.843859662817019,0.8310599565442658,15.87572432615696,-15.044664369612695,0.0,0
ddpg_paper_actor_history,ddpg,historical_sp500_midquotes,0,True,38137826,5.0998736361743795,4.8811029435300775,0.6525411652026634,-4.677292941908835,5.3298341071115125,0.0,0
ddpg_paper_actor_history,ddpg,historical_sp500_midquotes,0,True,440852670,-23.564230468120513,-25.68042076167784,0.8646313101834835,14.547131310183897,-13.6825000000004,0.0,0
ddpg_paper_actor_history,ddpg,historical_sp500_midquotes,0,True,1945446605,-30.20666326107312,-30.208117864895243,0.5888926876759939,0.3813926876760032,0.2074999999999853,0.0,0
ddpg_paper_actor_history,ddpg,historical_sp500_midquotes,0,True,1154827508,4.480748817841231,4.432728814938372,0.5688466841851181,2.1913466841844027,-1.6224999999992704,0.0,0
ddpg_paper_actor_history,ddpg,historical_sp500_midquotes,0,True,993215842,1.7638683868863154,1.3631954163688191,0.2522802005232449,-6.329873383548018,6.582153584071222,0.0,0
ddpg_paper_actor_history,ddpg,historical_sp500_midquotes,0,True,203881053,5.7712883971616975,5.586457138891001,0.8582993967402643,-4.299200603259829,5.157500000000088,0.0,0
ddpg_paper_actor_history,ddpg,historical_sp500_midquotes,0,True,1698224781,-2.067708596774537,-2.2164068146634475,0.2588010474664912,3.856140789557749,-3.5973397420912345,0.0,0
ddpg_paper_actor_history,ddpg,historical_sp500_midquotes,0,True,1641320225,2.893964594122735,2.841350004599453,0.6287129670940743,-2.2937870329061134,2.9225000000001735,0.0,0
ddpg_paper_actor_history,ddpg,historical_sp500_midquotes,0,True,835891747,-0.4733422343451821,-0.4912959056032166,0.957586896174405,-1.3399131038255625,2.2974999999999497,0.0,0
ddpg_paper_actor_history,ddpg,historical_sp500_midquotes,0,True,2098874635,1.705861046913924,1.660213557088443,0.6320494390383402,2.1365273184651974,-1.5044778794268472,0.0,0
ddpg_paper_actor_history,ddpg,historical_sp500_midquotes,0,True,626392803,-28.11658213445662,-29.012198805637553,0.0862026114572813,9.46370261145675,-9.377499999999504,0.0,0
ddpg_paper_actor_history,ddpg,historical_sp500_midquotes,10,False,401058792,1.2844478295155568,0.1051286549546979,10.85964628595636,10.859646285956366,0.0,0.0,0
ddpg_paper_actor_history,ddpg,historical_sp500_midquotes,10,False,1822668597,2.3257026213686913,1.1917445875474184,10.648746563897888,10.648746563897898,0.0,0.0,0
ddpg_paper_actor_history,ddpg,historical_sp500_midquotes,10,False,1465431171,8.06822687071326,6.8986154392488315,10.814857518545622,10.81485751854563,0.0,0.0,0
ddpg_paper_actor_history,ddpg,historical_sp500_midquotes,10,False,157564097,1.2298099454856128,0.1666320374359173,10.311051876747086,10.311051876747085,0.0,0.0,0
ddpg_paper_actor_history,ddpg,historical_sp500_midquotes,10,False,245238582,-23.41675496647258,-24.588628530879,10.82531091658072,10.825310916580726,0.0,0.0,0
ddpg_paper_actor_history,ddpg,historical_sp500_midquotes,10,False,1117977144,0.7090922648985725,-0.4778266268853723,10.89458072522271,10.894580725222724,0.0,0.0,0
ddpg_paper_actor_history,ddpg,historical_sp500_midquotes,10,False,523826546,7.94959718678183,6.895912201539913,10.26491590438964,10.264915904389657,0.0,0.0,0
ddpg_paper_actor_history,ddpg,historical_sp500_midquotes,10,False,1124484429,-25.60983446546561,-26.712494360936596,10.500761379400004,10.500761379400004,0.0,0.0,0
ddpg_paper_actor_history,ddpg,historical_sp500_midquotes,10,False,171768458,8.675886043301944,7.551108003776634,10.605555334471248,10.60555533447122,0.0,0.0,0
ddpg_paper_actor_history,ddpg,historical_sp500_midquotes,10,False,1868865057,3.09315468173736,1.9375596857290984,10.74986044564423,10.74986044564422,0.0,0.0,0
ddpg_paper_actor_history,ddpg,historical_sp500_midquotes,10,False,301461638,2.07582852536325,0.9517435660518634,10.602287297142013,10.602287297142,0.0,0.0,0
ddpg_paper_actor_history,ddpg,historical_sp500_midquotes,10,False,1387055752,6.349287760293009,5.284821186128234,10.317298939958931,10.317298939958924,0.0,0.0,0
ddpg_paper_actor_history,ddpg,historical_sp500_midquotes,10,False,1027367132,-30.727322542416005,-31.85525056526969,10.620395580455964,10.620395580455964,0.0,0.0,0
ddpg_paper_actor_history,ddpg,historical_sp500_midquotes,10,False,1111389845,-0.078750385893727,-1.2003088145262424,10.590365567970323,10.59036556797033,0.0,0.0,0
ddpg_paper_actor_history,ddpg,historical_sp500_midquotes,10,False,180210118,-0.6371519395561336,-1.7546697347537366,10.57127142399439,10.571271423994386,0.0,0.0,0
ddpg_paper_actor_history,ddpg,historical_sp500_midquotes,10,False,1769597788,2.224627696628886,1.068173880026248,10.75385426999378,10.753854269993797,0.0,0.0,0
ddpg_paper_actor_history,ddpg,historical_sp500_midquotes,10,False,1541083806,0.5652837457273563,-0.4833146162086057,10.240109188558293,10.240109188558304,0.0,0.0,0
ddpg_paper_actor_history,ddpg,historical_sp500_midquotes,10,False,2073530583,0.6093610085026739,-0.5989060475932679,10.992120159896077,10.992120159896096,0.0,0.0,0
ddpg_paper_actor_history,ddpg,historical_sp500_midquotes,10,False,583456263,-24.480168110012528,-25.62017595476795,10.677114988401216,10.67711498840123,0.0,0.0,0
ddpg_paper_actor_history,ddpg,historical_sp500_midquotes,10,False,269688897,1.4499829933374713,0.3842926622053535,10.323227843713,10.32322784371302,0.0,0.0,0
ddpg_paper_actor_history,ddpg,historical_sp500_midquotes,10,False,977455710,1.7911583007917216,0.6763938933295948,10.558240419038214,10.558240419038237,0.0,0.0,0
ddpg_paper_actor_history,ddpg,historical_sp500_midquotes,10,False,2018195485,0.5156154792730376,-0.6666579798342243,10.873239899437806,10.873239899437802,0.0,0.0,0
ddpg_paper_actor_history,ddpg,historical_sp500_midquotes,10,False,1266812912,0.2682901307707652,-0.756508922331081,10.123235911020998,10.123235911020974,0.0,0.0,0
ddpg_paper_actor_history,ddpg,historical_sp500_midquotes,10,False,1737039599,1.0541115684955005,-0.1366089974096009,10.912014323236122,10.912014323236114,0.0,0.0,0
ddpg_paper_actor_history,ddpg,historical_sp500_midquotes,10,False,476600210,8.235027539069051,7.067755424067183,10.8040368150144,10.804036815014411,0.0,0.0,0
ddpg_paper_actor_history,ddpg,historical_sp500_midquotes,10,False,392787174,1.3235137773936003,0.197426849610607,10.611724307495932,10.6117243074959,0.0,0.0,0
ddpg_paper_actor_history,ddpg,historical_sp500_midquotes,10,False,369185566,7.983628185736961,6.864593739206367,10.578442449295594,10.578442449295617,0.0,0.0,0
ddpg_paper_actor_history,ddpg,historical_sp500_midquotes,10,False,1749636134,5.266726843132346,4.099736798796277,10.802731341360255,10.802731341360245,0.0,0.0,0
ddpg_paper_actor_history,ddpg,historical_sp500_midquotes,10,False,510732936,7.5594672877959965,6.39818965023798,10.776259265431648,10.776259265431657,0.0,0.0,0
ddpg_paper_actor_history,ddpg,historical_sp500_midquotes,10,False,569417501,2.91039401364651,1.8401807116071656,10.345111415733273,10.34511141573325,0.0,0.0,0
ddpg_paper_actor_history,ddpg,historical_sp500_midquotes,10,False,1908420144,1.4409242207220814,0.3312976173838042,10.533881541664854,10.533881541664863,0.0,0.0,0
ddpg_paper_actor_history,ddpg,historical_sp500_midquotes,10,False,2034989486,8.784710477948465,7.589556546867011,10.932309596244792,10.932309596244767,0.0,0.0,0
ddpg_paper_actor_history,ddpg,historical_sp500_midquotes,10,False,564294971,8.248291508669354,7.208079153892269,10.199080128997366,10.199080128997345,0.0,0.0,0
ddpg_paper_actor_history,ddpg,historical_sp500_midquotes,10,False,1129817345,8.45581758771732,7.276713352229548,10.858656618052578,10.858656618052583,0.0,0.0,0
ddpg_paper_actor_history,ddpg,historical_sp500_midquotes,10,False,1190000565,1.8783686241295072,0.8004750215411618,10.38216548985973,10.38216548985974,0.0,0.0,0
ddpg_paper_actor_history,ddpg,historical_sp500_midquotes,10,False,1455278866,1.6743922361492878,0.5379423300788055,10.66044045089356,10.660440450893583,0.0,0.0,0
ddpg_paper_actor_history,ddpg,historical_sp500_midquotes,10,False,1760722551,1.337843248275021,0.1665980531848871,10.822408212085406,10.822408212085396,0.0,0.0,0
ddpg_paper_actor_history,ddpg,historical_sp500_midquotes,10,False,328726188,-0.0692458164667186,-1.182472864540008,10.550957530353784,10.55095753035377,0.0,0.0,0
ddpg_paper_actor_history,ddpg,historical_sp500_midquotes,10,False,232867167,1.0673637279214745,-0.0409872584809023,10.527824971960626,10.527824971960625,0.0,0.0,0
ddpg_paper_actor_history,ddpg,historical_sp500_midquotes,10,False,628415013,-23.924051150763265,-25.09982810135444,10.843324907938424,10.843324907938433,0.0,0.0,0
ddpg_paper_actor_history,ddpg,historical_sp500_midquotes,10,False,55294341,2.6071203223855264,1.4551812442463117,10.732842485284207,10.732842485284198,0.0,0.0,0
ddpg_paper_actor_history,ddpg,historical_sp500_midquotes,10,False,587962707,3.0230040817550616,2.021633408208557,10.00685102090813,10.006851020908147,0.0,0.0,0
ddpg_paper_actor_history,ddpg,historical_sp500_midquotes,10,False,829705679,-1.383728345777854,-2.474474247888047,10.443878121225808,10.443878121225817,0.0,0.0,0
ddpg_paper_actor_history,ddpg,historical_sp500_midquotes,10,False,379368625,-0.4690526022750418,-1.4847663502746309,10.078262489137645,10.078262489137645,0.0,0.0,0
ddpg_paper_actor_history,ddpg,historical_sp500_midquotes,10,False,205709869,7.658783090631914,6.4769947856490475,10.871008715767218,10.871008715767212,0.0,0.0,0
ddpg_paper_actor_history,ddpg,historical_sp500_midquotes,10,False,865592973,-22.990622241035453,-24.161455034179216,10.820502729280946,10.820502729280946,0.0,0.0,0
ddpg_paper_actor_history,ddpg,historical_sp500_midquotes,10,False,675392413,-1.3600630367636768,-2.3835230459501817,10.116620034312362,10.116620034312373,0.0,0.0,0
ddpg_paper_actor_history,ddpg,historical_sp500_midquotes,10,False,1422536529,2.4000878013939655,1.21008896035688,10.908706802536614,10.908706802536612,0.0,0.0,0
ddpg_paper_actor_history,ddpg,historical_sp500_midquotes,10,False,1001327361,-0.3260937172944977,-1.5044748003330757,10.855326264274964,10.85532626427496,0.0,0.0,0
ddpg_paper_actor_history,ddpg,historical_sp500_midquotes,10,False,1177952687,7.399863047847248,6.375141641207032,10.122852397621015,10.12285239762102,0.0,0.0,0
ddpg_paper_actor_history,ddpg,historical_sp500_midquotes,10,False,1810240606,-1.121519814396379,-2.2225616633106977,10.493054126012694,10.493054126012686,0.0,0.0,0
ddpg_paper_actor_history,ddpg,historical_sp500_midquotes,10,False,1181369059,1.8924696853227945,0.7542238158436121,10.668860620887216,10.668860620887228,0.0,0.0,0
ddpg_paper_actor_history,ddpg,historical_sp500_midquotes,10,False,1322332359,6.522035270409106,5.410798384983897,10.541522116967784,10.54152211696778,0.0,0.0,0
ddpg_paper_actor_history,ddpg,historical_sp500_midquotes,10,False,38137826,7.884922868786816,6.6982472353547795,10.89346424895237,10.893464248952384,0.0,0.0,0
ddpg_paper_actor_history,ddpg,historical_sp500_midquotes,10,False,440852670,-24.400730468119946,-25.58113260318214,10.864631310183483,10.864631310183496,0.0,0.0,0
ddpg_paper_actor_history,ddpg,historical_sp500_midquotes,10,False,1945446605,-26.91633834004824,-28.121476133894088,10.977876815877693,10.977876815877682,0.0,0.0,0
ddpg_paper_actor_history,ddpg,historical_sp500_midquotes,10,False,1154827508,7.0130379293495935,5.943236723058712,10.343119482491147,10.343119482491158,0.0,0.0,0
ddpg_paper_actor_history,ddpg,historical_sp500_midquotes,10,False,993215842,1.607861522703388,0.4961241725686327,10.5438956279677,10.54389562796766,0.0,0.0,0
ddpg_paper_actor_history,ddpg,historical_sp500_midquotes,10,False,203881053,4.637862381798186,3.5110673385545894,10.615060260043734,10.615060260043732,0.0,0.0,0
ddpg_paper_actor_history,ddpg,historical_sp500_midquotes,10,False,1698224781,0.7926692618766538,-0.3830471178386072,10.843045604050817,10.843045604050833,0.0,0.0,0
ddpg_paper_actor_history,ddpg,historical_sp500_midquotes,10,False,1641320225,2.570452903828482,1.5077712985190612,10.3086449415499,10.308644941549886,0.0,0.0,0
ddpg_paper_actor_history,ddpg,historical_sp500_midquotes,10,False,835891747,-0.2571422343444283,-1.4578293402165547,10.957586896174403,10.957586896174387,0.0,0.0,0
ddpg_paper_actor_history,ddpg,historical_sp500_midquotes,10,False,2098874635,1.0376706534607365,-0.0782953258604084,10.563929095375189,10.56392909537519,0.0,0.0,0
ddpg_paper_actor_history,ddpg,historical_sp500_midquotes,10,False,626392803,-26.259687306152045,-27.400086405851766,10.67894704406632,10.67894704406628,0.0,0.0,0
ddpg_paper_actor_history,ddpg,historical_sp500_midquotes,10,True,401058792,1.287125964401639,0.1136163369480911,10.85964628595636,10.83286493709558,0.0267813488607872,0.0,0
ddpg_paper_actor_history,ddpg,historical_sp500_midquotes,10,True,1822668597,2.0492026213687495,1.4276680225310736,10.648746563897888,7.883746563897624,2.765000000000274,0.0,0
ddpg_paper_actor_history,ddpg,historical_sp500_midquotes,10,True,1465431171,9.065426870714871,6.3906132261953665,10.814857518545622,16.354857518546304,-5.540000000000674,0.0,0
ddpg_paper_actor_history,ddpg,historical_sp500_midquotes,10,True,157564097,0.1009099454859097,-0.622261391343762,10.311051876747086,-8.50394812325235,18.814999999999433,0.0,0
ddpg_paper_actor_history,ddpg,historical_sp500_midquotes,10,True,245238582,-23.1809549664722,-23.85422623884977,10.82531091658072,8.205310916580618,2.6200000000001076,0.0,0
ddpg_paper_actor_history,ddpg,historical_sp500_midquotes,10,True,1117977144,2.6793611668217636,-0.3699034702197958,10.89458072522271,17.46214373163146,-6.567563006408737,0.0,0
ddpg_paper_actor_history,ddpg,historical_sp500_midquotes,10,True,523826546,10.318997186781417,6.263841993718228,10.26491590438964,20.137415904388497,-9.87249999999884,0.0,0
ddpg_paper_actor_history,ddpg,historical_sp500_midquotes,10,True,1124484429,-25.853959465466687,-26.34581781722449,10.500761379400004,7.01326137939974,3.4875000000002636,0.0,0
ddpg_paper_actor_history,ddpg,historical_sp500_midquotes,10,True,171768458,8.492326255489388,7.922871056848628,10.605555334471248,7.54622553758341,3.059329796887809,0.0,0
ddpg_paper_actor_history,ddpg,historical_sp500_midquotes,10,True,1868865057,3.117704253319971,1.9859760516658789,10.74986044564423,10.638271483911716,0.1115889617325035,0.0,0
ddpg_paper_actor_history,ddpg,historical_sp500_midquotes,10,True,301461638,2.4393984748221555,0.8160844679481867,10.602287297142013,12.740934058670772,-2.138646761528774,0.0,0
ddpg_paper_actor_history,ddpg,historical_sp500_midquotes,10,True,1387055752,7.220078541853581,5.386099026493613,10.317298939958931,13.542449982776263,-3.2251510428173393,0.0,0
ddpg_paper_actor_history,ddpg,historical_sp500_midquotes,10,True,1027367132,-30.81953468364736,-31.389055083818096,10.620395580455964,7.546657539405992,3.0737380410499715,0.0,0
ddpg_paper_actor_history,ddpg,historical_sp500_midquotes,10,True,1111389845,0.3838496141070209,-2.296857654961262,10.590365567970323,16.372865567970326,-5.782499999999995,0.0,0
ddpg_paper_actor_history,ddpg,historical_sp500_midquotes,10,True,180210118,-0.6916769395556912,-1.4579620809910274,10.57127142399439,8.753771423993982,1.817500000000404,0.0,0
ddpg_paper_actor_history,ddpg,historical_sp500_midquotes,10,True,1769597788,2.2336276966289006,1.0446873172163158,10.75385426999378,10.903854269993635,-0.1499999999998422,0.0,0
ddpg_paper_actor_history,ddpg,historical_sp500_midquotes,10,True,1541083806,3.3311587457264977,-0.5803795064261945,10.240109188558293,19.777609188556365,-9.537499999998062,0.0,0
ddpg_paper_actor_history,ddpg,historical_sp500_midquotes,10,True,2073530583,0.7961110085034306,0.5688566623145499,10.992120159896077,4.767120159896127,6.2249999999999694,0.0,0
ddpg_paper_actor_history,ddpg,historical_sp500_midquotes,10,True,583456263,-24.37271811001301,-25.6825102323404,10.677114988401216,11.444614988401264,-0.7675000000000338,0.0,0
ddpg_paper_actor_history,ddpg,historical_sp500_midquotes,10,True,269688897,1.4499829933374713,0.444830805375445,10.323227843713,10.025727843713025,0.2974999999999959,0.0,0
ddpg_paper_actor_history,ddpg,historical_sp500_midquotes,10,True,977455710,1.8102833007924344,1.0627950268585376,10.558240419038214,8.645740419038134,1.912500000000101,0.0,0
ddpg_paper_actor_history,ddpg,historical_sp500_midquotes,10,True,2018195485,0.2632404792730085,-0.0761519744859696,10.873239899437806,5.82573989943748,5.047500000000323,0.0,0
ddpg_paper_actor_history,ddpg,historical_sp500_midquotes,10,True,1266812912,0.1560901307711901,-0.6725989097457838,10.123235911020998,9.103235911020729,1.0200000000002447,0.0,0
ddpg_paper_actor_history,ddpg,historical_sp500_midquotes,10,True,1737039599,1.0411482674571744,-0.0936621965042119,10.912014323236122,10.652748302486952,0.2592660207491633,0.0,0
ddpg_paper_actor_history,ddpg,historical_sp500_midquotes,10,True,476600210,8.60440253906745,7.096041073681847,10.8040368150144,12.281536815014658,-1.4775000000002445,0.0,0
ddpg_paper_actor_history,ddpg,historical_sp500_midquotes,10,True,392787174,1.670913777394162,1.0754354370151982,10.611724307495932,7.71672430749579,2.8950000000001097,0.0,0
ddpg_paper_actor_history,ddpg,historical_sp500_midquotes,10,True,369185566,9.824478185735645,6.234990832815478,10.578442449295594,18.945942449295483,-8.367499999999868,0.0,0
ddpg_paper_actor_history,ddpg,historical_sp500_midquotes,10,True,1749636134,5.252851843131793,3.766834441573001,10.802731341360255,12.190231341360148,-1.3874999999999034,0.0,0
ddpg_paper_actor_history,ddpg,historical_sp500_midquotes,10,True,510732936,6.866044468670225,6.821587841471179,10.776259265431648,2.108474026376559,8.667785239055096,0.0,0
ddpg_paper_actor_history,ddpg,historical_sp500_midquotes,10,True,569417501,2.92799401364573,1.902815201835611,10.345111415733273,10.125111415733254,0.2199999999999953,0.0,0
ddpg_paper_actor_history,ddpg,historical_sp500_midquotes,10,True,1908420144,0.3621470040288841,0.2821524984876605,10.533881541664854,2.828329993851913,7.70555154781295,0.0,0
ddpg_paper_actor_history,ddpg,historical_sp500_midquotes,10,True,2034989486,8.439124828069907,7.832186936845231,10.932309596244792,7.790621870073508,3.141687726171259,0.0,0
ddpg_paper_actor_history,ddpg,historical_sp500_midquotes,10,True,564294971,12.71112257490313,5.223338861839751,10.199080128997366,27.36381499912499,-17.164734870127646,0.0,0
ddpg_paper_actor_history,ddpg,historical_sp500_midquotes,10,True,1129817345,9.45830406895402,7.014584218968013,10.858656618052578,15.63240176679837,-4.7737451487457845,0.0,0
ddpg_paper_actor_history,ddpg,historical_sp500_midquotes,10,True,1190000565,1.708568624129839,1.4855801549937122,10.38216548985973,4.722165489858725,5.660000000001016,0.0,0
ddpg_paper_actor_history,ddpg,historical_sp500_midquotes,10,True,1455278866,2.732418559227881,0.6069296859207802,10.66044045089356,14.57905646229241,-3.918616011398824,0.0,0
ddpg_paper_actor_history,ddpg,historical_sp500_midquotes,10,True,1760722551,1.4282247686096523,0.4642603243870561,10.822408212085406,9.818169097253298,1.004239114832098,0.0,0
ddpg_paper_actor_history,ddpg,historical_sp500_midquotes,10,True,328726188,0.0009541835333948,-1.3728542707500655,10.550957530353784,11.720957530353314,-1.1699999999995434,0.0,0
ddpg_paper_actor_history,ddpg,historical_sp500_midquotes,10,True,232867167,1.3117363213514182,-0.3708750077849465,10.527824971960626,12.971550906257756,-2.4437259342971336,0.0,0
ddpg_paper_actor_history,ddpg,historical_sp500_midquotes,10,True,628415013,-23.87025115076176,-25.196393383864713,10.843324907938424,11.51582490793843,-0.6724999999999994,0.0,0
ddpg_paper_actor_history,ddpg,historical_sp500_midquotes,10,True,55294341,7.320432230375445,1.464299425975149,10.732842485284207,24.199447936678837,-13.46660545139464,0.0,0
ddpg_paper_actor_history,ddpg,historical_sp500_midquotes,10,True,587962707,3.303506111558818,1.339577740074358,10.00685102090813,14.014022875264832,-4.0071718543566845,0.0,0
ddpg_paper_actor_history,ddpg,historical_sp500_midquotes,10,True,829705679,-0.349928310197356,-2.787547998032068,10.443878121225808,15.612878299130855,-5.169000177905038,0.0,0
ddpg_paper_actor_history,ddpg,historical_sp500_midquotes,10,True,379368625,1.1599223977245856,-1.7849952943616365,10.078262489137645,17.160762489138477,-7.0825000000008345,0.0,0
ddpg_paper_actor_history,ddpg,historical_sp500_midquotes,10,True,205709869,8.595458090632746,8.593309687336827,10.871008715767218,0.463508715766979,10.407500000000232,0.0,0
ddpg_paper_actor_history,ddpg,historical_sp500_midquotes,10,True,865592973,-21.104295237624683,-25.205786070588577,10.820502729280946,20.25213774633161,-9.43163501705066,0.0,0
ddpg_paper_actor_history,ddpg,historical_sp500_midquotes,10,True,675392413,-1.3187079949948384,-2.5163582597341003,10.116620034312362,10.943720869700863,-0.827100835388491,0.0,0
ddpg_paper_actor_history,ddpg,historical_sp500_midquotes,10,True,1422536529,5.110887801392892,0.7224046344068942,10.908706802536614,20.94870680253556,-10.039999999998948,0.0,0
ddpg_paper_actor_history,ddpg,historical_sp500_midquotes,10,True,1001327361,2.409520242090366,-2.160206167448841,10.855326264274964,21.37691841575677,-10.521592151481803,0.0,0
ddpg_paper_actor_history,ddpg,historical_sp500_midquotes,10,True,1177952687,8.093888047846121,6.0759676804401055,10.122852397621015,14.205352397621173,-4.082500000000152,0.0,0
ddpg_paper_actor_history,ddpg,historical_sp500_midquotes,10,True,1810240606,-1.3225948143954156,-1.903323266270268,10.493054126012694,7.620554126012442,2.872500000000244,0.0,0
ddpg_paper_actor_history,ddpg,historical_sp500_midquotes,10,True,1181369059,1.8699696853236671,0.8485844353296539,10.668860620887216,10.1063606208863,0.5625000000009273,0.0,0
ddpg_paper_actor_history,ddpg,historical_sp500_midquotes,10,True,1322332359,9.093461475691583,4.151811147318558,10.541522116967784,22.22982305006728,-11.688300933099503,0.0,0
ddpg_paper_actor_history,ddpg,historical_sp500_midquotes,10,True,38137826,7.777272868786895,7.777107838154304,10.89346424895237,0.1284642489530263,10.764999999999358,0.0,0
ddpg_paper_actor_history,ddpg,historical_sp500_midquotes,10,True,440852670,-23.22473046812047,-25.935571309922885,10.864631310183483,16.464631310182483,-5.599999999998985,0.0,0
ddpg_paper_actor_history,ddpg,historical_sp500_midquotes,10,True,1945446605,-26.915488340047887,-28.11131300110024,10.977876815877693,10.935376815877683,0.0424999999999968,0.0,0
ddpg_paper_actor_history,ddpg,historical_sp500_midquotes,10,True,1154827508,7.147715385053743,5.809654079107331,10.343119482491147,11.567459988893036,-1.2243405064018789,0.0,0
ddpg_paper_actor_history,ddpg,historical_sp500_midquotes,10,True,993215842,2.2324473133703577,1.6594471271479252,10.5438956279677,7.569677577165573,2.9742180508020857,0.0,0
ddpg_paper_actor_history,ddpg,historical_sp500_midquotes,10,True,203881053,5.2508123817988235,4.618777800415563,10.615060260043734,7.950060260043697,2.6650000000000347,0.0,0
ddpg_paper_actor_history,ddpg,historical_sp500_midquotes,10,True,1698224781,0.9861779684342764,-0.4664435726500044,10.843045604050817,12.05247502002921,-1.2094294159783776,0.0,0
ddpg_paper_actor_history,ddpg,historical_sp500_midquotes,10,True,1641320225,2.65700290382847,2.105897861646493,10.3086449415499,7.423644941549785,2.885000000000101,0.0,0
ddpg_paper_actor_history,ddpg,historical_sp500_midquotes,10,True,835891747,-0.1731422343455051,-1.1547450153979806,10.957586896174403,9.907586896174443,1.049999999999944,0.0,0
ddpg_paper_actor_history,ddpg,historical_sp500_midquotes,10,True,2098874635,0.965991905744886,0.0119516235328569,10.563929095375189,9.767498565200963,0.7964305301742254,0.0,0
ddpg_paper_actor_history,ddpg,historical_sp500_midquotes,10,True,626392803,-25.515437306152307,-28.206332092397435,10.67894704406632,16.40394704406573,-5.724999999999454,0.0,0
ddpg_paper_actor_history,ddpg,historical_sp500_midquotes,20,False,401058792,0.6475593795930763,-3.74857269657622,20.96695513461431,20.966955134614317,0.0,0.0,0
ddpg_paper_actor_history,ddpg,historical_sp500_midquotes,20,False,1822668597,2.6003561976667697,-1.4661549756451135,20.165592412106022,20.16559241210603,0.0,0.0,0
ddpg_paper_actor_history,ddpg,historical_sp500_midquotes,20,False,1465431171,10.584989706352644,6.399337195747272,20.458867296615836,20.458867296615843,0.0,0.0,0
ddpg_paper_actor_history,ddpg,historical_sp500_midquotes,20,False,157564097,5.2804723958724935,0.9738686284738528,20.7523583416407,20.752358341640697,0.0,0.0,0
ddpg_paper_actor_history,ddpg,historical_sp500_midquotes,20,False,245238582,-22.985921551080537,-27.340418181263725,20.867430676015644,20.867430676015648,0.0,0.0,0
ddpg_paper_actor_history,ddpg,historical_sp500_midquotes,20,False,1117977144,4.518436772210407,0.3699061617052033,20.36794199349852,20.36794199349852,0.0,0.0,0
ddpg_paper_actor_history,ddpg,historical_sp500_midquotes,20,False,523826546,10.149597186782556,6.042929020662709,20.26491590438964,20.264915904389657,0.0,0.0,0
ddpg_paper_actor_history,ddpg,historical_sp500_midquotes,20,False,1124484429,-24.709462377295495,-29.03244819466577,20.791791210403872,20.791791210403865,0.0,0.0,0
ddpg_paper_actor_history,ddpg,historical_sp500_midquotes,20,False,171768458,11.030481120908007,6.887744068209954,20.353714778138325,20.353714778138297,0.0,0.0,0
ddpg_paper_actor_history,ddpg,historical_sp500_midquotes,20,False,1868865057,3.053154681738306,-1.029378074056872,20.205278408859357,20.20527840885935,0.0,0.0,0
ddpg_paper_actor_history,ddpg,historical_sp500_midquotes,20,False,301461638,5.3235178474024,1.0505571838586851,20.67114090596772,20.671140905967707,0.0,0.0,0
ddpg_paper_actor_history,ddpg,historical_sp500_midquotes,20,False,1387055752,8.920159021601648,4.673414983662166,20.6076297471094,20.6076297471094,0.0,0.0,0
ddpg_paper_actor_history,ddpg,historical_sp500_midquotes,20,False,1027367132,-27.71517686739753,-32.11455508904897,20.974694805053645,20.974694805053637,0.0,0.0,0
ddpg_paper_actor_history,ddpg,historical_sp500_midquotes,20,False,1111389845,1.090971286605054,-3.2857464237507292,20.92060637351551,20.92060637351552,0.0,0.0,0
ddpg_paper_actor_history,ddpg,historical_sp500_midquotes,20,False,180210118,0.5032127493450389,-3.734847961145304,20.586550732190048,20.58655073219004,0.0,0.0,0
ddpg_paper_actor_history,ddpg,historical_sp500_midquotes,20,False,1769597788,1.399700762834982,-2.6212838657235986,20.052392945877003,20.05239294587701,0.0,0.0,0
ddpg_paper_actor_history,ddpg,historical_sp500_midquotes,20,False,1541083806,4.149985936406665,-0.0817696710998401,20.571231386347534,20.57123138634755,0.0,0.0,0
ddpg_paper_actor_history,ddpg,historical_sp500_midquotes,20,False,2073530583,0.3368569225567626,-3.921121437315288,20.63486942016364,20.634869420163653,0.0,0.0,0
ddpg_paper_actor_history,ddpg,historical_sp500_midquotes,20,False,583456263,-23.572672762882576,-27.643101529597526,20.175303632696455,20.175303632696465,0.0,0.0,0
ddpg_paper_actor_history,ddpg,historical_sp500_midquotes,20,False,269688897,1.260631903727699,-2.942348653446831,20.50117205716424,20.50117205716427,0.0,0.0,0
ddpg_paper_actor_history,ddpg,historical_sp500_midquotes,20,False,977455710,1.5411583007935403,-2.6961307757124837,20.584676525284564,20.58467652528459,0.0,0.0,0
ddpg_paper_actor_history,ddpg,historical_sp500_midquotes,20,False,2018195485,1.4193495806030114,-2.954909693243697,20.91472991421766,20.914729914217656,0.0,0.0,0
ddpg_paper_actor_history,ddpg,historical_sp500_midquotes,20,False,1266812912,4.5519893464788765,0.4989110683217834,20.13225838836047,20.13225838836044,0.0,0.0,0
ddpg_paper_actor_history,ddpg,historical_sp500_midquotes,20,False,1737039599,1.4829294917963125,-2.5998726820216547,20.205945099940195,20.205945099940184,0.0,0.0,0
ddpg_paper_actor_history,ddpg,historical_sp500_midquotes,20,False,476600210,10.784580597490276,6.583004783156093,20.497745764679053,20.49774576467906,0.0,0.0,0
ddpg_paper_actor_history,ddpg,historical_sp500_midquotes,20,False,392787174,5.482018425289425,1.1732273551077386,20.75762768281024,20.75762768281021,0.0,0.0,0
ddpg_paper_actor_history,ddpg,historical_sp500_midquotes,20,False,369185566,10.461918224766125,6.243639281229535,20.538449171095124,20.538449171095145,0.0,0.0,0
ddpg_paper_actor_history,ddpg,historical_sp500_midquotes,20,False,1749636134,5.033250018723265,0.8356530920118423,20.488037794555694,20.488037794555687,0.0,0.0,0
ddpg_paper_actor_history,ddpg,historical_sp500_midquotes,20,False,510732936,9.82022350571242,5.669802067833551,20.372583139795665,20.372583139795672,0.0,0.0,0
ddpg_paper_actor_history,ddpg,historical_sp500_midquotes,20,False,569417501,2.718970948468268,-1.4783719874352066,20.48741793370624,20.487417933706222,0.0,0.0,0
ddpg_paper_actor_history,ddpg,historical_sp500_midquotes,20,False,1908420144,5.74593702425409,1.360179495917488,20.942200286351465,20.942200286351483,0.0,0.0,0
ddpg_paper_actor_history,ddpg,historical_sp500_midquotes,20,False,2034989486,11.183903023480523,6.849298759048232,20.81971244862018,20.81971244862016,0.0,0.0,0
ddpg_paper_actor_history,ddpg,historical_sp500_midquotes,20,False,564294971,11.175765359952493,6.810412138395369,20.893427726338075,20.893427726338068,0.0,0.0,0
ddpg_paper_actor_history,ddpg,historical_sp500_midquotes,20,False,1129817345,10.962601018070927,6.815162089136724,20.365261915659715,20.365261915659723,0.0,0.0,0
ddpg_paper_actor_history,ddpg,historical_sp500_midquotes,20,False,1190000565,1.4472086134883284,-2.5857780391714,20.08229731046656,20.08229731046657,0.0,0.0,0
ddpg_paper_actor_history,ddpg,historical_sp500_midquotes,20,False,1455278866,5.809837509723366,1.4002349741382352,20.99905363483107,20.999053634831096,0.0,0.0,0
ddpg_paper_actor_history,ddpg,historical_sp500_midquotes,20,False,1760722551,0.9211445855344208,-3.3871291304665325,20.756381466915073,20.75638146691507,0.0,0.0,0
ddpg_paper_actor_history,ddpg,historical_sp500_midquotes,20,False,328726188,1.0485497623030824,-2.983172861927815,20.079149942741353,20.079149942741346,0.0,0.0,0
ddpg_paper_actor_history,ddpg,historical_sp500_midquotes,20,False,232867167,2.0667383704876556,-2.115314390024954,20.45006787400132,20.45006787400132,0.0,0.0,0
ddpg_paper_actor_history,ddpg,historical_sp500_midquotes,20,False,628415013,-23.26809298358785,-27.36559161007163,20.242279087305803,20.242279087305807,0.0,0.0,0
ddpg_paper_actor_history,ddpg,historical_sp500_midquotes,20,False,55294341,5.600160850224711,1.3663151429926037,20.57631091141488,20.576310911414872,0.0,0.0,0
ddpg_paper_actor_history,ddpg,historical_sp500_midquotes,20,False,587962707,2.6974427638597263,-1.7020105066857747,20.97487370771394,20.974873707713954,0.0,0.0,0
ddpg_paper_actor_history,ddpg,historical_sp500_midquotes,20,False,829705679,1.903053112271664,-2.1554909376728206,20.14582847624908,20.145828476249083,0.0,0.0,0
ddpg_paper_actor_history,ddpg,historical_sp500_midquotes,20,False,379368625,3.278715709606331,-1.0921102980620605,20.906520532284645,20.90652053228464,0.0,0.0,0
ddpg_paper_actor_history,ddpg,historical_sp500_midquotes,20,False,205709869,10.175926165471536,6.098046394902106,20.193760844799144,20.193760844799147,0.0,0.0,0
ddpg_paper_actor_history,ddpg,historical_sp500_midquotes,20,False,865592973,-22.3518412311696,-26.67409386357257,20.790027975938287,20.790027975938287,0.0,0.0,0
ddpg_paper_actor_history,ddpg,historical_sp500_midquotes,20,False,675392413,-0.7683077552082977,-5.0098106510852265,20.594909312441573,20.59490931244158,0.0,0.0,0
ddpg_paper_actor_history,ddpg,historical_sp500_midquotes,20,False,1422536529,6.157923128697803,2.02552730351551,20.32829512079725,20.32829512079725,0.0,0.0,0
ddpg_paper_actor_history,ddpg,historical_sp500_midquotes,20,False,1001327361,3.0426908948447817,-1.1852632787465591,20.561989625499137,20.561989625499137,0.0,0.0,0
ddpg_paper_actor_history,ddpg,historical_sp500_midquotes,20,False,1177952687,10.090768335545365,6.05398005377083,20.091760206050964,20.09176020605097,0.0,0.0,0
ddpg_paper_actor_history,ddpg,historical_sp500_midquotes,20,False,1810240606,0.3246477045104257,-3.807349984585696,20.327315831403126,20.327315831403126,0.0,0.0,0
ddpg_paper_actor_history,ddpg,historical_sp500_midquotes,20,False,1181369059,1.527280738351692,-2.5430896091826067,20.17515885323904,20.175158853239047,0.0,0.0,0
ddpg_paper_actor_history,ddpg,historical_sp500_midquotes,20,False,1322332359,8.956897722022404,4.649080504118578,20.75528178055849,20.755281780558477,0.0,0.0,0
ddpg_paper_actor_history,ddpg,historical_sp500_midquotes,20,False,38137826,10.335467157705352,6.216336557452433,20.29564140462901,20.295641404629023,0.0,0.0,0
ddpg_paper_actor_history,ddpg,historical_sp500_midquotes,20,False,440852670,-23.69807111087357,-28.042518993051452,20.843339181085824,20.84333918108584,0.0,0.0,0
ddpg_paper_actor_history,ddpg,historical_sp500_midquotes,20,False,1945446605,-24.859372055601852,-29.00239266298719,20.35441133362825,20.35441133362824,0.0,0.0,0
ddpg_paper_actor_history,ddpg,historical_sp500_midquotes,20,False,1154827508,9.927200303047355,5.584137149569624,20.84001716284736,20.840017162847374,0.0,0.0,0
ddpg_paper_actor_history,ddpg,historical_sp500_midquotes,20,False,993215842,1.6521806840773934,-2.602144472717979,20.626015506625095,20.626015506625055,0.0,0.0,0
ddpg_paper_actor_history,ddpg,historical_sp500_midquotes,20,False,203881053,3.8908497116808576,-0.4474635351704092,20.828617925467995,20.828617925467995,0.0,0.0,0
ddpg_paper_actor_history,ddpg,historical_sp500_midquotes,20,False,1698224781,4.19266926187629,-0.1516562386491378,20.843045604050815,20.843045604050833,0.0,0.0,0
ddpg_paper_actor_history,ddpg,historical_sp500_midquotes,20,False,1641320225,2.0582839434373454,-2.180390082068926,20.58804027950761,20.588040279507595,0.0,0.0,0
ddpg_paper_actor_history,ddpg,historical_sp500_midquotes,20,False,835891747,0.2028577656565175,-4.189346719450486,20.957586896174405,20.957586896174387,0.0,0.0,0
ddpg_paper_actor_history,ddpg,historical_sp500_midquotes,20,False,2098874635,0.8253851435383694,-3.246214261816176,20.178204591475776,20.178204591475787,0.0,0.0,0
ddpg_paper_actor_history,ddpg,historical_sp500_midquotes,20,False,626392803,-24.60237804316239,-28.95210136350265,20.855990315351292,20.85599031535126,0.0,0.0,0
ddpg_paper_actor_history,ddpg,historical_sp500_midquotes,20,True,401058792,0.6475593795930763,-3.74857269657622,20.96695513461431,20.966955134614317,0.0,0.0,0
ddpg_paper_actor_history,ddpg,historical_sp500_midquotes,20,True,1822668597,2.512931519522681,-1.171244342218721,20.165592412106022,19.194207099386528,0.9713853127195016,0.0,0
ddpg_paper_actor_history,ddpg,historical_sp500_midquotes,20,True,1465431171,10.9672065309569,5.917957191437374,20.458867296615836,22.470534794524863,-2.0116674979090243,0.0,0
ddpg_paper_actor_history,ddpg,historical_sp500_midquotes,20,True,157564097,4.0753723958732735,4.070918724311692,20.7523583416407,0.6673583416412399,20.084999999999457,0.0,0
ddpg_paper_actor_history,ddpg,historical_sp500_midquotes,20,True,245238582,-22.932371551081815,-27.04208600622041,20.867430676015644,20.272430676015627,0.5950000000000202,0.0,0
ddpg_paper_actor_history,ddpg,historical_sp500_midquotes,20,True,1117977144,6.206236772210104,-0.6518462863373067,20.36794199349852,26.18794199349657,-5.81999999999805,0.0,0
ddpg_paper_actor_history,ddpg,historical_sp500_midquotes,20,True,523826546,11.84099718678226,4.381316561439244,20.26491590438964,27.31241590438864,-7.047499999998983,0.0,0
ddpg_paper_actor_history,ddpg,historical_sp500_midquotes,20,True,1124484429,-24.80623737729547,-28.573443230198052,20.791791210403872,19.409291210403783,1.3825000000000784,0.0,0
ddpg_paper_actor_history,ddpg,historical_sp500_midquotes,20,True,171768458,10.738581120909656,8.11945488070853,20.353714778138325,16.183714778137706,4.1700000000005915,0.0,0
ddpg_paper_actor_history,ddpg,historical_sp500_midquotes,20,True,1868865057,3.053154681738306,-1.029378074056872,20.205278408859357,20.20527840885935,0.0,0.0,0
ddpg_paper_actor_history,ddpg,historical_sp500_midquotes,20,True,301461638,5.245742847402653,1.1598300606484957,20.67114090596772,20.213640905967825,0.4574999999998823,0.0,0
ddpg_paper_actor_history,ddpg,historical_sp500_midquotes,20,True,1387055752,9.139534021600412,4.551314437770786,20.6076297471094,21.4201297471085,-0.8124999999991012,0.0,0
ddpg_paper_actor_history,ddpg,historical_sp500_midquotes,20,True,1027367132,-27.776592430414897,-31.359098540365917,20.974694805053645,18.927509371153462,2.0471854339001707,0.0,0
ddpg_paper_actor_history,ddpg,historical_sp500_midquotes,20,True,1111389845,1.1533712866039425,-3.555791883178621,20.92060637351551,21.70060637351538,-0.779999999999859,0.0,0
ddpg_paper_actor_history,ddpg,historical_sp500_midquotes,20,True,180210118,0.4756127493456006,-3.3921194276724003,20.586550732190048,19.66655073218993,0.9200000000001154,0.0,0
ddpg_paper_actor_history,ddpg,historical_sp500_midquotes,20,True,1769597788,1.3703060142615868,-2.4566004069978833,20.052392945877003,19.56248046966302,0.4899124762139913,0.0,0
ddpg_paper_actor_history,ddpg,historical_sp500_midquotes,20,True,1541083806,6.836835936404896,-2.065171096990728,20.571231386347534,29.836231386345737,-9.264999999998183,0.0,0
ddpg_paper_actor_history,ddpg,historical_sp500_midquotes,20,True,2073530583,0.4893319225557206,-1.9294300232567445,20.63486942016364,15.552369420163814,5.08249999999984,0.0,0
ddpg_paper_actor_history,ddpg,historical_sp500_midquotes,20,True,583456263,-23.651019422084573,-27.498770260414393,20.175303632696455,19.615684638395415,0.5596189943010429,0.0,0
ddpg_paper_actor_history,ddpg,historical_sp500_midquotes,20,True,269688897,1.260631903727699,-2.907568910949652,20.50117205716424,20.416172057164268,0.0850000000000008,0.0,0
ddpg_paper_actor_history,ddpg,historical_sp500_midquotes,20,True,977455710,1.5536583007924492,-2.18463886258144,20.584676525284564,19.334676525284536,1.2500000000000533,0.0,0
ddpg_paper_actor_history,ddpg,historical_sp500_midquotes,20,True,2018195485,1.1334745806016144,-1.176083390054255,20.91472991421766,15.197229914217491,5.717500000000165,0.0,0
ddpg_paper_actor_history,ddpg,historical_sp500_midquotes,20,True,1266812912,4.085589346479537,1.5599505796554798,20.13225838836047,15.89225838836022,4.240000000000222,0.0,0
ddpg_paper_actor_history,ddpg,historical_sp500_midquotes,20,True,1737039599,1.322265353277544,-1.5652403771837309,20.205945099940195,16.992662329550583,3.2132827703896005,0.0,0
ddpg_paper_actor_history,ddpg,historical_sp500_midquotes,20,True,476600210,9.996780597492034,6.9455591764970075,20.497745764679053,17.46774576468019,3.0299999999988714,0.0,0
ddpg_paper_actor_history,ddpg,historical_sp500_midquotes,20,True,392787174,5.7677291210056865,2.323047649928639,20.75762768281024,18.55985310038053,2.197774582429675,0.0,0
ddpg_paper_actor_history,ddpg,historical_sp500_midquotes,20,True,369185566,11.655418224763707,4.914411296163318,20.538449171095124,25.9634491710951,-5.4249999999999545,0.0,0
ddpg_paper_actor_history,ddpg,historical_sp500_midquotes,20,True,1749636134,5.043243651658486,1.245159313588729,20.488037794555694,19.48867450102689,0.9993632935287982,0.0,0
ddpg_paper_actor_history,ddpg,historical_sp500_midquotes,20,True,510732936,9.330478862386371,7.299632953384721,20.372583139795665,14.250775098224134,6.121808041571539,0.0,0
ddpg_paper_actor_history,ddpg,historical_sp500_midquotes,20,True,569417501,2.7243709484682768,-1.4453595357246938,20.48741793370624,20.419917933706223,0.0675000000000025,0.0,0
ddpg_paper_actor_history,ddpg,historical_sp500_midquotes,20,True,1908420144,3.827537024253615,3.02611812458418,20.942200286351465,8.952200286351033,11.99000000000045,0.0,0
ddpg_paper_actor_history,ddpg,historical_sp500_midquotes,20,True,2034989486,10.83158430826188,7.728062587592216,20.81971244862018,17.616815037542015,3.2028974110781427,0.0,0
ddpg_paper_actor_history,ddpg,historical_sp500_midquotes,20,True,564294971,14.827268526016269,2.6208602056497003,20.893427726338075,34.937670672737426,-14.044242946399358,0.0,0
ddpg_paper_actor_history,ddpg,historical_sp500_midquotes,20,True,1129817345,10.890428179816809,6.881790828706013,20.365261915659715,20.021581733496472,0.3436801821632517,0.0,0
ddpg_paper_actor_history,ddpg,historical_sp500_midquotes,20,True,1190000565,1.306283613488631,-1.060636269352517,20.08229731046656,15.384797310465771,4.697500000000797,0.0,0
ddpg_paper_actor_history,ddpg,historical_sp500_midquotes,20,True,1455278866,6.6768245401690365,0.8155270287804974,20.99905363483107,24.210116710558292,-3.2110630757271967,0.0,0
ddpg_paper_actor_history,ddpg,historical_sp500_midquotes,20,True,1760722551,1.198498304525856,-1.925442521061224,20.756381466915073,17.674673478135542,3.081707988779526,0.0,0
ddpg_paper_actor_history,ddpg,historical_sp500_midquotes,20,True,328726188,1.0011247623042436,-2.763115442702478,20.079149942741353,19.401649942741265,0.6775000000000801,0.0,0
ddpg_paper_actor_history,ddpg,historical_sp500_midquotes,20,True,232867167,2.0144883704888343,-1.9565912432403856,20.45006787400132,19.92756787400113,0.5225000000001891,0.0,0
ddpg_paper_actor_history,ddpg,historical_sp500_midquotes,20,True,628415013,-23.447867983588367,-26.776587623034295,20.242279087305803,18.244779087305844,1.9974999999999632,0.0,0
ddpg_paper_actor_history,ddpg,historical_sp500_midquotes,20,True,55294341,9.567410850224404,-0.6159067906246385,20.57631091141488,31.911310911413594,-11.334999999998722,0.0,0
ddpg_paper_actor_history,ddpg,historical_sp500_midquotes,20,True,587962707,2.6496677638606343,-1.4681365430745084,20.97487370771394,20.2923737077138,0.6825000000001538,0.0,0
ddpg_paper_actor_history,ddpg,historical_sp500_midquotes,20,True,829705679,2.6735091936443496,-3.0855831060132752,20.14582847624908,23.99810888311332,-3.85228040686424,0.0,0
ddpg_paper_actor_history,ddpg,historical_sp500_midquotes,20,True,379368625,4.328518207890738,-2.062618507819523,20.906520532284645,25.28069760847248,-4.3741770761878405,0.0,0
ddpg_paper_actor_history,ddpg,historical_sp500_midquotes,20,True,205709869,10.976926165471014,9.492485882238345,20.193760844799144,12.183760844799394,8.009999999999753,0.0,0
ddpg_paper_actor_history,ddpg,historical_sp500_midquotes,20,True,865592973,-21.176319173857337,-28.287948478849355,20.790027975938287,26.66763826249339,-5.877610286555108,0.0,0
ddpg_paper_actor_history,ddpg,historical_sp500_midquotes,20,True,675392413,-0.7860577552073664,-4.882597044965951,20.594909312441573,20.23990931244155,0.3550000000000253,0.0,0
ddpg_paper_actor_history,ddpg,historical_sp500_midquotes,20,True,1422536529,8.146473128696016,0.4772871822208264,20.32829512079725,27.69329512079628,-7.3649999999990285,0.0,0
ddpg_paper_actor_history,ddpg,historical_sp500_midquotes,20,True,1001327361,5.093301680441073,-3.000128262036146,20.561989625499137,28.448954185483196,-7.886964559984063,0.0,0
ddpg_paper_actor_history,ddpg,historical_sp500_midquotes,20,True,1177952687,10.341518335544606,5.690266877691514,20.091760206050964,21.566760206051097,-1.4750000000001258,0.0,0
ddpg_paper_actor_history,ddpg,historical_sp500_midquotes,20,True,1810240606,0.2215727045113453,-3.333468095849901,20.327315831403126,18.854815831402984,1.4725000000001425,0.0,0
ddpg_paper_actor_history,ddpg,historical_sp500_midquotes,20,True,1181369059,1.240954416798559,-0.4534686852376475,20.17515885323904,13.017000814458784,7.158158038780265,0.0,0
ddpg_paper_actor_history,ddpg,historical_sp500_midquotes,20,True,1322332359,9.97164772202268,3.536404197362499,20.75528178055849,25.36778178055815,-4.612499999999677,0.0,0
ddpg_paper_actor_history,ddpg,historical_sp500_midquotes,20,True,38137826,10.335467157705352,9.085850531350964,20.29564140462901,11.178625256955293,9.11701614767373,0.0,0
ddpg_paper_actor_history,ddpg,historical_sp500_midquotes,20,True,440852670,-24.127621110872497,-27.696259160528896,20.843339181085824,18.89083918108563,1.9525000000002064,0.0,0
ddpg_paper_actor_history,ddpg,historical_sp500_midquotes,20,True,1945446605,-24.859372055601852,-29.00239266298719,20.35441133362825,20.35441133362824,0.0,0.0,0
ddpg_paper_actor_history,ddpg,historical_sp500_midquotes,20,True,1154827508,9.817200303046777,5.880937492826017,20.84001716284736,19.84001716284731,1.0000000000000675,0.0,0
ddpg_paper_actor_history,ddpg,historical_sp500_midquotes,20,True,993215842,1.7545556840759673,-2.301042384029789,20.626015506625095,20.138515506625,0.487500000000054,0.0,0
ddpg_paper_actor_history,ddpg,historical_sp500_midquotes,20,True,203881053,4.1499993960533175,0.2498374906113474,20.828617925467995,19.74882757391428,1.0797903515537166,0.0,0
ddpg_paper_actor_history,ddpg,historical_sp500_midquotes,20,True,1698224781,3.872269261875772,0.322607675292649,20.843045604050815,18.84054560405065,2.0025000000001825,0.0,0
ddpg_paper_actor_history,ddpg,historical_sp500_midquotes,20,True,1641320225,2.12308394343745,-1.2728427419940802,20.58804027950761,18.42804027950756,2.1600000000000357,0.0,0
ddpg_paper_actor_history,ddpg,historical_sp500_midquotes,20,True,835891747,0.2222577656557405,-4.068890485504819,20.957586896174405,20.71508689617439,0.2424999999999961,0.0,0
ddpg_paper_actor_history,ddpg,historical_sp500_midquotes,20,True,2098874635,0.8044601435376535,-3.173851172966516,20.178204591475776,19.945704591475753,0.2325000000000336,0.0,0
ddpg_paper_actor_history,ddpg,historical_sp500_midquotes,20,True,626392803,-24.44177174692595,-29.28317023200148,20.855990315351292,22.00317814561235,-1.1471878302610905,0.0,0
td3_verified_history,td3,historical_sp500_midquotes,0,False,401058792,1.5242304404746392,1.5240584042717649,0.1311625719762759,0.1311625719762768,0.0,0.0,0
td3_verified_history,td3,historical_sp500_midquotes,0,False,1822668597,1.0658588604474062,1.0644944566607657,0.3693783678886149,0.3693783678886184,0.0,0.0,0
td3_verified_history,td3,historical_sp500_midquotes,0,False,1465431171,5.348730418718333,5.348376817963243,0.1880427491527854,0.1880427491528085,0.0,0.0,0
td3_verified_history,td3,historical_sp500_midquotes,0,False,157564097,-1.6011582360188186,-1.6088610566840558,0.8776571463411642,0.8776571463411651,0.0,0.0,0
td3_verified_history,td3,historical_sp500_midquotes,0,False,245238582,-23.816754966472217,-23.82356634756249,0.8253109165807189,0.825310916580726,0.0,0.0,0
td3_verified_history,td3,historical_sp500_midquotes,0,False,1117977144,-3.337537009831067,-3.343801415525793,0.7914799867795779,0.7914799867795903,0.0,0.0,0
td3_verified_history,td3,historical_sp500_midquotes,0,False,523826546,5.671392271486184,5.671205370476816,0.1367117439606175,0.1367117439606389,0.0,0.0,0
td3_verified_history,td3,historical_sp500_midquotes,0,False,1124484429,-26.58813046740761,-26.590811649891585,0.517801359980524,0.5178013599805205,0.0,0.0,0
td3_verified_history,td3,historical_sp500_midquotes,0,False,171768458,6.175886043301944,6.172219070670878,0.6055553344712479,0.6055553344712195,0.0,0.0,0
td3_verified_history,td3,historical_sp500_midquotes,0,False,1868865057,3.5402610596920567,3.5387044293621366,0.3945415478654155,0.3945415478654048,0.0,0.0,0
td3_verified_history,td3,historical_sp500_midquotes,0,False,301461638,-1.672627933372496,-1.6728907962568276,0.162130467319244,0.1621304673192334,0.0,0.0,0
td3_verified_history,td3,historical_sp500_midquotes,0,False,1387055752,3.68979414569003,3.689221383615369,0.2393244815435053,0.2393244815434982,0.0,0.0,0
td3_verified_history,td3,historical_sp500_midquotes,0,False,1027367132,-33.97839731181739,-33.98745524576176,0.9517317870267163,0.9517317870267136,0.0,0.0,0
td3_verified_history,td3,historical_sp500_midquotes,0,False,1111389845,-1.9451096650682305,-1.9451297562694072,0.044823209587264,0.0448232095872698,0.0,0.0,0
td3_verified_history,td3,historical_sp500_midquotes,0,False,180210118,-1.937151939557225,-1.9404154499559507,0.5712714239943892,0.5712714239943857,0.0,0.0,0
td3_verified_history,td3,historical_sp500_midquotes,0,False,1769597788,2.6900090191957133,2.687777257511565,0.4724152499812106,0.4724152499812231,0.0,0.0,0
td3_verified_history,td3,historical_sp500_midquotes,0,False,1541083806,-3.288074811705883,-3.2949723352897484,0.8305133101802369,0.8305133101802511,0.0,0.0,0
td3_verified_history,td3,historical_sp500_midquotes,0,False,2073530583,1.0337166276985954,1.033391668717827,0.1802661867262713,0.1802661867262962,0.0,0.0,0
td3_verified_history,td3,historical_sp500_midquotes,0,False,583456263,-26.59121905205393,-26.592877188081644,0.4072021644974768,0.4072021644974848,0.0,0.0,0
td3_verified_history,td3,historical_sp500_midquotes,0,False,269688897,2.3720501466668793,2.3706840025359175,0.3696138702702711,0.3696138702702898,0.0,0.0,0
td3_verified_history,td3,historical_sp500_midquotes,0,False,977455710,2.2929179231759917,2.2901821313728936,0.5230479713274576,0.5230479713274807,0.0,0.0,0
td3_verified_history,td3,historical_sp500_midquotes,0,False,2018195485,-0.7061831949540647,-0.707629516169528,0.3803053004447037,0.3803053004446926,0.0,0.0,0
td3_verified_history,td3,historical_sp500_midquotes,0,False,1266812912,-3.4863822018705832,-3.486877361322668,0.2225217859187722,0.2225217859187558,0.0,0.0,0
td3_verified_history,td3,historical_sp500_midquotes,0,False,1737039599,0.1950280677519913,0.1932347945669262,0.42347056391975,0.42347056391975,0.0,0.0,0
td3_verified_history,td3,historical_sp500_midquotes,0,False,476600210,5.471905004076689,5.468653157461937,0.5702496483779527,0.5702496483779669,0.0,0.0,0
td3_verified_history,td3,historical_sp500_midquotes,0,False,392787174,-2.7989538873025595,-2.8031858745932183,0.6505372618581902,0.6505372618581511,0.0,0.0,0
td3_verified_history,td3,historical_sp500_midquotes,0,False,369185566,5.33110801917428,5.330905685720565,0.14224396427106,0.1422439642710902,0.0,0.0,0
td3_verified_history,td3,historical_sp500_midquotes,0,False,1749636134,5.266726843132346,5.260283067068326,0.802731341360257,0.8027313413602446,0.0,0.0,0
td3_verified_history,td3,historical_sp500_midquotes,0,False,510732936,4.975935034106442,4.97248947797381,0.5869885972172852,0.5869885972172959,0.0,0.0,0
td3_verified_history,td3,historical_sp500_midquotes,0,False,569417501,3.266269991034278,3.2570651408895093,0.9594191026224764,0.959419102622456,0.0,0.0,0
td3_verified_history,td3,historical_sp500_midquotes,0,False,1908420144,-2.264471308444626,-2.2644939833008566,0.0476181228421239,0.0476181228421275,0.0,0.0,0
td3_verified_history,td3,historical_sp500_midquotes,0,False,2034989486,6.127942567611171,6.1203699788774495,0.8702062246227911,0.8702062246227626,0.0,0.0,0
td3_verified_history,td3,historical_sp500_midquotes,0,False,564294971,5.368789385442142,5.368751126416346,0.0618538808771518,0.0618538808771327,0.0,0.0,0
td3_verified_history,td3,historical_sp500_midquotes,0,False,1129817345,6.113730661098089,6.111471829989053,0.4752716180285716,0.4752716180285734,0.0,0.0,0
td3_verified_history,td3,historical_sp500_midquotes,0,False,1190000565,2.614955619470493,2.61448255422974,0.2175006300571738,0.2175006300571871,0.0,0.0,0
td3_verified_history,td3,historical_sp500_midquotes,0,False,1455278866,-2.5813360075408127,-2.583168948892452,0.4281286432416209,0.4281286432416431,0.0,0.0,0
td3_verified_history,td3,historical_sp500_midquotes,0,False,1760722551,1.4378432482753851,1.4310796956023302,0.8224082120854064,0.8224082120853957,0.0,0.0,0
td3_verified_history,td3,historical_sp500_midquotes,0,False,328726188,-1.935422361118981,-1.939796451444192,0.6613690592408403,0.6613690592408297,0.0,0.0,0
td3_verified_history,td3,historical_sp500_midquotes,0,False,232867167,-1.373435620975215,-1.3746078163301232,0.3423733860725946,0.3423733860725946,0.0,0.0,0
td3_verified_history,td3,historical_sp500_midquotes,0,False,628415013,-24.68610432628157,-24.686475505861956,0.1926602139496367,0.1926602139496456,0.0,0.0,0
td3_verified_history,td3,historical_sp500_midquotes,0,False,55294341,-0.9729634334271396,-0.9737621772725868,0.2826205663866687,0.2826205663866594,0.0,0.0,0
td3_verified_history,td3,historical_sp500_midquotes,0,False,587962707,3.184886533035751,3.184200236962209,0.2619725316787509,0.2619725316787797,0.0,0.0,0
td3_verified_history,td3,historical_sp500_midquotes,0,False,829705679,-4.743215542175676,-4.748294337043928,0.7126566402028516,0.712656640202864,0.0,0.0,0
td3_verified_history,td3,historical_sp500_midquotes,0,False,379368625,-4.637674573144977,-4.6376755743244145,0.0100058954475485,0.0100058954475565,0.0,0.0,0
td3_verified_history,td3,historical_sp500_midquotes,0,False,205709869,4.997185219765015,4.995830890962628,0.3680120653439047,0.3680120653438967,0.0,0.0,0
td3_verified_history,td3,historical_sp500_midquotes,0,False,865592973,-23.790622241036544,-23.797354488324117,0.8205027292809461,0.8205027292809461,0.0,0.0,0
td3_verified_history,td3,historical_sp500_midquotes,0,False,675392413,-1.9153738753284415,-1.9234360075339336,0.8978937690780668,0.897893769078081,0.0,0.0,0
td3_verified_history,td3,historical_sp500_midquotes,0,False,1422536529,-1.774837393888447,-1.7793551713340203,0.6721441397180854,0.6721441397180872,0.0,0.0,0
td3_verified_history,td3,historical_sp500_midquotes,0,False,1001327361,-4.47291052187029,-4.474171034358404,0.3550369682321701,0.355036968232163,0.0,0.0,0
td3_verified_history,td3,historical_sp500_midquotes,0,False,1177952687,4.9223309817480185,4.919848451803921,0.4982499316705286,0.4982499316705393,0.0,0.0,0
td3_verified_history,td3,historical_sp500_midquotes,0,False,1810240606,-3.2443053099013923,-3.25344429396585,0.95598033789706,0.9559803378970528,0.0,0.0,0
td3_verified_history,td3,historical_sp500_midquotes,0,False,1181369059,1.5189590685713483,1.5175143185911604,0.3800986687937779,0.3800986687937771,0.0,0.0,0
td3_verified_history,td3,historical_sp500_midquotes,0,False,1322332359,4.054419730304289,4.0475131237905755,0.8310599565442658,0.8310599565442658,0.0,0.0,0
td3_verified_history,td3,historical_sp500_midquotes,0,False,38137826,5.0998736361725605,5.09561553644972,0.6525411652026634,0.652541165202678,0.0,0.0,0
td3_verified_history,td3,historical_sp500_midquotes,0,False,440852670,-26.300730468119585,-26.308206341145077,0.8646313101834835,0.8646313101834959,0.0,0.0,0
td3_verified_history,td3,historical_sp500_midquotes,0,False,1945446605,-30.21081326107196,-30.214281207047943,0.5888926876759939,0.5888926876759886,0.0,0.0,0
td3_verified_history,td3,historical_sp500_midquotes,0,False,1154827508,4.318498817841828,4.315262952340744,0.5688466841851181,0.5688466841851323,0.0,0.0,0
td3_verified_history,td3,historical_sp500_midquotes,0,False,993215842,0.3816161342328996,0.3809796812371394,0.2522802005232449,0.2522802005232041,0.0,0.0,0
td3_verified_history,td3,historical_sp500_midquotes,0,False,203881053,4.58506339716223,4.577696618617783,0.8582993967402643,0.858299396740259,0.0,0.0,0
td3_verified_history,td3,historical_sp500_midquotes,0,False,1698224781,-2.6432829555087665,-2.643952735330464,0.2588010474664912,0.2588010474665143,0.0,0.0,0
td3_verified_history,td3,historical_sp500_midquotes,0,False,1641320225,2.806289594123882,2.80233679417396,0.6287129670940743,0.6287129670940601,0.0,0.0,0
td3_verified_history,td3,historical_sp500_midquotes,0,False,835891747,-0.6571422343440645,-0.6663119609813135,0.957586896174405,0.9575868961743872,0.0,0.0,0
td3_verified_history,td3,historical_sp500_midquotes,0,False,2098874635,1.5704580377660022,1.5664631728321152,0.6320494390383402,0.63204943903835,0.0,0.0,0
td3_verified_history,td3,historical_sp500_midquotes,0,False,626392803,-29.335657134455687,-29.335731443357908,0.0862026114572813,0.0862026114572449,0.0,0.0,0
td3_verified_history,td3,historical_sp500_midquotes,0,True,401058792,1.8367554404740076,1.725110082394872,0.1311625719762759,-3.3413374280239294,3.472500000000206,0.0,0
td3_verified_history,td3,historical_sp500_midquotes,0,True,1822668597,1.0368588604474065,1.0354944566607658,0.3693783678886149,0.3693783678886184,0.0,0.029,1
td3_verified_history,td3,historical_sp500_midquotes,0,True,1465431171,5.8351804187168455,5.751628044870021,0.1880427491527854,2.890542749153253,-2.7025000000004447,0.0,0
td3_verified_history,td3,historical_sp500_midquotes,0,True,157564097,-1.6131582360188186,-1.613964909670743,0.8776571463411642,0.2840200084367531,0.593637137904412,0.012,1
td3_verified_history,td3,historical_sp500_midquotes,0,True,245238582,-23.199154966472634,-23.674522342042827,0.8253109165807189,-6.894689083419159,7.719999999999885,0.0,0
td3_verified_history,td3,historical_sp500_midquotes,0,True,1117977144,-2.8135870098305458,-2.877924317063886,0.7914799867795779,2.536479986779712,-1.7450000000001218,0.017,1
td3_verified_history,td3,historical_sp500_midquotes,0,True,523826546,5.622392271486183,5.622205370476816,0.1367117439606175,0.1367117439606389,0.0,0.049,2
td3_verified_history,td3,historical_sp500_midquotes,0,True,1124484429,-26.709755467407376,-26.72463211513204,0.517801359980524,-1.2196986400198604,1.7375000000003809,0.0,0
td3_verified_history,td3,historical_sp500_midquotes,0,True,171768458,6.15192942450958,6.148048819514224,0.6055553344712479,0.6229450212785071,-0.0173896868072876,0.025,1
td3_verified_history,td3,historical_sp500_midquotes,0,True,1868865057,3.7513110596919432,3.7475844644741185,0.3945415478654155,-0.6104584521345195,1.0049999999999244,0.0,0
td3_verified_history,td3,historical_sp500_midquotes,0,True,301461638,-1.591866772996582,-1.5959269619065009,0.162130467319244,0.6371961165856934,-0.47506564926646,0.0,0
td3_verified_history,td3,historical_sp500_midquotes,0,True,1387055752,3.6052704836092744,3.60521612820341,0.2393244815435053,-0.0737261187533837,0.313050600296882,0.0,0
td3_verified_history,td3,historical_sp500_midquotes,0,True,1027367132,-33.932234711010096,-33.994259873696684,0.9517317870267163,2.4904851472471483,-1.5387533602204349,0.0,0
td3_verified_history,td3,historical_sp500_midquotes,0,True,1111389845,-1.1031347816679045,-2.2202800399710574,0.044823209587264,10.569509252104153,-10.524686042516883,0.0,0
td3_verified_history,td3,historical_sp500_midquotes,0,True,180210118,-1.8413019395557055,-2.129002378444249,0.5712714239943892,5.363771423993974,-4.792499999999588,0.0,0
td3_verified_history,td3,historical_sp500_midquotes,0,True,1769597788,2.879353859440016,2.7477182218349108,0.4724152499812106,3.6281625873864214,-3.1557473374051983,0.0,0
td3_verified_history,td3,historical_sp500_midquotes,0,True,1541083806,-2.9197372976050247,-2.962103493317136,0.8305133101802369,2.058305023851208,-1.2277917136709569,0.0,0
td3_verified_history,td3,historical_sp500_midquotes,0,True,2073530583,1.0594241479357152,1.0572858085471708,0.1802661867262713,-0.4624218191807427,0.642688005907039,0.0,0
td3_verified_history,td3,historical_sp500_midquotes,0,True,583456263,-25.616942420310806,-26.15956926556124,0.4072021644974768,7.366320962668114,-6.959118798170629,0.0,0
td3_verified_history,td3,historical_sp500_midquotes,0,True,269688897,2.3720501466668793,2.37089677085808,0.3696138702702711,0.3396138702702389,0.0300000000000508,0.0,0
td3_verified_history,td3,historical_sp500_midquotes,0,True,977455710,2.288317923177601,2.2826471107063946,0.5230479713274576,0.7530479713276232,-0.2300000000001425,0.0,0
td3_verified_history,td3,historical_sp500_midquotes,0,True,2018195485,-0.5627831949550455,-0.7200196562123626,0.3803053004447037,3.965305300444306,-3.5849999999996136,0.0,0
td3_verified_history,td3,historical_sp500_midquotes,0,True,1266812912,-3.515382201870583,-3.515877361322668,0.2225217859187722,0.2225217859187558,0.0,0.029,1
td3_verified_history,td3,historical_sp500_midquotes,0,True,1737039599,0.6703768886454782,-0.3157608839369391,0.42347056391975,9.930446981795017,-9.506976417875263,0.0,0
td3_verified_history,td3,historical_sp500_midquotes,0,True,476600210,5.439905004076689,5.436653157461937,0.5702496483779527,0.5702496483779669,0.0,0.032,2
td3_verified_history,td3,historical_sp500_midquotes,0,True,392787174,-2.719328887304073,-2.719343355636969,0.6505372618581902,0.0380372618576636,0.6125000000004874,0.0,0
td3_verified_history,td3,historical_sp500_midquotes,0,True,369185566,7.084508019173882,6.426422997815351,0.14224396427106,8.11224396427111,-7.97000000000002,0.0,0
td3_verified_history,td3,historical_sp500_midquotes,0,True,1749636134,5.274882701360184,5.274881048983251,0.802731341360257,-0.0128544814498736,0.8155858228101183,0.0,0
td3_verified_history,td3,historical_sp500_midquotes,0,True,510732936,5.08195239163615,5.037788432861341,0.5869885972172852,2.101522276227608,-1.5145336790103123,0.0,0
td3_verified_history,td3,historical_sp500_midquotes,0,True,569417501,3.530869991032887,3.4757351520265956,0.9594191026224764,-2.348080897377499,3.307499999999955,0.0,0
td3_verified_history,td3,historical_sp500_midquotes,0,True,1908420144,-2.5214713084446267,-2.5214939833008567,0.0476181228421239,0.0476181228421275,0.0,0.257,11
td3_verified_history,td3,historical_sp500_midquotes,0,True,2034989486,6.563660151074146,6.330247953856236,0.8702062246227911,4.8312751651909664,-3.9610689405682034,0.0,0
td3_verified_history,td3,historical_sp500_midquotes,0,True,564294971,5.339789385442142,5.339751126416346,0.0618538808771518,0.0618538808771327,0.0,0.029,1
td3_verified_history,td3,historical_sp500_midquotes,0,True,1129817345,6.7217817637738335,6.608162001902959,0.4752716180285716,3.3707530593455672,-2.895481441316994,0.0,0
td3_verified_history,td3,historical_sp500_midquotes,0,True,1190000565,2.7259056194707227,2.393553296825156,0.2175006300571738,5.76500063005692,-5.547499999999733,0.0,0
td3_verified_history,td3,historical_sp500_midquotes,0,True,1455278866,-2.8909955107828864,-2.896161647241997,0.4281286432416209,-0.7187584058020342,1.146887049043677,0.0,0
td3_verified_history,td3,historical_sp500_midquotes,0,True,1760722551,1.4648095277370885,1.462076508291308,0.8224082120854064,0.5227828847409254,0.2996253273444703,0.0,0
td3_verified_history,td3,historical_sp500_midquotes,0,True,328726188,-1.6225223611181718,-1.9678394943221011,0.6613690592408403,5.876369059239977,-5.214999999999147,0.0,0
td3_verified_history,td3,historical_sp500_midquotes,0,True,232867167,-0.3220106209755613,-1.7679864204861075,0.3423733860725946,12.024873386071665,-11.68249999999907,0.0,0
td3_verified_history,td3,historical_sp500_midquotes,0,True,628415013,-24.321104326279965,-24.54721981288326,0.1926602139496367,4.755160213949617,-4.562499999999972,0.0,0
td3_verified_history,td3,historical_sp500_midquotes,0,True,55294341,1.4962865665711431,0.9578798108086836,0.2826205663866687,7.337620566385672,-7.054999999999012,0.0,0
td3_verified_history,td3,historical_sp500_midquotes,0,True,587962707,3.596410213063791,3.2193058654251323,0.2619725316787509,6.140882246376808,-5.878909714698028,0.0,0
td3_verified_history,td3,historical_sp500_midquotes,0,True,829705679,-4.609715542176753,-4.630600319323976,0.7126566402028516,1.4451566402028444,-0.7324999999999804,0.013,1
td3_verified_history,td3,historical_sp500_midquotes,0,True,379368625,-4.653521952859126,-4.653626623109868,0.0100058954475485,0.1023084799718345,-0.0923025845242779,0.038,2
td3_verified_history,td3,historical_sp500_midquotes,0,True,205709869,5.264210219766028,5.221795314236087,0.3680120653439047,-2.0594879346561052,2.427500000000002,0.0,0
td3_verified_history,td3,historical_sp500_midquotes,0,True,865592973,-22.59963437173974,-23.05870052496027,0.8205027292809461,6.775442075765463,-5.954939346484517,0.0,0
td3_verified_history,td3,historical_sp500_midquotes,0,True,675392413,-1.5265738753296318,-2.6539705562439924,0.8978937690780668,10.6178937690785,-9.720000000000418,0.0,0
td3_verified_history,td3,historical_sp500_midquotes,0,True,1422536529,-1.222878913178647,-1.2927558402427135,0.6721441397180854,2.6434244279734336,-1.9712802882553464,0.0,0
td3_verified_history,td3,historical_sp500_midquotes,0,True,1001327361,-4.431038166574945,-4.434670788442401,0.3550369682321701,0.6027123582153797,-0.2476753899832167,0.025,1
td3_verified_history,td3,historical_sp500_midquotes,0,True,1177952687,5.7566059817490896,5.464384658511518,0.4982499316705286,5.405749931670638,-4.907500000000098,0.0,0
td3_verified_history,td3,historical_sp500_midquotes,0,True,1810240606,-3.0666466040420346,-3.188724298146691,0.95598033789706,3.4939618501731893,-2.5379815122761364,0.0,0
td3_verified_history,td3,historical_sp500_midquotes,0,True,1181369059,1.7822840685712436,0.9436679347845258,0.3800986687937779,9.157598668792588,-8.77749999999881,0.0,0
td3_verified_history,td3,historical_sp500_midquotes,0,True,1322332359,5.163769730303102,4.818782664671899,0.8310599565442658,5.873559956544266,-5.0425,0.0,0
td3_verified_history,td3,historical_sp500_midquotes,0,True,38137826,5.0998736361725605,4.560725512937784,0.6525411652026634,-7.342670653343891,7.995211818546569,0.0,0
td3_verified_history,td3,historical_sp500_midquotes,0,True,440852670,-26.719330468121463,-26.724017668430303,0.8646313101834835,0.6846313101834891,0.1800000000000068,0.379,19
td3_verified_history,td3,historical_sp500_midquotes,0,True,1945446605,-30.169420435147913,-30.191346599564984,0.5888926876759939,-1.480748608544661,2.0696412962206496,0.0,0
td3_verified_history,td3,historical_sp500_midquotes,0,True,1154827508,4.3244570724546065,4.320575625018328,0.5688466841851181,0.6230126352072878,-0.0541659510221554,0.0,0
td3_verified_history,td3,historical_sp500_midquotes,0,True,993215842,1.236243319703135,1.090519948634459,0.2522802005232449,-3.817373063622105,4.069653264145309,0.0,0
td3_verified_history,td3,historical_sp500_midquotes,0,True,203881053,5.335438397161852,5.277636591754698,0.8582993967402643,-2.4042006032599215,3.2625000000001805,0.0,0
td3_verified_history,td3,historical_sp500_midquotes,0,True,1698224781,-3.0807541312078683,-3.142029875890759,0.2588010474664912,-2.475393800648519,2.7341948481150338,0.0,0
td3_verified_history,td3,historical_sp500_midquotes,0,True,1641320225,2.8099289096935536,2.807037373327272,0.6287129670940743,0.5377300778533332,0.0909828892407269,0.0,0
td3_verified_history,td3,historical_sp500_midquotes,0,True,835891747,-0.3117422343439102,-0.4246323949964965,0.957586896174405,-3.359913103825548,4.317499999999935,0.0,0
td3_verified_history,td3,historical_sp500_midquotes,0,True,2098874635,2.0005165827424207,1.7077838915267725,0.6320494390383402,5.410477716575942,-4.778428277537592,0.0,0
td3_verified_history,td3,historical_sp500_midquotes,0,True,626392803,-28.45425713445547,-28.92570451747125,0.0862026114572813,6.866202611456887,-6.779999999999642,0.0,0
td3_verified_history,td3,historical_sp500_midquotes,10,False,401058792,1.2844478295155568,0.1051286549546979,10.85964628595636,10.859646285956366,0.0,0.0,0
td3_verified_history,td3,historical_sp500_midquotes,10,False,1822668597,2.3257026213686913,1.1917445875474184,10.648746563897888,10.648746563897898,0.0,0.0,0
td3_verified_history,td3,historical_sp500_midquotes,10,False,1465431171,8.06822687071326,6.8986154392488315,10.814857518545622,10.81485751854563,0.0,0.0,0
td3_verified_history,td3,historical_sp500_midquotes,10,False,157564097,1.2298099454856128,0.1666320374359173,10.311051876747086,10.311051876747085,0.0,0.0,0
td3_verified_history,td3,historical_sp500_midquotes,10,False,245238582,-23.41675496647258,-24.588628530879,10.82531091658072,10.825310916580726,0.0,0.0,0
td3_verified_history,td3,historical_sp500_midquotes,10,False,1117977144,0.7090922648985725,-0.4778266268853723,10.89458072522271,10.894580725222724,0.0,0.0,0
td3_verified_history,td3,historical_sp500_midquotes,10,False,523826546,7.94959718678183,6.895912201539913,10.26491590438964,10.264915904389657,0.0,0.0,0
td3_verified_history,td3,historical_sp500_midquotes,10,False,1124484429,-25.60983446546561,-26.712494360936596,10.500761379400004,10.500761379400004,0.0,0.0,0
td3_verified_history,td3,historical_sp500_midquotes,10,False,171768458,8.675886043301944,7.551108003776634,10.605555334471248,10.60555533447122,0.0,0.0,0
td3_verified_history,td3,historical_sp500_midquotes,10,False,1868865057,3.09315468173736,1.9375596857290984,10.74986044564423,10.74986044564422,0.0,0.0,0
td3_verified_history,td3,historical_sp500_midquotes,10,False,301461638,2.07582852536325,0.9517435660518634,10.602287297142013,10.602287297142,0.0,0.0,0
td3_verified_history,td3,historical_sp500_midquotes,10,False,1387055752,6.349287760293009,5.284821186128234,10.317298939958931,10.317298939958924,0.0,0.0,0
td3_verified_history,td3,historical_sp500_midquotes,10,False,1027367132,-30.727322542416005,-31.85525056526969,10.620395580455964,10.620395580455964,0.0,0.0,0
td3_verified_history,td3,historical_sp500_midquotes,10,False,1111389845,-0.078750385893727,-1.2003088145262424,10.590365567970323,10.59036556797033,0.0,0.0,0
td3_verified_history,td3,historical_sp500_midquotes,10,False,180210118,-0.6371519395561336,-1.7546697347537366,10.57127142399439,10.571271423994386,0.0,0.0,0
td3_verified_history,td3,historical_sp500_midquotes,10,False,1769597788,2.224627696628886,1.068173880026248,10.75385426999378,10.753854269993797,0.0,0.0,0
td3_verified_history,td3,historical_sp500_midquotes,10,False,1541083806,0.5652837457273563,-0.4833146162086057,10.240109188558293,10.240109188558304,0.0,0.0,0
td3_verified_history,td3,historical_sp500_midquotes,10,False,2073530583,0.6093610085026739,-0.5989060475932679,10.992120159896077,10.992120159896096,0.0,0.0,0
td3_verified_history,td3,historical_sp500_midquotes,10,False,583456263,-24.480168110012528,-25.62017595476795,10.677114988401216,10.67711498840123,0.0,0.0,0
td3_verified_history,td3,historical_sp500_midquotes,10,False,269688897,1.4499829933374713,0.3842926622053535,10.323227843713,10.32322784371302,0.0,0.0,0
td3_verified_history,td3,historical_sp500_midquotes,10,False,977455710,1.7911583007917216,0.6763938933295948,10.558240419038214,10.558240419038237,0.0,0.0,0
td3_verified_history,td3,historical_sp500_midquotes,10,False,2018195485,0.5156154792730376,-0.6666579798342243,10.873239899437806,10.873239899437802,0.0,0.0,0
td3_verified_history,td3,historical_sp500_midquotes,10,False,1266812912,0.2682901307707652,-0.756508922331081,10.123235911020998,10.123235911020974,0.0,0.0,0
td3_verified_history,td3,historical_sp500_midquotes,10,False,1737039599,1.0541115684955005,-0.1366089974096009,10.912014323236122,10.912014323236114,0.0,0.0,0
td3_verified_history,td3,historical_sp500_midquotes,10,False,476600210,8.235027539069051,7.067755424067183,10.8040368150144,10.804036815014411,0.0,0.0,0
td3_verified_history,td3,historical_sp500_midquotes,10,False,392787174,1.3235137773936003,0.197426849610607,10.611724307495932,10.6117243074959,0.0,0.0,0
td3_verified_history,td3,historical_sp500_midquotes,10,False,369185566,7.983628185736961,6.864593739206367,10.578442449295594,10.578442449295617,0.0,0.0,0
td3_verified_history,td3,historical_sp500_midquotes,10,False,1749636134,5.266726843132346,4.099736798796277,10.802731341360255,10.802731341360245,0.0,0.0,0
td3_verified_history,td3,historical_sp500_midquotes,10,False,510732936,7.5594672877959965,6.39818965023798,10.776259265431648,10.776259265431657,0.0,0.0,0
td3_verified_history,td3,historical_sp500_midquotes,10,False,569417501,2.91039401364651,1.8401807116071656,10.345111415733273,10.34511141573325,0.0,0.0,0
td3_verified_history,td3,historical_sp500_midquotes,10,False,1908420144,1.4409242207220814,0.3312976173838042,10.533881541664854,10.533881541664863,0.0,0.0,0
td3_verified_history,td3,historical_sp500_midquotes,10,False,2034989486,8.784710477948465,7.589556546867011,10.932309596244792,10.932309596244767,0.0,0.0,0
td3_verified_history,td3,historical_sp500_midquotes,10,False,564294971,8.248291508669354,7.208079153892269,10.199080128997366,10.199080128997345,0.0,0.0,0
td3_verified_history,td3,historical_sp500_midquotes,10,False,1129817345,8.45581758771732,7.276713352229548,10.858656618052578,10.858656618052583,0.0,0.0,0
td3_verified_history,td3,historical_sp500_midquotes,10,False,1190000565,1.8783686241295072,0.8004750215411618,10.38216548985973,10.38216548985974,0.0,0.0,0
td3_verified_history,td3,historical_sp500_midquotes,10,False,1455278866,1.6743922361492878,0.5379423300788055,10.66044045089356,10.660440450893583,0.0,0.0,0
td3_verified_history,td3,historical_sp500_midquotes,10,False,1760722551,1.337843248275021,0.1665980531848871,10.822408212085406,10.822408212085396,0.0,0.0,0
td3_verified_history,td3,historical_sp500_midquotes,10,False,328726188,-0.0692458164667186,-1.182472864540008,10.550957530353784,10.55095753035377,0.0,0.0,0
td3_verified_history,td3,historical_sp500_midquotes,10,False,232867167,1.0673637279214745,-0.0409872584809023,10.527824971960626,10.527824971960625,0.0,0.0,0
td3_verified_history,td3,historical_sp500_midquotes,10,False,628415013,-23.924051150763265,-25.09982810135444,10.843324907938424,10.843324907938433,0.0,0.0,0
td3_verified_history,td3,historical_sp500_midquotes,10,False,55294341,2.6071203223855264,1.4551812442463117,10.732842485284207,10.732842485284198,0.0,0.0,0
td3_verified_history,td3,historical_sp500_midquotes,10,False,587962707,3.0230040817550616,2.021633408208557,10.00685102090813,10.006851020908147,0.0,0.0,0
td3_verified_history,td3,historical_sp500_midquotes,10,False,829705679,-1.383728345777854,-2.474474247888047,10.443878121225808,10.443878121225817,0.0,0.0,0
td3_verified_history,td3,historical_sp500_midquotes,10,False,379368625,-0.4690526022750418,-1.4847663502746309,10.078262489137645,10.078262489137645,0.0,0.0,0
td3_verified_history,td3,historical_sp500_midquotes,10,False,205709869,7.658783090631914,6.4769947856490475,10.871008715767218,10.871008715767212,0.0,0.0,0
td3_verified_history,td3,historical_sp500_midquotes,10,False,865592973,-22.990622241035453,-24.161455034179216,10.820502729280946,10.820502729280946,0.0,0.0,0
td3_verified_history,td3,historical_sp500_midquotes,10,False,675392413,-1.3600630367636768,-2.3835230459501817,10.116620034312362,10.116620034312373,0.0,0.0,0
td3_verified_history,td3,historical_sp500_midquotes,10,False,1422536529,2.4000878013939655,1.21008896035688,10.908706802536614,10.908706802536612,0.0,0.0,0
td3_verified_history,td3,historical_sp500_midquotes,10,False,1001327361,-0.3260937172944977,-1.5044748003330757,10.855326264274964,10.85532626427496,0.0,0.0,0
td3_verified_history,td3,historical_sp500_midquotes,10,False,1177952687,7.399863047847248,6.375141641207032,10.122852397621015,10.12285239762102,0.0,0.0,0
td3_verified_history,td3,historical_sp500_midquotes,10,False,1810240606,-1.121519814396379,-2.2225616633106977,10.493054126012694,10.493054126012686,0.0,0.0,0
td3_verified_history,td3,historical_sp500_midquotes,10,False,1181369059,1.8924696853227945,0.7542238158436121,10.668860620887216,10.668860620887228,0.0,0.0,0
td3_verified_history,td3,historical_sp500_midquotes,10,False,1322332359,6.522035270409106,5.410798384983897,10.541522116967784,10.54152211696778,0.0,0.0,0
td3_verified_history,td3,historical_sp500_midquotes,10,False,38137826,7.884922868786816,6.6982472353547795,10.89346424895237,10.893464248952384,0.0,0.0,0
td3_verified_history,td3,historical_sp500_midquotes,10,False,440852670,-24.400730468119946,-25.58113260318214,10.864631310183483,10.864631310183496,0.0,0.0,0
td3_verified_history,td3,historical_sp500_midquotes,10,False,1945446605,-26.91633834004824,-28.121476133894088,10.977876815877693,10.977876815877682,0.0,0.0,0
td3_verified_history,td3,historical_sp500_midquotes,10,False,1154827508,7.0130379293495935,5.943236723058712,10.343119482491147,10.343119482491158,0.0,0.0,0
td3_verified_history,td3,historical_sp500_midquotes,10,False,993215842,1.607861522703388,0.4961241725686327,10.5438956279677,10.54389562796766,0.0,0.0,0
td3_verified_history,td3,historical_sp500_midquotes,10,False,203881053,4.637862381798186,3.5110673385545894,10.615060260043734,10.615060260043732,0.0,0.0,0
td3_verified_history,td3,historical_sp500_midquotes,10,False,1698224781,0.7926692618766538,-0.3830471178386072,10.843045604050817,10.843045604050833,0.0,0.0,0
td3_verified_history,td3,historical_sp500_midquotes,10,False,1641320225,2.570452903828482,1.5077712985190612,10.3086449415499,10.308644941549886,0.0,0.0,0
td3_verified_history,td3,historical_sp500_midquotes,10,False,835891747,-0.2571422343444283,-1.4578293402165547,10.957586896174403,10.957586896174387,0.0,0.0,0
td3_verified_history,td3,historical_sp500_midquotes,10,False,2098874635,1.0376706534607365,-0.0782953258604084,10.563929095375189,10.56392909537519,0.0,0.0,0
td3_verified_history,td3,historical_sp500_midquotes,10,False,626392803,-26.259687306152045,-27.400086405851766,10.67894704406632,10.67894704406628,0.0,0.0,0
td3_verified_history,td3,historical_sp500_midquotes,10,True,401058792,1.580997829514672,1.0087590951983378,10.85964628595636,7.564646285956364,3.2950000000000017,0.0,0
td3_verified_history,td3,historical_sp500_midquotes,10,True,1822668597,2.2977026213686913,1.1637445875474184,10.648746563897888,10.648746563897898,0.0,0.028,1
td3_verified_history,td3,historical_sp500_midquotes,10,True,1465431171,8.5740810057614,6.757718949279074,10.814857518545622,13.477247703007937,-2.6623901844623057,0.0,0
td3_verified_history,td3,historical_sp500_midquotes,10,True,157564097,1.2178099454856128,0.4376206962908422,10.311051876747086,8.832832213932123,1.4782196628149595,0.012,1
td3_verified_history,td3,historical_sp500_midquotes,10,True,245238582,-22.55215496647361,-22.552158138761104,10.82531091658072,0.0178109165808102,10.807499999999916,0.0,0
td3_verified_history,td3,historical_sp500_midquotes,10,True,1117977144,0.9152922648989332,-0.433692589328236,10.89458072522271,11.614580725222796,-0.7200000000000735,0.017,1
td3_verified_history,td3,historical_sp500_midquotes,10,True,523826546,7.900597186781829,6.846912201539912,10.26491590438964,10.264915904389657,0.0,0.049,2
td3_verified_history,td3,historical_sp500_midquotes,10,True,1124484429,-25.86690946546696,-26.333161000120963,10.500761379400004,6.828261379399617,3.6725000000003862,0.0,0
td3_verified_history,td3,historical_sp500_midquotes,10,True,171768458,8.592986043301032,7.471387420376064,10.605555334471248,10.59055533447122,0.0150000000000005,0.082,3
td3_verified_history,td3,historical_sp500_midquotes,10,True,1868865057,3.1860796817363735,2.1236628881720563,10.74986044564423,10.307360445644251,0.442499999999967,0.0,0
td3_verified_history,td3,historical_sp500_midquotes,10,True,301461638,2.1401215025489364,0.9344118110149296,10.602287297142013,10.980481280590604,-0.3781939834486059,0.0,0
td3_verified_history,td3,historical_sp500_midquotes,10,True,1387055752,6.258734191684198,5.2623478506358214,10.317298939958931,9.981915352518154,0.3353835874407698,0.0,0
td3_verified_history,td3,historical_sp500_midquotes,10,True,1027367132,-30.78609248896828,-31.536290531598944,10.620395580455964,8.661397362034974,1.9589982184209889,0.0,0
td3_verified_history,td3,historical_sp500_midquotes,10,True,1111389845,0.6517400434913725,-3.23763397576884,10.590365567970323,19.72149593529916,-9.13113036732883,0.0,0
td3_verified_history,td3,historical_sp500_midquotes,10,True,180210118,-0.5814938638523017,-2.1256829802070594,10.57127142399439,12.426540614164336,-1.8552691901699505,0.0,0
td3_verified_history,td3,historical_sp500_midquotes,10,True,1769597788,2.219996592093594,1.0800839412252834,10.75385426999378,10.67666919440848,0.0771850755853134,0.0,0
td3_verified_history,td3,historical_sp500_midquotes,10,True,1541083806,0.8906656849849242,-0.3918261611731444,10.240109188558293,11.324715652757328,-1.0846064641990252,0.0,0
td3_verified_history,td3,historical_sp500_midquotes,10,True,2073530583,0.7632933311942907,0.2529528190521849,10.992120159896077,7.143812092588282,3.8483080673078134,0.0,0
td3_verified_history,td3,historical_sp500_midquotes,10,True,583456263,-24.0272681100123,-25.962737544517307,10.677114988401216,13.91211498840132,-3.235000000000088,0.0,0
td3_verified_history,td3,historical_sp500_midquotes,10,True,269688897,1.4499829933356525,0.4568256787860737,10.323227843713,9.965727843713063,0.3574999999999555,0.0,0
td3_verified_history,td3,historical_sp500_midquotes,10,True,977455710,1.8010333007914596,0.8850425791053871,10.558240419038214,9.570740419037978,0.9875000000002564,0.0,0
td3_verified_history,td3,historical_sp500_midquotes,10,True,2018195485,0.5086028741079645,-0.6358530698075309,10.873239899437806,10.697924770325764,0.17531512911204,0.0,0
td3_verified_history,td3,historical_sp500_midquotes,10,True,1266812912,0.2392901307707652,-0.785508922331081,10.123235911020998,10.123235911020974,0.0,0.029,1
td3_verified_history,td3,historical_sp500_midquotes,10,True,1737039599,1.4539956245607757,-2.1217701934954305,10.912014323236122,18.90969544454962,-7.997681121313503,0.0,0
td3_verified_history,td3,historical_sp500_midquotes,10,True,476600210,8.133027539069051,6.965755424067183,10.8040368150144,10.804036815014411,0.0,0.102,7
td3_verified_history,td3,historical_sp500_midquotes,10,True,392787174,1.55881640582993,0.7841164571695097,10.611724307495932,8.801704088757019,1.8100202187388816,0.0,0
td3_verified_history,td3,historical_sp500_midquotes,10,True,369185566,9.438928185736586,6.482783553164212,10.578442449295594,17.193442449295528,-6.614999999999913,0.0,0
td3_verified_history,td3,historical_sp500_midquotes,10,True,1749636134,5.282418910044726,4.429839135436227,10.802731341360255,9.233524649929183,1.5692066914310605,0.0,0
td3_verified_history,td3,historical_sp500_midquotes,10,True,510732936,7.618068813208083,6.2693526631071155,10.776259265431648,11.613423914164883,-0.8371646487332285,0.0,0
td3_verified_history,td3,historical_sp500_midquotes,10,True,569417501,3.3428795096569957,3.098938080190571,10.345111415733273,4.939042715612251,5.406068700120999,0.0,0
td3_verified_history,td3,historical_sp500_midquotes,10,True,1908420144,1.1749242207220814,0.0652976173838042,10.533881541664854,10.533881541664863,0.0,0.266,12
td3_verified_history,td3,historical_sp500_midquotes,10,True,2034989486,9.077773001650712,7.229120975004604,10.932309596244792,13.596514357165615,-2.6642047609208492,0.0,0
td3_verified_history,td3,historical_sp500_midquotes,10,True,564294971,8.219291508669354,7.179079153892269,10.199080128997366,10.199080128997345,0.0,0.029,1
td3_verified_history,td3,historical_sp500_midquotes,10,True,1129817345,9.015992587716028,7.186423459155287,10.858656618052578,13.52615661805208,-2.667499999999496,0.0,0
td3_verified_history,td3,historical_sp500_midquotes,10,True,1190000565,1.9134186241280984,0.4409175586202669,10.38216548985973,12.134665489859335,-1.7524999999995965,0.0,0
td3_verified_history,td3,historical_sp500_midquotes,10,True,1455278866,1.3840826644936897,0.4653182754492863,10.66044045089356,9.585219815134147,1.0752206357594354,0.0,0
td3_verified_history,td3,historical_sp500_midquotes,10,True,1760722551,1.6180698899570416,1.0238171748241889,10.822408212085406,7.70877886005853,3.1136293520268663,0.0,0
td3_verified_history,td3,historical_sp500_midquotes,10,True,328726188,0.1284541835320851,-1.788651215791337,10.550957530353784,13.845957530353118,-3.294999999999348,0.0,0
td3_verified_history,td3,historical_sp500_midquotes,10,True,232867167,1.9138137279205696,-2.05936138570719,10.527824971960626,19.93282497195959,-9.40499999999897,0.0,0
td3_verified_history,td3,historical_sp500_midquotes,10,True,628415013,-23.782851150763236,-25.372549720604603,10.843324907938424,12.60832490793828,-1.7649999999998478,0.0,0
td3_verified_history,td3,historical_sp500_midquotes,10,True,55294341,4.921495322387273,1.912886263069544,10.732842485284207,17.345342485283272,-6.6124999999990735,0.0,0
td3_verified_history,td3,historical_sp500_midquotes,10,True,587962707,3.1932375904270884,1.6460105130380234,10.00685102090813,12.43875828766306,-2.4319072667549144,0.0,0
td3_verified_history,td3,historical_sp500_midquotes,10,True,829705679,-1.339228345777985,-2.544037112379249,10.443878121225808,10.97637812122589,-0.5325000000000735,0.062,4
td3_verified_history,td3,historical_sp500_midquotes,10,True,379368625,-0.4830526022750419,-1.498766350274631,10.078262489137645,10.078262489137645,0.0,0.014,1
td3_verified_history,td3,historical_sp500_midquotes,10,True,205709869,8.14526941540862,7.729450046533864,10.871008715767218,6.448405763246884,4.422602952520329,0.0,0
td3_verified_history,td3,historical_sp500_midquotes,10,True,865592973,-22.425622241035715,-24.319136594661217,10.820502729280946,13.760502729281018,-2.9400000000000723,0.023,1
td3_verified_history,td3,historical_sp500_midquotes,10,True,675392413,-1.0456976068016957,-3.7365863529456864,10.116620034312362,16.403928633543828,-6.287308599231455,0.0,0
td3_verified_history,td3,historical_sp500_midquotes,10,True,1422536529,2.9011562231789867,1.28870402448585,10.908706802536614,12.698236880343416,-1.7895300778068033,0.0,0
td3_verified_history,td3,historical_sp500_midquotes,10,True,1001327361,-0.4275687172938341,-1.596740835507778,10.855326264274964,10.81282626427496,0.0425000000000004,0.09,4
td3_verified_history,td3,historical_sp500_midquotes,10,True,1177952687,8.18738804784698,6.010183804067148,10.122852397621015,14.755352397621117,-4.632500000000096,0.0,0
td3_verified_history,td3,historical_sp500_midquotes,10,True,1810240606,-1.1601948143943446,-2.1483409777161713,10.493054126012694,9.940554126012428,0.5525000000002578,0.0,0
td3_verified_history,td3,historical_sp500_midquotes,10,True,1181369059,2.038719685322576,-0.3773963446927189,10.668860620887216,15.543860620885969,-4.874999999998739,0.0,0
td3_verified_history,td3,historical_sp500_midquotes,10,True,1322332359,7.535685270409886,5.240756559406094,10.541522116967784,15.149022116967783,-4.607500000000005,0.0,0
td3_verified_history,td3,historical_sp500_midquotes,10,True,38137826,7.884922868786816,7.782753122651077,10.89346424895237,3.1964002586619005,7.697063990290483,0.0,0
td3_verified_history,td3,historical_sp500_midquotes,10,True,440852670,-24.79953046811998,-25.960457266823845,10.864631310183483,10.774631310183493,0.0900000000000034,0.379,19
td3_verified_history,td3,historical_sp500_midquotes,10,True,1945446605,-26.798303975519957,-27.05597783577807,10.977876815877693,5.076158589505583,5.901718226372099,0.0,0
td3_verified_history,td3,historical_sp500_midquotes,10,True,1154827508,7.00808792935095,5.947575280594342,10.343119482491147,10.298119482491003,0.0450000000001544,0.0,0
td3_verified_history,td3,historical_sp500_midquotes,10,True,993215842,2.2814573513169307,1.7432448961614564,10.5438956279677,7.336296444088626,3.207599183879033,0.0,0
td3_verified_history,td3,historical_sp500_midquotes,10,True,203881053,5.25138738179885,4.619750240928607,10.615060260043734,7.9475602600436,2.667500000000132,0.0,0
td3_verified_history,td3,historical_sp500_midquotes,10,True,1698224781,0.3583636265902896,-0.3023835053886397,10.843045604050817,8.128635383500292,2.714410220550541,0.0,0
td3_verified_history,td3,historical_sp500_midquotes,10,True,1641320225,2.5825418487220304,1.5812571725461362,10.3086449415499,10.00642131921245,0.302223622337436,0.0,0
td3_verified_history,td3,historical_sp500_midquotes,10,True,835891747,0.1685809443897596,-0.1490693317305095,10.957586896174403,5.6360471619768155,5.321539734197572,0.0,0
td3_verified_history,td3,historical_sp500_midquotes,10,True,2098874635,1.2388923493654147,-0.3994374348209846,10.563929095375189,12.799725716539395,-2.235796621164205,0.0,0
td3_verified_history,td3,historical_sp500_midquotes,10,True,626392803,-25.764479253135505,-27.785467728592536,10.67894704406632,14.216147422762017,-3.537200378695739,0.0,0
td3_verified_history,td3,historical_sp500_midquotes,20,False,401058792,0.6475593795930763,-3.74857269657622,20.96695513461431,20.966955134614317,0.0,0.0,0
td3_verified_history,td3,historical_sp500_midquotes,20,False,1822668597,2.6003561976667697,-1.4661549756451135,20.165592412106022,20.16559241210603,0.0,0.0,0
td3_verified_history,td3,historical_sp500_midquotes,20,False,1465431171,10.584989706352644,6.399337195747272,20.458867296615836,20.458867296615843,0.0,0.0,0
td3_verified_history,td3,historical_sp500_midquotes,20,False,157564097,5.2804723958724935,0.9738686284738528,20.7523583416407,20.752358341640697,0.0,0.0,0
td3_verified_history,td3,historical_sp500_midquotes,20,False,245238582,-22.985921551080537,-27.340418181263725,20.867430676015644,20.867430676015648,0.0,0.0,0
td3_verified_history,td3,historical_sp500_midquotes,20,False,1117977144,4.518436772210407,0.3699061617052033,20.36794199349852,20.36794199349852,0.0,0.0,0
td3_verified_history,td3,historical_sp500_midquotes,20,False,523826546,10.149597186782556,6.042929020662709,20.26491590438964,20.264915904389657,0.0,0.0,0
td3_verified_history,td3,historical_sp500_midquotes,20,False,1124484429,-24.709462377295495,-29.03244819466577,20.791791210403872,20.791791210403865,0.0,0.0,0
td3_verified_history,td3,historical_sp500_midquotes,20,False,171768458,11.030481120908007,6.887744068209954,20.353714778138325,20.353714778138297,0.0,0.0,0
td3_verified_history,td3,historical_sp500_midquotes,20,False,1868865057,3.053154681738306,-1.029378074056872,20.205278408859357,20.20527840885935,0.0,0.0,0
td3_verified_history,td3,historical_sp500_midquotes,20,False,301461638,5.3235178474024,1.0505571838586851,20.67114090596772,20.671140905967707,0.0,0.0,0
td3_verified_history,td3,historical_sp500_midquotes,20,False,1387055752,8.920159021601648,4.673414983662166,20.6076297471094,20.6076297471094,0.0,0.0,0
td3_verified_history,td3,historical_sp500_midquotes,20,False,1027367132,-27.71517686739753,-32.11455508904897,20.974694805053645,20.974694805053637,0.0,0.0,0
td3_verified_history,td3,historical_sp500_midquotes,20,False,1111389845,1.090971286605054,-3.2857464237507292,20.92060637351551,20.92060637351552,0.0,0.0,0
td3_verified_history,td3,historical_sp500_midquotes,20,False,180210118,0.5032127493450389,-3.734847961145304,20.586550732190048,20.58655073219004,0.0,0.0,0
td3_verified_history,td3,historical_sp500_midquotes,20,False,1769597788,1.399700762834982,-2.6212838657235986,20.052392945877003,20.05239294587701,0.0,0.0,0
td3_verified_history,td3,historical_sp500_midquotes,20,False,1541083806,4.149985936406665,-0.0817696710998401,20.571231386347534,20.57123138634755,0.0,0.0,0
td3_verified_history,td3,historical_sp500_midquotes,20,False,2073530583,0.3368569225567626,-3.921121437315288,20.63486942016364,20.634869420163653,0.0,0.0,0
td3_verified_history,td3,historical_sp500_midquotes,20,False,583456263,-23.572672762882576,-27.643101529597526,20.175303632696455,20.175303632696465,0.0,0.0,0
td3_verified_history,td3,historical_sp500_midquotes,20,False,269688897,1.260631903727699,-2.942348653446831,20.50117205716424,20.50117205716427,0.0,0.0,0
td3_verified_history,td3,historical_sp500_midquotes,20,False,977455710,1.5411583007935403,-2.6961307757124837,20.584676525284564,20.58467652528459,0.0,0.0,0
td3_verified_history,td3,historical_sp500_midquotes,20,False,2018195485,1.4193495806030114,-2.954909693243697,20.91472991421766,20.914729914217656,0.0,0.0,0
td3_verified_history,td3,historical_sp500_midquotes,20,False,1266812912,4.5519893464788765,0.4989110683217834,20.13225838836047,20.13225838836044,0.0,0.0,0
td3_verified_history,td3,historical_sp500_midquotes,20,False,1737039599,1.4829294917963125,-2.5998726820216547,20.205945099940195,20.205945099940184,0.0,0.0,0
td3_verified_history,td3,historical_sp500_midquotes,20,False,476600210,10.784580597490276,6.583004783156093,20.497745764679053,20.49774576467906,0.0,0.0,0
td3_verified_history,td3,historical_sp500_midquotes,20,False,392787174,5.482018425289425,1.1732273551077386,20.75762768281024,20.75762768281021,0.0,0.0,0
td3_verified_history,td3,historical_sp500_midquotes,20,False,369185566,10.461918224766125,6.243639281229535,20.538449171095124,20.538449171095145,0.0,0.0,0
td3_verified_history,td3,historical_sp500_midquotes,20,False,1749636134,5.033250018723265,0.8356530920118423,20.488037794555694,20.488037794555687,0.0,0.0,0
td3_verified_history,td3,historical_sp500_midquotes,20,False,510732936,9.82022350571242,5.669802067833551,20.372583139795665,20.372583139795672,0.0,0.0,0
td3_verified_history,td3,historical_sp500_midquotes,20,False,569417501,2.718970948468268,-1.4783719874352066,20.48741793370624,20.487417933706222,0.0,0.0,0
td3_verified_history,td3,historical_sp500_midquotes,20,False,1908420144,5.74593702425409,1.360179495917488,20.942200286351465,20.942200286351483,0.0,0.0,0
td3_verified_history,td3,historical_sp500_midquotes,20,False,2034989486,11.183903023480523,6.849298759048232,20.81971244862018,20.81971244862016,0.0,0.0,0
td3_verified_history,td3,historical_sp500_midquotes,20,False,564294971,11.175765359952493,6.810412138395369,20.893427726338075,20.893427726338068,0.0,0.0,0
td3_verified_history,td3,historical_sp500_midquotes,20,False,1129817345,10.962601018070927,6.815162089136724,20.365261915659715,20.365261915659723,0.0,0.0,0
td3_verified_history,td3,historical_sp500_midquotes,20,False,1190000565,1.4472086134883284,-2.5857780391714,20.08229731046656,20.08229731046657,0.0,0.0,0
td3_verified_history,td3,historical_sp500_midquotes,20,False,1455278866,5.809837509723366,1.4002349741382352,20.99905363483107,20.999053634831096,0.0,0.0,0
td3_verified_history,td3,historical_sp500_midquotes,20,False,1760722551,0.9211445855344208,-3.3871291304665325,20.756381466915073,20.75638146691507,0.0,0.0,0
td3_verified_history,td3,historical_sp500_midquotes,20,False,328726188,1.0485497623030824,-2.983172861927815,20.079149942741353,20.079149942741346,0.0,0.0,0
td3_verified_history,td3,historical_sp500_midquotes,20,False,232867167,2.0667383704876556,-2.115314390024954,20.45006787400132,20.45006787400132,0.0,0.0,0
td3_verified_history,td3,historical_sp500_midquotes,20,False,628415013,-23.26809298358785,-27.36559161007163,20.242279087305803,20.242279087305807,0.0,0.0,0
td3_verified_history,td3,historical_sp500_midquotes,20,False,55294341,5.600160850224711,1.3663151429926037,20.57631091141488,20.576310911414872,0.0,0.0,0
td3_verified_history,td3,historical_sp500_midquotes,20,False,587962707,2.6974427638597263,-1.7020105066857747,20.97487370771394,20.974873707713954,0.0,0.0,0
td3_verified_history,td3,historical_sp500_midquotes,20,False,829705679,1.903053112271664,-2.1554909376728206,20.14582847624908,20.145828476249083,0.0,0.0,0
td3_verified_history,td3,historical_sp500_midquotes,20,False,379368625,3.278715709606331,-1.0921102980620605,20.906520532284645,20.90652053228464,0.0,0.0,0
td3_verified_history,td3,historical_sp500_midquotes,20,False,205709869,10.175926165471536,6.098046394902106,20.193760844799144,20.193760844799147,0.0,0.0,0
td3_verified_history,td3,historical_sp500_midquotes,20,False,865592973,-22.3518412311696,-26.67409386357257,20.790027975938287,20.790027975938287,0.0,0.0,0
td3_verified_history,td3,historical_sp500_midquotes,20,False,675392413,-0.7683077552082977,-5.0098106510852265,20.594909312441573,20.59490931244158,0.0,0.0,0
td3_verified_history,td3,historical_sp500_midquotes,20,False,1422536529,6.157923128697803,2.02552730351551,20.32829512079725,20.32829512079725,0.0,0.0,0
td3_verified_history,td3,historical_sp500_midquotes,20,False,1001327361,3.0426908948447817,-1.1852632787465591,20.561989625499137,20.561989625499137,0.0,0.0,0
td3_verified_history,td3,historical_sp500_midquotes,20,False,1177952687,10.090768335545365,6.05398005377083,20.091760206050964,20.09176020605097,0.0,0.0,0
td3_verified_history,td3,historical_sp500_midquotes,20,False,1810240606,0.3246477045104257,-3.807349984585696,20.327315831403126,20.327315831403126,0.0,0.0,0
td3_verified_history,td3,historical_sp500_midquotes,20,False,1181369059,1.527280738351692,-2.5430896091826067,20.17515885323904,20.175158853239047,0.0,0.0,0
td3_verified_history,td3,historical_sp500_midquotes,20,False,1322332359,8.956897722022404,4.649080504118578,20.75528178055849,20.755281780558477,0.0,0.0,0
td3_verified_history,td3,historical_sp500_midquotes,20,False,38137826,10.335467157705352,6.216336557452433,20.29564140462901,20.295641404629023,0.0,0.0,0
td3_verified_history,td3,historical_sp500_midquotes,20,False,440852670,-23.69807111087357,-28.042518993051452,20.843339181085824,20.84333918108584,0.0,0.0,0
td3_verified_history,td3,historical_sp500_midquotes,20,False,1945446605,-24.859372055601852,-29.00239266298719,20.35441133362825,20.35441133362824,0.0,0.0,0
td3_verified_history,td3,historical_sp500_midquotes,20,False,1154827508,9.927200303047355,5.584137149569624,20.84001716284736,20.840017162847374,0.0,0.0,0
td3_verified_history,td3,historical_sp500_midquotes,20,False,993215842,1.6521806840773934,-2.602144472717979,20.626015506625095,20.626015506625055,0.0,0.0,0
td3_verified_history,td3,historical_sp500_midquotes,20,False,203881053,3.8908497116808576,-0.4474635351704092,20.828617925467995,20.828617925467995,0.0,0.0,0
td3_verified_history,td3,historical_sp500_midquotes,20,False,1698224781,4.19266926187629,-0.1516562386491378,20.843045604050815,20.843045604050833,0.0,0.0,0
td3_verified_history,td3,historical_sp500_midquotes,20,False,1641320225,2.0582839434373454,-2.180390082068926,20.58804027950761,20.588040279507595,0.0,0.0,0
td3_verified_history,td3,historical_sp500_midquotes,20,False,835891747,0.2028577656565175,-4.189346719450486,20.957586896174405,20.957586896174387,0.0,0.0,0
td3_verified_history,td3,historical_sp500_midquotes,20,False,2098874635,0.8253851435383694,-3.246214261816176,20.178204591475776,20.178204591475787,0.0,0.0,0
td3_verified_history,td3,historical_sp500_midquotes,20,False,626392803,-24.60237804316239,-28.95210136350265,20.855990315351292,20.85599031535126,0.0,0.0,0
td3_verified_history,td3,historical_sp500_midquotes,20,True,401058792,0.8653593795934285,-2.5745360680605107,20.96695513461431,18.54695513461425,2.4200000000000657,0.0,0
td3_verified_history,td3,historical_sp500_midquotes,20,True,1822668597,2.5723561976667697,-1.4941549756451136,20.165592412106022,20.16559241210603,0.0,0.028,1
td3_verified_history,td3,historical_sp500_midquotes,20,True,1465431171,10.964903165187934,5.921100551860108,20.458867296615836,22.458411816795564,-1.999544520179721,0.0,0
td3_verified_history,td3,historical_sp500_midquotes,20,True,157564097,5.240622395873914,2.012362738104758,20.7523583416407,17.96735834164042,2.7850000000002737,0.012,1
td3_verified_history,td3,historical_sp500_midquotes,20,True,245238582,-22.05732155108126,-22.914784712327407,20.867430676015644,9.25993067601561,11.607500000000035,0.0,0
td3_verified_history,td3,historical_sp500_midquotes,20,True,1117977144,3.825881435240895,0.4216418342012074,20.36794199349852,18.45058156546749,1.917360428031027,0.079,4
td3_verified_history,td3,historical_sp500_midquotes,20,True,523826546,10.107597186782558,6.000929020662709,20.26491590438964,20.264915904389657,0.0,0.0419999999999999,2
td3_verified_history,td3,historical_sp500_midquotes,20,True,1124484429,-25.073987377294543,-27.502688702601183,20.791791210403872,15.58429121040363,5.207500000000234,0.0,0
td3_verified_history,td3,historical_sp500_midquotes,20,True,171768458,10.976581120908914,6.839947932644303,20.353714778138325,20.338714778138296,0.0150000000000005,0.053,2
td3_verified_history,td3,historical_sp500_midquotes,20,True,1868865057,3.089379681739956,-0.9237424260446598,20.205278408859357,20.032778408859357,0.1724999999999923,0.0,0
td3_verified_history,td3,historical_sp500_midquotes,20,True,301461638,5.362452815770666,0.9942817004496636,20.67114090596772,20.90017013165444,-0.2290292256867289,0.0,0
td3_verified_history,td3,historical_sp500_midquotes,20,True,1387055752,8.838315638517088,4.715585956409386,20.6076297471094,20.304506106053655,0.3031236410557435,0.0,0
td3_verified_history,td3,historical_sp500_midquotes,20,True,1027367132,-27.847518835042138,-30.59094654030421,20.974694805053645,16.563295883555504,4.411398921498132,0.0,0
td3_verified_history,td3,historical_sp500_midquotes,20,True,1111389845,1.5957712866038491,-5.819287948089421,20.92060637351551,27.230606373515208,-6.309999999999686,0.0,0
td3_verified_history,td3,historical_sp500_midquotes,20,True,180210118,0.4306877493454522,-2.87045629574299,20.586550732190048,18.16905073218863,2.417500000001411,0.0,0
td3_verified_history,td3,historical_sp500_midquotes,20,True,1769597788,1.2441317564916972,-1.8042362450875915,20.052392945877003,17.459576173490834,2.5928167723861755,0.0,0
td3_verified_history,td3,historical_sp500_midquotes,20,True,1541083806,4.412390452154621,-0.2112189164325491,20.571231386347534,21.502579772174244,-0.9313483858266952,0.017,1
td3_verified_history,td3,historical_sp500_midquotes,20,True,2073530583,0.4837069225559389,-1.993727971082087,20.63486942016364,15.739869420163645,4.89500000000001,0.0,0
td3_verified_history,td3,historical_sp500_midquotes,20,True,583456263,-23.66970196845068,-27.465277896046853,20.175303632696455,19.482237878632347,0.6930657540641151,0.0,0
td3_verified_history,td3,historical_sp500_midquotes,20,True,269688897,1.260631903727699,-2.816202386692396,20.50117205716424,20.191172057164227,0.3100000000000413,0.0,0
td3_verified_history,td3,historical_sp500_midquotes,20,True,977455710,1.555908300793817,-2.0958890682161564,20.584676525284564,19.109676525284183,1.4750000000004064,0.0,0
td3_verified_history,td3,historical_sp500_midquotes,20,True,2018195485,1.287724580603026,-2.0546747257600617,20.91472991421766,18.28222991421749,2.6325000000001673,0.0,0
td3_verified_history,td3,historical_sp500_midquotes,20,True,1266812912,4.522989346478877,0.4699110683217835,20.13225838836047,20.13225838836044,0.0,0.029,1
td3_verified_history,td3,historical_sp500_midquotes,20,True,1737039599,1.7411884569282847,-4.6957510775880875,20.205945099940195,25.371124402588805,-5.165179302648622,0.0,0
td3_verified_history,td3,historical_sp500_midquotes,20,True,476600210,10.631580597490276,6.430004783156092,20.497745764679053,20.49774576467906,0.0,0.153,11
td3_verified_history,td3,historical_sp500_midquotes,20,True,392787174,5.879818425288249,2.8373658204769203,20.75762768281024,17.44262768281009,3.315000000000115,0.0,0
td3_verified_history,td3,historical_sp500_midquotes,20,True,369185566,11.400218224764105,5.248107316933184,20.538449171095124,24.80344917109497,-4.2649999999998265,0.0,0
td3_verified_history,td3,historical_sp500_midquotes,20,True,1749636134,5.045862578135711,1.3491711737623362,20.488037794555694,19.22678185337675,1.2612559411789388,0.0,0
td3_verified_history,td3,historical_sp500_midquotes,20,True,510732936,9.79230710661068,5.802789255038217,20.372583139795665,19.973777438362685,0.3988057014329874,0.0,0
td3_verified_history,td3,historical_sp500_midquotes,20,True,569417501,3.1555730208965542,0.8965964770537354,20.48741793370624,15.029892028364072,5.457525905342154,0.0,0
td3_verified_history,td3,historical_sp500_midquotes,20,True,1908420144,5.54093702425409,1.155179495917488,20.942200286351465,20.942200286351483,0.0,0.205,10
td3_verified_history,td3,historical_sp500_midquotes,20,True,2034989486,11.19710302347994,6.812387449170992,20.81971244862018,20.93971244862008,-0.1199999999999228,0.0,0
td3_verified_history,td3,historical_sp500_midquotes,20,True,564294971,11.15112102936316,6.78057282342582,20.893427726338075,20.905856131565955,-0.012428405227888,0.028,1
td3_verified_history,td3,historical_sp500_midquotes,20,True,1129817345,11.458201018071122,6.293825726717989,20.365261915659715,22.725261915659264,-2.359999999999541,0.0,0
td3_verified_history,td3,historical_sp500_midquotes,20,True,1190000565,1.433033613488078,-2.4124078920874577,20.08229731046656,19.609797310465847,0.4725000000007213,0.0,0
td3_verified_history,td3,historical_sp500_midquotes,20,True,1455278866,6.141400039600878,1.163035846712103,20.99905363483107,22.31224818992648,-1.3131945550953872,0.023,1
td3_verified_history,td3,historical_sp500_midquotes,20,True,1760722551,1.348952514506891,-1.211994783957636,20.756381466915073,16.002960033895377,4.753421433019693,0.0,0
td3_verified_history,td3,historical_sp500_midquotes,20,True,328726188,1.096495254063484,-3.214977228773085,20.079149942741353,20.764085539306972,-0.6849355965656266,0.0,0
td3_verified_history,td3,historical_sp500_midquotes,20,True,232867167,2.5957133704887383,-4.335694931112197,20.45006787400132,26.327567874000316,-5.877499999998996,0.0,0
td3_verified_history,td3,historical_sp500_midquotes,20,True,628415013,-23.26867829368166,-27.36321545289608,20.242279087305803,20.234962711145325,0.0073163761604802,0.0,0
td3_verified_history,td3,historical_sp500_midquotes,20,True,55294341,7.650910850223241,0.6489010987180901,20.57631091141488,26.461310911413953,-5.884999999999081,0.009,1
td3_verified_history,td3,historical_sp500_midquotes,20,True,587962707,2.7065147978282766,-1.747473511795001,20.97487370771394,21.104474192984004,-0.129600485270051,0.0,0
td3_verified_history,td3,historical_sp500_midquotes,20,True,829705679,1.8032038682279232,-2.227487682601696,20.14582847624908,20.0765822560256,0.0692462202234828,0.086,6
td3_verified_history,td3,historical_sp500_midquotes,20,True,379368625,3.2641157096051177,-1.1056650345366594,20.906520532284645,20.904020532284637,0.0025000000000012,0.014,1
td3_verified_history,td3,historical_sp500_midquotes,20,True,205709869,10.740578388058566,8.47237406796846,20.193760844799144,15.060558821272554,5.133202023526593,0.0,0
td3_verified_history,td3,historical_sp500_midquotes,20,True,865592973,-22.05934123116899,-27.06240430871286,20.790027975938287,22.3675279759384,-1.5775000000001145,0.023,1
td3_verified_history,td3,historical_sp500_midquotes,20,True,675392413,-0.6596025880971865,-5.843881960772202,20.594909312441573,22.76901265464758,-2.1741033422059997,0.0,0
td3_verified_history,td3,historical_sp500_midquotes,20,True,1422536529,6.6059917238708294,1.7973830131389663,20.32829512079725,21.928540103554234,-1.6002449827569831,0.0,0
td3_verified_history,td3,historical_sp500_midquotes,20,True,1001327361,2.9216908948447817,-1.3062632787465591,20.561989625499137,20.561989625499137,0.0,0.121,6
td3_verified_history,td3,historical_sp500_midquotes,20,True,1177952687,10.786068335544767,4.938493068915277,20.091760206050964,24.18176020605095,-4.0899999999999785,0.0,0
td3_verified_history,td3,historical_sp500_midquotes,20,True,1810240606,0.1825477045113075,-3.1653699618296933,20.327315831403126,18.297315831402702,2.0300000000004204,0.0,0
td3_verified_history,td3,historical_sp500_midquotes,20,True,1181369059,1.593445244798204,-3.1717257036939257,20.17515885323904,21.829271514395824,-1.6541126611567785,0.0,0
td3_verified_history,td3,historical_sp500_midquotes,20,True,1322332359,9.833597722023114,3.712782296208791,20.75528178055849,24.740281780558448,-3.984999999999971,0.0,0
td3_verified_history,td3,historical_sp500_midquotes,20,True,38137826,10.335467157707171,8.792761053481295,20.29564140462901,12.42057206502936,7.875069339599663,0.0,0
td3_verified_history,td3,historical_sp500_midquotes,20,True,440852670,-24.12197111087268,-28.44768023778758,20.843339181085824,20.798339181085836,0.0450000000000017,0.4140000000000001,23
td3_verified_history,td3,historical_sp500_midquotes,20,True,1945446605,-24.791447055602475,-26.630701445814324,20.35441133362825,13.5619113336279,6.7925000000003415,0.0,0
td3_verified_history,td3,historical_sp500_midquotes,20,True,1154827508,9.912625303046298,5.624612632550178,20.84001716284736,20.707517162847218,0.1325000000001637,0.0,0
td3_verified_history,td3,historical_sp500_midquotes,20,True,993215842,2.0742806840771664,-1.3912796493518576,20.626015506625095,18.616015506624997,2.0100000000000584,0.0,0
td3_verified_history,td3,historical_sp500_midquotes,20,True,203881053,4.243324711680543,0.5199230417448835,20.828617925467995,19.29611792546796,1.5325000000000344,0.0,0
td3_verified_history,td3,historical_sp500_midquotes,20,True,1698224781,3.773010054939732,0.4532620803143499,20.843045604050815,18.22017556069475,2.6228700433560848,0.0,0
td3_verified_history,td3,historical_sp500_midquotes,20,True,1641320225,2.078025254748354,-1.9598670606029724,20.58804027950761,20.09450749670498,0.4935327828026156,0.0,0
td3_verified_history,td3,historical_sp500_midquotes,20,True,835891747,0.5910594173692516,-2.002672171718613,20.957586896174405,16.105066249748447,4.852520646425939,0.0,0
td3_verified_history,td3,historical_sp500_midquotes,20,True,2098874635,0.7382455591214239,-2.951990441229435,20.178204591475776,19.209986986853632,0.9682176046221552,0.0,0
td3_verified_history,td3,historical_sp500_midquotes,20,True,626392803,-24.38538089348731,-29.405655790127124,20.855990315351292,22.40596995588411,-1.5499796405328532,0.0,0
sac_verified_history,sac,historical_sp500_midquotes,0,False,401058792,1.5242304404746392,1.5240584042717649,0.1311625719762759,0.1311625719762768,0.0,0.0,0
sac_verified_history,sac,historical_sp500_midquotes,0,False,1822668597,1.0658588604474062,1.0644944566607657,0.3693783678886149,0.3693783678886184,0.0,0.0,0
sac_verified_history,sac,historical_sp500_midquotes,0,False,1465431171,5.348730418718333,5.348376817963243,0.1880427491527854,0.1880427491528085,0.0,0.0,0
sac_verified_history,sac,historical_sp500_midquotes,0,False,157564097,-1.6011582360188186,-1.6088610566840558,0.8776571463411642,0.8776571463411651,0.0,0.0,0
sac_verified_history,sac,historical_sp500_midquotes,0,False,245238582,-23.816754966472217,-23.82356634756249,0.8253109165807189,0.825310916580726,0.0,0.0,0
sac_verified_history,sac,historical_sp500_midquotes,0,False,1117977144,-3.337537009831067,-3.343801415525793,0.7914799867795779,0.7914799867795903,0.0,0.0,0
sac_verified_history,sac,historical_sp500_midquotes,0,False,523826546,5.671392271486184,5.671205370476816,0.1367117439606175,0.1367117439606389,0.0,0.0,0
sac_verified_history,sac,historical_sp500_midquotes,0,False,1124484429,-26.58813046740761,-26.590811649891585,0.517801359980524,0.5178013599805205,0.0,0.0,0
sac_verified_history,sac,historical_sp500_midquotes,0,False,171768458,6.175886043301944,6.172219070670878,0.6055553344712479,0.6055553344712195,0.0,0.0,0
sac_verified_history,sac,historical_sp500_midquotes,0,False,1868865057,3.5402610596920567,3.5387044293621366,0.3945415478654155,0.3945415478654048,0.0,0.0,0
sac_verified_history,sac,historical_sp500_midquotes,0,False,301461638,-1.672627933372496,-1.6728907962568276,0.162130467319244,0.1621304673192334,0.0,0.0,0
sac_verified_history,sac,historical_sp500_midquotes,0,False,1387055752,3.68979414569003,3.689221383615369,0.2393244815435053,0.2393244815434982,0.0,0.0,0
sac_verified_history,sac,historical_sp500_midquotes,0,False,1027367132,-33.97839731181739,-33.98745524576176,0.9517317870267163,0.9517317870267136,0.0,0.0,0
sac_verified_history,sac,historical_sp500_midquotes,0,False,1111389845,-1.9451096650682305,-1.9451297562694072,0.044823209587264,0.0448232095872698,0.0,0.0,0
sac_verified_history,sac,historical_sp500_midquotes,0,False,180210118,-1.937151939557225,-1.9404154499559507,0.5712714239943892,0.5712714239943857,0.0,0.0,0
sac_verified_history,sac,historical_sp500_midquotes,0,False,1769597788,2.6900090191957133,2.687777257511565,0.4724152499812106,0.4724152499812231,0.0,0.0,0
sac_verified_history,sac,historical_sp500_midquotes,0,False,1541083806,-3.288074811705883,-3.2949723352897484,0.8305133101802369,0.8305133101802511,0.0,0.0,0
sac_verified_history,sac,historical_sp500_midquotes,0,False,2073530583,1.0337166276985954,1.033391668717827,0.1802661867262713,0.1802661867262962,0.0,0.0,0
sac_verified_history,sac,historical_sp500_midquotes,0,False,583456263,-26.59121905205393,-26.592877188081644,0.4072021644974768,0.4072021644974848,0.0,0.0,0
sac_verified_history,sac,historical_sp500_midquotes,0,False,269688897,2.3720501466668793,2.3706840025359175,0.3696138702702711,0.3696138702702898,0.0,0.0,0
sac_verified_history,sac,historical_sp500_midquotes,0,False,977455710,2.2929179231759917,2.2901821313728936,0.5230479713274576,0.5230479713274807,0.0,0.0,0
sac_verified_history,sac,historical_sp500_midquotes,0,False,2018195485,-0.7061831949540647,-0.707629516169528,0.3803053004447037,0.3803053004446926,0.0,0.0,0
sac_verified_history,sac,historical_sp500_midquotes,0,False,1266812912,-3.4863822018705832,-3.486877361322668,0.2225217859187722,0.2225217859187558,0.0,0.0,0
sac_verified_history,sac,historical_sp500_midquotes,0,False,1737039599,0.1950280677519913,0.1932347945669262,0.42347056391975,0.42347056391975,0.0,0.0,0
sac_verified_history,sac,historical_sp500_midquotes,0,False,476600210,5.471905004076689,5.468653157461937,0.5702496483779527,0.5702496483779669,0.0,0.0,0
sac_verified_history,sac,historical_sp500_midquotes,0,False,392787174,-2.7989538873025595,-2.8031858745932183,0.6505372618581902,0.6505372618581511,0.0,0.0,0
sac_verified_history,sac,historical_sp500_midquotes,0,False,369185566,5.33110801917428,5.330905685720565,0.14224396427106,0.1422439642710902,0.0,0.0,0
sac_verified_history,sac,historical_sp500_midquotes,0,False,1749636134,5.266726843132346,5.260283067068326,0.802731341360257,0.8027313413602446,0.0,0.0,0
sac_verified_history,sac,historical_sp500_midquotes,0,False,510732936,4.975935034106442,4.97248947797381,0.5869885972172852,0.5869885972172959,0.0,0.0,0
sac_verified_history,sac,historical_sp500_midquotes,0,False,569417501,3.266269991034278,3.2570651408895093,0.9594191026224764,0.959419102622456,0.0,0.0,0
sac_verified_history,sac,historical_sp500_midquotes,0,False,1908420144,-2.264471308444626,-2.2644939833008566,0.0476181228421239,0.0476181228421275,0.0,0.0,0
sac_verified_history,sac,historical_sp500_midquotes,0,False,2034989486,6.127942567611171,6.1203699788774495,0.8702062246227911,0.8702062246227626,0.0,0.0,0
sac_verified_history,sac,historical_sp500_midquotes,0,False,564294971,5.368789385442142,5.368751126416346,0.0618538808771518,0.0618538808771327,0.0,0.0,0
sac_verified_history,sac,historical_sp500_midquotes,0,False,1129817345,6.113730661098089,6.111471829989053,0.4752716180285716,0.4752716180285734,0.0,0.0,0
sac_verified_history,sac,historical_sp500_midquotes,0,False,1190000565,2.614955619470493,2.61448255422974,0.2175006300571738,0.2175006300571871,0.0,0.0,0
sac_verified_history,sac,historical_sp500_midquotes,0,False,1455278866,-2.5813360075408127,-2.583168948892452,0.4281286432416209,0.4281286432416431,0.0,0.0,0
sac_verified_history,sac,historical_sp500_midquotes,0,False,1760722551,1.4378432482753851,1.4310796956023302,0.8224082120854064,0.8224082120853957,0.0,0.0,0
sac_verified_history,sac,historical_sp500_midquotes,0,False,328726188,-1.935422361118981,-1.939796451444192,0.6613690592408403,0.6613690592408297,0.0,0.0,0
sac_verified_history,sac,historical_sp500_midquotes,0,False,232867167,-1.373435620975215,-1.3746078163301232,0.3423733860725946,0.3423733860725946,0.0,0.0,0
sac_verified_history,sac,historical_sp500_midquotes,0,False,628415013,-24.68610432628157,-24.686475505861956,0.1926602139496367,0.1926602139496456,0.0,0.0,0
sac_verified_history,sac,historical_sp500_midquotes,0,False,55294341,-0.9729634334271396,-0.9737621772725868,0.2826205663866687,0.2826205663866594,0.0,0.0,0
sac_verified_history,sac,historical_sp500_midquotes,0,False,587962707,3.184886533035751,3.184200236962209,0.2619725316787509,0.2619725316787797,0.0,0.0,0
sac_verified_history,sac,historical_sp500_midquotes,0,False,829705679,-4.743215542175676,-4.748294337043928,0.7126566402028516,0.712656640202864,0.0,0.0,0
sac_verified_history,sac,historical_sp500_midquotes,0,False,379368625,-4.637674573144977,-4.6376755743244145,0.0100058954475485,0.0100058954475565,0.0,0.0,0
sac_verified_history,sac,historical_sp500_midquotes,0,False,205709869,4.997185219765015,4.995830890962628,0.3680120653439047,0.3680120653438967,0.0,0.0,0
sac_verified_history,sac,historical_sp500_midquotes,0,False,865592973,-23.790622241036544,-23.797354488324117,0.8205027292809461,0.8205027292809461,0.0,0.0,0
sac_verified_history,sac,historical_sp500_midquotes,0,False,675392413,-1.9153738753284415,-1.9234360075339336,0.8978937690780668,0.897893769078081,0.0,0.0,0
sac_verified_history,sac,historical_sp500_midquotes,0,False,1422536529,-1.774837393888447,-1.7793551713340203,0.6721441397180854,0.6721441397180872,0.0,0.0,0
sac_verified_history,sac,historical_sp500_midquotes,0,False,1001327361,-4.47291052187029,-4.474171034358404,0.3550369682321701,0.355036968232163,0.0,0.0,0
sac_verified_history,sac,historical_sp500_midquotes,0,False,1177952687,4.9223309817480185,4.919848451803921,0.4982499316705286,0.4982499316705393,0.0,0.0,0
sac_verified_history,sac,historical_sp500_midquotes,0,False,1810240606,-3.2443053099013923,-3.25344429396585,0.95598033789706,0.9559803378970528,0.0,0.0,0
sac_verified_history,sac,historical_sp500_midquotes,0,False,1181369059,1.5189590685713483,1.5175143185911604,0.3800986687937779,0.3800986687937771,0.0,0.0,0
sac_verified_history,sac,historical_sp500_midquotes,0,False,1322332359,4.054419730304289,4.0475131237905755,0.8310599565442658,0.8310599565442658,0.0,0.0,0
sac_verified_history,sac,historical_sp500_midquotes,0,False,38137826,5.0998736361725605,5.09561553644972,0.6525411652026634,0.652541165202678,0.0,0.0,0
sac_verified_history,sac,historical_sp500_midquotes,0,False,440852670,-26.300730468119585,-26.308206341145077,0.8646313101834835,0.8646313101834959,0.0,0.0,0
sac_verified_history,sac,historical_sp500_midquotes,0,False,1945446605,-30.21081326107196,-30.214281207047943,0.5888926876759939,0.5888926876759886,0.0,0.0,0
sac_verified_history,sac,historical_sp500_midquotes,0,False,1154827508,4.318498817841828,4.315262952340744,0.5688466841851181,0.5688466841851323,0.0,0.0,0
sac_verified_history,sac,historical_sp500_midquotes,0,False,993215842,0.3816161342328996,0.3809796812371394,0.2522802005232449,0.2522802005232041,0.0,0.0,0
sac_verified_history,sac,historical_sp500_midquotes,0,False,203881053,4.58506339716223,4.577696618617783,0.8582993967402643,0.858299396740259,0.0,0.0,0
sac_verified_history,sac,historical_sp500_midquotes,0,False,1698224781,-2.6432829555087665,-2.643952735330464,0.2588010474664912,0.2588010474665143,0.0,0.0,0
sac_verified_history,sac,historical_sp500_midquotes,0,False,1641320225,2.806289594123882,2.80233679417396,0.6287129670940743,0.6287129670940601,0.0,0.0,0
sac_verified_history,sac,historical_sp500_midquotes,0,False,835891747,-0.6571422343440645,-0.6663119609813135,0.957586896174405,0.9575868961743872,0.0,0.0,0
sac_verified_history,sac,historical_sp500_midquotes,0,False,2098874635,1.5704580377660022,1.5664631728321152,0.6320494390383402,0.63204943903835,0.0,0.0,0
sac_verified_history,sac,historical_sp500_midquotes,0,False,626392803,-29.335657134455687,-29.335731443357908,0.0862026114572813,0.0862026114572449,0.0,0.0,0
sac_verified_history,sac,historical_sp500_midquotes,0,True,401058792,2.0217054404729424,1.7305008641020176,0.1311625719762759,-5.396337428023982,5.527500000000259,0.0,0
sac_verified_history,sac,historical_sp500_midquotes,0,True,1822668597,0.9551421566503122,0.9530187236192792,0.3693783678886149,-0.4608072298730854,0.8301855977617039,0.036,8
sac_verified_history,sac,historical_sp500_midquotes,0,True,1465431171,6.3890304187191065,6.03225802188697,0.1880427491527854,5.97304274915337,-5.7850000000005615,0.001,1
sac_verified_history,sac,historical_sp500_midquotes,0,True,157564097,-3.76495823601888,-10.607024087657692,0.8776571463411642,-26.157342853659294,27.035000000000466,0.001,1
sac_verified_history,sac,historical_sp500_midquotes,0,True,245238582,-23.124920504471245,-23.597281144401897,0.8253109165807189,-6.872849772333513,7.698160688914239,0.001,1
sac_verified_history,sac,historical_sp500_midquotes,0,True,1117977144,-1.241087396425224,-1.8468349705815703,0.7914799867795779,7.782978698135737,-6.991498711356146,0.001,1
sac_verified_history,sac,historical_sp500_midquotes,0,True,523826546,6.766663283455913,6.554898038357953,0.1367117439606175,4.601795791839964,-4.4650840478793254,0.0209999999999999,6
sac_verified_history,sac,historical_sp500_midquotes,0,True,1124484429,-26.58617531667126,-26.589639689460093,0.517801359980524,0.5885892276312259,-0.0707878676507054,0.003,2
sac_verified_history,sac,historical_sp500_midquotes,0,True,171768458,5.792186043301597,5.791928263147326,0.6055553344712479,0.1605553344712476,0.4449999999999718,0.3570000000000001,23
sac_verified_history,sac,historical_sp500_midquotes,0,True,1868865057,4.1671110596926155,4.10000630977028,0.3945415478654155,-2.5904584521342073,2.984999999999612,0.0,0
sac_verified_history,sac,historical_sp500_midquotes,0,True,301461638,-1.392019968579625,-1.4376575304017,0.162130467319244,2.136294966105449,-1.9741644987862157,0.055,10
sac_verified_history,sac,historical_sp500_midquotes,0,True,1387055752,4.149332923033129,4.10856536656133,0.2393244815435053,2.0190977309629856,-1.7797732494194871,0.0209999999999999,6
sac_verified_history,sac,historical_sp500_midquotes,0,True,1027367132,-33.99769633465985,-33.99864763163546,0.9517317870267163,0.3084310256134351,0.6433007614132785,0.0,0
sac_verified_history,sac,historical_sp500_midquotes,0,True,1111389845,-2.046359665069758,-2.058027484055231,0.044823209587264,-1.0801767904131636,1.1250000000004334,0.0,0
sac_verified_history,sac,historical_sp500_midquotes,0,True,180210118,-1.984551939556084,-1.992809815804604,0.5712714239943892,-0.9087285760071496,1.4800000000015352,0.003,2
sac_verified_history,sac,historical_sp500_midquotes,0,True,1769597788,2.799204486735107,2.746656273320621,0.4724152499812106,2.292339708997913,-1.8199244590166896,0.0,0
sac_verified_history,sac,historical_sp500_midquotes,0,True,1541083806,-1.559149811707044,-2.0233213153538254,0.8305133101802369,6.813013310179141,-5.98249999999889,0.006,3
sac_verified_history,sac,historical_sp500_midquotes,0,True,2073530583,1.166612046868977,1.0678829103829208,0.1802661867262713,-3.1421192925485206,3.322385479274817,0.0,0
sac_verified_history,sac,historical_sp500_midquotes,0,True,583456263,-25.78511905205394,-26.16607984764821,0.4072021644974768,6.172202164497414,-5.7649999999999295,0.001,1
sac_verified_history,sac,historical_sp500_midquotes,0,True,269688897,2.3720501466668793,2.3580579507078068,0.3696138702702711,-1.1828861297298436,1.5525000000001334,0.0,0
sac_verified_history,sac,historical_sp500_midquotes,0,True,977455710,2.281817923176277,2.2701960488914392,0.5230479713274576,1.0780479713277078,-0.5550000000002271,0.0,0
sac_verified_history,sac,historical_sp500_midquotes,0,True,2018195485,-0.8216447550035955,-0.8221794452472337,0.3803053004447037,-0.2312337007527901,0.6115390011974827,0.091,13
sac_verified_history,sac,historical_sp500_midquotes,0,True,1266812912,-3.643307201871518,-3.6575869311928098,0.2225217859187722,-1.1949782140814151,1.417500000000171,0.001,1
sac_verified_history,sac,historical_sp500_midquotes,0,True,1737039599,0.0293968969781417,-0.0540751450191435,0.42347056391975,-2.8891528515688703,3.3126234154886203,0.0,0
sac_verified_history,sac,historical_sp500_midquotes,0,True,476600210,6.090280004076907,5.997392224885023,0.5702496483779527,3.04774964837803,-2.477500000000063,0.001,1
sac_verified_history,sac,historical_sp500_midquotes,0,True,392787174,-3.1025500236843655,-3.105870364093389,0.6505372618581902,0.5762239503026214,0.0743133115555297,0.314,14
sac_verified_history,sac,historical_sp500_midquotes,0,True,369185566,6.820258019172921,6.33378748550157,0.14224396427106,6.974743964271029,-6.832499999999939,0.014,4
sac_verified_history,sac,historical_sp500_midquotes,0,True,1749636134,5.246901843132946,5.169326706884021,0.802731341360257,2.7852313413597205,-1.982499999999476,0.0,0
sac_verified_history,sac,historical_sp500_midquotes,0,True,510732936,4.823038023714835,4.801885309655873,0.5869885972172852,-1.4543972655007904,2.0413858627180863,0.01,4
sac_verified_history,sac,historical_sp500_midquotes,0,True,569417501,3.750984923739452,3.4909341306787263,0.9594191026224764,-5.099517556207899,6.058936658830355,0.0,0
sac_verified_history,sac,historical_sp500_midquotes,0,True,1908420144,-2.6493072964907043,-2.7328041254239093,0.0476181228421239,-2.8895817851932284,2.937199908035356,0.003,2
sac_verified_history,sac,historical_sp500_midquotes,0,True,2034989486,6.655207427802452,6.334452484744726,0.8702062246227911,5.663523135449579,-4.7933169108268165,0.0,0
sac_verified_history,sac,historical_sp500_midquotes,0,True,564294971,8.376989385442357,7.0239891383814435,0.0618538808771518,11.631853880877776,-11.570000000000643,0.0,0
sac_verified_history,sac,historical_sp500_midquotes,0,True,1129817345,7.157621829234544,6.850020487841592,0.4752716180285716,5.546181942498388,-5.070910324469814,0.0209999999999999,6
sac_verified_history,sac,historical_sp500_midquotes,0,True,1190000565,2.6432056194717006,2.6166365989318416,0.2175006300571738,1.6300006300568972,-1.41249999999971,0.0,0
sac_verified_history,sac,historical_sp500_midquotes,0,True,1455278866,-1.9994178583201576,-2.066156434699585,0.4281286432416209,2.583381047763328,-2.155252404521685,0.0,0
sac_verified_history,sac,historical_sp500_midquotes,0,True,1760722551,1.824441165310418,1.7038152482647453,0.8224082120854064,-3.4731241994157473,4.295532411501143,0.0,0
sac_verified_history,sac,historical_sp500_midquotes,0,True,328726188,-1.7455223611177644,-1.8919333628928423,0.6613690592408403,3.826369059239816,-3.164999999998986,0.0,0
sac_verified_history,sac,historical_sp500_midquotes,0,True,232867167,-1.2121242457942571,-1.250363545257848,0.3423733860725946,1.95548713786593,-1.6131137517933354,0.0,0
sac_verified_history,sac,historical_sp500_midquotes,0,True,628415013,-24.43450432628015,-24.545904083317957,0.1926602139496367,3.3376602139494,-3.1449999999997544,0.0,0
sac_verified_history,sac,historical_sp500_midquotes,0,True,55294341,-0.4085063669638621,-0.4449449847466392,0.2826205663866687,1.9088901954480548,-1.6262696290613954,0.021,1
sac_verified_history,sac,historical_sp500_midquotes,0,True,587962707,3.296685364383753,3.2599655475677523,0.2619725316787509,1.9162415509533477,-1.6542690192745677,0.004,2
sac_verified_history,sac,historical_sp500_midquotes,0,True,829705679,-4.159255357146118,-4.291566332543205,0.7126566402028516,3.637457565348184,-2.92480092514532,0.001,1
sac_verified_history,sac,historical_sp500_midquotes,0,True,379368625,-3.2041995731451607,-3.5938883716921977,0.0100058954475485,6.242505895448052,-6.2325000000004955,0.0,0
sac_verified_history,sac,historical_sp500_midquotes,0,True,205709869,4.641077568407781,4.641062025753335,0.3680120653439047,-0.0394241733531621,0.4074362386970588,0.4050000000000001,23
sac_verified_history,sac,historical_sp500_midquotes,0,True,865592973,-22.894180268444543,-23.183378195691404,0.8205027292809461,5.377712592235287,-4.557209862954341,0.015,5
sac_verified_history,sac,historical_sp500_midquotes,0,True,675392413,-1.7796988211557618,-1.9101205489632815,0.8978937690780668,3.6113948525122535,-2.7135010834341724,0.0,0
sac_verified_history,sac,historical_sp500_midquotes,0,True,1422536529,-0.965662393890525,-1.1043921335658624,0.6721441397180854,3.724644139717745,-3.052499999999658,0.015,5
sac_verified_history,sac,historical_sp500_midquotes,0,True,1001327361,-2.616210252298202,-3.181604281296295,0.3550369682321701,7.519268774276478,-7.164231806044315,0.006,3
sac_verified_history,sac,historical_sp500_midquotes,0,True,1177952687,5.232030981748525,5.158684804824587,0.4982499316705286,2.7082499316706077,-2.2100000000000684,0.066,11
sac_verified_history,sac,historical_sp500_midquotes,0,True,1810240606,-3.3024553099009206,-3.30290043693071,0.95598033789706,0.2109803378965438,0.745000000000509,0.006,3
sac_verified_history,sac,historical_sp500_midquotes,0,True,1181369059,1.466759068573083,1.4582046438484064,0.3800986687937779,-0.924901331206553,1.30500000000033,0.0,0
sac_verified_history,sac,historical_sp500_midquotes,0,True,1322332359,5.507069730303759,4.953747988032732,0.8310599565442658,7.438559956544193,-6.607499999999927,0.001,1
sac_verified_history,sac,historical_sp500_midquotes,0,True,38137826,4.96387363617256,4.926722660574176,0.6525411652026634,-1.92745883479737,2.580000000000048,0.136,16
sac_verified_history,sac,historical_sp500_midquotes,0,True,440852670,-25.6003804681216,-25.78524876215666,0.8646313101834835,4.299631310182983,-3.434999999999487,0.0209999999999999,6
sac_verified_history,sac,historical_sp500_midquotes,0,True,1945446605,-30.202013261072352,-30.202234951396782,0.5888926876759939,0.1488926876763923,0.4399999999995962,0.0,0
sac_verified_history,sac,historical_sp500_midquotes,0,True,1154827508,4.378594802694599,4.359833493805262,0.5688466841851181,1.3697192737688213,-0.800872589583689,0.0279999999999999,7
sac_verified_history,sac,historical_sp500_midquotes,0,True,993215842,1.805039299881173,1.379162283119015,0.2522802005232449,-6.525925350187192,6.778205550710396,0.0,0
sac_verified_history,sac,historical_sp500_midquotes,0,True,203881053,4.919713397161104,4.916152881061797,0.8582993967402643,-0.5967006032598707,1.4550000000001295,0.0,0
sac_verified_history,sac,historical_sp500_midquotes,0,True,1698224781,-2.1733429588463333,-2.2815626424473665,0.2588010474664912,3.289676026617717,-3.030874979151202,0.015,5
sac_verified_history,sac,historical_sp500_midquotes,0,True,1641320225,2.782189594123338,2.767030740419944,0.6287129670940743,1.231212967093576,-0.602499999999516,0.0,0
sac_verified_history,sac,historical_sp500_midquotes,0,True,835891747,-0.2793722976712161,-0.4210897094250069,0.957586896174405,-3.764537312257522,4.722124208431909,0.0,0
sac_verified_history,sac,historical_sp500_midquotes,0,True,2098874635,1.867459969211268,1.7128481536205618,0.6320494390383402,3.9320708995477944,-3.3000214605094444,0.0,0
sac_verified_history,sac,historical_sp500_midquotes,0,True,626392803,-28.868632134455765,-29.003960663491167,0.0862026114572813,3.678702611456941,-3.5924999999996956,0.0,0
sac_verified_history,sac,historical_sp500_midquotes,10,False,401058792,1.2844478295155568,0.1051286549546979,10.85964628595636,10.859646285956366,0.0,0.0,0
sac_verified_history,sac,historical_sp500_midquotes,10,False,1822668597,2.3257026213686913,1.1917445875474184,10.648746563897888,10.648746563897898,0.0,0.0,0
sac_verified_history,sac,historical_sp500_midquotes,10,False,1465431171,8.06822687071326,6.8986154392488315,10.814857518545622,10.81485751854563,0.0,0.0,0
sac_verified_history,sac,historical_sp500_midquotes,10,False,157564097,1.2298099454856128,0.1666320374359173,10.311051876747086,10.311051876747085,0.0,0.0,0
sac_verified_history,sac,historical_sp500_midquotes,10,False,245238582,-23.41675496647258,-24.588628530879,10.82531091658072,10.825310916580726,0.0,0.0,0
sac_verified_history,sac,historical_sp500_midquotes,10,False,1117977144,0.7090922648985725,-0.4778266268853723,10.89458072522271,10.894580725222724,0.0,0.0,0
sac_verified_history,sac,historical_sp500_midquotes,10,False,523826546,7.94959718678183,6.895912201539913,10.26491590438964,10.264915904389657,0.0,0.0,0
sac_verified_history,sac,historical_sp500_midquotes,10,False,1124484429,-25.60983446546561,-26.712494360936596,10.500761379400004,10.500761379400004,0.0,0.0,0
sac_verified_history,sac,historical_sp500_midquotes,10,False,171768458,8.675886043301944,7.551108003776634,10.605555334471248,10.60555533447122,0.0,0.0,0
sac_verified_history,sac,historical_sp500_midquotes,10,False,1868865057,3.09315468173736,1.9375596857290984,10.74986044564423,10.74986044564422,0.0,0.0,0
sac_verified_history,sac,historical_sp500_midquotes,10,False,301461638,2.07582852536325,0.9517435660518634,10.602287297142013,10.602287297142,0.0,0.0,0
sac_verified_history,sac,historical_sp500_midquotes,10,False,1387055752,6.349287760293009,5.284821186128234,10.317298939958931,10.317298939958924,0.0,0.0,0
sac_verified_history,sac,historical_sp500_midquotes,10,False,1027367132,-30.727322542416005,-31.85525056526969,10.620395580455964,10.620395580455964,0.0,0.0,0
sac_verified_history,sac,historical_sp500_midquotes,10,False,1111389845,-0.078750385893727,-1.2003088145262424,10.590365567970323,10.59036556797033,0.0,0.0,0
sac_verified_history,sac,historical_sp500_midquotes,10,False,180210118,-0.6371519395561336,-1.7546697347537366,10.57127142399439,10.571271423994386,0.0,0.0,0
sac_verified_history,sac,historical_sp500_midquotes,10,False,1769597788,2.224627696628886,1.068173880026248,10.75385426999378,10.753854269993797,0.0,0.0,0
sac_verified_history,sac,historical_sp500_midquotes,10,False,1541083806,0.5652837457273563,-0.4833146162086057,10.240109188558293,10.240109188558304,0.0,0.0,0
sac_verified_history,sac,historical_sp500_midquotes,10,False,2073530583,0.6093610085026739,-0.5989060475932679,10.992120159896077,10.992120159896096,0.0,0.0,0
sac_verified_history,sac,historical_sp500_midquotes,10,False,583456263,-24.480168110012528,-25.62017595476795,10.677114988401216,10.67711498840123,0.0,0.0,0
sac_verified_history,sac,historical_sp500_midquotes,10,False,269688897,1.4499829933374713,0.3842926622053535,10.323227843713,10.32322784371302,0.0,0.0,0
sac_verified_history,sac,historical_sp500_midquotes,10,False,977455710,1.7911583007917216,0.6763938933295948,10.558240419038214,10.558240419038237,0.0,0.0,0
sac_verified_history,sac,historical_sp500_midquotes,10,False,2018195485,0.5156154792730376,-0.6666579798342243,10.873239899437806,10.873239899437802,0.0,0.0,0
sac_verified_history,sac,historical_sp500_midquotes,10,False,1266812912,0.2682901307707652,-0.756508922331081,10.123235911020998,10.123235911020974,0.0,0.0,0
sac_verified_history,sac,historical_sp500_midquotes,10,False,1737039599,1.0541115684955005,-0.1366089974096009,10.912014323236122,10.912014323236114,0.0,0.0,0
sac_verified_history,sac,historical_sp500_midquotes,10,False,476600210,8.235027539069051,7.067755424067183,10.8040368150144,10.804036815014411,0.0,0.0,0
sac_verified_history,sac,historical_sp500_midquotes,10,False,392787174,1.3235137773936003,0.197426849610607,10.611724307495932,10.6117243074959,0.0,0.0,0
sac_verified_history,sac,historical_sp500_midquotes,10,False,369185566,7.983628185736961,6.864593739206367,10.578442449295594,10.578442449295617,0.0,0.0,0
sac_verified_history,sac,historical_sp500_midquotes,10,False,1749636134,5.266726843132346,4.099736798796277,10.802731341360255,10.802731341360245,0.0,0.0,0
sac_verified_history,sac,historical_sp500_midquotes,10,False,510732936,7.5594672877959965,6.39818965023798,10.776259265431648,10.776259265431657,0.0,0.0,0
sac_verified_history,sac,historical_sp500_midquotes,10,False,569417501,2.91039401364651,1.8401807116071656,10.345111415733273,10.34511141573325,0.0,0.0,0
sac_verified_history,sac,historical_sp500_midquotes,10,False,1908420144,1.4409242207220814,0.3312976173838042,10.533881541664854,10.533881541664863,0.0,0.0,0
sac_verified_history,sac,historical_sp500_midquotes,10,False,2034989486,8.784710477948465,7.589556546867011,10.932309596244792,10.932309596244767,0.0,0.0,0
sac_verified_history,sac,historical_sp500_midquotes,10,False,564294971,8.248291508669354,7.208079153892269,10.199080128997366,10.199080128997345,0.0,0.0,0
sac_verified_history,sac,historical_sp500_midquotes,10,False,1129817345,8.45581758771732,7.276713352229548,10.858656618052578,10.858656618052583,0.0,0.0,0
sac_verified_history,sac,historical_sp500_midquotes,10,False,1190000565,1.8783686241295072,0.8004750215411618,10.38216548985973,10.38216548985974,0.0,0.0,0
sac_verified_history,sac,historical_sp500_midquotes,10,False,1455278866,1.6743922361492878,0.5379423300788055,10.66044045089356,10.660440450893583,0.0,0.0,0
sac_verified_history,sac,historical_sp500_midquotes,10,False,1760722551,1.337843248275021,0.1665980531848871,10.822408212085406,10.822408212085396,0.0,0.0,0
sac_verified_history,sac,historical_sp500_midquotes,10,False,328726188,-0.0692458164667186,-1.182472864540008,10.550957530353784,10.55095753035377,0.0,0.0,0
sac_verified_history,sac,historical_sp500_midquotes,10,False,232867167,1.0673637279214745,-0.0409872584809023,10.527824971960626,10.527824971960625,0.0,0.0,0
sac_verified_history,sac,historical_sp500_midquotes,10,False,628415013,-23.924051150763265,-25.09982810135444,10.843324907938424,10.843324907938433,0.0,0.0,0
sac_verified_history,sac,historical_sp500_midquotes,10,False,55294341,2.6071203223855264,1.4551812442463117,10.732842485284207,10.732842485284198,0.0,0.0,0
sac_verified_history,sac,historical_sp500_midquotes,10,False,587962707,3.0230040817550616,2.021633408208557,10.00685102090813,10.006851020908147,0.0,0.0,0
sac_verified_history,sac,historical_sp500_midquotes,10,False,829705679,-1.383728345777854,-2.474474247888047,10.443878121225808,10.443878121225817,0.0,0.0,0
sac_verified_history,sac,historical_sp500_midquotes,10,False,379368625,-0.4690526022750418,-1.4847663502746309,10.078262489137645,10.078262489137645,0.0,0.0,0
sac_verified_history,sac,historical_sp500_midquotes,10,False,205709869,7.658783090631914,6.4769947856490475,10.871008715767218,10.871008715767212,0.0,0.0,0
sac_verified_history,sac,historical_sp500_midquotes,10,False,865592973,-22.990622241035453,-24.161455034179216,10.820502729280946,10.820502729280946,0.0,0.0,0
sac_verified_history,sac,historical_sp500_midquotes,10,False,675392413,-1.3600630367636768,-2.3835230459501817,10.116620034312362,10.116620034312373,0.0,0.0,0
sac_verified_history,sac,historical_sp500_midquotes,10,False,1422536529,2.4000878013939655,1.21008896035688,10.908706802536614,10.908706802536612,0.0,0.0,0
sac_verified_history,sac,historical_sp500_midquotes,10,False,1001327361,-0.3260937172944977,-1.5044748003330757,10.855326264274964,10.85532626427496,0.0,0.0,0
sac_verified_history,sac,historical_sp500_midquotes,10,False,1177952687,7.399863047847248,6.375141641207032,10.122852397621015,10.12285239762102,0.0,0.0,0
sac_verified_history,sac,historical_sp500_midquotes,10,False,1810240606,-1.121519814396379,-2.2225616633106977,10.493054126012694,10.493054126012686,0.0,0.0,0
sac_verified_history,sac,historical_sp500_midquotes,10,False,1181369059,1.8924696853227945,0.7542238158436121,10.668860620887216,10.668860620887228,0.0,0.0,0
sac_verified_history,sac,historical_sp500_midquotes,10,False,1322332359,6.522035270409106,5.410798384983897,10.541522116967784,10.54152211696778,0.0,0.0,0
sac_verified_history,sac,historical_sp500_midquotes,10,False,38137826,7.884922868786816,6.6982472353547795,10.89346424895237,10.893464248952384,0.0,0.0,0
sac_verified_history,sac,historical_sp500_midquotes,10,False,440852670,-24.400730468119946,-25.58113260318214,10.864631310183483,10.864631310183496,0.0,0.0,0
sac_verified_history,sac,historical_sp500_midquotes,10,False,1945446605,-26.91633834004824,-28.121476133894088,10.977876815877693,10.977876815877682,0.0,0.0,0
sac_verified_history,sac,historical_sp500_midquotes,10,False,1154827508,7.0130379293495935,5.943236723058712,10.343119482491147,10.343119482491158,0.0,0.0,0
sac_verified_history,sac,historical_sp500_midquotes,10,False,993215842,1.607861522703388,0.4961241725686327,10.5438956279677,10.54389562796766,0.0,0.0,0
sac_verified_history,sac,historical_sp500_midquotes,10,False,203881053,4.637862381798186,3.5110673385545894,10.615060260043734,10.615060260043732,0.0,0.0,0
sac_verified_history,sac,historical_sp500_midquotes,10,False,1698224781,0.7926692618766538,-0.3830471178386072,10.843045604050817,10.843045604050833,0.0,0.0,0
sac_verified_history,sac,historical_sp500_midquotes,10,False,1641320225,2.570452903828482,1.5077712985190612,10.3086449415499,10.308644941549886,0.0,0.0,0
sac_verified_history,sac,historical_sp500_midquotes,10,False,835891747,-0.2571422343444283,-1.4578293402165547,10.957586896174403,10.957586896174387,0.0,0.0,0
sac_verified_history,sac,historical_sp500_midquotes,10,False,2098874635,1.0376706534607365,-0.0782953258604084,10.563929095375189,10.56392909537519,0.0,0.0,0
sac_verified_history,sac,historical_sp500_midquotes,10,False,626392803,-26.259687306152045,-27.400086405851766,10.67894704406632,10.67894704406628,0.0,0.0,0
sac_verified_history,sac,historical_sp500_midquotes,10,True,401058792,1.6529978295147885,1.195393435773777,10.85964628595636,6.764646285956211,4.095000000000155,0.0,0
sac_verified_history,sac,historical_sp500_midquotes,10,True,1822668597,2.206344379062866,1.2632251164457768,10.648746563897888,9.711432760499807,0.9373138033980908,0.035,7
sac_verified_history,sac,historical_sp500_midquotes,10,True,1465431171,8.828176870713127,6.565451673555536,10.814857518545622,15.04235751854606,-4.227500000000429,0.001,1
sac_verified_history,sac,historical_sp500_midquotes,10,True,157564097,-0.9179900545130076,-3.6483986703126576,10.311051876747086,-16.523948123253263,26.835000000000345,0.001,1
sac_verified_history,sac,historical_sp500_midquotes,10,True,245238582,-22.746154966473114,-22.805828218214785,10.82531091658072,2.4428109165809886,8.382499999999737,0.0,0
sac_verified_history,sac,historical_sp500_midquotes,10,True,1117977144,2.663472867263612,-0.3684842903750334,10.89458072522271,17.412516066435217,-6.517935341212492,0.001,1
sac_verified_history,sac,historical_sp500_midquotes,10,True,523826546,8.71179282810472,6.916809585259891,10.26491590438964,13.397698469680636,-3.132782565290978,0.0209999999999999,6
sac_verified_history,sac,historical_sp500_midquotes,10,True,1124484429,-25.7048844654649,-26.5486665866576,10.500761379400004,9.185761379399644,1.31500000000036,0.003,2
sac_verified_history,sac,historical_sp500_midquotes,10,True,171768458,8.294286043301298,7.254792557518652,10.605555334471248,10.195555334471225,0.4099999999999966,0.3570000000000001,23
sac_verified_history,sac,historical_sp500_midquotes,10,True,1868865057,3.519979681737823,2.7600559503449595,10.74986044564423,8.717360445644445,2.032499999999775,0.0,0
sac_verified_history,sac,historical_sp500_midquotes,10,True,301461638,2.1913299673363507,0.844514719330659,10.602287297142013,11.60523695581306,-1.002949658671061,0.055,10
sac_verified_history,sac,historical_sp500_midquotes,10,True,1387055752,6.664437760294008,5.327570192524295,10.317298939958931,11.562298939958753,-1.244999999999827,0.0209999999999999,6
sac_verified_history,sac,historical_sp500_midquotes,10,True,1027367132,-30.81144030647738,-31.422412356549927,10.620395580455964,7.816470111709941,2.8039254687460216,0.0,0
sac_verified_history,sac,historical_sp500_midquotes,10,True,1111389845,-0.1576567293686821,-1.0800318569918748,10.590365567970323,9.604036274521212,0.9863292934491182,0.0,0
sac_verified_history,sac,historical_sp500_midquotes,10,True,180210118,-0.7992287010347354,-1.066384611615906,10.57127142399439,5.168712708026734,5.402558715967651,0.0,0
sac_verified_history,sac,historical_sp500_midquotes,10,True,1769597788,2.211039041143522,1.102782443819389,10.75385426999378,10.527376678565904,0.2264775914278899,0.0,0
sac_verified_history,sac,historical_sp500_midquotes,10,True,1541083806,2.3753045287897696,-0.2794807385760136,10.240109188558293,16.29351179876758,-6.053402610209275,0.006,3
sac_verified_history,sac,historical_sp500_midquotes,10,True,2073530583,0.7541888176619977,0.2108097625357415,10.992120159896077,7.371424930949621,3.620695228946475,0.0,0
sac_verified_history,sac,historical_sp500_midquotes,10,True,583456263,-24.248768110013568,-25.770812172383923,10.677114988401216,12.337114988401284,-1.6600000000000534,0.001,1
sac_verified_history,sac,historical_sp500_midquotes,10,True,269688897,1.4499829933374713,0.7613771398757293,10.323227843713,8.298227843713029,2.0249999999999915,0.0,0
sac_verified_history,sac,historical_sp500_midquotes,10,True,977455710,1.7956633275298373,0.7279566938253024,10.558240419038214,10.33298908208334,0.2252513369548964,0.0,0
sac_verified_history,sac,historical_sp500_midquotes,10,True,2018195485,0.3962171978622646,-0.6367059879104227,10.873239899437806,10.163282864176749,0.7099570352610542,0.091,13
sac_verified_history,sac,historical_sp500_midquotes,10,True,1266812912,0.060490130772654,-0.6190192520747793,10.123235911020998,8.243235911020825,1.880000000000148,0.001,1
sac_verified_history,sac,historical_sp500_midquotes,10,True,1737039599,0.9636680959083606,0.1349956303949039,10.912014323236122,9.103144871490604,1.808869451745511,0.0,0
sac_verified_history,sac,historical_sp500_midquotes,10,True,476600210,8.624981801940725,7.110185271973987,10.8040368150144,12.30770705682719,-1.5036702418127772,0.001,1
sac_verified_history,sac,historical_sp500_midquotes,10,True,392787174,1.0369969627836109,-0.0702454526563487,10.611724307495932,10.522558697579024,0.0891656099168752,0.299,13
sac_verified_history,sac,historical_sp500_midquotes,10,True,369185566,8.973928185735655,6.680689693584382,10.578442449295594,15.14344244929558,-4.564999999999966,0.014,4
sac_verified_history,sac,historical_sp500_midquotes,10,True,1749636134,5.265201843130853,4.0650309057036935,10.802731341360255,10.955231341359978,-0.1524999999997334,0.0,0
sac_verified_history,sac,historical_sp500_midquotes,10,True,510732936,7.330067287796046,6.684654408446977,10.776259265431648,8.03375926543153,2.742500000000124,0.01,4
sac_verified_history,sac,historical_sp500_midquotes,10,True,569417501,3.3003940136477468,3.0011728246423877,10.345111415733273,5.470111415733314,4.874999999999936,0.0,0
sac_verified_history,sac,historical_sp500_midquotes,10,True,1908420144,0.9007909712114924,0.490923751368105,10.533881541664854,6.402087314645025,4.131794227019839,0.003,2
sac_verified_history,sac,historical_sp500_midquotes,10,True,2034989486,8.997859624372722,7.34148313165465,10.932309596244792,12.870029109205902,-1.9377195129611344,0.0,0
sac_verified_history,sac,historical_sp500_midquotes,10,True,564294971,10.547991508670748,6.921221629073836,10.199080128997366,19.044080128997862,-8.845000000000518,0.0,0
sac_verified_history,sac,historical_sp500_midquotes,10,True,1129817345,9.220390468556346,7.088942346687702,10.858656618052578,14.599479860147907,-3.740823242095324,0.0209999999999999,6
sac_verified_history,sac,historical_sp500_midquotes,10,True,1190000565,1.883723144650503,0.7684499645066223,10.38216548985973,10.56064950722199,-0.1784840173622497,0.0,0
sac_verified_history,sac,historical_sp500_midquotes,10,True,1455278866,1.9887836265661465,0.5905121399590061,10.66044045089356,11.824853007996085,-1.164412557102498,0.0,0
sac_verified_history,sac,historical_sp500_midquotes,10,True,1760722551,1.6297771728786756,1.055410548417154,10.822408212085406,7.5786979387063695,3.2437102733790257,0.0,0
sac_verified_history,sac,historical_sp500_midquotes,10,True,328726188,0.0147541835322044,-1.4134996753908533,10.550957530353784,11.950957530353197,-1.3999999999994266,0.0,0
sac_verified_history,sac,historical_sp500_midquotes,10,True,232867167,0.9683637279213144,0.0586626759637866,10.527824971960626,9.537824971960472,0.9900000000001512,0.0,0
sac_verified_history,sac,historical_sp500_midquotes,10,True,628415013,-23.973776150762205,-25.032786923620705,10.843324907938424,10.290824907938614,0.5524999999998172,0.0,0
sac_verified_history,sac,historical_sp500_midquotes,10,True,55294341,3.12422284166317,1.6311249777061758,10.732842485284207,12.21923837216131,-1.4863958868771117,0.018,1
sac_verified_history,sac,historical_sp500_midquotes,10,True,587962707,3.0198767195114633,2.0160095330233783,10.00685102090813,10.019317274585555,-0.0124662536774084,0.004,2
sac_verified_history,sac,historical_sp500_midquotes,10,True,829705679,-1.0402283457788144,-2.5192195238531383,10.443878121225808,12.161378121225916,-1.7175000000001006,0.0,0
sac_verified_history,sac,historical_sp500_midquotes,10,True,379368625,0.9900905791564584,-1.6207273806360032,10.078262489137645,16.158025745097888,-6.079763255960247,0.0,0
sac_verified_history,sac,historical_sp500_midquotes,10,True,205709869,7.308406765847205,6.1849880703391324,10.871008715767218,10.599144755630393,0.2718639601368203,0.383,21
sac_verified_history,sac,historical_sp500_midquotes,10,True,865592973,-22.500622241034435,-24.28164667200691,10.820502729280946,13.345502729281048,-2.5250000000001016,0.015,5
sac_verified_history,sac,historical_sp500_midquotes,10,True,675392413,-1.4316104770405218,-2.186019323979666,10.116620034312362,8.685671228748785,1.430948805563588,0.0,0
sac_verified_history,sac,historical_sp500_midquotes,10,True,1422536529,3.13384049664397,1.2889095349564734,10.908706802536614,13.58282357128847,-2.674116768751858,0.015,5
sac_verified_history,sac,historical_sp500_midquotes,10,True,1001327361,1.406806282706384,-1.6628120413595775,10.855326264274964,17.520326264273624,-6.664999999998663,0.0,0
sac_verified_history,sac,historical_sp500_midquotes,10,True,1177952687,7.602888047846849,6.2327353003219095,10.122852397621015,11.705352397621096,-1.5825000000000742,0.066,11
sac_verified_history,sac,historical_sp500_midquotes,10,True,1810240606,-1.2564948143960064,-2.004815681266706,10.493054126012694,8.65055412601239,1.842500000000296,0.006,3
sac_verified_history,sac,historical_sp500_midquotes,10,True,1181369059,1.8396696853233152,0.9656577362355904,10.668860620887216,9.348860620887043,1.320000000000185,0.0,0
sac_verified_history,sac,historical_sp500_midquotes,10,True,1322332359,7.701335270410913,5.171160811835081,10.541522116967784,15.906522116967714,-5.3649999999999345,0.001,1
sac_verified_history,sac,historical_sp500_midquotes,10,True,38137826,7.748922868786816,7.09711461899568,10.89346424895237,8.073464248952469,2.819999999999915,0.136,16
sac_verified_history,sac,historical_sp500_midquotes,10,True,440852670,-24.05423046812147,-25.645519699039973,10.864631310183483,12.614631310183016,-1.7499999999995204,0.0209999999999999,6
sac_verified_history,sac,historical_sp500_midquotes,10,True,1945446605,-26.85161636619523,-27.45096765130058,10.977876815877693,7.741778123308299,3.236098692569384,0.0,0
sac_verified_history,sac,historical_sp500_midquotes,10,True,1154827508,7.026435493315396,5.877367057780338,10.343119482491147,10.719460973085624,-0.376341490594465,0.0279999999999999,7
sac_verified_history,sac,historical_sp500_midquotes,10,True,993215842,2.616534700973716,2.286979482243428,10.5438956279677,5.740690017152016,4.803205610815644,0.0,0
sac_verified_history,sac,historical_sp500_midquotes,10,True,203881053,4.8736123817998305,3.953919823887147,10.615060260043734,9.590060260043645,1.0250000000000874,0.0,0
sac_verified_history,sac,historical_sp500_midquotes,10,True,1698224781,1.1181504928148207,-0.5643317436270014,10.843045604050817,12.971053297407355,-2.1280076933565217,0.015,5
sac_verified_history,sac,historical_sp500_midquotes,10,True,1641320225,2.581658195173077,1.5759475338715894,10.3086449415499,10.028512657924342,0.2801322836255436,0.0,0
sac_verified_history,sac,historical_sp500_midquotes,10,True,835891747,0.1070337508372176,-0.303256085787031,10.957586896174403,6.405387081388983,4.552199814785404,0.0,0
sac_verified_history,sac,historical_sp500_midquotes,10,True,2098874635,1.090181419358487,-0.1524598462872723,10.563929095375189,11.147382049816716,-0.583452954441526,0.0,0
sac_verified_history,sac,historical_sp500_midquotes,10,True,626392803,-26.138492780921297,-27.471275803934127,10.67894704406632,11.544622224277544,-0.8656751802112649,0.0,0
sac_verified_history,sac,historical_sp500_midquotes,20,False,401058792,0.6475593795930763,-3.74857269657622,20.96695513461431,20.966955134614317,0.0,0.0,0
sac_verified_history,sac,historical_sp500_midquotes,20,False,1822668597,2.6003561976667697,-1.4661549756451135,20.165592412106022,20.16559241210603,0.0,0.0,0
sac_verified_history,sac,historical_sp500_midquotes,20,False,1465431171,10.584989706352644,6.399337195747272,20.458867296615836,20.458867296615843,0.0,0.0,0
sac_verified_history,sac,historical_sp500_midquotes,20,False,157564097,5.2804723958724935,0.9738686284738528,20.7523583416407,20.752358341640697,0.0,0.0,0
sac_verified_history,sac,historical_sp500_midquotes,20,False,245238582,-22.985921551080537,-27.340418181263725,20.867430676015644,20.867430676015648,0.0,0.0,0
sac_verified_history,sac,historical_sp500_midquotes,20,False,1117977144,4.518436772210407,0.3699061617052033,20.36794199349852,20.36794199349852,0.0,0.0,0
sac_verified_history,sac,historical_sp500_midquotes,20,False,523826546,10.149597186782556,6.042929020662709,20.26491590438964,20.264915904389657,0.0,0.0,0
sac_verified_history,sac,historical_sp500_midquotes,20,False,1124484429,-24.709462377295495,-29.03244819466577,20.791791210403872,20.791791210403865,0.0,0.0,0
sac_verified_history,sac,historical_sp500_midquotes,20,False,171768458,11.030481120908007,6.887744068209954,20.353714778138325,20.353714778138297,0.0,0.0,0
sac_verified_history,sac,historical_sp500_midquotes,20,False,1868865057,3.053154681738306,-1.029378074056872,20.205278408859357,20.20527840885935,0.0,0.0,0
sac_verified_history,sac,historical_sp500_midquotes,20,False,301461638,5.3235178474024,1.0505571838586851,20.67114090596772,20.671140905967707,0.0,0.0,0
sac_verified_history,sac,historical_sp500_midquotes,20,False,1387055752,8.920159021601648,4.673414983662166,20.6076297471094,20.6076297471094,0.0,0.0,0
sac_verified_history,sac,historical_sp500_midquotes,20,False,1027367132,-27.71517686739753,-32.11455508904897,20.974694805053645,20.974694805053637,0.0,0.0,0
sac_verified_history,sac,historical_sp500_midquotes,20,False,1111389845,1.090971286605054,-3.2857464237507292,20.92060637351551,20.92060637351552,0.0,0.0,0
sac_verified_history,sac,historical_sp500_midquotes,20,False,180210118,0.5032127493450389,-3.734847961145304,20.586550732190048,20.58655073219004,0.0,0.0,0
sac_verified_history,sac,historical_sp500_midquotes,20,False,1769597788,1.399700762834982,-2.6212838657235986,20.052392945877003,20.05239294587701,0.0,0.0,0
sac_verified_history,sac,historical_sp500_midquotes,20,False,1541083806,4.149985936406665,-0.0817696710998401,20.571231386347534,20.57123138634755,0.0,0.0,0
sac_verified_history,sac,historical_sp500_midquotes,20,False,2073530583,0.3368569225567626,-3.921121437315288,20.63486942016364,20.634869420163653,0.0,0.0,0
sac_verified_history,sac,historical_sp500_midquotes,20,False,583456263,-23.572672762882576,-27.643101529597526,20.175303632696455,20.175303632696465,0.0,0.0,0
sac_verified_history,sac,historical_sp500_midquotes,20,False,269688897,1.260631903727699,-2.942348653446831,20.50117205716424,20.50117205716427,0.0,0.0,0
sac_verified_history,sac,historical_sp500_midquotes,20,False,977455710,1.5411583007935403,-2.6961307757124837,20.584676525284564,20.58467652528459,0.0,0.0,0
sac_verified_history,sac,historical_sp500_midquotes,20,False,2018195485,1.4193495806030114,-2.954909693243697,20.91472991421766,20.914729914217656,0.0,0.0,0
sac_verified_history,sac,historical_sp500_midquotes,20,False,1266812912,4.5519893464788765,0.4989110683217834,20.13225838836047,20.13225838836044,0.0,0.0,0
sac_verified_history,sac,historical_sp500_midquotes,20,False,1737039599,1.4829294917963125,-2.5998726820216547,20.205945099940195,20.205945099940184,0.0,0.0,0
sac_verified_history,sac,historical_sp500_midquotes,20,False,476600210,10.784580597490276,6.583004783156093,20.497745764679053,20.49774576467906,0.0,0.0,0
sac_verified_history,sac,historical_sp500_midquotes,20,False,392787174,5.482018425289425,1.1732273551077386,20.75762768281024,20.75762768281021,0.0,0.0,0
sac_verified_history,sac,historical_sp500_midquotes,20,False,369185566,10.461918224766125,6.243639281229535,20.538449171095124,20.538449171095145,0.0,0.0,0
sac_verified_history,sac,historical_sp500_midquotes,20,False,1749636134,5.033250018723265,0.8356530920118423,20.488037794555694,20.488037794555687,0.0,0.0,0
sac_verified_history,sac,historical_sp500_midquotes,20,False,510732936,9.82022350571242,5.669802067833551,20.372583139795665,20.372583139795672,0.0,0.0,0
sac_verified_history,sac,historical_sp500_midquotes,20,False,569417501,2.718970948468268,-1.4783719874352066,20.48741793370624,20.487417933706222,0.0,0.0,0
sac_verified_history,sac,historical_sp500_midquotes,20,False,1908420144,5.74593702425409,1.360179495917488,20.942200286351465,20.942200286351483,0.0,0.0,0
sac_verified_history,sac,historical_sp500_midquotes,20,False,2034989486,11.183903023480523,6.849298759048232,20.81971244862018,20.81971244862016,0.0,0.0,0
sac_verified_history,sac,historical_sp500_midquotes,20,False,564294971,11.175765359952493,6.810412138395369,20.893427726338075,20.893427726338068,0.0,0.0,0
sac_verified_history,sac,historical_sp500_midquotes,20,False,1129817345,10.962601018070927,6.815162089136724,20.365261915659715,20.365261915659723,0.0,0.0,0
sac_verified_history,sac,historical_sp500_midquotes,20,False,1190000565,1.4472086134883284,-2.5857780391714,20.08229731046656,20.08229731046657,0.0,0.0,0
sac_verified_history,sac,historical_sp500_midquotes,20,False,1455278866,5.809837509723366,1.4002349741382352,20.99905363483107,20.999053634831096,0.0,0.0,0
sac_verified_history,sac,historical_sp500_midquotes,20,False,1760722551,0.9211445855344208,-3.3871291304665325,20.756381466915073,20.75638146691507,0.0,0.0,0
sac_verified_history,sac,historical_sp500_midquotes,20,False,328726188,1.0485497623030824,-2.983172861927815,20.079149942741353,20.079149942741346,0.0,0.0,0
sac_verified_history,sac,historical_sp500_midquotes,20,False,232867167,2.0667383704876556,-2.115314390024954,20.45006787400132,20.45006787400132,0.0,0.0,0
sac_verified_history,sac,historical_sp500_midquotes,20,False,628415013,-23.26809298358785,-27.36559161007163,20.242279087305803,20.242279087305807,0.0,0.0,0
sac_verified_history,sac,historical_sp500_midquotes,20,False,55294341,5.600160850224711,1.3663151429926037,20.57631091141488,20.576310911414872,0.0,0.0,0
sac_verified_history,sac,historical_sp500_midquotes,20,False,587962707,2.6974427638597263,-1.7020105066857747,20.97487370771394,20.974873707713954,0.0,0.0,0
sac_verified_history,sac,historical_sp500_midquotes,20,False,829705679,1.903053112271664,-2.1554909376728206,20.14582847624908,20.145828476249083,0.0,0.0,0
sac_verified_history,sac,historical_sp500_midquotes,20,False,379368625,3.278715709606331,-1.0921102980620605,20.906520532284645,20.90652053228464,0.0,0.0,0
sac_verified_history,sac,historical_sp500_midquotes,20,False,205709869,10.175926165471536,6.098046394902106,20.193760844799144,20.193760844799147,0.0,0.0,0
sac_verified_history,sac,historical_sp500_midquotes,20,False,865592973,-22.3518412311696,-26.67409386357257,20.790027975938287,20.790027975938287,0.0,0.0,0
sac_verified_history,sac,historical_sp500_midquotes,20,False,675392413,-0.7683077552082977,-5.0098106510852265,20.594909312441573,20.59490931244158,0.0,0.0,0
sac_verified_history,sac,historical_sp500_midquotes,20,False,1422536529,6.157923128697803,2.02552730351551,20.32829512079725,20.32829512079725,0.0,0.0,0
sac_verified_history,sac,historical_sp500_midquotes,20,False,1001327361,3.0426908948447817,-1.1852632787465591,20.561989625499137,20.561989625499137,0.0,0.0,0
sac_verified_history,sac,historical_sp500_midquotes,20,False,1177952687,10.090768335545365,6.05398005377083,20.091760206050964,20.09176020605097,0.0,0.0,0
sac_verified_history,sac,historical_sp500_midquotes,20,False,1810240606,0.3246477045104257,-3.807349984585696,20.327315831403126,20.327315831403126,0.0,0.0,0
sac_verified_history,sac,historical_sp500_midquotes,20,False,1181369059,1.527280738351692,-2.5430896091826067,20.17515885323904,20.175158853239047,0.0,0.0,0
sac_verified_history,sac,historical_sp500_midquotes,20,False,1322332359,8.956897722022404,4.649080504118578,20.75528178055849,20.755281780558477,0.0,0.0,0
sac_verified_history,sac,historical_sp500_midquotes,20,False,38137826,10.335467157705352,6.216336557452433,20.29564140462901,20.295641404629023,0.0,0.0,0
sac_verified_history,sac,historical_sp500_midquotes,20,False,440852670,-23.69807111087357,-28.042518993051452,20.843339181085824,20.84333918108584,0.0,0.0,0
sac_verified_history,sac,historical_sp500_midquotes,20,False,1945446605,-24.859372055601852,-29.00239266298719,20.35441133362825,20.35441133362824,0.0,0.0,0
sac_verified_history,sac,historical_sp500_midquotes,20,False,1154827508,9.927200303047355,5.584137149569624,20.84001716284736,20.840017162847374,0.0,0.0,0
sac_verified_history,sac,historical_sp500_midquotes,20,False,993215842,1.6521806840773934,-2.602144472717979,20.626015506625095,20.626015506625055,0.0,0.0,0
sac_verified_history,sac,historical_sp500_midquotes,20,False,203881053,3.8908497116808576,-0.4474635351704092,20.828617925467995,20.828617925467995,0.0,0.0,0
sac_verified_history,sac,historical_sp500_midquotes,20,False,1698224781,4.19266926187629,-0.1516562386491378,20.843045604050815,20.843045604050833,0.0,0.0,0
sac_verified_history,sac,historical_sp500_midquotes,20,False,1641320225,2.0582839434373454,-2.180390082068926,20.58804027950761,20.588040279507595,0.0,0.0,0
sac_verified_history,sac,historical_sp500_midquotes,20,False,835891747,0.2028577656565175,-4.189346719450486,20.957586896174405,20.957586896174387,0.0,0.0,0
sac_verified_history,sac,historical_sp500_midquotes,20,False,2098874635,0.8253851435383694,-3.246214261816176,20.178204591475776,20.178204591475787,0.0,0.0,0
sac_verified_history,sac,historical_sp500_midquotes,20,False,626392803,-24.60237804316239,-28.95210136350265,20.855990315351292,20.85599031535126,0.0,0.0,0
sac_verified_history,sac,historical_sp500_midquotes,20,True,401058792,0.8300343795926892,-2.756995228367978,20.96695513461431,18.939455134614267,2.0275000000000496,0.0,0
sac_verified_history,sac,historical_sp500_midquotes,20,True,1822668597,2.5168942598221764,-1.2831854354966472,20.165592412106022,19.49379310272586,0.671799309380168,0.023,5
sac_verified_history,sac,historical_sp500_midquotes,20,True,1465431171,11.100139706353934,5.658945593787476,20.458867296615836,23.3263672966162,-2.8675000000003585,0.001,1
sac_verified_history,sac,historical_sp500_midquotes,20,True,157564097,3.0708175908168633,2.6007939904575794,20.7523583416407,-6.8558267215506845,27.608185063191375,0.001,1
sac_verified_history,sac,historical_sp500_midquotes,20,True,245238582,-22.324321551081084,-23.911274147451305,20.867430676015644,12.597430676015732,8.269999999999914,0.0,0
sac_verified_history,sac,historical_sp500_midquotes,20,True,1117977144,5.757436772209985,-0.244054846957936,20.36794199349852,24.497941993497985,-4.129999999999466,0.0,0
sac_verified_history,sac,historical_sp500_midquotes,20,True,523826546,10.645873931559166,5.6577881499534675,20.26491590438964,22.33402288349705,-2.0691069791073935,0.0209999999999999,6
sac_verified_history,sac,historical_sp500_midquotes,20,True,1124484429,-24.843537377294822,-28.42293317633541,20.791791210403872,18.919291210403696,1.8725000000001693,0.003,2
sac_verified_history,sac,historical_sp500_midquotes,20,True,171768458,10.670881120907955,6.733150958946917,20.353714778138325,19.843714778138292,0.5100000000000051,0.329,22
sac_verified_history,sac,historical_sp500_midquotes,20,True,1868865057,3.3119796817391034,-0.2876835237777424,20.205278408859357,18.972778408859483,1.2324999999998667,0.0,0
sac_verified_history,sac,historical_sp500_midquotes,20,True,301461638,5.329008850460305,0.907674035468899,20.67114090596772,21.026970335717422,-0.3558294297497192,0.055,10
sac_verified_history,sac,historical_sp500_midquotes,20,True,1387055752,9.124609021601556,4.526745316885408,20.6076297471094,21.44262974710926,-0.8349999999998623,0.0209999999999999,6
sac_verified_history,sac,historical_sp500_midquotes,20,True,1027367132,-27.7835646745898,-31.27863277533672,20.974694805053645,18.69510123199905,2.2795935730545858,0.0,0
sac_verified_history,sac,historical_sp500_midquotes,20,True,1111389845,1.0535127202092551,-3.1294834222341006,20.92060637351551,20.452374293571285,0.4682320799442382,0.0,0
sac_verified_history,sac,historical_sp500_midquotes,20,True,180210118,0.3787877493450651,-2.323636140409953,20.586550732190048,16.43905073218955,4.147500000000491,0.0,0
sac_verified_history,sac,historical_sp500_midquotes,20,True,1769597788,1.3203627384955323,-2.1878009271621246,20.052392945877003,18.73009254023497,1.3223004056420398,0.0,0
sac_verified_history,sac,historical_sp500_midquotes,20,True,1541083806,5.65433090975543,-0.9021953078050124,20.571231386347534,25.6057146308406,-5.034483244493049,0.006,3
sac_verified_history,sac,historical_sp500_midquotes,20,True,2073530583,0.448453274602798,-2.735972920345905,20.63486942016364,17.844960619033888,2.7899088011297666,0.0,0
sac_verified_history,sac,historical_sp500_midquotes,20,True,583456263,-23.661533063397453,-27.482670567440515,20.175303632696455,19.547730057587412,0.6275735751090508,0.001,1
sac_verified_history,sac,historical_sp500_midquotes,20,True,269688897,1.260631903727699,-2.386960839743383,20.50117205716424,19.098672057164293,1.402499999999975,0.0,0
sac_verified_history,sac,historical_sp500_midquotes,20,True,977455710,1.5445833007943293,-2.552873804013382,20.584676525284564,20.242176525284307,0.3425000000002818,0.0,0
sac_verified_history,sac,historical_sp500_midquotes,20,True,2018195485,1.3195466700103424,-2.8296826538392787,20.91472991421766,20.369657149421094,0.5450727647965575,0.078,12
sac_verified_history,sac,historical_sp500_midquotes,20,True,1266812912,4.242164346480625,1.2406918143300305,20.13225838836047,17.32475838836027,2.8075000000001715,0.001,1
sac_verified_history,sac,historical_sp500_midquotes,20,True,1737039599,1.4397968318990024,-2.3018325841578786,20.205945099940195,19.343291901992487,0.8626531979476968,0.0,0
sac_verified_history,sac,historical_sp500_midquotes,20,True,476600210,10.37148059749254,6.794561073898379,20.497745764679053,18.912745764679865,1.5849999999991944,0.001,1
sac_verified_history,sac,historical_sp500_midquotes,20,True,392787174,5.249729074230534,0.9696856128119123,20.75762768281024,20.688265904658664,0.0693617781515409,0.242,10
sac_verified_history,sac,historical_sp500_midquotes,20,True,369185566,11.165221339598371,5.568609920048597,20.538449171095124,23.657158366020575,-3.1187091949254326,0.014,4
sac_verified_history,sac,historical_sp500_midquotes,20,True,1749636134,5.044859475950943,1.3094945964586686,20.488037794555694,19.32709207173256,1.1609457228231277,0.0,0
sac_verified_history,sac,historical_sp500_midquotes,20,True,510732936,9.556223505711603,6.598654847209795,20.372583139795665,17.197583139795576,3.1750000000000966,0.01,4
sac_verified_history,sac,historical_sp500_midquotes,20,True,569417501,2.954970948467235,-0.1206393293475764,20.48741793370624,17.537417933706237,2.9499999999999886,0.0,0
sac_verified_history,sac,historical_sp500_midquotes,20,True,1908420144,5.158087024254812,2.3475352673428285,20.942200286351465,16.764700286351626,4.177499999999856,0.003,2
sac_verified_history,sac,historical_sp500_midquotes,20,True,2034989486,11.213053023479006,6.767402033069035,20.81971244862018,21.084712448620134,-0.2649999999999792,0.0,0
sac_verified_history,sac,historical_sp500_midquotes,20,True,564294971,12.75656535995222,5.480907326872154,20.893427726338075,26.9734277263385,-6.080000000000432,0.0,0
sac_verified_history,sac,historical_sp500_midquotes,20,True,1129817345,11.483401018071802,6.218550574289705,20.365261915659715,22.9452619156594,-2.5799999999996786,0.0209999999999999,6
sac_verified_history,sac,historical_sp500_midquotes,20,True,1190000565,1.4305586134887562,-2.382594789024651,20.08229731046656,19.527297310466206,0.5550000000003621,0.0,0
sac_verified_history,sac,historical_sp500_midquotes,20,True,1455278866,5.966406923045724,1.3099002563968067,20.99905363483107,21.578940350834927,-0.5798867160038312,0.0,0
sac_verified_history,sac,historical_sp500_midquotes,20,True,1760722551,1.0760258673235512,-2.547468487450172,20.756381466915073,19.03547833592243,1.7209031309926344,0.0,0
sac_verified_history,sac,historical_sp500_midquotes,20,True,328726188,1.0605133007684344,-3.040135041480146,20.079149942741353,20.250057635099655,-0.1709076923583132,0.0,0
sac_verified_history,sac,historical_sp500_midquotes,20,True,232867167,1.992988370488092,-1.8928649513829672,20.45006787400132,19.712567874001245,0.7375000000000753,0.0,0
sac_verified_history,sac,historical_sp500_midquotes,20,True,628415013,-23.365967983589144,-27.035023602424033,20.242279087305803,19.15477908730583,1.0874999999999773,0.0,0
sac_verified_history,sac,historical_sp500_midquotes,20,True,55294341,5.817565999024766,1.3103460906326545,20.57631091141488,21.230214102528763,-0.6539031911138923,0.018,1
sac_verified_history,sac,historical_sp500_midquotes,20,True,587962707,2.651067763859828,-1.4748574925583844,20.97487370771394,20.31237370771376,0.6625000000001933,0.0,0
sac_verified_history,sac,historical_sp500_midquotes,20,True,829705679,2.0330531122726825,-2.291611707863118,20.14582847624908,20.79582847624927,-0.6500000000001869,0.0,0
sac_verified_history,sac,historical_sp500_midquotes,20,True,379368625,4.120597849572732,-1.840013251010471,20.906520532284645,24.41436278214773,-3.507842249863093,0.0,0
sac_verified_history,sac,historical_sp500_midquotes,20,True,205709869,9.859849191634916,5.865419666857648,20.193760844799144,19.98606896009635,0.2076918847027982,0.3410000000000001,18
sac_verified_history,sac,historical_sp500_midquotes,20,True,865592973,-22.142841231169253,-26.925822467852512,20.790027975938287,21.87002797593835,-1.0800000000000622,0.007,3
sac_verified_history,sac,historical_sp500_midquotes,20,True,675392413,-0.8025326214938104,-4.76677767629995,20.594909312441573,19.910411986712223,0.6844973257293533,0.0,0
sac_verified_history,sac,historical_sp500_midquotes,20,True,1422536529,6.778866876158063,1.6714825726648748,20.32829512079725,22.599522790300657,-2.271227669503408,0.015,5
sac_verified_history,sac,historical_sp500_midquotes,20,True,1001327361,4.3517908948451804,-2.200267884033387,20.561989625499137,25.59698962549809,-5.034999999998956,0.0,0
sac_verified_history,sac,historical_sp500_midquotes,20,True,1177952687,10.24666944197523,5.699307618168239,20.091760206050964,21.32454413066547,-1.2327839246144976,0.066,11
sac_verified_history,sac,historical_sp500_midquotes,20,True,1810240606,0.1866977045113744,-3.2144924277407716,20.327315831403126,18.442315831402915,1.8850000000002112,0.006,3
sac_verified_history,sac,historical_sp500_midquotes,20,True,1181369059,1.4966807383516425,-2.2708619287280603,20.17515885323904,19.410158853238947,0.7650000000001,0.0,0
sac_verified_history,sac,historical_sp500_midquotes,20,True,1322332359,9.812247722024244,3.7371162550040142,20.75528178055849,24.64778178055833,-3.892499999999849,0.001,1
sac_verified_history,sac,historical_sp500_midquotes,20,True,38137826,10.199467157707172,7.057483525652178,20.29564140462901,17.72564140462904,2.5699999999999825,0.136,16
sac_verified_history,sac,historical_sp500_midquotes,20,True,440852670,-23.54391610317479,-28.226594972954352,20.843339181085824,21.639498306983825,-0.7961591258979852,0.0209999999999999,6
sac_verified_history,sac,historical_sp500_midquotes,20,True,1945446605,-24.76534726439786,-27.215565130088255,20.35441133362825,15.65317177344705,4.701239560181191,0.0,0
sac_verified_history,sac,historical_sp500_midquotes,20,True,1154827508,9.90272132002635,5.5463064562173905,20.84001716284736,20.87202640811131,-0.0320092452639317,0.0279999999999999,7
sac_verified_history,sac,historical_sp500_midquotes,20,True,993215842,2.248055684078281,-0.9162571552160356,20.626015506625095,17.78851550662482,2.8375000000002366,0.0,0
sac_verified_history,sac,historical_sp500_midquotes,20,True,203881053,4.041813257736067,-0.0384264165354313,20.828617925467995,20.19960315023911,0.6290147752288853,0.0,0
sac_verified_history,sac,historical_sp500_midquotes,20,True,1698224781,4.337335759522248,-0.432940108140353,20.843045604050815,21.84096121433899,-0.997915610288155,0.015,5
sac_verified_history,sac,historical_sp500_midquotes,20,True,1641320225,2.076946722190769,-1.9717891536497003,20.58804027950761,20.121470810655143,0.4665694688524512,0.0,0
sac_verified_history,sac,historical_sp500_midquotes,20,True,835891747,0.4484577656567126,-2.75119988402518,20.957586896174405,17.887586896174376,3.070000000000011,0.0,0
sac_verified_history,sac,historical_sp500_midquotes,20,True,2098874635,0.7219051688607578,-2.8989052082605338,20.178204591475776,19.028427095063037,1.1497774964127505,0.0,0
sac_verified_history,sac,historical_sp500_midquotes,20,True,626392803,-24.609028043161743,-28.93896073520243,20.855990315351292,20.80849031535129,0.047499999999971,0.0,0
