run,setting,market,algorithm,seed,episodes,selected_episode,initial,selected,last,selected_gain,last_gain,selected_to_last,clob_max_loss,auction_max_loss,clob_last_loss,auction_last_loss
/Users/juliusgraf/Learning-Market-Making/results/revision_v19/historical_sp500_midquotes/ddpg_CAT_seed123,historical_sp500_midquotes,CAT,ddpg,123,250,99,7.342569890874888,12.445682566809388,10.79658500168046,5.103112675934501,3.4540151108055728,1.649097565128928,8.222857464443553,0.2598801727096239,1.8348103993299918,0.2088758107498288
/Users/juliusgraf/Learning-Market-Making/results/revision_v19/historical_sp500_midquotes/ddpg_CAT_seed1618,historical_sp500_midquotes,CAT,ddpg,1618,350,150,8.301538328974353,7.727517673658989,7.566067714702,-0.5740206553153637,-0.7354706142723524,0.16144995895698866,7.3602795260293155,0.5156664580106735,1.7916072715934286,0.07696104191554083
/Users/juliusgraf/Learning-Market-Making/results/revision_v19/historical_sp500_midquotes/ddpg_CAT_seed2024,historical_sp500_midquotes,CAT,ddpg,2024,500,300,5.662368575519183,9.367882624743473,8.684523820620928,3.7055140492242895,3.022155245101745,0.6833588041225447,7.937016300252966,0.6720940917730331,1.2393254539058338,0.15761301450803872
/Users/juliusgraf/Learning-Market-Making/results/revision_v19/historical_sp500_midquotes/ddpg_CAT_seed2718,historical_sp500_midquotes,CAT,ddpg,2718,600,400,4.943357243570999,5.3179147538765985,5.175159183029504,0.3745575103055998,0.23180193945850558,0.14275557084709423,9.197136884511904,0.2274608356257279,1.3041371370754036,0.041387110579137965
/Users/juliusgraf/Learning-Market-Making/results/revision_v19/historical_sp500_midquotes/ddpg_CAT_seed314,historical_sp500_midquotes,CAT,ddpg,314,800,750,5.913564821642235,10.052788866180082,9.815853038437941,4.139224044537847,3.9022882167957063,0.2369358277421405,8.82465474172072,0.420867488036553,1.3052080454606516,0.07512217194214457
/Users/juliusgraf/Learning-Market-Making/results/revision_v19/historical_sp500_midquotes/ddpg_CAT_seed42,historical_sp500_midquotes,CAT,ddpg,42,600,400,5.371335229588056,11.095538372312033,11.071547603439749,5.724203142723977,5.700212373851692,0.023990768872284463,8.919763856463963,0.7178207630912463,1.543442100433076,0.15771456336416298
/Users/juliusgraf/Learning-Market-Making/results/revision_v19/historical_sp500_midquotes/ddpg_CAT_seed577,historical_sp500_midquotes,CAT,ddpg,577,500,300,2.4516487621472054,4.607291629248001,4.121560076247247,2.155642867100796,1.669911314100042,0.485731553000754,8.983085510058281,0.617474948366483,1.7254864620851222,0.12199533217151953
/Users/juliusgraf/Learning-Market-Making/results/revision_v19/historical_sp500_midquotes/ddpg_CAT_seed7,historical_sp500_midquotes,CAT,ddpg,7,300,100,5.158960762046492,8.462638210473536,8.374386029191463,3.3036774484270435,3.215425267144971,0.08825218128207268,7.5780151685078945,0.3230290096253156,0.9939325507024388,0.09885394319271043
/Users/juliusgraf/Learning-Market-Making/results/revision_v19/historical_sp500_midquotes/ddpg_CAT_seed811,historical_sp500_midquotes,CAT,ddpg,811,600,400,7.891560579094646,11.411115251799195,10.976657881500396,3.5195546727045492,3.0850973024057495,0.4344573702987997,8.792625508657316,0.6163066151241462,1.6235541399326028,0.14803685533752042
/Users/juliusgraf/Learning-Market-Making/results/revision_v19/historical_sp500_midquotes/ddpg_CAT_seed99,historical_sp500_midquotes,CAT,ddpg,99,500,300,5.464909470349124,8.212156172519855,7.752838317300743,2.747246702170731,2.287928846951619,0.45931785521911195,9.322831360499064,0.1385050576180219,1.6360382427381226,0.07072186071922378
/Users/juliusgraf/Learning-Market-Making/results/revision_v19/historical_sp500_midquotes/ddpg_GOOGL_seed123,historical_sp500_midquotes,GOOGL,ddpg,123,300,100,2.7299226187802117,6.723866877341925,6.100696660886032,3.993944258561713,3.3707740421058205,0.6231702164558923,8.222857464443553,0.2598801727096239,1.760384274420207,0.19905198464294271
/Users/juliusgraf/Learning-Market-Making/results/revision_v19/historical_sp500_midquotes/ddpg_GOOGL_seed1618,historical_sp500_midquotes,GOOGL,ddpg,1618,700,500,2.682718012655908,4.520032264543891,4.505513270015758,1.8373142518879835,1.82279525735985,0.014518994528133433,7.3602795260293155,0.5156664580106735,1.7162938790295343,0.09209729469195004
/Users/juliusgraf/Learning-Market-Making/results/revision_v19/historical_sp500_midquotes/ddpg_GOOGL_seed2024,historical_sp500_midquotes,GOOGL,ddpg,2024,500,300,3.7956877971860172,6.9036065300036205,6.503013141419107,3.1079187328176032,2.7073253442330896,0.40059338858451365,7.937016300252966,0.6720940917730331,1.2393254539058338,0.15761301450803872
/Users/juliusgraf/Learning-Market-Making/results/revision_v19/historical_sp500_midquotes/ddpg_GOOGL_seed2718,historical_sp500_midquotes,GOOGL,ddpg,2718,600,400,2.119748448815038,3.363501907773448,3.0386677994269977,1.2437534589584098,0.9189193506119597,0.3248341083464501,9.197136884511904,0.2274608356257279,1.3041371370754036,0.041387110579137965
/Users/juliusgraf/Learning-Market-Making/results/revision_v19/historical_sp500_midquotes/ddpg_GOOGL_seed314,historical_sp500_midquotes,GOOGL,ddpg,314,300,100,4.019724545986494,5.899484272820795,5.004009445743366,1.8797597268343003,0.9842848997568714,0.8954748270774289,8.82465474172072,0.420867488036553,1.2702491568651562,0.07057131665324166
/Users/juliusgraf/Learning-Market-Making/results/revision_v19/historical_sp500_midquotes/ddpg_GOOGL_seed42,historical_sp500_midquotes,GOOGL,ddpg,42,700,500,4.201480256510391,7.004920726450587,6.923600671294437,2.8034404699401962,2.7221204147840465,0.0813200551561497,8.919763856463963,0.7178207630912463,1.6075713815255415,0.1947426281931499
/Users/juliusgraf/Learning-Market-Making/results/revision_v19/historical_sp500_midquotes/ddpg_GOOGL_seed577,historical_sp500_midquotes,GOOGL,ddpg,577,650,450,3.71408211970353,5.153515548396443,4.826381314760919,1.4394334286929134,1.112299195057389,0.3271342336355243,8.983085510058281,0.617474948366483,1.6533828743311845,0.11425874281922972
/Users/juliusgraf/Learning-Market-Making/results/revision_v19/historical_sp500_midquotes/ddpg_GOOGL_seed7,historical_sp500_midquotes,GOOGL,ddpg,7,800,700,2.943328318659449,6.490250079578398,6.322102892092774,3.5469217609189485,3.3787745734333248,0.16814718748562374,7.5780151685078945,0.3230290096253156,1.026651391827876,0.08444670250018435
/Users/juliusgraf/Learning-Market-Making/results/revision_v19/historical_sp500_midquotes/ddpg_GOOGL_seed811,historical_sp500_midquotes,GOOGL,ddpg,811,250,99,3.476893031620518,5.265342310264533,5.185152603004405,1.7884492786440145,1.7082595713838868,0.08018970726012764,8.792625508657316,0.6163066151241462,1.7060026460155555,0.15255183938393987
/Users/juliusgraf/Learning-Market-Making/results/revision_v19/historical_sp500_midquotes/ddpg_GOOGL_seed99,historical_sp500_midquotes,GOOGL,ddpg,99,500,300,2.881804682786462,5.385268818926569,5.261962793217752,2.5034641361401073,2.3801581104312906,0.12330602570881677,9.322831360499064,0.1385050576180219,1.6360382427381226,0.07072186071922378
/Users/juliusgraf/Learning-Market-Making/results/revision_v19/historical_sp500_midquotes/ddpg_JPM_seed123,historical_sp500_midquotes,JPM,ddpg,123,500,300,2.9984065680545724,6.395782956298762,5.740357232917743,3.397376388244189,2.741950664863171,0.6554257233810183,8.222857464443553,0.2598801727096239,1.7026071931109852,0.18829773339629172
/Users/juliusgraf/Learning-Market-Making/results/revision_v19/historical_sp500_midquotes/ddpg_JPM_seed1618,historical_sp500_midquotes,JPM,ddpg,1618,800,700,3.2032160490993298,5.084143450636651,4.5674504357124395,1.880927401537321,1.3642343866131097,0.5166930149242113,7.3602795260293155,0.5156664580106735,1.6912194770179325,0.09806108133867379
/Users/juliusgraf/Learning-Market-Making/results/revision_v19/historical_sp500_midquotes/ddpg_JPM_seed2024,historical_sp500_midquotes,JPM,ddpg,2024,800,800,6.912079357441454,10.4622683165413,10.4622683165413,3.550188959099846,3.550188959099846,0.0,7.937016300252966,0.6720940917730331,1.1616239655561444,0.14797851517051452
/Users/juliusgraf/Learning-Market-Making/results/revision_v19/historical_sp500_midquotes/ddpg_JPM_seed2718,historical_sp500_midquotes,JPM,ddpg,2718,600,400,2.1275739584027606,4.1761292430972325,4.0148950716184615,2.048555284694472,1.8873211132157008,0.16123417147877106,9.197136884511904,0.2274608356257279,1.3041371370754036,0.041387110579137965
/Users/juliusgraf/Learning-Market-Making/results/revision_v19/historical_sp500_midquotes/ddpg_JPM_seed314,historical_sp500_midquotes,JPM,ddpg,314,800,800,2.876315870985236,3.7698014769702777,3.7698014769702777,0.8934856059850418,0.8934856059850418,0.0,8.82465474172072,0.420867488036553,1.3052080454606516,0.07512217194214457
/Users/juliusgraf/Learning-Market-Making/results/revision_v19/historical_sp500_midquotes/ddpg_JPM_seed42,historical_sp500_midquotes,JPM,ddpg,42,250,99,1.1530317863973933,3.050749543721089,0.8834794019450966,1.8977177573236959,-0.2695523844522968,2.1672701417759925,8.919763856463963,0.7178207630912463,1.5227544548688954,0.15385449612637359
/Users/juliusgraf/Learning-Market-Making/results/revision_v19/historical_sp500_midquotes/ddpg_JPM_seed577,historical_sp500_midquotes,JPM,ddpg,577,350,150,0.8869383388339389,1.7239921151956155,1.3763187598441966,0.8370537763616765,0.4893804210102577,0.34767335535141886,8.983085510058281,0.617474948366483,1.5405206086874494,0.13364777488385635
/Users/juliusgraf/Learning-Market-Making/results/revision_v19/historical_sp500_midquotes/ddpg_JPM_seed7,historical_sp500_midquotes,JPM,ddpg,7,300,100,2.888677266806311,4.8703828484860825,4.772905268386788,1.9817055816797713,1.8842280015804769,0.09747758009929441,7.5780151685078945,0.3230290096253156,0.9939325507024388,0.09885394319271043
/Users/juliusgraf/Learning-Market-Making/results/revision_v19/historical_sp500_midquotes/ddpg_JPM_seed811,historical_sp500_midquotes,JPM,ddpg,811,300,100,5.730433667094053,5.932456355302136,5.88209693280759,0.2020226882080829,0.1516632657135366,0.05035942249454628,8.792625508657316,0.6163066151241462,1.6836521820258221,0.13702303044497963
/Users/juliusgraf/Learning-Market-Making/results/revision_v19/historical_sp500_midquotes/ddpg_JPM_seed99,historical_sp500_midquotes,JPM,ddpg,99,450,250,3.044703251467183,4.422095859478775,4.251173139592054,1.3773926080115921,1.2064698881248712,0.17092271988672092,9.322831360499064,0.1385050576180219,1.6001229910590948,0.06624454438810541
/Users/juliusgraf/Learning-Market-Making/results/revision_v19/historical_sp500_midquotes/ddpg_MSFT_seed123,historical_sp500_midquotes,MSFT,ddpg,123,300,100,-0.14800015271526235,4.04474073070736,2.7706951512165325,4.192740883422623,2.918695303931795,1.2740455794908279,8.222857464443553,0.2598801727096239,1.760384274420207,0.19905198464294271
/Users/juliusgraf/Learning-Market-Making/results/revision_v19/historical_sp500_midquotes/ddpg_MSFT_seed1618,historical_sp500_midquotes,MSFT,ddpg,1618,350,150,-1.230552461422287,-2.327766230901436,-2.5018653574747476,-1.0972137694791493,-1.2713128960524607,0.1740991265733114,7.3602795260293155,0.5156664580106735,1.7916072715934286,0.07696104191554083
/Users/juliusgraf/Learning-Market-Making/results/revision_v19/historical_sp500_midquotes/ddpg_MSFT_seed2024,historical_sp500_midquotes,MSFT,ddpg,2024,500,300,1.5861587336315424,4.762096554814929,4.55633223270387,3.1759378211833864,2.9701734990723274,0.205764322111059,7.937016300252966,0.6720940917730331,1.2393254539058338,0.15761301450803872
/Users/juliusgraf/Learning-Market-Making/results/revision_v19/historical_sp500_midquotes/ddpg_MSFT_seed2718,historical_sp500_midquotes,MSFT,ddpg,2718,600,400,1.7230294041629903,2.611640500894782,2.1723607643243237,0.8886110967317917,0.44933136016133335,0.4392797365704584,9.197136884511904,0.2274608356257279,1.3041371370754036,0.041387110579137965
/Users/juliusgraf/Learning-Market-Making/results/revision_v19/historical_sp500_midquotes/ddpg_MSFT_seed314,historical_sp500_midquotes,MSFT,ddpg,314,300,100,1.6601393335027301,3.436108800668743,3.144593108476702,1.7759694671660127,1.4844537749739717,0.291515692192041,8.82465474172072,0.420867488036553,1.2702491568651562,0.07057131665324166
/Users/juliusgraf/Learning-Market-Making/results/revision_v19/historical_sp500_midquotes/ddpg_MSFT_seed42,historical_sp500_midquotes,MSFT,ddpg,42,800,750,2.45364558605628,6.043527519928326,6.020196543119443,3.5898819338720465,3.5665509570631633,0.023330976808883186,8.919763856463963,0.7178207630912463,1.531396531861874,0.2109687470681965
/Users/juliusgraf/Learning-Market-Making/results/revision_v19/historical_sp500_midquotes/ddpg_MSFT_seed577,historical_sp500_midquotes,MSFT,ddpg,577,800,800,3.728320343128411,4.533267627573743,4.533267627573743,0.8049472844453316,0.8049472844453316,0.0,8.983085510058281,0.617474948366483,1.491490411053798,0.10757445840785895
/Users/juliusgraf/Learning-Market-Making/results/revision_v19/historical_sp500_midquotes/ddpg_MSFT_seed7,historical_sp500_midquotes,MSFT,ddpg,7,800,700,2.0781158205643955,6.3269484678724925,5.996950582446791,4.248832647308097,3.9188347618823958,0.3299978854257013,7.5780151685078945,0.3230290096253156,1.026651391827876,0.08444670250018435
/Users/juliusgraf/Learning-Market-Making/results/revision_v19/historical_sp500_midquotes/ddpg_MSFT_seed811,historical_sp500_midquotes,MSFT,ddpg,811,600,400,-0.6750216935275206,1.887992080097477,1.6416568007678267,2.5630137736249976,2.3166784942953473,0.24633527932965027,8.792625508657316,0.6163066151241462,1.6235541399326028,0.14803685533752042
/Users/juliusgraf/Learning-Market-Making/results/revision_v19/historical_sp500_midquotes/ddpg_MSFT_seed99,historical_sp500_midquotes,MSFT,ddpg,99,500,300,1.1987234384025587,3.312703635064277,3.0503341868338874,2.1139801966617187,1.8516107484313287,0.26236944823038977,9.322831360499064,0.1385050576180219,1.6360382427381226,0.07072186071922378
/Users/juliusgraf/Learning-Market-Making/results/revision_v19/historical_sp500_midquotes/ddpg_PG_seed123,historical_sp500_midquotes,PG,ddpg,123,800,800,5.829056940196105,9.434743134727238,9.434743134727238,3.605686194531133,3.605686194531133,0.0,8.222857464443553,0.2803295366466045,1.6738321528833566,0.19970551247398052
/Users/juliusgraf/Learning-Market-Making/results/revision_v19/historical_sp500_midquotes/ddpg_PG_seed1618,historical_sp500_midquotes,PG,ddpg,1618,800,650,5.058728842468867,7.033890638675251,6.571695384002182,1.9751617962063843,1.5129665415333156,0.46219525467306877,7.3602795260293155,0.5156664580106735,1.6912194770179325,0.09806108133867379
/Users/juliusgraf/Learning-Market-Making/results/revision_v19/historical_sp500_midquotes/ddpg_PG_seed2024,historical_sp500_midquotes,PG,ddpg,2024,800,800,7.5836785341511215,11.111121672105694,11.111121672105694,3.527443137954573,3.527443137954573,0.0,7.937016300252966,0.6720940917730331,1.1616239655561444,0.14797851517051452
/Users/juliusgraf/Learning-Market-Making/results/revision_v19/historical_sp500_midquotes/ddpg_PG_seed2718,historical_sp500_midquotes,PG,ddpg,2718,800,750,6.864003620487682,9.10964514309384,8.964610186863021,2.2456415226061575,2.1006065663753395,0.14503495623081797,9.197136884511904,0.2274608356257279,1.25756798689962,0.04231888874558105
/Users/juliusgraf/Learning-Market-Making/results/revision_v19/historical_sp500_midquotes/ddpg_PG_seed314,historical_sp500_midquotes,PG,ddpg,314,300,100,8.502893923420878,9.32378399598376,9.264421504983224,0.8208900725628823,0.7615275815623459,0.059362491000536366,8.82465474172072,0.420867488036553,1.2702491568651562,0.07057131665324166
/Users/juliusgraf/Learning-Market-Making/results/revision_v19/historical_sp500_midquotes/ddpg_PG_seed42,historical_sp500_midquotes,PG,ddpg,42,250,99,7.570517329226814,9.418344333553737,8.302945247811426,1.8478270043269225,0.7324279185846114,1.115399085742311,8.919763856463963,0.7178207630912463,1.5227544548688954,0.15385449612637359
/Users/juliusgraf/Learning-Market-Making/results/revision_v19/historical_sp500_midquotes/ddpg_PG_seed577,historical_sp500_midquotes,PG,ddpg,577,350,150,9.254069882012184,9.365473251167828,9.023337178797604,0.11140336915564397,-0.23073270321457962,0.3421360723702236,8.983085510058281,0.617474948366483,1.5405206086874494,0.13364777488385635
/Users/juliusgraf/Learning-Market-Making/results/revision_v19/historical_sp500_midquotes/ddpg_PG_seed7,historical_sp500_midquotes,PG,ddpg,7,800,800,6.20637777519295,9.906937185685871,9.906937185685871,3.7005594104929216,3.7005594104929216,0.0,7.5780151685078945,0.3230290096253156,1.026651391827876,0.08444670250018435
/Users/juliusgraf/Learning-Market-Making/results/revision_v19/historical_sp500_midquotes/ddpg_PG_seed811,historical_sp500_midquotes,PG,ddpg,811,800,600,7.5614017710556745,8.907975354635127,8.602218139012894,1.3465735835794526,1.0408163679572198,0.3057572156222328,8.792625508657316,0.6163066151241462,1.5470064199123295,0.16230610214918847
/Users/juliusgraf/Learning-Market-Making/results/revision_v19/historical_sp500_midquotes/ddpg_PG_seed99,historical_sp500_midquotes,PG,ddpg,99,800,700,6.507902502385086,9.73462859971154,9.69105996890293,3.2267260973264538,3.1831574665178444,0.0435686308086094,9.322831360499064,0.1610758151859045,1.54244858737757,0.06783898977066075
/Users/juliusgraf/Learning-Market-Making/results/revision_v19/historical_sp500_midquotes/dqn_CAT_seed123,historical_sp500_midquotes,CAT,dqn,123,450,250,-1.0767948369785894,10.349983821201267,10.130904102969154,11.426778658179856,11.207698939947743,0.2190797182321127,8.29681837016886,0.5750946156680584,1.2672828828836038,0.1912138983843227
/Users/juliusgraf/Learning-Market-Making/results/revision_v19/historical_sp500_midquotes/dqn_CAT_seed1618,historical_sp500_midquotes,CAT,dqn,1618,800,750,-21.826245911401067,12.306520819970189,12.119035640911353,34.132766731371255,33.94528155231242,0.18748517905883588,7.511831913238916,0.9700520311792692,1.3907069478448875,0.30908101401726396
/Users/juliusgraf/Learning-Market-Making/results/revision_v19/historical_sp500_midquotes/dqn_CAT_seed2024,historical_sp500_midquotes,CAT,dqn,2024,400,200,-22.206172851734532,7.232454625358223,7.177610507713101,29.438627477092755,29.383783359447634,0.054844117645121315,8.225325816386455,0.8765654017527899,1.323440958238742,0.47001366490249835
/Users/juliusgraf/Learning-Market-Making/results/revision_v19/historical_sp500_midquotes/dqn_CAT_seed2718,historical_sp500_midquotes,CAT,dqn,2718,400,200,-1.8294377387808352,3.7751202180858603,2.7558095927644755,5.604557956866696,4.585247331545311,1.0193106253213848,9.382013659144556,0.3810034518440564,1.489405523657696,0.1487470479048788
/Users/juliusgraf/Learning-Market-Making/results/revision_v19/historical_sp500_midquotes/dqn_CAT_seed314,historical_sp500_midquotes,CAT,dqn,314,800,750,2.3739090054912055,10.034172197090292,9.685407090144832,7.660263191599087,7.311498084653627,0.3487651069454607,8.548542717228765,0.7355739645659923,1.3613365397225732,0.16094981216018392
/Users/juliusgraf/Learning-Market-Making/results/revision_v19/historical_sp500_midquotes/dqn_CAT_seed42,historical_sp500_midquotes,CAT,dqn,42,800,600,-40.300001849903445,9.650756812680381,8.819221931395825,49.95075866258382,49.11922378129927,0.831534881284556,9.09113891919454,0.5923675999045372,1.3070346637300012,0.17547538896960507
/Users/juliusgraf/Learning-Market-Making/results/revision_v19/historical_sp500_midquotes/dqn_CAT_seed577,historical_sp500_midquotes,CAT,dqn,577,400,200,-24.653750765590924,6.928692016131253,6.5367127969852,31.58244278172218,31.190463562576124,0.3919792191460525,9.443783075381548,0.3222734679778416,1.5011666761820337,0.11978734974563117
/Users/juliusgraf/Learning-Market-Making/results/revision_v19/historical_sp500_midquotes/dqn_CAT_seed7,historical_sp500_midquotes,CAT,dqn,7,350,150,-76.26935546580211,8.559996687447587,8.354694384339483,84.82935215324969,84.62404985014159,0.2053023031081036,7.688312298721738,0.3981914882858594,1.3466902304704829,0.17451695305357376
/Users/juliusgraf/Learning-Market-Making/results/revision_v19/historical_sp500_midquotes/dqn_CAT_seed811,historical_sp500_midquotes,CAT,dqn,811,800,600,0.37291438489848605,12.460828987671292,11.894620143033258,12.087914602772805,11.521705758134772,0.5662088446380338,9.282621912839938,0.7880546485384305,1.7029960514517757,0.06982921719551081
/Users/juliusgraf/Learning-Market-Making/results/revision_v19/historical_sp500_midquotes/dqn_CAT_seed99,historical_sp500_midquotes,CAT,dqn,99,800,800,-35.16524402856204,10.516036962242723,10.516036962242724,45.681280990804765,45.681280990804765,-1.7763568394002505e-15,9.509648111131456,0.2065516153971354,1.6762322482636633,0.09237764735519882
/Users/juliusgraf/Learning-Market-Making/results/revision_v19/historical_sp500_midquotes/dqn_GOOGL_seed123,historical_sp500_midquotes,GOOGL,dqn,123,600,400,-3.7210819815017278,5.664620717720627,5.4954724366231975,9.385702699222355,9.216554418124925,0.16914828109742963,8.29681837016886,0.5750946156680584,1.187666834270031,0.1339885376133024
/Users/juliusgraf/Learning-Market-Making/results/revision_v19/historical_sp500_midquotes/dqn_GOOGL_seed1618,historical_sp500_midquotes,GOOGL,dqn,1618,800,800,-17.970878922325255,6.376254176303515,6.376254176303515,24.34713309862877,24.34713309862877,0.0,7.511831913238916,0.9700520311792692,1.3907069478448875,0.30908101401726396
/Users/juliusgraf/Learning-Market-Making/results/revision_v19/historical_sp500_midquotes/dqn_GOOGL_seed2024,historical_sp500_midquotes,GOOGL,dqn,2024,800,750,-27.904663181104176,5.937608308432206,5.8961421278892026,33.84227148953638,33.800805308993375,0.04146618054300344,8.225325816386455,0.8765654017527899,1.0499265011620829,0.21505635676346718
/Users/juliusgraf/Learning-Market-Making/results/revision_v19/historical_sp500_midquotes/dqn_GOOGL_seed2718,historical_sp500_midquotes,GOOGL,dqn,2718,350,150,-8.804908005902474,2.1918126626845416,1.8977985772993995,10.996720668587017,10.702706583201874,0.29401408538514207,9.382013659144556,0.3810034518440564,1.5666028965014829,0.18862235979239142
/Users/juliusgraf/Learning-Market-Making/results/revision_v19/historical_sp500_midquotes/dqn_GOOGL_seed314,historical_sp500_midquotes,GOOGL,dqn,314,800,750,0.4765132875249193,7.5336711157454435,7.528870744712592,7.057157828220524,7.052357457187673,0.004800371032851025,8.548542717228765,0.7355739645659923,1.3613365397225732,0.16094981216018392
/Users/juliusgraf/Learning-Market-Making/results/revision_v19/historical_sp500_midquotes/dqn_GOOGL_seed42,historical_sp500_midquotes,GOOGL,dqn,42,650,450,-47.446025673627915,6.93831750030224,6.915981321653268,54.384343173930155,54.362006995281185,0.022336178648972194,9.09113891919454,0.5923675999045372,1.3296146327724714,0.17991325102249775
/Users/juliusgraf/Learning-Market-Making/results/revision_v19/historical_sp500_midquotes/dqn_GOOGL_seed577,historical_sp500_midquotes,GOOGL,dqn,577,800,700,-22.55551694235118,7.3393575299042855,6.898155716587239,29.894874472255466,29.45367265893842,0.4412018133170461,9.443783075381548,0.3222734679778416,1.463356751109843,0.043355840687950405
/Users/juliusgraf/Learning-Market-Making/results/revision_v19/historical_sp500_midquotes/dqn_GOOGL_seed7,historical_sp500_midquotes,GOOGL,dqn,7,350,150,-91.93257169525951,5.824445200629889,5.713004076419031,97.7570168958894,97.64557577167854,0.11144112421085772,7.688312298721738,0.3981914882858594,1.3466902304704829,0.17451695305357376
/Users/juliusgraf/Learning-Market-Making/results/revision_v19/historical_sp500_midquotes/dqn_GOOGL_seed811,historical_sp500_midquotes,GOOGL,dqn,811,250,99,-5.721928283046016,4.970725944335022,4.860170507694931,10.692654227381038,10.582098790740947,0.11055543664009093,9.282621912839938,0.7880546485384305,1.8809173134869956,0.12346151880671576
/Users/juliusgraf/Learning-Market-Making/results/revision_v19/historical_sp500_midquotes/dqn_GOOGL_seed99,historical_sp500_midquotes,GOOGL,dqn,99,800,800,-48.44396547587487,5.977774427820146,5.977774427820146,54.42173990369501,54.42173990369501,0.0,9.509648111131456,0.2065516153971354,1.6762322482636633,0.09237764735519882
/Users/juliusgraf/Learning-Market-Making/results/revision_v19/historical_sp500_midquotes/dqn_JPM_seed123,historical_sp500_midquotes,JPM,dqn,123,350,150,-9.026499120398281,3.49743732065456,2.3695237510969207,12.523936441052841,11.396022871495202,1.1279135695576392,8.29681837016886,0.5750946156680584,1.3630815135793666,0.2853429930582642
/Users/juliusgraf/Learning-Market-Making/results/revision_v19/historical_sp500_midquotes/dqn_JPM_seed1618,historical_sp500_midquotes,JPM,dqn,1618,250,99,-23.836209335337422,3.183695488565869,2.994295829294627,27.01990482390329,26.83050516463205,0.18939965927124192,7.511831913238916,0.5321679726243019,1.739055753750013,0.369819233973821
/Users/juliusgraf/Learning-Market-Making/results/revision_v19/historical_sp500_midquotes/dqn_JPM_seed2024,historical_sp500_midquotes,JPM,dqn,2024,700,500,-26.722341015723355,8.990927989519381,8.715826130298295,35.713269005242736,35.43816714602165,0.27510185922108654,8.225325816386455,0.8765654017527899,1.098137018674818,0.29611932095512744
/Users/juliusgraf/Learning-Market-Making/results/revision_v19/historical_sp500_midquotes/dqn_JPM_seed2718,historical_sp500_midquotes,JPM,dqn,2718,250,99,-12.465702390186653,2.746769021636354,1.988744018961487,15.212471411823007,14.45444640914814,0.7580250026748672,9.382013659144556,0.3597553995748361,1.5891239261682535,0.21129503254964946
/Users/juliusgraf/Learning-Market-Making/results/revision_v19/historical_sp500_midquotes/dqn_JPM_seed314,historical_sp500_midquotes,JPM,dqn,314,350,150,-4.919064707111731,3.3334572953910047,2.2131858415478933,8.252522002502735,7.1322505486596235,1.1202714538431113,8.548542717228765,0.7355739645659923,1.4349676653777146,0.4109505449955661
/Users/juliusgraf/Learning-Market-Making/results/revision_v19/historical_sp500_midquotes/dqn_JPM_seed42,historical_sp500_midquotes,JPM,dqn,42,300,100,-63.71879280636709,1.1388617648359014,0.7560756187254551,64.85765457120299,64.47486842509255,0.38278614611044626,9.09113891919454,0.5923675999045372,1.8433904086720303,0.2736246473466356
/Users/juliusgraf/Learning-Market-Making/results/revision_v19/historical_sp500_midquotes/dqn_JPM_seed577,historical_sp500_midquotes,JPM,dqn,577,500,300,-41.10541653521003,1.9567418917437562,0.8975213509721325,43.062158426953786,42.00293788618217,1.0592205407716238,9.443783075381548,0.3222734679778416,1.5109252466377234,0.0856293751659492
/Users/juliusgraf/Learning-Market-Making/results/revision_v19/historical_sp500_midquotes/dqn_JPM_seed7,historical_sp500_midquotes,JPM,dqn,7,300,100,-102.47411547820911,3.227298062564607,2.7608189016773377,105.70141354077373,105.23493437988645,0.4664791608872694,7.688312298721738,0.2331201221793889,1.471832934141691,0.17494734640295304
/Users/juliusgraf/Learning-Market-Making/results/revision_v19/historical_sp500_midquotes/dqn_JPM_seed811,historical_sp500_midquotes,JPM,dqn,811,600,400,-7.309805436221502,5.256105649821947,4.066391433308422,12.56591108604345,11.376196869529924,1.1897142165135248,9.282621912839938,0.7880546485384305,1.6820335315524715,0.06884501179183516
/Users/juliusgraf/Learning-Market-Making/results/revision_v19/historical_sp500_midquotes/dqn_JPM_seed99,historical_sp500_midquotes,JPM,dqn,99,650,450,-53.800667429560875,3.913339595410241,3.9049778871130534,57.71400702497112,57.70564531667393,0.008361708297187409,9.509648111131456,0.2065516153971354,1.7883080719194806,0.11400182662035023
/Users/juliusgraf/Learning-Market-Making/results/revision_v19/historical_sp500_midquotes/dqn_MSFT_seed123,historical_sp500_midquotes,MSFT,dqn,123,800,750,-6.0815856939049455,3.1907830980775675,2.5714951040163143,9.272368791982514,8.653080797921259,0.6192879940612532,8.29681837016886,0.5750946156680584,1.2364680003890054,0.12854263608033453
/Users/juliusgraf/Learning-Market-Making/results/revision_v19/historical_sp500_midquotes/dqn_MSFT_seed1618,historical_sp500_midquotes,MSFT,dqn,1618,800,750,-22.410121043379363,2.798426590282271,2.257253833313504,25.208547633661635,24.667374876692868,0.5411727569687672,7.511831913238916,0.9700520311792692,1.3907069478448875,0.30908101401726396
/Users/juliusgraf/Learning-Market-Making/results/revision_v19/historical_sp500_midquotes/dqn_MSFT_seed2024,historical_sp500_midquotes,MSFT,dqn,2024,700,500,-29.574265895480885,3.6794100590324472,3.039845637895861,33.253675954513334,32.61411153337674,0.6395644211365861,8.225325816386455,0.8765654017527899,1.098137018674818,0.29611932095512744
/Users/juliusgraf/Learning-Market-Making/results/revision_v19/historical_sp500_midquotes/dqn_MSFT_seed2718,historical_sp500_midquotes,MSFT,dqn,2718,350,150,-8.292866729902652,0.7961331588775273,0.2079353904547799,9.08899988878018,8.500802120357433,0.5881977684227474,9.382013659144556,0.3810034518440564,1.5666028965014829,0.18862235979239142
/Users/juliusgraf/Learning-Market-Making/results/revision_v19/historical_sp500_midquotes/dqn_MSFT_seed314,historical_sp500_midquotes,MSFT,dqn,314,400,200,-1.4591592752770561,4.035921949612227,4.000619551398356,5.495081224889283,5.459778826675412,0.03530239821387138,8.548542717228765,0.7355739645659923,1.423049549924872,0.3824195020794868
/Users/juliusgraf/Learning-Market-Making/results/revision_v19/historical_sp500_midquotes/dqn_MSFT_seed42,historical_sp500_midquotes,MSFT,dqn,42,800,600,-43.77275025350228,6.061823679845261,5.840250357458576,49.83457393334754,49.61300061096085,0.2215733223866856,9.09113891919454,0.5923675999045372,1.3070346637300012,0.17547538896960507
/Users/juliusgraf/Learning-Market-Making/results/revision_v19/historical_sp500_midquotes/dqn_MSFT_seed577,historical_sp500_midquotes,MSFT,dqn,577,750,550,-25.92139330355932,7.431547237760945,6.905223647601139,33.352940541320265,32.82661695116046,0.526323590159806,9.443783075381548,0.3222734679778416,1.476576243507591,0.046568675597508685
/Users/juliusgraf/Learning-Market-Making/results/revision_v19/historical_sp500_midquotes/dqn_MSFT_seed7,historical_sp500_midquotes,MSFT,dqn,7,350,150,-89.04776006130504,4.460083122992049,4.215502742541352,93.50784318429709,93.26326280384639,0.24458038045069674,7.688312298721738,0.3981914882858594,1.3466902304704829,0.17451695305357376
/Users/juliusgraf/Learning-Market-Making/results/revision_v19/historical_sp500_midquotes/dqn_MSFT_seed811,historical_sp500_midquotes,MSFT,dqn,811,650,450,-8.335362521585044,1.934932310279867,0.6605579684248563,10.270294831864911,8.9959204900099,1.2743743418550109,9.282621912839938,0.7880546485384305,1.666974283262324,0.06399763388683394
/Users/juliusgraf/Learning-Market-Making/results/revision_v19/historical_sp500_midquotes/dqn_MSFT_seed99,historical_sp500_midquotes,MSFT,dqn,99,650,450,-41.67624693385749,3.656383845931237,3.247782943652762,45.33263077978873,44.92402987751025,0.4086009022784749,9.509648111131456,0.2065516153971354,1.7883080719194806,0.11400182662035023
/Users/juliusgraf/Learning-Market-Making/results/revision_v19/historical_sp500_midquotes/dqn_PG_seed123,historical_sp500_midquotes,PG,dqn,123,350,150,-3.620794901692873,6.997754709400476,6.531512832722678,10.618549611093348,10.152307734415551,0.46624187667779804,8.29681837016886,0.5750946156680584,1.3630815135793666,0.2853429930582642
/Users/juliusgraf/Learning-Market-Making/results/revision_v19/historical_sp500_midquotes/dqn_PG_seed1618,historical_sp500_midquotes,PG,dqn,1618,800,800,-20.485133854036786,7.983833850435891,7.983833850435891,28.468967704472675,28.468967704472675,0.0,7.511831913238916,0.9700520311792692,1.3907069478448875,0.30908101401726396
/Users/juliusgraf/Learning-Market-Making/results/revision_v19/historical_sp500_midquotes/dqn_PG_seed2024,historical_sp500_midquotes,PG,dqn,2024,700,500,-28.12486062040459,9.706106716706863,9.161728074597663,37.83096733711145,37.28658869500225,0.5443786421091996,8.225325816386455,0.8765654017527899,1.098137018674818,0.29611932095512744
/Users/juliusgraf/Learning-Market-Making/results/revision_v19/historical_sp500_midquotes/dqn_PG_seed2718,historical_sp500_midquotes,PG,dqn,2718,350,150,-7.7024251341925964,7.166313538317437,6.677903406056128,14.868738672510034,14.380328540248724,0.4884101322613086,9.382013659144556,0.3810034518440564,1.5666028965014829,0.18862235979239142
/Users/juliusgraf/Learning-Market-Making/results/revision_v19/historical_sp500_midquotes/dqn_PG_seed314,historical_sp500_midquotes,PG,dqn,314,350,150,3.7121645064948368,9.271159387287772,8.949502815184099,5.558994880792936,5.237338308689262,0.3216565721036737,8.548542717228765,0.7355739645659923,1.4349676653777146,0.4109505449955661
/Users/juliusgraf/Learning-Market-Making/results/revision_v19/historical_sp500_midquotes/dqn_PG_seed42,historical_sp500_midquotes,PG,dqn,42,800,750,-47.28514812415921,10.42994027630164,10.27160438658526,57.71508840046084,57.55675251074447,0.1583358897163798,9.09113891919454,0.5923675999045372,1.3070346637300012,0.17547538896960507
/Users/juliusgraf/Learning-Market-Making/results/revision_v19/historical_sp500_midquotes/dqn_PG_seed577,historical_sp500_midquotes,PG,dqn,577,800,700,-22.53458794523602,12.02687965775925,11.995583038714964,34.56146760299527,34.53017098395098,0.031296619044287155,9.443783075381548,0.3222734679778416,1.463356751109843,0.043355840687950405
/Users/juliusgraf/Learning-Market-Making/results/revision_v19/historical_sp500_midquotes/dqn_PG_seed7,historical_sp500_midquotes,PG,dqn,7,300,100,-104.12177973806047,7.043963922669644,6.360455418551348,111.16574366073012,110.48223515661182,0.6835085041182962,7.688312298721738,0.2331201221793889,1.471832934141691,0.17494734640295304
/Users/juliusgraf/Learning-Market-Making/results/revision_v19/historical_sp500_midquotes/dqn_PG_seed811,historical_sp500_midquotes,PG,dqn,811,600,400,-3.8199053228865476,8.195536130891652,7.311717999303705,12.0154414537782,11.131623322190253,0.8838181315879465,9.282621912839938,0.7880546485384305,1.6820335315524715,0.06884501179183516
/Users/juliusgraf/Learning-Market-Making/results/revision_v19/historical_sp500_midquotes/dqn_PG_seed99,historical_sp500_midquotes,PG,dqn,99,800,800,-51.790623853002096,8.917458981557903,8.917458981557903,60.70808283456,60.70808283456,0.0,9.509648111131456,0.2065516153971354,1.6762322482636633,0.09237764735519882
/Users/juliusgraf/Learning-Market-Making/results/revision_v19/historical_sp500_midquotes/sac_CAT_seed123,historical_sp500_midquotes,CAT,sac,123,650,450,6.2728404645329245,11.6005815187333,11.09243935876631,5.327741054200375,4.819598894233385,0.5081421599669902,9.046563115986912,0.4710143956045309,2.7691071232034066,0.17105288816615932
/Users/juliusgraf/Learning-Market-Making/results/revision_v19/historical_sp500_midquotes/sac_CAT_seed1618,historical_sp500_midquotes,CAT,sac,1618,550,350,7.576473287809855,7.6089578261425554,6.583487640332454,0.032484538332700374,-0.9929856474774015,1.0254701858101019,7.817770004272461,0.512368552883466,2.193101698446755,0.2090620485798766
/Users/juliusgraf/Learning-Market-Making/results/revision_v19/historical_sp500_midquotes/sac_CAT_seed2024,historical_sp500_midquotes,CAT,sac,2024,250,99,5.894473962886408,9.03812681736569,8.825300674181017,3.1436528544792823,2.9308267112946096,0.21282614318467274,8.461924256505194,0.70146799882253,3.1970593440932036,0.23106058655182515
/Users/juliusgraf/Learning-Market-Making/results/revision_v19/historical_sp500_midquotes/sac_CAT_seed2718,historical_sp500_midquotes,CAT,sac,2718,300,100,4.323889280377559,4.858868162421184,4.039251813300587,0.5349788820436254,-0.2846374670769718,0.8196163491205972,9.76359354063522,0.2324860741694768,2.0629819063618027,0.11925912414987877
/Users/juliusgraf/Learning-Market-Making/results/revision_v19/historical_sp500_midquotes/sac_CAT_seed314,historical_sp500_midquotes,CAT,sac,314,300,100,5.263871949629022,10.961242674291976,9.200192330170243,5.697370724662954,3.936320380541221,1.761050344121733,9.448277473449709,0.7602170933037996,2.9404019463244864,0.4007098737992345
/Users/juliusgraf/Learning-Market-Making/results/revision_v19/historical_sp500_midquotes/sac_CAT_seed42,historical_sp500_midquotes,CAT,sac,42,350,150,5.537944510422026,10.212182028519937,9.746562022338843,4.674237518097911,4.208617511916817,0.4656200061810942,9.498208430078295,1.7706915667901435,2.9721865792932842,0.7441921997008224
/Users/juliusgraf/Learning-Market-Making/results/revision_v19/historical_sp500_midquotes/sac_CAT_seed577,historical_sp500_midquotes,CAT,sac,577,800,600,2.1918818534246265,3.494483428035517,2.8273900294841514,1.3026015746108905,0.6355081760595249,0.6670933985513656,9.760316622562897,2.270310285501182,2.173130020349978,0.4231303882536788
/Users/juliusgraf/Learning-Market-Making/results/revision_v19/historical_sp500_midquotes/sac_CAT_seed7,historical_sp500_midquotes,CAT,sac,7,700,500,5.00956578930327,10.068967743332557,9.252978292525752,5.059401954029287,4.243412503222482,0.8159894508068053,7.920851820045048,0.6023269322390357,2.0603758794642006,0.11554250042450921
/Users/juliusgraf/Learning-Market-Making/results/revision_v19/historical_sp500_midquotes/sac_CAT_seed811,historical_sp500_midquotes,CAT,sac,811,500,300,7.7237745270285725,13.183765849016194,11.804498178838974,5.459991321987621,4.080723651810402,1.379267670177219,9.538561262735506,0.796703518430392,2.851208168220595,0.30356927512213583
/Users/juliusgraf/Learning-Market-Making/results/revision_v19/historical_sp500_midquotes/sac_CAT_seed99,historical_sp500_midquotes,CAT,sac,99,350,150,4.629731802902763,5.8545709841591504,5.844801864051655,1.224839181256387,1.2150700611488912,0.009769120107495866,10.102563354704117,0.6515882045030594,2.9763330973557043,0.302384843075027
/Users/juliusgraf/Learning-Market-Making/results/revision_v19/historical_sp500_midquotes/sac_GOOGL_seed123,historical_sp500_midquotes,GOOGL,sac,123,650,450,2.9415344656792426,6.214163670823727,5.909259133508125,3.2726292051444847,2.9677246678288824,0.3049045373156023,9.046563115986912,0.4710143956045309,2.7691071232034066,0.17105288816615932
/Users/juliusgraf/Learning-Market-Making/results/revision_v19/historical_sp500_midquotes/sac_GOOGL_seed1618,historical_sp500_midquotes,GOOGL,sac,1618,550,350,2.770234194586452,3.696094422760237,3.049277350343681,0.9258602281737849,0.27904315575722904,0.6468170724165558,7.817770004272461,0.512368552883466,2.193101698446755,0.2090620485798766
/Users/juliusgraf/Learning-Market-Making/results/revision_v19/historical_sp500_midquotes/sac_GOOGL_seed2024,historical_sp500_midquotes,GOOGL,sac,2024,500,300,4.119758849137403,6.8934851877635825,6.541905124650013,2.7737263386261795,2.4221462755126097,0.3515800631135697,8.461924256505194,0.70146799882253,2.2121993235071686,0.14141177608693634
/Users/juliusgraf/Learning-Market-Making/results/revision_v19/historical_sp500_midquotes/sac_GOOGL_seed2718,historical_sp500_midquotes,GOOGL,sac,2718,600,400,2.021242029296684,2.9091707239801323,2.21749754683935,0.8879286946834481,0.1962555175426659,0.6916731771407822,9.76359354063522,0.3128374317040046,1.709037424172495,0.1126539402020474
/Users/juliusgraf/Learning-Market-Making/results/revision_v19/historical_sp500_midquotes/sac_GOOGL_seed314,historical_sp500_midquotes,GOOGL,sac,314,300,100,3.7790873692093183,7.209890062692567,6.137252482791565,3.430802693483249,2.358165113582247,1.0726375799010022,9.448277473449709,0.7602170933037996,2.9404019463244864,0.4007098737992345
/Users/juliusgraf/Learning-Market-Making/results/revision_v19/historical_sp500_midquotes/sac_GOOGL_seed42,historical_sp500_midquotes,GOOGL,sac,42,800,750,4.016538662399942,7.781175915677215,7.719604887214763,3.7646372532772734,3.7030662248148216,0.06157102846245177,9.498208430078295,2.0608202535659075,2.1640841873066963,0.4360017048853139
/Users/juliusgraf/Learning-Market-Making/results/revision_v19/historical_sp500_midquotes/sac_GOOGL_seed577,historical_sp500_midquotes,GOOGL,sac,577,700,500,3.709806403305003,4.792129913375161,4.612128763454492,1.0823235100701583,0.9023223601494887,0.1800011499206695,9.760316622562897,2.270310285501182,2.4266897810871466,0.48773934766401844
/Users/juliusgraf/Learning-Market-Making/results/revision_v19/historical_sp500_midquotes/sac_GOOGL_seed7,historical_sp500_midquotes,GOOGL,sac,7,400,200,2.9654891463921866,5.549429098664646,5.18276869892159,2.5839399522724595,2.2172795525294036,0.366660399743056,7.920851820045048,0.6023269322390357,2.601422093891143,0.14106604298080005
/Users/juliusgraf/Learning-Market-Making/results/revision_v19/historical_sp500_midquotes/sac_GOOGL_seed811,historical_sp500_midquotes,GOOGL,sac,811,600,400,3.419496217448456,6.966176656431731,6.709524385580309,3.546680438983275,3.290028168131853,0.25665227085142206,9.538561262735506,0.796703518430392,2.7432434989300445,0.3113766069250802
/Users/juliusgraf/Learning-Market-Making/results/revision_v19/historical_sp500_midquotes/sac_GOOGL_seed99,historical_sp500_midquotes,GOOGL,sac,99,650,450,2.7255500102864203,5.152541114431685,4.243363362430293,2.4269911041452645,1.517813352143873,0.9091777520013915,10.102563354704117,0.7198014469196398,2.4830318681664094,0.19695234997322156
/Users/juliusgraf/Learning-Market-Making/results/revision_v19/historical_sp500_midquotes/sac_JPM_seed123,historical_sp500_midquotes,JPM,sac,123,650,450,3.098065539120909,4.4159011808489215,4.395406076830454,1.3178356417280126,1.2973405377095455,0.020495104018467103,9.046563115986912,0.4710143956045309,2.7691071232034066,0.17105288816615932
/Users/juliusgraf/Learning-Market-Making/results/revision_v19/historical_sp500_midquotes/sac_JPM_seed1618,historical_sp500_midquotes,JPM,sac,1618,500,300,3.023952173215094,4.4171573219772435,4.2544875483392754,1.3932051487621497,1.2305353751241817,0.16266977363796808,7.817770004272461,0.512368552883466,2.1069833912555143,0.1756355247472723
/Users/juliusgraf/Learning-Market-Making/results/revision_v19/historical_sp500_midquotes/sac_JPM_seed2024,historical_sp500_midquotes,JPM,sac,2024,650,450,7.259093567237361,8.032409677489456,7.637736761207907,0.7733161102520949,0.3786431939705457,0.3946729162815492,8.461924256505194,0.70146799882253,1.8762349300626584,0.12899560459206497
/Users/juliusgraf/Learning-Market-Making/results/revision_v19/historical_sp500_midquotes/sac_JPM_seed2718,historical_sp500_midquotes,JPM,sac,2718,750,550,2.187929762641989,3.5492448779453794,3.1842084641430404,1.3613151153033902,0.9962787015010512,0.365036413802339,9.76359354063522,0.3645321374448637,1.7163761451961566,0.09954210896355406
/Users/juliusgraf/Learning-Market-Making/results/revision_v19/historical_sp500_midquotes/sac_JPM_seed314,historical_sp500_midquotes,JPM,sac,314,800,800,2.8735663716283124,4.507451699892157,4.507451699892157,1.6338853282638448,1.6338853282638448,0.0,9.448277473449709,0.9817959402998288,2.0754253093969712,0.23106008132174607
/Users/juliusgraf/Learning-Market-Making/results/revision_v19/historical_sp500_midquotes/sac_JPM_seed42,historical_sp500_midquotes,JPM,sac,42,300,100,1.1517451893901463,2.759655091008244,2.1920310153464966,1.6079099016180978,1.0402858259563503,0.5676240756617474,9.498208430078295,1.4231049999594687,3.056194956331437,0.7505509153629342
/Users/juliusgraf/Learning-Market-Making/results/revision_v19/historical_sp500_midquotes/sac_JPM_seed577,historical_sp500_midquotes,JPM,sac,577,350,150,0.3896170171994663,1.0291144960830385,0.5939251313933331,0.6394974788835722,0.20430811419386685,0.43518936468970537,9.760316622562897,1.4752121025075515,3.1586059378551594,0.6472875478453933
/Users/juliusgraf/Learning-Market-Making/results/revision_v19/historical_sp500_midquotes/sac_JPM_seed7,historical_sp500_midquotes,JPM,sac,7,400,200,2.8373848306436025,4.396547667229043,3.379527315662195,1.5591628365854402,0.5421424850185925,1.0170203515668477,7.920851820045048,0.6023269322390357,2.601422093891143,0.14106604298080005
/Users/juliusgraf/Learning-Market-Making/results/revision_v19/historical_sp500_midquotes/sac_JPM_seed811,historical_sp500_midquotes,JPM,sac,811,600,400,5.642250219175265,6.984811619595233,6.911710195336185,1.3425614004199673,1.2694599761609195,0.07310142425904775,9.538561262735506,0.796703518430392,2.7432434989300445,0.3113766069250802
/Users/juliusgraf/Learning-Market-Making/results/revision_v19/historical_sp500_midquotes/sac_JPM_seed99,historical_sp500_midquotes,JPM,sac,99,650,450,2.064077368072833,4.814935540346899,3.707044916963756,2.750858172274066,1.642967548890923,1.1078906233831431,10.102563354704117,0.7198014469196398,2.4830318681664094,0.19695234997322156
/Users/juliusgraf/Learning-Market-Making/results/revision_v19/historical_sp500_midquotes/sac_MSFT_seed123,historical_sp500_midquotes,MSFT,sac,123,650,450,-0.12137836883996256,3.4398083256677965,3.108639611606509,3.561186694507759,3.2300179804464717,0.33116871406128734,9.046563115986912,0.4710143956045309,2.7691071232034066,0.17105288816615932
/Users/juliusgraf/Learning-Market-Making/results/revision_v19/historical_sp500_midquotes/sac_MSFT_seed1618,historical_sp500_midquotes,MSFT,sac,1618,250,99,-1.3882121683875628,-2.150239707442619,-2.920270177851907,-0.7620275390550564,-1.5320580094643441,0.7700304704092877,7.817770004272461,0.512368552883466,2.444308337148133,0.15960530862088
/Users/juliusgraf/Learning-Market-Making/results/revision_v19/historical_sp500_midquotes/sac_MSFT_seed2024,historical_sp500_midquotes,MSFT,sac,2024,750,550,1.8273187615124857,4.348440787316307,3.6971061202853983,2.5211220258038214,1.8697873587729126,0.651334667030909,8.461924256505194,0.70146799882253,1.8135569050152618,0.11270718545715008
/Users/juliusgraf/Learning-Market-Making/results/revision_v19/historical_sp500_midquotes/sac_MSFT_seed2718,historical_sp500_midquotes,MSFT,sac,2718,300,100,1.5594188547667855,1.5644063102671193,1.2908957466283169,0.004987455500333748,-0.2685231081384687,0.27351056363880244,9.76359354063522,0.2324860741694768,2.0629819063618027,0.11925912414987877
/Users/juliusgraf/Learning-Market-Making/results/revision_v19/historical_sp500_midquotes/sac_MSFT_seed314,historical_sp500_midquotes,MSFT,sac,314,300,100,1.1360906858624658,4.4763030493600775,3.599029714105451,3.3402123634976117,2.4629390282429853,0.8772733352546265,9.448277473449709,0.7602170933037996,2.9404019463244864,0.4007098737992345
/Users/juliusgraf/Learning-Market-Making/results/revision_v19/historical_sp500_midquotes/sac_MSFT_seed42,historical_sp500_midquotes,MSFT,sac,42,700,500,2.4863001172524415,6.557125265377269,6.190582212308572,4.070825148124827,3.70428209505613,0.36654305306869706,9.498208430078295,2.0608202535659075,2.3071797124812745,0.5515078912389775
/Users/juliusgraf/Learning-Market-Making/results/revision_v19/historical_sp500_midquotes/sac_MSFT_seed577,historical_sp500_midquotes,MSFT,sac,577,350,150,3.976393450042719,4.327785367457238,4.194207634325256,0.3513919174145195,0.21781418428253696,0.1335777331319825,9.760316622562897,1.4752121025075515,3.1586059378551594,0.6472875478453933
/Users/juliusgraf/Learning-Market-Making/results/revision_v19/historical_sp500_midquotes/sac_MSFT_seed7,historical_sp500_midquotes,MSFT,sac,7,400,200,2.114406644085132,3.597004304334839,3.035622737766497,1.482597660249707,0.9212160936813647,0.5613815665683424,7.920851820045048,0.6023269322390357,2.601422093891143,0.14106604298080005
/Users/juliusgraf/Learning-Market-Making/results/revision_v19/historical_sp500_midquotes/sac_MSFT_seed811,historical_sp500_midquotes,MSFT,sac,811,500,300,-0.7004556791857482,2.901512240838948,2.101487126014973,3.6019679200246966,2.801942805200721,0.8000251148239754,9.538561262735506,0.796703518430392,2.851208168220595,0.30356927512213583
/Users/juliusgraf/Learning-Market-Making/results/revision_v19/historical_sp500_midquotes/sac_MSFT_seed99,historical_sp500_midquotes,MSFT,sac,99,650,450,0.9586964214671267,2.2737931856395046,0.7205014870004715,1.3150967641723779,-0.2381949344666553,1.553291698639033,10.102563354704117,0.7198014469196398,2.4830318681664094,0.19695234997322156
/Users/juliusgraf/Learning-Market-Making/results/revision_v19/historical_sp500_midquotes/sac_PG_seed123,historical_sp500_midquotes,PG,sac,123,650,450,5.97522808202965,8.232169415987848,8.094274477173876,2.2569413339581974,2.1190463951442258,0.13789493881397163,9.046563115986912,0.4710143956045309,2.7691071232034066,0.17105288816615932
/Users/juliusgraf/Learning-Market-Making/results/revision_v19/historical_sp500_midquotes/sac_PG_seed1618,historical_sp500_midquotes,PG,sac,1618,550,350,5.033798214817692,6.746488341680363,6.425077993791007,1.7126901268626717,1.3912797789733151,0.32141034788935663,7.817770004272461,0.512368552883466,2.193101698446755,0.2090620485798766
/Users/juliusgraf/Learning-Market-Making/results/revision_v19/historical_sp500_midquotes/sac_PG_seed2024,historical_sp500_midquotes,PG,sac,2024,500,300,7.935468102894832,10.053574137697687,9.875191949282287,2.118106034802855,1.939723846387455,0.17838218841539977,8.461924256505194,0.70146799882253,2.2121993235071686,0.14141177608693634
/Users/juliusgraf/Learning-Market-Making/results/revision_v19/historical_sp500_midquotes/sac_PG_seed2718,historical_sp500_midquotes,PG,sac,2718,500,300,6.751564433630632,8.328429021526999,7.931633415062055,1.5768645878963667,1.1800689814314227,0.39679560646494405,9.76359354063522,0.2792007299760977,1.8894127093050255,0.12089563324054076
/Users/juliusgraf/Learning-Market-Making/results/revision_v19/historical_sp500_midquotes/sac_PG_seed314,historical_sp500_midquotes,PG,sac,314,800,600,8.49858819995014,10.799770342700942,10.52941175349169,2.301182142750802,2.03082355354155,0.27035858920925193,9.448277473449709,0.9817959402998288,2.0754253093969712,0.23106008132174607
/Users/juliusgraf/Learning-Market-Making/results/revision_v19/historical_sp500_midquotes/sac_PG_seed42,historical_sp500_midquotes,PG,sac,42,750,550,7.525475586475684,10.472897444252482,10.332259320225992,2.9474218577767974,2.806783733750308,0.14063812402648956,9.498208430078295,2.0608202535659075,2.2507668187844296,0.5036619534889857
/Users/juliusgraf/Learning-Market-Making/results/revision_v19/historical_sp500_midquotes/sac_PG_seed577,historical_sp500_midquotes,PG,sac,577,350,150,9.0432173983504,9.798779140231165,9.69542322686775,0.755561741880765,0.6522058285173493,0.10335591336341565,9.760316622562897,1.4752121025075515,3.1586059378551594,0.6472875478453933
/Users/juliusgraf/Learning-Market-Making/results/revision_v19/historical_sp500_midquotes/sac_PG_seed7,historical_sp500_midquotes,PG,sac,7,400,200,6.259192079355641,8.444291822993945,8.06573932272342,2.185099743638304,1.8065472433677794,0.37855250027052456,7.920851820045048,0.6023269322390357,2.601422093891143,0.14106604298080005
/Users/juliusgraf/Learning-Market-Making/results/revision_v19/historical_sp500_midquotes/sac_PG_seed811,historical_sp500_midquotes,PG,sac,811,500,300,7.409332452306947,9.913901242620533,9.398993821484,2.504568790313586,1.9896613691770533,0.5149074211365328,9.538561262735506,0.796703518430392,2.851208168220595,0.30356927512213583
/Users/juliusgraf/Learning-Market-Making/results/revision_v19/historical_sp500_midquotes/sac_PG_seed99,historical_sp500_midquotes,PG,sac,99,650,450,5.878760128810602,9.739109468662068,8.914028899806295,3.8603493398514663,3.0352687709956934,0.825080568855773,10.102563354704117,0.7198014469196398,2.4830318681664094,0.19695234997322156
/Users/juliusgraf/Learning-Market-Making/results/revision_v19/historical_sp500_midquotes/td3_CAT_seed123,historical_sp500_midquotes,CAT,td3,123,250,99,7.170930068829532,9.897131861308665,8.268459949348012,2.7262017924791335,1.09752988051848,1.6286719119606534,18.1014076796445,1.1586094399293263,7.240210260019793,0.7707767787774403
/Users/juliusgraf/Learning-Market-Making/results/revision_v19/historical_sp500_midquotes/td3_CAT_seed1618,historical_sp500_midquotes,CAT,td3,1618,800,750,7.588058224113056,11.175957761015496,10.993308682694162,3.58789953690244,3.405250458581105,0.1826490783213348,15.756131734603493,1.0181861340999605,3.4200091174477985,0.22708567513401307
/Users/juliusgraf/Learning-Market-Making/results/revision_v19/historical_sp500_midquotes/td3_CAT_seed2024,historical_sp500_midquotes,CAT,td3,2024,600,400,5.440188058012228,8.881040893824867,8.222070534024638,3.440852835812639,2.7818824760124103,0.6589703598002288,16.807010148022627,1.3846697966257733,2.8667615737123664,0.36312565292418
/Users/juliusgraf/Learning-Market-Making/results/revision_v19/historical_sp500_midquotes/td3_CAT_seed2718,historical_sp500_midquotes,CAT,td3,2718,300,100,4.138487074280112,5.6324467319503615,4.5854653200030775,1.4939596576702492,0.4469782457229652,1.046981411947284,19.62228159571803,0.462450294693311,3.847876056323165,0.10298169333425658
/Users/juliusgraf/Learning-Market-Making/results/revision_v19/historical_sp500_midquotes/td3_CAT_seed314,historical_sp500_midquotes,CAT,td3,314,250,99,5.835906186216581,10.457127347734303,9.462597642547246,4.621221161517722,3.626691456330665,0.9945297051870572,18.556789094751533,0.8796847884853681,5.083631692445859,0.4465091777245204
/Users/juliusgraf/Learning-Market-Making/results/revision_v19/historical_sp500_midquotes/td3_CAT_seed42,historical_sp500_midquotes,CAT,td3,42,250,99,4.32555988538689,8.153605148510877,6.074621745584968,3.828045263123987,1.7490618601980774,2.0789834029259096,19.12112153900994,1.9205153197050095,5.280069109211522,0.4380731962472201
/Users/juliusgraf/Learning-Market-Making/results/revision_v19/historical_sp500_midquotes/td3_CAT_seed577,historical_sp500_midquotes,CAT,td3,577,250,99,3.112012083832528,5.3655515386437145,2.3720945157250677,2.2535394548111864,-0.7399175681074603,2.993457022918647,19.5923038873917,1.5376999417940775,8.154540559496791,0.737657160580158
/Users/juliusgraf/Learning-Market-Making/results/revision_v19/historical_sp500_midquotes/td3_CAT_seed7,historical_sp500_midquotes,CAT,td3,7,250,99,5.252242739782258,7.747577055832668,7.641645903233192,2.4953343160504096,2.3894031634509334,0.10593115259947616,16.02664464049869,0.4220189054807027,4.115609313263494,0.18180390115206435
/Users/juliusgraf/Learning-Market-Making/results/revision_v19/historical_sp500_midquotes/td3_CAT_seed811,historical_sp500_midquotes,CAT,td3,811,650,450,8.192021916122137,10.897244895910447,10.335389819866675,2.70522297978831,2.1433679037445383,0.5618550760437717,19.20865449672792,1.6108484352628387,6.152046320590106,0.41331574853012953
/Users/juliusgraf/Learning-Market-Making/results/revision_v19/historical_sp500_midquotes/td3_CAT_seed99,historical_sp500_midquotes,CAT,td3,99,600,400,5.083983215371189,6.999661432651065,6.732347890441467,1.9156782172798756,1.6483646750702778,0.2673135422095978,20.10425420337253,0.7496650646130244,4.467352131066138,0.238490349146227
/Users/juliusgraf/Learning-Market-Making/results/revision_v19/historical_sp500_midquotes/td3_GOOGL_seed123,historical_sp500_midquotes,GOOGL,td3,123,250,99,2.7187228500557534,5.811506883033465,4.112986707878841,3.092784032977711,1.3942638578230877,1.6985201751546235,18.1014076796445,1.1586094399293263,7.240210260019793,0.7707767787774403
/Users/juliusgraf/Learning-Market-Making/results/revision_v19/historical_sp500_midquotes/td3_GOOGL_seed1618,historical_sp500_midquotes,GOOGL,td3,1618,800,750,2.7350878235110088,6.160756997354843,5.848781112416846,3.4256691738438345,3.1136932889058375,0.311975884937997,15.756131734603493,1.0181861340999605,3.4200091174477985,0.22708567513401307
/Users/juliusgraf/Learning-Market-Making/results/revision_v19/historical_sp500_midquotes/td3_GOOGL_seed2024,historical_sp500_midquotes,GOOGL,td3,2024,800,650,4.150678336965561,6.777983705969882,6.757975182482243,2.627305369004321,2.6072968455166814,0.020008523487639707,16.807010148022627,1.3846697966257733,2.545706382540895,0.28190880367159843
/Users/juliusgraf/Learning-Market-Making/results/revision_v19/historical_sp500_midquotes/td3_GOOGL_seed2718,historical_sp500_midquotes,GOOGL,td3,2718,600,400,2.11517692047995,2.637378778233126,2.1926884499529966,0.522201857753176,0.07751152947304663,0.44469032828012933,19.62228159571803,0.462450294693311,3.161235928953677,0.08419376799029603
/Users/juliusgraf/Learning-Market-Making/results/revision_v19/historical_sp500_midquotes/td3_GOOGL_seed314,historical_sp500_midquotes,GOOGL,td3,314,250,99,3.933094501749193,7.387677340713372,6.540315776994724,3.4545828389641793,2.6072212752455313,0.847361563718648,18.556789094751533,0.8796847884853681,5.083631692445859,0.4465091777245204
/Users/juliusgraf/Learning-Market-Making/results/revision_v19/historical_sp500_midquotes/td3_GOOGL_seed42,historical_sp500_midquotes,GOOGL,td3,42,350,150,4.19122851498962,6.4870963558796495,5.143036921037916,2.29586784089003,0.9518084060482961,1.3440594348417338,19.12112153900994,1.9205153197050095,4.85174762404376,0.37682931861778096
/Users/juliusgraf/Learning-Market-Making/results/revision_v19/historical_sp500_midquotes/td3_GOOGL_seed577,historical_sp500_midquotes,GOOGL,td3,577,800,800,3.590538009287558,5.574247015864957,5.574247015864957,1.9837090065773992,1.9837090065773992,0.0,19.5923038873917,1.5376999417940775,4.8238833127491,0.32239394289751844
/Users/juliusgraf/Learning-Market-Making/results/revision_v19/historical_sp500_midquotes/td3_GOOGL_seed7,historical_sp500_midquotes,GOOGL,td3,7,800,750,3.0468745454011277,7.087506695026045,7.0612835593594205,4.040632149624917,4.014409013958293,0.026223135666624486,16.02664464049869,0.4220189054807027,2.715960742025787,0.14036450162033237
/Users/juliusgraf/Learning-Market-Making/results/revision_v19/historical_sp500_midquotes/td3_GOOGL_seed811,historical_sp500_midquotes,GOOGL,td3,811,650,450,3.31769474394466,5.644992037237616,5.258336845440266,2.327297293292956,1.9406421014956061,0.38665519179734975,19.20865449672792,1.6108484352628387,6.152046320590106,0.41331574853012953
/Users/juliusgraf/Learning-Market-Making/results/revision_v19/historical_sp500_midquotes/td3_GOOGL_seed99,historical_sp500_midquotes,GOOGL,td3,99,800,800,2.7733676224841988,4.884216451205685,4.884216451205685,2.110848828721486,2.110848828721486,0.0,20.10425420337253,0.7496650646130244,3.828326995699791,0.20379556658615663
/Users/juliusgraf/Learning-Market-Making/results/revision_v19/historical_sp500_midquotes/td3_JPM_seed123,historical_sp500_midquotes,JPM,td3,123,350,150,2.9739168213581113,4.173287387173748,3.688367946405342,1.199370565815637,0.7144511250472307,0.4849194407684063,18.1014076796445,1.1586094399293263,6.248009000324254,0.5728519230186939
/Users/juliusgraf/Learning-Market-Making/results/revision_v19/historical_sp500_midquotes/td3_JPM_seed1618,historical_sp500_midquotes,JPM,td3,1618,600,400,3.300520293754111,5.017298285926679,4.820637645768652,1.716777992172568,1.5201173520145415,0.19666064015802664,15.756131734603493,1.0181861340999605,3.720286585185068,0.24366395530352988
/Users/juliusgraf/Learning-Market-Making/results/revision_v19/historical_sp500_midquotes/td3_JPM_seed2024,historical_sp500_midquotes,JPM,td3,2024,800,650,6.911021839982661,9.18712845340752,8.987667533938861,2.2761066134248598,2.0766456939562,0.19946091946865963,16.807010148022627,1.3846697966257733,2.545706382540895,0.28190880367159843
/Users/juliusgraf/Learning-Market-Making/results/revision_v19/historical_sp500_midquotes/td3_JPM_seed2718,historical_sp500_midquotes,JPM,td3,2718,800,800,2.077637588706669,4.7024478889999175,4.7024478889999175,2.6248103002932486,2.6248103002932486,0.0,19.62228159571803,0.462450294693311,2.84338438938517,0.08849836967575049
/Users/juliusgraf/Learning-Market-Making/results/revision_v19/historical_sp500_midquotes/td3_JPM_seed314,historical_sp500_midquotes,JPM,td3,314,800,800,2.792656085316919,4.078004095916834,4.078004095916834,1.2853480105999155,1.2853480105999155,0.0,18.556789094751533,0.9842701603968937,3.455868841905105,0.3135763437996308
/Users/juliusgraf/Learning-Market-Making/results/revision_v19/historical_sp500_midquotes/td3_JPM_seed42,historical_sp500_midquotes,JPM,td3,42,250,99,1.1170472982008766,3.397079865935228,1.8677081410127776,2.2800325677343514,0.750660842811901,1.5293717249224505,19.12112153900994,1.9205153197050095,5.280069109211522,0.4380731962472201
/Users/juliusgraf/Learning-Market-Making/results/revision_v19/historical_sp500_midquotes/td3_JPM_seed577,historical_sp500_midquotes,JPM,td3,577,700,500,0.8100091839064688,0.47275820518914535,0.4508902385203367,-0.33725097871732346,-0.3591189453861321,0.021867966668808636,19.5923038873917,1.5376999417940775,5.142476213372784,0.3489160977030793
/Users/juliusgraf/Learning-Market-Making/results/revision_v19/historical_sp500_midquotes/td3_JPM_seed7,historical_sp500_midquotes,JPM,td3,7,800,700,2.924282585790966,6.266819374227054,5.987659258321617,3.342536788436088,3.0633766725306515,0.27916011590543643,16.02664464049869,0.4220189054807027,2.715960742025787,0.14036450162033237
/Users/juliusgraf/Learning-Market-Making/results/revision_v19/historical_sp500_midquotes/td3_JPM_seed811,historical_sp500_midquotes,JPM,td3,811,800,750,5.5130912173783955,6.541834157749625,6.363126231160699,1.0287429403712292,0.8500350137823034,0.17870792658892576,19.20865449672792,1.6108484352628387,6.02737420645926,0.39946336982150876
/Users/juliusgraf/Learning-Market-Making/results/revision_v19/historical_sp500_midquotes/td3_JPM_seed99,historical_sp500_midquotes,JPM,td3,99,800,800,2.3008307742577934,5.005804237236775,5.005804237236775,2.7049734629789812,2.7049734629789812,0.0,20.10425420337253,0.7496650646130244,3.828326995699791,0.20379556658615663
/Users/juliusgraf/Learning-Market-Making/results/revision_v19/historical_sp500_midquotes/td3_MSFT_seed123,historical_sp500_midquotes,MSFT,td3,123,250,99,-0.13429430186988434,2.9542995854890526,0.8071712495937928,3.088593887358937,0.9414655514636772,2.1471283358952595,18.1014076796445,1.1586094399293263,7.240210260019793,0.7707767787774403
/Users/juliusgraf/Learning-Market-Making/results/revision_v19/historical_sp500_midquotes/td3_MSFT_seed1618,historical_sp500_midquotes,MSFT,td3,1618,800,750,-1.3675884248839894,1.3954975845022055,0.8742666999932796,2.763086009386195,2.2418551248772687,0.521230884508926,15.756131734603493,1.0181861340999605,3.4200091174477985,0.22708567513401307
/Users/juliusgraf/Learning-Market-Making/results/revision_v19/historical_sp500_midquotes/td3_MSFT_seed2024,historical_sp500_midquotes,MSFT,td3,2024,800,650,1.9890501321873655,4.591260886242868,4.503452487633144,2.602210754055502,2.514402355445778,0.08780839860972378,16.807010148022627,1.3846697966257733,2.545706382540895,0.28190880367159843
/Users/juliusgraf/Learning-Market-Making/results/revision_v19/historical_sp500_midquotes/td3_MSFT_seed2718,historical_sp500_midquotes,MSFT,td3,2718,300,100,1.633295073896532,1.511653892535577,1.082188498214718,-0.12164118136095503,-0.5511065756818139,0.42946539432085884,19.62228159571803,0.462450294693311,3.847876056323165,0.10298169333425658
/Users/juliusgraf/Learning-Market-Making/results/revision_v19/historical_sp500_midquotes/td3_MSFT_seed314,historical_sp500_midquotes,MSFT,td3,314,250,99,1.57024173021024,4.430529083143387,3.2174584923191025,2.860287352933147,1.6472167621088625,1.2130705908242847,18.556789094751533,0.8796847884853681,5.083631692445859,0.4465091777245204
/Users/juliusgraf/Learning-Market-Making/results/revision_v19/historical_sp500_midquotes/td3_MSFT_seed42,historical_sp500_midquotes,MSFT,td3,42,250,99,2.1581039499962973,4.052488627938077,2.474884360290793,1.8943846779417797,0.3167804102944958,1.577604267647284,19.12112153900994,1.9205153197050095,5.280069109211522,0.4380731962472201
/Users/juliusgraf/Learning-Market-Making/results/revision_v19/historical_sp500_midquotes/td3_MSFT_seed577,historical_sp500_midquotes,MSFT,td3,577,800,800,3.7632077186005035,4.504043763746507,4.504043763746507,0.7408360451460037,0.7408360451460037,0.0,19.5923038873917,1.5376999417940775,4.8238833127491,0.32239394289751844
/Users/juliusgraf/Learning-Market-Making/results/revision_v19/historical_sp500_midquotes/td3_MSFT_seed7,historical_sp500_midquotes,MSFT,td3,7,800,700,2.177933953650114,6.3244618391370855,5.958780719896387,4.146527885486972,3.780846766246273,0.36568111924069857,16.02664464049869,0.4220189054807027,2.715960742025787,0.14036450162033237
/Users/juliusgraf/Learning-Market-Making/results/revision_v19/historical_sp500_midquotes/td3_MSFT_seed811,historical_sp500_midquotes,MSFT,td3,811,650,450,-0.6849273664606701,1.7244865118231918,1.461717815457444,2.409413878283862,2.146645181918114,0.26276869636574784,19.20865449672792,1.6108484352628387,6.152046320590106,0.41331574853012953
/Users/juliusgraf/Learning-Market-Making/results/revision_v19/historical_sp500_midquotes/td3_MSFT_seed99,historical_sp500_midquotes,MSFT,td3,99,650,450,1.1531904070691585,2.6972238921532226,1.8646007494569985,1.544033485084064,0.71141034238784,0.8326231426962241,20.10425420337253,0.7496650646130244,4.124395560715526,0.2243494300122062
/Users/juliusgraf/Learning-Market-Making/results/revision_v19/historical_sp500_midquotes/td3_PG_seed123,historical_sp500_midquotes,PG,td3,123,250,99,5.77226249221082,7.684037719439387,6.763118491113622,1.911775227228567,0.9908559989028021,0.920919228325765,18.1014076796445,1.1586094399293263,7.240210260019793,0.7707767787774403
/Users/juliusgraf/Learning-Market-Making/results/revision_v19/historical_sp500_midquotes/td3_PG_seed1618,historical_sp500_midquotes,PG,td3,1618,600,400,5.163317032410859,7.616925889820745,7.383868369033456,2.453608857409886,2.220551336622597,0.23305752078728936,15.756131734603493,1.0181861340999605,3.720286585185068,0.24366395530352988
/Users/juliusgraf/Learning-Market-Making/results/revision_v19/historical_sp500_midquotes/td3_PG_seed2024,historical_sp500_midquotes,PG,td3,2024,800,650,7.68813615428067,10.28239502442329,10.211403048580884,2.5942588701426192,2.523266894300214,0.07099197584240535,16.807010148022627,1.3846697966257733,2.545706382540895,0.28190880367159843
/Users/juliusgraf/Learning-Market-Making/results/revision_v19/historical_sp500_midquotes/td3_PG_seed2718,historical_sp500_midquotes,PG,td3,2718,750,550,6.84726960247434,8.718171388645795,8.44741378129795,1.870901786171455,1.6001441788236104,0.2707576073478446,19.62228159571803,0.462450294693311,3.0720585121171466,0.08027291753205155
/Users/juliusgraf/Learning-Market-Making/results/revision_v19/historical_sp500_midquotes/td3_PG_seed314,historical_sp500_midquotes,PG,td3,314,250,99,8.427474422770914,9.889817653868652,9.461364189973306,1.462343231097739,1.0338897672023926,0.42845346389534633,18.556789094751533,0.8796847884853681,5.083631692445859,0.4465091777245204
/Users/juliusgraf/Learning-Market-Making/results/revision_v19/historical_sp500_midquotes/td3_PG_seed42,historical_sp500_midquotes,PG,td3,42,250,99,7.5638519826184325,9.619847075906018,8.29475397366703,2.055995093287585,0.7309019910485972,1.3250931022389878,19.12112153900994,1.9205153197050095,5.280069109211522,0.4380731962472201
/Users/juliusgraf/Learning-Market-Making/results/revision_v19/historical_sp500_midquotes/td3_PG_seed577,historical_sp500_midquotes,PG,td3,577,400,200,9.153212855029683,8.56057848607525,8.427820019712644,-0.5926343689544318,-0.725392835317038,0.13275846636260624,19.5923038873917,1.5376999417940775,6.600119628161781,0.5002455003509919
/Users/juliusgraf/Learning-Market-Making/results/revision_v19/historical_sp500_midquotes/td3_PG_seed7,historical_sp500_midquotes,PG,td3,7,800,750,6.3127604453205866,10.048692627382515,10.002127799793792,3.7359321820619282,3.6893673544732053,0.046564827588722935,16.02664464049869,0.4220189054807027,2.715960742025787,0.14036450162033237
/Users/juliusgraf/Learning-Market-Making/results/revision_v19/historical_sp500_midquotes/td3_PG_seed811,historical_sp500_midquotes,PG,td3,811,800,700,7.269630958133032,9.318399706922335,8.99596831623122,2.0487687487893034,1.7263373580981884,0.3224313906911149,19.20865449672792,1.6108484352628387,6.02737420645926,0.39946336982150876
/Users/juliusgraf/Learning-Market-Making/results/revision_v19/historical_sp500_midquotes/td3_PG_seed99,historical_sp500_midquotes,PG,td3,99,800,800,6.206710339645802,9.323825952819952,9.323825952819952,3.1171156131741498,3.1171156131741498,0.0,20.10425420337253,0.7496650646130244,3.828326995699791,0.20379556658615663
/Users/juliusgraf/Learning-Market-Making/results/revision_v19/synthetic_rough_heston/ddpg_seed123,synthetic_rough_heston,Synthetic,ddpg,123,500,300,5.793931433792526,6.837456035453684,6.517293786995683,1.043524601661158,0.7233623532031572,0.3201622484580007,9.763283707878804,2.4605905483166377,2.468220784299062,0.18049801764885579
/Users/juliusgraf/Learning-Market-Making/results/revision_v19/synthetic_rough_heston/ddpg_seed1618,synthetic_rough_heston,Synthetic,ddpg,1618,450,250,-0.7521214658552153,2.956774081022277,2.663473953075856,3.7088955468774927,3.4155954189310718,0.2933001279464209,16.74472530909947,3.6976430535316474,2.4635592191072546,0.3118945333374043
/Users/juliusgraf/Learning-Market-Making/results/revision_v19/synthetic_rough_heston/ddpg_seed2024,synthetic_rough_heston,Synthetic,ddpg,2024,350,150,-0.8499613727082596,1.4213758483662948,1.2358748539942228,2.271337221074554,2.085836226702482,0.18550099437207201,10.028981608313485,0.5995039701461791,1.7679100868815523,0.1656772428428133
/Users/juliusgraf/Learning-Market-Making/results/revision_v19/synthetic_rough_heston/ddpg_seed2718,synthetic_rough_heston,Synthetic,ddpg,2718,650,450,3.6586472918860466,4.45760471325921,4.40772158566063,0.7989574213731632,0.7490742937745831,0.049883127598580046,7.447179894114649,0.3287436086684465,4.710188407284787,0.02369917688332493
/Users/juliusgraf/Learning-Market-Making/results/revision_v19/synthetic_rough_heston/ddpg_seed314,synthetic_rough_heston,Synthetic,ddpg,314,700,500,6.85021476967743,9.249367843240002,8.560494938161007,2.399153073562572,1.7102801684835773,0.6888729050789948,8.518512435581373,0.8015523304541906,2.4062843162055794,0.16274989929298553
/Users/juliusgraf/Learning-Market-Making/results/revision_v19/synthetic_rough_heston/ddpg_seed42,synthetic_rough_heston,Synthetic,ddpg,42,300,100,-1.6596669303803804,-0.39860089014577205,-0.7559823819525612,1.2610660402346083,0.9036845484278192,0.35738149180678913,8.979341983795166,1.621140939493974,2.228265758332306,0.17762883721540373
/Users/juliusgraf/Learning-Market-Making/results/revision_v19/synthetic_rough_heston/ddpg_seed577,synthetic_rough_heston,Synthetic,ddpg,577,500,300,6.590597616781886,7.7985943354169,7.7498124369631745,1.2079967186350142,1.1592148201812886,0.0487818984537256,11.088602408384665,2.951976254582405,2.4111684674742393,0.22175230168551202
/Users/juliusgraf/Learning-Market-Making/results/revision_v19/synthetic_rough_heston/ddpg_seed7,synthetic_rough_heston,Synthetic,ddpg,7,800,700,1.6494915464397517,4.132680550027818,3.931215674942951,2.483189003588066,2.2817241285031997,0.20146487508486643,8.509762908137121,0.227805050710837,1.7722362820433504,0.1250430718933542
/Users/juliusgraf/Learning-Market-Making/results/revision_v19/synthetic_rough_heston/ddpg_seed811,synthetic_rough_heston,Synthetic,ddpg,811,700,500,0.2240032231999316,1.505705407941893,1.4878005672647,1.2817021847419614,1.2637973440647683,0.017904840677193112,6.896482996824311,0.44750966578722,2.4014890953668564,0.08460533524925508
/Users/juliusgraf/Learning-Market-Making/results/revision_v19/synthetic_rough_heston/ddpg_seed99,synthetic_rough_heston,Synthetic,ddpg,99,800,750,1.4690296013522501,4.320002822075648,3.950526452871901,2.850973220723398,2.4814968515196507,0.36947636920374727,13.20869197845459,0.840197841823101,2.396874577046933,0.1432691391954819
/Users/juliusgraf/Learning-Market-Making/results/revision_v19/synthetic_rough_heston/dqn_seed123,synthetic_rough_heston,Synthetic,dqn,123,350,150,-4.945741770812002,7.874111249311183,7.4360360862321855,12.819853020123185,12.381777857044188,0.43807516307899785,9.914331381971186,1.7105215802788734,2.1336093882416463,0.38809448060890034
/Users/juliusgraf/Learning-Market-Making/results/revision_v19/synthetic_rough_heston/dqn_seed1618,synthetic_rough_heston,Synthetic,dqn,1618,250,99,-31.82037165950513,1.513678126373417,0.1137116928095515,33.33404978587855,31.934083352314683,1.3999664335638655,17.132749598366875,4.669117329518,3.8270645455418673,3.4705141581495607
/Users/juliusgraf/Learning-Market-Making/results/revision_v19/synthetic_rough_heston/dqn_seed2024,synthetic_rough_heston,Synthetic,dqn,2024,350,150,-44.178932578577,-0.12706650162042188,-0.3399258927742852,44.05186607695658,43.839006685802715,0.21285939115386332,10.195517726846644,0.4021850352485974,2.1500758862189757,0.10294794229045508
/Users/juliusgraf/Learning-Market-Making/results/revision_v19/synthetic_rough_heston/dqn_seed2718,synthetic_rough_heston,Synthetic,dqn,2718,400,200,-12.364833267304796,4.940424780413399,4.785639023257827,17.305258047718194,17.150472290562625,0.15478575715557152,7.635093533715536,2.870127472778161,3.360058596740519,1.7930722334782283
/Users/juliusgraf/Learning-Market-Making/results/revision_v19/synthetic_rough_heston/dqn_seed314,synthetic_rough_heston,Synthetic,dqn,314,650,450,2.9902474832682104,9.817951655954573,9.424754025144466,6.827704172686363,6.434506541876256,0.39319763081010706,8.580541247906892,1.7778013590723276,1.7617904335231773,0.38079807988305886
/Users/juliusgraf/Learning-Market-Making/results/revision_v19/synthetic_rough_heston/dqn_seed42,synthetic_rough_heston,Synthetic,dqn,42,500,300,-59.045756160905334,0.7550788933268135,0.2410175756166506,59.800835054232145,59.28677373652199,0.514061317710163,9.145870321326786,1.6540947963794073,2.075541629106267,0.1794010472595691
/Users/juliusgraf/Learning-Market-Making/results/revision_v19/synthetic_rough_heston/dqn_seed577,synthetic_rough_heston,Synthetic,dqn,577,350,150,-38.2070977389736,8.440451685182591,7.893789336139202,46.647549424156196,46.1008870751128,0.5466623490433893,11.410179456075031,3.0761549532413484,1.9945267971081113,0.2225072674800952
/Users/juliusgraf/Learning-Market-Making/results/revision_v19/synthetic_rough_heston/dqn_seed7,synthetic_rough_heston,Synthetic,dqn,7,350,150,-93.51091443057584,4.249395196061964,3.9928625615912186,97.7603096266378,97.50377699216706,0.25653263447074526,8.451421039049016,3.842774294813474,2.4438912443775074,2.840516561210155
/Users/juliusgraf/Learning-Market-Making/results/revision_v19/synthetic_rough_heston/dqn_seed811,synthetic_rough_heston,Synthetic,dqn,811,600,400,-8.030590344308296,1.8101354290386598,1.067368845688478,9.840725773346955,9.097959189996773,0.7427665833501818,7.122493615964564,0.6291755254069963,1.862271100286855,0.09828436398940778
/Users/juliusgraf/Learning-Market-Making/results/revision_v19/synthetic_rough_heston/dqn_seed99,synthetic_rough_heston,Synthetic,dqn,99,500,300,-58.21024539796964,2.8044336048241134,2.37850605444208,61.014679002793756,60.58875145241172,0.42592755038203345,13.465951908959283,1.9277027594546476,2.0483398749356074,0.6948076539424557
/Users/juliusgraf/Learning-Market-Making/results/revision_v19/synthetic_rough_heston/sac_seed123,synthetic_rough_heston,Synthetic,sac,123,350,150,5.215820377652249,7.194391624142104,7.1692683475847145,1.9785712464898548,1.9534479699324656,0.025123276557389218,10.543880993669683,1.6129500870903333,2.8819981815684663,0.27813006971900656
/Users/juliusgraf/Learning-Market-Making/results/revision_v19/synthetic_rough_heston/sac_seed1618,synthetic_rough_heston,Synthetic,sac,1618,650,450,-0.8571700650724288,3.064253295722022,3.057561312487622,3.9214233607944506,3.914731377560051,0.006691983234399679,17.75269821711949,1.4434355994065602,2.9244903111990106,0.09433457704912866
/Users/juliusgraf/Learning-Market-Making/results/revision_v19/synthetic_rough_heston/sac_seed2024,synthetic_rough_heston,Synthetic,sac,2024,800,800,-0.5600733982201636,2.141316121567778,2.1413161215677774,2.7013895197879414,2.701389519787941,4.440892098500626e-16,10.583894690951784,0.3981921290357907,1.4079753929994607,0.10206906855230523
/Users/juliusgraf/Learning-Market-Making/results/revision_v19/synthetic_rough_heston/sac_seed2718,synthetic_rough_heston,Synthetic,sac,2718,800,700,3.6359426390328826,5.233410558161392,5.2248854784341265,1.5974679191285093,1.588942839401244,0.00852507972726535,8.130532924519029,0.3334412264327208,2.7764363010950763,0.05266767692565913
/Users/juliusgraf/Learning-Market-Making/results/revision_v19/synthetic_rough_heston/sac_seed314,synthetic_rough_heston,Synthetic,sac,314,800,750,7.0802997840024595,7.454689544550684,7.189251673187928,0.37438976054822426,0.10895188918546861,0.26543787136275565,9.16291209925776,1.0249508670220773,2.8803897941417853,0.1914327164199203
/Users/juliusgraf/Learning-Market-Making/results/revision_v19/synthetic_rough_heston/sac_seed42,synthetic_rough_heston,Synthetic,sac,42,750,550,-1.482879334624566,0.6209151408936018,0.58816751357962,2.1037944755181677,2.071046848204186,0.03274762731398173,9.569770349396599,1.7014709254105886,2.7189797938945297,0.16676050238559642
/Users/juliusgraf/Learning-Market-Making/results/revision_v19/synthetic_rough_heston/sac_seed577,synthetic_rough_heston,Synthetic,sac,577,800,750,6.084582036622846,8.946159267202178,8.78518367290595,2.861577230579332,2.7006016362831033,0.16097559429622876,11.662944671435234,3.153588448961576,2.522595165473588,0.34862689899032306
/Users/juliusgraf/Learning-Market-Making/results/revision_v19/synthetic_rough_heston/sac_seed7,synthetic_rough_heston,Synthetic,sac,7,800,800,1.6561085722606839,5.288255154720476,5.288255154720476,3.632146582459792,3.632146582459792,0.0,8.828715912131376,0.5522154577076434,2.0585867388132373,0.1722702643933395
/Users/juliusgraf/Learning-Market-Making/results/revision_v19/synthetic_rough_heston/sac_seed811,synthetic_rough_heston,Synthetic,sac,811,800,750,0.1718710499284346,1.427925913896413,1.2151176690377747,1.2560548639679785,1.0432466191093401,0.21280824485863836,7.507150556983017,0.4891592318813006,3.7444106887656408,0.10309997679044798
/Users/juliusgraf/Learning-Market-Making/results/revision_v19/synthetic_rough_heston/sac_seed99,synthetic_rough_heston,Synthetic,sac,99,650,450,0.19879631881909,3.5786012177918667,3.537646720509819,3.3798048989727767,3.338850401690729,0.0409544972820477,14.159322049882675,0.8364846557378768,2.318447628752847,0.07393786889811352
/Users/juliusgraf/Learning-Market-Making/results/revision_v19/synthetic_rough_heston/td3_seed123,synthetic_rough_heston,Synthetic,td3,123,650,450,5.887843569180951,8.065406442089825,7.782787156024233,2.177562872908874,1.894943586843282,0.28261928606559206,21.142648870294742,3.1748753612240157,4.923930501719695,0.30228285461167487
/Users/juliusgraf/Learning-Market-Making/results/revision_v19/synthetic_rough_heston/td3_seed1618,synthetic_rough_heston,Synthetic,td3,1618,800,750,-0.6135139394528395,4.134893863548567,3.981805088174045,4.748407803001406,4.595319027626885,0.1530887753745218,35.490472248622346,2.8946066975593565,4.860394376574231,0.12359359231467044
/Users/juliusgraf/Learning-Market-Making/results/revision_v19/synthetic_rough_heston/td3_seed2024,synthetic_rough_heston,Synthetic,td3,2024,800,800,-1.3659934629385075,2.198722618214792,2.198722618214792,3.5647160811532994,3.5647160811532994,0.0,21.200143530562116,1.2164094010988873,6.058408655672743,0.36890002548446255
/Users/juliusgraf/Learning-Market-Making/results/revision_v19/synthetic_rough_heston/td3_seed2718,synthetic_rough_heston,Synthetic,td3,2718,250,99,2.379394182375419,4.5373347875513055,4.13236033740474,2.1579406051758863,1.7529661550293207,0.4049744501465655,16.41076539283575,0.6489527828991412,7.620773937004601,0.1339065727603932
/Users/juliusgraf/Learning-Market-Making/results/revision_v19/synthetic_rough_heston/td3_seed314,synthetic_rough_heston,Synthetic,td3,314,800,750,6.637859111341827,6.797207088043399,6.293810753945457,0.15934797670157153,-0.3440483573963702,0.5033963340979417,18.29680631471717,1.5430862724781036,4.411500071848417,0.18005300307646388
/Users/juliusgraf/Learning-Market-Making/results/revision_v19/synthetic_rough_heston/td3_seed42,synthetic_rough_heston,Synthetic,td3,42,350,150,-2.232431246762873,1.221191178599676,0.8701894401609062,3.453622425362549,3.102620686923779,0.3510017384387699,19.26355587111579,3.598508314291636,6.650549025527319,0.47550571130712826
/Users/juliusgraf/Learning-Market-Making/results/revision_v19/synthetic_rough_heston/td3_seed577,synthetic_rough_heston,Synthetic,td3,577,800,750,6.215840827396212,8.773649538569456,8.682447927246798,2.5578087111732444,2.4666070998505862,0.09120161132265814,23.393644601870808,6.39243266582489,4.376608370416901,0.2768284408201773
/Users/juliusgraf/Learning-Market-Making/results/revision_v19/synthetic_rough_heston/td3_seed7,synthetic_rough_heston,Synthetic,td3,7,700,500,1.5629498040345597,4.008261069980447,3.8536332775889983,2.4453112659458878,2.290683473554439,0.15462779239144897,17.8167004252589,0.3787798176209131,4.421473616413109,0.1456889795971413
/Users/juliusgraf/Learning-Market-Making/results/revision_v19/synthetic_rough_heston/td3_seed811,synthetic_rough_heston,Synthetic,td3,811,400,200,-0.5396483914207673,1.5243842660920728,1.5170599160449518,2.06403265751284,2.056708307465719,0.007324350047120953,15.10615911716368,1.0018955190976462,7.043277850447408,0.3538541829660534
/Users/juliusgraf/Learning-Market-Making/results/revision_v19/synthetic_rough_heston/td3_seed99,synthetic_rough_heston,Synthetic,td3,99,800,700,0.1912520413568064,4.682332240932067,4.607431622265395,4.4910801995752605,4.416179580908588,0.07490061866667208,28.210726059807673,1.6715601106484732,6.506082501623663,0.2685475297023852
/Users/juliusgraf/Learning-Market-Making/results/revision_v19/synthetic_rough_heston__mechanism_economic_dense/ddpg__mechanism_economic_dense_seed123,synthetic_rough_heston__mechanism_economic_dense,Synthetic,ddpg,123,800,800,6.081532629053939,7.98690400203352,7.98690400203352,1.9053713729795811,1.9053713729795811,0.0,9.755692958831789,1.8701589037974675,2.4666740747345743,0.19025756613165135
/Users/juliusgraf/Learning-Market-Making/results/revision_v19/synthetic_rough_heston__mechanism_economic_dense/ddpg__mechanism_economic_dense_seed1618,synthetic_rough_heston__mechanism_economic_dense,Synthetic,ddpg,1618,450,250,0.26430339554039095,3.5610261409969945,3.147778988271793,3.2967227454566035,2.883475592731402,0.4132471527252015,16.757655947549,1.195556146899859,3.09294330535606,0.19854164626200987
/Users/juliusgraf/Learning-Market-Making/results/revision_v19/synthetic_rough_heston__mechanism_economic_dense/ddpg__mechanism_economic_dense_seed2024,synthetic_rough_heston__mechanism_economic_dense,Synthetic,ddpg,2024,350,150,-0.5745064702974196,1.3998373965188238,0.5709392217124607,1.9743438668162434,1.1454456920098803,0.8288981748063631,10.030984743221389,0.7256360838810602,2.03041906399836,0.2395960870211323
/Users/juliusgraf/Learning-Market-Making/results/revision_v19/synthetic_rough_heston__mechanism_economic_dense/ddpg__mechanism_economic_dense_seed2718,synthetic_rough_heston__mechanism_economic_dense,Synthetic,ddpg,2718,800,650,3.667242744805108,4.541691019402908,4.415973355763459,0.8744482745977997,0.7487306109583507,0.12571766363944903,7.447392541308736,0.3130452333639065,5.0523083091864445,0.032090492411827
/Users/juliusgraf/Learning-Market-Making/results/revision_v19/synthetic_rough_heston__mechanism_economic_dense/ddpg__mechanism_economic_dense_seed314,synthetic_rough_heston__mechanism_economic_dense,Synthetic,ddpg,314,800,800,7.151830350120332,9.424747004897203,9.424747004897203,2.2729166547768704,2.2729166547768704,0.0,8.51949583965799,0.7080167620132367,3.4819859080840825,0.21661567020167902
/Users/juliusgraf/Learning-Market-Making/results/revision_v19/synthetic_rough_heston__mechanism_economic_dense/ddpg__mechanism_economic_dense_seed42,synthetic_rough_heston__mechanism_economic_dense,Synthetic,ddpg,42,800,650,-0.3929192765537506,1.7316849823666949,1.7279409238978856,2.1246042589204457,2.120860200451636,0.0037440584688093193,8.98652172088623,2.286534176270167,3.637302134296592,0.31926031046609077
/Users/juliusgraf/Learning-Market-Making/results/revision_v19/synthetic_rough_heston__mechanism_economic_dense/ddpg__mechanism_economic_dense_seed577,synthetic_rough_heston__mechanism_economic_dense,Synthetic,ddpg,577,800,600,6.361790449504934,9.903191471732509,9.778250473156191,3.541401022227575,3.4164600236512577,0.12494099857631724,11.088045988327416,2.5802206605672837,2.257031757880831,0.2740293712814649
/Users/juliusgraf/Learning-Market-Making/results/revision_v19/synthetic_rough_heston__mechanism_economic_dense/ddpg__mechanism_economic_dense_seed7,synthetic_rough_heston__mechanism_economic_dense,Synthetic,ddpg,7,450,250,1.8039362707524655,3.691499446386512,3.456220890887332,1.8875631756340465,1.6522846201348664,0.2352785554991801,8.506972767585932,0.3038023855537176,2.7043999252331536,0.12042056018362438
/Users/juliusgraf/Learning-Market-Making/results/revision_v19/synthetic_rough_heston__mechanism_economic_dense/ddpg__mechanism_economic_dense_seed811,synthetic_rough_heston__mechanism_economic_dense,Synthetic,ddpg,811,600,400,1.2494910254645246,1.8274874332491597,1.7180941817252773,0.5779964077846351,0.46860315626075266,0.10939325152388246,6.913339370634498,0.579122531414032,3.2486293567580744,0.3014110332081714
/Users/juliusgraf/Learning-Market-Making/results/revision_v19/synthetic_rough_heston__mechanism_economic_dense/ddpg__mechanism_economic_dense_seed99,synthetic_rough_heston__mechanism_economic_dense,Synthetic,ddpg,99,500,300,1.1514858628168598,4.66817461252849,4.585897310298952,3.51668874971163,3.434411447482092,0.08227730222953777,13.224789492289226,1.8023008753856025,1.8566550272562694,0.2742518090978264
/Users/juliusgraf/Learning-Market-Making/results/revision_v19/synthetic_rough_heston__mechanism_economic_dense/dqn__mechanism_economic_dense_seed123,synthetic_rough_heston__mechanism_economic_dense,Synthetic,dqn,123,350,150,-2.9755376856006723,8.173533279518916,5.158497463114937,11.149070965119588,8.13403514871561,3.0150358164039783,9.906382246450946,1.6450742448369662,2.8098284734042016,0.6171984820365906
/Users/juliusgraf/Learning-Market-Making/results/revision_v19/synthetic_rough_heston__mechanism_economic_dense/dqn__mechanism_economic_dense_seed1618,synthetic_rough_heston__mechanism_economic_dense,Synthetic,dqn,1618,300,100,-31.82313417766181,2.5283170336701,1.260125966607747,34.35145121133191,33.08326014426956,1.268191067062353,17.138660648890905,7.464423585434755,4.338660723055235,3.3620708334247276
/Users/juliusgraf/Learning-Market-Making/results/revision_v19/synthetic_rough_heston__mechanism_economic_dense/dqn__mechanism_economic_dense_seed2024,synthetic_rough_heston__mechanism_economic_dense,Synthetic,dqn,2024,350,150,-44.07732813332516,0.9702530990863609,-0.3978026924891704,45.047581232411524,43.67952544083599,1.3680557915755314,10.198511497394458,8.917216392358144,2.617528943092429,5.28521728942295
/Users/juliusgraf/Learning-Market-Making/results/revision_v19/synthetic_rough_heston__mechanism_economic_dense/dqn__mechanism_economic_dense_seed2718,synthetic_rough_heston__mechanism_economic_dense,Synthetic,dqn,2718,350,150,-13.235880203224644,5.390248008047134,4.457521245389066,18.626128211271777,17.69340144861371,0.932726762658068,7.6371184393417,0.3923064485192299,3.4854299408530376,0.2535296346495548
/Users/juliusgraf/Learning-Market-Making/results/revision_v19/synthetic_rough_heston__mechanism_economic_dense/dqn__mechanism_economic_dense_seed314,synthetic_rough_heston__mechanism_economic_dense,Synthetic,dqn,314,400,200,2.3215747058617953,8.850577731332443,8.229868009195581,6.529003025470647,5.908293303333785,0.620709722136862,11.382747926210104,31.00140013496081,5.241853778689801,11.559578401193024
/Users/juliusgraf/Learning-Market-Making/results/revision_v19/synthetic_rough_heston__mechanism_economic_dense/dqn__mechanism_economic_dense_seed42,synthetic_rough_heston__mechanism_economic_dense,Synthetic,dqn,42,400,200,-57.586207448322966,0.5841881903656101,-1.4189557007804483,58.170395638688575,56.167251747542515,2.0031438911460584,9.813145097933315,33.63511702318986,4.604455093593246,17.66896979212761
/Users/juliusgraf/Learning-Market-Making/results/revision_v19/synthetic_rough_heston__mechanism_economic_dense/dqn__mechanism_economic_dense_seed577,synthetic_rough_heston__mechanism_economic_dense,Synthetic,dqn,577,400,200,-37.89325266832519,8.83054355562643,8.221179768584442,46.723796223951624,46.11443243690963,0.609363787041989,11.409144242604574,2.6790028154850005,2.316741001532927,0.7598506849855186
/Users/juliusgraf/Learning-Market-Making/results/revision_v19/synthetic_rough_heston__mechanism_economic_dense/dqn__mechanism_economic_dense_seed7,synthetic_rough_heston__mechanism_economic_dense,Synthetic,dqn,7,650,450,-94.16436773618429,5.459162988141333,4.806370531244131,99.62353072432562,98.97073826742842,0.6527924568972026,8.450093103009602,0.5162928154071172,1.588492735314286,0.14019190005833898
/Users/juliusgraf/Learning-Market-Making/results/revision_v19/synthetic_rough_heston__mechanism_economic_dense/dqn__mechanism_economic_dense_seed811,synthetic_rough_heston__mechanism_economic_dense,Synthetic,dqn,811,500,300,-7.95092632740051,1.8464568814872577,1.3121044234252568,9.797383208887767,9.263030750825767,0.5343524580620009,7.141523477507801,13.348532332976658,2.499773123750087,2.50618660997351
/Users/juliusgraf/Learning-Market-Making/results/revision_v19/synthetic_rough_heston__mechanism_economic_dense/dqn__mechanism_economic_dense_seed99,synthetic_rough_heston__mechanism_economic_dense,Synthetic,dqn,99,300,100,-57.81896752870363,3.7581733881958748,3.0892826183313784,61.57714091689951,60.90825014703501,0.6688907698644964,13.480660035875108,5.242350395520528,3.0960691111734286,2.881808860525488
/Users/juliusgraf/Learning-Market-Making/results/revision_v19/synthetic_rough_heston__mechanism_economic_dense/sac__mechanism_economic_dense_seed123,synthetic_rough_heston__mechanism_economic_dense,Synthetic,sac,123,350,150,5.723945763640784,7.794823815058184,7.690561576160245,2.0708780514173997,1.9666158125194606,0.10426223889793906,10.538127140565352,2.3348178416490555,3.88404426288185,0.3838885907431443
/Users/juliusgraf/Learning-Market-Making/results/revision_v19/synthetic_rough_heston__mechanism_economic_dense/sac__mechanism_economic_dense_seed1618,synthetic_rough_heston__mechanism_economic_dense,Synthetic,sac,1618,800,800,-1.3662265660157222,3.392231509894727,3.392231509894727,4.75845807591045,4.75845807591045,0.0,17.759845556531634,1.2925520519415536,3.2668737558838825,0.08985795399236178
/Users/juliusgraf/Learning-Market-Making/results/revision_v19/synthetic_rough_heston__mechanism_economic_dense/sac__mechanism_economic_dense_seed2024,synthetic_rough_heston__mechanism_economic_dense,Synthetic,sac,2024,800,800,-0.22094872989473968,2.569793158604605,2.569793158604605,2.790741888499345,2.790741888499345,0.0,10.589026360898403,2.4927178747951984,1.5752476328616618,0.19771371390670534
/Users/juliusgraf/Learning-Market-Making/results/revision_v19/synthetic_rough_heston__mechanism_economic_dense/sac__mechanism_economic_dense_seed2718,synthetic_rough_heston__mechanism_economic_dense,Synthetic,sac,2718,800,700,3.396248995732904,6.1313755692866145,5.895602230255836,2.7351265735537105,2.499353234522932,0.23577333903077857,8.14067421957504,0.7559962678079803,2.961119427850527,0.18122322025895113
/Users/juliusgraf/Learning-Market-Making/results/revision_v19/synthetic_rough_heston__mechanism_economic_dense/sac__mechanism_economic_dense_seed314,synthetic_rough_heston__mechanism_economic_dense,Synthetic,sac,314,400,200,7.303909621007757,7.197335323330273,6.631305968571859,-0.10657429767748461,-0.6726036524358978,0.5660293547584132,17.721141648847002,4.348971535762151,6.352882281166701,0.6412649191965659
/Users/juliusgraf/Learning-Market-Making/results/revision_v19/synthetic_rough_heston__mechanism_economic_dense/sac__mechanism_economic_dense_seed42,synthetic_rough_heston__mechanism_economic_dense,Synthetic,sac,42,750,550,-1.3443634918210274,1.3236257911320968,1.0679207403853377,2.6679892829531244,2.412284232206365,0.2557050507467591,14.653987662212268,4.830967347323894,4.481574350059469,0.43481385191778343
/Users/juliusgraf/Learning-Market-Making/results/revision_v19/synthetic_rough_heston__mechanism_economic_dense/sac__mechanism_economic_dense_seed577,synthetic_rough_heston__mechanism_economic_dense,Synthetic,sac,577,800,700,5.8503414961480225,9.189944253362558,8.889068420049435,3.3396027572145357,3.0387269239014127,0.30087583331312295,11.66224730320466,2.73125079870224,2.9305466860122866,0.45897951668500897
/Users/juliusgraf/Learning-Market-Making/results/revision_v19/synthetic_rough_heston__mechanism_economic_dense/sac__mechanism_economic_dense_seed7,synthetic_rough_heston__mechanism_economic_dense,Synthetic,sac,7,300,100,1.8602792313435814,3.6616123233909743,3.4553470125230517,1.801333092047393,1.5950677811794702,0.20626531086792266,8.832945712777072,0.3639792715509732,2.7235066959426693,0.06443563410763935
/Users/juliusgraf/Learning-Market-Making/results/revision_v19/synthetic_rough_heston__mechanism_economic_dense/sac__mechanism_economic_dense_seed811,synthetic_rough_heston__mechanism_economic_dense,Synthetic,sac,811,800,750,-0.11598731493177783,2.147794424747858,1.8539632455985295,2.2637817396796356,1.9699505605303074,0.29383117914932844,7.52248548879856,1.3309444536765416,3.3748506893549886,0.23655970570196708
/Users/juliusgraf/Learning-Market-Making/results/revision_v19/synthetic_rough_heston__mechanism_economic_dense/sac__mechanism_economic_dense_seed99,synthetic_rough_heston__mechanism_economic_dense,Synthetic,sac,99,800,750,1.7331313788021547,4.5377596409079635,4.3156651657848935,2.8046282621058087,2.5825337869827387,0.22209447512307,14.175618320041233,0.9335012520353,2.4745168565137927,0.13968241437027848
/Users/juliusgraf/Learning-Market-Making/results/revision_v19/synthetic_rough_heston__mechanism_economic_dense/td3__mechanism_economic_dense_seed123,synthetic_rough_heston__mechanism_economic_dense,Synthetic,td3,123,800,800,6.002047782994851,8.234039550292536,8.234039550292536,2.231991767297685,2.231991767297685,0.0,21.128709576346655,3.9809453368186953,4.516107490355941,0.28715856641530985
/Users/juliusgraf/Learning-Market-Making/results/revision_v19/synthetic_rough_heston__mechanism_economic_dense/td3__mechanism_economic_dense_seed1618,synthetic_rough_heston__mechanism_economic_dense,Synthetic,td3,1618,800,800,-0.8298285833369947,4.4692434224663184,4.4692434224663184,5.299072005803313,5.299072005803313,0.0,35.504502814156666,2.554304152727127,5.464328010777094,0.21280080331241083
/Users/juliusgraf/Learning-Market-Making/results/revision_v19/synthetic_rough_heston__mechanism_economic_dense/td3__mechanism_economic_dense_seed2024,synthetic_rough_heston__mechanism_economic_dense,Synthetic,td3,2024,800,750,-1.6732952092925024,2.2638475922392463,2.261813132162962,3.9371428015317487,3.9351083414554644,0.0020344600762842724,21.209506498800742,2.0070351243019102,5.906275747979427,0.5701707749962805
/Users/juliusgraf/Learning-Market-Making/results/revision_v19/synthetic_rough_heston__mechanism_economic_dense/td3__mechanism_economic_dense_seed2718,synthetic_rough_heston__mechanism_economic_dense,Synthetic,td3,2718,250,99,3.938488129239096,4.683696461549324,4.657327197096764,0.7452083323102285,0.7188390678576684,0.02636926445256016,16.426053557285044,1.2389261643091838,8.746695662504814,0.20969372781986986
/Users/juliusgraf/Learning-Market-Making/results/revision_v19/synthetic_rough_heston__mechanism_economic_dense/td3__mechanism_economic_dense_seed314,synthetic_rough_heston__mechanism_economic_dense,Synthetic,td3,314,350,150,7.292509219576713,5.949552273197758,5.588330076894354,-1.3429569463789548,-1.7041791426823591,0.36122219630340435,18.29744245695031,1.816294684012731,7.746300008574133,0.7585631364931663
/Users/juliusgraf/Learning-Market-Making/results/revision_v19/synthetic_rough_heston__mechanism_economic_dense/td3__mechanism_economic_dense_seed42,synthetic_rough_heston__mechanism_economic_dense,Synthetic,td3,42,800,750,-1.4730784347779673,2.0380962952668225,1.8538716924676513,3.5111747300447895,3.3269501272456186,0.1842246027991712,19.27613302071889,5.507573207219441,7.377387363908013,0.7737585065017143
/Users/juliusgraf/Learning-Market-Making/results/revision_v19/synthetic_rough_heston__mechanism_economic_dense/td3__mechanism_economic_dense_seed577,synthetic_rough_heston__mechanism_economic_dense,Synthetic,td3,577,800,700,7.188622625507646,8.56814270528417,8.389292713649867,1.3795200797765244,1.2006700881422212,0.17884999163430315,23.391269561571953,5.5380368034044904,5.042848286391737,0.5627695299287637
/Users/juliusgraf/Learning-Market-Making/results/revision_v19/synthetic_rough_heston__mechanism_economic_dense/td3__mechanism_economic_dense_seed7,synthetic_rough_heston__mechanism_economic_dense,Synthetic,td3,7,800,800,2.1508585107453713,4.197441184409643,4.197441184409643,2.0465826736642714,2.0465826736642714,0.0,17.814318923063055,5.25224488923947,4.777358821101572,1.9435183125237625
/Users/juliusgraf/Learning-Market-Making/results/revision_v19/synthetic_rough_heston__mechanism_economic_dense/td3__mechanism_economic_dense_seed811,synthetic_rough_heston__mechanism_economic_dense,Synthetic,td3,811,800,750,0.008244152858678078,1.8964934894095071,1.5185679427412762,1.888249336550829,1.510323789882598,0.37792554666823097,15.13502137253924,1.6360271086295446,7.188253575529407,0.43742888841032973
/Users/juliusgraf/Learning-Market-Making/results/revision_v19/synthetic_rough_heston__mechanism_economic_dense/td3__mechanism_economic_dense_seed99,synthetic_rough_heston__mechanism_economic_dense,Synthetic,td3,99,400,200,1.75469609997866,2.6126569670303748,1.5033828454825078,0.8579608670517147,-0.25131325449615227,1.109274121547867,28.24347275627984,1.7825302640597025,12.921603368178388,0.5670250016997258
/Users/juliusgraf/Learning-Market-Making/results/revision_v19/synthetic_rough_heston__mechanism_economic_sparse/ddpg__mechanism_economic_sparse_seed123,synthetic_rough_heston__mechanism_economic_sparse,Synthetic,ddpg,123,250,99,6.081532629053939,7.701379001792747,6.905144823032736,1.6198463727388077,0.8236121939787973,0.7962341787600105,77.90212217191369,85.09153073628744,4.22584902339399,7.2785408812624715
/Users/juliusgraf/Learning-Market-Making/results/revision_v19/synthetic_rough_heston__mechanism_economic_sparse/ddpg__mechanism_economic_sparse_seed1618,synthetic_rough_heston__mechanism_economic_sparse,Synthetic,ddpg,1618,250,99,0.26430339554039095,0.9581849681737651,-0.6000938734637746,0.6938815726333741,-0.8643972690041656,1.5582788416375397,121.99252170171494,147.28837801615398,5.070087960270098,11.219123320805531
/Users/juliusgraf/Learning-Market-Making/results/revision_v19/synthetic_rough_heston__mechanism_economic_sparse/ddpg__mechanism_economic_sparse_seed2024,synthetic_rough_heston__mechanism_economic_sparse,Synthetic,ddpg,2024,250,99,-0.5745064702974196,-0.2006074472289895,-3.9810613425083505,0.37389902306843015,-3.406554872210931,3.780453895279361,82.87223440891988,115.31537683109444,4.268467735764053,11.230230060326555
/Users/juliusgraf/Learning-Market-Making/results/revision_v19/synthetic_rough_heston__mechanism_economic_sparse/ddpg__mechanism_economic_sparse_seed2718,synthetic_rough_heston__mechanism_economic_sparse,Synthetic,ddpg,2718,400,200,3.667242744805108,3.63259732991021,2.3393117916030084,-0.03464541489489825,-1.3279309532020998,1.2932855383072015,75.51284677155164,109.12037409941355,5.90093716399559,3.0509342691165706
/Users/juliusgraf/Learning-Market-Making/results/revision_v19/synthetic_rough_heston__mechanism_economic_sparse/ddpg__mechanism_economic_sparse_seed314,synthetic_rough_heston__mechanism_economic_sparse,Synthetic,ddpg,314,800,750,7.151830350120332,8.080915532915961,7.660395790203943,0.929085182795629,0.5085654400836104,0.42051974271201864,82.96894528991298,76.6023847679297,1.8818432031996333,1.2730398677513004
/Users/juliusgraf/Learning-Market-Making/results/revision_v19/synthetic_rough_heston__mechanism_economic_sparse/ddpg__mechanism_economic_sparse_seed42,synthetic_rough_heston__mechanism_economic_sparse,Synthetic,ddpg,42,400,200,-0.3929192765537506,-1.3666805735393082,-3.111684241825799,-0.9737612969855576,-2.7187649652720483,1.7450036682864907,98.17886734008789,208.02146616776784,3.2691138033564315,10.770366933107375
/Users/juliusgraf/Learning-Market-Making/results/revision_v19/synthetic_rough_heston__mechanism_economic_sparse/ddpg__mechanism_economic_sparse_seed577,synthetic_rough_heston__mechanism_economic_sparse,Synthetic,ddpg,577,350,150,6.361790449504934,7.520002628002144,4.683906415119908,1.1582121784972106,-1.677884034385026,2.8360962128822367,91.49297961734588,91.3051614145438,2.6739227184634675,6.07955545125405
/Users/juliusgraf/Learning-Market-Making/results/revision_v19/synthetic_rough_heston__mechanism_economic_sparse/ddpg__mechanism_economic_sparse_seed7,synthetic_rough_heston__mechanism_economic_sparse,Synthetic,ddpg,7,400,200,1.8039362707524655,3.0836117757281736,-0.9610535665834776,1.279675504975708,-2.764989837335943,4.044665342311651,79.81701992539799,156.82449894944827,2.258739281024924,6.627156924054026
/Users/juliusgraf/Learning-Market-Making/results/revision_v19/synthetic_rough_heston__mechanism_economic_sparse/ddpg__mechanism_economic_sparse_seed811,synthetic_rough_heston__mechanism_economic_sparse,Synthetic,ddpg,811,400,200,1.2494910254645246,-1.41902475858043,-2.6430092557285407,-2.6685157840449545,-3.8925002811930653,1.2239844971481106,85.7697925900304,117.4704567193985,3.502842504544562,6.119315611702699
/Users/juliusgraf/Learning-Market-Making/results/revision_v19/synthetic_rough_heston__mechanism_economic_sparse/ddpg__mechanism_economic_sparse_seed99,synthetic_rough_heston__mechanism_economic_sparse,Synthetic,ddpg,99,300,100,1.1514858628168598,2.9714761188864665,0.7131275089553867,1.8199902560696066,-0.43835835386147315,2.2583486099310797,77.0958917027428,96.4675408065319,4.320587681922496,5.9994972665657595
/Users/juliusgraf/Learning-Market-Making/results/revision_v19/synthetic_rough_heston__mechanism_economic_sparse/dqn__mechanism_economic_sparse_seed123,synthetic_rough_heston__mechanism_economic_sparse,Synthetic,dqn,123,350,150,-2.9755376856006723,4.315149968118993,-0.3042020518416974,7.290687653719665,2.671335633758975,4.61935201996069,77.80985415854106,84.15339714785416,3.458162341122648,7.258663006563981
/Users/juliusgraf/Learning-Market-Making/results/revision_v19/synthetic_rough_heston__mechanism_economic_sparse/dqn__mechanism_economic_sparse_seed1618,synthetic_rough_heston__mechanism_economic_sparse,Synthetic,dqn,1618,300,100,-31.82313417766181,1.2951397836518728,-1.7338765053706164,33.11827396131368,30.089257672291193,3.029016289022489,120.88524705935748,149.1275686264038,4.4400489490465445,9.431720970441898
/Users/juliusgraf/Learning-Market-Making/results/revision_v19/synthetic_rough_heston__mechanism_economic_sparse/dqn__mechanism_economic_sparse_seed2024,synthetic_rough_heston__mechanism_economic_sparse,Synthetic,dqn,2024,300,100,-44.07732813332516,-1.3459529279688884,-6.918122858099277,42.73137520535627,37.15920527522589,5.572169930130389,83.76348835713155,117.4496638039748,3.9659045034565863,10.481914098091423
/Users/juliusgraf/Learning-Market-Making/results/revision_v19/synthetic_rough_heston__mechanism_economic_sparse/dqn__mechanism_economic_sparse_seed2718,synthetic_rough_heston__mechanism_economic_sparse,Synthetic,dqn,2718,250,99,-13.235880203224644,5.113373466596812,0.3810004695014701,18.349253669821458,13.616880672726115,4.732372997095342,74.98794486571332,108.74808602531752,4.26768691204303,6.852744611072044
/Users/juliusgraf/Learning-Market-Making/results/revision_v19/synthetic_rough_heston__mechanism_economic_sparse/dqn__mechanism_economic_sparse_seed314,synthetic_rough_heston__mechanism_economic_sparse,Synthetic,dqn,314,800,750,2.3215747058617953,9.13236167954549,8.768121111649016,6.810786973683694,6.44654640578722,0.3642405678964735,82.32918881115161,77.56744295756022,2.128205094282238,1.5117887194901707
/Users/juliusgraf/Learning-Market-Making/results/revision_v19/synthetic_rough_heston__mechanism_economic_sparse/dqn__mechanism_economic_sparse_seed42,synthetic_rough_heston__mechanism_economic_sparse,Synthetic,dqn,42,400,200,-57.586207448322966,-0.6021178111096757,-3.07865689555004,56.98408963721329,54.507550552772926,2.4765390844403643,98.62586212158205,208.9182404299577,4.029655638287706,12.339871085132163
/Users/juliusgraf/Learning-Market-Making/results/revision_v19/synthetic_rough_heston__mechanism_economic_sparse/dqn__mechanism_economic_sparse_seed577,synthetic_rough_heston__mechanism_economic_sparse,Synthetic,dqn,577,300,100,-37.89325266832519,8.288336108953182,5.044301782536397,46.18158877727837,42.93755445086158,3.2440343264167844,91.85142266182672,92.14184356133143,2.3822982581674568,6.894124971494079
/Users/juliusgraf/Learning-Market-Making/results/revision_v19/synthetic_rough_heston__mechanism_economic_sparse/dqn__mechanism_economic_sparse_seed7,synthetic_rough_heston__mechanism_economic_sparse,Synthetic,dqn,7,250,99,-94.16436773618429,2.885488185286385,-1.5204413172859226,97.04985592147068,92.64392641889836,4.405929502572308,79.02085520239437,157.16143864492577,3.6454234568303603,12.467700693731507
/Users/juliusgraf/Learning-Market-Making/results/revision_v19/synthetic_rough_heston__mechanism_economic_sparse/dqn__mechanism_economic_sparse_seed811,synthetic_rough_heston__mechanism_economic_sparse,Synthetic,dqn,811,300,100,-7.95092632740051,1.4650580184658009,-0.9069599581510126,9.415984345866312,7.043966369249498,2.3720179766168137,86.46006224876227,120.99757257699966,3.9082569779528455,7.741104672548672
/Users/juliusgraf/Learning-Market-Making/results/revision_v19/synthetic_rough_heston__mechanism_economic_sparse/dqn__mechanism_economic_sparse_seed99,synthetic_rough_heston__mechanism_economic_sparse,Synthetic,dqn,99,500,300,-57.81896752870363,3.3327359627740596,3.0368078376482,61.15170349147769,60.85577536635183,0.2959281251258594,76.45351123809814,98.34150910004973,2.1820062610132074,3.4636886868079504
/Users/juliusgraf/Learning-Market-Making/results/revision_v19/synthetic_rough_heston__mechanism_economic_sparse/sac__mechanism_economic_sparse_seed123,synthetic_rough_heston__mechanism_economic_sparse,Synthetic,sac,123,350,150,5.723945763640784,6.2750923345319345,5.824900088237296,0.5511465708911505,0.1009543245965121,0.4501922462946384,80.82263526916503,85.0835508187612,5.876638220062559,3.6239231516371166
/Users/juliusgraf/Learning-Market-Making/results/revision_v19/synthetic_rough_heston__mechanism_economic_sparse/sac__mechanism_economic_sparse_seed1618,synthetic_rough_heston__mechanism_economic_sparse,Synthetic,sac,1618,800,800,-1.3662265660157222,2.6528224529752493,2.6528224529752493,4.019049018990971,4.019049018990971,0.0,121.7942586556459,147.7200564066569,2.9786676148471893,0.7561447501505414
/Users/juliusgraf/Learning-Market-Making/results/revision_v19/synthetic_rough_heston__mechanism_economic_sparse/sac__mechanism_economic_sparse_seed2024,synthetic_rough_heston__mechanism_economic_sparse,Synthetic,sac,2024,400,200,-0.22094872989473968,0.4918099895791088,-0.8454229723565277,0.7127587194738485,-0.6244742424617881,1.3372329619356367,84.28256723043081,117.4230748400092,3.5301319726438725,1.780362890953819
/Users/juliusgraf/Learning-Market-Making/results/revision_v19/synthetic_rough_heston__mechanism_economic_sparse/sac__mechanism_economic_sparse_seed2718,synthetic_rough_heston__mechanism_economic_sparse,Synthetic,sac,2718,300,100,3.396248995732904,4.035950277380124,1.271358926702132,0.6397012816472198,-2.124890069030772,2.7645913506779918,77.42379077599973,109.97562134464582,6.839583283422573,1.8674592357079185
/Users/juliusgraf/Learning-Market-Making/results/revision_v19/synthetic_rough_heston__mechanism_economic_sparse/sac__mechanism_economic_sparse_seed314,synthetic_rough_heston__mechanism_economic_sparse,Synthetic,sac,314,450,250,7.303909621007757,7.493819289650435,7.0988405526219935,0.18990966864267822,-0.20506906838576366,0.3949787370284419,85.06113396372113,77.5508203347524,6.401199255498529,1.988828661983833
/Users/juliusgraf/Learning-Market-Making/results/revision_v19/synthetic_rough_heston__mechanism_economic_sparse/sac__mechanism_economic_sparse_seed42,synthetic_rough_heston__mechanism_economic_sparse,Synthetic,sac,42,800,800,-1.3443634918210274,1.5007877386491224,1.5007877386491224,2.84515123047015,2.84515123047015,0.0,98.29225564002991,208.6536197324594,2.595801562223457,2.569959223475307
/Users/juliusgraf/Learning-Market-Making/results/revision_v19/synthetic_rough_heston__mechanism_economic_sparse/sac__mechanism_economic_sparse_seed577,synthetic_rough_heston__mechanism_economic_sparse,Synthetic,sac,577,350,150,5.8503414961480225,6.840544368656166,6.637480611668451,0.990202872508144,0.7871391155204286,0.2030637569877154,91.3316308430263,92.97242465217909,4.827793854334717,3.3789432518730558
/Users/juliusgraf/Learning-Market-Making/results/revision_v19/synthetic_rough_heston__mechanism_economic_sparse/sac__mechanism_economic_sparse_seed7,synthetic_rough_heston__mechanism_economic_sparse,Synthetic,sac,7,250,99,1.8602792313435814,2.2687868437196235,1.3639726528463227,0.40850761237604205,-0.4963065784972587,0.9048141908733007,80.73848492958966,159.092008266598,7.2412998270656885,5.177551137474676
/Users/juliusgraf/Learning-Market-Making/results/revision_v19/synthetic_rough_heston__mechanism_economic_sparse/sac__mechanism_economic_sparse_seed811,synthetic_rough_heston__mechanism_economic_sparse,Synthetic,sac,811,800,750,-0.11598731493177783,2.605266491957787,2.234333062477189,2.721253806889565,2.350320377408967,0.3709334294805977,87.63428747931192,120.70335581501324,2.6382991815253525,0.5981702807620167
/Users/juliusgraf/Learning-Market-Making/results/revision_v19/synthetic_rough_heston__mechanism_economic_sparse/sac__mechanism_economic_sparse_seed99,synthetic_rough_heston__mechanism_economic_sparse,Synthetic,sac,99,800,750,1.7331313788021547,4.560103177023086,4.27132777593633,2.826971798220931,2.538196397134175,0.28877540108675603,78.62987019902184,97.54814374198517,2.217457752254642,0.4720043060171107
/Users/juliusgraf/Learning-Market-Making/results/revision_v19/synthetic_rough_heston__mechanism_economic_sparse/td3__mechanism_economic_sparse_seed123,synthetic_rough_heston__mechanism_economic_sparse,Synthetic,td3,123,800,800,6.002047782994851,6.550243424562752,6.550243424562752,0.5481956415679008,0.5481956415679008,0.0,164.01324653625488,174.79722480773927,7.018850939904948,4.250506525208553
/Users/juliusgraf/Learning-Market-Making/results/revision_v19/synthetic_rough_heston__mechanism_economic_sparse/td3__mechanism_economic_sparse_seed1618,synthetic_rough_heston__mechanism_economic_sparse,Synthetic,td3,1618,250,99,-0.8298285833369947,-0.38915721144763826,-0.4163955184993274,0.44067137188935646,0.41343306483766734,0.027238307051689115,243.61935928540353,299.68323071797687,27.18951224677473,20.21266593501965
/Users/juliusgraf/Learning-Market-Making/results/revision_v19/synthetic_rough_heston__mechanism_economic_sparse/td3__mechanism_economic_sparse_seed2024,synthetic_rough_heston__mechanism_economic_sparse,Synthetic,td3,2024,350,150,-1.6732952092925024,0.18498921741636432,-0.8206295405156963,1.8582844267088667,0.8526656687768062,1.0056187579320606,168.50811672210693,284.6796002070109,12.902114902000807,16.812994446198147
/Users/juliusgraf/Learning-Market-Making/results/revision_v19/synthetic_rough_heston__mechanism_economic_sparse/td3__mechanism_economic_sparse_seed2718,synthetic_rough_heston__mechanism_economic_sparse,Synthetic,td3,2718,250,99,3.938488129239096,4.438798398154924,2.920881209113751,0.5003102689158285,-1.017606920125345,1.5179171890411736,154.75784862284758,221.6328491056959,22.711847403743015,11.05503548801442
/Users/juliusgraf/Learning-Market-Making/results/revision_v19/synthetic_rough_heston__mechanism_economic_sparse/td3__mechanism_economic_sparse_seed314,synthetic_rough_heston__mechanism_economic_sparse,Synthetic,td3,314,800,800,7.292509219576713,7.881683848008828,7.881683848008829,0.5891746284321151,0.589174628432116,-8.881784197001252e-16,168.77627508980888,155.20223049521445,8.503142513314923,3.960723291185995
/Users/juliusgraf/Learning-Market-Making/results/revision_v19/synthetic_rough_heston__mechanism_economic_sparse/td3__mechanism_economic_sparse_seed42,synthetic_rough_heston__mechanism_economic_sparse,Synthetic,td3,42,350,150,-1.4730784347779673,0.08681955723163681,-0.999833902639752,1.559897992009604,0.47324453213821527,1.0866534598713888,197.06964230537417,420.96921375890565,13.627591034630717,27.85889473996063
/Users/juliusgraf/Learning-Market-Making/results/revision_v19/synthetic_rough_heston__mechanism_economic_sparse/td3__mechanism_economic_sparse_seed577,synthetic_rough_heston__mechanism_economic_sparse,Synthetic,td3,577,550,350,7.188622625507646,7.762723321933043,7.727707458179326,0.574100696425397,0.53908483267168,0.035015863753717014,182.5054118292672,187.27183911999063,9.610011994919,7.8066276339491205
/Users/juliusgraf/Learning-Market-Making/results/revision_v19/synthetic_rough_heston__mechanism_economic_sparse/td3__mechanism_economic_sparse_seed7,synthetic_rough_heston__mechanism_economic_sparse,Synthetic,td3,7,800,700,2.1508585107453713,4.5414571366204495,3.9915424927989047,2.390598625875078,1.8406839820535335,0.5499146438215448,161.60263751534853,319.2324086780349,7.594639188280321,6.172438975860676
/Users/juliusgraf/Learning-Market-Making/results/revision_v19/synthetic_rough_heston__mechanism_economic_sparse/td3__mechanism_economic_sparse_seed811,synthetic_rough_heston__mechanism_economic_sparse,Synthetic,td3,811,550,350,0.008244152858678078,0.7274676382775949,-0.6024240470433319,0.7192234854189168,-0.6106681999020099,1.3298916853209266,176.40232815853386,278.2055495917797,10.367533591864968,9.410404529889426
/Users/juliusgraf/Learning-Market-Making/results/revision_v19/synthetic_rough_heston__mechanism_economic_sparse/td3__mechanism_economic_sparse_seed99,synthetic_rough_heston__mechanism_economic_sparse,Synthetic,td3,99,250,99,1.75469609997866,-5.99736887458728,-6.33991179537219,-7.75206497456594,-8.094607895350851,0.34254292078491044,156.68048195611863,195.78103729784488,45.80986920275639,26.317177882353466
/Users/juliusgraf/Learning-Market-Making/results/revision_v19/synthetic_rough_heston__mechanism_fixed_anchor/ddpg__mechanism_fixed_anchor_seed123,synthetic_rough_heston__mechanism_fixed_anchor,Synthetic,ddpg,123,800,800,6.081532629053939,8.16190187040846,8.16190187040846,2.0803692413545214,2.0803692413545214,0.0,9.763444326140664,1.8874773035446804,2.5362118228015382,0.18618452232331034
/Users/juliusgraf/Learning-Market-Making/results/revision_v19/synthetic_rough_heston__mechanism_fixed_anchor/ddpg__mechanism_fixed_anchor_seed1618,synthetic_rough_heston__mechanism_fixed_anchor,Synthetic,ddpg,1618,650,450,0.26430339554039095,3.3569528288911252,2.728611571255745,3.092649433350734,2.4643081757153538,0.6283412576353804,16.745122800554547,1.1962334136168162,2.7710634041132955,0.23663551075011488
/Users/juliusgraf/Learning-Market-Making/results/revision_v19/synthetic_rough_heston__mechanism_fixed_anchor/ddpg__mechanism_fixed_anchor_seed2024,synthetic_rough_heston__mechanism_fixed_anchor,Synthetic,ddpg,2024,350,150,-0.5745064702974196,1.269509469533427,0.2045958197503767,1.8440159398308467,0.7791022900477963,1.0649136497830503,10.02903314538904,0.7297664771477381,2.084259483698985,0.24920929681509726
/Users/juliusgraf/Learning-Market-Making/results/revision_v19/synthetic_rough_heston__mechanism_fixed_anchor/ddpg__mechanism_fixed_anchor_seed2718,synthetic_rough_heston__mechanism_fixed_anchor,Synthetic,ddpg,2718,250,99,3.667242744805108,4.213533241974144,4.187477298455318,0.5462904971690357,0.5202345536502095,0.02605594351882612,7.447061294733091,0.3138200520227352,4.631143550160361,0.045022294821838484
/Users/juliusgraf/Learning-Market-Making/results/revision_v19/synthetic_rough_heston__mechanism_fixed_anchor/ddpg__mechanism_fixed_anchor_seed314,synthetic_rough_heston__mechanism_fixed_anchor,Synthetic,ddpg,314,800,800,7.151830350120332,9.672715632980989,9.672715632980989,2.5208852828606565,2.5208852828606565,0.0,8.518070780712625,0.698268627623717,3.2265831920041994,0.27241376247008636
/Users/juliusgraf/Learning-Market-Making/results/revision_v19/synthetic_rough_heston__mechanism_fixed_anchor/ddpg__mechanism_fixed_anchor_seed42,synthetic_rough_heston__mechanism_fixed_anchor,Synthetic,ddpg,42,250,99,-0.3929192765537506,1.0736590028569741,0.9614289864862506,1.4665782794107247,1.3543482630400012,0.1122300163707235,8.97804077466329,2.3012320627768834,3.273357556258049,0.38632110618551574
/Users/juliusgraf/Learning-Market-Making/results/revision_v19/synthetic_rough_heston__mechanism_fixed_anchor/ddpg__mechanism_fixed_anchor_seed577,synthetic_rough_heston__mechanism_fixed_anchor,Synthetic,ddpg,577,800,800,6.361790449504934,8.816655157042266,8.816655157042266,2.4548647075373324,2.4548647075373324,0.0,11.088672478993734,2.5803657790025074,2.788647748607285,0.4144207433859507
/Users/juliusgraf/Learning-Market-Making/results/revision_v19/synthetic_rough_heston__mechanism_fixed_anchor/ddpg__mechanism_fixed_anchor_seed7,synthetic_rough_heston__mechanism_fixed_anchor,Synthetic,ddpg,7,350,150,1.8039362707524655,3.784565087292467,3.6618191681104153,1.9806288165400017,1.8578828973579498,0.12274591918205191,8.510206289069597,0.520883039633433,2.2004501789464204,0.22176761895914868
/Users/juliusgraf/Learning-Market-Making/results/revision_v19/synthetic_rough_heston__mechanism_fixed_anchor/ddpg__mechanism_fixed_anchor_seed811,synthetic_rough_heston__mechanism_fixed_anchor,Synthetic,ddpg,811,800,800,1.2494910254645246,1.7187544991731398,1.7187544991731398,0.4692634737086152,0.4692634737086152,0.0,6.896637416467434,0.7091248666246732,3.4109993901283913,0.3280225555499394
/Users/juliusgraf/Learning-Market-Making/results/revision_v19/synthetic_rough_heston__mechanism_fixed_anchor/ddpg__mechanism_fixed_anchor_seed99,synthetic_rough_heston__mechanism_fixed_anchor,Synthetic,ddpg,99,250,99,1.1514858628168598,4.137559880661767,3.456975222327813,2.9860740178449072,2.305489359510953,0.6805846583339541,13.208913654751248,0.8622848222653071,2.470074386872289,0.25626449509461713
/Users/juliusgraf/Learning-Market-Making/results/revision_v19/synthetic_rough_heston__mechanism_fixed_anchor/dqn__mechanism_fixed_anchor_seed123,synthetic_rough_heston__mechanism_fixed_anchor,Synthetic,dqn,123,350,150,-2.9755376856006723,8.232091743835166,5.245281759720832,11.207629429435839,8.220819445321505,2.986809984114334,9.913196097720752,1.6470692078272502,3.0249581040834297,0.8778388308733702
/Users/juliusgraf/Learning-Market-Making/results/revision_v19/synthetic_rough_heston__mechanism_fixed_anchor/dqn__mechanism_fixed_anchor_seed1618,synthetic_rough_heston__mechanism_fixed_anchor,Synthetic,dqn,1618,500,300,-31.82313417766181,1.6127920102764635,1.4790785505171815,33.43592618793827,33.30221272817899,0.13371345975928195,17.133409241267614,5.870763377348582,2.9438397815906,0.8403643661364913
/Users/juliusgraf/Learning-Market-Making/results/revision_v19/synthetic_rough_heston__mechanism_fixed_anchor/dqn__mechanism_fixed_anchor_seed2024,synthetic_rough_heston__mechanism_fixed_anchor,Synthetic,dqn,2024,400,200,-44.07732813332516,0.4303034052469239,-0.5455151341028898,44.507631538572085,43.53181299922227,0.9758185393498137,10.195832948426943,6.751668411990007,2.619842678346468,3.2548979193319876
/Users/juliusgraf/Learning-Market-Making/results/revision_v19/synthetic_rough_heston__mechanism_fixed_anchor/dqn__mechanism_fixed_anchor_seed2718,synthetic_rough_heston__mechanism_fixed_anchor,Synthetic,dqn,2718,400,200,-13.235880203224644,5.344372074312719,5.005555437436523,18.58025227753736,18.241435640661166,0.3388166368761967,7.634032593217007,0.4901246907810369,3.231174634432626,0.3409490116536616
/Users/juliusgraf/Learning-Market-Making/results/revision_v19/synthetic_rough_heston__mechanism_fixed_anchor/dqn__mechanism_fixed_anchor_seed314,synthetic_rough_heston__mechanism_fixed_anchor,Synthetic,dqn,314,650,450,2.3215747058617953,8.537734946729934,8.32285209694477,6.216160240868138,6.001277391082974,0.21488284978516425,12.385209441184998,25.529233978688715,3.1846049068410065,5.162179629561803
/Users/juliusgraf/Learning-Market-Making/results/revision_v19/synthetic_rough_heston__mechanism_fixed_anchor/dqn__mechanism_fixed_anchor_seed42,synthetic_rough_heston__mechanism_fixed_anchor,Synthetic,dqn,42,400,200,-57.586207448322966,1.024132416566759,-1.5597872734168343,58.610339864889724,56.02642017490613,2.5839196899835932,10.373336970806122,33.7941556652387,4.311624988104271,11.095081349119544
/Users/juliusgraf/Learning-Market-Making/results/revision_v19/synthetic_rough_heston__mechanism_fixed_anchor/dqn__mechanism_fixed_anchor_seed577,synthetic_rough_heston__mechanism_fixed_anchor,Synthetic,dqn,577,550,350,-37.89325266832519,8.154930794652643,7.9716675689134675,46.04818346297783,45.86492023723866,0.18326322573917508,11.410278503711409,2.6787576228380203,1.966384374884972,0.9130885352293651
/Users/juliusgraf/Learning-Market-Making/results/revision_v19/synthetic_rough_heston__mechanism_fixed_anchor/dqn__mechanism_fixed_anchor_seed7,synthetic_rough_heston__mechanism_fixed_anchor,Synthetic,dqn,7,700,500,-94.16436773618429,5.093537791034513,4.900310512755297,99.2579055272188,99.06467824893959,0.19322727827921593,8.453141129294107,0.7577776779731114,1.6385701080003516,0.14611447127660113
/Users/juliusgraf/Learning-Market-Making/results/revision_v19/synthetic_rough_heston__mechanism_fixed_anchor/dqn__mechanism_fixed_anchor_seed811,synthetic_rough_heston__mechanism_fixed_anchor,Synthetic,dqn,811,500,300,-7.95092632740051,2.2325641276160484,1.4773172781550956,10.183490455016559,9.428243605555606,0.7552468494609528,7.122328816390619,13.179867179195089,2.579733427220042,3.948268021007379
/Users/juliusgraf/Learning-Market-Making/results/revision_v19/synthetic_rough_heston__mechanism_fixed_anchor/dqn__mechanism_fixed_anchor_seed99,synthetic_rough_heston__mechanism_fixed_anchor,Synthetic,dqn,99,600,400,-57.81896752870363,3.4557511309642424,3.176327984324434,61.274718659667876,60.99529551302807,0.2794231466398083,13.466215536329482,5.767920144399008,2.2199198274919136,2.077429208829999
/Users/juliusgraf/Learning-Market-Making/results/revision_v19/synthetic_rough_heston__mechanism_fixed_anchor/sac__mechanism_fixed_anchor_seed123,synthetic_rough_heston__mechanism_fixed_anchor,Synthetic,sac,123,350,150,5.723945763640784,7.971964292012151,7.72888339934069,2.248018528371367,2.004937635699906,0.24308089267146116,10.543872573158955,2.371735925475756,3.949746092383488,0.4918667815799514
/Users/juliusgraf/Learning-Market-Making/results/revision_v19/synthetic_rough_heston__mechanism_fixed_anchor/sac__mechanism_fixed_anchor_seed1618,synthetic_rough_heston__mechanism_fixed_anchor,Synthetic,sac,1618,500,300,-1.3662265660157222,2.772629474097985,2.7647604199264983,4.138856040113708,4.13098698594222,0.007869054171486756,17.754111112867083,1.2948783785104752,3.623754659143424,0.15614954725777105
/Users/juliusgraf/Learning-Market-Making/results/revision_v19/synthetic_rough_heston__mechanism_fixed_anchor/sac__mechanism_fixed_anchor_seed2024,synthetic_rough_heston__mechanism_fixed_anchor,Synthetic,sac,2024,800,750,-0.22094872989473968,2.5639360498166095,2.5205964276685995,2.784884779711349,2.741545157563339,0.043339622148010015,10.583778755084888,2.245889466504256,1.773579139978473,0.2624842157363891
/Users/juliusgraf/Learning-Market-Making/results/revision_v19/synthetic_rough_heston__mechanism_fixed_anchor/sac__mechanism_fixed_anchor_seed2718,synthetic_rough_heston__mechanism_fixed_anchor,Synthetic,sac,2718,800,700,3.396248995732904,5.716569506714963,5.715761429661779,2.320320510982059,2.3195124339288746,0.0008080770531844195,8.131163159082103,0.6992590520530939,3.126158340664219,0.18282830844695364
/Users/juliusgraf/Learning-Market-Making/results/revision_v19/synthetic_rough_heston__mechanism_fixed_anchor/sac__mechanism_fixed_anchor_seed314,synthetic_rough_heston__mechanism_fixed_anchor,Synthetic,sac,314,400,200,7.303909621007757,7.20552519102041,6.513089602645426,-0.09838442998734731,-0.7908200183623313,0.692435588374984,16.658722306406776,3.6585154419143993,5.848524293118961,0.6154064072867234
/Users/juliusgraf/Learning-Market-Making/results/revision_v19/synthetic_rough_heston__mechanism_fixed_anchor/sac__mechanism_fixed_anchor_seed42,synthetic_rough_heston__mechanism_fixed_anchor,Synthetic,sac,42,750,550,-1.3443634918210274,1.2628880033098422,0.9884211447669856,2.6072514951308694,2.332784636588013,0.2744668585428566,15.836090629165238,5.0917634725570675,4.380270001144019,0.4491958771422505
/Users/juliusgraf/Learning-Market-Making/results/revision_v19/synthetic_rough_heston__mechanism_fixed_anchor/sac__mechanism_fixed_anchor_seed577,synthetic_rough_heston__mechanism_fixed_anchor,Synthetic,sac,577,750,550,5.8503414961480225,8.987673477190203,8.696764305312579,3.1373319810421805,2.8464228091645563,0.2909091718776242,11.663128204834766,2.731919637322426,3.147690914846188,0.4113795397778352
/Users/juliusgraf/Learning-Market-Making/results/revision_v19/synthetic_rough_heston__mechanism_fixed_anchor/sac__mechanism_fixed_anchor_seed7,synthetic_rough_heston__mechanism_fixed_anchor,Synthetic,sac,7,300,100,1.8602792313435814,3.8826475802722307,3.3015765888971176,2.0223683489286493,1.4412973575535362,0.5810709913751131,8.832476876502813,0.3664651835958163,2.574221309198902,0.06501892059793071
/Users/juliusgraf/Learning-Market-Making/results/revision_v19/synthetic_rough_heston__mechanism_fixed_anchor/sac__mechanism_fixed_anchor_seed811,synthetic_rough_heston__mechanism_fixed_anchor,Synthetic,sac,811,800,700,-0.11598731493177783,2.0683087932316866,1.7210596155033242,2.1842961081634646,1.837046930435102,0.3472491777283624,7.761400088667869,1.4251426349083582,3.847047328224991,0.29715343602250016
/Users/juliusgraf/Learning-Market-Making/results/revision_v19/synthetic_rough_heston__mechanism_fixed_anchor/sac__mechanism_fixed_anchor_seed99,synthetic_rough_heston__mechanism_fixed_anchor,Synthetic,sac,99,650,450,1.7331313788021547,4.307749890949589,4.26892781593703,2.5746185121474343,2.535796437134875,0.03882207501255941,14.160031414031982,0.9199454436699548,3.076674004205405,0.15223884046822783
/Users/juliusgraf/Learning-Market-Making/results/revision_v19/synthetic_rough_heston__mechanism_fixed_anchor/td3__mechanism_fixed_anchor_seed123,synthetic_rough_heston__mechanism_fixed_anchor,Synthetic,td3,123,650,450,6.002047782994851,8.547344036697446,7.932644283977476,2.5452962537025945,1.9305965009826247,0.6146997527199698,21.142651081085205,3.979067301750183,4.947132530672925,0.4355118748346964
/Users/juliusgraf/Learning-Market-Making/results/revision_v19/synthetic_rough_heston__mechanism_fixed_anchor/td3__mechanism_fixed_anchor_seed1618,synthetic_rough_heston__mechanism_fixed_anchor,Synthetic,td3,1618,600,400,-0.8298285833369947,4.072955041247226,3.1764331707113937,4.902783624584221,4.0062617540483885,0.8965218705358327,35.49109913962228,2.557587828238805,6.088499760098583,0.30316251266251
/Users/juliusgraf/Learning-Market-Making/results/revision_v19/synthetic_rough_heston__mechanism_fixed_anchor/td3__mechanism_fixed_anchor_seed2024,synthetic_rough_heston__mechanism_fixed_anchor,Synthetic,td3,2024,550,350,-1.6732952092925024,2.265301713346088,1.920894642798014,3.9385969226385904,3.5941898520905164,0.34440707054807396,21.200084969804095,5.717996511856715,8.42142575417717,1.1227866382698217
/Users/juliusgraf/Learning-Market-Making/results/revision_v19/synthetic_rough_heston__mechanism_fixed_anchor/td3__mechanism_fixed_anchor_seed2718,synthetic_rough_heston__mechanism_fixed_anchor,Synthetic,td3,2718,800,650,3.938488129239096,6.349596635300884,6.256378365742586,2.411108506061788,2.3178902365034904,0.0932182695582977,16.41080190969068,1.2945335924625396,6.174996228962431,0.1422529536783695
/Users/juliusgraf/Learning-Market-Making/results/revision_v19/synthetic_rough_heston__mechanism_fixed_anchor/td3__mechanism_fixed_anchor_seed314,synthetic_rough_heston__mechanism_fixed_anchor,Synthetic,td3,314,400,200,7.292509219576713,6.629084872780491,6.5544838648500505,-0.663424346796222,-0.7380253547266626,0.07460100793044067,18.296874751215395,2.261655026922623,6.912295971903279,0.709779470346868
/Users/juliusgraf/Learning-Market-Making/results/revision_v19/synthetic_rough_heston__mechanism_fixed_anchor/td3__mechanism_fixed_anchor_seed42,synthetic_rough_heston__mechanism_fixed_anchor,Synthetic,td3,42,550,350,-1.4730784347779673,1.7237903695926242,1.7053851579213797,3.1968688043705917,3.178463592699347,0.018405211671244537,19.263524770736694,5.549691899617513,8.09937579999912,0.9108437821964422
/Users/juliusgraf/Learning-Market-Making/results/revision_v19/synthetic_rough_heston__mechanism_fixed_anchor/td3__mechanism_fixed_anchor_seed577,synthetic_rough_heston__mechanism_fixed_anchor,Synthetic,td3,577,800,700,7.188622625507646,8.78816873857982,8.691190323450973,1.599546113072174,1.5025676979433271,0.09697841512884686,23.39351108746651,5.538692462444305,5.010991720488925,0.4445016942073901
/Users/juliusgraf/Learning-Market-Making/results/revision_v19/synthetic_rough_heston__mechanism_fixed_anchor/td3__mechanism_fixed_anchor_seed7,synthetic_rough_heston__mechanism_fixed_anchor,Synthetic,td3,7,700,500,2.1508585107453713,4.578306799550634,4.531763268730083,2.427448288805263,2.380904757984712,0.04654353082055085,17.817578637322715,3.0909142225980757,4.295067003358962,1.0393897764484086
/Users/juliusgraf/Learning-Market-Making/results/revision_v19/synthetic_rough_heston__mechanism_fixed_anchor/td3__mechanism_fixed_anchor_seed811,synthetic_rough_heston__mechanism_fixed_anchor,Synthetic,td3,811,700,500,0.008244152858678078,1.5199532250889143,1.0737896029955185,1.5117090722302362,1.0655454501368404,0.4461636220933958,15.105749409373214,1.8615601787964504,7.250754015033499,0.5497224163959423
/Users/juliusgraf/Learning-Market-Making/results/revision_v19/synthetic_rough_heston__mechanism_fixed_anchor/td3__mechanism_fixed_anchor_seed99,synthetic_rough_heston__mechanism_fixed_anchor,Synthetic,td3,99,800,800,1.75469609997866,4.849004480353916,4.849004480353916,3.0943083803752556,3.0943083803752556,0.0,28.210749287075465,1.774648767709732,7.717216201045014,0.3695708354016145
/Users/juliusgraf/Learning-Market-Making/results/revision_v19/synthetic_rough_heston__mechanism_h_feature_off/ddpg__mechanism_h_feature_off_seed123,synthetic_rough_heston__mechanism_h_feature_off,Synthetic,ddpg,123,350,150,6.208764717349178,6.973468096736981,6.158192216841032,0.7647033793878029,-0.05057250050814588,0.8152758798959487,9.728354172273116,1.7544217338164647,2.7906030074019657,0.1953528784886002
/Users/juliusgraf/Learning-Market-Making/results/revision_v19/synthetic_rough_heston__mechanism_h_feature_off/ddpg__mechanism_h_feature_off_seed1618,synthetic_rough_heston__mechanism_h_feature_off,Synthetic,ddpg,1618,450,250,0.09545405091791903,3.563937562397378,3.037860297460689,3.468483511479459,2.9424062465427703,0.5260772649366889,17.041989953177318,1.1891539166371028,3.2284109106355756,0.24900825916975733
/Users/juliusgraf/Learning-Market-Making/results/revision_v19/synthetic_rough_heston__mechanism_h_feature_off/ddpg__mechanism_h_feature_off_seed2024,synthetic_rough_heston__mechanism_h_feature_off,Synthetic,ddpg,2024,350,150,-0.6339671502413883,-1.0362231350326296,-1.860319467646308,-0.40225598479124136,-1.2263523174049196,0.8240963326136783,9.925730969454792,1.068614184608062,2.715814342055584,0.5528953067411978
/Users/juliusgraf/Learning-Market-Making/results/revision_v19/synthetic_rough_heston__mechanism_h_feature_off/ddpg__mechanism_h_feature_off_seed2718,synthetic_rough_heston__mechanism_h_feature_off,Synthetic,ddpg,2718,800,800,3.847793530252118,5.363583790604513,5.363583790604513,1.5157902603523947,1.5157902603523947,0.0,7.362534467564074,0.3185165743033091,4.459927594903607,0.04365021361969406
/Users/juliusgraf/Learning-Market-Making/results/revision_v19/synthetic_rough_heston__mechanism_h_feature_off/ddpg__mechanism_h_feature_off_seed314,synthetic_rough_heston__mechanism_h_feature_off,Synthetic,ddpg,314,250,99,7.130269045287276,6.889324713465868,5.913568227800008,-0.2409443318214084,-1.2167008174872684,0.97575648566586,8.469765227773916,0.8913184647758801,3.372012588396564,0.2808482165932655
/Users/juliusgraf/Learning-Market-Making/results/revision_v19/synthetic_rough_heston__mechanism_h_feature_off/ddpg__mechanism_h_feature_off_seed42,synthetic_rough_heston__mechanism_h_feature_off,Synthetic,ddpg,42,400,200,-0.5848392881355711,0.10549253408547776,-0.4988910786343701,0.6903318222210488,0.08594820950120097,0.6043836127198479,8.981435716152191,2.3028216948111853,3.750010557341533,0.3841975953802466
/Users/juliusgraf/Learning-Market-Making/results/revision_v19/synthetic_rough_heston__mechanism_h_feature_off/ddpg__mechanism_h_feature_off_seed577,synthetic_rough_heston__mechanism_h_feature_off,Synthetic,ddpg,577,800,750,6.579858574617929,9.423846700934305,9.389099071412499,2.8439881263163764,2.80924049679457,0.034747629521806545,11.151877806736874,2.6865535279115043,2.8988238185363953,0.34800383286178105
/Users/juliusgraf/Learning-Market-Making/results/revision_v19/synthetic_rough_heston__mechanism_h_feature_off/ddpg__mechanism_h_feature_off_seed7,synthetic_rough_heston__mechanism_h_feature_off,Synthetic,ddpg,7,700,500,1.8111516673070978,4.301826785035809,4.250616762054042,2.490675117728711,2.4394650947469443,0.05121002298176691,8.534575512242872,0.4063146252185106,2.666315846858361,0.16342344407240547
/Users/juliusgraf/Learning-Market-Making/results/revision_v19/synthetic_rough_heston__mechanism_h_feature_off/ddpg__mechanism_h_feature_off_seed811,synthetic_rough_heston__mechanism_h_feature_off,Synthetic,ddpg,811,400,200,1.0992884948960209,1.2647262933976948,1.1133377061464138,0.16543779850167395,0.014049211250392935,0.15138858725128101,6.874971110646317,3.3576202228665353,3.4176748289620975,0.4376552388270696
/Users/juliusgraf/Learning-Market-Making/results/revision_v19/synthetic_rough_heston__mechanism_h_feature_off/ddpg__mechanism_h_feature_off_seed99,synthetic_rough_heston__mechanism_h_feature_off,Synthetic,ddpg,99,250,99,1.0725241355801969,3.221496217137559,2.5403014286124987,2.1489720815573623,1.4677772930323019,0.6811947885250604,13.253277375962998,0.8405074308315913,2.2931682960183575,0.09940071510026849
/Users/juliusgraf/Learning-Market-Making/results/revision_v19/synthetic_rough_heston__mechanism_h_feature_off/dqn__mechanism_h_feature_off_seed123,synthetic_rough_heston__mechanism_h_feature_off,Synthetic,dqn,123,350,150,-3.418765533134258,8.447246609637089,6.6560055039486485,11.866012142771346,10.074771037082908,1.7912411056884405,9.881343635645779,1.6735051304101944,2.9334368374657007,0.7976098586395381
/Users/juliusgraf/Learning-Market-Making/results/revision_v19/synthetic_rough_heston__mechanism_h_feature_off/dqn__mechanism_h_feature_off_seed1618,synthetic_rough_heston__mechanism_h_feature_off,Synthetic,dqn,1618,350,150,-35.273984172700814,2.4726646756700337,2.037741261649707,37.746648848370846,37.31172543435052,0.43492341402032686,17.416453960963658,7.259438749154409,3.7575413571504557,2.9875110460321106
/Users/juliusgraf/Learning-Market-Making/results/revision_v19/synthetic_rough_heston__mechanism_h_feature_off/dqn__mechanism_h_feature_off_seed2024,synthetic_rough_heston__mechanism_h_feature_off,Synthetic,dqn,2024,350,150,-45.89552314836736,0.23784111825908616,-1.200735037300534,46.133364266626444,44.69478811106683,1.4385761555596202,10.108502104475692,7.556493255496026,2.6172667576303708,4.187571844324469
/Users/juliusgraf/Learning-Market-Making/results/revision_v19/synthetic_rough_heston__mechanism_h_feature_off/dqn__mechanism_h_feature_off_seed2718,synthetic_rough_heston__mechanism_h_feature_off,Synthetic,dqn,2718,250,99,-13.570102894356758,5.101554119210176,4.563739656613301,18.671657013566936,18.13384255097006,0.5378144625968755,7.607481712518736,0.5155570005377133,4.074416830962819,0.3491934110869963
/Users/juliusgraf/Learning-Market-Making/results/revision_v19/synthetic_rough_heston__mechanism_h_feature_off/dqn__mechanism_h_feature_off_seed314,synthetic_rough_heston__mechanism_h_feature_off,Synthetic,dqn,314,500,300,1.199925794580536,8.82930941192274,7.8876189059267166,7.629383617342204,6.687693111346181,0.9416905059960232,13.07239443063736,28.825275025765105,4.049108245994637,7.9540285759692395
/Users/juliusgraf/Learning-Market-Making/results/revision_v19/synthetic_rough_heston__mechanism_h_feature_off/dqn__mechanism_h_feature_off_seed42,synthetic_rough_heston__mechanism_h_feature_off,Synthetic,dqn,42,450,250,-51.754808566519195,1.4464743550282575,0.3451527301084307,53.20128292154745,52.099961296627626,1.1013216249198268,9.220852951208748,23.367588461438817,4.69387174310659,10.803335404351353
/Users/juliusgraf/Learning-Market-Making/results/revision_v19/synthetic_rough_heston__mechanism_h_feature_off/dqn__mechanism_h_feature_off_seed577,synthetic_rough_heston__mechanism_h_feature_off,Synthetic,dqn,577,350,150,-39.21806010149167,8.376473547981275,8.136156710738152,47.59453364947295,47.35421681222982,0.2403168372431228,11.348651653681046,2.9303664123018582,3.0598385471079297,1.5134013593643902
/Users/juliusgraf/Learning-Market-Making/results/revision_v19/synthetic_rough_heston__mechanism_h_feature_off/dqn__mechanism_h_feature_off_seed7,synthetic_rough_heston__mechanism_h_feature_off,Synthetic,dqn,7,500,300,-101.06693812309058,5.208456503782729,4.873974213975361,106.27539462687331,105.94091233706594,0.3344822898073687,8.554064573243608,0.4734967636565367,2.0294574767060842,0.24779205419247344
/Users/juliusgraf/Learning-Market-Making/results/revision_v19/synthetic_rough_heston__mechanism_h_feature_off/dqn__mechanism_h_feature_off_seed811,synthetic_rough_heston__mechanism_h_feature_off,Synthetic,dqn,811,600,400,-8.276776242978453,1.3155598973044405,0.9613153481856715,9.592336140282894,9.238091591164125,0.3542445491187689,8.68665451322283,10.813380734125774,2.5410392538483864,2.2823786037837466
/Users/juliusgraf/Learning-Market-Making/results/revision_v19/synthetic_rough_heston__mechanism_h_feature_off/dqn__mechanism_h_feature_off_seed99,synthetic_rough_heston__mechanism_h_feature_off,Synthetic,dqn,99,650,450,-59.73207039827662,3.6848802722814016,3.1579417482605505,63.41695067055802,62.89001214653717,0.5269385240208511,13.486113431718614,4.417610830068588,2.0173422487113357,0.7586202355014781
/Users/juliusgraf/Learning-Market-Making/results/revision_v19/synthetic_rough_heston__mechanism_h_feature_off/sac__mechanism_h_feature_off_seed123,synthetic_rough_heston__mechanism_h_feature_off,Synthetic,sac,123,350,150,5.920613775341691,7.523739230666076,7.259927825074758,1.6031254553243857,1.3393140497330673,0.2638114055913183,10.535214890133252,2.3391031583150226,4.245754410200061,0.40694936643789204
/Users/juliusgraf/Learning-Market-Making/results/revision_v19/synthetic_rough_heston__mechanism_h_feature_off/sac__mechanism_h_feature_off_seed1618,synthetic_rough_heston__mechanism_h_feature_off,Synthetic,sac,1618,650,450,-1.225427425099741,4.470426127129421,4.32649694681546,5.695853552229162,5.551924371915201,0.14392918031396018,17.739305673326765,1.2935748974482215,3.190963664070588,0.11196051259090499
/Users/juliusgraf/Learning-Market-Making/results/revision_v19/synthetic_rough_heston__mechanism_h_feature_off/sac__mechanism_h_feature_off_seed2024,synthetic_rough_heston__mechanism_h_feature_off,Synthetic,sac,2024,400,200,-0.11004238631613783,1.9777415230202406,1.5315387619786076,2.0877839093363786,1.6415811482947453,0.44620276104163303,10.581669607677975,2.008868946880102,2.8428786264384964,0.3877761915822823
/Users/juliusgraf/Learning-Market-Making/results/revision_v19/synthetic_rough_heston__mechanism_h_feature_off/sac__mechanism_h_feature_off_seed2718,synthetic_rough_heston__mechanism_h_feature_off,Synthetic,sac,2718,800,800,3.469412332221928,6.084594086862111,6.084594086862111,2.6151817546401834,2.6151817546401834,0.0,8.133798687957054,0.6369655277580023,3.06606204918525,0.14976904730933405
/Users/juliusgraf/Learning-Market-Making/results/revision_v19/synthetic_rough_heston__mechanism_h_feature_off/sac__mechanism_h_feature_off_seed314,synthetic_rough_heston__mechanism_h_feature_off,Synthetic,sac,314,400,200,7.252543794045813,5.924695721139338,5.777608860783541,-1.327848072906475,-1.474934933262272,0.1470868603557971,19.50187054068543,4.835898048430681,7.432414582518493,0.9093654567574461
/Users/juliusgraf/Learning-Market-Making/results/revision_v19/synthetic_rough_heston__mechanism_h_feature_off/sac__mechanism_h_feature_off_seed42,synthetic_rough_heston__mechanism_h_feature_off,Synthetic,sac,42,500,300,-1.43341471826889,1.0855360222343755,0.8553808891871707,2.5189507405032656,2.288795607456061,0.2301551330472048,16.267294219561986,3.8376755391558017,5.238196436311381,0.6388602714414398
/Users/juliusgraf/Learning-Market-Making/results/revision_v19/synthetic_rough_heston__mechanism_h_feature_off/sac__mechanism_h_feature_off_seed577,synthetic_rough_heston__mechanism_h_feature_off,Synthetic,sac,577,800,750,5.740941777277076,9.248999839962519,8.996112620616405,3.5080580626854427,3.2551708433393287,0.252887219346114,11.666481531583344,4.744411536306143,3.463579260794545,0.8520867047359545
/Users/juliusgraf/Learning-Market-Making/results/revision_v19/synthetic_rough_heston__mechanism_h_feature_off/sac__mechanism_h_feature_off_seed7,synthetic_rough_heston__mechanism_h_feature_off,Synthetic,sac,7,800,750,1.870814503157088,5.303629041083125,5.272386280020575,3.4328145379260375,3.401571776863487,0.031242761062550528,8.839509997256966,0.3857380541662375,1.9881855782679605,0.16196228492384154
/Users/juliusgraf/Learning-Market-Making/results/revision_v19/synthetic_rough_heston__mechanism_h_feature_off/sac__mechanism_h_feature_off_seed811,synthetic_rough_heston__mechanism_h_feature_off,Synthetic,sac,811,800,650,0.01485809258152293,1.7465106552279517,1.3604325141412998,1.7316525626464288,1.345574421559777,0.38607814108665184,7.52470685214531,0.9223759599030018,3.2425999385978,0.25830076427012677
/Users/juliusgraf/Learning-Market-Making/results/revision_v19/synthetic_rough_heston__mechanism_h_feature_off/sac__mechanism_h_feature_off_seed99,synthetic_rough_heston__mechanism_h_feature_off,Synthetic,sac,99,800,700,1.8581231775884266,4.4057204082051875,4.377624514954875,2.547597230616761,2.5195013373664485,0.028095893250312365,14.17276905907525,2.980845212439696,2.346411179312965,0.10402197089108324
/Users/juliusgraf/Learning-Market-Making/results/revision_v19/synthetic_rough_heston__mechanism_h_feature_off/td3__mechanism_h_feature_off_seed123,synthetic_rough_heston__mechanism_h_feature_off,Synthetic,td3,123,800,800,6.22561008598073,8.337670894165703,8.337670894165703,2.1120608081849728,2.1120608081849728,0.0,21.12017477642406,3.934239959716797,4.5903674187588885,0.24534322983771553
/Users/juliusgraf/Learning-Market-Making/results/revision_v19/synthetic_rough_heston__mechanism_h_feature_off/td3__mechanism_h_feature_off_seed1618,synthetic_rough_heston__mechanism_h_feature_off,Synthetic,td3,1618,650,450,-0.4046879576753093,3.8763535855135105,3.0432775243037655,4.28104154318882,3.447965481979075,0.833076061209745,35.4634642464774,2.5634693364302317,4.972990296391156,0.32653539613137633
/Users/juliusgraf/Learning-Market-Making/results/revision_v19/synthetic_rough_heston__mechanism_h_feature_off/td3__mechanism_h_feature_off_seed2024,synthetic_rough_heston__mechanism_h_feature_off,Synthetic,td3,2024,600,400,-1.7144943782385949,1.4683676767356706,1.1460222048235589,3.182862054974265,2.8605165830621537,0.3223454719121117,21.191941751016152,2.5186952779690426,6.685028678021473,0.7873526227027178
/Users/juliusgraf/Learning-Market-Making/results/revision_v19/synthetic_rough_heston__mechanism_h_feature_off/td3__mechanism_h_feature_off_seed2718,synthetic_rough_heston__mechanism_h_feature_off,Synthetic,td3,2718,300,100,4.143542043493092,4.737949809935696,4.253884152413305,0.594407766442604,0.11034210892021346,0.4840656575223905,16.422236653261407,0.6755876436829567,8.065005258075644,0.20366664268945647
/Users/juliusgraf/Learning-Market-Making/results/revision_v19/synthetic_rough_heston__mechanism_h_feature_off/td3__mechanism_h_feature_off_seed314,synthetic_rough_heston__mechanism_h_feature_off,Synthetic,td3,314,400,200,7.23593521982762,7.092482480031664,6.428326143170356,-0.14345273979595596,-0.8076090766572639,0.6641563368613079,18.31577730178833,1.952915996561448,6.993786022216012,0.6126600195144615
/Users/juliusgraf/Learning-Market-Making/results/revision_v19/synthetic_rough_heston__mechanism_h_feature_off/td3__mechanism_h_feature_off_seed42,synthetic_rough_heston__mechanism_h_feature_off,Synthetic,td3,42,450,250,-1.709308850089248,1.235366669585103,0.9442040204204996,2.944675519674351,2.6535128705097475,0.29116264916460355,19.360283825132584,5.618562787771225,10.177426935630555,1.0851204115053017
/Users/juliusgraf/Learning-Market-Making/results/revision_v19/synthetic_rough_heston__mechanism_h_feature_off/td3__mechanism_h_feature_off_seed577,synthetic_rough_heston__mechanism_h_feature_off,Synthetic,td3,577,800,700,7.152979255335888,8.470335422698238,5.868028980351783,1.31735616736235,-1.284950274984105,2.602306442346455,23.411792730673767,5.561754894256592,8.1701608998994,1.249824202577273
/Users/juliusgraf/Learning-Market-Making/results/revision_v19/synthetic_rough_heston__mechanism_h_feature_off/td3__mechanism_h_feature_off_seed7,synthetic_rough_heston__mechanism_h_feature_off,Synthetic,td3,7,250,99,1.9436421963965098,3.8873164436369785,3.6843466118545174,1.9436742472404687,1.7407044154580076,0.20296983178246109,17.779605133588923,1.92972917954127,6.3140565648807305,0.7383867994050185
/Users/juliusgraf/Learning-Market-Making/results/revision_v19/synthetic_rough_heston__mechanism_h_feature_off/td3__mechanism_h_feature_off_seed811,synthetic_rough_heston__mechanism_h_feature_off,Synthetic,td3,811,400,200,0.12092586919597026,0.5999220418776876,0.5790781074087836,0.47899617268171735,0.45815223821281337,0.02084393446890398,15.12166009298185,1.4237692922353744,9.619647172247932,0.7963542087872822
/Users/juliusgraf/Learning-Market-Making/results/revision_v19/synthetic_rough_heston__mechanism_h_feature_off/td3__mechanism_h_feature_off_seed99,synthetic_rough_heston__mechanism_h_feature_off,Synthetic,td3,99,800,700,1.8071788793013583,4.600397578058624,4.413293049762899,2.793218698757266,2.6061141704615407,0.1871045282957251,28.273401938544374,3.1522631883621215,8.094388459161395,0.34186322831114135
/Users/juliusgraf/Learning-Market-Making/results/revision_v19/synthetic_rough_heston__no_auction/ddpg__no_auction_seed123,synthetic_rough_heston__no_auction,Synthetic,ddpg,123,700,500,6.323459334556505,6.828271116673917,6.642405555246324,0.5048117821174118,0.3189462206898188,0.18586556142759303,9.38532310182398,,2.6884606945564333,
/Users/juliusgraf/Learning-Market-Making/results/revision_v19/synthetic_rough_heston__no_auction/ddpg__no_auction_seed1618,synthetic_rough_heston__no_auction,Synthetic,ddpg,1618,450,250,-0.23937835230486249,3.1354943858772613,2.1329430065737545,3.3748727381821237,2.372321358878617,1.0025513793035068,18.155588967459543,,2.1901357058196407,
/Users/juliusgraf/Learning-Market-Making/results/revision_v19/synthetic_rough_heston__no_auction/ddpg__no_auction_seed2024,synthetic_rough_heston__no_auction,Synthetic,ddpg,2024,350,150,-0.33292429006154045,-0.2792997878234577,-0.969115777437638,0.05362450223808274,-0.6361914873760975,0.6898159896141802,9.641607303877132,,2.0668829365839074,
/Users/juliusgraf/Learning-Market-Making/results/revision_v19/synthetic_rough_heston__no_auction/ddpg__no_auction_seed2718,synthetic_rough_heston__no_auction,Synthetic,ddpg,2718,800,600,3.939168638075148,5.152181745887708,5.005507938977064,1.2130131078125599,1.066339300901916,0.1466738069106439,7.318181908407877,,2.8888670719037743,
/Users/juliusgraf/Learning-Market-Making/results/revision_v19/synthetic_rough_heston__no_auction/ddpg__no_auction_seed314,synthetic_rough_heston__no_auction,Synthetic,ddpg,314,800,700,7.210125053613786,7.512046176057891,7.081740346297354,0.30192112244410474,-0.1283847073164317,0.43030582976053644,8.476274355598118,,1.789925942195905,
/Users/juliusgraf/Learning-Market-Making/results/revision_v19/synthetic_rough_heston__no_auction/ddpg__no_auction_seed42,synthetic_rough_heston__no_auction,Synthetic,ddpg,42,250,81,-1.0378283452911172,-0.7042305638341024,-0.907195616720646,0.3335977814570148,0.13063272857047126,0.20296505288654354,9.003732522328695,,3.0496021838434473,
/Users/juliusgraf/Learning-Market-Making/results/revision_v19/synthetic_rough_heston__no_auction/ddpg__no_auction_seed577,synthetic_rough_heston__no_auction,Synthetic,ddpg,577,800,800,7.045443495364019,7.4597489936282875,7.459748993628288,0.41430549826426866,0.41430549826426954,-8.881784197001252e-16,11.167642520024229,,2.0836181044142146,
/Users/juliusgraf/Learning-Market-Making/results/revision_v19/synthetic_rough_heston__no_auction/ddpg__no_auction_seed7,synthetic_rough_heston__no_auction,Synthetic,ddpg,7,500,300,2.0862175047319766,3.6955854625351328,3.611122668032422,1.6093679578031561,1.5249051633004456,0.08446279450271055,8.27868366241455,,2.2589741821156664,
/Users/juliusgraf/Learning-Market-Making/results/revision_v19/synthetic_rough_heston__no_auction/ddpg__no_auction_seed811,synthetic_rough_heston__no_auction,Synthetic,ddpg,811,800,750,0.5590406794089062,1.2116918246157256,1.0843915290449355,0.6526511452068193,0.5253508496360293,0.12730029557079003,6.842442210127667,,2.677808731580072,
/Users/juliusgraf/Learning-Market-Making/results/revision_v19/synthetic_rough_heston__no_auction/ddpg__no_auction_seed99,synthetic_rough_heston__no_auction,Synthetic,ddpg,99,250,80,1.924143868238473,2.257341987309286,2.2004833702939357,0.3331981190708131,0.27633950205546265,0.05685861701535044,12.605671893225775,,2.6275370026624376,
/Users/juliusgraf/Learning-Market-Making/results/revision_v19/synthetic_rough_heston__no_auction/dqn__no_auction_seed123,synthetic_rough_heston__no_auction,Synthetic,dqn,123,800,800,-3.420413556694843,8.00797170585259,8.00797170585259,11.428385262547433,11.428385262547433,0.0,9.545499487356704,,1.2528454035205465,
/Users/juliusgraf/Learning-Market-Making/results/revision_v19/synthetic_rough_heston__no_auction/dqn__no_auction_seed1618,synthetic_rough_heston__no_auction,Synthetic,dqn,1618,250,81,-35.83575290570949,3.2089526101304733,2.9522039723905027,39.044705515839965,38.78795687809999,0.2567486377399706,18.55128549848284,,2.3695839610720637,
/Users/juliusgraf/Learning-Market-Making/results/revision_v19/synthetic_rough_heston__no_auction/dqn__no_auction_seed2024,synthetic_rough_heston__no_auction,Synthetic,dqn,2024,250,81,-45.91919528081684,-0.5215156818805233,-6.45916991609989,45.397679598936314,39.46002536471695,5.937654234219367,9.815073805886346,,2.501039769018761,
/Users/juliusgraf/Learning-Market-Making/results/revision_v19/synthetic_rough_heston__no_auction/dqn__no_auction_seed2718,synthetic_rough_heston__no_auction,Synthetic,dqn,2718,250,81,-19.77396480165661,3.6392974572980923,3.106176854766545,23.413262258954703,22.880141656423156,0.5331206025315471,7.564852453941524,,3.340590051315406,
/Users/juliusgraf/Learning-Market-Making/results/revision_v19/synthetic_rough_heston__no_auction/dqn__no_auction_seed314,synthetic_rough_heston__no_auction,Synthetic,dqn,314,650,450,1.7647243961331118,8.114663483857372,7.0668309356493335,6.349939087724261,5.302106539516222,1.0478325482080386,8.70640198044155,,1.45070414880222,
/Users/juliusgraf/Learning-Market-Making/results/revision_v19/synthetic_rough_heston__no_auction/dqn__no_auction_seed42,synthetic_rough_heston__no_auction,Synthetic,dqn,42,350,150,-51.19092999038671,-0.11792709861087625,-0.1567527993702049,51.07300289177583,51.034177191016504,0.038825700759328646,9.21739994155036,,2.2449627559549175,
/Users/juliusgraf/Learning-Market-Making/results/revision_v19/synthetic_rough_heston__no_auction/dqn__no_auction_seed577,synthetic_rough_heston__no_auction,Synthetic,dqn,577,800,650,-40.45253320692459,9.252093392260953,9.208205346384304,49.704626599185545,49.660738553308896,0.04388804587664907,11.36086918757512,,1.248739756493023,
/Users/juliusgraf/Learning-Market-Making/results/revision_v19/synthetic_rough_heston__no_auction/dqn__no_auction_seed7,synthetic_rough_heston__no_auction,Synthetic,dqn,7,350,150,-84.76422062973145,3.399116861367614,2.949009424091059,88.16333749109907,87.71323005382251,0.450107437276555,8.265826973804208,,1.6390505382515743,
/Users/juliusgraf/Learning-Market-Making/results/revision_v19/synthetic_rough_heston__no_auction/dqn__no_auction_seed811,synthetic_rough_heston__no_auction,Synthetic,dqn,811,300,100,-7.722747399583172,0.38060740935405035,0.1175590978952803,8.103354808937222,7.840306497478452,0.26304831145877006,7.016980287505359,,1.8238150641729494,
/Users/juliusgraf/Learning-Market-Making/results/revision_v19/synthetic_rough_heston__no_auction/dqn__no_auction_seed99,synthetic_rough_heston__no_auction,Synthetic,dqn,99,350,150,-61.41928480195514,2.7369501425990777,1.9863466313491456,64.15623494455423,63.405631433304286,0.7506035112499321,12.86022285885281,,1.5945227410275769,
/Users/juliusgraf/Learning-Market-Making/results/revision_v19/synthetic_rough_heston__no_auction/sac__no_auction_seed123,synthetic_rough_heston__no_auction,Synthetic,sac,123,800,800,6.323459334556505,7.165298064155582,7.165298064155582,0.8418387295990772,0.8418387295990772,0.0,10.25263663855466,,2.1866258253974236,
/Users/juliusgraf/Learning-Market-Making/results/revision_v19/synthetic_rough_heston__no_auction/sac__no_auction_seed1618,synthetic_rough_heston__no_auction,Synthetic,sac,1618,750,550,-0.23937835230486249,3.54398343758185,3.3612115195587817,3.7833617898867127,3.600589871863644,0.18277191802306847,19.056805760519847,,2.1992565318328188,
/Users/juliusgraf/Learning-Market-Making/results/revision_v19/synthetic_rough_heston__no_auction/sac__no_auction_seed2024,synthetic_rough_heston__no_auction,Synthetic,sac,2024,800,700,-0.33292429006154045,1.7391338020639862,1.4480380570734257,2.0720580921255265,1.7809623471349663,0.29109574499056046,10.327162652402311,,1.493364837184349,
/Users/juliusgraf/Learning-Market-Making/results/revision_v19/synthetic_rough_heston__no_auction/sac__no_auction_seed2718,synthetic_rough_heston__no_auction,Synthetic,sac,2718,800,750,3.939168638075148,5.228306936567128,5.1841321107436755,1.28913829849198,1.2449634726685277,0.044174825823452224,8.154454968696417,,1.9254840376675557,
/Users/juliusgraf/Learning-Market-Making/results/revision_v19/synthetic_rough_heston__no_auction/sac__no_auction_seed314,synthetic_rough_heston__no_auction,Synthetic,sac,314,650,450,7.210125053613786,6.956147524148786,6.461910338372739,-0.25397752946499974,-0.7482147152410468,0.494237185776047,9.179092904795773,,1.8759538046837085,
/Users/juliusgraf/Learning-Market-Making/results/revision_v19/synthetic_rough_heston__no_auction/sac__no_auction_seed42,synthetic_rough_heston__no_auction,Synthetic,sac,42,800,700,-1.0378283452911172,0.31748318714768287,0.1373228145002727,1.3553115324388,1.17515115979139,0.18016037264741017,9.692149612638685,,3.2477082212136925,
/Users/juliusgraf/Learning-Market-Making/results/revision_v19/synthetic_rough_heston__no_auction/sac__no_auction_seed577,synthetic_rough_heston__no_auction,Synthetic,sac,577,800,700,7.045443495364019,8.32694085473762,7.940853701390333,1.281497359373601,0.8954102060263143,0.3860871533472867,11.715028909536509,,1.973842786017672,
/Users/juliusgraf/Learning-Market-Making/results/revision_v19/synthetic_rough_heston__no_auction/sac__no_auction_seed7,synthetic_rough_heston__no_auction,Synthetic,sac,7,800,800,2.0862175047319766,4.007189090375615,4.007189090375615,1.9209715856436382,1.9209715856436382,0.0,8.590797551842623,,2.007715839164245,
/Users/juliusgraf/Learning-Market-Making/results/revision_v19/synthetic_rough_heston__no_auction/sac__no_auction_seed811,synthetic_rough_heston__no_auction,Synthetic,sac,811,800,650,0.5590406794089062,1.3706592287917265,0.7758723999383019,0.8116185493828203,0.2168317205293957,0.5947868288534246,7.509733583869004,,2.856494324194926,
/Users/juliusgraf/Learning-Market-Making/results/revision_v19/synthetic_rough_heston__no_auction/sac__no_auction_seed99,synthetic_rough_heston__no_auction,Synthetic,sac,99,650,450,1.924143868238473,3.6921178157681127,3.3521453965177432,1.7679739475296397,1.4280015282792702,0.3399724192503695,13.597706211937798,,2.5162836526130024,
/Users/juliusgraf/Learning-Market-Making/results/revision_v19/synthetic_rough_heston__no_auction/td3__no_auction_seed123,synthetic_rough_heston__no_auction,Synthetic,td3,123,800,800,6.323459334556505,7.167975551491255,7.167975551491255,0.8445162169347498,0.8445162169347498,0.0,20.459469730203804,,5.657604909789456,
/Users/juliusgraf/Learning-Market-Making/results/revision_v19/synthetic_rough_heston__no_auction/td3__no_auction_seed1618,synthetic_rough_heston__no_auction,Synthetic,td3,1618,650,450,-0.23937835230486249,3.3383868303372086,2.9537454760038457,3.577765182642071,3.1931238283087082,0.3846413543333629,37.85666661943708,,4.32735345160207,
/Users/juliusgraf/Learning-Market-Making/results/revision_v19/synthetic_rough_heston__no_auction/td3__no_auction_seed2024,synthetic_rough_heston__no_auction,Synthetic,td3,2024,800,650,-0.33292429006154045,1.090485199585157,0.6896719767921901,1.4234094896466973,1.0225962668537305,0.40081322279296694,20.607532771858008,,3.4436962148941093,
/Users/juliusgraf/Learning-Market-Making/results/revision_v19/synthetic_rough_heston__no_auction/td3__no_auction_seed2718,synthetic_rough_heston__no_auction,Synthetic,td3,2718,800,700,3.939168638075148,5.335277736856536,5.275357006764842,1.3961090987813884,1.3361883686896938,0.05992073009169463,16.32639674253242,,5.095485721925484,
/Users/juliusgraf/Learning-Market-Making/results/revision_v19/synthetic_rough_heston__no_auction/td3__no_auction_seed314,synthetic_rough_heston__no_auction,Synthetic,td3,314,700,500,7.210125053613786,6.103613404646359,5.9632854451576005,-1.1065116489674267,-1.2468396084561855,0.14032795948875876,18.26273304483165,,3.7122928057926394,
/Users/juliusgraf/Learning-Market-Making/results/revision_v19/synthetic_rough_heston__no_auction/td3__no_auction_seed42,synthetic_rough_heston__no_auction,Synthetic,td3,42,350,150,-1.0378283452911172,-0.16900981299617612,-0.3483313723030385,0.8688185322949411,0.6894969729880787,0.1793215593068624,19.431511839230858,,7.17078302584082,
/Users/juliusgraf/Learning-Market-Making/results/revision_v19/synthetic_rough_heston__no_auction/td3__no_auction_seed577,synthetic_rough_heston__no_auction,Synthetic,td3,577,800,800,7.045443495364019,8.193602390602205,8.193602390602205,1.1481588952381863,1.1481588952381863,0.0,23.44843864440918,,4.478785756092439,
/Users/juliusgraf/Learning-Market-Making/results/revision_v19/synthetic_rough_heston__no_auction/td3__no_auction_seed7,synthetic_rough_heston__no_auction,Synthetic,td3,7,250,82,2.0862175047319766,3.3510507127720484,3.26344250870335,1.2648332080400717,1.1772250039713734,0.08760820406869829,17.25918801995211,,5.710644642808066,
/Users/juliusgraf/Learning-Market-Making/results/revision_v19/synthetic_rough_heston__no_auction/td3__no_auction_seed811,synthetic_rough_heston__no_auction,Synthetic,td3,811,800,750,0.5590406794089062,0.6282841223261042,0.2067054691862462,0.06924344291719797,-0.35233521022266,0.421578653139858,15.058335443822347,,7.634660686169037,
/Users/juliusgraf/Learning-Market-Making/results/revision_v19/synthetic_rough_heston__no_auction/td3__no_auction_seed99,synthetic_rough_heston__no_auction,Synthetic,td3,99,350,150,1.924143868238473,4.087828281224172,3.5718983263971538,2.163684412985699,1.6477544581586807,0.5159299548270182,26.9883487701416,,12.970477351259172,
