calibration,alpha,beta,depth_scale,reserve,schedule,seed,inventory_open,auction_fill,inventory_final,pnl,objective,shaped_return,interim_credit,clearing_displacement,k_star,source,q,lambda_inv
penny_small,0.01,0.002,1,0,noop,802130905,0.7353973416020141,0.0,0.7353973416020141,15.859723763167494,15.58931913814984,14.510056583714388,0.0,-0.0499999999999971,10000,results/calibration_followup/audit2/records.csv,,
penny_small,0.01,0.002,1,0,noop,1408093620,0.2855294483802275,0.0,0.2855294483802275,6.136425641605456,6.0956621086592975,2.1859245743143134,0.0,-0.1099999999999994,10000,results/calibration_followup/audit2/records.csv,,
penny_small,0.01,0.002,1,0,noop,1856836435,0.6900629737073576,0.0,0.6900629737073576,2.748594158467313,2.5105007046263923,0.5725420261469054,0.0,0.1999999999999886,10000,results/calibration_followup/audit2/records.csv,,
penny_small,0.01,0.002,1,0,noop,1441724827,0.568361413111985,0.0,0.568361413111985,21.481481192029605,21.31996384407228,21.319963844076533,0.0,-0.1399999999999863,10000,results/calibration_followup/audit2/records.csv,,
penny_small,0.01,0.002,1,0,noop,96479995,0.6918089517702235,0.0,0.6918089517702235,9.989894820400878,9.75059500752617,9.269552899755553,0.0,-0.0799999999999983,10000,results/calibration_followup/audit2/records.csv,,
penny_small,0.01,0.002,1,0,noop,2058879711,0.7722328441881992,0.0,0.7722328441881992,-12.061687301777056,-12.359859084598554,-17.08905734101856,0.0,0.0499999999999971,10000,results/calibration_followup/audit2/records.csv,,
penny_small,0.01,0.002,1,0,noop,1068002424,0.6675775403056123,0.0,0.6675775403056123,2.8125387652762583,2.5897088791160128,-2.8605713990791344,0.0,-0.1799999999999926,10000,results/calibration_followup/audit2/records.csv,,
penny_small,0.01,0.002,1,0,noop,756267520,0.9324184628381352,0.0,0.9324184628381352,2.4520744543169712,2.017372359396256,0.0970416795293971,0.0,-0.1400000000000005,10000,results/calibration_followup/audit2/records.csv,,
penny_small,0.01,0.002,1,0,noop,267404297,0.7028696427182304,0.0,0.7028696427182304,-1.561708194489256,-1.8087210618166825,-6.779820743986292,0.0,0.3299999999999983,10000,results/calibration_followup/audit2/records.csv,,
penny_small,0.01,0.002,1,0,noop,1455655358,0.6858416347942882,0.0,0.6858416347942882,-24.791598224734116,-25.026787598742768,-25.516547709741815,0.0,-0.4399999999999977,10000,results/calibration_followup/audit2/records.csv,,
penny_small,0.01,0.002,1,0,noop,37527391,0.5835691360107167,0.0,0.5835691360107167,9.24763934006478,9.077362871812632,6.807558151884187,0.0,-0.1099999999999994,10000,results/calibration_followup/audit2/records.csv,,
penny_small,0.01,0.002,1,0,noop,1437420082,0.46671908287421,0.0,0.46671908287421,1.5361812167975586,1.4272678656380866,0.9038563002510004,0.0,0.3300000000000125,10000,results/calibration_followup/audit2/records.csv,,
penny_small,0.01,0.002,1,0,noop,1847050722,0.3991184964010239,0.0,0.3991184964010239,18.219820317233825,18.14017253014912,18.14017253014911,0.0,-0.039999999999992,10000,results/calibration_followup/audit2/records.csv,,
penny_small,0.01,0.002,1,0,noop,92699064,0.6595176077652241,0.0,0.6595176077652241,1.1826997611697152,0.9652180236935332,-0.6531993248239587,0.0,-0.1700000000000017,10000,results/calibration_followup/audit2/records.csv,,
penny_small,0.01,0.002,1,0,noop,1381841196,0.7886850767260789,0.0,0.7886850767260789,-3.078528514437494,-3.389540589562704,-15.380612747451975,0.0,0.0,10000,results/calibration_followup/audit2/records.csv,,
penny_small,0.01,0.002,1,0,noop,796745881,0.684539097759636,0.0,0.684539097759636,-20.175525726370324,-20.40982261455111,-28.25573575585088,0.0,0.0100000000000051,10000,results/calibration_followup/audit2/records.csv,,
penny_small,0.01,0.002,1,0,all,802130905,0.7353973416020141,0.197034706203944,0.53836263539807,15.84987202785669,15.704954864260314,33.846117591472044,19.2204252816466,-0.0499999999999971,10000,results/calibration_followup/audit2/records.csv,,
penny_small,0.01,0.002,1,0,all,1408093620,0.2855294483802275,0.1683200000000033,0.1172094483802242,6.117910441604181,6.1110414142093825,21.43962916694657,19.238325287080897,-0.1099999999999994,10000,results/calibration_followup/audit2/records.csv,,
penny_small,0.01,0.002,1,0,all,1856836435,0.6900629737073576,0.1479793207233876,0.54208365298397,2.778190022612762,2.631262679196539,19.917777277010504,19.224473276294223,0.1999999999999886,10000,results/calibration_followup/audit2/records.csv,,
penny_small,0.01,0.002,1,0,all,1441724827,0.568361413111985,0.2077313150932627,0.3606300980187222,21.452398807918144,21.387371774119647,40.708948905264826,19.32157713114253,-0.1399999999999863,10000,results/calibration_followup/audit2/records.csv,,
penny_small,0.01,0.002,1,0,all,96479995,0.6918089517702235,0.182129486414401,0.5096794653558225,9.975324461487617,9.845437882784918,28.599281958420896,19.234886183406484,-0.0799999999999983,10000,results/calibration_followup/audit2/records.csv,,
penny_small,0.01,0.002,1,0,all,2058879711,0.7722328441881992,0.1662189516829523,0.6060138925052468,-12.05337635419346,-12.23700277314814,2.199585498334636,19.165786527902235,0.0499999999999971,10000,results/calibration_followup/audit2/records.csv,,
penny_small,0.01,0.002,1,0,all,1068002424,0.6675775403056123,0.2015478763314271,0.4660296639741852,2.7762601475369593,2.6676683236850134,16.446023098601707,19.228635053112203,-0.1799999999999926,10000,results/calibration_followup/audit2/records.csv,,
penny_small,0.01,0.002,1,0,all,756267520,0.9324184628381352,0.1912504827134506,0.7411679801246844,2.4252993867357873,2.1506343993547348,19.472861091016934,19.242557371527777,-0.1400000000000005,10000,results/calibration_followup/audit2/records.csv,,
penny_small,0.01,0.002,1,0,all,267404297,0.7028696427182304,0.3852836512099923,0.3175859915082381,-1.4384174261031148,-1.4888478571042505,12.899390231130532,19.359337770403336,0.3199999999999932,10000,results/calibration_followup/audit2/records.csv,,
penny_small,0.01,0.002,1,0,all,1455655358,0.6858416347942882,0.1708800000000056,0.5149616347942825,-24.86678542473601,-24.999378167391008,-6.363464983370198,19.125673295017965,-0.4399999999999977,10000,results/calibration_followup/audit2/records.csv,,
penny_small,0.01,0.002,1,0,all,37527391,0.5835691360107167,0.1951999999999908,0.3883691360107258,9.224215340063893,9.148800047161034,26.152133322626593,19.273137995393128,-0.1200000000000045,10000,results/calibration_followup/audit2/records.csv,,
penny_small,0.01,0.002,1,0,all,1437420082,0.46671908287421,0.2035200000000213,0.2631990828741887,1.6033428167975217,1.568705938184615,20.29445412848952,19.249159755691934,0.3300000000000125,10000,results/calibration_followup/audit2/records.csv,,
penny_small,0.01,0.002,1,0,all,1847050722,0.3991184964010239,0.1962822663253116,0.2028362300757122,18.211969026579027,18.191397758463363,37.435217067203354,19.24381930873824,-0.039999999999992,10000,results/calibration_followup/audit2/records.csv,,
penny_small,0.01,0.002,1,0,all,92699064,0.6595176077652241,0.1439999999999908,0.5155176077652331,1.1582197611696756,1.025340559211681,18.61596713543642,19.20904392474219,-0.1700000000000017,10000,results/calibration_followup/audit2/records.csv,,
penny_small,0.01,0.002,1,0,all,1381841196,0.7886850767260789,0.0371200000000008,0.7515650767260781,-3.078528514437494,-3.3609535467146316,3.883071670243624,19.235097374847527,0.0,10000,results/calibration_followup/audit2/records.csv,,
penny_small,0.01,0.002,1,0,all,796745881,0.684539097759636,0.1756789233585549,0.508860174401081,-20.17376893713663,-20.30323827568238,-8.904856910506382,19.244294506475867,0.0100000000000051,10000,results/calibration_followup/audit2/records.csv,,
penny_small,0.01,0.002,1,0,last10,802130905,0.7353973416020141,0.0644362902873524,0.6709610513146615,15.856501948654111,15.631407582463476,20.96168102802747,6.409536000000457,-0.0499999999999971,10000,results/calibration_followup/audit2/records.csv,,
penny_small,0.01,0.002,1,0,last10,1408093620,0.2855294483802275,0.0569600000000009,0.2285694483802265,6.130160041606359,6.104038045239939,8.600124510894503,6.405824000000455,-0.1099999999999994,10000,results/calibration_followup/audit2/records.csv,,
penny_small,0.01,0.002,1,0,last10,1856836435,0.6900629737073576,0.0587601121797658,0.6313028615275917,2.7603461809048895,2.5610745294184265,7.040907850936945,6.4177919999996345,0.1999999999999886,10000,results/calibration_followup/audit2/records.csv,,
penny_small,0.01,0.002,1,0,last10,1441724827,0.568361413111985,0.0640465876109667,0.5043148255010182,21.472514669765587,21.345347948155528,27.77664394815882,6.4312960000005495,-0.1399999999999863,10000,results/calibration_followup/audit2/records.csv,,
penny_small,0.01,0.002,1,0,last10,96479995,0.6918089517702235,0.0609584812352998,0.6308504705349236,9.9850181419024,9.786031983815334,15.719325876044913,6.414336000000546,-0.0799999999999983,10000,results/calibration_followup/audit2/records.csv,,
penny_small,0.01,0.002,1,0,last10,2058879711,0.7722328441881992,0.0585572367483057,0.7136756074398934,-12.058759439940332,-12.31342587626768,-10.65632013268683,6.386304000000181,0.0499999999999971,10000,results/calibration_followup/audit2/records.csv,,
penny_small,0.01,0.002,1,0,last10,1068002424,0.6675775403056123,0.0626786896312908,0.6048988506743215,2.801256601142086,2.6183052913685283,3.5756410131744634,6.407616000000546,-0.1799999999999926,10000,results/calibration_followup/audit2/records.csv,,
penny_small,0.01,0.002,1,0,last10,756267520,0.9324184628381352,0.0635740545765858,0.8688444082615493,2.443174086674844,2.065728783791163,6.553718103925348,6.408319999999635,-0.1400000000000005,10000,results/calibration_followup/audit2/records.csv,,
penny_small,0.01,0.002,1,0,last10,267404297,0.7028696427182304,0.1151999999999943,0.5876696427182361,-1.5248441944895603,-1.69752199897585,-0.2219016811456119,6.446719999999543,0.3199999999999932,10000,results/calibration_followup/audit2/records.csv,,
penny_small,0.01,0.002,1,0,last10,1455655358,0.6858416347942882,0.0524799999999995,0.6333616347942886,-24.814689424734752,-25.0152629049494,-19.119871015948057,6.385151999999728,-0.4399999999999977,10000,results/calibration_followup/audit2/records.csv,,
penny_small,0.01,0.002,1,0,last10,37527391,0.5835691360107167,0.0666383707689528,0.5169307652417638,9.240309119280935,9.10670041125422,13.262047691324666,6.425151999999634,-0.1099999999999994,10000,results/calibration_followup/audit2/records.csv,,
penny_small,0.01,0.002,1,0,last10,1437420082,0.46671908287421,0.0646400000000057,0.4020790828742042,1.5575124167971808,1.4766786223547002,7.359603056968541,6.406336000000546,0.3300000000000125,10000,results/calibration_followup/audit2/records.csv,,
penny_small,0.01,0.002,1,0,last10,1847050722,0.3991184964010239,0.0637651068541898,0.3353533895468341,18.217269712959023,18.16103876501875,24.57447876501991,6.4134400000005485,-0.039999999999992,10000,results/calibration_followup/audit2/records.csv,,
penny_small,0.01,0.002,1,0,last10,92699064,0.6595176077652241,0.0486399999999957,0.6108776077652283,1.1744309611694916,0.9878452353350076,5.76904388681737,6.399615999999638,-0.1700000000000017,10000,results/calibration_followup/audit2/records.csv,,
penny_small,0.01,0.002,1,0,last10,1381841196,0.7886850767260789,0.0243199999999997,0.7643650767260792,-3.078528514435675,-3.3706554996949074,-8.946879657585896,6.414848000000092,0.0,10000,results/calibration_followup/audit2/records.csv,,
penny_small,0.01,0.002,1,0,last10,796745881,0.684539097759636,0.0586105174031992,0.6259285803564367,-20.174939621196245,-20.370832915049757,-21.812394056349007,6.4043520000005465,0.0100000000000051,10000,results/calibration_followup/audit2/records.csv,,
penny_small,0.01,0.002,1,0,last1,802130905,0.7353973416020141,0.0063812768658247,0.7290160647361893,15.859404699323932,15.593672488002213,15.155369933567078,0.6409600000000547,-0.0499999999999971,10000,results/calibration_followup/audit2/records.csv,,
penny_small,0.01,0.002,1,0,last1,1408093620,0.2855294483802275,0.0063999999999996,0.2791294483802279,6.135721641605414,6.096765017128889,2.8275394827839104,0.6405119999999636,-0.1099999999999994,10000,results/calibration_followup/audit2/records.csv,,
penny_small,0.01,0.002,1,0,last1,1856836435,0.6900629737073576,0.007031118394198,0.6830318553131596,2.750000382147846,2.5167341244615775,1.2204394459803614,0.6416639999999635,0.1999999999999886,10000,results/calibration_followup/audit2/records.csv,,
penny_small,0.01,0.002,1,0,last1,1441724827,0.568361413111985,0.0063444487644587,0.5620169643475262,21.480592969204736,21.32266143509753,21.965797435099695,0.6431360000000549,-0.1399999999999863,10000,results/calibration_followup/audit2/records.csv,,
penny_small,0.01,0.002,1,0,last1,96479995,0.6918089517702235,0.0063515843429646,0.6854573674272588,9.989386693654524,9.75446079237437,9.914826684602716,0.6414080000000547,-0.0799999999999983,10000,results/calibration_followup/audit2/records.csv,,
penny_small,0.01,0.002,1,0,last1,2058879711,0.7722328441881992,0.006231468636581,0.7660013755516182,-12.06137572834632,-12.354754782019803,-16.445361038438758,0.6385919999999637,0.0499999999999971,10000,results/calibration_followup/audit2/records.csv,,
penny_small,0.01,0.002,1,0,last1,1068002424,0.6675775403056123,0.0062075747939621,0.6613699655116502,2.811421401815096,2.5927162861746553,-2.2167959920221953,0.6407680000000546,-0.1799999999999926,10000,results/calibration_followup/audit2/records.csv,,
penny_small,0.01,0.002,1,0,last1,756267520,0.9324184628381352,0.0063590047377242,0.9260594581004108,2.451184193652807,2.0223911336841938,0.7428924538181748,0.6408319999999635,-0.1400000000000005,10000,results/calibration_followup/audit2/records.csv,,
penny_small,0.01,0.002,1,0,last1,267404297,0.7028696427182304,0.0057426439804492,0.6971269987377812,-1.5598131219758216,-1.8028061481603948,-6.128593830329917,0.6453119999999634,0.3299999999999983,10000,results/calibration_followup/audit2/records.csv,,
penny_small,0.01,0.002,1,0,last1,1455655358,0.6858416347942882,0.0064000000000005,0.6794416347942877,-24.79441422473428,-25.02523469228025,-24.87659480327907,0.6384000000000545,-0.4399999999999977,10000,results/calibration_followup/audit2/records.csv,,
penny_small,0.01,0.002,1,0,last1,37527391,0.5835691360107167,0.0062306211367104,0.5773385148740062,9.246953971740368,9.080294091361909,7.4530493714328,0.6425599999999635,-0.1099999999999994,10000,results/calibration_followup/audit2/records.csv,,
penny_small,0.01,0.002,1,0,last1,1437420082,0.46671908287421,0.0064000000000005,0.4603190828742095,1.5382932167976833,1.432346387768607,1.5495748223814518,0.6406400000000547,0.3300000000000125,10000,results/calibration_followup/audit2/records.csv,,
penny_small,0.01,0.002,1,0,last1,1847050722,0.3991184964010239,0.0063781172397457,0.3927403791612782,18.219565192543087,18.142442689831213,18.783786689832414,0.6413440000000548,-0.039999999999992,10000,results/calibration_followup/audit2/records.csv,,
penny_small,0.01,0.002,1,0,last1,92699064,0.6595176077652241,0.0063999999999996,0.6531176077652244,1.1816117611688242,0.9683304563823394,-0.0102788921342907,0.6398079999999636,-0.1700000000000017,10000,results/calibration_followup/audit2/records.csv,,
penny_small,0.01,0.002,1,0,last1,1381841196,0.7886850767260789,0.0057600000000002,0.7829250767260787,-3.078528514437494,-3.385014352320762,-14.734934510209976,0.6411520000000547,0.0,10000,results/calibration_followup/audit2/records.csv,,
penny_small,0.01,0.002,1,0,last1,796745881,0.684539097759636,0.0063731759801653,0.6781659217794707,-20.175461994609577,-20.405416503341076,-27.61094564464173,0.6403840000000547,0.0100000000000051,10000,results/calibration_followup/audit2/records.csv,,
penny_small,0.01,0.002,1,10,noop,802130905,10.117186764726677,0.0,10.117186764726677,15.733434204626974,-35.445299811553326,-36.52456236598934,0.0,-0.0499999999999971,10000,results/calibration_followup/audit2/records.csv,,
penny_small,0.01,0.002,1,10,noop,1408093620,10.517146641611523,0.0,10.517146641611523,9.85212400310229,-45.453062737477985,-47.22654786509119,0.0,-0.1099999999999994,10000,results/calibration_followup/audit2/records.csv,,
penny_small,0.01,0.002,1,10,noop,1856836435,10.69861441933786,0.0,10.69861441933786,2.5484231295540667,-54.68175211727794,-56.28879707694492,0.0,0.1999999999999886,10000,results/calibration_followup/audit2/records.csv,,
penny_small,0.01,0.002,1,10,noop,1441724827,10.061773553780792,0.0,10.061773553780792,24.35950483423221,-26.260138689549063,-26.26013868954695,0.0,-0.1399999999999863,10000,results/calibration_followup/audit2/records.csv,,
penny_small,0.01,0.002,1,10,noop,96479995,10.653729822161925,0.0,10.653729822161925,11.392714596044245,-45.358264965766914,-45.839307073536986,0.0,-0.0799999999999983,10000,results/calibration_followup/audit2/records.csv,,
penny_small,0.01,0.002,1,10,noop,2058879711,10.92194744606972,0.0,10.92194744606972,-12.121687301778366,-71.7661553091328,-75.73050032148787,0.0,0.0499999999999971,10000,results/calibration_followup/audit2/records.csv,,
penny_small,0.01,0.002,1,10,noop,1068002424,10.705484100558085,0.0,10.705484100558085,5.341231090078509,-51.96246382357246,-57.41274410177138,0.0,-0.1799999999999926,10000,results/calibration_followup/audit2/records.csv,,
penny_small,0.01,0.002,1,10,noop,756267520,10.206075905092494,0.0,10.206075905092494,4.585015666034451,-47.49697702422033,-48.94313857908287,0.0,-0.1400000000000005,10000,results/calibration_followup/audit2/records.csv,,
penny_small,0.01,0.002,1,10,noop,267404297,10.70286964271823,0.0,10.70286964271823,4.938291805510744,-52.33741748899899,-55.57980347778917,0.0,0.3299999999999983,10000,results/calibration_followup/audit2/records.csv,,
penny_small,0.01,0.002,1,10,noop,1455655358,10.930773734015428,0.0,10.930773734015428,-19.56913217512556,-79.31003938724635,-79.79979949824354,0.0,-0.4399999999999977,10000,results/calibration_followup/audit2/records.csv,,
penny_small,0.01,0.002,1,10,noop,37527391,10.639211349344222,0.0,10.639211349344222,12.747670536864462,-43.84873853114299,-46.11854325107112,0.0,-0.1099999999999994,10000,results/calibration_followup/audit2/records.csv,,
penny_small,0.01,0.002,1,10,noop,1437420082,10.572972118510314,0.0,10.572972118510314,-1.1246321635371714,-57.01850187293542,-57.54191343832238,0.0,0.3300000000000125,10000,results/calibration_followup/audit2/records.csv,,
penny_small,0.01,0.002,1,10,noop,1847050722,10.27739255124533,0.0,10.27739255124533,18.00289917223563,-34.809499653960856,-34.809499653961154,0.0,-0.039999999999992,10000,results/calibration_followup/audit2/records.csv,,
penny_small,0.01,0.002,1,10,noop,92699064,10.125478181536849,0.0,10.125478181536849,2.981232270185501,-48.28142193220389,-49.7735267354212,0.0,-0.1700000000000017,10000,results/calibration_followup/audit2/records.csv,,
penny_small,0.01,0.002,1,10,noop,1381841196,10.070919867544404,0.0,10.070919867544404,-0.3982133813751716,-51.10992687062547,-60.841619331703015,0.0,0.0,10000,results/calibration_followup/audit2/records.csv,,
penny_small,0.01,0.002,1,10,noop,796745881,10.399581527252115,0.0,10.399581527252115,-17.469614694702614,-71.54526266568435,-79.39117580698391,0.0,0.0100000000000051,10000,results/calibration_followup/audit2/records.csv,,
penny_small,0.01,0.002,1,10,all,802130905,10.117186764726677,0.197034706203944,9.920152058522731,15.72358246931617,-33.48112596279022,-15.339963235578928,19.2204252816466,-0.0499999999999971,10000,results/calibration_followup/audit2/records.csv,,
penny_small,0.01,0.002,1,10,all,1408093620,10.517146641611523,0.1683200000000033,10.34882664161152,9.833608803101017,-43.715497625963174,-26.25065746649428,19.238325287080897,-0.1099999999999994,10000,results/calibration_followup/audit2/records.csv,,
penny_small,0.01,0.002,1,10,all,1856836435,10.69861441933786,0.1479793207233876,10.550635098614476,2.5780189936995157,-53.07993149835831,-35.46250318173162,19.224473276294223,0.1999999999999886,10000,results/calibration_followup/audit2/records.csv,,
penny_small,0.01,0.002,1,10,all,1441724827,10.061773553780792,0.2077313150932627,9.85404223868753,24.33042245012075,-24.22065177079822,-4.899074639655154,19.32157713114253,-0.1399999999999863,10000,results/calibration_followup/audit2/records.csv,,
penny_small,0.01,0.002,1,10,all,96479995,10.653729822161925,0.182129486414401,10.47160033574752,11.378144237130982,-43.44906255868281,-24.69521848304619,19.234886183406484,-0.0799999999999983,10000,results/calibration_followup/audit2/records.csv,,
penny_small,0.01,0.002,1,10,all,2058879711,10.92194744606972,0.1662189516829523,10.755728494386767,-12.113376354192951,-69.95622407667467,-54.75478256112878,19.165786527902235,0.0499999999999971,10000,results/calibration_followup/audit2/records.csv,,
penny_small,0.01,0.002,1,10,all,1068002424,10.705484100558085,0.2015478763314271,10.503936224226658,5.304952472337391,-49.8613856289731,-36.08303085405832,19.228635053112203,-0.1799999999999926,10000,results/calibration_followup/audit2/records.csv,,
penny_small,0.01,0.002,1,10,all,756267520,10.206075905092494,0.1912504827134506,10.014825422379044,4.558240598453267,-45.59012352191153,-27.793727705244965,19.242557371527777,-0.1400000000000005,10000,results/calibration_followup/audit2/records.csv,,
penny_small,0.01,0.002,1,10,all,267404297,10.70286964271823,0.3852836512099923,10.317585991508238,5.061582573896885,-48.16470777218663,-32.04775599057253,19.359337770403336,0.3199999999999932,10000,results/calibration_followup/audit2/records.csv,,
penny_small,0.01,0.002,1,10,all,1455655358,10.930773734015428,0.1708800000000056,10.759893734015424,-19.644319375125633,-77.5319759587778,-58.89606277475697,19.125673295017965,-0.4399999999999977,10000,results/calibration_followup/audit2/records.csv,,
penny_small,0.01,0.002,1,10,all,37527391,10.639211349344222,0.1951999999999908,10.444011349344231,12.724246536865394,-41.81443999575016,-24.811106720286165,19.273137995393128,-0.1200000000000045,10000,results/calibration_followup/audit2/records.csv,,
penny_small,0.01,0.002,1,10,all,1437420082,10.572972118510314,0.2035200000000213,10.369452118510294,-1.0574705635372084,-54.82023918257602,-36.09449099227077,19.249159755691934,0.3300000000000125,10000,results/calibration_followup/audit2/records.csv,,
penny_small,0.01,0.002,1,10,all,1847050722,10.27739255124533,0.1962822663253116,10.081110284920015,17.99504788158083,-32.819344406779244,-13.575525098039492,19.24381930873824,-0.039999999999992,10000,results/calibration_followup/audit2/records.csv,,
penny_small,0.01,0.002,1,10,all,92699064,10.125478181536849,0.1439999999999908,9.981478181536858,2.9567522701854614,-46.858201074062706,-29.141261952537885,19.20904392474219,-0.1700000000000017,10000,results/calibration_followup/audit2/records.csv,,
penny_small,0.01,0.002,1,10,all,1381841196,10.070919867544404,0.0371200000000008,10.033799867544404,-0.3982133813751716,-50.73678327234221,-41.23337835857234,19.235097374847527,0.0,10000,results/calibration_followup/audit2/records.csv,,
penny_small,0.01,0.002,1,10,all,796745881,10.399581527252115,0.1756789233585549,10.223902603893562,-17.4678579054671,-69.73195013241786,-58.333568767243555,19.244294506475867,0.0100000000000051,10000,results/calibration_followup/audit2/records.csv,,
penny_small,0.01,0.002,1,10,last10,802130905,10.117186764726677,0.0644362902873524,10.052750474439325,15.730212390113593,-34.79868366055642,-29.468410214992875,6.409536000000457,-0.0499999999999971,10000,results/calibration_followup/audit2/records.csv,,
penny_small,0.01,0.002,1,10,last10,1408093620,10.517146641611523,0.0569600000000009,10.460186641611523,9.845858403103191,-44.861893885570886,-40.22955501318463,6.405824000000455,-0.1099999999999994,10000,results/calibration_followup/audit2/records.csv,,
penny_small,0.01,0.002,1,10,last10,1856836435,10.69861441933786,0.0587601121797658,10.639854307158096,2.5601751519916434,-54.0430746867837,-49.23232764645253,6.4177919999996345,0.1999999999999886,10000,results/calibration_followup/audit2/records.csv,,
penny_small,0.01,0.002,1,10,last10,1441724827,10.061773553780792,0.0640465876109667,9.997726966169823,24.350538311966375,-25.626733933073275,-19.195437933070274,6.4312960000005495,-0.1399999999999863,10000,results/calibration_followup/audit2/records.csv,,
penny_small,0.01,0.002,1,10,last10,96479995,10.653729822161925,0.0609584812352998,10.592771340926625,11.387837917545768,-44.71556442303243,-38.78227053080219,6.414336000000546,-0.0799999999999983,10000,results/calibration_followup/audit2/records.csv,,
penny_small,0.01,0.002,1,10,last10,2058879711,10.92194744606972,0.0585572367483057,10.863390209321414,-12.11875943994164,-71.12538285993182,-68.70342387228578,6.386304000000181,0.0499999999999971,10000,results/calibration_followup/audit2/records.csv,,
penny_small,0.01,0.002,1,10,last10,1068002424,10.705484100558085,0.0626786896312908,10.642805410926794,5.329948925944336,-51.304704581481985,-50.34736885967989,6.407616000000546,-0.1799999999999926,10000,results/calibration_followup/audit2/records.csv,,
penny_small,0.01,0.002,1,10,last10,756267520,10.206075905092494,0.0635740545765858,10.142501850515908,4.576115298392324,-46.85905659546698,-41.89689815032844,6.408319999999635,-0.1400000000000005,10000,results/calibration_followup/audit2/records.csv,,
penny_small,0.01,0.002,1,10,last10,267404297,10.70286964271823,0.1151999999999943,10.587669642718236,4.97515580551044,-51.07421842615821,-47.86988441494867,6.446719999999543,0.3199999999999932,10000,results/calibration_followup/audit2/records.csv,,
penny_small,0.01,0.002,1,10,last10,1455655358,10.930773734015428,0.0524799999999995,10.878293734015427,-19.592223375126196,-78.76086065688587,-72.8654687678825,6.385151999999728,-0.4399999999999977,10000,results/calibration_followup/audit2/records.csv,,
penny_small,0.01,0.002,1,10,last10,37527391,10.639211349344222,0.0666383707689528,10.57257297857527,12.74034031608062,-43.14930937756936,-38.993962097498745,6.425151999999634,-0.1099999999999994,10000,results/calibration_followup/audit2/records.csv,,
penny_small,0.01,0.002,1,10,last10,1437420082,10.572972118510314,0.0646400000000057,10.508332118510308,-1.1033009635375493,-56.31582291999522,-50.432898485381266,6.406336000000546,0.3300000000000125,10000,results/calibration_followup/audit2/records.csv,,
penny_small,0.01,0.002,1,10,last10,1847050722,10.27739255124533,0.0637651068541898,10.21362744439114,18.00034856795901,-34.158744218450934,-27.74530421844817,6.4134400000005485,-0.039999999999992,10000,results/calibration_followup/audit2/records.csv,,
penny_small,0.01,0.002,1,10,last10,92699064,10.125478181536849,0.0486399999999957,10.076838181536854,2.9729634701852774,-47.7983703982542,-42.89085920147161,6.399615999999638,-0.1700000000000017,10000,results/calibration_followup/audit2/records.csv,,
penny_small,0.01,0.002,1,10,last10,1381841196,10.070919867544404,0.0243199999999997,10.046599867544405,-0.3982133813733526,-50.86529783064498,-54.18214229172412,6.414848000000092,0.0,10000,results/calibration_followup/audit2/records.csv,,
penny_small,0.01,0.002,1,10,last10,796745881,10.399581527252115,0.0586105174031992,10.340971009848918,-17.469028589528534,-70.93686930279641,-72.37843044409544,6.4043520000005465,0.0100000000000051,10000,results/calibration_followup/audit2/records.csv,,
penny_small,0.01,0.002,1,10,last1,802130905,10.117186764726677,0.0063812768658247,10.11080548786085,15.733115140783411,-35.381078665895124,-35.81938122033089,0.6409600000000547,-0.0499999999999971,10000,results/calibration_followup/audit2/records.csv,,
penny_small,0.01,0.002,1,10,last1,1408093620,10.517146641611523,0.0063999999999996,10.510746641611524,9.851420003102248,-45.38647747897172,-46.51945060658495,0.6405119999999636,-0.1099999999999994,10000,results/calibration_followup/audit2/records.csv,,
penny_small,0.01,0.002,1,10,last1,1856836435,10.69861441933786,0.007031118394198,10.691583300943662,2.5498293532345997,-54.605147387274094,-55.57052834694281,0.6416639999999635,0.1999999999999886,10000,results/calibration_followup/audit2/records.csv,,
penny_small,0.01,0.002,1,10,last1,1441724827,10.061773553780792,0.0063444487644587,10.055429105016334,24.358616611405523,-26.19721063159927,-25.554074631597473,0.6431360000000549,-0.1399999999999863,10000,results/calibration_followup/audit2/records.csv,,
penny_small,0.01,0.002,1,10,last1,96479995,10.653729822161925,0.0063515843429646,10.647378237818955,11.39220646929789,-45.29112520029247,-45.13075930806367,0.6414080000000547,-0.0799999999999983,10000,results/calibration_followup/audit2/records.csv,,
penny_small,0.01,0.002,1,10,last1,2058879711,10.92194744606972,0.006231468636581,10.915715977433138,-12.12137572834763,-71.69780337834217,-75.02355639069634,0.6385919999999637,0.0499999999999971,10000,results/calibration_followup/audit2/records.csv,,
penny_small,0.01,0.002,1,10,last1,1068002424,10.705484100558085,0.0062075747939621,10.699276525764123,5.340113726615527,-51.89714536076808,-56.70665763896672,0.6407680000000546,-0.1799999999999926,10000,results/calibration_followup/audit2/records.csv,,
penny_small,0.01,0.002,1,10,last1,756267520,10.206075905092494,0.0063590047377242,10.199716900354767,4.584125405370287,-47.432987018321064,-48.2383165731828,0.6408319999999635,-0.1400000000000005,10000,results/calibration_followup/audit2/records.csv,,
penny_small,0.01,0.002,1,10,last1,267404297,10.70286964271823,0.0057426439804492,10.69712699873778,4.940186878025997,-52.27407613553639,-54.87115012432838,0.6453119999999634,0.3299999999999983,10000,results/calibration_followup/audit2/records.csv,,
penny_small,0.01,0.002,1,10,last1,1455655358,10.930773734015428,0.0064000000000005,10.924373734015427,-19.571948175125726,-79.24291891534881,-79.09427902634587,0.6384000000000545,-0.4399999999999977,10000,results/calibration_followup/audit2/records.csv,,
penny_small,0.01,0.002,1,10,last1,37527391,10.639211349344222,0.0062306211367104,10.632980728207512,12.746985168541867,-43.78315441467431,-45.41039913460496,0.6425599999999635,-0.1099999999999994,10000,results/calibration_followup/audit2/records.csv,,
penny_small,0.01,0.002,1,10,last1,1437420082,10.572972118510314,0.0064000000000005,10.566572118510312,-1.1225201635388655,-56.94874333137863,-56.83151489676395,0.6406400000000547,0.3300000000000125,10000,results/calibration_followup/audit2/records.csv,,
penny_small,0.01,0.002,1,10,last1,1847050722,10.27739255124533,0.0063781172397457,10.271014434005584,18.00264404754489,-34.74422470423062,-34.10288070422974,0.6413440000000548,-0.039999999999992,10000,results/calibration_followup/audit2/records.csv,,
penny_small,0.01,0.002,1,10,last1,92699064,10.125478181536849,0.0063999999999996,10.11907818153685,2.980144270186429,-48.21772735184113,-49.07002415505942,0.6398079999999636,-0.1700000000000017,10000,results/calibration_followup/audit2/records.csv,,
penny_small,0.01,0.002,1,10,last1,1381841196,10.070919867544404,0.0057600000000002,10.065159867544404,-0.3982133813751716,-51.05193496098841,-60.14247542206579,0.6411520000000547,0.0,10000,results/calibration_followup/audit2/records.csv,,
penny_small,0.01,0.002,1,10,last1,796745881,10.399581527252115,0.0063731759801653,10.393208351271952,-17.469550962941867,-71.47894087941638,-78.6844700207168,0.6403840000000547,0.0100000000000051,10000,results/calibration_followup/audit2/records.csv,,
penny_small,0.01,0.002,1,20,noop,802130905,20.05937915137883,0.0,20.05937915137883,15.575168433028011,-185.61417753635783,-186.69344009079435,0.0,-0.0499999999999971,10000,results/calibration_followup/audit2/records.csv,,
penny_small,0.01,0.002,1,20,noop,1408093620,20.18914570528697,0.0,20.18914570528697,12.959901625064958,-190.84090052958865,-190.84090052958803,0.0,-0.1099999999999994,10000,results/calibration_followup/audit2/records.csv,,
penny_small,0.01,0.002,1,20,noop,1856836435,20.035878607313123,0.0,20.035878607313123,2.388423129554212,-198.3297926539396,-199.70474932571008,0.0,0.1999999999999886,10000,results/calibration_followup/audit2/records.csv,,
penny_small,0.01,0.002,1,20,noop,1441724827,20.392242540605736,0.0,20.392242540605736,27.45864553027968,-180.46313238716544,-180.46313238716337,0.0,-0.1399999999999863,10000,results/calibration_followup/audit2/records.csv,,
penny_small,0.01,0.002,1,20,noop,96479995,20.439640858607895,0.0,20.439640858607895,13.669018629290804,-195.22044058514584,-195.39538467712364,0.0,-0.0799999999999983,10000,results/calibration_followup/audit2/records.csv,,
penny_small,0.01,0.002,1,20,noop,2058879711,20.048211166365085,0.0,20.048211166365085,-12.44673785058876,-213.4121233361716,-216.60681443994247,0.0,0.0499999999999971,10000,results/calibration_followup/audit2/records.csv,,
penny_small,0.01,0.002,1,20,noop,1068002424,20.995224851843417,0.0,20.995224851843417,8.218452322020312,-212.18128096771133,-217.47693471248644,0.0,-0.1799999999999926,10000,results/calibration_followup/audit2/records.csv,,
penny_small,0.01,0.002,1,20,noop,756267520,20.488254778091395,0.0,20.488254778091395,6.8242732293656445,-203.0600186966268,-204.10413972014388,0.0,-0.1400000000000005,10000,results/calibration_followup/audit2/records.csv,,
penny_small,0.01,0.002,1,20,noop,267404297,20.14044480520282,0.0,20.14044480520282,10.25538754918125,-192.56337092652936,-194.994978745752,0.0,0.3299999999999983,10000,results/calibration_followup/audit2/records.csv,,
penny_small,0.01,0.002,1,20,noop,1455655358,20.82999410149641,0.0,20.82999410149641,-14.581431160688226,-231.52575829487583,-232.0155184058719,0.0,-0.4399999999999977,10000,results/calibration_followup/audit2/records.csv,,
penny_small,0.01,0.002,1,20,noop,37527391,20.19218374751124,0.0,20.19218374751124,16.11568115224327,-187.74646109438527,-190.0162658143155,0.0,-0.1099999999999994,10000,results/calibration_followup/audit2/records.csv,,
penny_small,0.01,0.002,1,20,noop,1437420082,20.599485001016586,0.0,20.599485001016586,-3.8825124737468286,-216.0519036273004,-216.5753151926883,0.0,0.3300000000000125,10000,results/calibration_followup/audit2/records.csv,,
penny_small,0.01,0.002,1,20,noop,1847050722,20.26727407404708,0.0,20.26727407404708,17.90300035700784,-187.47819883926263,-187.47819883926303,0.0,-0.039999999999992,10000,results/calibration_followup/audit2/records.csv,,
penny_small,0.01,0.002,1,20,noop,92699064,20.425304931413475,0.0,20.425304931413475,5.044357261755067,-203.55218350885673,-204.80758433849064,0.0,-0.1700000000000017,10000,results/calibration_followup/audit2/records.csv,,
penny_small,0.01,0.002,1,20,noop,1381841196,20.751941032359134,0.0,20.751941032359134,3.0365236030156666,-212.2850047022397,-219.01765168600227,0.0,0.0,10000,results/calibration_followup/audit2/records.csv,,
penny_small,0.01,0.002,1,20,noop,796745881,20.48496047509482,0.0,20.48496047509482,-14.599511996289948,-224.41631482938843,-231.99249212359803,0.0,0.0100000000000051,10000,results/calibration_followup/audit2/records.csv,,
penny_small,0.01,0.002,1,20,all,802130905,20.05937915137883,0.197034706203944,19.862344445174887,15.565316697717208,-181.69104673166763,-163.54988400445674,19.2204252816466,-0.0499999999999971,10000,results/calibration_followup/audit2/records.csv,,
penny_small,0.01,0.002,1,20,all,1408093620,20.18914570528697,0.1683200000000033,20.020825705286963,12.941386425065502,-187.4753445356741,-168.23701924859324,19.238325287080897,-0.1099999999999994,10000,results/calibration_followup/audit2/records.csv,,
penny_small,0.01,0.002,1,20,all,1856836435,20.035878607313123,0.1479793207233876,19.887899286589736,2.4180189936996612,-195.3462500230686,-177.49673341854538,19.224473276294223,0.1999999999999886,10000,results/calibration_followup/audit2/records.csv,,
penny_small,0.01,0.002,1,20,all,1441724827,20.392242540605736,0.2077313150932627,20.184511225512473,27.4295631461664,-176.2776835602531,-156.9561064291085,19.32157713114253,-0.1399999999999863,10000,results/calibration_followup/audit2/records.csv,,
penny_small,0.01,0.002,1,20,all,96479995,20.439640858607895,0.182129486414401,20.257511372193495,13.654448270379362,-191.52893522689504,-172.4689931354681,19.234886183406484,-0.0799999999999983,10000,results/calibration_followup/audit2/records.csv,,
penny_small,0.01,0.002,1,20,all,2058879711,20.048211166365085,0.1662189516829523,19.881992214682132,-12.438426903005166,-210.08523411534563,-194.11413869121384,19.165786527902235,0.0499999999999971,10000,results/calibration_followup/audit2/records.csv,,
penny_small,0.01,0.002,1,20,all,1068002424,20.995224851843417,0.2015478763314271,20.793676975511985,8.182173704279194,-208.00632737668943,-194.0733460683512,19.228635053112203,-0.1799999999999926,10000,results/calibration_followup/audit2/records.csv,,
penny_small,0.01,0.002,1,20,all,756267520,20.488254778091395,0.1912504827134506,20.297004295377945,6.7974981617862795,-199.1866935215091,-180.9882571734988,19.242557371527777,-0.1400000000000005,10000,results/calibration_followup/audit2/records.csv,,
penny_small,0.01,0.002,1,20,all,267404297,20.14044480520282,0.3852836512099923,19.755161153992827,10.37867831756921,-184.7545177925444,-167.8267878413644,19.359337770403336,0.3199999999999932,10000,results/calibration_followup/audit2/records.csv,,
penny_small,0.01,0.002,1,20,all,1455655358,20.82999410149641,0.1708800000000056,20.659114101496407,-14.6566183606883,-228.05611609001213,-209.42020290599024,19.125673295017965,-0.4399999999999977,10000,results/calibration_followup/audit2/records.csv,,
penny_small,0.01,0.002,1,20,all,37527391,20.19218374751124,0.1951999999999908,19.99698374751125,16.092257152242382,-183.84742234687215,-166.84408907140798,19.273137995393128,-0.1200000000000045,10000,results/calibration_followup/audit2/records.csv,,
penny_small,0.01,0.002,1,20,all,1437420082,20.599485001016586,0.2035200000000213,20.39596500101656,-3.8153508737468655,-211.81304503509307,-193.0872968447892,19.249159755691934,0.3300000000000125,10000,results/calibration_followup/audit2/records.csv,,
penny_small,0.01,0.002,1,20,all,1847050722,20.26727407404708,0.1962822663253116,20.070991807721768,17.89514906635486,-183.5272070064623,-164.28338769772446,19.24381930873824,-0.039999999999992,10000,results/calibration_followup/audit2/records.csv,,
penny_small,0.01,0.002,1,20,all,92699064,20.425304931413475,0.1439999999999908,20.281304931413484,5.019877261755028,-200.64578759873345,-182.6921445036249,19.20904392474219,-0.1700000000000017,10000,results/calibration_followup/audit2/records.csv,,
penny_small,0.01,0.002,1,20,all,1381841196,20.751941032359134,0.0371200000000008,20.714821032359133,3.0365236030156666,-211.51538159831847,-199.01293120723344,19.235097374847527,0.0,10000,results/calibration_followup/audit2/records.csv,,
penny_small,0.01,0.002,1,20,all,796745881,20.48496047509482,0.1756789233585549,20.309281551736262,-14.597755207056252,-220.83121378090377,-209.16309656863731,19.244294506475867,0.0100000000000051,10000,results/calibration_followup/audit2/records.csv,,
penny_small,0.01,0.002,1,20,last10,802130905,20.05937915137883,0.0644362902873524,19.994942861091477,15.57194661851463,-184.3269233906419,-178.9966499450789,6.409536000000457,-0.0499999999999971,10000,results/calibration_followup/audit2/records.csv,,
penny_small,0.01,0.002,1,20,last10,1408093620,20.18914570528697,0.0569600000000009,20.132185705286968,12.953636025065862,-189.6988146110146,-183.29299061101435,6.405824000000455,-0.1099999999999994,10000,results/calibration_followup/audit2/records.csv,,
penny_small,0.01,0.002,1,20,last10,1856836435,20.035878607313123,0.0587601121797658,19.977118495133357,2.40017515198997,-197.14245653230967,-192.09962120408017,6.4177919999996345,0.1999999999999886,10000,results/calibration_followup/audit2/records.csv,,
penny_small,0.01,0.002,1,20,last10,1441724827,20.392242540605736,0.0640465876109667,20.32819595299477,27.449679008013845,-179.1680963436626,-172.7368003436599,6.4312960000005495,-0.1399999999999863,10000,results/calibration_followup/audit2/records.csv,,
penny_small,0.01,0.002,1,20,last10,96479995,20.439640858607895,0.0609584812352998,20.378682377372595,13.664141950792327,-193.98120576812585,-187.7418138601037,6.414336000000546,-0.0799999999999983,10000,results/calibration_followup/audit2/records.csv,,
penny_small,0.01,0.002,1,20,last10,2058879711,20.048211166365085,0.0585572367483057,19.98965392961678,-12.443809988752037,-212.2369421016738,-209.0453292054438,6.386304000000181,0.0499999999999971,10000,results/calibration_followup/audit2/records.csv,,
penny_small,0.01,0.002,1,20,last10,1068002424,20.995224851843417,0.0626786896312908,20.932546162212123,8.20717015788614,-210.8785742586846,-209.7666120034584,6.407616000000546,-0.1799999999999926,10000,results/calibration_followup/audit2/records.csv,,
penny_small,0.01,0.002,1,20,last10,756267520,20.488254778091395,0.0635740545765858,20.42468072351481,6.815372861725336,-201.76841846703343,-196.40421949055116,6.408319999999635,-0.1400000000000005,10000,results/calibration_followup/audit2/records.csv,,
penny_small,0.01,0.002,1,20,last10,267404297,20.14044480520282,0.1151999999999943,20.025244805202824,10.292251549180946,-190.2129632049704,-186.19785102419308,6.446719999999543,0.3199999999999932,10000,results/calibration_followup/audit2/records.csv,,
penny_small,0.01,0.002,1,20,last10,1455655358,20.82999410149641,0.0524799999999995,20.77751410149641,-14.604522360687042,-230.45706847962816,-224.56167659062572,6.385151999999728,-0.4399999999999977,10000,results/calibration_followup/audit2/records.csv,,
penny_small,0.01,0.002,1,20,last10,37527391,20.19218374751124,0.0666383707689528,20.125545376742288,16.108350931459427,-186.410437424197,-182.25509014412825,6.425151999999634,-0.1099999999999994,10000,results/calibration_followup/audit2/records.csv,,
penny_small,0.01,0.002,1,20,last10,1437420082,20.599485001016586,0.0646400000000057,20.534845001016578,-3.8611812737472064,-214.70111088163495,-208.81818644702173,6.406336000000546,0.3300000000000125,10000,results/calibration_followup/audit2/records.csv,,
penny_small,0.01,0.002,1,20,last10,1847050722,20.26727407404708,0.0637651068541898,20.20350896719289,17.900449752734858,-186.1904375409869,-179.77699754098796,6.4134400000005485,-0.039999999999992,10000,results/calibration_followup/audit2/records.csv,,
penny_small,0.01,0.002,1,20,last10,92699064,20.425304931413475,0.0486399999999957,20.37666493141348,5.036088461754844,-202.5681484017931,-197.4239332314267,6.399615999999638,-0.1700000000000017,10000,results/calibration_followup/audit2/records.csv,,
penny_small,0.01,0.002,1,20,last10,1381841196,20.751941032359134,0.0243199999999997,20.727621032359135,3.0365236030156666,-211.7806132275327,-212.0984122112951,6.414848000000092,0.0,10000,results/calibration_followup/audit2/records.csv,,
penny_small,0.01,0.002,1,20,last10,796745881,20.48496047509482,0.0586105174031992,20.42634995769162,-14.598925891115869,-223.2168121881601,-224.38863748236895,6.4043520000005465,0.0100000000000051,10000,results/calibration_followup/audit2/records.csv,,
penny_small,0.01,0.002,1,20,last1,802130905,20.05937915137883,0.0063812768658247,20.052997874513007,15.574849369184449,-185.48651250842715,-185.92481506286305,0.6409600000000547,-0.0499999999999971,10000,results/calibration_followup/audit2/records.csv,,
penny_small,0.01,0.002,1,20,last1,1408093620,20.18914570528697,0.0063999999999996,20.18274570528697,12.959197625064917,-190.71241447707487,-190.07190247707425,0.6405119999999636,-0.1099999999999994,10000,results/calibration_followup/audit2/records.csv,,
penny_small,0.01,0.002,1,20,last1,1856836435,20.035878607313123,0.007031118394198,20.028847488918924,2.3898293532329262,-198.187536513954,-198.92082918572447,0.6416639999999635,0.1999999999999886,10000,results/calibration_followup/audit2/records.csv,,
penny_small,0.01,0.002,1,20,last1,1441724827,20.392242540605736,0.0063444487644587,20.385898091841277,27.457757307452994,-180.3346631980159,-179.6915271980143,0.6431360000000549,-0.1399999999999863,10000,results/calibration_followup/audit2/records.csv,,
penny_small,0.01,0.002,1,20,last1,96479995,20.439640858607895,0.0063515843429646,20.43328927426493,13.66851050254445,-195.09114478035065,-194.62468087232975,0.6414080000000547,-0.0799999999999983,10000,results/calibration_followup/audit2/records.csv,,
penny_small,0.01,0.002,1,20,last1,2058879711,20.048211166365085,0.006231468636581,20.041979697728504,-12.446426277156206,-213.28690137923695,-215.84300048300855,0.6385919999999637,0.0499999999999971,10000,results/calibration_followup/audit2/records.csv,,
penny_small,0.01,0.002,1,20,last1,1068002424,20.995224851843417,0.0062075747939621,20.989017277049452,8.21733495855733,-212.05208816958287,-216.7069739143581,0.6407680000000546,-0.1799999999999926,10000,results/calibration_followup/audit2/records.csv,,
penny_small,0.01,0.002,1,20,last1,756267520,20.488254778091395,0.0063590047377242,20.48189577335367,6.823382968703299,-202.93064426655815,-203.3339332900763,0.6408319999999635,-0.1400000000000005,10000,results/calibration_followup/audit2/records.csv,,
penny_small,0.01,0.002,1,20,last1,267404297,20.14044480520282,0.0057426439804492,20.134702161222368,10.257282621694683,-192.4458329388717,-194.23212875809435,0.6453119999999634,0.3299999999999983,10000,results/calibration_followup/audit2/records.csv,,
penny_small,0.01,0.002,1,20,last1,1455655358,20.82999410149641,0.0064000000000005,20.82359410149641,-14.584247160688392,-231.39528281262645,-231.24664292362212,0.6384000000000545,-0.4399999999999977,10000,results/calibration_followup/audit2/records.csv,,
penny_small,0.01,0.002,1,20,last1,37527391,20.19218374751124,0.0062306211367104,20.185953126374528,16.11499578391704,-187.62135602617775,-189.248600746107,0.6425599999999635,-0.1099999999999994,10000,results/calibration_followup/audit2/records.csv,,
penny_small,0.01,0.002,1,20,last1,1437420082,20.599485001016586,0.0064000000000005,20.593085001016583,-3.880400473746704,-215.91797540329375,-215.80074696868175,0.6406400000000547,0.3300000000000125,10000,results/calibration_followup/audit2/records.csv,,
penny_small,0.01,0.002,1,20,last1,1847050722,20.26727407404708,0.0063781172397457,20.260895956807335,17.90274523231892,-187.349207253967,-186.70786325396807,0.6413440000000548,-0.039999999999992,10000,results/calibration_followup/audit2/records.csv,,
penny_small,0.01,0.002,1,20,last1,92699064,20.425304931413475,0.0063999999999996,20.418904931413476,5.043269261754176,-203.4225700372966,-204.03816286692944,0.6398079999999636,-0.1700000000000017,10000,results/calibration_followup/audit2/records.csv,,
penny_small,0.01,0.002,1,20,last1,1381841196,20.751941032359134,0.0057600000000002,20.746181032359136,3.0365236030156666,-212.16549011069333,-218.25698509445573,0.6411520000000547,0.0,10000,results/calibration_followup/audit2/records.csv,,
penny_small,0.01,0.002,1,20,last1,796745881,20.48496047509482,0.0063731759801653,20.478587299114658,-14.5994482645292,-224.2857171482592,-231.22151044246937,0.6403840000000547,0.0100000000000051,10000,results/calibration_followup/audit2/records.csv,,
penny_b05,0.01,0.05,10,0,noop,802130905,0.7353973416020141,0.0,0.7353973416020141,15.859723763167494,15.58931913814984,14.510056583714388,0.0,-0.0799999999999983,10000,results/calibration_followup/audit2/records.csv,,
penny_b05,0.01,0.05,10,0,noop,1408093620,0.2855294483802275,0.0,0.2855294483802275,6.136425641605456,6.0956621086592975,2.1859245743143134,0.0,-0.1299999999999954,10000,results/calibration_followup/audit2/records.csv,,
penny_b05,0.01,0.05,10,0,noop,1856836435,0.6900629737073576,0.0,0.6900629737073576,2.748594158467313,2.5105007046263923,0.5725420261469054,0.0,0.1499999999999914,10000,results/calibration_followup/audit2/records.csv,,
penny_b05,0.01,0.05,10,0,noop,1441724827,0.568361413111985,0.0,0.568361413111985,21.481481192029605,21.31996384407228,21.319963844076533,0.0,-0.1199999999999903,10000,results/calibration_followup/audit2/records.csv,,
penny_b05,0.01,0.05,10,0,noop,96479995,0.6918089517702235,0.0,0.6918089517702235,9.989894820400878,9.75059500752617,9.269552899755553,0.0,-0.0899999999999892,10000,results/calibration_followup/audit2/records.csv,,
penny_b05,0.01,0.05,10,0,noop,2058879711,0.7722328441881992,0.0,0.7722328441881992,-12.061687301777056,-12.359859084598554,-17.08905734101856,0.0,0.0900000000000034,10000,results/calibration_followup/audit2/records.csv,,
penny_b05,0.01,0.05,10,0,noop,1068002424,0.6675775403056123,0.0,0.6675775403056123,2.8125387652762583,2.5897088791160128,-2.8605713990791344,0.0,-0.1499999999999914,10000,results/calibration_followup/audit2/records.csv,,
penny_b05,0.01,0.05,10,0,noop,756267520,0.9324184628381352,0.0,0.9324184628381352,2.4520744543169712,2.017372359396256,0.0970416795293971,0.0,-0.1199999999999903,10000,results/calibration_followup/audit2/records.csv,,
penny_b05,0.01,0.05,10,0,noop,267404297,0.7028696427182304,0.0,0.7028696427182304,-1.561708194489256,-1.8087210618166825,-6.779820743986292,0.0,-0.0300000000000011,10000,results/calibration_followup/audit2/records.csv,,
penny_b05,0.01,0.05,10,0,noop,1455655358,0.6858416347942882,0.0,0.6858416347942882,-24.791598224734116,-25.026787598742768,-25.516547709741815,0.0,-0.3299999999999983,10000,results/calibration_followup/audit2/records.csv,,
penny_b05,0.01,0.05,10,0,noop,37527391,0.5835691360107167,0.0,0.5835691360107167,9.24763934006478,9.077362871812632,6.807558151884187,0.0,-0.0700000000000073,10000,results/calibration_followup/audit2/records.csv,,
penny_b05,0.01,0.05,10,0,noop,1437420082,0.46671908287421,0.0,0.46671908287421,1.5361812167975586,1.4272678656380866,0.9038563002510004,0.0,0.2900000000000062,10000,results/calibration_followup/audit2/records.csv,,
penny_b05,0.01,0.05,10,0,noop,1847050722,0.3991184964010239,0.0,0.3991184964010239,18.219820317233825,18.14017253014912,18.14017253014911,0.0,-0.039999999999992,10000,results/calibration_followup/audit2/records.csv,,
penny_b05,0.01,0.05,10,0,noop,92699064,0.6595176077652241,0.0,0.6595176077652241,1.1826997611697152,0.9652180236935332,-0.6531993248239587,0.0,-0.1599999999999966,10000,results/calibration_followup/audit2/records.csv,,
penny_b05,0.01,0.05,10,0,noop,1381841196,0.7886850767260789,0.0,0.7886850767260789,-3.078528514437494,-3.389540589562704,-15.380612747451975,0.0,-0.0100000000000051,10000,results/calibration_followup/audit2/records.csv,,
penny_b05,0.01,0.05,10,0,noop,796745881,0.684539097759636,0.0,0.684539097759636,-20.175525726370324,-20.40982261455111,-28.25573575585088,0.0,-0.0099999999999909,10000,results/calibration_followup/audit2/records.csv,,
penny_b05,0.01,0.05,10,0,all,802130905,0.7353973416020141,4.876035675601065,-4.140638333999051,15.469640909119336,6.897198002628118,486.1829674893513,480.36503204115854,-0.0799999999999983,10000,results/calibration_followup/audit2/records.csv,,
penny_b05,0.01,0.05,10,0,all,1408093620,0.2855294483802275,3.599999999999978,-3.3144705516197503,5.63242564160646,0.1395681228291936,477.104762765501,480.87493217701774,-0.1400000000000005,10000,results/calibration_followup/audit2/records.csv,,
penny_b05,0.01,0.05,10,0,all,1856836435,0.6900629737073576,1.1173524923710496,-0.427289518663692,2.9161970323239075,2.8249088659439825,481.5163820948194,480.62943190735587,0.1499999999999914,10000,results/calibration_followup/audit2/records.csv,,
penny_b05,0.01,0.05,10,0,all,1441724827,0.568361413111985,7.197214502937789,-6.628853089825804,20.54584330664875,-1.425003336597804,481.46722494196854,482.89222827856304,-0.1299999999999954,10000,results/calibration_followup/audit2/records.csv,,
penny_b05,0.01,0.05,10,0,all,96479995,0.6918089517702235,5.0865905388436,-4.394781587073377,9.532101671906275,-0.1249509271333177,480.1669615502405,480.77295458514567,-0.0899999999999892,10000,results/calibration_followup/audit2/records.csv,,
penny_b05,0.01,0.05,10,0,all,2058879711,0.7722328441881992,3.1519999999998847,-2.3797671558116855,-11.809527301777052,-14.641173159717072,460.0302917813984,479.4006631975355,0.0799999999999983,10000,results/calibration_followup/audit2/records.csv,,
penny_b05,0.01,0.05,10,0,all,1068002424,0.6675775403056123,5.374540578084032,-4.7069630377784195,2.0063576785651094,-9.071392840941014,466.31260320864254,480.8342763277802,-0.1499999999999914,10000,results/calibration_followup/audit2/records.csv,,
penny_b05,0.01,0.05,10,0,all,756267520,0.9324184628381352,4.8960000000001624,-3.9635815371620273,1.815594454315942,-6.039394846549907,473.1442087617969,481.1039342882126,-0.1299999999999954,10000,results/calibration_followup/audit2/records.csv,,
penny_b05,0.01,0.05,10,0,all,267404297,0.7028696427182304,9.55761994819762,-8.85475030547939,-2.039589191899722,-41.2428906780934,435.9982538998257,482.21224426008826,-0.0500000000000113,10000,results/calibration_followup/audit2/records.csv,,
penny_b05,0.01,0.05,10,0,all,1455655358,0.6858416347942882,6.9600000000005595,-6.274158365206271,-27.15799822473491,-46.84052982057882,431.0227424438857,478.3530323754628,-0.3399999999999892,10000,results/calibration_followup/audit2/records.csv,,
penny_b05,0.01,0.05,10,0,all,37527391,0.5835691360107167,5.952000000000135,-5.368430863989419,8.771479340062797,-5.638545630654292,474.004899534261,481.91324988484183,-0.0799999999999983,10000,results/calibration_followup/audit2/records.csv,,
penny_b05,0.01,0.05,10,0,all,1437420082,0.46671908287421,4.078870281986688,-3.6121511991124775,2.719053598573737,-3.8047645440511175,476.80321778285565,481.1313938922939,0.2900000000000062,10000,results/calibration_followup/audit2/records.csv,,
penny_b05,0.01,0.05,10,0,all,1847050722,0.3991184964010239,4.928000000000474,-4.52888150359945,18.022700317233102,7.767316480410493,488.8627991988601,481.0954827184488,-0.039999999999992,10000,results/calibration_followup/audit2/records.csv,,
penny_b05,0.01,0.05,10,0,all,92699064,0.6595176077652241,4.009073305326862,-3.3495556975616383,0.5412480323175259,-5.068513653216291,473.5407671168415,480.2276981185754,-0.1599999999999966,10000,results/calibration_followup/audit2/records.csv,,
penny_b05,0.01,0.05,10,0,all,1381841196,0.7886850767260789,0.6719999999998209,0.116685076726258,-3.0852485144368984,-3.0920562180022046,465.7719059953031,480.8550343711952,-0.0100000000000051,10000,results/calibration_followup/audit2/records.csv,,
penny_b05,0.01,0.05,10,0,all,796745881,0.684539097759636,3.76686100904884,-3.082321911289204,-20.21319433646022,-24.963548518866983,448.2627010017158,481.072162661883,-0.0099999999999909,10000,results/calibration_followup/audit2/records.csv,,
penny_b05,0.01,0.05,10,0,last10,802130905,0.7353973416020141,1.5876290343646895,-0.8522316927626756,15.732713440420412,15.369564011345844,174.48230145691286,160.19200000000455,-0.0799999999999983,10000,results/calibration_followup/audit2/records.csv,,
penny_b05,0.01,0.05,10,0,last10,1408093620,0.2855294483802275,1.3120000000000118,-1.0264705516197845,5.952745641605361,5.425924744934049,161.62498721060052,160.1088000000114,-0.1400000000000005,10000,results/calibration_followup/audit2/records.csv,,
penny_b05,0.01,0.05,10,0,last10,1856836435,0.6900629737073576,1.132983777132478,-0.4429208034251204,2.9185417250373575,2.8204523059839803,161.2792936274952,160.3967999999909,0.1499999999999914,10000,results/calibration_followup/audit2/records.csv,,
penny_b05,0.01,0.05,10,0,last10,1441724827,0.568361413111985,2.2080000000001063,-1.6396385868881214,21.194441192030354,19.85023384422412,180.5894338442413,160.73920000001374,-0.1299999999999954,10000,results/calibration_followup/audit2/records.csv,,
penny_b05,0.01,0.05,10,0,last10,96479995,0.6918089517702235,1.6320000000001529,-0.9401910482299294,9.84301482040064,9.401035216814794,169.25279310905808,160.3328000000137,-0.0899999999999892,10000,results/calibration_followup/audit2/records.csv,,
penny_b05,0.01,0.05,10,0,last10,2058879711,0.7722328441881992,1.151999999999998,-0.379767155811799,-11.969527301776909,-12.041638848093598,142.9699628954908,159.74080000000458,0.0799999999999983,10000,results/calibration_followup/audit2/records.csv,,
penny_b05,0.01,0.05,10,0,last10,1068002424,0.6675775403056123,1.4373698585841863,-0.7697923182785742,2.5969332864897297,2.300643179849379,157.1063629016486,160.25599999999542,-0.1499999999999914,10000,results/calibration_followup/audit2/records.csv,,
penny_b05,0.01,0.05,10,0,last10,756267520,0.9324184628381352,1.7330060825144689,-0.8005876196763337,2.2441137244131824,1.9236434560236733,160.22731277616344,160.22400000000457,-0.1199999999999903,10000,results/calibration_followup/audit2/records.csv,,
penny_b05,0.01,0.05,10,0,last10,267404297,0.7028696427182304,2.2255566271821063,-1.522686984463876,-1.6284748933048832,-2.7877627196327293,152.91313759818644,160.6719999999886,-0.0300000000000011,10000,results/calibration_followup/audit2/records.csv,,
penny_b05,0.01,0.05,10,0,last10,1455655358,0.6858416347942882,1.5742416608809155,-0.8884000260866274,-25.311097972824427,-25.705725275999782,133.58051461301443,159.77600000001362,-0.3299999999999983,10000,results/calibration_followup/audit2/records.csv,,
penny_b05,0.01,0.05,10,0,last10,37527391,0.5835691360107167,1.734003606814815,-1.1504344708040983,9.126259087586732,8.46450935177958,166.8827046318476,160.68799999999547,-0.0700000000000073,10000,results/calibration_followup/audit2/records.csv,,
penny_b05,0.01,0.05,10,0,last10,1437420082,0.46671908287421,1.5423508800409895,-1.0756317971667797,1.9834629720080557,1.4049710904699375,160.98235952509566,160.10080000001142,0.2900000000000062,10000,results/calibration_followup/audit2/records.csv,,
penny_b05,0.01,0.05,10,0,last10,1847050722,0.3991184964010239,1.5840000000001284,-1.1848815035991045,18.156460317233723,17.454488228448085,177.79208822845737,160.33760000000913,-0.039999999999992,10000,results/calibration_followup/audit2/records.csv,,
penny_b05,0.01,0.05,10,0,last10,92699064,0.6595176077652241,1.2563367974970925,-0.5968191897318682,0.9816858735703136,0.8035893009542117,159.18677195244118,160.00160000000454,-0.1599999999999966,10000,results/calibration_followup/audit2/records.csv,,
penny_b05,0.01,0.05,10,0,last10,1381841196,0.7886850767260789,0.1119999999999209,0.676685076726158,-3.079648514436485,-3.308599860968428,145.1051279811436,160.4048000000023,-0.0100000000000051,10000,results/calibration_followup/audit2/records.csv,,
penny_b05,0.01,0.05,10,0,last10,796745881,0.684539097759636,1.3118811115571392,-0.6273420137975032,-20.188644537485743,-20.385423538623495,131.8614633200857,160.0928000000091,-0.0099999999999909,10000,results/calibration_followup/audit2/records.csv,,
penny_b05,0.01,0.05,10,0,last1,802130905,0.7353973416020141,0.1594019777390239,0.5759953638629902,15.846971604949433,15.681086275353602,30.621023720918465,16.019200000001366,-0.0799999999999983,10000,results/calibration_followup/audit2/records.csv,,
penny_b05,0.01,0.05,10,0,last1,1408093620,0.2855294483802275,0.1560166719550079,0.1295127764252196,6.116143474251658,6.1077566946229735,18.207619160279,16.009600000001367,-0.1299999999999954,10000,results/calibration_followup/audit2/records.csv,,
penny_b05,0.01,0.05,10,0,last1,1856836435,0.6900629737073576,0.1740888816472947,0.5159740920600628,2.774707490714718,2.641592858876115,16.737234180395397,16.03359999999909,0.1499999999999914,10000,results/calibration_followup/audit2/records.csv,,
penny_b05,0.01,0.05,10,0,last1,1441724827,0.568361413111985,0.1717772004928472,0.3965842126191378,21.460867927971776,21.382228409122405,37.46222840912672,16.080000000001373,-0.1199999999999903,10000,results/calibration_followup/audit2/records.csv,,
penny_b05,0.01,0.05,10,0,last1,96479995,0.6918089517702235,0.1600000000000136,0.5318089517702098,9.975494820400854,9.83408443980939,25.386642332040164,16.033600000001368,-0.0899999999999892,10000,results/calibration_followup/audit2/records.csv,,
penny_b05,0.01,0.05,10,0,last1,2058879711,0.7722328441881992,0.1554741069431955,0.6167587372450036,-12.047694632154162,-12.237890302138188,-0.9958885585548352,15.971200000001364,0.0900000000000034,10000,results/calibration_followup/audit2/records.csv,,
penny_b05,0.01,0.05,10,0,last1,1068002424,0.6675775403056123,0.1440000000000054,0.5235775403056069,2.7909387652762234,2.653872044919989,13.229191766723956,16.025599999999088,-0.1499999999999914,10000,results/calibration_followup/audit2/records.csv,,
penny_b05,0.01,0.05,10,0,last1,756267520,0.9324184628381352,0.1582493621291406,0.7741691007089945,2.43308453085956,2.133415632613273,16.237084952749687,16.02400000000137,-0.1199999999999903,10000,results/calibration_followup/audit2/records.csv,,
penny_b05,0.01,0.05,10,0,last1,267404297,0.7028696427182304,0.1440000000000054,0.5588696427182249,-1.566028194491082,-1.7221958332670804,9.381904484564233,16.075199999999086,-0.0300000000000011,10000,results/calibration_followup/audit2/records.csv,,
penny_b05,0.01,0.05,10,0,last1,1455655358,0.6858416347942882,0.1742675322749149,0.5115741025193732,-24.849106510386264,-24.979960541570517,-9.49372065256678,15.976000000001363,-0.3299999999999983,10000,results/calibration_followup/audit2/records.csv,,
penny_b05,0.01,0.05,10,0,last1,37527391,0.5835691360107167,0.1586598706769915,0.4249092653337252,9.23653314911644,9.146259207233216,22.946854487304808,16.070399999999086,-0.0700000000000073,10000,results/calibration_followup/audit2/records.csv,,
penny_b05,0.01,0.05,10,0,last1,1437420082,0.46671908287421,0.1598336626900418,0.3068854201841682,1.5825329789786338,1.535443648417827,17.021632083031147,16.009600000001367,0.2900000000000062,10000,results/calibration_followup/audit2/records.csv,,
penny_b05,0.01,0.05,10,0,last1,1847050722,0.3991184964010239,0.1440000000000054,0.2551184964010184,18.214060317231997,18.18151759362904,34.21671759362995,16.03519999999909,-0.039999999999992,10000,results/calibration_followup/audit2/records.csv,,
penny_b05,0.01,0.05,10,0,last1,92699064,0.6595176077652241,0.1435608104625016,0.5159567973027225,1.1597300314952008,1.0266243231537595,15.406606974638152,15.998400000001368,-0.1599999999999966,10000,results/calibration_followup/audit2/records.csv,,
penny_b05,0.01,0.05,10,0,last1,1381841196,0.7886850767260789,0.1439999999999827,0.6446850767260962,-3.079968514437496,-3.2877779385141626,0.748349903595674,16.02719999999909,-0.0100000000000051,10000,results/calibration_followup/audit2/records.csv,,
penny_b05,0.01,0.05,10,0,last1,796745881,0.684539097759636,0.1760000000000218,0.5085390977596141,-20.17728572636952,-20.3065917333446,-12.147704874643797,16.004800000001364,-0.0099999999999909,10000,results/calibration_followup/audit2/records.csv,,
penny_b05,0.01,0.05,10,10,noop,802130905,10.117186764726677,0.0,10.117186764726677,15.733434204626974,-35.445299811553326,-36.52456236598934,0.0,-0.0799999999999983,10000,results/calibration_followup/audit2/records.csv,,
penny_b05,0.01,0.05,10,10,noop,1408093620,10.517146641611523,0.0,10.517146641611523,9.85212400310229,-45.453062737477985,-47.22654786509119,0.0,-0.1299999999999954,10000,results/calibration_followup/audit2/records.csv,,
penny_b05,0.01,0.05,10,10,noop,1856836435,10.69861441933786,0.0,10.69861441933786,2.5484231295540667,-54.68175211727794,-56.28879707694492,0.0,0.1499999999999914,10000,results/calibration_followup/audit2/records.csv,,
penny_b05,0.01,0.05,10,10,noop,1441724827,10.061773553780792,0.0,10.061773553780792,24.35950483423221,-26.260138689549063,-26.26013868954695,0.0,-0.1199999999999903,10000,results/calibration_followup/audit2/records.csv,,
penny_b05,0.01,0.05,10,10,noop,96479995,10.653729822161925,0.0,10.653729822161925,11.392714596044245,-45.358264965766914,-45.839307073536986,0.0,-0.0899999999999892,10000,results/calibration_followup/audit2/records.csv,,
penny_b05,0.01,0.05,10,10,noop,2058879711,10.92194744606972,0.0,10.92194744606972,-12.121687301778366,-71.7661553091328,-75.73050032148787,0.0,0.0900000000000034,10000,results/calibration_followup/audit2/records.csv,,
penny_b05,0.01,0.05,10,10,noop,1068002424,10.705484100558085,0.0,10.705484100558085,5.341231090078509,-51.96246382357246,-57.41274410177138,0.0,-0.1499999999999914,10000,results/calibration_followup/audit2/records.csv,,
penny_b05,0.01,0.05,10,10,noop,756267520,10.206075905092494,0.0,10.206075905092494,4.585015666034451,-47.49697702422033,-48.94313857908287,0.0,-0.1199999999999903,10000,results/calibration_followup/audit2/records.csv,,
penny_b05,0.01,0.05,10,10,noop,267404297,10.70286964271823,0.0,10.70286964271823,4.938291805510744,-52.33741748899899,-55.57980347778917,0.0,-0.0300000000000011,10000,results/calibration_followup/audit2/records.csv,,
penny_b05,0.01,0.05,10,10,noop,1455655358,10.930773734015428,0.0,10.930773734015428,-19.56913217512556,-79.31003938724635,-79.79979949824354,0.0,-0.3299999999999983,10000,results/calibration_followup/audit2/records.csv,,
penny_b05,0.01,0.05,10,10,noop,37527391,10.639211349344222,0.0,10.639211349344222,12.747670536864462,-43.84873853114299,-46.11854325107112,0.0,-0.0700000000000073,10000,results/calibration_followup/audit2/records.csv,,
penny_b05,0.01,0.05,10,10,noop,1437420082,10.572972118510314,0.0,10.572972118510314,-1.1246321635371714,-57.01850187293542,-57.54191343832238,0.0,0.2900000000000062,10000,results/calibration_followup/audit2/records.csv,,
penny_b05,0.01,0.05,10,10,noop,1847050722,10.27739255124533,0.0,10.27739255124533,18.00289917223563,-34.809499653960856,-34.809499653961154,0.0,-0.039999999999992,10000,results/calibration_followup/audit2/records.csv,,
penny_b05,0.01,0.05,10,10,noop,92699064,10.125478181536849,0.0,10.125478181536849,2.981232270185501,-48.28142193220389,-49.7735267354212,0.0,-0.1599999999999966,10000,results/calibration_followup/audit2/records.csv,,
penny_b05,0.01,0.05,10,10,noop,1381841196,10.070919867544404,0.0,10.070919867544404,-0.3982133813751716,-51.10992687062547,-60.841619331703015,0.0,-0.0100000000000051,10000,results/calibration_followup/audit2/records.csv,,
penny_b05,0.01,0.05,10,10,noop,796745881,10.399581527252115,0.0,10.399581527252115,-17.469614694702614,-71.54526266568435,-79.39117580698391,0.0,-0.0099999999999909,10000,results/calibration_followup/audit2/records.csv,,
penny_b05,0.01,0.05,10,10,all,802130905,10.117186764726677,4.876035675601065,5.24115108912561,15.343351350578814,1.6085189810575289,480.8942884677802,480.36503204115854,-0.0799999999999983,10000,results/calibration_followup/audit2/records.csv,,
penny_b05,0.01,0.05,10,10,all,1408093620,10.517146641611523,3.599999999999978,6.917146641611545,9.348124003103294,-14.575334827675643,464.5261122217279,480.87493217701774,-0.1400000000000005,10000,results/calibration_followup/audit2/records.csv,,
penny_b05,0.01,0.05,10,10,all,1856836435,10.69861441933786,1.1173524923710496,9.581261926966812,2.716026003410662,-43.18426405316123,435.83812289452686,480.62943190735587,0.1499999999999914,10000,results/calibration_followup/audit2/records.csv,,
penny_b05,0.01,0.05,10,10,all,1441724827,10.061773553780792,7.197214502937789,2.864559050843003,23.423866948851355,19.32101767096807,502.21324594953217,482.89222827856304,-0.1299999999999954,10000,results/calibration_followup/audit2/records.csv,,
penny_b05,0.01,0.05,10,10,all,96479995,10.653729822161925,5.0865905388436,5.567139283318323,10.93492144754964,-4.561598452383382,475.7303140249911,480.77295458514567,-0.0899999999999892,10000,results/calibration_followup/audit2/records.csv,,
penny_b05,0.01,0.05,10,10,all,2058879711,10.92194744606972,3.1519999999998847,7.769947446069835,-11.869527301778362,-42.055568959121935,433.3807492260584,479.4006631975355,0.0799999999999983,10000,results/calibration_followup/audit2/records.csv,,
penny_b05,0.01,0.05,10,10,all,1068002424,10.705484100558085,5.374540578084032,5.330943522474053,4.535050003365541,-9.67442941653849,465.7095666330431,480.8342763277802,-0.1499999999999914,10000,results/calibration_followup/audit2/records.csv,,
penny_b05,0.01,0.05,10,10,all,756267520,10.206075905092494,4.8960000000001624,5.310075905092331,3.948535666033422,-10.149917392887648,469.5078553404635,481.1039342882126,-0.1299999999999954,10000,results/calibration_followup/audit2/records.csv,,
penny_b05,0.01,0.05,10,10,all,267404297,10.70286964271823,9.55761994819762,1.1452496945206097,4.460410808100278,3.804612376700503,482.7744706479989,482.21224426008826,-0.0500000000000113,10000,results/calibration_followup/audit2/records.csv,,
penny_b05,0.01,0.05,10,10,all,1455655358,10.930773734015428,6.9600000000005595,3.9707737340148688,-21.935532175126355,-29.819054198497547,448.0442180659688,478.3530323754628,-0.3399999999999892,10000,results/calibration_followup/audit2/records.csv,,
penny_b05,0.01,0.05,10,10,all,37527391,10.639211349344222,5.952000000000135,4.6872113493440875,12.271510536864298,1.2865354201542871,480.92998058506817,481.91324988484183,-0.0799999999999983,10000,results/calibration_followup/audit2/records.csv,,
penny_b05,0.01,0.05,10,10,all,1437420082,10.572972118510314,4.078870281986688,6.494101836523627,0.0582402182390069,-21.02843911333077,459.5795432135762,481.1313938922939,0.2900000000000062,10000,results/calibration_followup/audit2/records.csv,,
penny_b05,0.01,0.05,10,10,all,1847050722,10.27739255124533,4.928000000000474,5.349392551244855,17.805779172234907,3.497778838577938,484.5932615570273,481.0954827184488,-0.039999999999992,10000,results/calibration_followup/audit2/records.csv,,
penny_b05,0.01,0.05,10,10,all,92699064,10.125478181536849,4.009073305326862,6.1164048762099865,2.3397805413333117,-16.36542376352934,462.3701695518286,480.2276981185754,-0.1599999999999966,10000,results/calibration_followup/audit2/records.csv,,
penny_b05,0.01,0.05,10,10,all,1381841196,10.070919867544404,0.6719999999998209,9.398919867544585,-0.4049333813745761,-44.57478071963672,426.54856119048026,480.8550343711952,-0.0100000000000051,10000,results/calibration_followup/audit2/records.csv,,
penny_b05,0.01,0.05,10,10,all,796745881,10.399581527252115,3.76686100904884,6.632720518203277,-17.50728330479251,-39.50377404108988,433.7224754794929,481.072162661883,-0.0099999999999909,10000,results/calibration_followup/audit2/records.csv,,
penny_b05,0.01,0.05,10,10,last10,802130905,10.117186764726677,1.5876290343646895,8.529557730361985,15.606423881879891,-20.770253655909052,138.34248378965745,160.19200000000455,-0.0799999999999983,10000,results/calibration_followup/audit2/records.csv,,
penny_b05,0.01,0.05,10,10,last10,1408093620,10.517146641611523,1.3120000000000118,9.205146641611512,9.668444003102197,-32.69891834368365,125.63639652871458,160.1088000000114,-0.1400000000000005,10000,results/calibration_followup/audit2/records.csv,,
penny_b05,0.01,0.05,10,10,last10,1856836435,10.69861441933786,1.132983777132478,9.565630642205385,2.7183706961241114,-43.03227409542517,115.75748094489867,160.3967999999909,0.1499999999999914,10000,results/calibration_followup/audit2/records.csv,,
penny_b05,0.01,0.05,10,10,last10,1441724827,10.061773553780792,2.2080000000001063,7.853773553780686,24.07246483423296,-6.7684146827994915,153.97078531721553,160.73920000001374,-0.1299999999999954,10000,results/calibration_followup/audit2/records.csv,,
penny_b05,0.01,0.05,10,10,last10,96479995,10.653729822161925,1.6320000000001529,9.02172982216177,11.245834596045825,-29.4499698959957,130.4017879962465,160.3328000000137,-0.0899999999999892,10000,results/calibration_followup/audit2/records.csv,,
penny_b05,0.01,0.05,10,10,last10,2058879711,10.92194744606972,1.151999999999998,9.769947446069722,-12.029527301778216,-59.75546385126036,96.020991136389,159.74080000000458,0.0799999999999983,10000,results/calibration_followup/audit2/records.csv,,
penny_b05,0.01,0.05,10,10,last10,1068002424,10.705484100558085,1.4373698585841863,9.268114241973898,5.125625611288342,-37.82334518985135,116.98237453194764,160.25599999999542,-0.1499999999999914,10000,results/calibration_followup/audit2/records.csv,,
penny_b05,0.01,0.05,10,10,last10,756267520,10.206075905092494,1.7330060825144689,8.473069822578024,4.377054936130662,-31.51940117301053,127.25843727213348,160.22400000000457,-0.1199999999999903,10000,results/calibration_followup/audit2/records.csv,,
penny_b05,0.01,0.05,10,10,last10,267404297,10.70286964271823,2.2255566271821063,8.477313015536124,4.871525106695117,-31.060892874993968,126.36872113620451,160.6719999999886,-0.0300000000000011,10000,results/calibration_followup/audit2/records.csv,,
penny_b05,0.01,0.05,10,10,last10,1455655358,10.930773734015428,1.5742416608809155,9.356532073134511,-20.08863192321587,-63.86097814101328,95.42526174800284,159.77600000001362,-0.3299999999999983,10000,results/calibration_followup/audit2/records.csv,,
penny_b05,0.01,0.05,10,10,last10,37527391,10.639211349344222,1.734003606814815,8.905207742529408,12.626290284388231,-27.02507218441462,131.39312309565193,160.68799999999547,-0.0700000000000073,10000,results/calibration_followup/audit2/records.csv,,
penny_b05,0.01,0.05,10,10,last10,1437420082,10.572972118510314,1.5423508800409895,9.030621238469324,-0.6773504083266744,-41.45341038467329,118.12397804995256,160.10080000001142,0.2900000000000062,10000,results/calibration_followup/audit2/records.csv,,
penny_b05,0.01,0.05,10,10,last10,1847050722,10.27739255124533,1.5840000000001284,8.6933925512452,17.939539172235527,-19.84799785278724,140.48960214722197,160.33760000000913,-0.039999999999992,10000,results/calibration_followup/audit2/records.csv,,
penny_b05,0.01,0.05,10,10,last10,92699064,10.125478181536849,1.2563367974970925,8.869141384039757,2.7802183825860993,-36.55061606245723,121.95887913432986,160.00160000000454,-0.1599999999999966,10000,results/calibration_followup/audit2/records.csv,,
penny_b05,0.01,0.05,10,10,last10,1381841196,10.070919867544404,0.1119999999999209,9.958919867544484,-0.3993333813741628,-49.98937584546029,100.6837316934636,160.4048000000023,-0.0100000000000051,10000,results/calibration_followup/audit2/records.csv,,
penny_b05,0.01,0.05,10,10,last10,796745881,10.399581527252115,1.3118811115571392,9.08770041569498,-17.482733505818032,-58.77588292852938,93.47100393018016,160.0928000000091,-0.0099999999999909,10000,results/calibration_followup/audit2/records.csv,,
penny_b05,0.01,0.05,10,10,last1,802130905,10.117186764726677,0.1594019777390239,9.95778478698765,15.720682046407092,-33.85805688557425,-18.91811944000817,16.019200000001366,-0.0799999999999983,10000,results/calibration_followup/audit2/records.csv,,
penny_b05,0.01,0.05,10,10,last1,1408093620,10.517146641611523,0.1560166719550079,10.361129969656515,9.831841835748492,-43.84466528830872,-29.608550415921,16.009600000001367,-0.1299999999999954,10000,results/calibration_followup/audit2/records.csv,,
penny_b05,0.01,0.05,10,10,last1,1856836435,10.69861441933786,0.1740888816472947,10.524525537690566,2.574536461801472,-52.80828243494898,-38.38172739461721,16.03359999999909,0.1499999999999914,10000,results/calibration_followup/audit2/records.csv,,
penny_b05,0.01,0.05,10,10,last1,1441724827,10.061773553780792,0.1717772004928472,9.889996353287945,24.338891570174383,-24.56712236385004,-8.487122363847963,16.080000000001373,-0.1199999999999903,10000,results/calibration_followup/audit2/records.csv,,
penny_b05,0.01,0.05,10,10,last1,96479995,10.653729822161925,0.1600000000000136,10.493729822161908,11.37831459604422,-43.68086819422088,-28.1283103019895,16.033600000001368,-0.0899999999999892,10000,results/calibration_followup/audit2/records.csv,,
penny_b05,0.01,0.05,10,10,last1,2058879711,10.92194744606972,0.1554741069431955,10.766473339126524,-12.107694632153652,-70.06616871321478,-58.05931372556822,15.971200000001364,0.0900000000000034,10000,results/calibration_followup/audit2/records.csv,,
penny_b05,0.01,0.05,10,10,last1,1068002424,10.705484100558085,0.1440000000000054,10.56148410055808,5.319631090076655,-50.452842113093894,-39.877522391291706,16.025599999999088,-0.1499999999999914,10000,results/calibration_followup/audit2/records.csv,,
penny_b05,0.01,0.05,10,10,last1,756267520,10.206075905092494,0.1582493621291406,10.047826542963351,4.56602574257704,-45.91338337616241,-31.33554493102167,16.02400000000137,-0.1199999999999903,10000,results/calibration_followup/audit2/records.csv,,
penny_b05,0.01,0.05,10,10,last1,267404297,10.70286964271823,0.1440000000000054,10.558869642718223,4.933971805510737,-50.81089226044751,-37.978078249238735,16.075199999999086,-0.0300000000000011,10000,results/calibration_followup/audit2/records.csv,,
penny_b05,0.01,0.05,10,10,last1,1455655358,10.930773734015428,0.1742675322749149,10.756506201740514,-19.626640460777708,-77.47785329481877,-61.9916134058131,15.976000000001363,-0.3299999999999983,10000,results/calibration_followup/audit2/records.csv,,
penny_b05,0.01,0.05,10,10,last1,37527391,10.639211349344222,0.1586598706769915,10.48055147866723,12.73656434591794,-42.184415302579,-28.383820022509113,16.070399999999086,-0.0700000000000073,10000,results/calibration_followup/audit2/records.csv,,
penny_b05,0.01,0.05,10,10,last1,1437420082,10.572972118510314,0.1598336626900418,10.413138455820272,-1.0782804013560965,-55.2950066513976,-39.80881821678429,16.009600000001367,0.2900000000000062,10000,results/calibration_followup/audit2/records.csv,,
penny_b05,0.01,0.05,10,10,last1,1847050722,10.27739255124533,0.1440000000000054,10.133392551245324,17.9971391722338,-33.3456831265833,-17.310483126582625,16.03519999999909,-0.039999999999992,10000,results/calibration_followup/audit2/records.csv,,
penny_b05,0.01,0.05,10,10,last1,92699064,10.125478181536849,0.1435608104625016,9.981917371074347,2.9582625405109866,-46.86107466096692,-32.35477946418237,15.998400000001368,-0.1599999999999966,10000,results/calibration_followup/audit2/records.csv,,
penny_b05,0.01,0.05,10,10,last1,1381841196,10.070919867544404,0.1439999999999827,9.926919867544422,-0.3996533813751739,-49.67152240969926,-43.37601487077759,16.02719999999909,-0.0100000000000051,10000,results/calibration_followup/audit2/records.csv,,
penny_b05,0.01,0.05,10,10,last1,796745881,10.399581527252115,0.1760000000000218,10.223581527252096,-17.471374694701808,-69.73218431688696,-61.57329745818596,16.004800000001364,-0.0099999999999909,10000,results/calibration_followup/audit2/records.csv,,
penny_b05,0.01,0.05,10,20,noop,802130905,20.05937915137883,0.0,20.05937915137883,15.575168433028011,-185.61417753635783,-186.69344009079435,0.0,-0.0799999999999983,10000,results/calibration_followup/audit2/records.csv,,
penny_b05,0.01,0.05,10,20,noop,1408093620,20.18914570528697,0.0,20.18914570528697,12.959901625064958,-190.84090052958865,-190.84090052958803,0.0,-0.1299999999999954,10000,results/calibration_followup/audit2/records.csv,,
penny_b05,0.01,0.05,10,20,noop,1856836435,20.035878607313123,0.0,20.035878607313123,2.388423129554212,-198.3297926539396,-199.70474932571008,0.0,0.1499999999999914,10000,results/calibration_followup/audit2/records.csv,,
penny_b05,0.01,0.05,10,20,noop,1441724827,20.392242540605736,0.0,20.392242540605736,27.45864553027968,-180.46313238716544,-180.46313238716337,0.0,-0.1199999999999903,10000,results/calibration_followup/audit2/records.csv,,
penny_b05,0.01,0.05,10,20,noop,96479995,20.439640858607895,0.0,20.439640858607895,13.669018629290804,-195.22044058514584,-195.39538467712364,0.0,-0.0899999999999892,10000,results/calibration_followup/audit2/records.csv,,
penny_b05,0.01,0.05,10,20,noop,2058879711,20.048211166365085,0.0,20.048211166365085,-12.44673785058876,-213.4121233361716,-216.60681443994247,0.0,0.0900000000000034,10000,results/calibration_followup/audit2/records.csv,,
penny_b05,0.01,0.05,10,20,noop,1068002424,20.995224851843417,0.0,20.995224851843417,8.218452322020312,-212.18128096771133,-217.47693471248644,0.0,-0.1499999999999914,10000,results/calibration_followup/audit2/records.csv,,
penny_b05,0.01,0.05,10,20,noop,756267520,20.488254778091395,0.0,20.488254778091395,6.8242732293656445,-203.0600186966268,-204.10413972014388,0.0,-0.1199999999999903,10000,results/calibration_followup/audit2/records.csv,,
penny_b05,0.01,0.05,10,20,noop,267404297,20.14044480520282,0.0,20.14044480520282,10.25538754918125,-192.56337092652936,-194.994978745752,0.0,-0.0300000000000011,10000,results/calibration_followup/audit2/records.csv,,
penny_b05,0.01,0.05,10,20,noop,1455655358,20.82999410149641,0.0,20.82999410149641,-14.581431160688226,-231.52575829487583,-232.0155184058719,0.0,-0.3299999999999983,10000,results/calibration_followup/audit2/records.csv,,
penny_b05,0.01,0.05,10,20,noop,37527391,20.19218374751124,0.0,20.19218374751124,16.11568115224327,-187.74646109438527,-190.0162658143155,0.0,-0.0700000000000073,10000,results/calibration_followup/audit2/records.csv,,
penny_b05,0.01,0.05,10,20,noop,1437420082,20.599485001016586,0.0,20.599485001016586,-3.8825124737468286,-216.0519036273004,-216.5753151926883,0.0,0.2900000000000062,10000,results/calibration_followup/audit2/records.csv,,
penny_b05,0.01,0.05,10,20,noop,1847050722,20.26727407404708,0.0,20.26727407404708,17.90300035700784,-187.47819883926263,-187.47819883926303,0.0,-0.039999999999992,10000,results/calibration_followup/audit2/records.csv,,
penny_b05,0.01,0.05,10,20,noop,92699064,20.425304931413475,0.0,20.425304931413475,5.044357261755067,-203.55218350885673,-204.80758433849064,0.0,-0.1599999999999966,10000,results/calibration_followup/audit2/records.csv,,
penny_b05,0.01,0.05,10,20,noop,1381841196,20.751941032359134,0.0,20.751941032359134,3.0365236030156666,-212.2850047022397,-219.01765168600227,0.0,-0.0100000000000051,10000,results/calibration_followup/audit2/records.csv,,
penny_b05,0.01,0.05,10,20,noop,796745881,20.48496047509482,0.0,20.48496047509482,-14.599511996289948,-224.41631482938843,-231.99249212359803,0.0,-0.0099999999999909,10000,results/calibration_followup/audit2/records.csv,,
penny_b05,0.01,0.05,10,20,all,802130905,20.05937915137883,4.876035675601065,15.183343475777766,15.18508557898167,-100.08187397273996,379.2038955139803,480.36503204115854,-0.0799999999999983,10000,results/calibration_followup/audit2/records.csv,,
penny_b05,0.01,0.05,10,20,all,1408093620,20.18914570528697,3.599999999999978,16.58914570528699,12.455901625065962,-125.14397599055496,355.73095618646255,480.87493217701774,-0.1400000000000005,10000,results/calibration_followup/audit2/records.csv,,
penny_b05,0.01,0.05,10,20,all,1856836435,20.035878607313123,1.1173524923710496,18.918526114942072,2.556026003408988,-176.3992891774636,302.8551860581226,480.62943190735587,0.1499999999999914,10000,results/calibration_followup/audit2/records.csv,,
penny_b05,0.01,0.05,10,20,all,1441724827,20.392242540605736,7.197214502937789,13.195028037667946,26.523007644898826,-60.53137481252277,422.360853466041,482.89222827856304,-0.1299999999999954,10000,results/calibration_followup/audit2/records.csv,,
penny_b05,0.01,0.05,10,20,all,96479995,20.439640858607895,5.0865905388436,15.353050319764296,13.211225480794385,-104.64685157981287,375.9511589133554,480.77295458514567,-0.0899999999999892,10000,results/calibration_followup/audit2/records.csv,,
penny_b05,0.01,0.05,10,20,all,2058879711,20.048211166365085,3.1519999999998847,16.8962111663652,-12.194577850586938,-154.935553739789,321.27041835397387,479.4006631975355,0.0799999999999983,10000,results/calibration_followup/audit2/records.csv,,
penny_b05,0.01,0.05,10,20,all,1068002424,20.995224851843417,5.374540578084032,15.620684273759382,7.412271235305525,-114.59061735493133,360.9480052280757,480.8342763277802,-0.1499999999999914,10000,results/calibration_followup/audit2/records.csv,,
penny_b05,0.01,0.05,10,20,all,756267520,20.488254778091395,4.8960000000001624,15.592254778091233,6.187793229364615,-115.37141130308984,364.68840196160664,481.1039342882126,-0.1299999999999954,10000,results/calibration_followup/audit2/records.csv,,
penny_b05,0.01,0.05,10,20,all,267404297,20.14044480520282,9.55761994819762,10.582824857005198,9.777506551772603,-46.22058442525094,433.5600520156133,482.21224426008826,-0.0500000000000113,10000,results/calibration_followup/audit2/records.csv,,
penny_b05,0.01,0.05,10,20,all,1455655358,20.82999410149641,6.9600000000005595,13.869994101495852,-16.9478311606872,-113.13619934845208,364.7270729160134,478.3530323754628,-0.3399999999999892,10000,results/calibration_followup/audit2/records.csv,,
penny_b05,0.01,0.05,10,20,all,37527391,20.19218374751124,5.952000000000135,14.240183747511104,15.639521152243104,-85.75189542919661,393.89154973571505,481.91324988484183,-0.0799999999999983,10000,results/calibration_followup/audit2/records.csv,,
penny_b05,0.01,0.05,10,20,all,1437420082,20.599485001016586,4.078870281986688,16.520614719029894,-2.6996400919724692,-139.16499543928606,341.4429868876215,481.1313938922939,0.2900000000000062,10000,results/calibration_followup/audit2/records.csv,,
penny_b05,0.01,0.05,10,20,all,1847050722,20.26727407404708,4.928000000000474,15.339274074046608,17.705880357007118,-99.94078420235208,381.15469851609714,481.0954827184488,-0.039999999999992,10000,results/calibration_followup/audit2/records.csv,,
penny_b05,0.01,0.05,10,20,all,92699064,20.425304931413475,4.009073305326862,16.416231626086613,4.402905532901059,-130.3434248677621,348.6288724211812,480.2276981185754,-0.1599999999999966,10000,results/calibration_followup/audit2/records.csv,,
penny_b05,0.01,0.05,10,20,all,1381841196,20.751941032359134,0.6719999999998209,20.079941032359315,3.029803603014443,-198.5722123284992,275.55017505893477,480.8550343711952,-0.0100000000000051,10000,results/calibration_followup/audit2/records.csv,,
penny_b05,0.01,0.05,10,20,all,796745881,20.48496047509482,3.76686100904884,16.71809946604598,-14.637180606379845,-154.3846054846833,319.1113798829899,481.072162661883,-0.0099999999999909,10000,results/calibration_followup/audit2/records.csv,,
penny_b05,0.01,0.05,10,20,last10,802130905,20.05937915137883,1.5876290343646895,18.471750117014142,15.44815811027911,-155.15461808242688,3.958119363140952,160.19200000000455,-0.0799999999999983,10000,results/calibration_followup/audit2/records.csv,,
penny_b05,0.01,0.05,10,20,last10,1408093620,20.18914570528697,1.3120000000000118,18.877145705286956,12.776221625066682,-165.3970933642502,-5.288293364239934,160.1088000000114,-0.1400000000000005,10000,results/calibration_followup/audit2/records.csv,,
penny_b05,0.01,0.05,10,20,last10,1856836435,20.035878607313123,1.132983777132478,18.90289483018065,2.558370696124257,-176.10134578431084,-17.079502456090523,160.3967999999909,0.1499999999999914,10000,results/calibration_followup/audit2/records.csv,,
penny_b05,0.01,0.05,10,20,last10,1441724827,20.392242540605736,2.2080000000001063,18.18424254060563,27.17160553028043,-138.16173285750534,22.577467142509818,160.73920000001374,-0.1299999999999954,10000,results/calibration_followup/audit2/records.csv,,
penny_b05,0.01,0.05,10,20,last10,96479995,20.439640858607895,1.6320000000001529,18.80764085860774,13.522138629290566,-163.34153870389508,-3.1836827958593403,160.3328000000137,-0.0899999999999892,10000,results/calibration_followup/audit2/records.csv,,
penny_b05,0.01,0.05,10,20,last10,2058879711,20.048211166365085,1.151999999999998,18.896211166365088,-12.354577850588612,-190.88797607251897,-34.34186717628529,159.74080000000458,0.0799999999999983,10000,results/calibration_followup/audit2/records.csv,,
penny_b05,0.01,0.05,10,20,last10,1068002424,20.995224851843417,1.4373698585841863,19.557854993259227,8.002846843231964,-183.25199912544548,-28.291652870224596,160.25599999999542,-0.1499999999999914,10000,results/calibration_followup/audit2/records.csv,,
penny_b05,0.01,0.05,10,20,last10,756267520,20.488254778091395,1.7330060825144689,18.755248695576928,6.616312499463675,-169.26336431700634,-10.083485340518507,160.22400000000457,-0.1199999999999903,10000,results/calibration_followup/audit2/records.csv,,
penny_b05,0.01,0.05,10,20,last10,267404297,20.14044480520282,2.2255566271821063,17.91488817802071,10.188620850367442,-150.28298836512568,7.957403815638287,160.6719999999886,-0.0300000000000011,10000,results/calibration_followup/audit2/records.csv,,
penny_b05,0.01,0.05,10,20,last10,1455655358,20.82999410149641,1.5742416608809155,19.255752440615495,-15.100930908778537,-200.49293193591333,-41.20669204689628,159.77600000001362,-0.3299999999999983,10000,results/calibration_followup/audit2/records.csv,,
penny_b05,0.01,0.05,10,20,last10,37527391,20.19218374751124,1.734003606814815,18.458180140696424,15.99430089976522,-154.3579061534347,4.060289126631488,160.68799999999547,-0.0700000000000073,10000,results/calibration_followup/audit2/records.csv,,
penny_b05,0.01,0.05,10,20,last10,1437420082,20.599485001016586,1.5423508800409895,19.057134120975594,-3.4352307185363316,-185.02241117096244,-25.445022736337336,160.10080000001142,0.2900000000000062,10000,results/calibration_followup/audit2/records.csv,,
penny_b05,0.01,0.05,10,20,last10,1847050722,20.26727407404708,1.5840000000001284,18.683274074046953,17.839640357007738,-156.69272470596977,3.644875294039167,160.33760000000913,-0.039999999999992,10000,results/calibration_followup/audit2/records.csv,,
penny_b05,0.01,0.05,10,20,last10,92699064,20.425304931413475,1.2563367974970925,19.168968133916383,4.8433433741538465,-178.88132628539702,-20.135127115024545,160.00160000000454,-0.1599999999999966,10000,results/calibration_followup/audit2/records.csv,,
penny_b05,0.01,0.05,10,20,last10,1381841196,20.751941032359134,0.1119999999999209,20.639941032359214,3.0354036030148563,-209.9681793066179,-56.29602629037743,160.4048000000023,-0.0100000000000051,10000,results/calibration_followup/audit2/records.csv,,
penny_b05,0.01,0.05,10,20,last10,796745881,20.48496047509482,1.3118811115571392,19.17307936353768,-14.612630807405369,-198.4161169476626,-45.89949424186308,160.0928000000091,-0.0099999999999909,10000,results/calibration_followup/audit2/records.csv,,
penny_b05,0.01,0.05,10,20,last1,802130905,20.05937915137883,0.1594019777390239,19.899977173639808,15.562416274809948,-182.44212948088276,-167.5021920353189,16.019200000001366,-0.0799999999999983,10000,results/calibration_followup/audit2/records.csv,,
penny_b05,0.01,0.05,10,20,last1,1408093620,20.18914570528697,0.1560166719550079,20.03312903333196,12.93961945771116,-187.7235099753528,-171.71390997535116,16.009600000001367,-0.1299999999999954,10000,results/calibration_followup/audit2/records.csv,,
penny_b05,0.01,0.05,10,20,last1,1856836435,20.035878607313123,0.1740888816472947,19.86178972566583,2.4145364618016174,-194.83080909148077,-180.17216576325225,16.03359999999909,0.1499999999999914,10000,results/calibration_followup/audit2/records.csv,,
penny_b05,0.01,0.05,10,20,last1,1441724827,20.392242540605736,0.1717772004928472,20.220465340112888,27.43803226622003,-176.99557701913326,-160.91557701912953,16.080000000001373,-0.1199999999999903,10000,results/calibration_followup/audit2/records.csv,,
penny_b05,0.01,0.05,10,20,last1,96479995,20.439640858607895,0.1600000000000136,20.27964085860788,13.65461862929078,-191.9772980477683,-176.11864213974502,16.033600000001368,-0.0899999999999892,10000,results/calibration_followup/audit2/records.csv,,
penny_b05,0.01,0.05,10,20,last1,2058879711,20.048211166365085,0.1554741069431955,19.89273705942189,-12.432745180964048,-210.29323903861257,-197.51673014238196,15.971200000001364,0.0900000000000034,10000,results/calibration_followup/audit2/records.csv,,
penny_b05,0.01,0.05,10,20,last1,1068002424,20.995224851843417,0.1440000000000054,20.85122485184341,8.196852322020277,-209.1899365890458,-198.4599903338219,16.025599999999088,-0.1499999999999914,10000,results/calibration_followup/audit2/records.csv,,
penny_b05,0.01,0.05,10,20,last1,756267520,20.488254778091395,0.1582493621291406,20.330005415962255,6.805283305910052,-199.84927680061725,-184.86939782413305,16.02400000000137,-0.1199999999999903,10000,results/calibration_followup/audit2/records.csv,,
penny_b05,0.01,0.05,10,20,last1,267404297,20.14044480520282,0.1440000000000054,19.996444805202813,10.251067549181244,-189.67783487458004,-176.0342426938037,16.075199999999086,-0.0300000000000011,10000,results/calibration_followup/audit2/records.csv,,
penny_b05,0.01,0.05,10,20,last1,1455655358,20.82999410149641,0.1742675322749149,20.655726569221496,-14.638939446336735,-227.96845949755817,-212.482219608555,15.976000000001363,-0.3299999999999983,10000,results/calibration_followup/audit2/records.csv,,
penny_b05,0.01,0.05,10,20,last1,37527391,20.19218374751124,0.1586598706769915,20.03352387683425,16.10457496129493,-184.56646450054905,-170.76586922047926,16.070399999999086,-0.0700000000000073,10000,results/calibration_followup/audit2/records.csv,,
penny_b05,0.01,0.05,10,20,last1,1437420082,20.599485001016586,0.1598336626900418,20.43965133832654,-3.836160711567573,-212.72583412774455,-197.23964569313017,16.009600000001367,0.2900000000000062,10000,results/calibration_followup/audit2/records.csv,,
penny_b05,0.01,0.05,10,20,last1,1847050722,20.26727407404708,0.1440000000000054,20.123274074047075,17.89724035700783,-184.57583937259977,-168.5406393726011,16.03519999999909,-0.039999999999992,10000,results/calibration_followup/audit2/records.csv,,
penny_b05,0.01,0.05,10,20,last1,92699064,20.425304931413475,0.1435608104625016,20.28174412095097,5.021387532080553,-200.6531847617841,-185.9101855914161,15.998400000001368,-0.1599999999999966,10000,results/calibration_followup/audit2/records.csv,,
penny_b05,0.01,0.05,10,20,last1,1381841196,20.751941032359134,0.1439999999999827,20.60794103235915,3.0350836030138453,-209.30853319358212,-200.01398017734377,16.02719999999909,-0.0100000000000051,10000,results/calibration_followup/audit2/records.csv,,
penny_b05,0.01,0.05,10,20,last1,796745881,20.48496047509482,0.1760000000000218,20.308960475094796,-14.601271996289142,-220.82820978577047,-212.3995870799795,16.004800000001364,-0.0099999999999909,10000,results/calibration_followup/audit2/records.csv,,
penny_b10,0.01,0.1,10,0,noop,802130905,0.7353973416020141,0.0,0.7353973416020141,15.859723763167494,15.58931913814984,14.510056583714388,0.0,-0.0799999999999983,10000,results/calibration_followup/audit2/records.csv,,
penny_b10,0.01,0.1,10,0,noop,1408093620,0.2855294483802275,0.0,0.2855294483802275,6.136425641605456,6.0956621086592975,2.1859245743143134,0.0,-0.1299999999999954,10000,results/calibration_followup/audit2/records.csv,,
penny_b10,0.01,0.1,10,0,noop,1856836435,0.6900629737073576,0.0,0.6900629737073576,2.748594158467313,2.5105007046263923,0.5725420261469054,0.0,0.1499999999999914,10000,results/calibration_followup/audit2/records.csv,,
penny_b10,0.01,0.1,10,0,noop,1441724827,0.568361413111985,0.0,0.568361413111985,21.481481192029605,21.31996384407228,21.319963844076533,0.0,-0.1199999999999903,10000,results/calibration_followup/audit2/records.csv,,
penny_b10,0.01,0.1,10,0,noop,96479995,0.6918089517702235,0.0,0.6918089517702235,9.989894820400878,9.75059500752617,9.269552899755553,0.0,-0.0899999999999892,10000,results/calibration_followup/audit2/records.csv,,
penny_b10,0.01,0.1,10,0,noop,2058879711,0.7722328441881992,0.0,0.7722328441881992,-12.061687301777056,-12.359859084598554,-17.08905734101856,0.0,0.0900000000000034,10000,results/calibration_followup/audit2/records.csv,,
penny_b10,0.01,0.1,10,0,noop,1068002424,0.6675775403056123,0.0,0.6675775403056123,2.8125387652762583,2.5897088791160128,-2.8605713990791344,0.0,-0.1499999999999914,10000,results/calibration_followup/audit2/records.csv,,
penny_b10,0.01,0.1,10,0,noop,756267520,0.9324184628381352,0.0,0.9324184628381352,2.4520744543169712,2.017372359396256,0.0970416795293971,0.0,-0.1199999999999903,10000,results/calibration_followup/audit2/records.csv,,
penny_b10,0.01,0.1,10,0,noop,267404297,0.7028696427182304,0.0,0.7028696427182304,-1.561708194489256,-1.8087210618166825,-6.779820743986292,0.0,-0.0300000000000011,10000,results/calibration_followup/audit2/records.csv,,
penny_b10,0.01,0.1,10,0,noop,1455655358,0.6858416347942882,0.0,0.6858416347942882,-24.791598224734116,-25.026787598742768,-25.516547709741815,0.0,-0.3299999999999983,10000,results/calibration_followup/audit2/records.csv,,
penny_b10,0.01,0.1,10,0,noop,37527391,0.5835691360107167,0.0,0.5835691360107167,9.24763934006478,9.077362871812632,6.807558151884187,0.0,-0.0700000000000073,10000,results/calibration_followup/audit2/records.csv,,
penny_b10,0.01,0.1,10,0,noop,1437420082,0.46671908287421,0.0,0.46671908287421,1.5361812167975586,1.4272678656380866,0.9038563002510004,0.0,0.2900000000000062,10000,results/calibration_followup/audit2/records.csv,,
penny_b10,0.01,0.1,10,0,noop,1847050722,0.3991184964010239,0.0,0.3991184964010239,18.219820317233825,18.14017253014912,18.14017253014911,0.0,-0.039999999999992,10000,results/calibration_followup/audit2/records.csv,,
penny_b10,0.01,0.1,10,0,noop,92699064,0.6595176077652241,0.0,0.6595176077652241,1.1826997611697152,0.9652180236935332,-0.6531993248239587,0.0,-0.1599999999999966,10000,results/calibration_followup/audit2/records.csv,,
penny_b10,0.01,0.1,10,0,noop,1381841196,0.7886850767260789,0.0,0.7886850767260789,-3.078528514437494,-3.389540589562704,-15.380612747451975,0.0,-0.0100000000000051,10000,results/calibration_followup/audit2/records.csv,,
penny_b10,0.01,0.1,10,0,noop,796745881,0.684539097759636,0.0,0.684539097759636,-20.175525726370324,-20.40982261455111,-28.25573575585088,0.0,-0.0099999999999909,10000,results/calibration_followup/audit2/records.csv,,
penny_b10,0.01,0.1,10,0,all,802130905,0.7353973416020141,9.119999999999893,-8.384602658397878,15.038923763167986,-20.111857106438393,939.5229444214382,960.7140640823126,-0.0900000000000034,10000,results/calibration_followup/audit2/records.csv,,
penny_b10,0.01,0.1,10,0,all,1408093620,0.2855294483802275,7.295999999999913,-7.010470551619686,5.114985641605017,-19.458363035958392,938.3721637837232,961.7402643540262,-0.1400000000000005,10000,results/calibration_followup/audit2/records.csv,,
penny_b10,0.01,0.1,10,0,all,1856836435,0.6900629737073576,2.435645084535832,-1.7455821108284746,3.1139409211482416,1.5904124683260452,960.8889176045668,961.2364638147208,0.1499999999999914,10000,results/calibration_followup/audit2/records.csv,,
penny_b10,0.01,0.1,10,0,all,1441724827,0.568361413111985,13.536000000001422,-12.967638586889436,19.58644119203018,-64.49338406806176,901.281472489068,965.774856557126,-0.1399999999999863,10000,results/calibration_followup/audit2/records.csv,,
penny_b10,0.01,0.1,10,0,all,96479995,0.6918089517702235,10.184818207825517,-9.493009256055291,9.07326118169658,-35.985351186079136,925.0603158764416,961.5267091702914,-0.0899999999999892,10000,results/calibration_followup/audit2/records.csv,,
penny_b10,0.01,0.1,10,0,all,2058879711,0.7722328441881992,6.5279999999997464,-5.755767155811547,-11.539447301776818,-28.10387507773629,925.94585306091,958.7789263950664,0.0799999999999983,10000,results/calibration_followup/audit2/records.csv,,
penny_b10,0.01,0.1,10,0,all,1068002424,0.6675775403056123,10.176000000000432,-9.50842245969482,1.1843787652760511,-44.0206700707384,912.1752023066404,961.646152655574,-0.1599999999999966,10000,results/calibration_followup/audit2/records.csv,,
penny_b10,0.01,0.1,10,0,all,756267520,0.9324184628381352,9.984000000000377,-9.051581537162242,1.154154454316085,-39.81140970763211,920.4569281889318,962.1886685764298,-0.1299999999999954,10000,results/calibration_followup/audit2/records.csv,,
penny_b10,0.01,0.1,10,0,all,267404297,0.7028696427182304,17.887999999998783,-17.185130357280553,-2.9927481944887404,-150.65710089285156,808.6426879451548,964.2708885201766,-0.0800000000000125,10000,results/calibration_followup/audit2/records.csv,,
penny_b10,0.01,0.1,10,0,all,1455655358,0.6858416347942882,13.784980637444884,-13.099139002650595,-29.478491641466466,-115.27221294684747,840.9280916930848,956.6900647509302,-0.3399999999999892,10000,results/calibration_followup/audit2/records.csv,,
penny_b10,0.01,0.1,10,0,all,37527391,0.5835691360107167,12.027086802113509,-11.44351766610279,8.28547239589534,-57.19157589130799,904.3331191584476,963.7944997696836,-0.0799999999999983,10000,results/calibration_followup/audit2/records.csv,,
penny_b10,0.01,0.1,10,0,all,1437420082,0.46671908287421,8.15524787487714,-7.688528792002931,3.9012031005113386,-25.65553439221768,936.0710418269832,962.2499877845872,0.2900000000000062,10000,results/calibration_followup/audit2/records.csv,,
penny_b10,0.01,0.1,10,0,all,1847050722,0.3991184964010239,9.936225512408711,-9.537107016007688,17.822371296735582,-27.655833820655957,934.5223316162484,962.1781654369022,-0.039999999999992,10000,results/calibration_followup/audit2/records.csv,,
penny_b10,0.01,0.1,10,0,all,92699064,0.6595176077652241,7.391999999999917,-6.732482392234693,-0.0739402388298913,-22.737099819704977,936.0774790689326,960.4329962371554,-0.1700000000000017,10000,results/calibration_followup/audit2/records.csv,,
penny_b10,0.01,0.1,10,0,all,1381841196,0.7886850767260789,1.7576227101749946,-0.9689376334489156,-3.096104741538511,-3.5655248102953037,946.1118717742048,961.6684687423902,-0.0100000000000051,10000,results/calibration_followup/audit2/records.csv,,
penny_b10,0.01,0.1,10,0,all,796745881,0.684539097759636,6.8480000000004555,-6.1634609022408196,-20.31248572637014,-39.30661087309575,914.97260130937,962.1251253237656,-0.019999999999996,10000,results/calibration_followup/audit2/records.csv,,
penny_b10,0.01,0.1,10,0,last10,802130905,0.7353973416020141,3.1611760853434827,-2.4257787437414686,15.606829676340569,12.6646284195466,331.96936586511976,320.3840000000091,-0.0799999999999983,10000,results/calibration_followup/audit2/records.csv,,
penny_b10,0.01,0.1,10,0,last10,1408093620,0.2855294483802275,2.688000000000056,-2.4024705516198286,5.76010564160606,2.8741732659058186,319.1756357315876,320.21120000002736,-0.1400000000000005,10000,results/calibration_followup/audit2/records.csv,,
penny_b10,0.01,0.1,10,0,last10,1856836435,0.6900629737073576,2.250796543909787,-1.5607335702024292,3.0862136400555755,1.868269001477165,320.72391032297764,320.7935999999818,0.1499999999999914,10000,results/calibration_followup/audit2/records.csv,,
penny_b10,0.01,0.1,10,0,last10,1441724827,0.568361413111985,4.416000000000213,-3.847638586888228,20.907401192029283,13.505239844373666,334.9836398444057,321.4784000000275,-0.1299999999999954,10000,results/calibration_followup/audit2/records.csv,,
penny_b10,0.01,0.1,10,0,last10,96479995,0.6918089517702235,3.3280000000003387,-2.636191048230115,9.690374820400391,6.215623199016097,326.39378109127335,320.6592000000274,-0.0899999999999892,10000,results/calibration_followup/audit2/records.csv,,
penny_b10,0.01,0.1,10,0,last10,2058879711,0.7722328441881992,2.3039999999999963,-1.5317671558117971,-11.877367301778577,-13.050522611590456,301.70187913200016,319.48160000000917,0.0799999999999983,10000,results/calibration_followup/audit2/records.csv,,
penny_b10,0.01,0.1,10,0,last10,1068002424,0.6675775403056123,2.861092953720332,-2.19351541341472,2.383374822218684,-0.0223801122252904,315.03933960957,320.51199999999085,-0.1499999999999914,10000,results/calibration_followup/audit2/records.csv,,
penny_b10,0.01,0.1,10,0,last10,756267520,0.9324184628381352,3.449149079906562,-2.516730617068427,2.0381765647289285,-1.128789934715884,317.3988793854257,320.44800000000913,-0.1199999999999903,10000,results/calibration_followup/audit2/records.csv,,
penny_b10,0.01,0.1,10,0,last10,267404297,0.7028696427182304,4.287999999999784,-3.585130357281554,-1.7332281944891292,-8.159808033840012,308.2002922839674,321.33119999997723,-0.0400000000000062,10000,results/calibration_followup/audit2/records.csv,,
penny_b10,0.01,0.1,10,0,last10,1455655358,0.6858416347942882,3.126291629102933,-2.4404499943086444,-25.823274462338304,-28.801172549698837,290.26106733932966,319.55200000002725,-0.3299999999999983,10000,results/calibration_followup/audit2/records.csv,,
penny_b10,0.01,0.1,10,0,last10,37527391,0.5835691360107167,3.2000000000000908,-2.616430863989374,8.991639340065376,5.568784107047285,324.67497938710915,321.37599999999094,-0.0799999999999983,10000,results/calibration_followup/audit2/records.csv,,
penny_b10,0.01,0.1,10,0,last10,1437420082,0.46671908287421,3.0982297825081293,-2.6315106996339193,2.4346678537240223,-1.0277564274198774,318.64723200721215,320.1984000000183,0.2900000000000062,10000,results/calibration_followup/audit2/records.csv,,
penny_b10,0.01,0.1,10,0,last10,1847050722,0.3991184964010239,3.2000000000002733,-2.80088150359925,18.091820317233218,14.169351718631018,334.8413517186545,320.6720000000228,-0.039999999999992,10000,results/calibration_followup/audit2/records.csv,,
penny_b10,0.01,0.1,10,0,last10,92699064,0.6595176077652241,2.5356129889330363,-1.8760953811678125,0.7770016829399538,-0.9828652566796456,317.39871739480793,320.00000000000455,-0.1599999999999966,10000,results/calibration_followup/audit2/records.csv,,
penny_b10,0.01,0.1,10,0,last10,1381841196,0.7886850767260789,0.2559999999998581,0.5326850767262208,-3.0810885144364875,-3.2229652099198973,305.59236263219447,320.8064000000046,-0.0100000000000051,10000,results/calibration_followup/audit2/records.csv,,
penny_b10,0.01,0.1,10,0,last10,796745881,0.684539097759636,2.6403623940007273,-1.9558232962410913,-20.20192935031082,-22.114551733370504,290.22193512534847,320.1824000000182,-0.0099999999999909,10000,results/calibration_followup/audit2/records.csv,,
penny_b10,0.01,0.1,10,0,last1,802130905,0.7353973416020141,0.3186614310473903,0.4167359105546238,15.834230848684456,15.74739643911156,46.70653388467809,32.03840000000273,-0.0799999999999983,10000,results/calibration_followup/audit2/records.csv,,
penny_b10,0.01,0.1,10,0,last1,1408093620,0.2855294483802275,0.311801853663415,-0.0262724052831874,6.095891400629625,6.095546280989943,34.20500874664728,32.01920000000273,-0.1299999999999954,10000,results/calibration_followup/audit2/records.csv,,
penny_b10,0.01,0.1,10,0,last1,1856836435,0.6900629737073576,0.3478175356131417,0.3422454380942158,2.800766788810506,2.7422008188623552,32.87144214037983,32.06719999999818,0.1499999999999914,10000,results/calibration_followup/audit2/records.csv,,
penny_b10,0.01,0.1,10,0,last1,1441724827,0.568361413111985,0.3432920563654389,0.225069356746546,21.440286145265414,21.414958037592267,53.5749580375996,32.160000000002746,-0.1199999999999903,10000,results/calibration_followup/audit2/records.csv,,
penny_b10,0.01,0.1,10,0,last1,96479995,0.6918089517702235,0.3200000000000273,0.3718089517701962,9.961094820400833,9.891973872092604,41.478131764324765,32.067200000002735,-0.0899999999999892,10000,results/calibration_followup/audit2/records.csv,,
penny_b10,0.01,0.1,10,0,last1,2058879711,0.7722328441881992,0.2880000000000109,0.4842328441881882,-12.038647301778838,-12.155888025474129,15.057313718110372,31.942400000002728,0.0799999999999983,10000,results/calibration_followup/audit2/records.csv,,
penny_b10,0.01,0.1,10,0,last1,1068002424,0.6675775403056123,0.2880000000000109,0.3795775403056014,2.7693387652761885,2.6972992107239633,29.29821893252705,32.051199999998175,-0.1499999999999914,10000,results/calibration_followup/audit2/records.csv,,
penny_b10,0.01,0.1,10,0,last1,756267520,0.9324184628381352,0.3163574883697809,0.6160609744683543,2.414111555712225,2.224345993580775,32.352015313717025,32.04800000000274,-0.1199999999999903,10000,results/calibration_followup/audit2/records.csv,,
penny_b10,0.01,0.1,10,0,last1,267404297,0.7028696427182304,0.2880000000000109,0.4148696427182194,-1.57034819448927,-1.6564066047138415,25.52289371311474,32.15039999999817,-0.0300000000000011,10000,results/calibration_followup/audit2/records.csv,,
penny_b10,0.01,0.1,10,0,last1,1455655358,0.6858416347942882,0.348261404520957,0.3375802302733311,-24.90652448822766,-24.96350469416336,6.49873519484197,31.952000000002727,-0.3299999999999983,10000,results/calibration_followup/audit2/records.csv,,
penny_b10,0.01,0.1,10,0,last1,37527391,0.5835691360107167,0.3171139108851182,0.2664552251255985,9.22544136630313,9.189942172804765,39.06093745287418,32.14079999999817,-0.0700000000000073,10000,results/calibration_followup/audit2/records.csv,,
penny_b10,0.01,0.1,10,0,last1,1437420082,0.46671908287421,0.3194760069904676,0.1472430758837424,1.6288292588251352,1.6179889971272825,33.1137774317426,32.01920000000273,0.2900000000000062,10000,results/calibration_followup/audit2/records.csv,,
penny_b10,0.01,0.1,10,0,last1,1847050722,0.3991184964010239,0.2880000000000109,0.111118496401013,18.208300317233807,18.202126657112597,50.272526657110795,32.07039999999818,-0.039999999999992,10000,results/calibration_followup/audit2/records.csv,,
penny_b10,0.01,0.1,10,0,last1,92699064,0.6595176077652241,0.2870097691790778,0.3725078385861463,1.1367781981007283,1.067397153196667,31.44577980468225,31.996800000002736,-0.1599999999999966,10000,results/calibration_followup/audit2/records.csv,,
penny_b10,0.01,0.1,10,0,last1,1381841196,0.7886850767260789,0.2879999999999654,0.5006850767261135,-3.0814085144374985,-3.206751287465615,16.856576554643297,32.05439999999818,-0.0100000000000051,10000,results/calibration_followup/audit2/records.csv,,
penny_b10,0.01,0.1,10,0,last1,796745881,0.684539097759636,0.3520000000000436,0.3325390977595923,-20.179045726368713,-20.234336852138096,3.9293500065632614,32.00960000000273,-0.0099999999999909,10000,results/calibration_followup/audit2/records.csv,,
penny_b10,0.01,0.1,10,10,noop,802130905,10.117186764726677,0.0,10.117186764726677,15.733434204626974,-35.445299811553326,-36.52456236598934,0.0,-0.0799999999999983,10000,results/calibration_followup/audit2/records.csv,,
penny_b10,0.01,0.1,10,10,noop,1408093620,10.517146641611523,0.0,10.517146641611523,9.85212400310229,-45.453062737477985,-47.22654786509119,0.0,-0.1299999999999954,10000,results/calibration_followup/audit2/records.csv,,
penny_b10,0.01,0.1,10,10,noop,1856836435,10.69861441933786,0.0,10.69861441933786,2.5484231295540667,-54.68175211727794,-56.28879707694492,0.0,0.1499999999999914,10000,results/calibration_followup/audit2/records.csv,,
penny_b10,0.01,0.1,10,10,noop,1441724827,10.061773553780792,0.0,10.061773553780792,24.35950483423221,-26.260138689549063,-26.26013868954695,0.0,-0.1199999999999903,10000,results/calibration_followup/audit2/records.csv,,
penny_b10,0.01,0.1,10,10,noop,96479995,10.653729822161925,0.0,10.653729822161925,11.392714596044245,-45.358264965766914,-45.839307073536986,0.0,-0.0899999999999892,10000,results/calibration_followup/audit2/records.csv,,
penny_b10,0.01,0.1,10,10,noop,2058879711,10.92194744606972,0.0,10.92194744606972,-12.121687301778366,-71.7661553091328,-75.73050032148787,0.0,0.0900000000000034,10000,results/calibration_followup/audit2/records.csv,,
penny_b10,0.01,0.1,10,10,noop,1068002424,10.705484100558085,0.0,10.705484100558085,5.341231090078509,-51.96246382357246,-57.41274410177138,0.0,-0.1499999999999914,10000,results/calibration_followup/audit2/records.csv,,
penny_b10,0.01,0.1,10,10,noop,756267520,10.206075905092494,0.0,10.206075905092494,4.585015666034451,-47.49697702422033,-48.94313857908287,0.0,-0.1199999999999903,10000,results/calibration_followup/audit2/records.csv,,
penny_b10,0.01,0.1,10,10,noop,267404297,10.70286964271823,0.0,10.70286964271823,4.938291805510744,-52.33741748899899,-55.57980347778917,0.0,-0.0300000000000011,10000,results/calibration_followup/audit2/records.csv,,
penny_b10,0.01,0.1,10,10,noop,1455655358,10.930773734015428,0.0,10.930773734015428,-19.56913217512556,-79.31003938724635,-79.79979949824354,0.0,-0.3299999999999983,10000,results/calibration_followup/audit2/records.csv,,
penny_b10,0.01,0.1,10,10,noop,37527391,10.639211349344222,0.0,10.639211349344222,12.747670536864462,-43.84873853114299,-46.11854325107112,0.0,-0.0700000000000073,10000,results/calibration_followup/audit2/records.csv,,
penny_b10,0.01,0.1,10,10,noop,1437420082,10.572972118510314,0.0,10.572972118510314,-1.1246321635371714,-57.01850187293542,-57.54191343832238,0.0,0.2900000000000062,10000,results/calibration_followup/audit2/records.csv,,
penny_b10,0.01,0.1,10,10,noop,1847050722,10.27739255124533,0.0,10.27739255124533,18.00289917223563,-34.809499653960856,-34.809499653961154,0.0,-0.039999999999992,10000,results/calibration_followup/audit2/records.csv,,
penny_b10,0.01,0.1,10,10,noop,92699064,10.125478181536849,0.0,10.125478181536849,2.981232270185501,-48.28142193220389,-49.7735267354212,0.0,-0.1599999999999966,10000,results/calibration_followup/audit2/records.csv,,
penny_b10,0.01,0.1,10,10,noop,1381841196,10.070919867544404,0.0,10.070919867544404,-0.3982133813751716,-51.10992687062547,-60.841619331703015,0.0,-0.0100000000000051,10000,results/calibration_followup/audit2/records.csv,,
penny_b10,0.01,0.1,10,10,noop,796745881,10.399581527252115,0.0,10.399581527252115,-17.469614694702614,-71.54526266568435,-79.39117580698391,0.0,-0.0099999999999909,10000,results/calibration_followup/audit2/records.csv,,
penny_b10,0.01,0.1,10,10,all,802130905,10.117186764726677,9.119999999999893,0.9971867647267824,14.912634204629285,14.415443482756151,974.0502450106304,960.7140640823126,-0.0900000000000034,10000,results/calibration_followup/audit2/records.csv,,
penny_b10,0.01,0.1,10,10,all,1408093620,10.517146641611523,7.295999999999913,3.22114664161161,8.830684003101851,3.642791159718974,963.6095703861324,961.7402643540262,-0.1400000000000005,10000,results/calibration_followup/audit2/records.csv,,
penny_b10,0.01,0.1,10,10,all,1856836435,10.69861441933786,2.435645084535832,8.26296933480203,2.9137698922349955,-31.224561221704356,928.4048576333488,961.2364638147208,0.1499999999999914,10000,results/calibration_followup/audit2/records.csv,,
penny_b10,0.01,0.1,10,10,all,1441724827,10.061773553780792,13.536000000001422,-3.47422644622063,22.464464834230967,16.42934013442155,982.204196691551,965.774856557126,-0.1399999999999863,10000,results/calibration_followup/audit2/records.csv,,
penny_b10,0.01,0.1,10,10,all,96479995,10.653729822161925,10.184818207825517,0.4689116143364078,10.476080957339946,10.366141906310158,971.4118089688316,961.5267091702914,-0.0899999999999892,10000,results/calibration_followup/audit2/records.csv,,
penny_b10,0.01,0.1,10,10,all,2058879711,10.92194744606972,6.5279999999997464,4.393947446069973,-11.599447301778127,-21.252834381190542,933.5617470015206,958.7789263950664,0.0799999999999983,10000,results/calibration_followup/audit2/records.csv,,
penny_b10,0.01,0.1,10,10,all,1068002424,10.705484100558085,10.176000000000432,0.5294841005576529,3.7130710900783015,3.572894383706628,959.7687667610818,961.646152655574,-0.1599999999999966,10000,results/calibration_followup/audit2/records.csv,,
penny_b10,0.01,0.1,10,10,all,756267520,10.206075905092494,9.984000000000377,0.222075905092117,3.287095666033565,3.2624368122223237,964.0049438337904,962.1886685764298,-0.1299999999999954,10000,results/calibration_followup/audit2/records.csv,,
penny_b10,0.01,0.1,10,10,all,267404297,10.70286964271823,17.887999999998783,-7.185130357280553,3.5072518055112596,-22.305797320046025,938.7227052113396,964.2708885201766,-0.0800000000000125,10000,results/calibration_followup/audit2/records.csv,,
penny_b10,0.01,0.1,10,10,all,1455655358,10.930773734015428,13.784980637444884,-2.8542069034294553,-24.256025591857902,-28.329274115650087,927.871030524284,956.6900647509302,-0.3399999999999892,10000,results/calibration_followup/audit2/records.csv,,
penny_b10,0.01,0.1,10,10,all,37527391,10.639211349344222,12.027086802113509,-1.3878754527692845,11.785503592695022,10.82240445649525,972.3470995062512,963.7944997696836,-0.0799999999999983,10000,results/calibration_followup/audit2/records.csv,,
penny_b10,0.01,0.1,10,10,all,1437420082,10.572972118510314,8.15524787487714,2.417724243633174,1.2403897201766083,-1.6823055389491928,960.0442706802517,962.2499877845872,0.2900000000000062,10000,results/calibration_followup/audit2/records.csv,,
penny_b10,0.01,0.1,10,10,all,1847050722,10.27739255124533,9.936225512408711,0.3411670388366179,17.605450151737386,17.547252677543113,979.725418114447,962.1781654369022,-0.039999999999992,10000,results/calibration_followup/audit2/records.csv,,
penny_b10,0.01,0.1,10,10,all,92699064,10.125478181536849,7.391999999999917,2.733478181536932,1.7245922701858944,-2.0113592142833316,956.9295322196544,960.4329962371554,-0.1700000000000017,10000,results/calibration_followup/audit2/records.csv,,
penny_b10,0.01,0.1,10,10,all,1381841196,10.070919867544404,1.7576227101749946,8.31329715736941,-0.4157896084761887,-34.971244421839344,916.9655318594728,961.6684687423902,-0.0100000000000051,10000,results/calibration_followup/audit2/records.csv,,
penny_b10,0.01,0.1,10,10,all,796745881,10.399581527252115,6.8480000000004555,3.5515815272516615,-17.60657469470243,-23.913440367060055,930.365771815406,962.1251253237656,-0.019999999999996,10000,results/calibration_followup/audit2/records.csv,,
penny_b10,0.01,0.1,10,10,last10,802130905,10.117186764726677,3.1611760853434827,6.956010679383192,15.480540117800048,-8.712502168046463,310.5922352775262,320.3840000000091,-0.0799999999999983,10000,results/calibration_followup/audit2/records.csv,,
penny_b10,0.01,0.1,10,10,last10,1408093620,10.517146641611523,2.688000000000056,7.829146641611468,9.475804003102894,-21.171964564825167,297.26575030758846,320.21120000002736,-0.1400000000000005,10000,results/calibration_followup/audit2/records.csv,,
penny_b10,0.01,0.1,10,10,last10,1856836435,10.69861441933786,2.250796543909787,8.447817875428075,2.8860426111423294,-32.796770817058736,286.3897842232544,320.7935999999818,0.1499999999999914,10000,results/calibration_followup/audit2/records.csv,,
penny_b10,0.01,0.1,10,10,last10,1441724827,10.061773553780792,4.416000000000213,5.64577355378058,23.78542483423189,7.84804532394779,329.3264453239777,321.4784000000275,-0.1299999999999954,10000,results/calibration_followup/audit2/records.csv,,
penny_b10,0.01,0.1,10,10,last10,96479995,10.653729822161925,3.3280000000003387,7.325729822161584,11.09319459604376,-15.73996411761004,304.43819377464774,320.6592000000274,-0.0899999999999892,10000,results/calibration_followup/audit2/records.csv,,
penny_b10,0.01,0.1,10,10,last10,2058879711,10.92194744606972,2.3039999999999963,8.617947446069723,-11.937367301779886,-49.071876393389715,266.4453785942657,319.48160000000917,0.0799999999999983,10000,results/calibration_followup/audit2/records.csv,,
penny_b10,0.01,0.1,10,10,last10,1068002424,10.705484100558085,2.861092953720332,7.844391146837752,4.9120671470209345,-25.85516908527232,289.2065506365191,320.51199999999085,-0.1499999999999914,10000,results/calibration_followup/audit2/records.csv,,
penny_b10,0.01,0.1,10,10,last10,756267520,10.206075905092494,3.449149079906562,6.756926825185932,4.171117776446408,-18.65691228401221,300.34492616113386,320.44800000000913,-0.1199999999999903,10000,results/calibration_followup/audit2/records.csv,,
penny_b10,0.01,0.1,10,10,last10,267404297,10.70286964271823,4.287999999999784,6.414869642718446,4.766771805510871,-15.80850446102447,302.28030955016226,321.33119999997723,-0.0400000000000062,10000,results/calibration_followup/audit2/records.csv,,
penny_b10,0.01,0.1,10,10,last10,1455655358,10.930773734015428,3.126291629102933,7.804482104912496,-20.600808412729748,-51.05577887567944,268.006461013351,319.55200000002725,-0.3299999999999983,10000,results/calibration_followup/audit2/records.csv,,
penny_b10,0.01,0.1,10,10,last10,37527391,10.639211349344222,3.2000000000000908,7.439211349344132,12.491670536865058,-15.17926221324021,303.9269330668219,321.37599999999094,-0.0799999999999983,10000,results/calibration_followup/audit2/records.csv,,
penny_b10,0.01,0.1,10,10,last10,1437420082,10.572972118510314,3.0982297825081293,7.474742336002185,-0.2261455266107077,-28.16203202142241,291.5129564132098,320.1984000000183,0.2900000000000062,10000,results/calibration_followup/audit2/records.csv,,
penny_b10,0.01,0.1,10,10,last10,1847050722,10.27739255124533,3.2000000000002733,7.077392551245056,17.87489917223502,-7.169843489974486,313.50215651004885,320.6720000000228,-0.039999999999992,10000,results/calibration_followup/audit2/records.csv,,
penny_b10,0.01,0.1,10,10,last10,92699064,10.125478181536849,2.5356129889330363,7.5898651926038125,2.5755341919575585,-26.227492628991897,292.28040256779394,320.00000000000455,-0.1599999999999966,10000,results/calibration_followup/audit2/records.csv,,
penny_b10,0.01,0.1,10,10,last10,1381841196,10.070919867544404,0.2559999999998581,9.814919867544546,-0.4007733813741652,-48.567099384534494,262.5076081543916,320.8064000000046,-0.0100000000000051,10000,results/calibration_followup/audit2/records.csv,,
penny_b10,0.01,0.1,10,10,last10,796745881,10.399581527252115,2.6403623940007273,7.75921913325139,-17.49601831864129,-47.59875909754852,264.7377277611688,320.1824000000182,-0.0099999999999909,10000,results/calibration_followup/audit2/records.csv,,
penny_b10,0.01,0.1,10,10,last1,802130905,10.117186764726677,0.3186614310473903,9.798525333679285,15.707941290143935,-32.29760806723343,-1.3384706216673905,32.03840000000273,-0.0799999999999983,10000,results/calibration_followup/audit2/records.csv,,
penny_b10,0.01,0.1,10,10,last1,1408093620,10.517146641611523,0.311801853663415,10.205344787948109,9.81158976212646,-42.26294135832335,-12.017226485934238,32.01920000000273,-0.1299999999999954,10000,results/calibration_followup/audit2/records.csv,,
penny_b10,0.01,0.1,10,10,last1,1856836435,10.69861441933786,0.3478175356131417,10.35079688372472,2.60059575989726,-50.96890230416542,-20.50874726383539,32.06719999999818,0.1499999999999914,10000,results/calibration_followup/audit2/records.csv,,
penny_b10,0.01,0.1,10,10,last1,1441724827,10.061773553780792,0.3432920563654389,9.718481497415354,24.318309787468024,-22.906131520334263,9.253868479670947,32.160000000002746,-0.1199999999999903,10000,results/calibration_followup/audit2/records.csv,,
penny_b10,0.01,0.1,10,10,last1,96479995,10.653729822161925,0.3200000000000273,10.333729822161896,11.363914596044197,-42.02907142267487,-10.44291353044219,32.067200000002735,-0.0899999999999892,10000,results/calibration_followup/audit2/records.csv,,
penny_b10,0.01,0.1,10,10,last1,2058879711,10.92194744606972,0.2880000000000109,10.633947446069708,-12.098647301778328,-68.63906644466456,-40.66101145701683,31.942400000002728,0.0799999999999983,10000,results/calibration_followup/audit2/records.csv,,
penny_b10,0.01,0.1,10,10,last1,1068002424,10.705484100558085,0.2880000000000109,10.417484100558074,5.298031090078439,-48.96395640261169,-22.36303668081231,32.051199999998175,-0.1499999999999914,10000,results/calibration_followup/audit2/records.csv,,
penny_b10,0.01,0.1,10,10,last1,756267520,10.206075905092494,0.3163574883697809,9.889718416722712,4.5470527674297045,-44.3562124136025,-13.754373968461884,32.04800000000274,-0.1199999999999903,10000,results/calibration_followup/audit2/records.csv,,
penny_b10,0.01,0.1,10,10,last1,267404297,10.70286964271823,0.2880000000000109,10.41486964271822,4.92965180551073,-49.30510303189604,-20.397089020688018,32.15039999999817,-0.0300000000000011,10000,results/calibration_followup/audit2/records.csv,,
penny_b10,0.01,0.1,10,10,last1,1455655358,10.930773734015428,0.348261404520957,10.582512329494472,-19.684058438619104,-75.67884204057037,-44.21660215156311,31.952000000002727,-0.3299999999999983,10000,results/calibration_followup/audit2/records.csv,,
penny_b10,0.01,0.1,10,10,last1,37527391,10.639211349344222,0.3171139108851182,10.322097438459105,12.725472563102812,-40.54737520141919,-10.676379921349358,32.14079999999817,-0.0700000000000073,10000,results/calibration_followup/audit2/records.csv,,
penny_b10,0.01,0.1,10,10,last1,1437420082,10.572972118510314,0.3194760069904676,10.253496111519848,-1.0319841215095948,-53.59907537598591,-22.10328694137045,32.01920000000273,0.2900000000000062,10000,results/calibration_followup/audit2/records.csv,,
penny_b10,0.01,0.1,10,10,last1,1847050722,10.27739255124533,0.2880000000000109,9.989392551245318,17.99137917223561,-31.902602599202112,0.1677974007959548,32.07039999999818,-0.039999999999992,10000,results/calibration_followup/audit2/records.csv,,
penny_b10,0.01,0.1,10,10,last1,92699064,10.125478181536849,0.2870097691790778,9.838468412357772,2.935310707116514,-45.46241964336431,-14.957724446578569,31.996800000002736,-0.1599999999999966,10000,results/calibration_followup/audit2/records.csv,,
penny_b10,0.01,0.1,10,10,last1,1381841196,10.070919867544404,0.2879999999999654,9.78291986754444,-0.4010933813751762,-48.253853948773035,-25.93114640985233,32.05439999999818,-0.0100000000000051,10000,results/calibration_followup/audit2/records.csv,,
penny_b10,0.01,0.1,10,10,last1,796745881,10.399581527252115,0.3520000000000436,10.047581527252074,-17.473134694701002,-67.95008196808956,-43.78639510938792,32.00960000000273,-0.0099999999999909,10000,results/calibration_followup/audit2/records.csv,,
penny_b10,0.01,0.1,10,20,noop,802130905,20.05937915137883,0.0,20.05937915137883,15.575168433028011,-185.61417753635783,-186.69344009079435,0.0,-0.0799999999999983,10000,results/calibration_followup/audit2/records.csv,,
penny_b10,0.01,0.1,10,20,noop,1408093620,20.18914570528697,0.0,20.18914570528697,12.959901625064958,-190.84090052958865,-190.84090052958803,0.0,-0.1299999999999954,10000,results/calibration_followup/audit2/records.csv,,
penny_b10,0.01,0.1,10,20,noop,1856836435,20.035878607313123,0.0,20.035878607313123,2.388423129554212,-198.3297926539396,-199.70474932571008,0.0,0.1499999999999914,10000,results/calibration_followup/audit2/records.csv,,
penny_b10,0.01,0.1,10,20,noop,1441724827,20.392242540605736,0.0,20.392242540605736,27.45864553027968,-180.46313238716544,-180.46313238716337,0.0,-0.1199999999999903,10000,results/calibration_followup/audit2/records.csv,,
penny_b10,0.01,0.1,10,20,noop,96479995,20.439640858607895,0.0,20.439640858607895,13.669018629290804,-195.22044058514584,-195.39538467712364,0.0,-0.0899999999999892,10000,results/calibration_followup/audit2/records.csv,,
penny_b10,0.01,0.1,10,20,noop,2058879711,20.048211166365085,0.0,20.048211166365085,-12.44673785058876,-213.4121233361716,-216.60681443994247,0.0,0.0900000000000034,10000,results/calibration_followup/audit2/records.csv,,
penny_b10,0.01,0.1,10,20,noop,1068002424,20.995224851843417,0.0,20.995224851843417,8.218452322020312,-212.18128096771133,-217.47693471248644,0.0,-0.1499999999999914,10000,results/calibration_followup/audit2/records.csv,,
penny_b10,0.01,0.1,10,20,noop,756267520,20.488254778091395,0.0,20.488254778091395,6.8242732293656445,-203.0600186966268,-204.10413972014388,0.0,-0.1199999999999903,10000,results/calibration_followup/audit2/records.csv,,
penny_b10,0.01,0.1,10,20,noop,267404297,20.14044480520282,0.0,20.14044480520282,10.25538754918125,-192.56337092652936,-194.994978745752,0.0,-0.0300000000000011,10000,results/calibration_followup/audit2/records.csv,,
penny_b10,0.01,0.1,10,20,noop,1455655358,20.82999410149641,0.0,20.82999410149641,-14.581431160688226,-231.52575829487583,-232.0155184058719,0.0,-0.3299999999999983,10000,results/calibration_followup/audit2/records.csv,,
penny_b10,0.01,0.1,10,20,noop,37527391,20.19218374751124,0.0,20.19218374751124,16.11568115224327,-187.74646109438527,-190.0162658143155,0.0,-0.0700000000000073,10000,results/calibration_followup/audit2/records.csv,,
penny_b10,0.01,0.1,10,20,noop,1437420082,20.599485001016586,0.0,20.599485001016586,-3.8825124737468286,-216.0519036273004,-216.5753151926883,0.0,0.2900000000000062,10000,results/calibration_followup/audit2/records.csv,,
penny_b10,0.01,0.1,10,20,noop,1847050722,20.26727407404708,0.0,20.26727407404708,17.90300035700784,-187.47819883926263,-187.47819883926303,0.0,-0.039999999999992,10000,results/calibration_followup/audit2/records.csv,,
penny_b10,0.01,0.1,10,20,noop,92699064,20.425304931413475,0.0,20.425304931413475,5.044357261755067,-203.55218350885673,-204.80758433849064,0.0,-0.1599999999999966,10000,results/calibration_followup/audit2/records.csv,,
penny_b10,0.01,0.1,10,20,noop,1381841196,20.751941032359134,0.0,20.751941032359134,3.0365236030156666,-212.2850047022397,-219.01765168600227,0.0,-0.0100000000000051,10000,results/calibration_followup/audit2/records.csv,,
penny_b10,0.01,0.1,10,20,noop,796745881,20.48496047509482,0.0,20.48496047509482,-14.599511996289948,-224.41631482938843,-231.99249212359803,0.0,-0.0099999999999909,10000,results/calibration_followup/audit2/records.csv,,
penny_b10,0.01,0.1,10,20,all,802130905,20.05937915137883,9.119999999999893,10.939379151378938,14.754368433028503,-45.08063967578359,914.554161852092,960.7140640823126,-0.0900000000000034,10000,results/calibration_followup/audit2/records.csv,,
penny_b10,0.01,0.1,10,20,all,1408093620,20.18914570528697,7.295999999999913,12.893145705287054,11.93846162506452,-71.17814146381649,890.5621228902108,961.7402643540262,-0.1400000000000005,10000,results/calibration_followup/audit2/records.csv,,
penny_b10,0.01,0.1,10,20,all,1856836435,20.035878607313123,2.435645084535832,17.60023352277729,2.753769892235141,-152.13034013591164,807.7311670070382,961.2364638147208,0.1499999999999914,10000,results/calibration_followup/audit2/records.csv,,
penny_b10,0.01,0.1,10,20,all,1441724827,20.392242540605736,13.536000000001422,6.856242540604313,25.563605530280256,2.0595746424841117,967.8344311996116,965.774856557126,-0.1399999999999863,10000,results/calibration_followup/audit2/records.csv,,
penny_b10,0.01,0.1,10,20,all,96479995,20.439640858607895,10.184818207825517,10.25482265078238,12.752384990588324,-39.82830880891135,921.5234562694002,961.5267091702914,-0.0899999999999892,10000,results/calibration_followup/audit2/records.csv,,
penny_b10,0.01,0.1,10,20,all,2058879711,20.048211166365085,6.5279999999997464,13.52021116636534,-11.924497850588525,-103.32255284214352,852.2616824491519,958.7789263950664,0.0799999999999983,10000,results/calibration_followup/audit2/records.csv,,
penny_b10,0.01,0.1,10,20,all,1068002424,20.995224851843417,10.176000000000432,10.819224851842982,6.590292322020105,-51.93752087534829,904.4129780354508,961.646152655574,-0.1599999999999966,10000,results/calibration_followup/audit2/records.csv,,
penny_b10,0.01,0.1,10,20,all,756267520,20.488254778091395,9.984000000000377,10.50425477809102,5.526353229364759,-49.64333099215924,911.5012165607544,962.1886685764298,-0.1299999999999954,10000,results/calibration_followup/audit2/records.csv,,
penny_b10,0.01,0.1,10,20,all,267404297,20.14044480520282,17.887999999998783,2.2524448052040356,8.824347549179947,6.287593748934624,968.1268744498898,964.2708885201766,-0.0800000000000125,10000,results/calibration_followup/audit2/records.csv,,
penny_b10,0.01,0.1,10,20,all,1455655358,20.82999410149641,13.784980637444884,7.045013464051527,-19.268324577418753,-44.084431931752405,912.1158727081812,956.6900647509302,-0.3399999999999892,10000,results/calibration_followup/audit2/records.csv,,
penny_b10,0.01,0.1,10,20,all,37527391,20.19218374751124,12.027086802113509,8.165096945397734,15.15351420807383,-18.180889855797872,943.343805193956,963.7944997696836,-0.0799999999999983,10000,results/calibration_followup/audit2/records.csv,,
penny_b10,0.01,0.1,10,20,all,1437420082,20.599485001016586,8.15524787487714,12.44423712613944,-1.5174905900330486,-78.94700941582666,882.7795668033734,962.2499877845872,0.2900000000000062,10000,results/calibration_followup/audit2/records.csv,,
penny_b10,0.01,0.1,10,20,all,1847050722,20.26727407404708,9.936225512408711,10.331048561638369,17.505551336511417,-35.85973085495369,926.3184345819482,962.1781654369022,-0.039999999999992,10000,results/calibration_followup/audit2/records.csv,,
penny_b10,0.01,0.1,10,20,all,92699064,20.425304931413475,7.391999999999917,13.033304931413555,3.7877172617536417,-81.14580145585083,878.0317939516721,960.4329962371554,-0.1700000000000017,10000,results/calibration_followup/audit2/records.csv,,
penny_b10,0.01,0.1,10,20,all,1381841196,20.751941032359134,1.7576227101749946,18.99431832218414,3.0189473759128305,-177.3731168863172,777.5627048723112,961.6684687423902,-0.0100000000000051,10000,results/calibration_followup/audit2/records.csv,,
penny_b10,0.01,0.1,10,20,all,796745881,20.48496047509482,6.8480000000004555,13.636960475094364,-14.736471996289763,-107.71981749593272,846.8291305336237,962.1251253237656,-0.019999999999996,10000,results/calibration_followup/audit2/records.csv,,
penny_b10,0.01,0.1,10,20,last10,802130905,20.05937915137883,3.1611760853434827,16.89820306603535,15.322274346201084,-127.45235908428216,191.8523783612898,320.3840000000091,-0.0799999999999983,10000,results/calibration_followup/audit2/records.csv,,
penny_b10,0.01,0.1,10,20,last10,1408093620,20.18914570528697,2.688000000000056,17.501145705286913,12.583581625065564,-140.5614688737757,179.6497311262516,320.21120000002736,-0.1400000000000005,10000,results/calibration_followup/audit2/records.csv,,
penny_b10,0.01,0.1,10,20,last10,1856836435,20.035878607313123,2.250796543909787,17.785082063403337,2.726042611142475,-155.42852938985308,163.99011393835667,320.7935999999818,0.1499999999999914,10000,results/calibration_followup/audit2/records.csv,,
penny_b10,0.01,0.1,10,20,last10,1441724827,20.392242540605736,4.416000000000213,15.976242540605522,26.88456553027936,-100.73559732784744,220.74280267218228,321.4784000000275,-0.1299999999999954,10000,results/calibration_followup/audit2/records.csv,,
penny_b10,0.01,0.1,10,20,last10,96479995,20.439640858607895,3.3280000000003387,17.111640858607558,13.36949862929214,-133.03462780769166,187.4496281003564,320.6592000000274,-0.0899999999999892,10000,results/calibration_followup/audit2/records.csv,,
penny_b10,0.01,0.1,10,20,last10,2058879711,20.048211166365085,2.3039999999999963,17.74421116636509,-12.262417850588465,-169.69093280886625,146.5959760873719,319.48160000000917,0.0799999999999983,10000,results/calibration_followup/audit2/records.csv,,
penny_b10,0.01,0.1,10,20,last10,1068002424,20.995224851843417,2.861092953720332,18.13413189812308,7.789288378960919,-156.63408147030157,158.58226478491582,320.51199999999085,-0.1499999999999914,10000,results/calibration_followup/audit2/records.csv,,
penny_b10,0.01,0.1,10,20,last10,756267520,20.488254778091395,3.449149079906562,17.039105698184834,6.410375339777602,-138.75518615717982,180.64869281931135,320.44800000000913,-0.1199999999999903,10000,results/calibration_followup/audit2/records.csv,,
penny_b10,0.01,0.1,10,20,last10,267404297,20.14044480520282,4.287999999999784,15.852444805203035,10.083867549181376,-115.56613560182296,203.33345657893148,321.33119999997723,-0.0400000000000062,10000,results/calibration_followup/audit2/records.csv,,
penny_b10,0.01,0.1,10,20,last10,1455655358,20.82999410149641,3.126291629102933,17.703702472393477,-15.613107398292414,-172.32364801380788,146.73859187522328,319.55200000002725,-0.3299999999999983,10000,results/calibration_followup/audit2/records.csv,,
penny_b10,0.01,0.1,10,20,last10,37527391,20.19218374751124,3.2000000000000908,16.99218374751115,15.859681152242048,-128.50747310234897,190.5987221777129,321.37599999999094,-0.0799999999999983,10000,results/calibration_followup/audit2/records.csv,,
penny_b10,0.01,0.1,10,20,last10,1437420082,20.599485001016586,3.0982297825081293,17.501255218508454,-2.984025836820365,-156.13099294850508,163.54399548612614,320.1984000000183,0.2900000000000062,10000,results/calibration_followup/audit2/records.csv,,
penny_b10,0.01,0.1,10,20,last10,1847050722,20.26727407404708,3.2000000000002733,17.067274074046807,17.77500035700723,-127.87092180230792,192.80107819771536,320.6720000000228,-0.039999999999992,10000,results/calibration_followup/audit2/records.csv,,
penny_b10,0.01,0.1,10,20,last10,92699064,20.425304931413475,2.5356129889330363,17.88969194248044,4.638659183525306,-155.38187971489947,163.36271945547196,320.00000000000455,-0.1599999999999966,10000,results/calibration_followup/audit2/records.csv,,
penny_b10,0.01,0.1,10,20,last10,1381841196,20.751941032359134,0.2559999999998581,20.495941032359276,3.033963603014854,-207.00783579795947,107.06591721828318,320.8064000000046,-0.0100000000000051,10000,results/calibration_followup/audit2/records.csv,,
penny_b10,0.01,0.1,10,20,last10,796745881,20.48496047509482,2.6403623940007273,17.84459808109409,-14.625915620230444,-173.8407559581239,138.76546674768522,320.1824000000182,-0.0099999999999909,10000,results/calibration_followup/audit2/records.csv,,
penny_b10,0.01,0.1,10,20,last1,802130905,20.05937915137883,0.3186614310473903,19.74071772033144,15.549675518544973,-179.29829253835888,-148.33915509279322,32.03840000000273,-0.0799999999999983,10000,results/calibration_followup/audit2/records.csv,,
penny_b10,0.01,0.1,10,20,last1,1408093620,20.18914570528697,0.311801853663415,19.877343851623554,12.919367384089128,-184.63503191374923,-152.6158319137464,32.01920000000273,-0.1299999999999954,10000,results/calibration_followup/audit2/records.csv,,
penny_b10,0.01,0.1,10,20,last1,1856836435,20.035878607313123,0.3478175356131417,19.68806107169998,2.4405957598955865,-191.3692786215985,-160.67703529337015,32.06719999999818,0.1499999999999914,10000,results/calibration_followup/audit2/records.csv,,
penny_b10,0.01,0.1,10,20,last1,1441724827,20.392242540605736,0.3432920563654389,20.048950484240297,27.417450483515495,-173.56275727624413,-141.4027572762389,32.160000000002746,-0.1199999999999903,10000,results/calibration_followup/audit2/records.csv,,
penny_b10,0.01,0.1,10,20,last1,96479995,20.439640858607895,0.3200000000000273,20.119640858607863,13.640218629292576,-188.75975551038897,-156.8674996023661,32.067200000002735,-0.0899999999999892,10000,results/calibration_followup/audit2/records.csv,,
penny_b10,0.01,0.1,10,20,last1,2058879711,20.048211166365085,0.2880000000000109,19.760211166365075,-12.423697850588724,-207.65667052025825,-178.9089616240265,31.942400000002728,0.0799999999999983,10000,results/calibration_followup/audit2/records.csv,,
penny_b10,0.01,0.1,10,20,last1,1068002424,20.995224851843417,0.2880000000000109,20.707224851843403,8.175252322020242,-206.21932821038027,-179.46378195515737,32.051199999998175,-0.1499999999999914,10000,results/calibration_followup/audit2/records.csv,,
penny_b10,0.01,0.1,10,20,last1,756267520,20.488254778091395,0.3163574883697809,20.171897289721613,6.786310330760898,-196.6664098027782,-165.6625308262924,32.04800000000274,-0.1199999999999903,10000,results/calibration_followup/audit2/records.csv,,
penny_b10,0.01,0.1,10,20,last1,267404297,20.14044480520282,0.2880000000000109,19.852444805202808,10.246747549181237,-186.81303482263073,-157.09424264185512,32.15039999999817,-0.0300000000000011,10000,results/calibration_followup/audit2/records.csv,,
penny_b10,0.01,0.1,10,20,last1,1455655358,20.82999410149641,0.348261404520957,20.481732696975453,-14.696357424178132,-224.4470445593548,-192.98480467035023,31.952000000002727,-0.3299999999999983,10000,results/calibration_followup/audit2/records.csv,,
penny_b10,0.01,0.1,10,20,last1,37527391,20.19218374751124,0.3171139108851182,19.87506983662612,16.09348317848162,-181.4157173269011,-151.54472204683344,32.14079999999817,-0.0700000000000073,10000,results/calibration_followup/audit2/records.csv,,
penny_b10,0.01,0.1,10,20,last1,1437420082,20.599485001016586,0.3194760069904676,20.280008994026115,-3.789864431721071,-209.4292468306111,-177.93345839599502,32.01920000000273,0.2900000000000062,10000,results/calibration_followup/audit2/records.csv,,
penny_b10,0.01,0.1,10,20,last1,1847050722,20.26727407404708,0.2880000000000109,19.97927407404707,17.891480357007822,-181.6942159059369,-149.62381590593895,32.07039999999818,-0.039999999999992,10000,results/calibration_followup/audit2/records.csv,,
penny_b10,0.01,0.1,10,20,last1,92699064,20.425304931413475,0.2870097691790778,20.138295162234396,4.99843569868608,-197.77703032195055,-167.03563115158147,31.996800000002736,-0.1599999999999966,10000,results/calibration_followup/audit2/records.csv,,
penny_b10,0.01,0.1,10,20,last1,1381841196,20.751941032359134,0.2879999999999654,20.46394103235917,3.033643603015662,-206.35279768492097,-181.03104466868544,32.05439999999818,-0.0100000000000051,10000,results/calibration_followup/audit2/records.csv,,
penny_b10,0.01,0.1,10,20,last1,796745881,20.48496047509482,0.3520000000000436,20.132960475094777,-14.603031996290156,-217.2710807421544,-192.8376580363608,32.00960000000273,-0.0099999999999909,10000,results/calibration_followup/audit2/records.csv,,
penny_b20,0.01,0.2,10,0,noop,802130905,0.7353973416020141,0.0,0.7353973416020141,15.859723763167494,15.58931913814984,14.510056583714388,0.0,-0.0799999999999983,10000,results/calibration_followup/audit2/records.csv,,
penny_b20,0.01,0.2,10,0,noop,1408093620,0.2855294483802275,0.0,0.2855294483802275,6.136425641605456,6.0956621086592975,2.1859245743143134,0.0,-0.1299999999999954,10000,results/calibration_followup/audit2/records.csv,,
penny_b20,0.01,0.2,10,0,noop,1856836435,0.6900629737073576,0.0,0.6900629737073576,2.748594158467313,2.5105007046263923,0.5725420261469054,0.0,0.1499999999999914,10000,results/calibration_followup/audit2/records.csv,,
penny_b20,0.01,0.2,10,0,noop,1441724827,0.568361413111985,0.0,0.568361413111985,21.481481192029605,21.31996384407228,21.319963844076533,0.0,-0.1199999999999903,10000,results/calibration_followup/audit2/records.csv,,
penny_b20,0.01,0.2,10,0,noop,96479995,0.6918089517702235,0.0,0.6918089517702235,9.989894820400878,9.75059500752617,9.269552899755553,0.0,-0.0899999999999892,10000,results/calibration_followup/audit2/records.csv,,
penny_b20,0.01,0.2,10,0,noop,2058879711,0.7722328441881992,0.0,0.7722328441881992,-12.061687301777056,-12.359859084598554,-17.08905734101856,0.0,0.0900000000000034,10000,results/calibration_followup/audit2/records.csv,,
penny_b20,0.01,0.2,10,0,noop,1068002424,0.6675775403056123,0.0,0.6675775403056123,2.8125387652762583,2.5897088791160128,-2.8605713990791344,0.0,-0.1499999999999914,10000,results/calibration_followup/audit2/records.csv,,
penny_b20,0.01,0.2,10,0,noop,756267520,0.9324184628381352,0.0,0.9324184628381352,2.4520744543169712,2.017372359396256,0.0970416795293971,0.0,-0.1199999999999903,10000,results/calibration_followup/audit2/records.csv,,
penny_b20,0.01,0.2,10,0,noop,267404297,0.7028696427182304,0.0,0.7028696427182304,-1.561708194489256,-1.8087210618166825,-6.779820743986292,0.0,-0.0300000000000011,10000,results/calibration_followup/audit2/records.csv,,
penny_b20,0.01,0.2,10,0,noop,1455655358,0.6858416347942882,0.0,0.6858416347942882,-24.791598224734116,-25.026787598742768,-25.516547709741815,0.0,-0.3299999999999983,10000,results/calibration_followup/audit2/records.csv,,
penny_b20,0.01,0.2,10,0,noop,37527391,0.5835691360107167,0.0,0.5835691360107167,9.24763934006478,9.077362871812632,6.807558151884187,0.0,-0.0700000000000073,10000,results/calibration_followup/audit2/records.csv,,
penny_b20,0.01,0.2,10,0,noop,1437420082,0.46671908287421,0.0,0.46671908287421,1.5361812167975586,1.4272678656380866,0.9038563002510004,0.0,0.2900000000000062,10000,results/calibration_followup/audit2/records.csv,,
penny_b20,0.01,0.2,10,0,noop,1847050722,0.3991184964010239,0.0,0.3991184964010239,18.219820317233825,18.14017253014912,18.14017253014911,0.0,-0.039999999999992,10000,results/calibration_followup/audit2/records.csv,,
penny_b20,0.01,0.2,10,0,noop,92699064,0.6595176077652241,0.0,0.6595176077652241,1.1826997611697152,0.9652180236935332,-0.6531993248239587,0.0,-0.1599999999999966,10000,results/calibration_followup/audit2/records.csv,,
penny_b20,0.01,0.2,10,0,noop,1381841196,0.7886850767260789,0.0,0.7886850767260789,-3.078528514437494,-3.389540589562704,-15.380612747451975,0.0,-0.0100000000000051,10000,results/calibration_followup/audit2/records.csv,,
penny_b20,0.01,0.2,10,0,noop,796745881,0.684539097759636,0.0,0.684539097759636,-20.175525726370324,-20.40982261455111,-28.25573575585088,0.0,-0.0099999999999909,10000,results/calibration_followup/audit2/records.csv,,
penny_b20,0.01,0.2,10,0,all,802130905,0.7353973416020141,18.50635205560073,-17.770954713998716,14.194152078163825,-143.70926364533275,1776.6076019648292,1921.396128164598,-0.0900000000000034,10000,results/calibration_followup/audit2/records.csv,,
penny_b20,0.01,0.2,10,0,all,1408093620,0.2855294483802275,13.37600000000157,-13.090470551621342,4.130025641605243,-81.55018398982754,1837.9502071838704,1923.4101287080427,-0.1499999999999914,10000,results/calibration_followup/audit2/records.csv,,
penny_b20,0.01,0.2,10,0,all,1856836435,0.6900629737073576,4.160000000000309,-3.4699370262929516,3.3309941584684566,-2.6892373247509296,1917.7369316262648,1922.364127629496,0.1400000000000005,10000,results/calibration_followup/audit2/records.csv,,
penny_b20,0.01,0.2,10,0,all,1441724827,0.568361413111985,26.176000000001835,-25.60763858688985,17.55508119203114,-310.3204958063538,1621.126817307883,1931.447313114234,-0.1499999999999914,10000,results/calibration_followup/audit2/records.csv,,
penny_b20,0.01,0.2,10,0,all,96479995,0.6918089517702235,19.491480675911873,-18.79967172414165,8.040746752809355,-168.6730817149362,1753.8352945178308,1922.9894183405372,-0.0999999999999943,10000,results/calibration_followup/audit2/records.csv,,
penny_b20,0.01,0.2,10,0,all,2058879711,0.7722328441881992,13.487531615812465,-12.715298771624264,-10.982684772512584,-91.82209619834734,1820.9361583353937,1917.48745279016,0.0799999999999983,10000,results/calibration_followup/audit2/records.csv,,
penny_b20,0.01,0.2,10,0,all,1068002424,0.6675775403056123,20.507317688769817,-19.839740148464205,-0.4686320649270783,-197.2762766442183,1720.5337483887624,1923.2603053111752,-0.1599999999999966,10000,results/calibration_followup/audit2/records.csv,,
penny_b20,0.01,0.2,10,0,all,756267520,0.9324184628381352,20.023549770451364,-19.091131307613228,-0.1509870158424746,-182.38663431810747,1740.0191721549045,1924.326137152878,-0.1299999999999954,10000,results/calibration_followup/audit2/records.csv,,
penny_b20,0.01,0.2,10,0,all,267404297,0.7028696427182304,33.85599999999903,-33.1531303572808,-5.624428194490974,-555.1894544379179,1367.8052229202665,1927.9657770403524,-0.1200000000000045,10000,results/calibration_followup/audit2/records.csv,,
penny_b20,0.01,0.2,10,0,all,1455655358,0.6858416347942882,25.664000000000215,-24.97815836520593,-34.030638224732684,-345.98483588338615,1566.7711335074468,1913.2457295018332,-0.3599999999999994,10000,results/calibration_followup/audit2/records.csv,,
penny_b20,0.01,0.2,10,0,all,37527391,0.5835691360107167,23.23526652155387,-22.651697385543155,7.1564653531240765,-249.39323186998723,1675.8043629494164,1927.4673995393312,-0.0900000000000034,10000,results/calibration_followup/audit2/records.csv,,
penny_b20,0.01,0.2,10,0,all,1437420082,0.46671908287421,15.488000000000282,-15.021280917126072,5.872821216797092,-106.94661897881085,1816.972345024959,1924.442375569156,0.2800000000000011,10000,results/calibration_followup/audit2/records.csv,,
penny_b20,0.01,0.2,10,0,all,1847050722,0.3991184964010239,18.752000000001136,-18.352881503600113,17.282220317232714,-151.13190942536085,1773.1540214484355,1924.2859308737952,-0.0499999999999971,10000,results/calibration_followup/audit2/records.csv,,
penny_b20,0.01,0.2,10,0,all,92699064,0.6595176077652241,15.23199999999988,-14.572482392234654,-1.4067402388300252,-107.58536177482456,1811.6174133509685,1920.821192474311,-0.1700000000000017,10000,results/calibration_followup/audit2/records.csv,,
penny_b20,0.01,0.2,10,0,all,1381841196,0.7886850767260789,4.825157460476479,-4.0364723837504,-3.1267800890418584,-11.273334741431675,1899.9317305854777,1923.1961374847983,-0.0100000000000051,10000,results/calibration_followup/audit2/records.csv,,
penny_b20,0.01,0.2,10,0,all,796745881,0.684539097759636,14.504130789165616,-13.81959169140598,-20.465608342154155,-115.95616560074274,1800.3585719054622,1924.160650647504,-0.019999999999996,10000,results/calibration_followup/audit2/records.csv,,
penny_b20,0.01,0.2,10,0,last10,802130905,0.7353973416020141,6.266767076221899,-5.531369734619885,15.358382397069365,0.060356826534937,639.7490942721182,640.7680000000182,-0.0799999999999983,10000,results/calibration_followup/audit2/records.csv,,
penny_b20,0.01,0.2,10,0,last10,1408093620,0.2855294483802275,5.440000000000055,-5.154470551619827,5.374825641605639,-7.909457692152364,628.596804773548,640.4160000000456,-0.1400000000000005,10000,results/calibration_followup/audit2/records.csv,,
penny_b20,0.01,0.2,10,0,last10,1856836435,0.6900629737073576,4.160000000000128,-3.4699370262927705,3.3309941584684566,-2.6892373247503008,636.9408039967508,641.5679999999818,0.1400000000000005,10000,results/calibration_followup/audit2/records.csv,,
penny_b20,0.01,0.2,10,0,last10,1441724827,0.568361413111985,8.949430585032884,-8.381069171920899,20.31805521597744,-14.803105016283991,628.134494983773,642.9376000000549,-0.1299999999999954,10000,results/calibration_followup/audit2/records.csv,,
penny_b20,0.01,0.2,10,0,last10,96479995,0.6918089517702235,6.599173741059848,-5.907364789289624,9.395969183704436,-8.052510193164984,632.7848476991203,641.3184000000548,-0.0899999999999892,10000,results/calibration_followup/audit2/records.csv,,
penny_b20,0.01,0.2,10,0,last10,2058879711,0.7722328441881992,4.6079999999999925,-3.8357671558117934,-11.69304730177828,-19.049602138580525,615.1843996050189,638.9632000000183,0.0799999999999983,10000,results/calibration_followup/audit2/records.csv,,
penny_b20,0.01,0.2,10,0,last10,1068002424,0.6675775403056123,5.79191168139311,-5.124334141087497,1.9437520130668415,-11.185648181690627,624.3752715400963,641.0111999999817,-0.1499999999999914,10000,results/calibration_followup/audit2/records.csv,,
penny_b20,0.01,0.2,10,0,last10,756267520,0.9324184628381352,6.592000000000281,-5.659581537162146,1.59511445431599,-14.420317133577331,624.5361521865751,640.8768000000183,-0.1299999999999954,10000,results/calibration_followup/audit2/records.csv,,
penny_b20,0.01,0.2,10,0,last10,267404297,0.7028696427182304,8.383999999999288,-7.681130357281058,-1.9809081944895297,-31.480789977261843,606.1657103405323,642.6175999999637,-0.0500000000000113,10000,results/calibration_followup/audit2/records.csv,,
penny_b20,0.01,0.2,10,0,last10,1455655358,0.6858416347942882,5.760000000000855,-5.074158365206567,-26.749998224735464,-39.62353978233335,598.9907001067234,639.1040000000545,-0.3399999999999892,10000,results/calibration_followup/audit2/records.csv,,
penny_b20,0.01,0.2,10,0,last10,37527391,0.5835691360107167,6.4640000000002145,-5.880430863989497,8.730519340064347,-8.559214233015787,631.9165810470472,642.745599999991,-0.0799999999999983,10000,results/calibration_followup/audit2/records.csv,,
penny_b20,0.01,0.2,10,0,last10,1437420082,0.46671908287421,6.125355384980696,-5.658636302106486,3.3125342784423992,-12.697548121316284,627.1758403133327,640.3968000000366,0.2900000000000062,10000,results/calibration_followup/audit2/records.csv,,
penny_b20,0.01,0.2,10,0,last10,1847050722,0.3991184964010239,6.400000000000547,-6.000881503599523,17.963820317234422,-0.0414690928870129,641.3025309071581,641.3440000000456,-0.039999999999992,10000,results/calibration_followup/audit2/records.csv,,
penny_b20,0.01,0.2,10,0,last10,92699064,0.6595176077652241,5.03655812023426,-4.377040512469036,0.3768504619310988,-9.202391361966502,629.1791912895262,640.0000000000091,-0.1599999999999966,10000,results/calibration_followup/audit2/records.csv,,
penny_b20,0.01,0.2,10,0,last10,1381841196,0.7886850767260789,0.6399999999995998,0.1486850767264791,-3.0849285144377063,-3.0959821404582857,626.5129457016436,641.5999999999908,-0.0100000000000051,10000,results/calibration_followup/audit2/records.csv,,
penny_b20,0.01,0.2,10,0,last10,796745881,0.684539097759636,5.282369089972665,-4.597829992213029,-20.228349417269783,-30.798369735916616,601.7141171228199,640.3584000000363,-0.0099999999999909,10000,results/calibration_followup/audit2/records.csv,,
penny_b20,0.01,0.2,10,0,last1,802130905,0.7353973416020141,0.6367535282924259,0.0986438133095881,15.808783480904822,15.803918179952694,78.80145562552198,64.07680000000546,-0.0799999999999983,10000,results/calibration_followup/audit2/records.csv,,
penny_b20,0.01,0.2,10,0,last1,1408093620,0.2855294483802275,0.6226798041336261,-0.3371503557533986,6.055477267067545,5.998642085875223,66.12730455153624,64.03840000000547,-0.1299999999999954,10000,results/calibration_followup/audit2/records.csv,,
penny_b20,0.01,0.2,10,0,last1,1856836435,0.6900629737073576,0.6941986236009225,-0.0041356498935649,2.852723952008091,2.85271540020807,65.0491567217243,64.13439999999636,0.1499999999999914,10000,results/calibration_followup/audit2/records.csv,,
penny_b20,0.01,0.2,10,0,last1,1441724827,0.568361413111985,0.6855371345596126,-0.1171757214476276,21.399216735882874,21.39235166103449,85.71235166104381,64.32000000000549,-0.1199999999999903,10000,results/calibration_followup/audit2/records.csv,,
penny_b20,0.01,0.2,10,0,last1,96479995,0.6918089517702235,0.6400000000000546,0.0518089517701688,9.932294820400784,9.930952736659023,73.58431062889397,64.13440000000547,-0.0899999999999892,10000,results/calibration_followup/audit2/records.csv,,
penny_b20,0.01,0.2,10,0,last1,2058879711,0.7722328441881992,0.5760000000000218,0.1962328441881773,-12.0156073017788,-12.03486096634789,47.12074077723929,63.884800000005455,0.0799999999999983,10000,results/calibration_followup/audit2/records.csv,,
penny_b20,0.01,0.2,10,0,last1,1068002424,0.6675775403056123,0.5760000000000218,0.0915775403055905,2.726138765276118,2.7219455423319077,61.37406526413325,64.10239999999635,-0.1499999999999914,10000,results/calibration_followup/audit2/records.csv,,
penny_b20,0.01,0.2,10,0,last1,756267520,0.9324184628381352,0.6321507888204191,0.300267674017716,2.3762163596566097,2.331136021626605,64.50680534176713,64.09600000000547,-0.1199999999999903,10000,results/calibration_followup/audit2/records.csv,,
penny_b20,0.01,0.2,10,0,last1,267404297,0.7028696427182304,0.5760000000000218,0.1268696427182085,-1.578988194489284,-1.587036147611007,57.74266417021576,64.30079999999634,-0.0300000000000011,10000,results/calibration_followup/audit2/records.csv,,
penny_b20,0.01,0.2,10,0,last1,1455655358,0.6858416347942882,0.6954307433265541,-0.0095891085322659,-25.021090370031743,-25.02113634553297,38.39310354347331,63.90400000000545,-0.3299999999999983,10000,results/calibration_followup/audit2/records.csv,,
penny_b20,0.01,0.2,10,0,last1,37527391,0.5835691360107167,0.6334060999701216,-0.0498369639594049,9.203300913068231,9.202059051579887,71.21385433164642,64.28159999999635,-0.0700000000000073,10000,results/calibration_followup/audit2/records.csv,,
penny_b20,0.01,0.2,10,0,last1,1437420082,0.46671908287421,0.6381881128104306,-0.1714690299362206,1.7212557695129362,1.706554955399302,65.22154339001735,64.03840000000547,0.2900000000000062,10000,results/calibration_followup/audit2/records.csv,,
penny_b20,0.01,0.2,10,0,last1,1847050722,0.3991184964010239,0.5760000000000218,-0.1768815035989979,18.196780317233788,18.181136784076067,82.32193678407246,64.14079999999636,-0.039999999999992,10000,results/calibration_followup/audit2/records.csv,,
penny_b20,0.01,0.2,10,0,last1,92699064,0.6595176077652241,0.573572653846003,0.085944953919221,1.090928136554794,1.0872348690027056,63.46241752049025,63.99360000000547,-0.1599999999999966,10000,results/calibration_followup/audit2/records.csv,,
penny_b20,0.01,0.2,10,0,last1,1381841196,0.7886850767260789,0.5759999999999309,0.212685076726148,-3.084288514437503,-3.106905985368507,49.0108218567386,64.10879999999636,-0.0100000000000051,10000,results/calibration_followup/audit2/records.csv,,
penny_b20,0.01,0.2,10,0,last1,796745881,0.684539097759636,0.7040000000000873,-0.0194609022404513,-20.18256572637074,-20.182755089728747,35.99053176897738,64.01920000000545,-0.0099999999999909,10000,results/calibration_followup/audit2/records.csv,,
penny_b20,0.01,0.2,10,10,noop,802130905,10.117186764726677,0.0,10.117186764726677,15.733434204626974,-35.445299811553326,-36.52456236598934,0.0,-0.0799999999999983,10000,results/calibration_followup/audit2/records.csv,,
penny_b20,0.01,0.2,10,10,noop,1408093620,10.517146641611523,0.0,10.517146641611523,9.85212400310229,-45.453062737477985,-47.22654786509119,0.0,-0.1299999999999954,10000,results/calibration_followup/audit2/records.csv,,
penny_b20,0.01,0.2,10,10,noop,1856836435,10.69861441933786,0.0,10.69861441933786,2.5484231295540667,-54.68175211727794,-56.28879707694492,0.0,0.1499999999999914,10000,results/calibration_followup/audit2/records.csv,,
penny_b20,0.01,0.2,10,10,noop,1441724827,10.061773553780792,0.0,10.061773553780792,24.35950483423221,-26.260138689549063,-26.26013868954695,0.0,-0.1199999999999903,10000,results/calibration_followup/audit2/records.csv,,
penny_b20,0.01,0.2,10,10,noop,96479995,10.653729822161925,0.0,10.653729822161925,11.392714596044245,-45.358264965766914,-45.839307073536986,0.0,-0.0899999999999892,10000,results/calibration_followup/audit2/records.csv,,
penny_b20,0.01,0.2,10,10,noop,2058879711,10.92194744606972,0.0,10.92194744606972,-12.121687301778366,-71.7661553091328,-75.73050032148787,0.0,0.0900000000000034,10000,results/calibration_followup/audit2/records.csv,,
penny_b20,0.01,0.2,10,10,noop,1068002424,10.705484100558085,0.0,10.705484100558085,5.341231090078509,-51.96246382357246,-57.41274410177138,0.0,-0.1499999999999914,10000,results/calibration_followup/audit2/records.csv,,
penny_b20,0.01,0.2,10,10,noop,756267520,10.206075905092494,0.0,10.206075905092494,4.585015666034451,-47.49697702422033,-48.94313857908287,0.0,-0.1199999999999903,10000,results/calibration_followup/audit2/records.csv,,
penny_b20,0.01,0.2,10,10,noop,267404297,10.70286964271823,0.0,10.70286964271823,4.938291805510744,-52.33741748899899,-55.57980347778917,0.0,-0.0300000000000011,10000,results/calibration_followup/audit2/records.csv,,
penny_b20,0.01,0.2,10,10,noop,1455655358,10.930773734015428,0.0,10.930773734015428,-19.56913217512556,-79.31003938724635,-79.79979949824354,0.0,-0.3299999999999983,10000,results/calibration_followup/audit2/records.csv,,
penny_b20,0.01,0.2,10,10,noop,37527391,10.639211349344222,0.0,10.639211349344222,12.747670536864462,-43.84873853114299,-46.11854325107112,0.0,-0.0700000000000073,10000,results/calibration_followup/audit2/records.csv,,
penny_b20,0.01,0.2,10,10,noop,1437420082,10.572972118510314,0.0,10.572972118510314,-1.1246321635371714,-57.01850187293542,-57.54191343832238,0.0,0.2900000000000062,10000,results/calibration_followup/audit2/records.csv,,
penny_b20,0.01,0.2,10,10,noop,1847050722,10.27739255124533,0.0,10.27739255124533,18.00289917223563,-34.809499653960856,-34.809499653961154,0.0,-0.039999999999992,10000,results/calibration_followup/audit2/records.csv,,
penny_b20,0.01,0.2,10,10,noop,92699064,10.125478181536849,0.0,10.125478181536849,2.981232270185501,-48.28142193220389,-49.7735267354212,0.0,-0.1599999999999966,10000,results/calibration_followup/audit2/records.csv,,
penny_b20,0.01,0.2,10,10,noop,1381841196,10.070919867544404,0.0,10.070919867544404,-0.3982133813751716,-51.10992687062547,-60.841619331703015,0.0,-0.0100000000000051,10000,results/calibration_followup/audit2/records.csv,,
penny_b20,0.01,0.2,10,10,noop,796745881,10.399581527252115,0.0,10.399581527252115,-17.469614694702614,-71.54526266568435,-79.39117580698391,0.0,-0.0099999999999909,10000,results/calibration_followup/audit2/records.csv,,
penny_b20,0.01,0.2,10,10,all,802130905,10.117186764726677,18.50635205560073,-8.389165290874054,14.067862519623304,-21.121184619179672,1899.1956809909816,1921.396128164598,-0.0900000000000034,10000,results/calibration_followup/audit2/records.csv,,
penny_b20,0.01,0.2,10,10,all,1408093620,10.517146641611523,13.37600000000157,-2.8588533583900464,7.845724003102077,3.7592027407130537,1925.395846321143,1923.4101287080427,-0.1499999999999914,10000,results/calibration_followup/audit2/records.csv,,
penny_b20,0.01,0.2,10,10,all,1856836435,10.69861441933786,4.160000000000309,6.538614419337552,3.1308231295552105,-18.245916132829265,1902.511166536999,1922.364127629496,0.1400000000000005,10000,results/calibration_followup/audit2/records.csv,,
penny_b20,0.01,0.2,10,10,all,1441724827,10.061773553780792,26.176000000001835,-16.114226446221043,20.433104834231926,-109.40104214581292,1822.0462709684232,1931.447313114234,-0.1499999999999914,10000,results/calibration_followup/audit2/records.csv,,
penny_b20,0.01,0.2,10,10,all,96479995,10.653729822161925,19.491480675911873,-8.83775085374995,9.44356652845272,-29.60935354802627,1892.899022684741,1922.9894183405372,-0.0999999999999943,10000,results/calibration_followup/audit2/records.csv,,
penny_b20,0.01,0.2,10,10,all,2058879711,10.92194744606972,13.487531615812465,-2.5655841697427437,-11.042684772513894,-14.333795838531175,1899.1893119392744,1917.48745279016,0.0799999999999983,10000,results/calibration_followup/audit2/records.csv,,
penny_b20,0.01,0.2,10,10,all,1068002424,10.705484100558085,20.507317688769817,-9.801833588211732,2.060060259875172,-45.977910585622666,1871.8321144473543,1923.2603053111752,-0.1599999999999966,10000,results/calibration_followup/audit2/records.csv,,
penny_b20,0.01,0.2,10,10,all,756267520,10.206075905092494,20.023549770451364,-9.81747386535887,1.981954195875005,-46.209442352627214,1876.670533245389,1924.326137152878,-0.1299999999999954,10000,results/calibration_followup/audit2/records.csv,,
penny_b20,0.01,0.2,10,10,all,267404297,10.70286964271823,33.85599999999903,-23.1531303572808,0.8755718055108446,-267.158150865108,1657.565240186454,1927.9657770403524,-0.1200000000000045,10000,results/calibration_followup/audit2/records.csv,,
penny_b20,0.01,0.2,10,10,all,1455655358,10.930773734015428,25.664000000000215,-14.73322626598479,-28.80817217512777,-137.34215027747982,1775.4138191133582,1913.2457295018332,-0.3599999999999994,10000,results/calibration_followup/audit2/records.csv,,
penny_b20,0.01,0.2,10,10,all,37527391,10.639211349344222,23.23526652155387,-12.596055172209647,10.656496549925578,-68.67380640074914,1856.5237884186529,1927.4673995393312,-0.0900000000000034,10000,results/calibration_followup/audit2/records.csv,,
penny_b20,0.01,0.2,10,10,all,1437420082,10.572972118510314,15.488000000000282,-4.9150278814899675,3.2120078364623623,-8.866741701449516,1915.0522223023204,1924.442375569156,0.2800000000000011,10000,results/calibration_followup/audit2/records.csv,,
penny_b20,0.01,0.2,10,10,all,1847050722,10.27739255124533,18.752000000001136,-8.474607448755807,17.065299172234518,-18.844186533019183,1905.4417443407772,1924.2859308737952,-0.0499999999999971,10000,results/calibration_followup/audit2/records.csv,,
penny_b20,0.01,0.2,10,10,all,92699064,10.125478181536849,15.23199999999988,-5.10652181846303,0.3917922701857605,-12.646490271033723,1906.6825974000592,1920.821192474311,-0.1700000000000017,10000,results/calibration_followup/audit2/records.csv,,
penny_b20,0.01,0.2,10,10,all,1381841196,10.070919867544404,4.825157460476479,5.245762407067925,-0.4464649559795361,-14.205476571683072,1899.2589684520376,1923.1961374847983,-0.0100000000000051,10000,results/calibration_followup/audit2/records.csv,,
penny_b20,0.01,0.2,10,10,all,796745881,10.399581527252115,14.504130789165616,-4.104549261913498,-17.759697310486445,-26.183359632223763,1890.1313778739816,1924.160650647504,-0.019999999999996,10000,results/calibration_followup/audit2/records.csv,,
penny_b20,0.01,0.2,10,10,last10,802130905,10.117186764726677,6.266767076221899,3.850419688504776,15.232092838528844,7.819226949716233,647.5079643952992,640.7680000000182,-0.0799999999999983,10000,results/calibration_followup/audit2/records.csv,,
penny_b20,0.01,0.2,10,10,last10,1408093620,10.517146641611523,5.440000000000055,5.077146641611469,9.090524003102471,-3.7981850071108343,634.8443298653212,640.4160000000456,-0.1400000000000005,10000,results/calibration_followup/audit2/records.csv,,
penny_b20,0.01,0.2,10,10,last10,1856836435,10.69861441933786,4.160000000000128,6.538614419337733,3.1308231295552105,-18.24591613283045,621.7150389074833,641.5679999999818,0.1400000000000005,10000,results/calibration_followup/audit2/records.csv,,
penny_b20,0.01,0.2,10,10,last10,1441724827,10.061773553780792,8.949430585032884,1.1123429687479085,23.196078858178225,22.57742541811677,665.5150254181734,642.9376000000549,-0.1299999999999954,10000,results/calibration_followup/audit2/records.csv,,
penny_b20,0.01,0.2,10,10,last10,96479995,10.653729822161925,6.599173741059848,4.054556081102075,10.798788959347805,2.5790764519468947,643.4164343442329,641.3184000000548,-0.0899999999999892,10000,results/calibration_followup/audit2/records.csv,,
penny_b20,0.01,0.2,10,10,last10,2058879711,10.92194744606972,4.6079999999999925,6.313947446069727,-11.75304730177777,-31.68601347764298,603.3128415100197,638.9632000000183,0.0799999999999983,10000,results/calibration_followup/audit2/records.csv,,
penny_b20,0.01,0.2,10,10,last10,1068002424,10.705484100558085,5.79191168139311,4.913572419164975,4.472444337869092,-7.599152621320281,627.961767100463,641.0111999999817,-0.1499999999999914,10000,results/calibration_followup/audit2/records.csv,,
penny_b20,0.01,0.2,10,10,last10,756267520,10.206075905092494,6.592000000000281,3.614075905092213,3.7280556660334696,-2.8027166578505778,636.6279217873061,640.8768000000183,-0.1299999999999954,10000,results/calibration_followup/audit2/records.csv,,
penny_b20,0.01,0.2,10,10,last10,267404297,10.70286964271823,8.383999999999288,2.3188696427189424,4.51909180551047,1.8305135955487324,641.2057276067222,642.6175999999637,-0.0500000000000113,10000,results/calibration_followup/audit2/records.csv,,
penny_b20,0.01,0.2,10,10,last10,1455655358,10.930773734015428,5.760000000000855,5.170773734014573,-21.52753217512509,-34.895982679312596,603.7182572097443,639.1040000000545,-0.3399999999999892,10000,results/calibration_followup/audit2/records.csv,,
penny_b20,0.01,0.2,10,10,last10,37527391,10.639211349344222,6.4640000000002145,4.175211349344008,12.230550536865849,3.5143556310203437,643.9901509110817,642.745599999991,-0.0799999999999983,10000,results/calibration_followup/audit2/records.csv,,
penny_b20,0.01,0.2,10,10,last10,1437420082,10.572972118510314,6.125355384980696,4.447616733529618,0.6517208981076692,-9.238926406078669,630.6344620285705,640.3968000000366,0.2900000000000062,10000,results/calibration_followup/audit2/records.csv,,
penny_b20,0.01,0.2,10,10,last10,1847050722,10.27739255124533,6.400000000000547,3.877392551244782,17.746899172236226,10.229812674011963,651.573812674057,641.3440000000456,-0.039999999999992,10000,results/calibration_followup/audit2/records.csv,,
penny_b20,0.01,0.2,10,10,last10,92699064,10.125478181536849,5.03655812023426,5.088920061302589,2.1753829709468846,-10.773170724217088,627.7347244725759,640.0000000000091,-0.1599999999999966,10000,results/calibration_followup/audit2/records.csv,,
penny_b20,0.01,0.2,10,10,last10,1381841196,10.070919867544404,0.6399999999995998,9.430919867544803,-0.404613381375384,-44.875738155401045,586.9925693835127,641.5999999999908,-0.0100000000000051,10000,results/calibration_followup/audit2/records.csv,,
penny_b20,0.01,0.2,10,10,last10,796745881,10.399581527252115,5.282369089972665,5.117212437279452,-17.522438385602072,-30.615369949725828,601.8971169090107,640.3584000000363,-0.0099999999999909,10000,results/calibration_followup/audit2/records.csv,,
penny_b20,0.01,0.2,10,10,last1,802130905,10.117186764726677,0.6367535282924259,9.48043323643425,15.6824939223643,-29.25681325287929,33.740724192689626,64.07680000000546,-0.0799999999999983,10000,results/calibration_followup/audit2/records.csv,,
penny_b20,0.01,0.2,10,10,last1,1408093620,10.517146641611523,0.6226798041336261,9.894466837477896,9.77117562856438,-39.179061370410544,23.085853501982356,64.03840000000547,-0.1299999999999954,10000,results/calibration_followup/audit2/records.csv,,
penny_b20,0.01,0.2,10,10,last1,1856836435,10.69861441933786,0.6941986236009225,10.00441579573694,2.652552923094845,-47.39161478390054,15.135740256428278,64.13439999999636,0.1499999999999914,10000,results/calibration_followup/audit2/records.csv,,
penny_b20,0.01,0.2,10,10,last1,1441724827,10.061773553780792,0.6855371345596126,9.37623641922118,24.27724037808366,-19.679664316481137,44.640335683527795,64.32000000000549,-0.1199999999999903,10000,results/calibration_followup/audit2/records.csv,,
penny_b20,0.01,0.2,10,10,last1,96479995,10.653729822161925,0.6400000000000546,10.013729822161867,11.335114596045967,-38.80227787958102,24.851080012652844,64.13440000000547,-0.0899999999999892,10000,results/calibration_followup/audit2/records.csv,,
penny_b20,0.01,0.2,10,10,last1,2058879711,10.92194744606972,0.5760000000000218,10.345947446069696,-12.075607301778293,-65.59492158019634,-5.674466592546025,63.884800000005455,0.0799999999999983,10000,results/calibration_followup/audit2/records.csv,,
penny_b20,0.01,0.2,10,10,last1,1068002424,10.705484100558085,0.5760000000000218,10.129484100558065,5.254831090078369,-46.04839298165093,12.60372674014664,64.10239999999635,-0.1499999999999914,10000,results/calibration_followup/audit2/records.csv,,
penny_b20,0.01,0.2,10,10,last1,756267520,10.206075905092494,0.6321507888204191,9.573925116272074,4.5091575713759084,-41.32086349461671,21.328974950526245,64.09600000000547,-0.1199999999999903,10000,results/calibration_followup/audit2/records.csv,,
penny_b20,0.01,0.2,10,10,last1,267404297,10.70286964271823,0.5760000000000218,10.126869642718209,4.921011805510716,-46.355732574793095,14.70268143641303,64.30079999999634,-0.0300000000000011,10000,results/calibration_followup/audit2/records.csv,,
penny_b20,0.01,0.2,10,10,last1,1455655358,10.930773734015428,0.6954307433265541,10.235342990688874,-19.798624320423187,-72.17974738894512,-8.765507499936973,63.90400000000545,-0.3299999999999983,10000,results/calibration_followup/audit2/records.csv,,
penny_b20,0.01,0.2,10,10,last1,37527391,10.639211349344222,0.6334060999701216,10.0058052493741,12.703332109867915,-37.35473723433323,24.657058045733507,64.28159999999635,-0.0700000000000073,10000,results/calibration_followup/audit2/records.csv,,
penny_b20,0.01,0.2,10,10,last1,1437420082,10.572972118510314,0.6381881128104306,9.934784005699884,-0.9395576108217938,-50.289524230776905,13.22546420384124,64.03840000000547,0.2900000000000062,10000,results/calibration_followup/audit2/records.csv,,
penny_b20,0.01,0.2,10,10,last1,1847050722,10.27739255124533,0.5760000000000218,9.701392551245307,17.979859172235592,-29.078649544443373,35.06215045555284,64.14079999999636,-0.039999999999992,10000,results/calibration_followup/audit2/records.csv,,
penny_b20,0.01,0.2,10,10,last1,92699064,10.125478181536849,0.573572653846003,9.551905527690844,2.88946064557058,-42.72998895939488,19.771506237392856,63.99360000000547,-0.1599999999999966,10000,results/calibration_followup/audit2/records.csv,,
penny_b20,0.01,0.2,10,10,last1,1381841196,10.070919867544404,0.5759999999999309,9.494919867544471,-0.4039733813751809,-45.48072502692056,8.89638251199824,64.10879999999636,-0.0100000000000051,10000,results/calibration_followup/audit2/records.csv,,
penny_b20,0.01,0.2,10,10,last1,796745881,10.399581527252115,0.7040000000000873,9.69558152725203,-17.47665469470303,-64.47880527049843,-8.305518411792193,64.01920000000545,-0.0099999999999909,10000,results/calibration_followup/audit2/records.csv,,
penny_b20,0.01,0.2,10,20,noop,802130905,20.05937915137883,0.0,20.05937915137883,15.575168433028011,-185.61417753635783,-186.69344009079435,0.0,-0.0799999999999983,10000,results/calibration_followup/audit2/records.csv,,
penny_b20,0.01,0.2,10,20,noop,1408093620,20.18914570528697,0.0,20.18914570528697,12.959901625064958,-190.84090052958865,-190.84090052958803,0.0,-0.1299999999999954,10000,results/calibration_followup/audit2/records.csv,,
penny_b20,0.01,0.2,10,20,noop,1856836435,20.035878607313123,0.0,20.035878607313123,2.388423129554212,-198.3297926539396,-199.70474932571008,0.0,0.1499999999999914,10000,results/calibration_followup/audit2/records.csv,,
penny_b20,0.01,0.2,10,20,noop,1441724827,20.392242540605736,0.0,20.392242540605736,27.45864553027968,-180.46313238716544,-180.46313238716337,0.0,-0.1199999999999903,10000,results/calibration_followup/audit2/records.csv,,
penny_b20,0.01,0.2,10,20,noop,96479995,20.439640858607895,0.0,20.439640858607895,13.669018629290804,-195.22044058514584,-195.39538467712364,0.0,-0.0899999999999892,10000,results/calibration_followup/audit2/records.csv,,
penny_b20,0.01,0.2,10,20,noop,2058879711,20.048211166365085,0.0,20.048211166365085,-12.44673785058876,-213.4121233361716,-216.60681443994247,0.0,0.0900000000000034,10000,results/calibration_followup/audit2/records.csv,,
penny_b20,0.01,0.2,10,20,noop,1068002424,20.995224851843417,0.0,20.995224851843417,8.218452322020312,-212.18128096771133,-217.47693471248644,0.0,-0.1499999999999914,10000,results/calibration_followup/audit2/records.csv,,
penny_b20,0.01,0.2,10,20,noop,756267520,20.488254778091395,0.0,20.488254778091395,6.8242732293656445,-203.0600186966268,-204.10413972014388,0.0,-0.1199999999999903,10000,results/calibration_followup/audit2/records.csv,,
penny_b20,0.01,0.2,10,20,noop,267404297,20.14044480520282,0.0,20.14044480520282,10.25538754918125,-192.56337092652936,-194.994978745752,0.0,-0.0300000000000011,10000,results/calibration_followup/audit2/records.csv,,
penny_b20,0.01,0.2,10,20,noop,1455655358,20.82999410149641,0.0,20.82999410149641,-14.581431160688226,-231.52575829487583,-232.0155184058719,0.0,-0.3299999999999983,10000,results/calibration_followup/audit2/records.csv,,
penny_b20,0.01,0.2,10,20,noop,37527391,20.19218374751124,0.0,20.19218374751124,16.11568115224327,-187.74646109438527,-190.0162658143155,0.0,-0.0700000000000073,10000,results/calibration_followup/audit2/records.csv,,
penny_b20,0.01,0.2,10,20,noop,1437420082,20.599485001016586,0.0,20.599485001016586,-3.8825124737468286,-216.0519036273004,-216.5753151926883,0.0,0.2900000000000062,10000,results/calibration_followup/audit2/records.csv,,
penny_b20,0.01,0.2,10,20,noop,1847050722,20.26727407404708,0.0,20.26727407404708,17.90300035700784,-187.47819883926263,-187.47819883926303,0.0,-0.039999999999992,10000,results/calibration_followup/audit2/records.csv,,
penny_b20,0.01,0.2,10,20,noop,92699064,20.425304931413475,0.0,20.425304931413475,5.044357261755067,-203.55218350885673,-204.80758433849064,0.0,-0.1599999999999966,10000,results/calibration_followup/audit2/records.csv,,
penny_b20,0.01,0.2,10,20,noop,1381841196,20.751941032359134,0.0,20.751941032359134,3.0365236030156666,-212.2850047022397,-219.01765168600227,0.0,-0.0100000000000051,10000,results/calibration_followup/audit2/records.csv,,
penny_b20,0.01,0.2,10,20,noop,796745881,20.48496047509482,0.0,20.48496047509482,-14.599511996289948,-224.41631482938843,-231.99249212359803,0.0,-0.0099999999999909,10000,results/calibration_followup/audit2/records.csv,,
penny_b20,0.01,0.2,10,20,all,802130905,20.05937915137883,18.50635205560073,1.553027095778102,13.909596748024342,12.703650167913858,1933.020515778075,1921.396128164598,-0.0900000000000034,10000,results/calibration_followup/audit2/records.csv,,
penny_b20,0.01,0.2,10,20,all,1408093620,20.18914570528697,13.37600000000157,6.8131457052853985,10.953501625066565,-12.255975575657873,1911.154153132384,1923.4101287080427,-0.1499999999999914,10000,results/calibration_followup/audit2/records.csv,,
penny_b20,0.01,0.2,10,20,all,1856836435,20.035878607313123,4.160000000000309,15.875878607312814,2.970823129555356,-123.05093764751096,1797.938233310214,1922.364127629496,0.1400000000000005,10000,results/calibration_followup/audit2/records.csv,,
penny_b20,0.01,0.2,10,20,all,1441724827,20.392242540605736,26.176000000001835,-5.783757459396099,23.532245530279397,6.806320355719386,1938.2536334699555,1931.447313114234,-0.1499999999999914,10000,results/calibration_followup/audit2/records.csv,,
penny_b20,0.01,0.2,10,20,all,96479995,20.439640858607895,19.491480675911873,0.9481601826960216,11.7198705617011,11.270366695676024,1934.0848409442335,1922.9894183405372,-0.0999999999999943,10000,results/calibration_followup/audit2/records.csv,,
penny_b20,0.01,0.2,10,20,all,2058879711,20.048211166365085,13.487531615812465,6.5606795505526225,-11.36773532132429,-32.88899340384397,1881.403768282546,1917.48745279016,0.0799999999999983,10000,results/calibration_followup/audit2/records.csv,,
penny_b20,0.01,0.2,10,20,all,1068002424,20.995224851843417,20.507317688769817,0.4879071630735971,4.937281491816975,4.818254791927712,1922.7829063583283,1923.2603053111752,-0.1599999999999966,10000,results/calibration_followup/audit2/records.csv,,
penny_b20,0.01,0.2,10,20,all,756267520,20.488254778091395,20.023549770451364,0.4647050076400312,4.221211759208018,4.1132363871451565,1927.395252516505,1924.326137152878,-0.1299999999999954,10000,results/calibration_followup/audit2/records.csv,,
penny_b20,0.01,0.2,10,20,all,267404297,20.14044480520282,33.85599999999903,-13.71555519479621,6.192667549181351,-87.86555960156929,1837.6686096195604,1927.9657770403524,-0.1200000000000045,10000,results/calibration_followup/audit2/records.csv,,
penny_b20,0.01,0.2,10,20,all,1455655358,20.82999410149641,25.664000000000215,-4.834005898503808,-23.820471160686793,-35.504277674071595,1877.251691716764,1913.2457295018332,-0.3599999999999994,10000,results/calibration_followup/audit2/records.csv,,
penny_b20,0.01,0.2,10,20,all,37527391,20.19218374751124,23.23526652155387,-3.043082774042631,14.024507165302566,9.394330780465069,1934.5919255998672,1927.4673995393312,-0.0900000000000034,10000,results/calibration_followup/audit2/records.csv,,
penny_b20,0.01,0.2,10,20,all,1437420082,20.599485001016586,15.488000000000282,5.1114850010163,0.4541275262527051,-12.609511931554596,1911.309452072214,1924.442375569156,0.2800000000000011,10000,results/calibration_followup/audit2/records.csv,,
penny_b20,0.01,0.2,10,20,all,1847050722,20.26727407404708,18.752000000001136,1.5152740740459445,16.96540035700673,15.817372597268832,1940.1033034710647,1924.2859308737952,-0.0499999999999971,10000,results/calibration_followup/audit2/records.csv,,
penny_b20,0.01,0.2,10,20,all,92699064,20.425304931413475,15.23199999999988,5.193304931413596,2.4549172617553268,-11.030290793567064,1908.53550085111,1920.821192474311,-0.1700000000000017,10000,results/calibration_followup/audit2/records.csv,,
penny_b20,0.01,0.2,10,20,all,1381841196,20.751941032359134,4.825157460476479,15.926783571882655,2.988272028409483,-123.84294544438612,1792.6205450566513,1923.1961374847983,-0.0100000000000051,10000,results/calibration_followup/audit2/records.csv,,
penny_b20,0.01,0.2,10,20,all,796745881,20.48496047509482,14.504130789165616,5.980829685929205,-14.88959461207196,-32.77475647811798,1883.8097168751751,1924.160650647504,-0.019999999999996,10000,results/calibration_followup/audit2/records.csv,,
penny_b20,0.01,0.2,10,20,last10,802130905,20.05937915137883,6.266767076221899,13.792612075156931,15.0738270669317,-80.0442468609507,559.6444905846298,640.7680000000182,-0.0799999999999983,10000,results/calibration_followup/audit2/records.csv,,
penny_b20,0.01,0.2,10,20,last10,1408093620,20.18914570528697,5.440000000000055,14.749145705286914,12.19830162506696,-96.57034789282474,543.8456521072196,640.4160000000456,-0.1400000000000005,10000,results/calibration_followup/audit2/records.csv,,
penny_b20,0.01,0.2,10,20,last10,1856836435,20.035878607313123,4.160000000000128,15.875878607312996,2.970823129555356,-123.05093764751383,517.1421056806964,641.5679999999818,0.1400000000000005,10000,results/calibration_followup/audit2/records.csv,,
penny_b20,0.01,0.2,10,20,last10,1441724827,20.392242540605736,8.949430585032884,11.442811955572852,26.295219554225696,-39.17375317107481,603.7638468289816,642.9376000000549,-0.1299999999999954,10000,results/calibration_followup/audit2/records.csv,,
penny_b20,0.01,0.2,10,20,last10,96479995,20.439640858607895,6.599173741059848,13.840467117548048,13.075092992596185,-82.7041720233682,558.439283884708,641.3184000000548,-0.0899999999999892,10000,results/calibration_followup/audit2/records.csv,,
penny_b20,0.01,0.2,10,20,last10,2058879711,20.048211166365085,4.6079999999999925,15.440211166365092,-12.078097850589984,-131.27815828156264,504.4903506146859,638.9632000000183,0.0799999999999983,10000,results/calibration_followup/audit2/records.csv,,
penny_b20,0.01,0.2,10,20,last10,1068002424,20.995224851843417,5.79191168139311,15.203313170450304,7.349665569810895,-108.22070010958296,527.494846145624,641.0111999999817,-0.1499999999999914,10000,results/calibration_followup/audit2/records.csv,,
penny_b20,0.01,0.2,10,20,last10,756267520,20.488254778091395,6.592000000000281,13.896254778091114,5.967313229364663,-90.5856351994454,549.2470437770567,640.8768000000183,-0.1299999999999954,10000,results/calibration_followup/audit2/records.csv,,
penny_b20,0.01,0.2,10,20,last10,267404297,20.14044480520282,8.383999999999288,11.75644480520353,9.836187549182796,-59.27080967971574,580.9151825010238,642.6175999999637,-0.0500000000000113,10000,results/calibration_followup/audit2/records.csv,,
penny_b20,0.01,0.2,10,20,last10,1455655358,20.82999410149641,5.760000000000855,15.069994101495556,-16.539831160687754,-130.09219227024315,508.52204761881467,639.1040000000545,-0.3399999999999892,10000,results/calibration_followup/audit2/records.csv,,
penny_b20,0.01,0.2,10,20,last10,37527391,20.19218374751124,6.4640000000002145,13.728183747511023,15.598561152242835,-78.63295335047009,561.842841929591,642.745599999991,-0.0799999999999983,10000,results/calibration_followup/audit2/records.csv,,
penny_b20,0.01,0.2,10,20,last10,1437420082,20.599485001016586,6.125355384980696,14.474129616035883,-2.106159412103807,-106.85637348300736,533.0170149516423,640.3968000000366,0.2900000000000062,10000,results/calibration_followup/audit2/records.csv,,
penny_b20,0.01,0.2,10,20,last10,1847050722,20.26727407404708,6.400000000000547,13.867274074046534,17.647000357008437,-78.50364476535314,562.8403552346917,641.3440000000456,-0.039999999999992,10000,results/calibration_followup/audit2/records.csv,,
penny_b20,0.01,0.2,10,20,last10,92699064,20.425304931413475,5.03655812023426,15.388746811179214,4.238507962516451,-114.16825624677276,524.5763429236035,640.0000000000091,-0.1599999999999966,10000,results/calibration_followup/audit2/records.csv,,
penny_b20,0.01,0.2,10,20,last10,1381841196,20.751941032359134,0.6399999999995998,20.111941032359535,3.030123603013635,-199.2149624415399,435.65239057469057,641.5999999999908,-0.0100000000000051,10000,results/calibration_followup/audit2/records.csv,,
penny_b20,0.01,0.2,10,20,last10,796745881,20.48496047509482,5.282369089972665,15.202591385122156,-14.652335687189408,-130.2117280986846,502.57049460714194,640.3584000000363,-0.0099999999999909,10000,results/calibration_followup/audit2/records.csv,,
penny_b20,0.01,0.2,10,20,last1,802130905,20.05937915137883,0.6367535282924259,19.422625623086404,15.52422815076534,-173.0949648965209,-110.09742745095284,64.07680000000546,-0.0799999999999983,10000,results/calibration_followup/audit2/records.csv,,
penny_b20,0.01,0.2,10,20,last1,1408093620,20.18914570528697,0.6226798041336261,19.566465901153343,12.878953250528866,-178.5443406799694,-114.50594067996433,64.03840000000547,-0.1299999999999954,10000,results/calibration_followup/audit2/records.csv,,
penny_b20,0.01,0.2,10,20,last1,1856836435,20.035878607313123,0.6941986236009225,19.3416799837122,2.4925529230949905,-184.5577393730716,-121.79829604484615,64.13439999999636,0.1499999999999914,10000,results/calibration_followup/audit2/records.csv,,
penny_b20,0.01,0.2,10,20,last1,1441724827,20.392242540605736,0.6855371345596126,19.70670540604612,27.37638107413295,-166.80073790621077,-102.48073790620369,64.32000000000549,-0.1199999999999903,10000,results/calibration_followup/audit2/records.csv,,
penny_b20,0.01,0.2,10,20,last1,96479995,20.439640858607895,0.6400000000000546,19.79964085860784,13.61141862929071,-182.40147043563584,-118.44201452760812,64.13440000000547,-0.0899999999999892,10000,results/calibration_followup/audit2/records.csv,,
penny_b20,0.01,0.2,10,20,last1,2058879711,20.048211166365085,0.5760000000000218,19.472211166365064,-12.400657850588686,-201.9841617043448,-141.29405280811028,63.884800000005455,0.0799999999999983,10000,results/calibration_followup/audit2/records.csv,,
penny_b20,0.01,0.2,10,20,last1,1068002424,20.995224851843417,0.5760000000000218,20.419224851843392,8.132052322020172,-200.34031945304923,-141.53357319782785,64.10239999999635,-0.1499999999999914,10000,results/calibration_followup/audit2/records.csv,,
penny_b20,0.01,0.2,10,20,last1,756267520,20.488254778091395,0.6321507888204191,19.856103989270977,6.748415134707102,-190.38401768166432,-127.3321387051758,64.09600000000547,-0.1199999999999903,10000,results/calibration_followup/audit2/records.csv,,
penny_b20,0.01,0.2,10,20,last1,267404297,20.14044480520282,0.5760000000000218,19.564444805202797,10.238107549181224,-181.14564271873212,-119.27645053795824,64.30079999999634,-0.0300000000000011,10000,results/calibration_followup/audit2/records.csv,,
penny_b20,0.01,0.2,10,20,last1,1455655358,20.82999410149641,0.6954307433265541,20.134563358169856,-14.810923305985852,-217.51124411806396,-154.0970042290548,63.90400000000545,-0.3299999999999983,10000,results/calibration_followup/audit2/records.csv,,
penny_b20,0.01,0.2,10,20,last1,37527391,20.19218374751124,0.6334060999701216,19.55877764754112,16.071342725244904,-175.20154880773217,-113.18975352766525,64.28159999999635,-0.0700000000000073,10000,results/calibration_followup/audit2/records.csv,,
penny_b20,0.01,0.2,10,20,last1,1437420082,20.599485001016586,0.6381881128104306,19.961296888206153,-3.697437921031451,-202.92412465058575,-139.4091362159687,64.03840000000547,0.2900000000000062,10000,results/calibration_followup/audit2/records.csv,,
penny_b20,0.01,0.2,10,20,last1,1847050722,20.26727407404708,0.5760000000000218,19.691274074047055,17.879960357007803,-175.9931769726111,-111.85237697261512,64.14079999999636,-0.039999999999992,10000,results/calibration_followup/audit2/records.csv,,
penny_b20,0.01,0.2,10,20,last1,92699064,20.425304931413475,0.573572653846003,19.85173227756747,4.952585637138327,-192.09305157296876,-129.35485240259572,63.99360000000547,-0.1599999999999966,10000,results/calibration_followup/audit2/records.csv,,
penny_b20,0.01,0.2,10,20,last1,1381841196,20.751941032359134,0.5759999999999309,20.175941032359205,3.0307636030156573,-200.50353466760225,-143.12738165136835,64.10879999999636,-0.0100000000000051,10000,results/calibration_followup/audit2/records.csv,,
penny_b20,0.01,0.2,10,20,last1,796745881,20.48496047509482,0.7040000000000873,19.780960475094737,-14.606551996290364,-210.2497506549204,-153.80672794912385,64.01920000000545,-0.0099999999999909,10000,results/calibration_followup/audit2/records.csv,,
v15,0.05,0.002,1,0,noop,802130905,0.7353973416020141,0.0,0.7353973416020141,19.37560091092564,19.105196285907983,18.753558181294707,0.0,-0.0999999999999943,100000,results/calibration_followup/audit_v15_corrected/records.csv,0.0,0.5
v15,0.05,0.002,1,0,noop,1408093620,0.2855294483802275,0.0,0.2855294483802275,10.296787815856078,10.25602428290992,10.221894447080407,0.0,-0.2000000000000028,100000,results/calibration_followup/audit_v15_corrected/records.csv,0.0,0.5
v15,0.05,0.002,1,0,noop,1856836435,0.6900629737073576,0.0,0.6900629737073576,7.28985859331442,7.0517651394735,6.933972575206951,0.0,0.2999999999999971,100000,results/calibration_followup/audit_v15_corrected/records.csv,0.0,0.5
v15,0.05,0.002,1,0,noop,1441724827,0.568361413111985,0.0,0.568361413111985,24.23862877251304,24.077111424555714,24.064319905681593,0.0,-0.25,100000,results/calibration_followup/audit_v15_corrected/records.csv,0.0,0.5
v15,0.05,0.002,1,0,noop,96479995,0.6918089517702235,0.0,0.6918089517702235,13.25117226195107,13.011872449076362,12.99084109210311,0.0,-0.25,100000,results/calibration_followup/audit_v15_corrected/records.csv,0.0,0.5
v15,0.05,0.002,1,0,noop,2058879711,0.7722328441881992,0.0,0.7722328441881992,-8.460961078561013,-8.759132861382511,-8.951821607173699,0.0,0.0500000000000113,100000,results/calibration_followup/audit_v15_corrected/records.csv,0.0,0.5
v15,0.05,0.002,1,0,noop,1068002424,0.6675775403056123,0.0,0.6675775403056123,6.631391413688107,6.408561527527861,6.329544013906556,0.0,-0.25,100000,results/calibration_followup/audit_v15_corrected/records.csv,0.0,0.5
v15,0.05,0.002,1,0,noop,756267520,0.9324184628381352,0.0,0.9324184628381352,6.2688172482139635,5.834115153293248,5.661267948351423,0.0,-0.0999999999999943,100000,results/calibration_followup/audit_v15_corrected/records.csv,0.0,0.5
v15,0.05,0.002,1,0,noop,267404297,0.7028696427182304,0.0,0.7028696427182304,2.3643839016331185,2.117371034305692,1.8954318776783057,0.0,1.2000000000000028,100000,results/calibration_followup/audit_v15_corrected/records.csv,0.0,0.5
v15,0.05,0.002,1,0,noop,1455655358,0.6858416347942882,0.0,0.6858416347942882,-20.467884737943677,-20.70307411195233,-20.703074111952716,0.0,-0.4500000000000028,100000,results/calibration_followup/audit_v15_corrected/records.csv,0.0,0.5
v15,0.05,0.002,1,0,noop,37527391,0.5835691360107167,0.0,0.5835691360107167,13.284816868141206,13.11454039988906,12.844042248501466,0.0,0.0,100000,results/calibration_followup/audit_v15_corrected/records.csv,0.0,0.5
v15,0.05,0.002,1,0,noop,1437420082,0.46671908287421,0.0,0.46671908287421,5.638140648157787,5.529227296998315,5.517278741347077,0.0,0.4000000000000057,100000,results/calibration_followup/audit_v15_corrected/records.csv,0.0,0.5
v15,0.05,0.002,1,0,noop,1847050722,0.3991184964010239,0.0,0.3991184964010239,22.124991859709553,22.045344072624847,22.04534407262509,0.0,-0.0499999999999971,100000,results/calibration_followup/audit_v15_corrected/records.csv,0.0,0.5
v15,0.05,0.002,1,0,noop,92699064,0.6595176077652241,0.0,0.6595176077652241,5.569397940809722,5.35191620333354,5.345170296118084,0.0,-0.4000000000000057,100000,results/calibration_followup/audit_v15_corrected/records.csv,0.0,0.5
v15,0.05,0.002,1,0,noop,1381841196,0.7886850767260789,0.0,0.7886850767260789,0.9909517061169026,0.6799396309916921,0.0654403192468606,0.0,-0.0499999999999971,100000,results/calibration_followup/audit_v15_corrected/records.csv,0.0,0.5
v15,0.05,0.002,1,0,noop,796745881,0.684539097759636,0.0,0.684539097759636,-15.772106788923338,-16.006403677104128,-16.04071662070035,0.0,-0.1000000000000085,100000,results/calibration_followup/audit_v15_corrected/records.csv,0.0,0.5
v15,0.05,0.002,1,0,all,802130905,0.7353973416020141,0.912000000000018,-0.176602658398004,19.23880091092724,19.223206661450615,114.83458013781814,95.96301158098233,-0.1499999999999914,100000,results/calibration_followup/audit_v15_corrected/records.csv,0.0,0.5
v15,0.05,0.002,1,0,all,1408093620,0.2855294483802275,0.7935999999999912,-0.5080705516197637,10.13806781585663,10.008999973145023,106.20731810733636,96.2324479700214,-0.2000000000000028,100000,results/calibration_followup/audit_v15_corrected/records.csv,0.0,0.5
v15,0.05,0.002,1,0,all,1856836435,0.6900629737073576,0.884601672791375,-0.1945386990840174,7.555239095152501,7.536316442431851,103.9352764089668,96.51675253080212,0.2999999999999971,100000,results/calibration_followup/audit_v15_corrected/records.csv,0.0,0.5
v15,0.05,0.002,1,0,all,1441724827,0.568361413111985,1.1046914564970112,-0.5363300433850262,23.96245590838953,23.818630950670837,120.24934912922544,96.44350969742948,-0.25,100000,results/calibration_followup/audit_v15_corrected/records.csv,0.0,0.5
v15,0.05,0.002,1,0,all,96479995,0.6918089517702235,0.9450993629616312,-0.2532904111914076,13.014897421211572,12.982819405010815,108.87648625484364,95.914698206807,-0.25,100000,results/calibration_followup/audit_v15_corrected/records.csv,0.0,0.5
v15,0.05,0.002,1,0,all,2058879711,0.7722328441881992,0.8631728154649356,-0.0909399712767364,-8.417802437787032,-8.421937476974938,87.29825757893845,95.91288380170528,0.0500000000000113,100000,results/calibration_followup/audit_v15_corrected/records.csv,0.0,0.5
v15,0.05,0.002,1,0,all,1068002424,0.6675775403056123,0.987973685102904,-0.3203961447972916,6.384397992413142,6.333071147612658,102.13894135832264,95.88488772433206,-0.25,100000,results/calibration_followup/audit_v15_corrected/records.csv,0.0,0.5
v15,0.05,0.002,1,0,all,756267520,0.9324184628381352,0.9216000000000032,0.0108184628381318,6.1766572482138145,6.176598728644724,102.31842122602536,96.31466970232232,-0.0999999999999943,100000,results/calibration_followup/audit_v15_corrected/records.csv,0.0,0.5
v15,0.05,0.002,1,0,all,267404297,0.7028696427182304,0.8800000000000037,-0.1771303572817733,3.4203839016336133,3.4046963198982287,100.9032140386143,97.72045687534394,1.2000000000000028,100000,results/calibration_followup/audit_v15_corrected/records.csv,0.0,0.5
v15,0.05,0.002,1,0,all,1455655358,0.6858416347942882,0.9440000000000008,-0.2581583652057126,-20.892684737942545,-20.926007608705387,74.87813750977281,95.80414511847972,-0.4500000000000028,100000,results/calibration_followup/audit_v15_corrected/records.csv,0.0,0.5
v15,0.05,0.002,1,0,all,37527391,0.5835691360107167,1.0297676186735631,-0.4461984826628464,13.284816868141206,13.185270325175892,109.26420627302328,96.349434099235,0.0,100000,results/calibration_followup/audit_v15_corrected/records.csv,0.0,0.5
v15,0.05,0.002,1,0,all,1437420082,0.46671908287421,1.017091084353408,-0.550372001479198,6.044977081897741,5.893522411891632,101.91063625804874,96.02906240180693,0.4000000000000057,100000,results/calibration_followup/audit_v15_corrected/records.csv,0.0,0.5
v15,0.05,0.002,1,0,all,1847050722,0.3991184964010239,0.9849534424118658,-0.5858349460108419,22.075744187588494,21.904142895604735,118.10604353444792,96.20190063884247,-0.0499999999999971,100000,results/calibration_followup/audit_v15_corrected/records.csv,0.0,0.5
v15,0.05,0.002,1,0,all,92699064,0.6595176077652241,0.7679999999999856,-0.1084823922347615,5.262197940810438,5.256313726097949,101.05798276139116,95.8084149425094,-0.4000000000000057,100000,results/calibration_followup/audit_v15_corrected/records.csv,0.0,0.5
v15,0.05,0.002,1,0,all,1381841196,0.7886850767260789,0.6888290786579476,0.0998559980681312,0.9565102521846712,0.9515246420095798,96.69079077895096,96.3537654486869,-0.0499999999999971,100000,results/calibration_followup/audit_v15_corrected/records.csv,0.0,0.5
v15,0.05,0.002,1,0,all,796745881,0.684539097759636,0.900861661478801,-0.216322563719165,-15.862192955071803,-15.88559068085882,80.02357169658221,95.94347532103664,-0.1000000000000085,100000,results/calibration_followup/audit_v15_corrected/records.csv,0.0,0.5
v15,0.05,0.002,1,0,last10,802130905,0.7353973416020141,0.3328416260811633,0.4025557155208508,19.3423167483179,19.261291196268647,50.93045309165563,32.02080000000064,-0.0999999999999943,100000,results/calibration_followup/audit_v15_corrected/records.csv,0.0,0.5
v15,0.05,0.002,1,0,last10,1408093620,0.2855294483802275,0.2816000000000003,0.0039294483802271,10.240467815856393,10.240460095574104,42.225530259745014,32.01920000000074,-0.2000000000000028,100000,results/calibration_followup/audit_v15_corrected/records.csv,0.0,0.5
v15,0.05,0.002,1,0,last10,1856836435,0.6900629737073576,0.312255770839853,0.3778072028675045,7.383535324568584,7.3121661832993,39.307973619030534,32.113600000000005,0.2999999999999971,100000,results/calibration_followup/audit_v15_corrected/records.csv,0.0,0.5
v15,0.05,0.002,1,0,last10,1441724827,0.568361413111985,0.3597718519408857,0.2085895611710992,24.148685809528615,24.12693100701384,56.21813948813894,32.104000000000006,-0.25,100000,results/calibration_followup/audit_v15_corrected/records.csv,0.0,0.5
v15,0.05,0.002,1,0,last10,96479995,0.6918089517702235,0.3177874315692331,0.3740215202009904,13.171725404057725,13.101779355270995,45.09674799829877,32.016,-0.25,100000,results/calibration_followup/audit_v15_corrected/records.csv,0.0,0.5
v15,0.05,0.002,1,0,last10,2058879711,0.7722328441881992,0.2955924847372834,0.4766403594509157,-8.446181454324687,-8.559774470453437,23.194736783756724,31.947200000000823,0.0500000000000113,100000,results/calibration_followup/audit_v15_corrected/records.csv,0.0,0.5
v15,0.05,0.002,1,0,last10,1068002424,0.6675775403056123,0.3092276842811524,0.3583498560244599,6.554084492618131,6.489877182961755,38.42845966934013,32.0176,-0.25,100000,results/calibration_followup/audit_v15_corrected/records.csv,0.0,0.5
v15,0.05,0.002,1,0,last10,756267520,0.9324184628381352,0.32,0.6124184628381351,6.23681724821472,6.049289061402208,37.924441856459616,32.047999999999995,-0.0999999999999943,100000,results/calibration_followup/audit_v15_corrected/records.csv,0.0,0.5
v15,0.05,0.002,1,0,last10,267404297,0.7028696427182304,0.3168000000000002,0.3860696427182302,2.744543901631914,2.6700190171176232,34.99367986049144,32.5456,1.2000000000000028,100000,results/calibration_followup/audit_v15_corrected/records.csv,0.0,0.5
v15,0.05,0.002,1,0,last10,1455655358,0.6858416347942882,0.2912000000000017,0.3946416347942865,-20.59892473794389,-20.67679574790044,11.257604252100192,31.934400000000824,-0.4500000000000028,100000,results/calibration_followup/audit_v15_corrected/records.csv,0.0,0.5
v15,0.05,0.002,1,0,last10,37527391,0.5835691360107167,0.327275142066374,0.2562939939443427,13.284816868141206,13.251973562475234,45.135075411087655,32.153600000000004,0.0,100000,results/calibration_followup/audit_v15_corrected/records.csv,0.0,0.5
v15,0.05,0.002,1,0,last10,1437420082,0.46671908287421,0.3335313234870287,0.1331877593871813,5.771553177550231,5.762683687924943,37.78913513227663,32.03840000000054,0.4000000000000057,100000,results/calibration_followup/audit_v15_corrected/records.csv,0.0,0.5
v15,0.05,0.002,1,0,last10,1847050722,0.3991184964010239,0.3195559105855816,0.0795625858154422,22.109014064179064,22.105848961648245,54.16824896164972,32.06240000000001,-0.0499999999999971,100000,results/calibration_followup/audit_v15_corrected/records.csv,0.0,0.5
v15,0.05,0.002,1,0,last10,92699064,0.6595176077652241,0.262399999999996,0.397117607765228,5.464437940810967,5.385586743612379,37.327640836395666,31.9488,-0.4000000000000057,100000,results/calibration_followup/audit_v15_corrected/records.csv,0.0,0.5
v15,0.05,0.002,1,0,last10,1381841196,0.7886850767260789,0.2299756140292292,0.5587094626968496,0.9794529254158988,0.8233747935623976,32.28567548181711,32.076800000000006,-0.0499999999999971,100000,results/calibration_followup/audit_v15_corrected/records.csv,0.0,0.5
v15,0.05,0.002,1,0,last10,796745881,0.684539097759636,0.2998409541757489,0.384698143583887,-15.802090884340942,-15.876087215179384,16.079999841223607,31.990399999999187,-0.1000000000000085,100000,results/calibration_followup/audit_v15_corrected/records.csv,0.0,0.5
v15,0.05,0.002,1,0,last1,802130905,0.7353973416020141,0.0311375040325562,0.7042598375694579,19.372487160522724,19.124496201116045,21.97605809650243,3.2032000000000003,-0.0999999999999943,100000,results/calibration_followup/audit_v15_corrected/records.csv,0.0,0.5
v15,0.05,0.002,1,0,last1,1408093620,0.2855294483802275,0.0288000000000001,0.2567294483802274,10.291027815856069,10.25807281102326,13.425542975193853,3.2016000000000915,-0.2000000000000028,100000,results/calibration_followup/audit_v15_corrected/records.csv,0.0,0.5
v15,0.05,0.002,1,0,last1,1856836435,0.6900629737073576,0.0315706570450392,0.6584923166623183,7.299329790428601,7.082523724876948,10.175931160609716,3.2112000000000003,0.2999999999999971,100000,results/calibration_followup/audit_v15_corrected/records.csv,0.0,0.5
v15,0.05,0.002,1,0,last1,1441724827,0.568361413111985,0.0313191370358872,0.5370422760760977,24.23079898825563,24.086591785109132,27.286600266233457,3.2128,-0.25,100000,results/calibration_followup/audit_v15_corrected/records.csv,0.0,0.5
v15,0.05,0.002,1,0,last1,96479995,0.6918089517702235,0.031807919274623,0.6600010324956005,13.243220282132825,13.025419600685195,16.20598824371153,3.2016000000000004,-0.25,100000,results/calibration_followup/audit_v15_corrected/records.csv,0.0,0.5
v15,0.05,0.002,1,0,last1,2058879711,0.7722328441881992,0.0318073030859189,0.7404255411022802,-8.459370713406315,-8.733485704364618,-5.73257445015612,3.193600000000091,0.0500000000000113,100000,results/calibration_followup/audit_v15_corrected/records.csv,0.0,0.5
v15,0.05,0.002,1,0,last1,1068002424,0.6675775403056123,0.0312632775614344,0.6363142627441778,6.623575594298018,6.421127673812184,9.5437101601906,3.2016000000000004,-0.25,100000,results/calibration_followup/audit_v15_corrected/records.csv,0.0,0.5
v15,0.05,0.002,1,0,last1,756267520,0.9324184628381352,0.032,0.9004184628381351,6.265617248212948,5.8602405441030525,8.892193339162228,3.2048,-0.0999999999999943,100000,results/calibration_followup/audit_v15_corrected/records.csv,0.0,0.5
v15,0.05,0.002,1,0,last1,267404297,0.7028696427182304,0.0288000000000001,0.6740696427182302,2.3989439016313554,2.171758960014214,5.205819803388593,3.256,1.2000000000000028,100000,results/calibration_followup/audit_v15_corrected/records.csv,0.0,0.5
v15,0.05,0.002,1,0,last1,1455655358,0.6858416347942882,0.032,0.6538416347942881,-20.48228473794552,-20.696039179640753,-17.5040391796393,3.192,-0.4500000000000028,100000,results/calibration_followup/audit_v15_corrected/records.csv,0.0,0.5
v15,0.05,0.002,1,0,last1,37527391,0.5835691360107167,0.0314996717626047,0.552069464248112,13.284816868141206,13.132426521463607,16.077928370076016,3.216,0.0,100000,results/calibration_followup/audit_v15_corrected/records.csv,0.0,0.5
v15,0.05,0.002,1,0,last1,1437420082,0.46671908287421,0.0346471016775038,0.4320719811967061,5.6519994888276415,5.558656390360018,8.749907834710019,3.2032000000000913,0.4000000000000057,100000,results/calibration_followup/audit_v15_corrected/records.csv,0.0,0.5
v15,0.05,0.002,1,0,last1,1847050722,0.3991184964010239,0.0316695620084425,0.3674489343925813,22.123408381608897,22.055899021915774,25.262299021916263,3.2064000000000004,-0.0499999999999971,100000,results/calibration_followup/audit_v15_corrected/records.csv,0.0,0.5
v15,0.05,0.002,1,0,last1,92699064,0.6595176077652241,0.0287999999999992,0.6307176077652248,5.557877940809703,5.35897559043716,8.545829683221708,3.1936000000000004,-0.4000000000000057,100000,results/calibration_followup/audit_v15_corrected/records.csv,0.0,0.5
v15,0.05,0.002,1,0,last1,1381841196,0.7886850767260789,0.0319629892836682,0.7567220874424107,0.989353556651622,0.7030393978400223,3.291740086096288,3.2032000000000003,-0.0499999999999971,100000,results/calibration_followup/audit_v15_corrected/records.csv,0.0,0.5
v15,0.05,0.002,1,0,last1,796745881,0.684539097759636,0.0343867760722734,0.6501523216873625,-15.775545466531185,-15.986894487228918,-12.824407430824518,3.1968,-0.1000000000000085,100000,results/calibration_followup/audit_v15_corrected/records.csv,0.0,0.5
v15,0.05,0.002,1,10,noop,802130905,10.117186764726677,0.0,10.117186764726677,18.90651143976902,-32.27222257641128,-32.62233365113565,0.0,-0.0999999999999943,100000,results/calibration_followup/audit_v15_corrected/records.csv,0.0,0.5
v15,0.05,0.002,1,10,noop,1408093620,10.517146641611523,0.0,10.517146641611523,13.87785383348637,-41.427332907093906,-41.44319120696866,0.0,-0.2000000000000028,100000,results/calibration_followup/audit_v15_corrected/records.csv,0.0,0.5
v15,0.05,0.002,1,10,noop,1856836435,10.69861441933786,0.0,10.69861441933786,6.289003448751828,-50.94117179808018,-51.0386586051915,0.0,0.2999999999999971,100000,results/calibration_followup/audit_v15_corrected/records.csv,0.0,0.5
v15,0.05,0.002,1,10,noop,1441724827,10.061773553780792,0.0,10.061773553780792,27.08665241471317,-23.532991109068107,-23.545358013359092,0.0,-0.25,100000,results/calibration_followup/audit_v15_corrected/records.csv,0.0,0.5
v15,0.05,0.002,1,10,noop,96479995,10.653729822161925,0.0,10.653729822161925,14.1330289053476,-42.61795065646355,-42.63898201343737,0.0,-0.25,100000,results/calibration_followup/audit_v15_corrected/records.csv,0.0,0.5
v15,0.05,0.002,1,10,noop,2058879711,10.92194744606972,0.0,10.92194744606972,-8.560961078561377,-68.20542908591581,-68.39811783170657,0.0,0.0500000000000113,100000,results/calibration_followup/audit_v15_corrected/records.csv,0.0,0.5
v15,0.05,0.002,1,10,noop,1068002424,10.705484100558085,0.0,10.705484100558085,8.833155821404944,-48.47053909224603,-48.549556605868275,0.0,-0.25,100000,results/calibration_followup/audit_v15_corrected/records.csv,0.0,0.5
v15,0.05,0.002,1,10,noop,756267520,10.206075905092494,0.0,10.206075905092494,7.659865864552557,-44.42212682570222,-44.55263695604518,0.0,-0.0999999999999943,100000,results/calibration_followup/audit_v15_corrected/records.csv,0.0,0.5
v15,0.05,0.002,1,10,noop,267404297,10.70286964271823,0.0,10.70286964271823,8.3643839016313,-48.91132539287843,-49.09291805536384,0.0,1.2000000000000028,100000,results/calibration_followup/audit_v15_corrected/records.csv,0.0,0.5
v15,0.05,0.002,1,10,noop,1455655358,10.930773734015428,0.0,10.930773734015428,-15.607665293295211,-75.348572505416,-75.34857250541532,0.0,-0.4500000000000028,100000,results/calibration_followup/audit_v15_corrected/records.csv,0.0,0.5
v15,0.05,0.002,1,10,noop,37527391,10.639211349344222,0.0,10.639211349344222,16.201509532140335,-40.39489953586712,-40.660625896877434,0.0,0.0,100000,results/calibration_followup/audit_v15_corrected/records.csv,0.0,0.5
v15,0.05,0.002,1,10,noop,1437420082,10.572972118510314,0.0,10.572972118510314,2.550952085683093,-53.34291762371515,-53.35486617936438,0.0,0.4000000000000057,100000,results/calibration_followup/audit_v15_corrected/records.csv,0.0,0.5
v15,0.05,0.002,1,10,noop,1847050722,10.27739255124533,0.0,10.27739255124533,21.631078156966396,-31.18132066923009,-31.18132066922908,0.0,-0.0499999999999971,100000,results/calibration_followup/audit_v15_corrected/records.csv,0.0,0.5
v15,0.05,0.002,1,10,noop,92699064,10.125478181536849,0.0,10.125478181536849,6.9892920268757734,-44.27336217551361,-44.28010808272933,0.0,-0.4000000000000057,100000,results/calibration_followup/audit_v15_corrected/records.csv,0.0,0.5
v15,0.05,0.002,1,10,noop,1381841196,10.070919867544404,0.0,10.070919867544404,3.011510403821376,-47.700203085428925,-48.24140399986672,0.0,-0.0499999999999971,100000,results/calibration_followup/audit_v15_corrected/records.csv,0.0,0.5
v15,0.05,0.002,1,10,noop,796745881,10.399581527252115,0.0,10.399581527252115,-13.52909830302633,-67.60474627400806,-67.6390592176028,0.0,-0.1000000000000085,100000,results/calibration_followup/audit_v15_corrected/records.csv,0.0,0.5
v15,0.05,0.002,1,10,all,802130905,10.117186764726677,0.912000000000018,9.205186764726657,18.769711439770617,-23.59802024697879,72.0148802592777,95.96301158098233,-0.1499999999999914,100000,results/calibration_followup/audit_v15_corrected/records.csv,0.0,0.5
v15,0.05,0.002,1,10,all,1408093620,10.517146641611523,0.7935999999999912,9.723546641611533,13.719133833485104,-33.554545812312355,62.662043857835634,96.2324479700214,-0.2000000000000028,100000,results/calibration_followup/audit_v15_corrected/records.csv,0.0,0.5
v15,0.05,0.002,1,10,all,1856836435,10.69861441933786,0.884601672791375,9.814012746546489,6.55438395058809,-41.60303914410037,54.816226579591635,96.51675253080212,0.2999999999999971,100000,results/calibration_followup/audit_v15_corrected/records.csv,0.0,0.5
v15,0.05,0.002,1,10,all,1441724827,10.061773553780792,1.1046914564970112,8.95708209728378,26.810479550589665,-13.304180298151143,83.1269624949865,96.44350969742948,-0.25,100000,results/calibration_followup/audit_v15_corrected/records.csv,0.0,0.5
v15,0.05,0.002,1,10,all,96479995,10.653729822161925,0.9450993629616312,9.708630459200291,13.896754064608103,-33.23199863204773,62.66166821778452,95.914698206807,-0.25,100000,results/calibration_followup/audit_v15_corrected/records.csv,0.0,0.5
v15,0.05,0.002,1,10,all,2058879711,10.92194744606972,0.8631728154649356,10.058774630604784,-8.517802437787395,-59.10727597243661,36.61291908347718,95.91288380170528,0.0500000000000113,100000,results/calibration_followup/audit_v15_corrected/records.csv,0.0,0.5
v15,0.05,0.002,1,10,all,1068002424,10.705484100558085,0.987973685102904,9.71751041545518,8.58616240012816,-38.628841937111794,57.17702827359898,95.88488772433206,-0.25,100000,results/calibration_followup/audit_v15_corrected/records.csv,0.0,0.5
v15,0.05,0.002,1,10,all,756267520,10.206075905092494,0.9216000000000032,9.28447590509249,7.567705864552408,-35.5330405515691,60.651119020410455,96.31466970232232,-0.0999999999999943,100000,results/calibration_followup/audit_v15_corrected/records.csv,0.0,0.5
v15,0.05,0.002,1,10,all,267404297,10.70286964271823,0.8800000000000037,9.822869642718226,9.420383901631794,-38.82400010728585,58.714864105571976,97.72045687534394,1.2000000000000028,100000,results/calibration_followup/audit_v15_corrected/records.csv,0.0,0.5
v15,0.05,0.002,1,10,all,1455655358,10.930773734015428,0.9440000000000008,9.986773734015427,-16.03246529329408,-65.9002901005043,29.903855017974912,95.80414511847972,-0.4500000000000028,100000,results/calibration_followup/audit_v15_corrected/records.csv,0.0,0.5
v15,0.05,0.002,1,10,all,37527391,10.639211349344222,1.0297676186735631,9.60944373067066,16.201509532142154,-29.969194874320664,66.11451286390229,96.349434099235,0.0,100000,results/calibration_followup/audit_v15_corrected/records.csv,0.0,0.5
v15,0.05,0.002,1,10,all,1437420082,10.572972118510314,1.017091084353408,9.555881034156906,2.9577885194248665,-42.69964265005496,53.31747119610223,96.02906240180693,0.4000000000000057,100000,results/calibration_followup/audit_v15_corrected/records.csv,0.0,0.5
v15,0.05,0.002,1,10,all,1847050722,10.27739255124533,0.9849534424118658,9.292439108833465,21.58183048484716,-21.59288181084166,74.60901882800064,96.20190063884247,-0.0499999999999971,100000,results/calibration_followup/audit_v15_corrected/records.csv,0.0,0.5
v15,0.05,0.002,1,10,all,92699064,10.125478181536849,0.7679999999999856,9.357478181536862,6.682092026876489,-37.09910693209272,58.702562103200215,95.8084149425094,-0.4000000000000057,100000,results/calibration_followup/audit_v15_corrected/records.csv,0.0,0.5
v15,0.05,0.002,1,10,all,1381841196,10.070919867544404,0.6888290786579476,9.382090788886456,2.9770689498873253,-41.03474483556672,54.77781969868345,96.3537654486869,-0.0499999999999971,100000,results/calibration_followup/audit_v15_corrected/records.csv,0.0,0.5
v15,0.05,0.002,1,10,all,796745881,10.399581527252115,0.900861661478801,9.498719865773316,-13.619184469174796,-58.732024013393115,37.17713836404942,95.94347532103664,-0.1000000000000085,100000,results/calibration_followup/audit_v15_corrected/records.csv,0.0,0.5
v15,0.05,0.002,1,10,last10,802130905,10.117186764726677,0.3328416260811633,9.784345138645511,18.873227277161277,-28.993477618906745,2.677211306369159,32.02080000000064,-0.0999999999999943,100000,results/calibration_followup/audit_v15_corrected/records.csv,0.0,0.5
v15,0.05,0.002,1,10,last10,1408093620,10.517146641611523,0.2816000000000003,10.235546641611522,13.821533833484864,-38.56167369281759,-6.5583319926900145,32.01920000000074,-0.2000000000000028,100000,results/calibration_followup/audit_v15_corrected/records.csv,0.0,0.5
v15,0.05,0.002,1,10,last10,1856836435,10.69861441933786,0.312255770839853,10.386358648498009,6.382680180004172,-47.555542807610514,-15.539429614722096,32.113600000000005,0.2999999999999971,100000,results/calibration_followup/audit_v15_corrected/records.csv,0.0,0.5
v15,0.05,0.002,1,10,last10,1441724827,10.061773553780792,0.3597718519408857,9.702001701839906,26.996709451728748,-20.067709059523473,12.023924036184624,32.104000000000006,-0.25,100000,results/calibration_followup/audit_v15_corrected/records.csv,0.0,0.5
v15,0.05,0.002,1,10,last10,96479995,10.653729822161925,0.3177874315692331,10.33594239059269,14.053582047454256,-39.36227050337121,-7.367301860343851,32.016,-0.25,100000,results/calibration_followup/audit_v15_corrected/records.csv,0.0,0.5
v15,0.05,0.002,1,10,last10,2058879711,10.92194744606972,0.2955924847372834,10.626354961332437,-8.546181454325051,-65.00589133644229,-33.251380082231904,31.947200000000823,0.0500000000000113,100000,results/calibration_followup/audit_v15_corrected/records.csv,0.0,0.5
v15,0.05,0.002,1,10,last10,1068002424,10.705484100558085,0.3092276842811524,10.396256416276932,8.755848900333149,-45.285224836156495,-13.34664234977724,32.0176,-0.25,100000,results/calibration_followup/audit_v15_corrected/records.csv,0.0,0.5
v15,0.05,0.002,1,10,last10,756267520,10.206075905092494,0.32,9.886075905092492,7.627865864553314,-41.239382536071865,-9.3218926664155,32.047999999999995,-0.0999999999999943,100000,results/calibration_followup/audit_v15_corrected/records.csv,0.0,0.5
v15,0.05,0.002,1,10,last10,267404297,10.70286964271823,0.3168000000000002,10.38606964271823,8.744543901630095,-45.19067741006649,-12.826670072550804,32.5456,1.2000000000000028,100000,results/calibration_followup/audit_v15_corrected/records.csv,0.0,0.5
v15,0.05,0.002,1,10,last10,1455655358,10.930773734015428,0.2912000000000017,10.639573734015428,-15.738705293293606,-72.33896991406908,-40.40456991406914,31.934400000000824,-0.4500000000000028,100000,results/calibration_followup/audit_v15_corrected/records.csv,0.0,0.5
v15,0.05,0.002,1,10,last10,37527391,10.639211349344222,0.327275142066374,10.31193620727785,16.201509532142154,-36.966504639341785,-5.0786310003535675,32.153600000000004,0.0,100000,results/calibration_followup/audit_v15_corrected/records.csv,0.0,0.5
v15,0.05,0.002,1,10,last10,1437420082,10.572972118510314,0.3335313234870287,10.239440795023286,2.684364615077357,-49.7387092823162,-17.71225783796433,32.03840000000054,0.4000000000000057,100000,results/calibration_followup/audit_v15_corrected/records.csv,0.0,0.5
v15,0.05,0.002,1,10,last10,1847050722,10.27739255124533,0.3195559105855816,9.957836640659748,21.61510036143773,-27.96415491959518,4.0982450804054835,32.06240000000001,-0.0499999999999971,100000,results/calibration_followup/audit_v15_corrected/records.csv,0.0,0.5
v15,0.05,0.002,1,10,last10,92699064,10.125478181536849,0.262399999999996,9.863078181536851,6.8843320268770185,-41.75582358067714,-9.813769487894042,31.9488,-0.4000000000000057,100000,results/calibration_followup/audit_v15_corrected/records.csv,0.0,0.5
v15,0.05,0.002,1,10,last10,1381841196,10.070919867544404,0.2299756140292292,9.840944253515175,3.000011623120372,-45.42208027727631,-13.886481191714452,32.076800000000006,-0.0499999999999971,100000,results/calibration_followup/audit_v15_corrected/records.csv,0.0,0.5
v15,0.05,0.002,1,10,last10,796745881,10.399581527252115,0.2998409541757489,10.099740573076367,-13.559082398443934,-64.56146222016642,-32.605375163761906,31.990399999999187,-0.1000000000000085,100000,results/calibration_followup/audit_v15_corrected/records.csv,0.0,0.5
v15,0.05,0.002,1,10,last1,802130905,10.117186764726677,0.0311375040325562,10.08604926069412,18.903397689366106,-31.9607971552081,-29.107708229932634,3.2032000000000003,-0.0999999999999943,100000,results/calibration_followup/audit_v15_corrected/records.csv,0.0,0.5
v15,0.05,0.002,1,10,last1,1408093620,10.517146641611523,0.0288000000000001,10.488346641611525,13.87209383348454,-41.13061380381731,-37.944872103690166,3.2016000000000915,-0.2000000000000028,100000,results/calibration_followup/audit_v15_corrected/records.csv,0.0,0.5
v15,0.05,0.002,1,10,last1,1856836435,10.69861441933786,0.0315706570450392,10.667043762292822,6.298474645864189,-50.59443666747091,-47.48072347458105,3.2112000000000003,0.2999999999999971,100000,results/calibration_followup/audit_v15_corrected/records.csv,0.0,0.5
v15,0.05,0.002,1,10,last1,1441724827,10.061773553780792,0.0313191370358872,10.030454416744906,27.07882263045576,-23.22618527274293,-20.025752177035457,3.2128,-0.25,100000,results/calibration_followup/audit_v15_corrected/records.csv,0.0,0.5
v15,0.05,0.002,1,10,last1,96479995,10.653729822161925,0.031807919274623,10.6219219028873,14.125076925529356,-42.28753552998912,-39.10696688696336,3.2016000000000004,-0.25,100000,results/calibration_followup/audit_v15_corrected/records.csv,0.0,0.5
v15,0.05,0.002,1,10,last1,2058879711,10.92194744606972,0.0318073030859189,10.8901401429838,-8.559370713406679,-67.8569468803203,-64.85603562611146,3.193600000000091,0.0500000000000113,100000,results/calibration_followup/audit_v15_corrected/records.csv,0.0,0.5
v15,0.05,0.002,1,10,last1,1068002424,10.705484100558085,0.0312632775614344,10.67422082299665,8.825340002013036,-48.14415508703461,-45.02157260065543,3.2016000000000004,-0.25,100000,results/calibration_followup/audit_v15_corrected/records.csv,0.0,0.5
v15,0.05,0.002,1,10,last1,756267520,10.206075905092494,0.032,10.174075905092494,7.656665864551542,-44.09924439674028,-41.02495452708218,3.2048,-0.0999999999999943,100000,results/calibration_followup/audit_v15_corrected/records.csv,0.0,0.5
v15,0.05,0.002,1,10,last1,267404297,10.70286964271823,0.0288000000000001,10.67406964271823,8.398943901629536,-48.5689374671699,-45.49453012965361,3.256,1.2000000000000028,100000,results/calibration_followup/audit_v15_corrected/records.csv,0.0,0.5
v15,0.05,0.002,1,10,last1,1455655358,10.930773734015428,0.032,10.898773734015428,-15.622065293295236,-75.01369974592754,-71.82169974592685,3.192,-0.4500000000000028,100000,results/calibration_followup/audit_v15_corrected/records.csv,0.0,0.5
v15,0.05,0.002,1,10,last1,37527391,10.639211349344222,0.0314996717626047,10.607711677581618,16.201509532140335,-40.060263985210376,-37.10999034622052,3.216,0.0,100000,results/calibration_followup/audit_v15_corrected/records.csv,0.0,0.5
v15,0.05,0.002,1,10,last1,1437420082,10.572972118510314,0.0346471016775038,10.538325016832813,2.5648109263547667,-52.963336153847365,-49.77208470949712,3.2032000000000913,0.4000000000000057,100000,results/calibration_followup/audit_v15_corrected/records.csv,0.0,0.5
v15,0.05,0.002,1,10,last1,1847050722,10.27739255124533,0.0316695620084425,10.245722989236889,21.62949467886574,-30.857925107222883,-27.6515251072216,3.2064000000000004,-0.0499999999999971,100000,results/calibration_followup/audit_v15_corrected/records.csv,0.0,0.5
v15,0.05,0.002,1,10,last1,92699064,10.125478181536849,0.0287999999999992,10.09667818153685,6.977772026875755,-43.99368312388538,-40.80682903110096,3.1936000000000004,-0.4000000000000057,100000,results/calibration_followup/audit_v15_corrected/records.csv,0.0,0.5
v15,0.05,0.002,1,10,last1,1381841196,10.070919867544404,0.0319629892836682,10.038956878260736,3.009912254356095,-47.38041534743317,-44.71841626186984,3.2032000000000003,-0.0499999999999971,100000,results/calibration_followup/audit_v15_corrected/records.csv,0.0,0.5
v15,0.05,0.002,1,10,last1,796745881,10.399581527252115,0.0343867760722734,10.365194751179844,-13.532536980634177,-67.25116809557727,-64.08868103917123,3.1968,-0.1000000000000085,100000,results/calibration_followup/audit_v15_corrected/records.csv,0.0,0.5
v15,0.05,0.002,1,20,noop,802130905,20.05937915137883,0.0,20.05937915137883,18.40940182043596,-182.7799441489499,-183.12034215145573,0.0,-0.0999999999999943,100000,results/calibration_followup/audit_v15_corrected/records.csv,0.0,0.5
v15,0.05,0.002,1,20,noop,1408093620,20.18914570528697,0.0,20.18914570528697,16.635500210815735,-187.16530194383787,-187.165301943838,0.0,-0.2000000000000028,100000,results/calibration_followup/audit_v15_corrected/records.csv,0.0,0.5
v15,0.05,0.002,1,20,noop,1856836435,20.035878607313123,0.0,20.035878607313123,5.422140239352302,-195.29607554414153,-195.3778797718144,0.0,0.2999999999999971,100000,results/calibration_followup/audit_v15_corrected/records.csv,0.0,0.5
v15,0.05,0.002,1,20,noop,1441724827,20.392242540605736,0.0,20.392242540605736,30.18579311076064,-177.73598480668448,-177.7483517109755,0.0,-0.25,100000,results/calibration_followup/audit_v15_corrected/records.csv,0.0,0.5
v15,0.05,0.002,1,20,noop,96479995,20.439640858607895,0.0,20.439640858607895,16.12544113043259,-192.76401808400405,-192.77168295807343,0.0,-0.25,100000,results/calibration_followup/audit_v15_corrected/records.csv,0.0,0.5
v15,0.05,0.002,1,20,noop,2058879711,20.048211166365085,0.0,20.048211166365085,-8.967274264574371,-209.93265975015723,-210.12534849594977,0.0,0.0500000000000113,100000,results/calibration_followup/audit_v15_corrected/records.csv,0.0,0.5
v15,0.05,0.002,1,20,noop,1068002424,20.995224851843417,0.0,20.995224851843417,11.12405239851796,-209.27568089121368,-209.35469840483503,0.0,-0.25,100000,results/calibration_followup/audit_v15_corrected/records.csv,0.0,0.5
v15,0.05,0.002,1,20,noop,756267520,20.488254778091395,0.0,20.488254778091395,9.202192695502164,-200.68209923049028,-200.763472595398,0.0,-0.0999999999999943,100000,results/calibration_followup/audit_v15_corrected/records.csv,0.0,0.5
v15,0.05,0.002,1,20,noop,267404297,20.14044480520282,0.0,20.14044480520282,13.358352390427171,-189.46040608528344,-189.62107855718665,0.0,1.2000000000000028,100000,results/calibration_followup/audit_v15_corrected/records.csv,0.0,0.5
v15,0.05,0.002,1,20,noop,1455655358,20.82999410149641,0.0,20.82999410149641,-11.053539243941486,-227.99786637812912,-227.99786637812915,0.0,-0.4500000000000028,100000,results/calibration_followup/audit_v15_corrected/records.csv,0.0,0.5
v15,0.05,0.002,1,20,noop,37527391,20.19218374751124,0.0,20.19218374751124,19.067401251590127,-184.7947409950384,-185.05168546924563,0.0,0.0,100000,results/calibration_followup/audit_v15_corrected/records.csv,0.0,0.5
v15,0.05,0.002,1,20,noop,1437420082,20.599485001016586,0.0,20.599485001016586,-0.8590885950434313,-213.028479748597,-213.04042830424524,0.0,0.4000000000000057,100000,results/calibration_followup/audit_v15_corrected/records.csv,0.0,0.5
v15,0.05,0.002,1,20,noop,1847050722,20.26727407404708,0.0,20.26727407404708,21.13158408082745,-184.24961511544305,-184.24961511544285,0.0,-0.0499999999999971,100000,results/calibration_followup/audit_v15_corrected/records.csv,0.0,0.5
v15,0.05,0.002,1,20,noop,92699064,20.425304931413475,0.0,20.425304931413475,8.642165143341117,-199.95437562727068,-199.96112153448777,0.0,-0.4000000000000057,100000,results/calibration_followup/audit_v15_corrected/records.csv,0.0,0.5
v15,0.05,0.002,1,20,noop,1381841196,20.751941032359134,0.0,20.751941032359134,5.681765695024296,-209.63976261023103,-210.08629813367284,0.0,-0.0499999999999971,100000,results/calibration_followup/audit_v15_corrected/records.csv,0.0,0.5
v15,0.05,0.002,1,20,noop,796745881,20.48496047509482,0.0,20.48496047509482,-11.20214229848898,-221.01894513158743,-221.04877409067117,0.0,-0.1000000000000085,100000,results/calibration_followup/audit_v15_corrected/records.csv,0.0,0.5
v15,0.05,0.002,1,20,all,802130905,20.05937915137883,0.912000000000018,19.147379151378814,18.27260182043756,-165.03846236289047,-69.41584878441523,95.96301158098233,-0.1499999999999914,100000,results/calibration_followup/audit_v15_corrected/records.csv,0.0,0.5
v15,0.05,0.002,1,20,all,1408093620,20.18914570528697,0.7935999999999912,19.395545705286978,16.476780210816287,-171.61681639212176,-75.38436842210075,96.2324479700214,-0.2000000000000028,100000,results/calibration_followup/audit_v15_corrected/records.csv,0.0,0.5
v15,0.05,0.002,1,20,all,1856836435,20.035878607313123,0.884601672791375,19.151276934521743,5.687520741190383,-177.69818337018194,-81.26323506705369,96.51675253080212,0.2999999999999971,100000,results/calibration_followup/audit_v15_corrected/records.csv,0.0,0.5
v15,0.05,0.002,1,20,all,1441724827,20.392242540605736,1.1046914564970112,19.287551084108724,29.909620246635313,-156.0951931644165,-59.66405037127697,96.44350969742948,-0.25,100000,results/calibration_followup/audit_v15_corrected/records.csv,0.0,0.5
v15,0.05,0.002,1,20,all,96479995,20.439640858607895,0.9450993629616312,19.494541495646263,15.889166289691277,-174.12940777304576,-78.22237444030716,95.914698206807,-0.25,100000,results/calibration_followup/audit_v15_corrected/records.csv,0.0,0.5
v15,0.05,0.002,1,20,all,2058879711,20.048211166365085,0.8631728154649356,19.18503835090015,-8.92411562380039,-192.95696388655517,-97.23676883064324,95.91288380170528,0.0500000000000113,100000,results/calibration_followup/audit_v15_corrected/records.csv,0.0,0.5
v15,0.05,0.002,1,20,all,1068002424,20.995224851843417,0.987973685102904,20.00725116674051,10.877058977242996,-189.26799064727675,-93.46212043656725,95.88488772433206,-0.25,100000,results/calibration_followup/audit_v15_corrected/records.csv,0.0,0.5
v15,0.05,0.002,1,20,all,756267520,20.488254778091395,0.9216000000000032,19.56665477809139,9.110032695502014,-182.3169569070013,-86.08366056958674,96.31466970232232,-0.0999999999999943,100000,results/calibration_followup/audit_v15_corrected/records.csv,0.0,0.5
v15,0.05,0.002,1,20,all,267404297,20.14044480520282,0.8800000000000037,19.260444805202816,14.414352390427666,-171.0680146567044,-73.50823025326393,97.72045687534394,1.2000000000000028,100000,results/calibration_followup/audit_v15_corrected/records.csv,0.0,0.5
v15,0.05,0.002,1,20,all,1455655358,20.82999410149641,0.9440000000000008,19.885994101496408,-11.478339243942171,-209.2047199463171,-113.40057482783703,95.80414511847972,-0.4500000000000028,100000,results/calibration_followup/audit_v15_corrected/records.csv,0.0,0.5
v15,0.05,0.002,1,20,all,37527391,20.19218374751124,1.0297676186735631,19.162416128837677,19.067401251590127,-164.53169469577904,-68.43920507075137,96.349434099235,0.0,100000,results/calibration_followup/audit_v15_corrected/records.csv,0.0,0.5
v15,0.05,0.002,1,20,all,1437420082,20.599485001016586,1.017091084353408,19.582393916663175,-0.4522521613016579,-192.18732791498513,-96.17021406882654,96.02906240180693,0.4000000000000057,100000,results/calibration_followup/audit_v15_corrected/records.csv,0.0,0.5
v15,0.05,0.002,1,20,all,1847050722,20.26727407404708,0.9849534424118658,19.282320631635216,21.082336408708215,-164.82160806188435,-68.61970742304274,96.20190063884247,-0.0499999999999971,100000,results/calibration_followup/audit_v15_corrected/records.csv,0.0,0.5
v15,0.05,0.002,1,20,all,92699064,20.425304931413475,0.7679999999999856,19.65730493141349,8.334965143341833,-184.8698534399447,-89.06818440465327,95.8084149425094,-0.4000000000000057,100000,results/calibration_followup/audit_v15_corrected/records.csv,0.0,0.5
v15,0.05,0.002,1,20,all,1381841196,20.751941032359134,0.6888290786579476,20.06311195370119,5.647324241092065,-195.6169063922817,-99.70967646703684,96.3537654486869,-0.0499999999999971,100000,results/calibration_followup/audit_v15_corrected/records.csv,0.0,0.5
v15,0.05,0.002,1,20,all,796745881,20.48496047509482,0.900861661478801,19.58409881361602,-11.292228464637446,-203.06069163537563,-107.14704527342192,95.94347532103664,-0.1000000000000085,100000,results/calibration_followup/audit_v15_corrected/records.csv,0.0,0.5
v15,0.05,0.002,1,20,last10,802130905,20.05937915137883,0.3328416260811633,19.72653752529767,18.376117657828217,-176.19202371066032,-144.51162171316577,32.02080000000064,-0.0999999999999943,100000,results/calibration_followup/audit_v15_corrected/records.csv,0.0,0.5
v15,0.05,0.002,1,20,last10,1408093620,20.18914570528697,0.2816000000000003,19.907545705286967,16.579180210816048,-181.5760077932287,-149.55680779322847,32.01920000000074,-0.2000000000000028,100000,results/calibration_followup/audit_v15_corrected/records.csv,0.0,0.5
v15,0.05,0.002,1,20,last10,1856836435,20.035878607313123,0.312255770839853,19.723622836473268,5.5158169706046465,-188.99483192712023,-156.96303615479354,32.113600000000005,0.2999999999999971,100000,results/calibration_followup/audit_v15_corrected/records.csv,0.0,0.5
v15,0.05,0.002,1,20,last10,1441724827,20.392242540605736,0.3597718519408857,20.03247068866485,30.0958501477744,-170.55409079833382,-138.46245770262357,32.104000000000006,-0.25,100000,results/calibration_followup/audit_v15_corrected/records.csv,0.0,0.5
v15,0.05,0.002,1,20,last10,96479995,20.439640858607895,0.3177874315692331,20.121853427038666,16.045994272541066,-186.3984983970727,-154.3901632711428,32.016,-0.25,100000,results/calibration_followup/audit_v15_corrected/records.csv,0.0,0.5
v15,0.05,0.002,1,20,last10,2058879711,20.048211166365085,0.2955924847372834,19.7526186816278,-8.952494640338045,-204.03546703123385,-172.28095577702504,31.947200000000823,0.0500000000000113,100000,results/calibration_followup/audit_v15_corrected/records.csv,0.0,0.5
v15,0.05,0.002,1,20,last10,1068002424,20.995224851843417,0.3092276842811524,20.685997167562263,11.046745477447985,-202.908493930749,-170.9699114443707,32.0176,-0.25,100000,results/calibration_followup/audit_v15_corrected/records.csv,0.0,0.5
v15,0.05,0.002,1,20,last10,756267520,20.488254778091395,0.32,20.168254778091395,9.17019269550292,-194.20905770150029,-162.24243106640887,32.047999999999995,-0.0999999999999943,100000,results/calibration_followup/audit_v15_corrected/records.csv,0.0,0.5
v15,0.05,0.002,1,20,last10,267404297,20.14044480520282,0.3168000000000002,19.823644805202814,13.738512390427786,-182.74993429099456,-150.36500676289845,32.5456,1.2000000000000028,100000,results/calibration_followup/audit_v15_corrected/records.csv,0.0,0.5
v15,0.05,0.002,1,20,last10,1455655358,20.82999410149641,0.2912000000000017,20.538794101496407,-11.184579243941698,-222.1056108157735,-190.17121081577295,31.934400000000824,-0.4500000000000028,100000,results/calibration_followup/audit_v15_corrected/records.csv,0.0,0.5
v15,0.05,0.002,1,20,last10,37527391,20.19218374751124,0.327275142066374,19.864908605444867,19.067401251590127,-178.23989569974864,-146.34324017395576,32.153600000000004,0.0,100000,results/calibration_followup/audit_v15_corrected/records.csv,0.0,0.5
v15,0.05,0.002,1,20,last10,1437420082,20.599485001016586,0.3335313234870287,20.265953677529552,-0.7256760656473489,-206.08011529553417,-174.05366385118322,32.03840000000054,0.4000000000000057,100000,results/calibration_followup/audit_v15_corrected/records.csv,0.0,0.5
v15,0.05,0.002,1,20,last10,1847050722,20.26727407404708,0.3195559105855816,19.9477181634615,21.11560628529878,-177.8401236791471,-145.7777236791474,32.06240000000001,-0.0499999999999971,100000,results/calibration_followup/audit_v15_corrected/records.csv,0.0,0.5
v15,0.05,0.002,1,20,last10,92699064,20.425304931413475,0.262399999999996,20.16290493141348,8.537205143340543,-194.73416249326849,-162.79210840048503,31.9488,-0.4000000000000057,100000,results/calibration_followup/audit_v15_corrected/records.csv,0.0,0.5
v15,0.05,0.002,1,20,last10,1381841196,20.751941032359134,0.2299756140292292,20.521965418329906,5.670266914323292,-204.90526540124097,-173.27500092468284,32.076800000000006,-0.0499999999999971,100000,results/calibration_followup/audit_v15_corrected/records.csv,0.0,0.5
v15,0.05,0.002,1,20,last10,796745881,20.48496047509482,0.2998409541757489,20.18511952091907,-11.232126393906585,-214.95165143080064,-182.99108038988513,31.990399999999187,-0.1000000000000085,100000,results/calibration_followup/audit_v15_corrected/records.csv,0.0,0.5
v15,0.05,0.002,1,20,last1,802130905,20.05937915137883,0.0311375040325562,20.02824164734627,18.40628807003304,-182.1589436722149,-179.296141674721,3.2032000000000003,-0.0999999999999943,100000,results/calibration_followup/audit_v15_corrected/records.csv,0.0,0.5
v15,0.05,0.002,1,20,last1,1408093620,20.18914570528697,0.0288000000000001,20.160345705286968,16.629740210817545,-186.5900292675238,-183.38842926752557,3.2016000000000915,-0.2000000000000028,100000,results/calibration_followup/audit_v15_corrected/records.csv,0.0,0.5
v15,0.05,0.002,1,20,last1,1856836435,20.035878607313123,0.0315706570450392,20.00430795026808,5.431611436466483,-194.65455684811292,-191.52516107578663,3.2112000000000003,0.2999999999999971,100000,results/calibration_followup/audit_v15_corrected/records.csv,0.0,0.5
v15,0.05,0.002,1,20,last1,1441724827,20.392242540605736,0.0313191370358872,20.36092340356985,30.177963326501413,-177.1056375965178,-173.90520450080854,3.2128,-0.25,100000,results/calibration_followup/audit_v15_corrected/records.csv,0.0,0.5
v15,0.05,0.002,1,20,last1,96479995,20.439640858607895,0.031807919274623,20.40783293933327,16.117489150614347,-192.1223334892537,-188.92839836332328,3.2016000000000004,-0.25,100000,results/calibration_followup/audit_v15_corrected/records.csv,0.0,0.5
v15,0.05,0.002,1,20,last1,2058879711,20.048211166365085,0.0318073030859189,20.01640386327917,-8.965683899419673,-209.29389570836824,-206.29298445416129,3.193600000000091,0.0500000000000113,100000,results/calibration_followup/audit_v15_corrected/records.csv,0.0,0.5
v15,0.05,0.002,1,20,last1,1068002424,20.995224851843417,0.0312632775614344,20.963961574281974,11.116236579127872,-208.62760586485777,-205.50502337848008,3.2016000000000004,-0.25,100000,results/calibration_followup/audit_v15_corrected/records.csv,0.0,0.5
v15,0.05,0.002,1,20,last1,756267520,20.488254778091395,0.032,20.456254778091395,9.198992695502966,-200.03018707759057,-196.9067604424992,3.2048,-0.0999999999999943,100000,results/calibration_followup/audit_v15_corrected/records.csv,0.0,0.5
v15,0.05,0.002,1,20,last1,267404297,20.14044480520282,0.0288000000000001,20.11164480520282,13.392912390429046,-188.8462159948917,-185.7508884667967,3.256,1.2000000000000028,100000,results/calibration_followup/audit_v15_corrected/records.csv,0.0,0.5
v15,0.05,0.002,1,20,last1,1455655358,20.82999410149641,0.032,20.79799410149641,-11.06793924394151,-227.34621856688125,-224.15421856688133,3.192,-0.4500000000000028,100000,results/calibration_followup/audit_v15_corrected/records.csv,0.0,0.5
v15,0.05,0.002,1,20,last1,37527391,20.19218374751124,0.0314996717626047,20.160684075748637,19.067401251590127,-184.15918994948225,-181.2001344236892,3.216,0.0,100000,results/calibration_followup/audit_v15_corrected/records.csv,0.0,0.5
v15,0.05,0.002,1,20,last1,1437420082,20.599485001016586,0.0346471016775038,20.56483789933908,-0.8452297543717577,-212.30150866741823,-209.110257223067,3.2032000000000913,0.4000000000000057,100000,results/calibration_followup/audit_v15_corrected/records.csv,0.0,0.5
v15,0.05,0.002,1,20,last1,1847050722,20.26727407404708,0.0316695620084425,20.23560451203864,21.130000602726795,-183.60984438109244,-180.40344438109204,3.2064000000000004,-0.0499999999999971,100000,results/calibration_followup/audit_v15_corrected/records.csv,0.0,0.5
v15,0.05,0.002,1,20,last1,92699064,20.425304931413475,0.0287999999999992,20.396504931413475,8.630645143341098,-199.378061565246,-196.19120747246305,3.1936000000000004,-0.4000000000000057,100000,results/calibration_followup/audit_v15_corrected/records.csv,0.0,0.5
v15,0.05,0.002,1,20,last1,1381841196,20.751941032359134,0.0319629892836682,20.719978043075468,5.680167545560835,-208.9785775072039,-206.22191303064625,3.2032000000000003,-0.0499999999999971,100000,results/calibration_followup/audit_v15_corrected/records.csv,0.0,0.5
v15,0.05,0.002,1,20,last1,796745881,20.48496047509482,0.0343867760722734,20.450573699022545,-11.205580976096826,-220.31856328567315,-217.1515922447564,3.1968,-0.1000000000000085,100000,results/calibration_followup/audit_v15_corrected/records.csv,0.0,0.5
