episode,pnl,objective,training_return,replay_return,potential_adjustment,market_baseline_adjustment,clob_shaping,auction_shaping,inventory_at_auction_open,terminal_inventory,auction_qty,proposal_schedule_arrival_proposed,proposal_schedule_arrival_accepted,proposal_schedule_arrival_rejected,proposal_schedule_arrival_ineligible,proposal_schedule_cancel_proposed,proposal_schedule_cancel_accepted,proposal_schedule_cancel_rejected,proposal_schedule_cancel_ineligible,proposal_buy_arrival_proposed,proposal_buy_arrival_accepted,proposal_buy_arrival_rejected,proposal_buy_arrival_ineligible,proposal_buy_cancel_proposed,proposal_buy_cancel_accepted,proposal_buy_cancel_rejected,proposal_buy_cancel_ineligible,proposal_sell_arrival_proposed,proposal_sell_arrival_accepted,proposal_sell_arrival_rejected,proposal_sell_arrival_ineligible,proposal_sell_cancel_proposed,proposal_sell_cancel_accepted,proposal_sell_cancel_rejected,proposal_sell_cancel_ineligible,loss_clob,n_grad_steps_clob,learning_rate_clob,actor_learning_rate_clob,actor_loss_clob,ent_coef_clob,grad_norm_clob,loss_auction,n_grad_steps_auction,learning_rate_auction,actor_learning_rate_auction,actor_loss_auction,ent_coef_auction,grad_norm_auction
0,-7.64410043321368,-7.653957043396262,-30.78430909153724,-18.862475761046102,0.0,11.921833330491134,-23.130352048143152,0.0,0.9928046223997029,0.9928046223996994,0.0,30.0,30.0,0.0,0.0,0.0,0.0,0.0,0.0,10.0,10.0,0.0,0.0,1.0,1.0,0.0,0.0,9.0,9.0,0.0,0.0,1.0,1.0,0.0,0.0,,,,,,,,,,,,,,
1,-5.555429646694392,-5.5655112795637915,-10.587386177216509,-18.201172054989456,2.7755575615628914e-17,-7.613785877772951,-5.042991549209319,0.0211166515531358,0.6759266526088084,-1.0040733473904813,1.6799999999992679,30.0,30.0,0.0,0.0,0.0,0.0,0.0,0.0,10.0,10.0,0.0,0.0,5.0,5.0,0.0,0.0,13.0,13.0,0.0,0.0,1.0,1.0,0.0,0.0,,,,,,,,,,,,,,
2,27.340710352453243,26.954833355850774,26.29960206486826,-10.0333380233359,0.0,-36.33294008820416,-0.6550700993999499,-0.00016119158352847764,0.1510545631187341,-6.21189984306306,6.3629544061817835,30.0,30.0,0.0,0.0,0.0,0.0,0.0,0.0,8.0,8.0,0.0,0.0,0.0,0.0,0.0,0.0,11.0,11.0,0.0,0.0,1.0,1.0,0.0,0.0,,,,,,,,,,,,,,
3,-37.22428361320323,-37.225771000565274,-48.50059876734663,-9.54098709665433,0.0,38.95961167069227,-11.278683779279504,0.003856012500000877,0.7658320721762664,0.38566661276858183,0.38016545940769164,30.0,30.0,0.0,0.0,0.0,0.0,0.0,0.0,8.0,8.0,0.0,0.0,1.0,1.0,0.0,0.0,6.0,6.0,0.0,0.0,3.0,3.0,0.0,0.0,,,,,,,,,,,,,,
4,25.0,-75.0,-75.0,-83.94042722756598,0.0,-8.940427227565962,0.0,0.0,100.0,100.0,0.0,30.0,30.0,0.0,0.0,0.0,0.0,0.0,0.0,10.0,10.0,0.0,0.0,4.0,4.0,0.0,0.0,7.0,7.0,0.0,0.0,1.0,1.0,0.0,0.0,,,,,,,,,,,,,,
5,-44.427349999998114,-136.80828224999777,-136.75602650557747,-81.40082473736808,0.0,55.35520176820941,0.0,0.052255744420755215,100.0,96.11499999999981,3.885000000000197,30.0,30.0,0.0,0.0,0.0,0.0,0.0,0.0,3.0,3.0,0.0,0.0,3.0,2.0,0.0,1.0,11.0,11.0,0.0,0.0,3.0,3.0,0.0,0.0,,,,,,,,,,,,,,
6,-82.67599999999766,-193.346399999998,-193.3725462513508,-140.19348376367412,0.0,53.17906248767655,0.0,-0.02614625135226236,100.0,105.20000000000016,-5.200000000000156,30.0,30.0,0.0,0.0,0.0,0.0,0.0,0.0,10.0,10.0,0.0,0.0,1.0,1.0,0.0,0.0,11.0,11.0,0.0,0.0,1.0,1.0,0.0,0.0,,,,,,,,,,,,,,
7,-15.455999999998822,-115.65609999999894,-115.65609999999884,-117.2526628863332,0.0,-1.5965628863343704,0.0,-7.111111699487083e-16,100.0,100.10000000000005,-0.10000000000005116,30.0,30.0,0.0,0.0,0.0,0.0,0.0,0.0,11.0,11.0,0.0,0.0,0.0,0.0,0.0,0.0,10.0,10.0,0.0,0.0,4.0,4.0,0.0,0.0,,,,,,,,,,,,,,
8,-9.0,-109.0,-109.0,-102.0472464617225,0.0,6.952753538277521,0.0,0.0,100.0,100.0,0.0,30.0,30.0,0.0,0.0,0.0,0.0,0.0,0.0,8.0,8.0,0.0,0.0,3.0,3.0,0.0,0.0,13.0,13.0,0.0,0.0,2.0,2.0,0.0,0.0,,,,,,,,,,,,,,
9,-14.89012208447275,-14.98761899698726,-22.146769299902992,-1.8613018239571169,5.551115123125783e-17,20.285467475945904,-7.195016442073415,0.03586613915520797,0.007371408060919293,-3.1224495594726682,3.1298209675335906,30.0,30.0,0.0,0.0,0.0,0.0,0.0,0.0,9.0,9.0,0.0,0.0,2.0,2.0,0.0,0.0,9.0,9.0,0.0,0.0,2.0,2.0,0.0,0.0,,,,,,,,,,,,,,
10,28.275876076229906,27.911755448578557,27.91176986901927,14.537072916964533,0.0,-13.37469695205474,0.0,1.4420441003710555e-05,11.171740860716227,6.034240860716032,5.137500000000177,30.0,30.0,0.0,0.0,0.0,0.0,0.0,0.0,13.0,13.0,0.0,0.0,0.0,0.0,0.0,0.0,10.0,10.0,0.0,0.0,1.0,1.0,0.0,0.0,,,,,,,,,,,,,,
11,36.64574960701924,13.609818490246965,13.484355826455381,4.51836236457751,0.0,-8.965993461877881,-0.13087184379043038,0.005409179999999885,48.53574858565326,47.99576139282747,0.5399871928257992,30.0,30.0,0.0,0.0,0.0,0.0,0.0,0.0,9.0,9.0,0.0,0.0,0.0,0.0,0.0,0.0,3.0,3.0,0.0,0.0,1.0,1.0,0.0,0.0,,,,,,,,,,,,,,
12,27.322041680596158,27.30052593514265,27.292824320077518,-1.0084418500187302,0.0,-28.30126617009624,-0.007701615065570877,0.0,1.4668246471035502,1.466824647103572,0.0,30.0,30.0,0.0,0.0,0.0,0.0,0.0,0.0,10.0,10.0,0.0,0.0,2.0,2.0,0.0,0.0,11.0,11.0,0.0,0.0,2.0,2.0,0.0,0.0,,,,,,,,,,,,,,
13,10.738142987645915,10.702910978036813,2.876006784679521,-6.96275553775313,0.0,-9.838762322432652,-7.826811540950871,-9.265240735123088e-05,0.5079808309691884,-1.8770191690310742,2.385000000000261,30.0,30.0,0.0,0.0,0.0,0.0,0.0,0.0,5.0,5.0,0.0,0.0,1.0,1.0,0.0,0.0,7.0,7.0,0.0,0.0,1.0,1.0,0.0,0.0,,,,,,,,,,,,,,
14,44.63584877881658,-8.890295210456344,-9.048733664328807,-54.04848687128668,0.0,-44.999753206957855,0.0,-0.15843845387682604,54.13980609766926,73.16156367196707,-19.021757574297848,30.0,30.0,0.0,0.0,0.0,0.0,0.0,0.0,12.0,12.0,0.0,0.0,3.0,3.0,0.0,0.0,10.0,10.0,0.0,0.0,0.0,0.0,0.0,0.0,,,,,,,,,,,,,,
15,17.450276782559232,-1.6534630851430627,-1.6494574851451524,-13.135867066892342,0.0,-11.48640958174719,0.0,0.004005599999999915,44.05782523496482,43.707825234964844,0.3499999999999659,30.0,30.0,0.0,0.0,0.0,0.0,0.0,0.0,9.0,9.0,0.0,0.0,1.0,1.0,0.0,0.0,10.0,10.0,0.0,0.0,0.0,0.0,0.0,0.0,,,,,,,,,,,,,,
16,-6.665520560081859,-6.667441255830329,-16.115487388594744,5.700455702830823,0.0,21.815943091425563,-9.448046132765427,0.0,0.43825742988217087,0.4382574298821691,0.0,30.0,30.0,0.0,0.0,0.0,0.0,0.0,0.0,7.0,7.0,0.0,0.0,2.0,2.0,0.0,0.0,7.0,7.0,0.0,0.0,1.0,1.0,0.0,0.0,,,,,,,,,,,,,,
17,-34.81949729422195,-34.820021731374084,-47.06427137132229,-28.63025158478509,0.0,18.434019786537206,-12.247248001269668,0.002998361320082652,0.231505928337441,0.2290059283374002,0.0025000000000687805,30.0,30.0,0.0,0.0,0.0,0.0,0.0,0.0,8.0,8.0,0.0,0.0,2.0,2.0,0.0,0.0,8.0,8.0,0.0,0.0,2.0,1.0,0.0,1.0,,,,,,,,,,,,,,
18,-3.568486039135678,-3.7260333136018255,-10.678889064508304,23.110753839006527,4.440892098500626e-16,33.789642903514824,-6.942097432280576,-0.010758318624661197,0.2500569086454192,-3.969222524199765,4.2192794328451875,30.0,30.0,0.0,0.0,0.0,0.0,0.0,0.0,9.0,9.0,0.0,0.0,1.0,1.0,0.0,0.0,9.0,9.0,0.0,0.0,1.0,1.0,0.0,0.0,,,,,,,,,,,,,,
19,41.30142884668879,41.30087771909425,40.966328404402894,9.680562400250766,0.0,-31.28576600415212,-0.3358502246916828,0.0013009100000002036,0.2997610688636314,0.23476106886362924,0.06499999999998707,30.0,30.0,0.0,0.0,0.0,0.0,0.0,0.0,9.0,9.0,0.0,0.0,1.0,1.0,0.0,0.0,12.0,12.0,0.0,0.0,1.0,1.0,0.0,0.0,,,,,,,,,,,,,,
20,-140.0,-240.0,-240.0,-177.16697874944893,0.0,62.83302125055106,0.0,0.0,100.0,100.0,0.0,30.0,30.0,0.0,0.0,0.0,0.0,0.0,0.0,6.0,6.0,0.0,0.0,1.0,1.0,0.0,0.0,7.0,7.0,0.0,0.0,0.0,0.0,0.0,0.0,,,,,,,,,,,,,,
21,16.411359625206387,-64.92978757845955,-64.86668736050353,-75.50962276864865,0.0,-10.642935408145132,0.0,0.06310021795605403,100.0,90.18932708678224,9.81067291321776,30.0,30.0,0.0,0.0,0.0,0.0,0.0,0.0,12.0,12.0,0.0,0.0,0.0,0.0,0.0,0.0,5.0,5.0,0.0,0.0,1.0,1.0,0.0,0.0,,,,,,,,,,,,,,
22,12.34650000000147,-92.32686099999955,-92.34470722929544,-91.0694156419659,0.0,1.275291587329526,0.0,-0.017846229295879864,100.0,102.3100000000005,-2.3100000000004997,30.0,30.0,0.0,0.0,0.0,0.0,0.0,0.0,11.0,11.0,0.0,0.0,2.0,2.0,0.0,0.0,11.0,11.0,0.0,0.0,0.0,0.0,0.0,0.0,,,,,,,,,,,,,,
23,22.565,-77.435,-77.4347254675,-52.76041203125543,0.0,24.674313436244596,0.0,0.0002745324999997503,100.0,100.0,0.0,30.0,30.0,0.0,0.0,0.0,0.0,0.0,0.0,11.0,11.0,0.0,0.0,3.0,3.0,0.0,0.0,9.0,9.0,0.0,0.0,0.0,0.0,0.0,0.0,,,,,,,,,,,,,,
24,12.278148926898211,12.275297531262805,10.751382424523541,-1.981495074810138,0.0,-12.732877499333677,-1.523915106739878,0.0,0.5339846098351302,0.5339846098350947,0.0,30.0,30.0,0.0,0.0,0.0,0.0,0.0,0.0,9.0,9.0,0.0,0.0,1.0,1.0,0.0,0.0,9.0,9.0,0.0,0.0,2.0,2.0,0.0,0.0,,,,,,,,,,,,,,
25,7.681072885965477,7.061276048018848,6.656104537387958,7.692564922490653,0.0,1.0364603851026941,-0.4892439072630168,0.08407239663286432,0.13354880889184528,-7.87271768798189,8.006266496873723,30.0,30.0,0.0,0.0,0.0,0.0,0.0,0.0,11.0,11.0,0.0,0.0,2.0,2.0,0.0,0.0,7.0,7.0,0.0,0.0,3.0,3.0,0.0,0.0,,,,,,,,,,,,,,
26,52.19576376250552,18.88490492694384,18.711581181202035,-14.971107794777582,0.0,-33.6826889759796,0.0,-0.17332374574351445,49.55056015110818,57.71556015110802,-8.164999999999846,30.0,30.0,0.0,0.0,0.0,0.0,0.0,0.0,12.0,12.0,0.0,0.0,2.0,2.0,0.0,0.0,7.0,7.0,0.0,0.0,1.0,1.0,0.0,0.0,,,,,,,,,,,,,,
27,-1.5500083473639825,-3.773358077382364,-3.9282947495485097,8.676803303301236,0.0,12.605098052849739,-0.15773247216814568,0.0027958000000002955,15.190901146538366,14.910901146538333,0.28000000000002956,30.0,30.0,0.0,0.0,0.0,0.0,0.0,0.0,10.0,10.0,0.0,0.0,1.0,1.0,0.0,0.0,4.0,4.0,0.0,0.0,2.0,1.0,0.0,1.0,,,,,,,,,,,,,,
28,0.41619267458190734,0.40861324312320896,-4.791993990189578,-0.36757287859081794,0.0,4.424421111598761,-5.200607233312008,0.0,0.8705993027046333,0.8705993027046599,0.0,30.0,30.0,0.0,0.0,0.0,0.0,0.0,0.0,8.0,8.0,0.0,0.0,0.0,0.0,0.0,0.0,10.0,10.0,0.0,0.0,2.0,2.0,0.0,0.0,,,,,,,,,,,,,,
29,25.621748532839774,25.339948505592833,25.5024181119384,9.466704991389957,0.0,-16.03571312054845,0.0,0.16246960634650148,8.131515967371584,-5.308484032630616,13.440000000002186,30.0,30.0,0.0,0.0,0.0,0.0,0.0,0.0,9.0,9.0,0.0,0.0,1.0,1.0,0.0,0.0,10.0,10.0,0.0,0.0,2.0,2.0,0.0,0.0,,,,,,,,,,,,,,
30,27.61805045413348,27.246161063332565,25.972708541593917,3.1009680712326975,2.220446049250313e-16,-22.871740470361203,-1.2606348119768,-0.012817709761686589,0.7550999471933437,-6.098273450747486,6.853373397940819,30.0,30.0,0.0,0.0,0.0,0.0,0.0,0.0,11.0,11.0,0.0,0.0,3.0,3.0,0.0,0.0,12.0,12.0,0.0,0.0,1.0,1.0,0.0,0.0,,,,,,,,,,,,,,
31,27.41034594316625,27.40315767332255,27.18441868611306,8.895926897838617,0.0,-18.28849178827445,-0.21873898720751583,0.0,0.8478366495793637,0.8478366495793532,0.0,30.0,30.0,0.0,0.0,0.0,0.0,0.0,0.0,13.0,13.0,0.0,0.0,2.0,1.0,0.0,1.0,11.0,11.0,0.0,0.0,1.0,1.0,0.0,0.0,,,,,,,,,,,,,,
32,1.503973758298991,0.32924211982530216,-2.9243927930786575,0.21638038714955576,6.661338147750939e-16,3.1407731802282135,-3.254084957905903,0.0004500450000000167,10.8778381714271,10.838503764236505,0.03933440719061043,30.0,30.0,0.0,0.0,0.0,0.0,0.0,0.0,8.0,8.0,0.0,0.0,2.0,2.0,0.0,0.0,7.0,7.0,0.0,0.0,1.0,1.0,0.0,0.0,10.741299738486608,48.0,0.00023447058520450828,0.00023447058520450828,0.3909801748911074,0.0009945626855672647,2.4896000027656555,0.285394328335921,30.0,0.00023447058520450825,0.00023447058520450825,0.018209646129980682,0.0009966404060833157,0.409838013847669
33,15.623639564037672,15.622500784129787,14.72262737919098,19.307902260170138,0.0,4.5852748809791715,-0.9043645299393788,0.004491124999999746,0.7749581319046115,0.3374581319046577,0.4374999999999609,30.0,30.0,0.0,0.0,0.0,0.0,0.0,0.0,6.0,6.0,0.0,0.0,2.0,2.0,0.0,0.0,11.0,11.0,0.0,0.0,0.0,0.0,0.0,0.0,9.73136823933299,41.0,0.00023267171427506018,0.00023267171427506018,0.025012068450450897,0.0009921284778634223,2.6228480673417813,0.2912621339162191,30.0,0.00023267171427506018,0.00023267171427506018,-0.03488591709950318,0.0009916858825211724,0.428708516061306
34,-21.854142174210544,-49.205553134422054,-49.43277163688461,-27.408777443897694,0.0,22.02399419298693,-0.22721850245937958,0.0,52.29857642442239,52.29857642442241,0.0,30.0,30.0,0.0,0.0,0.0,0.0,0.0,0.0,8.0,8.0,0.0,0.0,2.0,2.0,0.0,0.0,5.0,5.0,0.0,0.0,0.0,0.0,0.0,0.0,9.183035193549262,45.0,0.00023088664438004888,0.00023088664438004888,-0.2877633982234531,0.001006367681030598,2.8130866898430718,0.24503324329853057,30.0,0.00023088664438004886,0.00023088664438004886,-0.08557365789699058,0.0009957746757815282,0.3492512928942839
35,33.936544907781354,22.20658230679777,22.22524675756106,-6.4086504276395,0.0,-28.633897185200553,0.0,0.018664450759855473,36.83014625146027,34.24903298048513,2.581113270975109,30.0,30.0,0.0,0.0,0.0,0.0,0.0,0.0,5.0,5.0,0.0,0.0,1.0,1.0,0.0,0.0,8.0,8.0,0.0,0.0,1.0,1.0,0.0,0.0,8.224711395973383,43.0,0.00022911526963719647,0.00022911526963719647,-0.24974767175004925,0.001019928471705075,2.866778167181237,0.18178218975663185,30.0,0.00022911526963719647,0.00022911526963719647,-0.09742813960959514,0.001002949794443945,0.35666043708721795
36,18.106264698037194,17.669162993145672,17.57382312583839,3.4295522523239965,0.0,-14.144270873514397,-0.09609134230674954,0.0007514750000000286,6.658435347043081,6.611366764077775,0.04706858296533235,30.0,30.0,0.0,0.0,0.0,0.0,0.0,0.0,5.0,5.0,0.0,0.0,0.0,0.0,0.0,0.0,10.0,10.0,0.0,0.0,1.0,1.0,0.0,0.0,9.008864084879557,36.0,0.00022735748497655967,0.00022735748497655967,-0.19816653720206684,0.001030134282902711,3.0115813778506384,0.23496726602315904,30.0,0.00022735748497655967,0.00022735748497655967,-0.11804483259717623,0.0010101827210746706,0.3743986090024312
37,18.17350043393708,18.1729947883063,18.062501710588858,10.815816860721656,0.0,-7.246684849867204,-0.12173257122049108,0.011239493503878931,0.597634344379486,-0.2248656556204125,0.8224999999998985,30.0,30.0,0.0,0.0,0.0,0.0,0.0,0.0,10.0,10.0,0.0,0.0,1.0,1.0,0.0,0.0,8.0,8.0,0.0,0.0,0.0,0.0,0.0,0.0,8.634512988003818,44.0,0.0002256131861342975,0.0002256131861342975,-0.19657167309725826,0.0010391572061714462,3.102070610631596,0.18985275415082772,30.0,0.0002256131861342975,0.0002256131861342975,-0.13158206765850386,0.0010174013441428542,0.33138547639052074
38,-16.563619866813127,-20.426091605160526,-25.229492172901,10.617981875276396,0.0,35.847474048177396,-4.8034005677423295,6.938893903907228e-18,19.653172106170047,19.653172106170032,0.0,30.0,30.0,0.0,0.0,0.0,0.0,0.0,0.0,11.0,11.0,0.0,0.0,1.0,1.0,0.0,0.0,11.0,11.0,0.0,0.0,1.0,1.0,0.0,0.0,8.660855099961564,37.0,0.00022388226964648668,0.00022388226964648668,-0.19114829015892906,0.0010473356217246604,2.8990064150578267,0.17327750275532405,30.0,0.00022388226964648665,0.00022388226964648665,-0.12794618755578996,0.001024327512520055,0.4373022556304932
39,24.891836222672282,23.750377390869545,23.84413578700644,8.30218355020455,0.0,-15.541952236801894,0.0,0.09375839613584559,20.171670817043676,10.683907673705985,9.48776314333768,30.0,30.0,0.0,0.0,0.0,0.0,0.0,0.0,5.0,5.0,0.0,0.0,0.0,0.0,0.0,0.0,10.0,10.0,0.0,0.0,1.0,1.0,0.0,0.0,8.038713524981242,41.0,0.00022216463284298457,0.00022216463284298457,-0.19096831059673938,0.0010537353866710895,3.5541896020493855,0.1962690010666847,30.0,0.0002221646328429846,0.0002221646328429846,-0.13624688213070232,0.001030762578981618,0.41686607400576275
40,21.86944876618145,20.462310362680743,16.393778070167926,2.7905706261004353,1.7763568394002505e-15,-13.603207444067497,-4.1415313136550935,0.07299902113975729,21.727286472264623,11.862286472264554,9.86500000000008,30.0,30.0,0.0,0.0,0.0,0.0,0.0,0.0,15.0,15.0,0.0,0.0,2.0,2.0,0.0,0.0,10.0,10.0,0.0,0.0,1.0,1.0,0.0,0.0,7.968474335140652,45.0,0.0002204601738413398,0.0002204601738413398,-0.2792160333858596,0.001061874550456802,2.9612347364425657,0.1562340798477332,30.0,0.0002204601738413398,0.0002204601738413398,-0.16956500162680943,0.001037087372969836,0.33732172499100366
41,21.15627309289448,17.893435940566274,17.42318183780928,21.4326531372081,0.0,4.009471299398829,-0.5939642781433037,0.12371017538737292,27.194960759350906,18.063325143306827,9.131635616044091,30.0,30.0,0.0,0.0,0.0,0.0,0.0,0.0,6.0,6.0,0.0,0.0,0.0,0.0,0.0,0.0,4.0,4.0,0.0,0.0,3.0,2.0,0.0,1.0,6.922964256863262,43.0,0.00021876879154074825,0.00021876879154074825,-0.37601060047745705,0.00107250090818419,3.2380611979684164,0.19441240082184474,30.0,0.00021876879154074825,0.00021876879154074825,-0.16940382197499276,0.0010437425885659953,0.4235806321104368
42,25.938179577246046,21.620111023540385,21.237783053366478,9.987870825327997,0.0,-11.249912228038482,-0.5009261388253492,0.11859816865196267,35.197296593452236,20.779962833714745,14.417333759737499,30.0,30.0,0.0,0.0,0.0,0.0,0.0,0.0,9.0,9.0,0.0,0.0,1.0,0.0,0.0,1.0,6.0,6.0,0.0,0.0,4.0,4.0,0.0,0.0,7.39389565411736,34.0,0.00021709038561605672,0.00021709038561605672,-0.3054081932367647,0.001081841336974107,3.7092619573368744,0.15961815950771172,30.0,0.00021709038561605672,0.00021709038561605672,-0.18565692206223805,0.0010505307970258098,0.3283770740032196
43,27.697048894340696,24.247242815093905,23.835504819306486,7.607861466256693,0.0,-16.227643353049796,-0.6015345546421003,0.18979655885524432,44.03615359655056,18.57365359655119,25.462499999999373,30.0,30.0,0.0,0.0,0.0,0.0,0.0,0.0,10.0,10.0,0.0,0.0,1.0,1.0,0.0,0.0,6.0,6.0,0.0,0.0,1.0,1.0,0.0,0.0,6.639536170072334,43.0,0.00021542485651181197,0.00021542485651181197,-0.3941375758758811,0.0010901099330810613,3.5175773043965184,0.18165166812638442,30.0,0.00021542485651181197,0.00021542485651181197,-0.22841296046972276,0.0010576362915647526,0.4111736233035723
44,-10.525559356799931,-25.726834554757513,-25.77459659927372,5.411434866551791,0.0,31.186031465825515,-0.28564752124168535,0.23788547672477006,71.06793087326808,38.98881275181072,32.07911812145736,30.0,30.0,0.0,0.0,0.0,0.0,0.0,0.0,9.0,9.0,0.0,0.0,1.0,1.0,0.0,0.0,10.0,10.0,0.0,0.0,2.0,1.0,0.0,1.0,7.653987078105702,34.0,0.00021377210543635568,0.00021377210543635568,-0.2604989979196997,0.0010974524056484155,3.888427232994753,0.194853492329518,30.0,0.00021377210543635568,0.00021377210543635568,-0.3089138184984525,0.0010662015721512339,0.4761092906196912
45,-43.59715270059692,-75.32256973799886,-75.99659551411875,-31.657417868235164,0.0,44.339177645883595,-0.6959319511224749,0.021906174999998758,58.62174101443147,56.32532027197177,2.2964207424596856,30.0,30.0,0.0,0.0,0.0,0.0,0.0,0.0,10.0,10.0,0.0,0.0,3.0,3.0,0.0,0.0,6.0,6.0,0.0,0.0,1.0,1.0,0.0,0.0,8.188041538805575,37.0,0.00021213203435596428,0.00021213203435596428,-0.3448535004580343,0.001103646496336001,3.694197364755579,0.2185381370286147,30.0,0.00021213203435596425,0.00021213203435596425,-0.3311223069826762,0.0010758458248650035,0.5088926066954931
46,-23.593182729068854,-42.0820036810587,-48.38512789232385,-12.936904356758017,0.0,35.44822353556586,-6.303624461261393,0.0005002499999999716,43.03341248113542,42.99862899208514,0.03478348905029777,30.0,30.0,0.0,0.0,0.0,0.0,0.0,0.0,14.0,14.0,0.0,0.0,1.0,1.0,0.0,0.0,9.0,9.0,0.0,0.0,1.0,1.0,0.0,0.0,8.004715317174009,38.0,0.00021050454598903415,0.00021050454598903415,-0.3169149089800684,0.001110611961370236,3.9776825214687146,0.2244712953766187,30.0,0.00021050454598903415,0.00021050454598903415,-0.3529847721258799,0.0010858327111539742,0.44489981333414713
47,-15.511360729877707,-34.36031566872368,-35.54626435383179,-22.83614160433058,0.0,12.710122749501204,-1.1929416851083623,0.006993000000000598,44.10707909399158,43.41538314796493,0.6916959460266408,30.0,30.0,0.0,0.0,0.0,0.0,0.0,0.0,12.0,12.0,0.0,0.0,4.0,4.0,0.0,0.0,9.0,9.0,0.0,0.0,1.0,1.0,0.0,0.0,8.325903578502375,41.0,0.0002088895438003116,0.0002088895438003116,-0.30383474661446197,0.001118130956367567,4.279441487498399,0.25567997619509697,30.0,0.0002088895438003116,0.0002088895438003116,-0.38782182534535725,0.001095818386723598,0.45905429820219673
48,31.463641203419684,25.293666811995674,25.4700999543024,-6.598417939772888,0.0,-32.06851789407524,-0.06397050839552776,0.24040365070328742,0.2491974744763894,-24.839433148572475,25.088630623048864,30.0,30.0,0.0,0.0,0.0,0.0,0.0,0.0,9.0,9.0,0.0,0.0,3.0,2.0,0.0,1.0,9.0,9.0,0.0,0.0,1.0,1.0,0.0,0.0,8.155977882836995,38.0,0.0002072869319951664,0.0002072869319951664,-0.2399546451082355,0.0011244369180578935,4.292220652103424,0.22862802743911742,30.0,0.0002072869319951664,0.0002072869319951664,-0.4065814584493637,0.0011060499004088343,0.4742895573377609
49,6.030229357467761,-4.537200884929703,-4.297912788056454,-2.6003469154631933,0.0,1.6975658725932552,0.0,0.23928809687253402,62.50578046580109,32.507584103401875,29.9981963623992,30.0,30.0,0.0,0.0,0.0,0.0,0.0,0.0,11.0,11.0,0.0,0.0,4.0,4.0,0.0,0.0,9.0,9.0,0.0,0.0,0.0,0.0,0.0,0.0,7.929811047344673,41.0,0.00020569661551390986,0.00020569661551390986,-0.21525610131552306,0.0011295698889781062,4.427888471905778,0.23142865051825842,30.0,0.0002056966155139099,0.0002056966155139099,-0.4295300285021464,0.0011161351266006628,0.48374332835276923
50,48.75168260251303,45.95617650657146,46.181063590667314,4.452601054009647,0.0,-41.72846253665765,0.0,0.22488708409229033,0.3406633500088958,-16.719767031695064,17.060430381703945,30.0,30.0,0.0,0.0,0.0,0.0,0.0,0.0,10.0,10.0,0.0,0.0,2.0,2.0,0.0,0.0,11.0,11.0,0.0,0.0,3.0,3.0,0.0,0.0,7.365446170171102,45.0,0.00020411850002615653,0.00020411850002615653,-0.25892296785281765,0.0011345725170233184,4.498784266577827,0.2454201400279999,30.0,0.0002041185000261565,0.0002041185000261565,-0.47678224245707196,0.0011256768989066283,0.575922429561615
51,-5.671520574576789,-11.412513213417387,-11.41705436680459,8.198253411235985,1.7763568394002505e-15,19.615307778040567,-0.2201040971536088,0.21556294376834198,29.992868609103425,23.960368609102407,6.032500000001033,30.0,30.0,0.0,0.0,0.0,0.0,0.0,0.0,9.0,9.0,0.0,0.0,3.0,3.0,0.0,0.0,14.0,14.0,0.0,0.0,2.0,2.0,0.0,0.0,8.801049374398731,42.0,0.0002025524919252285,0.0002025524919252285,-0.30173848134775955,0.0011398287550989715,5.33709457658586,0.24020734578371047,30.0,0.0002025524919252285,0.0002025524919252285,-0.5064324080944062,0.0011351218912750483,0.6105889777342478
52,-27.840155323303406,-45.34302505408343,-48.697381079560756,-16.660869785655223,0.0,32.03651129390552,-3.5849584620922315,0.23060243661452423,44.24863340749088,41.836431170428504,2.4122022370623606,30.0,30.0,0.0,0.0,0.0,0.0,0.0,0.0,6.0,6.0,0.0,0.0,0.0,0.0,0.0,0.0,10.0,10.0,0.0,0.0,3.0,2.0,0.0,1.0,7.8963835516641305,43.0,0.00020099849832260343,0.00020099849832260343,-0.28377963897100716,0.0011447195835454867,5.1172203185946445,0.24720886995395025,30.0,0.0002009984983226034,0.0002009984983226034,-0.5294866094986598,0.0011444500725095472,0.6379741122325261
53,42.24790845040843,35.96791153592934,35.87570487467793,-5.354174177083574,0.0,-41.229879051761536,-0.30984094297055265,0.21763428172021726,0.33257798400094885,-25.059922015998154,25.392499999999117,30.0,30.0,0.0,0.0,0.0,0.0,0.0,0.0,9.0,9.0,0.0,0.0,4.0,4.0,0.0,0.0,8.0,8.0,0.0,0.0,2.0,2.0,0.0,0.0,8.154035795302619,42.0,0.00019945642704240473,0.00019945642704240473,-0.3159582752379633,0.0011492719114314588,4.824778704416184,0.34257192760705946,30.0,0.00019945642704240473,0.00019945642704240473,-0.5458599170049031,0.0011534128648539384,0.6364997605482737
54,10.38209320587157,10.353834074395495,10.572206040612237,8.532665259787425,0.0,-2.039540780824819,0.0,0.2183719662143459,7.438954745518188,-1.6810452544793293,9.119999999997528,30.0,30.0,0.0,0.0,0.0,0.0,0.0,0.0,9.0,9.0,0.0,0.0,2.0,2.0,0.0,0.0,8.0,8.0,0.0,0.0,1.0,0.0,0.0,1.0,7.918847205903795,45.0,0.00019792618661593412,0.00019792618661593412,-0.37272969683011375,0.001154243956423468,4.769893217086792,0.3697340259949366,30.0,0.00019792618661593412,0.00019792618661593412,-0.5586979210376739,0.0011621548949430386,0.7392969638109207
55,14.150312285508335,11.003537105615809,11.1853419946038,12.03342021652821,0.0,0.8480782219244123,0.0,0.18180488898518102,0.06841728304904393,-17.739152121486885,17.80756940453591,30.0,30.0,0.0,0.0,0.0,0.0,0.0,0.0,11.0,11.0,0.0,0.0,0.0,0.0,0.0,0.0,10.0,10.0,0.0,0.0,0.0,0.0,0.0,0.0,7.40174171772409,47.0,0.000196407686276246,0.000196407686276246,-0.32432045660754466,0.0011595743559697207,5.005314471873831,0.3107468036313852,30.0,0.000196407686276246,0.000196407686276246,-0.5955986003081004,0.0011705156493311128,0.720747243364652
56,20.122619739428046,20.11164936197343,20.322436131561435,7.127194437240735,0.0,-13.195241694320702,0.0,0.21078676959187795,21.320104303304035,-1.0473956966980253,22.367500000002078,30.0,30.0,0.0,0.0,0.0,0.0,0.0,0.0,7.0,7.0,0.0,0.0,1.0,1.0,0.0,0.0,7.0,7.0,0.0,0.0,1.0,1.0,0.0,0.0,6.76673633257548,30.0,0.0001949008359527637,0.0001949008359527637,-0.36949694926540055,0.0011640168532418707,5.086088673273722,0.3326157256960869,30.0,0.0001949008359527637,0.0001949008359527637,-0.5959149122238159,0.0011787358205765485,0.8254366974035899
57,-16.860017776692985,-26.07530286952749,-30.92037090498623,3.777551148986972,0.0,34.69792205397319,-5.079963937433366,0.23489590197512256,44.85168804865427,30.356688048656604,14.494999999997663,30.0,30.0,0.0,0.0,0.0,0.0,0.0,0.0,7.0,7.0,0.0,0.0,2.0,1.0,0.0,1.0,11.0,11.0,0.0,0.0,2.0,2.0,0.0,0.0,8.016661017440086,43.0,0.00019340554626593685,0.00019340554626593685,-0.38330505095249,0.0011682395314321268,4.876248035320016,0.32051445643107096,30.0,0.00019340554626593685,0.00019340554626593685,-0.5977845152219137,0.0011864930080870788,0.7938724110523859
58,-1.453994754325322,-2.290646111853229,-2.2788730204573953,7.274090368826505,0.0,9.5529633892839,-0.07381866752939459,0.08559175892603055,0.9611812140414884,-9.146864804554111,10.10804601859556,30.0,30.0,0.0,0.0,0.0,0.0,0.0,0.0,11.0,11.0,0.0,0.0,0.0,0.0,0.0,0.0,11.0,11.0,0.0,0.0,2.0,2.0,0.0,0.0,7.490468315456225,46.0,0.0001919217285219398,0.0001919217285219398,-0.33070145996854355,0.0011738296471657636,4.733500488426374,0.3156648347775141,30.0,0.0001919217285219398,0.0001919217285219398,-0.6046736180782318,0.0011938949697650968,0.7512285590171814
59,22.38150255304572,22.194897779555827,22.277367603614316,6.642598704160281,0.0,-15.634768899454029,-0.12753554451393256,0.210005368574604,23.184777465213642,4.31977746521617,18.864999999997476,30.0,30.0,0.0,0.0,0.0,0.0,0.0,0.0,6.0,6.0,0.0,0.0,3.0,3.0,0.0,0.0,7.0,7.0,0.0,0.0,1.0,0.0,0.0,1.0,8.171798384189605,40.0,0.00019044929470741072,0.00019044929470741072,-0.4382908456027508,0.0011795377417001874,5.067455291748047,0.291920094192028,30.0,0.00019044929470741072,0.00019044929470741072,-0.6361045877138773,0.0012010393392605087,0.783547047773997
60,18.197449942021194,17.484416039684724,17.53068483677358,-4.620467422610137,0.0,-22.15115225938373,0.0,0.04626879708647944,0.9358665196687497,-8.44413348033101,9.37999999999974,30.0,30.0,0.0,0.0,0.0,0.0,0.0,0.0,10.0,10.0,0.0,0.0,0.0,0.0,0.0,0.0,8.0,8.0,0.0,0.0,1.0,1.0,0.0,0.0,7.022568808661567,36.0,0.00018898815748423097,0.00018898815748423097,-0.43542129505011773,0.0011847656310742928,4.658457984526952,0.25925416822234787,30.0,0.00018898815748423097,0.00018898815748423097,-0.6592734277248382,0.0012079784840655823,0.7363642930984498
61,35.1468830652957,25.219963710107425,25.430021344066912,5.895370035234458,0.0,-19.53465130883244,-0.015396318935273712,0.22545395289283338,56.00488709429815,31.50701406859792,24.497873025700216,30.0,30.0,0.0,0.0,0.0,0.0,0.0,0.0,6.0,6.0,0.0,0.0,1.0,1.0,0.0,0.0,15.0,15.0,0.0,0.0,0.0,0.0,0.0,0.0,6.114872797675755,46.0,0.00018753823018434463,0.00018753823018434463,-0.43118523417607596,0.0011905061369559364,4.805006615493609,0.2981202706694603,30.0,0.00018753823018434463,0.00018753823018434463,-0.6945198953151703,0.00121467891925325,0.8229742954174678
62,15.402821294939713,14.827338942613244,15.017224498719212,9.401532735272136,3.552713678800501e-15,-5.615691763447077,-0.013701703720656155,0.2035872598257266,28.08353651485426,7.58605531436773,20.497481200486515,30.0,30.0,0.0,0.0,0.0,0.0,0.0,0.0,5.0,5.0,0.0,0.0,5.0,5.0,0.0,0.0,12.0,12.0,0.0,0.0,0.0,0.0,0.0,0.0,6.726012796163559,40.0,0.0001860994268046179,0.0001860994268046179,-0.4662109699100256,0.001196627112221904,4.493362984061241,0.2761445795496305,30.0,0.0001860994268046179,0.0001860994268046179,-0.7033035655816396,0.0012211787553193668,0.7502987802028656
63,-6.12891713980207,-6.173475122379386,-6.3979420963199845,6.510928017720557,0.0,12.908870114040546,-0.45804375250564533,0.23357677856653214,18.723744078376896,-2.1108761824729427,20.834620260849846,30.0,30.0,0.0,0.0,0.0,0.0,0.0,0.0,3.0,3.0,0.0,0.0,2.0,1.0,0.0,1.0,11.0,11.0,0.0,0.0,3.0,3.0,0.0,0.0,7.529688629237088,44.0,0.00018467166200173744,0.00018467166200173744,-0.4773881228810007,0.0012021190037061883,5.123725132508711,0.2523870470623175,30.0,0.00018467166200173744,0.00018467166200173744,-0.7537025193373362,0.001227901290015628,0.8115977595249811
64,30.01818230664321,20.820540534102072,20.741031792126137,5.572122238410717,0.0,-15.168909553715421,-0.2647454581304238,0.18523671615333667,51.59952900427025,30.327614104213904,21.271914900056355,30.0,30.0,0.0,0.0,0.0,0.0,0.0,0.0,9.0,9.0,0.0,0.0,5.0,4.0,0.0,1.0,5.0,5.0,0.0,0.0,2.0,2.0,0.0,0.0,7.4468981663386025,30.0,0.00018325485108714856,0.00018325485108714856,-0.4197611533105373,0.0012073635240085422,5.260598746935527,0.3090650960803032,30.0,0.00018325485108714856,0.00018325485108714856,-0.7851406554381053,0.0012348681959944467,0.8273687452077866
65,6.587853596238347,5.357216792492802,3.986475110468877,4.026212080304791,0.0,0.039736969835919816,-1.5751183197054814,0.20437663768327766,22.321059821307742,11.093407067918964,11.227652753388785,30.0,30.0,0.0,0.0,0.0,0.0,0.0,0.0,8.0,8.0,0.0,0.0,3.0,3.0,0.0,0.0,5.0,5.0,0.0,0.0,2.0,2.0,0.0,0.0,6.8902256267015325,43.0,0.00018184891002203166,0.00018184891002203166,-0.43023432479348295,0.0012126789119657735,5.594812371010004,0.2937371815244357,30.0,0.00018184891002203166,0.00018184891002203166,-0.783964192867279,0.0012415987245428066,0.7639675865570704
66,20.123732019152158,19.69539183580329,18.175654285601954,4.747037775901035,-8.881784197001252e-16,-13.428616509700914,-1.701247925240061,0.18151037503774967,19.359770304212418,6.544770304211376,12.815000000001014,30.0,30.0,0.0,0.0,0.0,0.0,0.0,0.0,7.0,7.0,0.0,0.0,2.0,2.0,0.0,0.0,12.0,12.0,0.0,0.0,2.0,2.0,0.0,0.0,6.815402626991272,36.0,0.00018045375541231749,0.00018045375541231749,-0.4614570364356041,0.001218434937375908,5.268463532129924,0.27386353984475137,30.0,0.00018045375541231749,0.00018045375541231749,-0.842150092124939,0.0012484993087127805,0.8701723684867223
67,-49.54686880790541,-69.26060923083207,-72.18699260406368,-22.890487151138636,0.0,49.29650545292507,-3.1630164581856093,0.23663308495622318,57.90765813364586,44.40015813364482,13.507500000001038,30.0,30.0,0.0,0.0,0.0,0.0,0.0,0.0,6.0,6.0,0.0,0.0,1.0,1.0,0.0,0.0,7.0,7.0,0.0,0.0,2.0,2.0,0.0,0.0,8.105444558461507,45.0,0.00017906930450374054,0.00017906930450374054,-0.4878502102361785,0.001224222083369063,6.6242514822218155,0.35350900193055473,30.0,0.00017906930450374052,0.00017906930450374052,-0.8712592522303263,0.0012555485630097488,1.031527535120646
68,46.381055175525034,46.37489171264891,46.27646348235977,4.411884763994873,0.0,-41.86457871836489,-0.09533388400566878,-0.0030943462828188217,0.8200772494554087,0.7850772494554166,0.035000000000003695,30.0,30.0,0.0,0.0,0.0,0.0,0.0,0.0,11.0,11.0,0.0,0.0,1.0,1.0,0.0,0.0,6.0,6.0,0.0,0.0,1.0,1.0,0.0,0.0,7.532522313138272,47.0,0.00017769547517693053,0.00017769547517693053,-0.45527025058548504,0.0012315697745083178,5.591319566077375,0.2798928186297417,30.0,0.0001776954751769305,0.0001776954751769305,-0.8595600048700969,0.0012623913702555002,0.7864888578653335
69,6.359198673124411,5.857574711318612,3.0369617132922406,2.423005399481556,-1.7763568394002505e-15,-0.6139563138106809,-3.0195757705829074,0.19896277255751252,10.807458353063112,-7.082541646935788,17.889999999998867,30.0,30.0,0.0,0.0,0.0,0.0,0.0,0.0,12.0,12.0,0.0,0.0,3.0,2.0,0.0,1.0,11.0,11.0,0.0,0.0,3.0,3.0,0.0,0.0,7.647216265851801,44.0,0.0001763321859425413,0.0001763321859425413,-0.5315845857628367,0.0012391882721038366,5.89754843711853,0.2930103758970896,30.0,0.0001763321859425413,0.0001763321859425413,-0.8446630895137787,0.0012692444492131473,1.0988746484120686
70,15.40230408277057,14.993726270784965,9.04075442085354,-0.061278051109834836,0.0,-9.102032471963378,-6.132462869265105,0.17949101933284362,19.482009167591315,6.392009167590469,13.090000000000838,30.0,30.0,0.0,0.0,0.0,0.0,0.0,0.0,6.0,6.0,0.0,0.0,0.0,0.0,0.0,0.0,10.0,10.0,0.0,0.0,2.0,2.0,0.0,0.0,6.832936553728013,42.0,0.00017497935593641746,0.00017497935593641746,-0.5346705374263582,0.001246447059591966,5.833368193535578,0.31018213629722596,30.0,0.00017497935593641746,0.00017497935593641746,-0.8999906539916992,0.0012759408564306796,0.8908727904160817
71,-17.377705123637497,-18.02753744745182,-19.8691787991272,6.958401413781954,0.0,26.827580212909165,-2.0587965059779876,0.21715515430119633,17.66878220233258,-8.061217797667567,25.730000000000143,30.0,30.0,0.0,0.0,0.0,0.0,0.0,0.0,7.0,7.0,0.0,0.0,3.0,3.0,0.0,0.0,5.0,5.0,0.0,0.0,0.0,0.0,0.0,0.0,7.433568589230801,47.0,0.00017363690491479773,0.00017363690491479773,-0.5319424268413098,0.0012536179447705125,5.585159032902819,0.3160160278280576,30.0,0.00017363690491479776,0.00017363690491479776,-0.9170026183128357,0.001282582055622091,1.0599663436412812
72,-13.286820505389187,-16.971485273386403,-19.45954613365317,19.231804754234204,0.0,38.69135088788736,-2.7256458025703623,0.2375849423039356,22.594932907377682,19.195480634767172,3.399452272610504,30.0,30.0,0.0,0.0,0.0,0.0,0.0,0.0,6.0,6.0,0.0,0.0,2.0,2.0,0.0,0.0,13.0,13.0,0.0,0.0,1.0,1.0,0.0,0.0,7.580069587344215,42.0,0.00017230475324955523,0.00017230475324955523,-0.5022469826397442,0.0012605238339996763,5.402577752158756,0.305574077864488,30.0,0.00017230475324955523,0.00017230475324955523,-0.9564128299554189,0.001289465371519327,0.8809699734052022
73,27.411211004042343,25.66035382768478,24.98669293009355,6.2721825130348225,0.0,-18.714510417058722,-0.8642080438731217,0.19054714628350386,4.733987034331022,-13.231995980794292,17.965983015125314,30.0,30.0,0.0,0.0,0.0,0.0,0.0,0.0,11.0,11.0,0.0,0.0,2.0,2.0,0.0,0.0,10.0,10.0,0.0,0.0,0.0,0.0,0.0,0.0,6.722501252826891,38.0,0.0001709828219234744,0.0001709828219234744,-0.5701603199306288,0.0012672220258728455,6.2896735730924105,0.3287627433737119,30.0,0.0001709828219234744,0.0001709828219234744,-0.9535519003868103,0.001296240285349389,0.9206665545701981
74,2.30485219079128,0.519519504387695,-2.8380695152692788,6.33145356691703,0.0,9.16952308218631,-3.586284575058386,0.22869555540554692,6.735865794546285,-13.361634205454006,20.09750000000031,30.0,30.0,0.0,0.0,0.0,0.0,0.0,0.0,8.0,8.0,0.0,0.0,0.0,0.0,0.0,0.0,12.0,12.0,0.0,0.0,1.0,1.0,0.0,0.0,7.263332347075145,36.0,0.00016967103252556393,0.00016967103252556393,-0.5543873666061295,0.0012734460987202409,6.474488589498732,0.2915095274647077,30.0,0.00016967103252556393,0.00016967103252556393,-0.9578313450018565,0.001302878112376978,0.9129237443208694
75,15.052869811228447,12.289356749747995,11.991182139566197,2.240079801117221,0.0,-9.75110233844898,-0.5308469006498147,0.23267229047268972,33.663817436078304,16.62381743607783,17.040000000000504,30.0,30.0,0.0,0.0,0.0,0.0,0.0,0.0,9.0,9.0,0.0,0.0,3.0,3.0,0.0,0.0,14.0,14.0,0.0,0.0,0.0,0.0,0.0,0.0,7.270508564036826,46.0,0.00016836930724640594,0.00016836930724640594,-0.5909764384445937,0.0012802791088293104,6.360612319863361,0.2837893947958946,30.0,0.00016836930724640594,0.00016836930724640594,-0.9903661568959554,0.0013095801773791512,0.9034252673387527
76,-2.4261356181850715,-6.910521225457441,-9.006134417550362,-15.71237211148424,0.0,-6.706237693933884,-2.269743391212117,0.1741301991236124,23.421367977706893,21.176367977706587,2.245000000000328,30.0,30.0,0.0,0.0,0.0,0.0,0.0,0.0,9.0,9.0,0.0,0.0,1.0,1.0,0.0,0.0,13.0,13.0,0.0,0.0,0.0,0.0,0.0,0.0,6.421314530902439,45.0,0.00016707756887354052,0.00016707756887354052,-0.5581965417497687,0.0012884634003664057,5.380332003699409,0.29105816334486007,30.0,0.00016707756887354052,0.00016707756887354052,-1.0159088253974915,0.00131646905404826,0.9885763665040334
77,36.39727835685699,35.302824845127965,35.47412245845453,8.31957205313511,0.0,-27.154550405319434,0.0,0.171297613328278,31.25161322038369,10.461613220383473,20.790000000000234,30.0,30.0,0.0,0.0,0.0,0.0,0.0,0.0,11.0,11.0,0.0,0.0,0.0,0.0,0.0,0.0,10.0,10.0,0.0,0.0,1.0,1.0,0.0,0.0,7.6994820106320265,41.0,0.00016579574078688598,0.00016579574078688598,-0.6524871406031818,0.0012965593401842365,6.257428180880662,0.297309610247612,30.0,0.00016579574078688598,0.00016579574078688598,-1.0033534288406372,0.0013234197666558126,1.1901361842950184
78,46.082580947060706,46.07317848803707,45.967110333546124,13.676067667584439,-1.1102230246251565e-16,-32.29104266596168,-0.10781956924415681,0.0017514147504360182,2.485309935074369,0.9696627776516284,1.5156471574227437,30.0,30.0,0.0,0.0,0.0,0.0,0.0,0.0,8.0,8.0,0.0,0.0,0.0,0.0,0.0,0.0,5.0,5.0,0.0,0.0,0.0,0.0,0.0,0.0,6.570162856578827,40.0,0.00016452374695419386,0.00016452374695419386,-0.6310097962617874,0.001303413207642734,5.984683227539063,0.33493730425834656,30.0,0.00016452374695419386,0.00016452374695419386,-1.0493754684925078,0.0013301878740700583,1.0357308348019918
79,44.980898183737736,44.97790743838518,44.87957744135278,1.1805436262202886,0.0,-43.69903381513249,-0.09780708478251654,-0.000522912249978069,0.5718149034857305,0.546877075086526,0.024937828399206222,30.0,30.0,0.0,0.0,0.0,0.0,0.0,0.0,15.0,15.0,0.0,0.0,0.0,0.0,0.0,0.0,10.0,10.0,0.0,0.0,4.0,4.0,0.0,0.0,6.3349219716113545,46.0,0.00016326151192653943,0.00016326151192653943,-0.7592952555936315,0.0013109311517125564,6.0709061518959375,0.2822973559300105,30.0,0.00016326151192653943,0.00016326151192653943,-1.0424522439638773,0.0013369395087162654,1.064212175210317
80,-15.359076541137256,-16.306973361598544,-16.34486959076415,13.006630071957934,0.0,29.351499662722073,-0.26849275153409735,0.23059652236771905,26.092997575112562,9.735999283387855,16.35699829172471,30.0,30.0,0.0,0.0,0.0,0.0,0.0,0.0,12.0,12.0,0.0,0.0,1.0,1.0,0.0,0.0,12.0,12.0,0.0,0.0,2.0,2.0,0.0,0.0,6.236903800964355,50.0,0.00016200896083384592,0.00016200896083384592,-0.6327432167530059,0.0013187468284741044,6.2458469200134275,0.26112278054157895,30.0,0.00016200896083384592,0.00016200896083384592,-1.0503670851389566,0.001343477164239933,1.0488206962744395
81,10.570560016265517,10.570108172053827,9.534878962357675,7.909884181172151,-3.469446951953614e-18,-1.6249947811855336,-1.0354759178104018,0.00024670812091917566,0.49574564791493003,-0.21256627476868584,0.7083119226837065,30.0,30.0,0.0,0.0,0.0,0.0,0.0,0.0,9.0,9.0,0.0,0.0,2.0,2.0,0.0,0.0,6.0,6.0,0.0,0.0,1.0,1.0,0.0,0.0,6.950406138102213,45.0,0.00016076601938044396,0.00016076601938044396,-0.689206647210651,0.001326372275232441,5.914998976389567,0.2982944796482722,30.0,0.00016076601938044396,0.00016076601938044396,-1.090698891878128,0.001350033391887943,1.0423534194628397
82,33.75243961197343,33.75173514375855,33.75173514376144,-6.922772454351186,0.0,-40.674507598112626,0.0,0.0,0.26541820112313985,0.2654182011231194,0.0,30.0,30.0,0.0,0.0,0.0,0.0,0.0,0.0,11.0,11.0,0.0,0.0,1.0,1.0,0.0,0.0,6.0,6.0,0.0,0.0,5.0,5.0,0.0,0.0,6.488142880526456,44.0,0.0001595326138406645,0.0001595326138406645,-0.73090460896492,0.0013335038622079248,5.3432176817547195,0.30430829972028733,30.0,0.0001595326138406645,0.0001595326138406645,-1.0766338268915812,0.0013565365069856247,1.1361005544662475
83,-13.409541387443824,-13.722649804460797,-17.177396503078402,4.018441668592604,1.7763568394002505e-15,21.19583817167099,-3.653626903068897,0.19888020445202362,13.067490820834692,-5.595609144829304,18.663099965664003,30.0,30.0,0.0,0.0,0.0,0.0,0.0,0.0,8.0,8.0,0.0,0.0,0.0,0.0,0.0,0.0,5.0,5.0,0.0,0.0,2.0,2.0,0.0,0.0,6.431475478549336,43.0,0.00015830867105446586,0.00015830867105446586,-0.7039898218110551,0.0013404095269263137,6.32788023837777,0.28666585087776186,30.0,0.00015830867105446586,0.00015830867105446586,-1.119821959733963,0.0013629992492496968,1.1013212283452352
84,11.952181477276099,10.381183469452798,10.311160404446461,9.069715891245618,0.0,-1.2414445132008416,-0.27155336655730267,0.20153030154781354,0.37515461821442386,-12.533945938224324,12.909100556438723,30.0,30.0,0.0,0.0,0.0,0.0,0.0,0.0,10.0,10.0,0.0,0.0,1.0,1.0,0.0,0.0,10.0,10.0,0.0,0.0,0.0,0.0,0.0,0.0,6.289123564958572,48.0,0.000157094118423094,0.000157094118423094,-0.7677171416580677,0.0013481013277972427,6.044887925187747,0.2659242250025272,30.0,0.000157094118423094,0.000157094118423094,-1.1411321004231771,0.001369460893329233,1.075415027141571
85,38.838577929489475,38.44706095610907,35.67232884199005,2.6764145085972757,0.0,-32.995914333392754,-2.885025900631046,0.11029378650967404,0.03536828186994967,-6.257131718130948,6.292500000000892,30.0,30.0,0.0,0.0,0.0,0.0,0.0,0.0,13.0,13.0,0.0,0.0,0.0,0.0,0.0,0.0,7.0,7.0,0.0,0.0,0.0,0.0,0.0,0.0,6.100190070959238,39.0,0.0001558888839047765,0.0001558888839047765,-0.8155018419791491,0.00135555323989441,5.79237194550343,0.2922765739262104,30.0,0.0001558888839047765,0.0001558888839047765,-1.0897149046262105,0.0013758333671527604,1.3138514856497447
86,15.371482294296584,15.361035764374767,15.414787596890127,5.229703615317736,0.0,-10.185083981572394,-0.14504507987152238,0.19879691238691466,17.859453026937075,1.0220826738486615,16.837370353088424,30.0,30.0,0.0,0.0,0.0,0.0,0.0,0.0,9.0,9.0,0.0,0.0,1.0,1.0,0.0,0.0,14.0,14.0,0.0,0.0,1.0,1.0,0.0,0.0,6.614895619844136,38.0,0.0001546928960104493,0.0001546928960104493,-0.8546767062262485,0.001362139803332914,6.594541907310486,0.2855430647730827,30.0,0.0001546928960104493,0.0001546928960104493,-1.1012389441331227,0.0013822091782155137,1.129996265967687
87,25.88469286862528,24.649419910145625,24.805471549891923,3.025292114090464,0.0,-21.780179435801465,-0.07778469307186242,0.23383633282105185,31.84613087120165,11.114283415855724,20.731847455345935,30.0,30.0,0.0,0.0,0.0,0.0,0.0,0.0,6.0,6.0,0.0,0.0,0.0,0.0,0.0,0.0,9.0,9.0,0.0,0.0,1.0,1.0,0.0,0.0,5.818468631700028,43.0,0.00015350608379951624,0.00015350608379951624,-0.8754973231359969,0.0013688646478924988,5.415858906368877,0.24772123768925666,30.0,0.00015350608379951624,0.00015350608379951624,-1.1587729712327322,0.0013884486203702788,1.0246860285600026
88,33.083781900675255,33.07555329115349,32.99010890254883,13.132083579575827,0.0,-19.858025322972967,-0.08569558860319404,0.0002512000000000209,0.9319235667232846,0.9071168349096156,0.024806731813631296,30.0,30.0,0.0,0.0,0.0,0.0,0.0,0.0,10.0,10.0,0.0,0.0,0.0,0.0,0.0,0.0,10.0,10.0,0.0,0.0,3.0,3.0,0.0,0.0,6.448696392338451,41.0,0.00015232837687564123,0.00015232837687564123,-0.83901448656873,0.0013763627531461235,6.573160700681733,0.3128464991847674,30.0,0.00015232837687564123,0.00015232837687564123,-1.1228755056858062,0.0013947767787612976,1.0812241713205972
89,23.42267828286822,21.488201614274992,20.33717688092302,2.18361365296499,0.0,-18.153563227958042,-1.3854161280366384,0.23439139468389236,33.22235011900189,13.908546540142954,19.313803578858906,30.0,30.0,0.0,0.0,0.0,0.0,0.0,0.0,7.0,7.0,0.0,0.0,1.0,1.0,0.0,0.0,11.0,11.0,0.0,0.0,3.0,3.0,0.0,0.0,6.080197655877401,43.0,0.0001511597053825727,0.0001511597053825727,-0.9200175099594649,0.0013836733265888206,6.176577601321908,0.2765576596061389,30.0,0.0001511597053825727,0.0001511597053825727,-1.1874622066815694,0.0014009088433037202,1.1959952970345815
90,15.60520993991122,9.09687568770292,9.220811259894477,4.554952771263991,-8.881784197001252e-16,-4.665858488630487,0.0,0.12393557219065694,35.11393714534434,25.51143714534385,9.602500000000479,30.0,30.0,0.0,0.0,0.0,0.0,0.0,0.0,12.0,12.0,0.0,0.0,1.0,1.0,0.0,0.0,8.0,8.0,0.0,0.0,4.0,3.0,0.0,1.0,5.598829935758542,39.0,0.00015,0.00015,-0.8914200021670415,0.001390527468174696,5.854823363132966,0.2490903027355671,30.0,0.00015,0.00015,-1.194165790081024,0.0014071228254276017,1.1815671086311341
91,24.703088172554214,24.703073851364877,24.371805423705048,12.313302167644391,0.0,-12.058503256060654,-0.339006802660478,0.007738375000000661,0.5742200390942287,0.03784334728609218,0.5363766918081398,30.0,30.0,0.0,0.0,0.0,0.0,0.0,0.0,7.0,7.0,0.0,0.0,3.0,3.0,0.0,0.0,9.0,9.0,0.0,0.0,2.0,2.0,0.0,0.0,5.8199027967453,50.0,0.00014884919193944152,0.00014884919193944152,-0.8877760887145996,0.0013981830654665828,5.687657828330994,0.27809714128573737,30.0,0.00014884919193944152,0.00014884919193944152,-1.2224956373373668,0.0014132800938872,1.2661597967147826
92,32.241339396425246,32.175811047400096,32.15818034772866,11.512301344645188,0.0,-20.645879003083476,0.0,-0.01763069967188792,0.9531580038168102,2.5598505625357877,-1.6066925587189806,30.0,30.0,0.0,0.0,0.0,0.0,0.0,0.0,10.0,10.0,0.0,0.0,3.0,3.0,0.0,0.0,11.0,11.0,0.0,0.0,0.0,0.0,0.0,0.0,5.832839822769165,45.0,0.00014770721294016467,0.00014770721294016467,-0.9247363514370388,0.0014064270278645887,5.730576176113552,0.2879448833564917,30.0,0.00014770721294016467,0.00014770721294016467,-1.2511762857437134,0.0014193552429787814,1.0621534655491511
93,-1.5543600075052382,-1.5601282938525811,-2.9265837173459706,-3.236770648866157,0.0,-0.310186931520191,-1.3662306034960494,-0.00022482000000000852,0.7644923533086398,0.7594923533086448,0.004999999999999005,30.0,30.0,0.0,0.0,0.0,0.0,0.0,0.0,6.0,6.0,0.0,0.0,3.0,3.0,0.0,0.0,5.0,5.0,0.0,0.0,1.0,1.0,0.0,0.0,6.04130019159878,34.0,0.00014657399526513687,0.00014657399526513687,-0.9070090975831536,0.0014131743228062987,6.117507001932929,0.2937643925348918,30.0,0.00014657399526513687,0.00014657399526513687,-1.2043554425239562,0.0014253593399189413,1.3146008749802907
94,30.782007724264986,30.75659956994041,30.74602921541094,2.745768159327546,0.0,-28.0002610560834,0.0,-0.010570354528273948,0.5239935484366924,1.5939935484366465,-1.0699999999999683,30.0,30.0,0.0,0.0,0.0,0.0,0.0,0.0,9.0,9.0,0.0,0.0,0.0,0.0,0.0,0.0,8.0,8.0,0.0,0.0,0.0,0.0,0.0,0.0,5.095199693804202,46.0,0.00014544947169700768,0.00014544947169700768,-0.9512380789155546,0.0014202270869408612,5.795091991839201,0.26035697932044666,30.0,0.00014544947169700768,0.00014544947169700768,-1.2423409163951873,0.0014313041387746732,1.2043327033519744
95,29.985458851686417,29.97836179511125,29.558151399886178,8.911987894714455,0.0,-20.646163505171714,-0.4145583509201174,-0.0056520443008828405,0.6691448384548977,0.8424402990815492,-0.1732954606266079,30.0,30.0,0.0,0.0,0.0,0.0,0.0,0.0,10.0,10.0,0.0,0.0,2.0,2.0,0.0,0.0,7.0,7.0,0.0,0.0,1.0,1.0,0.0,0.0,5.8251667499542235,40.0,0.00014433357553412176,0.00014433357553412176,-0.9702804759144783,0.0014281855517765507,6.023514127731323,0.28466996202866235,30.0,0.00014433357553412176,0.00014433357553412176,-1.243764728307724,0.00143717984125639,1.2032831271489461
96,9.048869478183406,9.047836334462392,8.807131498695288,-0.49342337893890637,-6.938893903907228e-18,-9.300554877634195,-0.25118640699020034,0.010481571223875816,0.32857446881038754,-0.3214255311908012,0.650000000001203,30.0,30.0,0.0,0.0,0.0,0.0,0.0,0.0,7.0,7.0,0.0,0.0,1.0,1.0,0.0,0.0,12.0,12.0,0.0,0.0,0.0,0.0,0.0,0.0,5.843521176314935,41.0,0.00014322624058656249,0.00014322624058656249,-1.0438950425241051,0.001435507108775399,6.673711416197986,0.2540931132932504,30.0,0.00014322624058656249,0.00014322624058656249,-1.2486341257890066,0.0014430921563568214,1.1268872578938802
97,16.585727167430377,15.873952393150699,14.839709437292028,5.985905093856968,-4.440892098500626e-16,-8.853804343435057,-1.2289651496292358,0.19472219376644315,11.153325452052329,-8.436674547946481,19.589999999998803,30.0,30.0,0.0,0.0,0.0,0.0,0.0,0.0,8.0,8.0,0.0,0.0,1.0,1.0,0.0,0.0,9.0,9.0,0.0,0.0,1.0,1.0,0.0,0.0,5.597797539830208,40.0,0.00014212740117222579,0.00014212740117222579,-1.0533691748976708,0.001442607882199809,5.85441974401474,0.2634005876878897,30.0,0.00014212740117222579,0.00014212740117222579,-1.2961075146993002,0.0014490419106247523,1.1954659124215443
98,4.991431684849886,-2.0192752447945717,-2.0416810477705116,-1.3822114894359898,0.0,0.6594695583345257,-0.23730765203915993,0.21490184906270016,33.6452395742991,26.477739574299875,7.167499999999215,30.0,30.0,0.0,0.0,0.0,0.0,0.0,0.0,9.0,9.0,0.0,0.0,1.0,1.0,0.0,0.0,10.0,10.0,0.0,0.0,2.0,2.0,0.0,0.0,5.3217050166840245,47.0,0.00014103699211292427,0.00014103699211292427,-1.0643841953987772,0.0014499176140042379,6.152165930321876,0.2576246385773023,30.0,0.00014103699211292427,0.00014103699211292427,-1.22488068540891,0.0014549586145828168,1.1974301079909007
99,38.53285562605197,33.435413199701486,33.649932384392685,6.871553292881009,0.0,-26.778379091511678,0.0,0.21451918469059375,29.370016307934776,22.577516307934506,6.792500000000256,30.0,30.0,0.0,0.0,0.0,0.0,0.0,0.0,7.0,7.0,0.0,0.0,2.0,1.0,0.0,1.0,6.0,6.0,0.0,0.0,3.0,2.0,0.0,1.0,6.1049399064934775,46.0,0.0001399549487305211,0.0001399549487305211,-1.0354098833125571,0.0014579340425805876,6.2726456289706025,0.24440434326728186,30.0,0.0001399549487305211,0.0001399549487305211,-1.241491476694743,0.0014607895049266518,1.1880213459332785
100,22.25843695688127,22.245231404935698,22.24373825849321,-2.532018164157391,0.0,-24.77575642265061,0.0,-0.001493146446805133,0.9749524587670066,1.1491541213244927,-0.1742016625575228,30.0,30.0,0.0,0.0,0.0,0.0,0.0,0.0,10.0,10.0,0.0,0.0,2.0,1.0,0.0,1.0,11.0,11.0,0.0,0.0,2.0,2.0,0.0,0.0,5.973452896685214,37.0,0.00013888120684309353,0.00013888120684309353,-1.0564061628805625,0.001465478100234995,6.12050326450451,0.27800466467936835,30.0,0.00013888120684309353,0.00013888120684309353,-1.2572939972082773,0.0014664823577428857,1.2452095806598664
101,2.6833153236329963,2.6822908742777223,2.4885845198405514,5.178286565589015,0.0,2.6897020457484633,-0.20267242861203272,0.008966074176884267,0.38992979593933796,-0.32007020406058384,0.7099999999999262,30.0,30.0,0.0,0.0,0.0,0.0,0.0,0.0,10.0,10.0,0.0,0.0,0.0,0.0,0.0,0.0,11.0,11.0,0.0,0.0,2.0,1.0,0.0,1.0,7.126616852624076,35.0,0.00013781570276112607,0.00013781570276112607,-1.0436472228595188,0.0014714220006551062,7.566436658586775,0.23315538813670475,30.0,0.00013781570276112607,0.00013781570276112607,-1.2844879070917765,0.0014721539065552256,1.1222338914871215
102,51.39409491808835,51.394079178176085,50.87065975894626,0.9614145385377468,0.0,-49.909245220408515,-0.5242996267309081,0.000880207500000093,0.0878264417233936,-0.039673558276581034,0.12750000000000128,30.0,30.0,0.0,0.0,0.0,0.0,0.0,0.0,9.0,9.0,0.0,0.0,1.0,1.0,0.0,0.0,8.0,8.0,0.0,0.0,2.0,2.0,0.0,0.0,5.879670987958494,46.0,0.00013675837328373252,0.00013675837328373252,-1.1766631590283436,0.001478515249049372,6.711907288302546,0.25756976107756296,30.0,0.00013675837328373252,0.00013675837328373252,-1.2495433111985526,0.0014777526531058053,1.1096658746401469
103,1.6910522126490832,-10.371930033786175,-10.811400201107752,-14.350417334645174,0.0,-3.5390171335374414,-0.6745670052241479,0.23509683790215646,54.18290630104672,34.73180422384541,19.451102077201313,30.0,30.0,0.0,0.0,0.0,0.0,0.0,0.0,10.0,10.0,0.0,0.0,1.0,1.0,0.0,0.0,9.0,9.0,0.0,0.0,0.0,0.0,0.0,0.0,5.531723770984383,43.0,0.0001357091556949073,0.0001357091556949073,-1.1383826857389405,0.0014861003376630156,6.047689997872641,0.27107575312256815,30.0,0.0001357091556949073,0.0001357091556949073,-1.272950714826584,0.0014833520515821874,1.3924537340799967
104,-19.212849329541974,-24.413372767704068,-31.850020901588106,-18.90004253083664,0.0,12.949978370751465,-7.600458538883927,0.16381040499999477,24.629656187195422,22.80465618719583,1.8249999999995765,30.0,30.0,0.0,0.0,0.0,0.0,0.0,0.0,7.0,7.0,0.0,0.0,1.0,1.0,0.0,0.0,8.0,8.0,0.0,0.0,0.0,0.0,0.0,0.0,5.790885153270903,42.0,0.0001346679877598054,0.0001346679877598054,-1.1642276446024578,0.001493280002337304,5.903427941458566,0.29108349060018857,30.0,0.0001346679877598054,0.0001346679877598054,-1.336020815372467,0.0014889907945568363,1.3806518375873567
105,27.337091214447355,27.3128088917286,27.39484717379193,3.5873418894648204,0.0,-23.807505284327128,-0.14309906371977377,0.2251373457854322,20.4277245653372,1.5582786245967952,18.869445940740427,30.0,30.0,0.0,0.0,0.0,0.0,0.0,0.0,9.0,9.0,0.0,0.0,2.0,2.0,0.0,0.0,6.0,6.0,0.0,0.0,1.0,1.0,0.0,0.0,6.260605346324832,43.0,0.00013363480772105087,0.00013363480772105087,-1.1324092953704123,0.0015009431910246265,6.434736318366472,0.27079340840379396,30.0,0.00013363480772105087,0.00013363480772105087,-1.2781459450721742,0.0014948202103065948,1.290379641453425
106,-16.57689573159405,-19.70375441138215,-23.870680927158766,-1.887727127985403,0.0,21.982953799173362,-4.404627587082132,0.23770107130376975,31.73996220444451,17.68292588851772,14.057036315926759,30.0,30.0,0.0,0.0,0.0,0.0,0.0,0.0,11.0,11.0,0.0,0.0,1.0,1.0,0.0,0.0,11.0,11.0,0.0,0.0,0.0,0.0,0.0,0.0,5.5712210492389955,41.0,0.00013260955429507377,0.00013260955429507377,-1.1494713803616965,0.0015085795865871195,6.041154582326005,0.24827078531185787,30.0,0.00013260955429507377,0.00013260955429507377,-1.3449164827664692,0.0015003612032160162,1.3217954317728677
107,9.647828932038465,9.633813187761607,9.271324628081175,7.880693559345005,0.0,-1.3906310687361647,-0.3851115924742885,0.022623032792802526,0.3121816319831652,1.1838810868012661,-0.8716994548180939,30.0,30.0,0.0,0.0,0.0,0.0,0.0,0.0,6.0,6.0,0.0,0.0,2.0,2.0,0.0,0.0,10.0,10.0,0.0,0.0,2.0,2.0,0.0,0.0,5.4988351051624,39.0,0.00013159216666847485,0.00013159216666847485,-1.0677821238835652,0.0015160818255912417,6.209506939619016,0.28148904293775556,30.0,0.00013159216666847485,0.00013159216666847485,-1.38061812321345,0.0015060296359782417,1.3724191705385844
108,21.253475890223854,21.24171447180384,21.119405733515382,6.590659021321907,-3.469446951953614e-18,-14.528746712193474,-0.1872199289987293,0.0649111907098863,0.652000733978042,1.0845007339792312,-0.43250000000119826,30.0,30.0,0.0,0.0,0.0,0.0,0.0,0.0,11.0,11.0,0.0,0.0,3.0,3.0,0.0,0.0,11.0,11.0,0.0,0.0,2.0,2.0,0.0,0.0,5.956009483337402,40.0,0.0001305825844944186,0.0001305825844944186,-1.0996708914637565,0.0015233692480251192,6.6354573488235475,0.2686057984828949,30.0,0.0001305825844944186,0.0001305825844944186,-1.309933505455653,0.0015117377508431673,1.2319537659486135
109,20.700530408053964,5.419733627680024,5.660451053125117,-12.784874748917249,0.0,-18.445325802042348,0.0,0.24071742544570834,62.77941156534376,39.09065972885843,23.688751836485352,30.0,30.0,0.0,0.0,0.0,0.0,0.0,0.0,7.0,7.0,0.0,0.0,1.0,1.0,0.0,0.0,11.0,11.0,0.0,0.0,0.0,0.0,0.0,0.0,6.078752788901329,40.0,0.0001295807478890537,0.0001295807478890537,-1.1781184926629067,0.0015306815679650755,6.191375839710235,0.23346429939071336,30.0,0.0001295807478890537,0.0001295807478890537,-1.3328162590662638,0.00151721416041255,1.2525449593861897
110,-12.147277212778135,-12.147606895304255,-13.677024658024159,-9.220878963835016,0.0,4.4561456941891375,-1.5296202976923752,0.00020253497337933455,0.25407161841003756,0.18157161841003377,0.07250000000000156,30.0,30.0,0.0,0.0,0.0,0.0,0.0,0.0,5.0,5.0,0.0,0.0,6.0,5.0,0.0,1.0,3.0,3.0,0.0,0.0,2.0,2.0,0.0,0.0,5.5416419267654415,35.0,0.00012858659742796092,0.00012858659742796092,-1.1887539505958558,0.0015374420310503671,6.073256880896432,0.2635532120863597,30.0,0.00012858659742796092,0.00012858659742796092,-1.3828550318876902,0.0015226050086009006,1.301261270046234
111,32.370626651094426,31.696124712078188,31.781647997419988,2.15350794830915,0.0,-29.628140049110844,0.0,0.08552328534239073,17.772187869722288,8.212806700612399,9.55938116910991,30.0,30.0,0.0,0.0,0.0,0.0,0.0,0.0,7.0,7.0,0.0,0.0,3.0,3.0,0.0,0.0,9.0,9.0,0.0,0.0,1.0,0.0,0.0,1.0,5.369785077431622,34.0,0.00012760007414262835,0.00012760007414262835,-1.2304158210754395,0.001543321242720327,6.84509002461153,0.26738565812508264,30.0,0.00012760007414262835,0.00012760007414262835,-1.366898767153422,0.0015280865947715939,1.3524341225624084
112,7.725750674064329,7.543077192361587,7.731881264396546,6.65153858981272,1.1102230246251565e-15,-1.080342674583827,-0.003014172468255083,0.19181824450350388,19.382926412638994,-4.274031840110016,23.656958252749007,30.0,30.0,0.0,0.0,0.0,0.0,0.0,0.0,6.0,6.0,0.0,0.0,0.0,0.0,0.0,0.0,8.0,8.0,0.0,0.0,3.0,2.0,0.0,1.0,5.552329139275984,44.0,0.0001266211195169537,0.0001266211195169537,-1.1707629398866133,0.0015501569194549863,6.715497970581055,0.37735240484277405,30.0,0.0001266211195169537,0.0001266211195169537,-1.320614715417226,0.001533639900541554,1.7020771622657775
113,-86.77802941080517,-86.85841675435148,-89.60578907993383,-12.654415030573164,0.0,76.95137404936065,-2.972230040588272,0.2248577150085403,39.2102661876159,2.8352661876146925,36.37500000000122,30.0,30.0,0.0,0.0,0.0,0.0,0.0,0.0,12.0,12.0,0.0,0.0,5.0,5.0,0.0,0.0,9.0,9.0,0.0,0.0,0.0,0.0,0.0,0.0,6.007633378770616,45.0,0.00012564967548377338,0.00012564967548377338,-1.2291561007499694,0.00155777711317771,6.825211837556627,0.28105696588754653,30.0,0.00012564967548377338,0.00012564967548377338,-1.4769544879595438,0.0015390347767000397,1.3382209300994874
114,34.28760035154119,34.287493187090384,34.28942694458708,-0.9585188374398717,0.0,-35.247945782026946,0.0,0.0019337575000000257,0.4714797358965228,-0.10352026410346493,0.5750000000000064,30.0,30.0,0.0,0.0,0.0,0.0,0.0,0.0,12.0,12.0,0.0,0.0,0.0,0.0,0.0,0.0,7.0,7.0,0.0,0.0,2.0,2.0,0.0,0.0,5.781080771715213,39.0,0.00012468568442141814,0.00012468568442141814,-1.2028963474126964,0.0015650973565733205,5.65796710894658,0.3168746461470922,30.0,0.00012468568442141814,0.00012468568442141814,-1.411347085237503,0.0015443297607513765,1.709694015979767
115,-4.981554831631001,-5.452218852597049,-8.097204722872661,2.6876488643329974,0.0,10.784853587205655,-2.8789322415365888,0.233946371262404,21.10300330197819,6.860495761721944,14.24250754025625,30.0,30.0,0.0,0.0,0.0,0.0,0.0,0.0,8.0,8.0,0.0,0.0,2.0,1.0,0.0,1.0,13.0,13.0,0.0,0.0,1.0,1.0,0.0,0.0,4.922244322605622,39.0,0.00012372908915029538,0.00012372908915029538,-1.2230807160719848,0.0015718808893162089,5.683725571021055,0.29223770648241043,30.0,0.00012372908915029538,0.00012372908915029538,-1.4514411687850952,0.0015499196869010726,1.5094921747843424
116,30.95155088301981,30.951495217300142,30.958953439799924,-1.198202953823872,0.0,-32.1571563936238,0.0,0.007458222499999248,0.7396094629827132,0.07460946298283133,0.6649999999998855,30.0,30.0,0.0,0.0,0.0,0.0,0.0,0.0,8.0,8.0,0.0,0.0,1.0,1.0,0.0,0.0,9.0,9.0,0.0,0.0,1.0,1.0,0.0,0.0,5.397219657897949,39.0,0.00012277983292949724,0.00012277983292949724,-1.2058306428102346,0.0015787553215303863,6.376183179708628,0.25279989937941233,30.0,0.00012277983292949724,0.00012277983292949724,-1.4912978569666544,0.0015555120228479306,1.3192699829737344
117,25.69382623988102,25.693593193855,25.699408273856147,3.6909289886368883,0.0,-22.008479285219238,0.0,0.005815079999999877,0.3515608755480599,-0.1526584508038803,0.504219326351934,30.0,30.0,0.0,0.0,0.0,0.0,0.0,0.0,10.0,10.0,0.0,0.0,3.0,2.0,0.0,1.0,7.0,7.0,0.0,0.0,4.0,2.0,0.0,2.0,5.93680655665514,41.0,0.0001218378594534353,0.0001218378594534353,-1.1901961521404545,0.0015858606287709822,7.522436956079995,0.25265166262785593,30.0,0.0001218378594534353,0.0001218378594534353,-1.408375378449758,0.0015609592936622599,1.3944685180981955
118,35.844207190146335,34.795369032767404,34.357538991215606,6.980788264102445,-1.7763568394002505e-15,-27.376750727113162,-0.6627348873886945,0.22490484583724882,34.90213591768615,10.24127998532865,24.66085593235751,30.0,30.0,0.0,0.0,0.0,0.0,0.0,0.0,9.0,9.0,0.0,0.0,3.0,3.0,0.0,0.0,8.0,8.0,0.0,0.0,1.0,1.0,0.0,0.0,5.540547472674672,41.0,0.00012090311284850062,0.00012090311284850062,-1.254923140130392,0.0015930363215596937,6.635023070544731,0.28811799560983975,30.0,0.00012090311284850062,0.00012090311284850062,-1.4814274827639262,0.001566464228866001,1.3636685411135356
119,-8.622146414476447,-9.019870043501824,-9.331890242506583,7.605891088143389,4.440892098500626e-16,16.937781330649972,-0.23741439913413842,-0.07460579986868109,0.883129950483351,6.306533350624391,-5.423403400141029,30.0,30.0,0.0,0.0,0.0,0.0,0.0,0.0,11.0,11.0,0.0,0.0,3.0,3.0,0.0,0.0,14.0,14.0,0.0,0.0,0.0,0.0,0.0,0.0,5.086996964045933,42.0,0.00011997553766974953,0.00011997553766974953,-1.2299220334915888,0.0016004706766190274,6.203920795803978,0.24837712521354358,30.0,0.00011997553766974952,0.00011997553766974952,-1.4754727045694986,0.0015719183526622753,1.5320209860801697
120,-31.95660685292387,-55.646384449511515,-57.06073051455223,-21.98804100571746,0.0,35.07268950883478,-1.6461725826017224,0.23182651755772138,44.6621456241554,48.67214562415309,-4.009999999997703,30.0,30.0,0.0,0.0,0.0,0.0,0.0,0.0,9.0,9.0,0.0,0.0,1.0,1.0,0.0,0.0,8.0,8.0,0.0,0.0,1.0,1.0,0.0,0.0,5.73959158448612,51.0,0.00011905507889761497,0.00011905507889761497,-1.2299511993632597,0.0016078515932438713,6.755760870727838,0.27769829481840136,30.0,0.00011905507889761495,0.00011905507889761495,-1.3857936322689057,0.0015772716258652508,1.4535117506980897
121,14.955053744433243,14.95215474786065,13.984441153083555,3.6925598799627988,0.0,-10.29188127312076,-0.9746245197778478,0.006910924999999159,0.32157669324287497,-0.5384233067571227,0.8599999999999959,30.0,30.0,0.0,0.0,0.0,0.0,0.0,0.0,7.0,7.0,0.0,0.0,0.0,0.0,0.0,0.0,10.0,10.0,0.0,0.0,0.0,0.0,0.0,0.0,5.269722724447445,49.0,0.00011814168193464293,0.00011814168193464293,-1.2916399775719156,0.001616570746944267,6.882390119591538,0.35370860745509464,30.0,0.00011814168193464293,0.00011814168193464293,-1.4766372323036194,0.0015825596211167673,1.7143740852673848
122,-32.75204428269717,-33.575789673545145,-35.16971950397912,8.159940073252727,0.0,43.329659577231844,-1.8259165080369826,0.23198667760543507,18.889960195903683,-9.076042038509804,27.9660022344135,30.0,30.0,0.0,0.0,0.0,0.0,0.0,0.0,12.0,12.0,0.0,0.0,2.0,1.0,0.0,1.0,7.0,7.0,0.0,0.0,2.0,0.0,0.0,2.0,4.871535211801529,36.0,0.00011723529260225412,0.00011723529260225412,-1.2412850956122081,0.0016241433622781187,6.050154950883654,0.3788465162118276,30.0,0.00011723529260225412,0.00011723529260225412,-1.4906998833020528,0.0015879428014159203,1.806227864821752
123,29.624685131224396,29.290257459088444,29.225840024089067,3.304634885518143,3.552713678800501e-15,-25.921205138570922,0.0,-0.06441743499999925,0.31380506604199354,5.78297217817924,-5.469167112137256,30.0,30.0,0.0,0.0,0.0,0.0,0.0,0.0,10.0,10.0,0.0,0.0,2.0,2.0,0.0,0.0,11.0,11.0,0.0,0.0,1.0,1.0,0.0,0.0,5.144383971755569,37.0,0.00011633585713753008,0.00011633585713753008,-1.2907843831423167,0.0016304269791706592,6.435025015392819,0.3147389940917492,30.0,0.00011633585713753009,0.00011633585713753009,-1.446259343624115,0.001593273781084766,1.5646774252255757
124,33.45883819089271,33.45877873000381,33.426358804018136,8.404820074389557,0.0,-25.021538729628585,-0.04095241598372468,0.008532489999999622,0.8996108869796728,0.077110886979737,0.8224999999999341,30.0,30.0,0.0,0.0,0.0,0.0,0.0,0.0,11.0,11.0,0.0,0.0,1.0,1.0,0.0,0.0,10.0,10.0,0.0,0.0,2.0,2.0,0.0,0.0,5.977052927017212,36.0,0.00011544332219002443,0.00011544332219002443,-1.2306400222910776,0.0016367124367712273,7.1207132538159685,0.3215012932817141,30.0,0.00011544332219002443,0.00011544332219002443,-1.4398045043150585,0.0015984498119602601,1.6346356213092803
125,-3.7214803121045406,-4.69549050805218,-7.314945591029525,8.648130488391907,0.0,15.963076079421432,-2.674546282975964,0.05509119999999642,15.135478163237352,9.869195488729767,5.2662826745076075,30.0,30.0,0.0,0.0,0.0,0.0,0.0,0.0,10.0,10.0,0.0,0.0,0.0,0.0,0.0,0.0,12.0,12.0,0.0,0.0,0.0,0.0,0.0,0.0,5.598404924074809,42.0,0.00011455763481859824,0.00011455763481859824,-1.320260423989523,0.0016435620325085307,6.701339579763866,0.3356342655917009,30.0,0.00011455763481859824,0.00011455763481859824,-1.4744226694107057,0.001603772087643544,1.5651287357012431
126,11.23820802555747,6.877181232751051,7.116380731673386,-1.0719320328047004,0.0,-8.188312764478077,0.0,0.23919949892249628,42.05684047404716,20.88307159592769,21.173768878119475,30.0,30.0,0.0,0.0,0.0,0.0,0.0,0.0,9.0,9.0,0.0,0.0,2.0,2.0,0.0,0.0,6.0,6.0,0.0,0.0,0.0,0.0,0.0,0.0,5.6613873431557105,38.0,0.00011367874248827986,0.00011367874248827986,-1.3093622232738293,0.001650792635413573,6.0575683869813615,0.35535261829694115,30.0,0.00011367874248827986,0.00011367874248827986,-1.4979265630245209,0.0016089546804626783,1.8318600018819173
127,1.0159662910482439,0.9619616455204439,-2.7917935787629524,2.8457488711780843,-5.551115123125783e-17,5.637542449941035,-3.917002219687486,0.16324699540041035,13.35111003858367,-2.3238899614181374,15.675000000001784,30.0,30.0,0.0,0.0,0.0,0.0,0.0,0.0,10.0,10.0,0.0,0.0,1.0,1.0,0.0,0.0,9.0,9.0,0.0,0.0,0.0,0.0,0.0,0.0,4.946428831885843,34.0,0.00011280659306714875,0.00011280659306714875,-1.21327986962655,0.0016570232452496009,7.0875278360703415,0.2751055955886841,30.0,0.00011280659306714875,0.00011280659306714875,-1.6469438433647157,0.0016142756522943577,1.508153756459554
128,44.83024918794581,44.578518343227266,44.26467115522003,10.745366424979462,-3.552713678800501e-15,-33.51930473024056,-0.48853049262979553,0.1746833046199139,24.927278592212247,5.017278592210552,19.910000000001673,30.0,30.0,0.0,0.0,0.0,0.0,0.0,0.0,8.0,8.0,0.0,0.0,2.0,2.0,0.0,0.0,12.0,12.0,0.0,0.0,3.0,3.0,0.0,0.0,5.827213938643292,41.0,0.0001119411348232433,0.0001119411348232433,-1.25878883135028,0.0016633646062961438,7.245064648186288,0.3311390539010366,30.0,0.00011194113482324331,0.00011194113482324331,-1.479445993900299,0.0016196599773441753,1.6378625869750976
129,-19.511805765812824,-19.51808422151637,-19.520524675084012,4.7076561892280155,0.0,24.228180864312023,-0.0025902135690998307,0.0001497600000000057,0.799867067939374,0.7923670679393648,0.007500000000000284,30.0,30.0,0.0,0.0,0.0,0.0,0.0,0.0,11.0,11.0,0.0,0.0,0.0,0.0,0.0,0.0,7.0,7.0,0.0,0.0,1.0,0.0,0.0,1.0,5.276491111516952,40.0,0.00011108231642149231,0.00011108231642149231,-1.3123441949486732,0.0016702283377526329,6.757840359210968,0.3177636573712031,30.0,0.0001110823164214923,0.0001110823164214923,-1.490925097465515,0.0016248358064331115,1.6941829284032186
130,19.14793412229301,18.674142776448818,18.903130666693748,5.784358911598886,0.0,-13.118771755094855,-0.00614657745961722,0.23513446770474195,31.58340450307439,6.88325029215261,24.70015421092179,30.0,30.0,0.0,0.0,0.0,0.0,0.0,0.0,7.0,7.0,0.0,0.0,4.0,3.0,0.0,1.0,6.0,6.0,0.0,0.0,3.0,3.0,0.0,0.0,4.4277776926755905,32.0,0.0001102300869206699,0.0001102300869206699,-1.3061217814683914,0.0016760019498178735,5.53145881742239,0.33612766936421395,30.0,0.0001102300869206699,0.0001102300869206699,-1.5443867246309917,0.0016300181935851772,1.6901769797007242
131,42.89785207865845,42.89785012825259,42.86839110042513,-6.173527987448384,0.0,-49.041919087873524,-0.03411155532285193,0.004652527500000129,0.4710343068204139,-0.013965693179605942,0.4850000000000385,30.0,30.0,0.0,0.0,0.0,0.0,0.0,0.0,12.0,12.0,0.0,0.0,2.0,2.0,0.0,0.0,10.0,10.0,0.0,0.0,2.0,2.0,0.0,0.0,5.130020523071289,50.0,0.00010938439577037412,0.00010938439577037412,-1.2956111383438111,0.0016824843315407633,6.091946716308594,0.3502669927974542,30.0,0.00010938439577037412,0.00010938439577037412,-1.5049538373947144,0.0016351432112666467,1.6740756273269652
132,40.221736961057104,40.219789916068706,40.42943545375455,7.103466787386481,0.0,-33.32596866636809,-0.007943458730636621,0.21758899641639387,20.581253327286092,0.44125332728506805,20.14000000000101,30.0,30.0,0.0,0.0,0.0,0.0,0.0,0.0,9.0,9.0,0.0,0.0,0.0,0.0,0.0,0.0,8.0,8.0,0.0,0.0,2.0,2.0,0.0,0.0,5.138950122030158,38.0,0.00010854519280802837,0.00010854519280802837,-1.3509813453021802,0.0016892067659156102,6.834338257187291,0.27099773585796355,30.0,0.00010854519280802836,0.00010854519280802836,-1.4291863560676574,0.0016402480541728437,1.4652012745539347
133,-0.3143603653879836,-3.0461887937088967,-5.2102661462017466,-0.9328605814262122,0.0,4.27740556477553,-2.4036920472829166,0.23961469478424846,40.39824379152384,16.5282437915252,23.869999999998598,30.0,30.0,0.0,0.0,0.0,0.0,0.0,0.0,9.0,9.0,0.0,0.0,3.0,3.0,0.0,0.0,7.0,7.0,0.0,0.0,0.0,0.0,0.0,0.0,4.751882553100586,37.0,0.00010771242825590599,0.00010771242825590599,-1.3125870872188259,0.0016951115638319705,6.160076824394432,0.36858174949884415,30.0,0.00010771242825590599,0.00010771242825590599,-1.5188873330752055,0.0016453384693401556,1.7617774943510691
134,-5.084064778011452,-9.423588754312043,-9.642056030935056,3.216267094247245,0.0,12.858323125182302,-0.4582362537641629,0.23976897714132384,40.809024131228036,20.83152413123099,19.977499999997047,30.0,30.0,0.0,0.0,0.0,0.0,0.0,0.0,4.0,4.0,0.0,0.0,2.0,2.0,0.0,0.0,9.0,9.0,0.0,0.0,0.0,0.0,0.0,0.0,5.584708149234454,48.0,0.00010688605271817784,0.00010688605271817784,-1.3685996035734813,0.0017019931328832172,7.149410689870517,0.3175277551015218,30.0,0.00010688605271817784,0.00010688605271817784,-1.575913925965627,0.0016505565610714257,1.6144170502821604
135,-23.07396577803047,-23.074105416984434,-24.822127727716598,0.5428131141647564,0.0,25.364940841881356,-1.7476233457299593,-0.00039896499999995613,0.0908313473498481,0.11816892737316138,-0.027337580023317723,30.0,30.0,0.0,0.0,0.0,0.0,0.0,0.0,11.0,11.0,0.0,0.0,0.0,0.0,0.0,0.0,8.0,8.0,0.0,0.0,2.0,1.0,0.0,1.0,5.5444982418647175,39.0,0.00010606601717798212,0.00010606601717798212,-1.340331753094991,0.001709311006542964,6.695430266551482,0.33209877262512844,30.0,0.00010606601717798212,0.00010606601717798212,-1.520546595255534,0.0016556453541852535,1.6402259071667988
136,10.550174042034996,10.548068448304145,10.461492939255038,-2.0887136764510315,-8.881784197001252e-16,-12.550206615706074,-0.08612426404981477,-0.0004512450000000171,0.42909556978104035,0.4588674896798583,-0.029771919898805493,30.0,30.0,0.0,0.0,0.0,0.0,0.0,0.0,13.0,13.0,0.0,0.0,3.0,3.0,0.0,0.0,6.0,6.0,0.0,0.0,1.0,1.0,0.0,0.0,4.917185199888129,38.0,0.00010525227299451708,0.00010525227299451708,-1.2606815664391768,0.0017158003664869618,5.105773881862038,0.26269551664590834,30.0,0.00010525227299451708,0.00010525227299451708,-1.5242366234461466,0.0016606769485709568,1.3798335492610931
137,26.808144011512923,26.80695720584534,20.249954576398977,-23.66126082826158,0.0,-43.91121540466056,-6.558922792883138,0.0019201634397310375,0.892999540264185,-0.3445004597357677,1.2374999999999794,30.0,30.0,0.0,0.0,0.0,0.0,0.0,0.0,10.0,10.0,0.0,0.0,2.0,2.0,0.0,0.0,5.0,5.0,0.0,0.0,1.0,1.0,0.0,0.0,5.565837185557296,41.0,0.00010444477190015582,0.00010444477190015582,-1.3542750695856607,0.0017222803619849245,6.670212524693187,0.29108225951592126,30.0,0.00010444477190015582,0.00010444477190015582,-1.664315664768219,0.0016657551246074338,1.8065820713837941
138,34.8742834324421,30.905523660688857,30.273819499190353,3.5114979763421936,0.0,-26.762321522848158,-0.6944490384606752,0.06274487696557585,26.968964236050866,19.921746338494625,7.047217897556247,30.0,30.0,0.0,0.0,0.0,0.0,0.0,0.0,12.0,12.0,0.0,0.0,0.0,0.0,0.0,0.0,14.0,14.0,0.0,0.0,1.0,1.0,0.0,0.0,5.194288149858132,39.0,0.0001036434659975832,0.0001036434659975832,-1.3962982954123082,0.001729036006742181,6.42166684835385,0.28841719577709835,30.0,0.0001036434659975832,0.0001036434659975832,-1.6037474115689596,0.0016708046741162738,1.6469502131144205
139,-1.3794235718248964,-1.3862684083850596,-5.022393605833324,10.972320447537165,4.440892098500626e-16,15.99471405337049,-3.636125197452685,0.0,0.8273352742487816,0.8273352742487887,0.0,30.0,30.0,0.0,0.0,0.0,0.0,0.0,0.0,11.0,11.0,0.0,0.0,1.0,1.0,0.0,0.0,6.0,6.0,0.0,0.0,1.0,1.0,0.0,0.0,4.599633312225341,35.0,0.00010284830775695495,0.00010284830775695495,-1.42536210332598,0.001735053487521197,6.1554199286869595,0.29546477844317753,30.0,0.00010284830775695495,0.00010284830775695495,-1.5745213627815247,0.0016756557355013986,1.8217380046844482
140,0.6887765017454512,0.6808440575277803,0.5765239464355292,9.441665809923068,0.0,8.865141863487544,-0.20410775217831656,0.09978764108746355,0.6066629441512106,-0.8906427015178926,1.4973056456690836,30.0,30.0,0.0,0.0,0.0,0.0,0.0,0.0,10.0,10.0,0.0,0.0,3.0,3.0,0.0,0.0,9.0,9.0,0.0,0.0,1.0,1.0,0.0,0.0,5.146717875561816,47.0,0.00010205925001307825,0.00010205925001307825,-1.3367316279005497,0.0017412708566940211,6.2003835820137185,0.2723617687821388,30.0,0.00010205925001307825,0.00010205925001307825,-1.5375874439875286,0.0016806643805466592,1.7268216113249462
141,19.894520805271895,19.598455384354285,18.9817056480841,6.552125562642931,1.7763568394002505e-15,-12.429580085441176,-0.5527672330152029,-0.06398250325653361,0.753689400468275,5.441189400467621,-4.687499999999364,30.0,30.0,0.0,0.0,0.0,0.0,0.0,0.0,13.0,13.0,0.0,0.0,2.0,2.0,0.0,0.0,12.0,12.0,0.0,0.0,2.0,2.0,0.0,0.0,5.621636352755806,44.0,0.00010127624596261423,0.00010127624596261423,-1.349014856598594,0.0017481323527383872,6.875777889381755,0.2793364907304446,30.0,0.00010127624596261425,0.00010127624596261425,-1.5519476135571797,0.0016855850000865758,1.651401968797048
142,14.127986421424794,14.12611725953449,13.32324866505548,1.177341495099894,0.0,-12.145907169955583,-0.8043961219778453,0.001527527499999963,0.5973380494824738,0.43233804948244847,0.16499999999999915,30.0,30.0,0.0,0.0,0.0,0.0,0.0,0.0,13.0,13.0,0.0,0.0,2.0,2.0,0.0,0.0,10.0,10.0,0.0,0.0,2.0,2.0,0.0,0.0,5.629315082232157,30.0,0.0001004992491613017,0.0001004992491613017,-1.3043445150057476,0.001753926956250022,6.674664123853048,0.28458993683258693,30.0,0.0001004992491613017,0.0001004992491613017,-1.5905996759732564,0.0016905273776501417,1.6327753901481628
143,-15.41846684790653,-15.616927965979814,-18.483306382767672,2.5921449600593784,0.0,21.075451342827055,-3.104818405819458,0.2384399890312056,19.392602491938362,-4.454897508061038,23.847499999999393,30.0,30.0,0.0,0.0,0.0,0.0,0.0,0.0,10.0,10.0,0.0,0.0,1.0,1.0,0.0,0.0,10.0,10.0,0.0,0.0,0.0,0.0,0.0,0.0,5.162128784717658,39.0,9.972821352120236e-05,9.972821352120236e-05,-1.3368195692698162,0.0017592402634760125,6.363903167920235,0.3451736817757289,30.0,9.972821352120236e-05,9.972821352120236e-05,-1.5104317088921866,0.0016953902901150285,1.8437654058138528
144,37.4972682381245,37.49448542101882,37.507421831016686,2.7202014629645133,0.0,-34.78722036805216,0.0,0.012936409999999409,0.7949758673128144,-0.5275241326871347,1.322499999999927,30.0,30.0,0.0,0.0,0.0,0.0,0.0,0.0,9.0,9.0,0.0,0.0,1.0,1.0,0.0,0.0,10.0,10.0,0.0,0.0,0.0,0.0,0.0,0.0,5.031140103936195,32.0,9.896309330796706e-05,9.896309330796706e-05,-1.2501569334417582,0.0017650027366471477,6.013923645019531,0.3042145517965158,30.0,9.896309330796706e-05,9.896309330796706e-05,-1.5440823912620545,0.001700178246634702,1.7130910575389862
145,6.035833340163663,5.961163394409139,5.412399930600719,17.81913748412166,0.0,12.406737553520946,-0.7771699907144693,0.2284065269058375,21.845080204761345,2.7325802047611347,19.112500000000217,30.0,30.0,0.0,0.0,0.0,0.0,0.0,0.0,7.0,7.0,0.0,0.0,1.0,1.0,0.0,0.0,12.0,12.0,0.0,0.0,1.0,1.0,0.0,0.0,4.747051490677728,36.0,9.8203843138123e-05,9.8203843138123e-05,-1.2990842825836606,0.0017708535661869165,5.883499602476756,0.33681346823771796,30.0,9.8203843138123e-05,9.8203843138123e-05,-1.6226077159245809,0.0017049740029809375,1.9915451188882192
146,-6.606135159634505,-15.881151418108578,-17.356380954983052,-3.853486562628114,0.0,13.502894392354934,-1.7144554193852741,0.23922588251109592,50.43916659529412,30.454911358390248,19.98425523690387,30.0,30.0,0.0,0.0,0.0,0.0,0.0,0.0,15.0,15.0,0.0,0.0,1.0,1.0,0.0,0.0,13.0,13.0,0.0,0.0,1.0,1.0,0.0,0.0,5.589347880227225,35.0,9.745041797638186e-05,9.745041797638186e-05,-1.3471912384033202,0.0017772474891639182,6.755818394252232,0.24555960421760878,30.0,9.745041797638186e-05,9.745041797638186e-05,-1.6411373456319174,0.0017097262238773207,1.5346801539262136
147,21.31836137557366,20.270718884362292,19.99825761219343,4.765228015158553,0.0,-15.233029597034873,-0.34335174522306033,0.07089047305451475,13.186682759648733,10.235440836678048,2.951241922970677,30.0,30.0,0.0,0.0,0.0,0.0,0.0,0.0,11.0,11.0,0.0,0.0,1.0,1.0,0.0,0.0,1.0,1.0,0.0,0.0,1.0,0.0,0.0,1.0,4.95279278755188,35.0,9.670277313296842e-05,9.670277313296842e-05,-1.3650075367518835,0.0017832945932501128,5.722311128888811,0.2846893104414145,30.0,9.670277313296842e-05,9.670277313296842e-05,-1.6101694027582805,0.0017143828871970376,1.5575945576032002
148,-7.278589045220025,-7.30244606150916,-9.763495090180921,3.473489731459217,0.0,13.236984821640135,-2.396902428671126,-0.064146600000005,0.25531848548583014,1.5445716651918335,-1.2892531797059976,30.0,30.0,0.0,0.0,0.0,0.0,0.0,0.0,4.0,4.0,0.0,0.0,4.0,4.0,0.0,0.0,9.0,9.0,0.0,0.0,1.0,1.0,0.0,0.0,5.521648615598679,32.0,9.596086426096992e-05,9.596086426096992e-05,-1.2823949865996838,0.001788449488230981,5.917761862277985,0.22629361177484195,30.0,9.596086426096992e-05,9.596086426096992e-05,-1.6196131070454916,0.001719038502778858,1.5677838623523712
149,23.78638505442947,23.635510010967334,22.85635611128548,3.2199252335963,0.0,-19.636430877689186,-0.7535952271835811,-0.025558672499999116,0.4992636813449707,3.884263681344697,-3.384999999999714,30.0,30.0,0.0,0.0,0.0,0.0,0.0,0.0,12.0,12.0,0.0,0.0,1.0,1.0,0.0,0.0,8.0,8.0,0.0,0.0,1.0,1.0,0.0,0.0,5.256083905696869,44.0,9.522464735370536e-05,9.522464735370536e-05,-1.3102234981276772,0.0017945813464889811,6.483720394698056,0.26260922650496166,30.0,9.522464735370536e-05,9.522464735370536e-05,-1.5827840189139049,0.001723670520974944,1.7298977037270864
150,28.845241575679538,21.993568382679108,19.369909776470806,4.955712641787535,0.0,-14.414197134683274,-2.7555368587054634,0.13187825249999155,31.025256289342607,26.175700932354093,4.849555356988528,30.0,30.0,0.0,0.0,0.0,0.0,0.0,0.0,6.0,6.0,0.0,0.0,1.0,1.0,0.0,0.0,6.0,6.0,0.0,0.0,1.0,1.0,0.0,0.0,5.966468503740098,45.0,9.44940787421155e-05,9.44940787421155e-05,-1.3471220003234015,0.001801715581677854,7.199554835425483,0.25491765985886256,30.0,9.449407874211548e-05,9.449407874211548e-05,-1.568214217821757,0.0017283440916799008,1.4154553314050038
151,28.687072605958747,27.53776449457906,27.402751789703885,8.609085650560981,1.7763568394002505e-15,-18.79366613914291,-0.24447307528276951,0.10946037040407856,32.36928752468927,10.720578862074959,21.64870866261426,30.0,30.0,0.0,0.0,0.0,0.0,0.0,0.0,13.0,13.0,0.0,0.0,4.0,4.0,0.0,0.0,5.0,5.0,0.0,0.0,0.0,0.0,0.0,0.0,4.8659884415420835,51.0,9.376911509217231e-05,9.376911509217231e-05,-1.3403055878246533,0.0018093976986539714,5.8957916708553535,0.29701378593842187,30.0,9.376911509217231e-05,9.376911509217231e-05,-1.6690016269683838,0.0017328455850171545,1.5622027655442556
152,-58.179175801035555,-87.21940399370993,-89.56912992501765,-68.336876416399,0.0,21.23225350861868,-2.3499737563077474,0.00024782499999998625,53.936486066425836,53.888986066425836,0.04749999999999943,30.0,30.0,0.0,0.0,0.0,0.0,0.0,0.0,10.0,10.0,0.0,0.0,1.0,1.0,0.0,0.0,7.0,7.0,0.0,0.0,1.0,1.0,0.0,0.0,5.643086586243067,39.0,9.304971340230894e-05,9.304971340230894e-05,-1.3432655655420744,0.0018163929209829522,7.650554546943078,0.30290785332520803,30.0,9.304971340230894e-05,9.304971340230894e-05,-1.7360477248827617,0.0017373729846440257,1.8756638685862224
153,14.490308157855907,14.239095855206031,12.867870801266651,13.230978591744453,0.0,0.3631077904777992,-1.3349510889391354,-0.03627396499999911,0.2612803941735109,5.012108365247851,-4.750827971074331,30.0,30.0,0.0,0.0,0.0,0.0,0.0,0.0,10.0,10.0,0.0,0.0,6.0,6.0,0.0,0.0,11.0,11.0,0.0,0.0,4.0,2.0,0.0,2.0,5.523676063956284,41.0,9.233583100086872e-05,9.233583100086872e-05,-1.380298582518973,0.0018228348827262113,7.722098769211188,0.33161595165729524,30.0,9.233583100086872e-05,9.233583100086872e-05,-1.5744837323824565,0.0017418388277292251,1.9213293393452961
154,48.56435586619227,38.97534309031542,39.10382171407784,1.946119336579812,0.0,-37.15770237749802,0.0,0.12847862376182592,46.16863113689999,30.966131136899968,15.202500000000022,30.0,30.0,0.0,0.0,0.0,0.0,0.0,0.0,11.0,11.0,0.0,0.0,2.0,2.0,0.0,0.0,8.0,8.0,0.0,0.0,1.0,1.0,0.0,0.0,5.643477744834367,43.0,9.162742554357426e-05,9.162742554357426e-05,-1.378930460575015,0.0018294043838977814,6.976453315380008,0.3319516261418661,30.0,9.162742554357428e-05,9.162742554357428e-05,-1.5921582321325938,0.0017463110232104858,1.8794295251369477
155,43.79105716643084,43.3486438974237,42.83800934401438,2.733861250268775,0.0,-40.10414809374562,-0.45973311590799426,-0.05090143750000193,0.7875519202138719,6.651415405815069,-5.863863485601232,30.0,30.0,0.0,0.0,0.0,0.0,0.0,0.0,10.0,10.0,0.0,0.0,1.0,1.0,0.0,0.0,11.0,11.0,0.0,0.0,3.0,3.0,0.0,0.0,5.155535084135989,47.0,9.092445501101583e-05,9.092445501101583e-05,-1.3164163561577493,0.0018362907068605753,6.105744539423192,0.3292528380950292,30.0,9.092445501101583e-05,9.092445501101583e-05,-1.643439277013143,0.0017507216117034355,1.7087228715419769
156,3.5715709532944313,3.41489920748605,1.7540345587583916,8.94468774807936,0.0,7.190653189320968,-1.6019047362258547,-0.05895991249999328,0.2456781896278386,3.958178189626908,-3.7124999999990713,30.0,30.0,0.0,0.0,0.0,0.0,0.0,0.0,12.0,12.0,0.0,0.0,1.0,1.0,0.0,0.0,12.0,12.0,0.0,0.0,1.0,1.0,0.0,0.0,5.06071975117638,42.0,9.022687770615874e-05,9.022687770615874e-05,-1.3673201600710552,0.001843087757671518,6.699925644057138,0.3388458626965682,30.0,9.022687770615874e-05,9.022687770615874e-05,-1.6365617553393046,0.0017551668531571825,2.060871473948161
157,-21.854065067847785,-21.89361419525215,-22.599378242200146,1.9431776411333483,0.0,24.542555883333474,-0.6628232194456984,-0.04294082749999798,0.2945126246738994,1.9886962413694274,-1.6941836166955386,30.0,30.0,0.0,0.0,0.0,0.0,0.0,0.0,9.0,9.0,0.0,0.0,1.0,1.0,0.0,0.0,11.0,11.0,0.0,0.0,1.0,1.0,0.0,0.0,5.471382001171941,46.0,8.953465225187027e-05,8.953465225187027e-05,-1.3574929911157358,0.0018497332879949522,6.949141626772673,0.3440858085950216,30.0,8.953465225187026e-05,8.953465225187026e-05,-1.5832855661710104,0.0017595868829327324,2.163586058219274
158,32.309234905866965,32.22423306632944,32.11832378895904,11.672728239902328,0.0,-20.445595549056716,-0.14039799486999982,0.034488717500003874,0.5469925049404054,-2.9155074950602238,3.4625000000006345,30.0,30.0,0.0,0.0,0.0,0.0,0.0,0.0,10.0,10.0,0.0,0.0,0.0,0.0,0.0,0.0,11.0,11.0,0.0,0.0,1.0,1.0,0.0,0.0,5.17878443383156,47.0,8.884773758846527e-05,8.884773758846527e-05,-1.3603430263539578,0.00185693000403649,6.120243529055981,0.23255014171202978,30.0,8.884773758846525e-05,8.884773758846525e-05,-1.5254842956860861,0.0017640271650937696,1.4727513551712037
159,-0.7089655378204043,-0.9101664445474131,-2.484731868017705,7.879111784596397,0.0,10.3638436526141,-1.7589745485166475,0.1844091250468171,19.568836942147513,4.485542405629545,15.08329453651799,30.0,30.0,0.0,0.0,0.0,0.0,0.0,0.0,6.0,6.0,0.0,0.0,2.0,2.0,0.0,0.0,11.0,11.0,0.0,0.0,0.0,0.0,0.0,0.0,5.216983911838938,47.0,8.816609297127065e-05,8.816609297127065e-05,-1.3858648069361423,0.0018641883482601732,6.421303536029572,0.37038313448429105,30.0,8.816609297127065e-05,8.816609297127065e-05,-1.5676480094591776,0.0017684346918637555,2.116219049692154
160,34.9068836769693,34.852738839560665,32.16507426119897,-0.02976132398876108,0.0,-32.19483558518774,-2.8809552077463536,0.19329062938440242,19.84440432567959,2.326904325679042,17.51750000000055,30.0,30.0,0.0,0.0,0.0,0.0,0.0,0.0,6.0,6.0,0.0,0.0,1.0,1.0,0.0,0.0,10.0,10.0,0.0,0.0,2.0,2.0,0.0,0.0,5.373479100565116,48.0,8.748967796820874e-05,8.748967796820874e-05,-1.3757101421554883,0.001871268175212511,6.81075020134449,0.37001645589868226,30.0,8.748967796820874e-05,8.748967796820874e-05,-1.5282021780808768,0.001772690750658512,1.94228146870931
161,11.612191521566565,10.01208656449461,8.287439182461345,-0.42927019322462867,0.0,-8.716709375685976,-1.7541923420351822,0.029544960000001053,14.84549286509305,12.649525513124814,2.195967351968217,30.0,30.0,0.0,0.0,0.0,0.0,0.0,0.0,12.0,12.0,0.0,0.0,1.0,1.0,0.0,0.0,9.0,9.0,0.0,0.0,2.0,2.0,0.0,0.0,4.519262509875827,45.0,8.681845245739884e-05,8.681845245739884e-05,-1.3857700917455884,0.0018779652632979883,5.67332583533393,0.3623943713804086,30.0,8.681845245739885e-05,8.681845245739885e-05,-1.5518441478411356,0.0017768895874420803,2.097975112994512
162,5.0946755573587,4.9177483647360445,4.036058362558174,7.985342578395468,0.0,3.949284215837293,-0.8681021271804354,-0.013587875000000067,3.0802248127972973,4.206271420422795,-1.1260466076254891,30.0,30.0,0.0,0.0,0.0,0.0,0.0,0.0,13.0,13.0,0.0,0.0,2.0,2.0,0.0,0.0,9.0,9.0,0.0,0.0,0.0,0.0,0.0,0.0,5.230907780783517,42.0,8.615237662477761e-05,8.615237662477761e-05,-1.3265295567966642,0.001884145515283481,6.891349480265663,0.30430161009232204,30.0,8.615237662477761e-05,8.615237662477761e-05,-1.666287902990977,0.001780940875566254,1.8379212617874146
163,13.85887897525754,13.85423836973022,13.85381352972914,0.4939223878826563,0.0,-13.359891141846484,0.0,-0.00042483999999996867,0.6912199004227091,0.6812199004227129,0.010000000000008669,30.0,30.0,0.0,0.0,0.0,0.0,0.0,0.0,8.0,8.0,0.0,0.0,2.0,2.0,0.0,0.0,5.0,5.0,0.0,0.0,2.0,2.0,0.0,0.0,5.108780977337859,43.0,8.54914109617372e-05,8.54914109617372e-05,-1.3556231218715047,0.0018904378101619523,6.4085811016171474,0.23876230468352636,30.0,8.54914109617372e-05,8.54914109617372e-05,-1.569785217444102,0.0017850324162282049,1.4544247210025787
164,16.06394198813541,14.549387271101523,14.154789279431117,6.968235701048186,-5.329070518200751e-15,-7.186553578382931,-0.5347038148181582,0.140105823146337,0.3855253880766156,-12.306724653756936,12.692250041833537,30.0,30.0,0.0,0.0,0.0,0.0,0.0,0.0,7.0,7.0,0.0,0.0,0.0,0.0,0.0,0.0,6.0,6.0,0.0,0.0,1.0,1.0,0.0,0.0,5.045675680750892,42.0,8.483551626278196e-05,8.483551626278196e-05,-1.3593672074022747,0.00189669862932836,6.71272539524805,0.30009690547982854,30.0,8.483551626278196e-05,8.483551626278196e-05,-1.5844507654507956,0.001789112602515767,1.7801931341489157
165,26.68373630642236,22.621989182011184,22.05605782948244,5.8162759502001435,0.0,-16.239781879282308,-0.8053843039229207,0.23945295139325082,36.45377662973124,20.153776629731656,16.299999999999596,30.0,30.0,0.0,0.0,0.0,0.0,0.0,0.0,8.0,8.0,0.0,0.0,2.0,2.0,0.0,0.0,15.0,15.0,0.0,0.0,1.0,1.0,0.0,0.0,4.926924157142639,40.0,8.418465362320297e-05,8.418465362320297e-05,-1.2884298324584962,0.0019026630441658198,6.713306015729904,0.2641782266398271,30.0,8.418465362320297e-05,8.418465362320297e-05,-1.6218270937601724,0.0017931717137495676,1.499586812655131
166,3.9626588577181683,3.2814155698358496,0.24545945444174389,4.498793609235698,0.0,4.253334154793954,-2.9681827053935876,-0.06777341000000449,0.4262463486715262,8.253746348672939,-7.82750000000139,30.0,30.0,0.0,0.0,0.0,0.0,0.0,0.0,10.0,10.0,0.0,0.0,2.0,2.0,0.0,0.0,14.0,14.0,0.0,0.0,1.0,1.0,0.0,0.0,4.810326268937852,45.0,8.353878443677026e-05,8.353878443677026e-05,-1.3982078419791328,0.0019087394880544807,6.70204004711575,0.28675724640488626,30.0,8.353878443677026e-05,8.353878443677026e-05,-1.7364213347434998,0.0017972314575066168,1.7238616228103638
167,10.632399411189311,10.214048015600746,10.25634521082311,11.995648810067543,0.0,1.739303599244435,-0.014452767278839929,0.05674996250000112,0.48199106688468873,-6.468008933115086,6.949999999999793,30.0,30.0,0.0,0.0,0.0,0.0,0.0,0.0,11.0,11.0,0.0,0.0,1.0,1.0,0.0,0.0,4.0,4.0,0.0,0.0,3.0,2.0,0.0,1.0,5.082335187041241,46.0,8.289787039344298e-05,8.289787039344298e-05,-1.3600329057030056,0.0019149050906138575,7.083011108896007,0.2914560342828433,30.0,8.289787039344298e-05,8.289787039344298e-05,-1.6409458676973978,0.0018012277122276524,1.9123230357964833
168,11.48033787143504,9.859488009870963,9.899239353748344,6.204439269489828,4.440892098500626e-16,-3.694800084258512,0.0,0.03975134387662704,18.971260195141824,12.731260195142024,6.239999999999796,30.0,30.0,0.0,0.0,0.0,0.0,0.0,0.0,10.0,10.0,0.0,0.0,3.0,3.0,0.0,0.0,7.0,7.0,0.0,0.0,0.0,0.0,0.0,0.0,5.345938500605132,38.0,8.226187347709693e-05,8.226187347709693e-05,-1.4038868028866618,0.0019209816298251482,6.791755155513161,0.2986478614310423,30.0,8.226187347709693e-05,8.226187347709693e-05,-1.577035935719808,0.0018051899232280752,1.8876082102457683
169,31.804516796104597,31.804123790583994,30.870127880859922,5.941803946509464,0.0,-24.92832393435046,-0.9375060597249103,0.0035101500000003,0.15175633160082214,-0.19824366839918994,0.35000000000002984,30.0,30.0,0.0,0.0,0.0,0.0,0.0,0.0,10.0,10.0,0.0,0.0,0.0,0.0,0.0,0.0,8.0,8.0,0.0,0.0,0.0,0.0,0.0,0.0,5.327578407526016,40.0,8.163075596326971e-05,8.163075596326971e-05,-1.409241572022438,0.0019266258692368864,7.0448257505893705,0.24744300916790962,30.0,8.163075596326971e-05,8.163075596326971e-05,-1.6668372213840486,0.0018092155922204256,1.8380555868148805
170,-17.91909849339162,-21.032062113535474,-21.080026542268655,-7.8124728400722425,0.0,13.267553702196413,-0.18878372623679263,0.14081929749999708,29.551361919255086,17.64359266176777,11.9077692574873,30.0,30.0,0.0,0.0,0.0,0.0,0.0,0.0,10.0,10.0,0.0,0.0,2.0,1.0,0.0,1.0,15.0,15.0,0.0,0.0,0.0,0.0,0.0,0.0,4.076411508932346,41.0,8.100448041692296e-05,8.100448041692296e-05,-1.4462672152170322,0.001932149653595577,5.553610691210118,0.34522102028131485,30.0,8.100448041692296e-05,8.100448041692296e-05,-1.631550379594167,0.001813279193205138,2.0209223210811613
171,-41.32514111634283,-50.91464999927676,-54.624414966278835,-20.68074222892495,0.0,33.94367273735388,-3.807077702001365,0.09731273499999943,38.90193217439211,30.966932174391978,7.935000000000116,30.0,30.0,0.0,0.0,0.0,0.0,0.0,0.0,11.0,11.0,0.0,0.0,4.0,3.0,0.0,1.0,6.0,6.0,0.0,0.0,2.0,1.0,0.0,1.0,5.375620716496518,38.0,8.038300969022198e-05,8.038300969022198e-05,-1.4087474393217188,0.0019377159555197547,7.067848864354585,0.32636841138203937,30.0,8.038300969022198e-05,8.038300969022198e-05,-1.6123682459195454,0.0018172122460479538,1.865878132979075
172,-15.01914366492747,-15.33701170489931,-18.564843000592766,5.299960304687031,8.881784197001252e-16,23.86480330527979,-3.2404540396291566,0.012622743937790674,13.220720096750966,5.63797871556679,7.582741381184194,30.0,30.0,0.0,0.0,0.0,0.0,0.0,0.0,6.0,6.0,0.0,0.0,1.0,1.0,0.0,0.0,7.0,7.0,0.0,0.0,1.0,1.0,0.0,0.0,5.430449735550654,42.0,7.976630692033226e-05,7.976630692033226e-05,-1.368393993093854,0.0019435440245572301,7.6117900382904775,0.2842299977938334,30.0,7.976630692033226e-05,7.976630692033226e-05,-1.5727936585744222,0.001820977288298309,1.6190656820933025
173,24.5847768432086,22.72546095252568,21.872561900825048,3.4507130364542533,0.0,-18.421848864370798,-1.0439219158988067,0.191022864199987,23.59817339988483,13.635673399883565,9.96250000000127,30.0,30.0,0.0,0.0,0.0,0.0,0.0,0.0,12.0,12.0,0.0,0.0,0.0,0.0,0.0,0.0,16.0,16.0,0.0,0.0,2.0,2.0,0.0,0.0,5.281075289083081,43.0,7.915433552723293e-05,7.915433552723293e-05,-1.3940173456835192,0.00194962891793355,7.489463922589324,0.3239425758520762,30.0,7.915433552723293e-05,7.915433552723293e-05,-1.58296693166097,0.0018247635453008115,1.8528819461663564
174,25.111255963267467,20.784596412360727,20.670101706973863,7.027546734128282,0.0,-13.642554972845582,-0.2214349494246335,0.10694024403983425,35.798620993984485,20.800623911091563,14.997997082892907,30.0,30.0,0.0,0.0,0.0,0.0,0.0,0.0,14.0,14.0,0.0,0.0,3.0,3.0,0.0,0.0,9.0,9.0,0.0,0.0,1.0,1.0,0.0,0.0,5.192991346120834,48.0,7.8547059211547e-05,7.8547059211547e-05,-1.3981944111486275,0.0019562420250925547,6.498684028784434,0.33188751464088756,30.0,7.8547059211547e-05,7.8547059211547e-05,-1.6370111425717673,0.0018286070747611423,1.9712664941946665
175,5.7217622023664445,5.687440548911928,5.3491686147482715,9.779503213644853,0.0,4.430334598896581,-0.33635437666180223,-0.0019175574999905128,0.6173895861656433,-1.8526104138354764,2.4700000000011,30.0,30.0,0.0,0.0,0.0,0.0,0.0,0.0,12.0,12.0,0.0,0.0,1.0,1.0,0.0,0.0,5.0,5.0,0.0,0.0,0.0,0.0,0.0,0.0,5.337084666276589,39.0,7.794444195238824e-05,7.794444195238824e-05,-1.4212207213426247,0.0019626376422074363,7.497280151416094,0.3150028963883718,30.0,7.794444195238824e-05,7.794444195238824e-05,-1.642270572980245,0.00183246141532436,1.8958654661973318
176,15.778826748930907,15.44183931312705,11.60982914530817,11.009405375446361,0.0,-0.6004237698618071,-3.8163515678239435,-0.015658599999995464,6.913807818495769,5.805061892898804,1.108745925596937,30.0,30.0,0.0,0.0,0.0,0.0,0.0,0.0,10.0,10.0,0.0,0.0,1.0,1.0,0.0,0.0,8.0,8.0,0.0,0.0,1.0,0.0,0.0,1.0,5.020309436888922,42.0,7.734644800522465e-05,7.734644800522465e-05,-1.3989814562456948,0.0019682307583501653,6.52462020942143,0.33847000524401666,30.0,7.734644800522465e-05,7.734644800522465e-05,-1.697942022482554,0.0018363276651750008,2.0467350363731383
177,-44.506940106715774,-44.510247881716765,-46.322044138565865,-4.102239001555823,0.0,42.21980513701002,-1.8119207243481057,0.00012446749999999292,0.5898172033775637,0.5751325934940089,0.01468460988356633,30.0,30.0,0.0,0.0,0.0,0.0,0.0,0.0,9.0,9.0,0.0,0.0,0.0,0.0,0.0,0.0,7.0,7.0,0.0,0.0,5.0,4.0,0.0,1.0,5.553127445672688,38.0,7.675304189975812e-05,7.675304189975812e-05,-1.4063664706129777,0.001973785435486781,8.62100675231532,0.3248297395805518,30.0,7.675304189975812e-05,7.675304189975812e-05,-1.6571846723556518,0.00184012499715512,1.9501143892606099
178,35.35196304326746,33.60070904374464,33.578767213551494,9.054425551009473,0.0,-24.52434166254202,-0.06147178611753645,0.03952995592429703,13.793495379236703,13.233495379236818,0.559999999999885,30.0,30.0,0.0,0.0,0.0,0.0,0.0,0.0,6.0,6.0,0.0,0.0,1.0,1.0,0.0,0.0,7.0,7.0,0.0,0.0,1.0,1.0,0.0,0.0,5.348762233206567,47.0,7.61641884378206e-05,7.61641884378206e-05,-1.3467490127746096,0.0019799099957689328,6.605456849361988,0.39542263249556225,30.0,7.61641884378206e-05,7.61641884378206e-05,-1.6365120490392049,0.001843928852273772,2.0528244495391847
179,-10.471700639006784,-10.559656527421863,-12.513752813534921,9.176355705914355,0.0,21.69010851944926,-1.8940696936143269,-0.06002659249999374,0.9999275963391625,2.9657358010294725,-1.9658082046903103,30.0,30.0,0.0,0.0,0.0,0.0,0.0,0.0,9.0,9.0,0.0,0.0,1.0,1.0,0.0,0.0,9.0,9.0,0.0,0.0,2.0,2.0,0.0,0.0,5.380272816389035,39.0,7.557985269128636e-05,7.557985269128636e-05,-1.354553263921004,0.0019862455232307697,6.968540968039097,0.31069968740145365,30.0,7.557985269128636e-05,7.557985269128636e-05,-1.7030943115552266,0.0018476435254948834,1.6139212449391682
180,-6.677318231031677,-6.678497911014478,-8.13896507778198,4.890144209529155,5.551115123125783e-17,13.02910928731114,-1.4601430167639782,-0.0003241499999999532,0.32846469728356453,0.34346469728356643,-0.015000000000004121,30.0,30.0,0.0,0.0,0.0,0.0,0.0,0.0,7.0,7.0,0.0,0.0,1.0,1.0,0.0,0.0,9.0,9.0,0.0,0.0,3.0,3.0,0.0,0.0,5.902677584917117,39.0,7.5e-05,7.5e-05,-1.3632568426621265,0.0019920404690007367,7.644257997855162,0.3295664817094803,30.0,7.5e-05,7.5e-05,-1.6704068223635355,0.0018513420169862609,2.0502166152000427
181,-42.38090587162008,-49.31712386266495,-54.18896697286895,-10.170917950768931,0.0,44.0180490221,-5.059657910203917,0.18781479999999975,36.62539680471565,26.33670061158928,10.288696193126354,30.0,30.0,0.0,0.0,0.0,0.0,0.0,0.0,7.0,7.0,0.0,0.0,1.0,1.0,0.0,0.0,15.0,15.0,0.0,0.0,0.0,0.0,0.0,0.0,4.896225868387425,47.0,7.442459596972076e-05,7.442459596972076e-05,-1.3503504179893655,0.0019981327387405203,6.564012877484585,0.3470626237491767,30.0,7.442459596972076e-05,7.442459596972076e-05,-1.6238447705904642,0.001854981912765652,2.1372540493806205
182,15.939291362032236,15.843219827323004,15.861592202322951,5.147359572790974,0.0,-10.71423262953197,0.0,0.018372375000005273,0.9116588421945266,-3.099540848403702,4.011199690598252,30.0,30.0,0.0,0.0,0.0,0.0,0.0,0.0,11.0,11.0,0.0,0.0,3.0,2.0,0.0,1.0,11.0,11.0,0.0,0.0,1.0,1.0,0.0,0.0,4.724200640405927,42.0,7.385360647008234e-05,7.385360647008234e-05,-1.4471613963445027,0.0020040562376379967,5.949354018483843,0.37823803499341013,30.0,7.385360647008234e-05,7.385360647008234e-05,-1.5293605168660482,0.0018585724096434812,2.0602362493673962
183,-26.882285408864846,-27.67043379671345,-31.775803643546308,10.325551472401308,0.0,42.101355115947634,-4.231760505926772,0.12639065909498076,19.05296868043439,8.877772174642708,10.175196505791689,30.0,30.0,0.0,0.0,0.0,0.0,0.0,0.0,10.0,10.0,0.0,0.0,2.0,2.0,0.0,0.0,7.0,7.0,0.0,0.0,0.0,0.0,0.0,0.0,5.059978622378725,33.0,7.328699763256845e-05,7.328699763256845e-05,-1.5146385937026052,0.0020092277660627256,6.623068657788363,0.2617789750297864,30.0,7.328699763256845e-05,7.328699763256845e-05,-1.5933370073636373,0.0018622437220377228,1.7240674455960592
184,-3.386815872605439,-8.02541763807574,-8.802897607676059,-1.4620623180972387,0.0,7.340835289578821,-0.987712368550234,0.21023239895212564,42.24491341357085,21.537413413570118,20.707500000000746,30.0,30.0,0.0,0.0,0.0,0.0,0.0,0.0,8.0,8.0,0.0,0.0,1.0,0.0,0.0,1.0,9.0,9.0,0.0,0.0,1.0,1.0,0.0,0.0,5.19825793675014,35.0,7.272473584850385e-05,7.272473584850385e-05,-1.3215773923056466,0.002013904687815479,6.676958847045898,0.35558042824268343,30.0,7.272473584850385e-05,7.272473584850385e-05,-1.6200176000595092,0.0018658199696801603,2.081672817468643
185,26.10572813962426,26.102403008358046,26.027490875101357,8.230349102694136,0.0,-17.797141772407226,-0.07451152075245204,-0.00040061249999995594,0.5493835157954123,0.5766395118455674,-0.027255996050121346,30.0,30.0,0.0,0.0,0.0,0.0,0.0,0.0,7.0,7.0,0.0,0.0,2.0,2.0,0.0,0.0,5.0,5.0,0.0,0.0,2.0,2.0,0.0,0.0,4.804189792899198,43.0,7.21667877670609e-05,7.21667877670609e-05,-1.3600051375322564,0.0020193528589727574,6.65394009545792,0.28668464745084443,30.0,7.21667877670609e-05,7.21667877670609e-05,-1.548271914323171,0.0018694111689304311,1.7185649275779724
186,19.704136156309744,10.079480085236284,10.087003335236206,-2.175831392193272,0.0,-12.262834727429482,0.0,0.007523250000000643,31.623629818371555,31.023629818371447,0.6000000000000938,30.0,30.0,0.0,0.0,0.0,0.0,0.0,0.0,8.0,8.0,0.0,0.0,0.0,0.0,0.0,0.0,9.0,9.0,0.0,0.0,3.0,3.0,0.0,0.0,4.870378722535803,47.0,7.161312029328123e-05,7.161312029328123e-05,-1.3543671471007326,0.0020255777449842464,6.430004835128784,0.4095270062486331,30.0,7.161312029328123e-05,7.161312029328123e-05,-1.5409798502922059,0.0018729393176424006,2.074688760439555
187,-1.5686598255615536,-1.5711869529828848,-6.69764054729477,0.02634475563508904,0.0,6.723985302929857,-5.14074606431037,0.01429246999999874,0.8777657422511425,-0.502705422820473,1.3804711650716386,30.0,30.0,0.0,0.0,0.0,0.0,0.0,0.0,10.0,10.0,0.0,0.0,0.0,0.0,0.0,0.0,12.0,12.0,0.0,0.0,0.0,0.0,0.0,0.0,4.449142672294794,43.0,7.106370058611288e-05,7.106370058611288e-05,-1.4007249183433002,0.0020316331755629805,5.924536516500074,0.3760036771496137,30.0,7.106370058611288e-05,7.106370058611288e-05,-1.5340879758199055,0.0018764862596678236,2.197476758559545
188,-106.51511756160835,-162.91737046173756,-166.86094360910164,-90.95758320359178,0.0,75.90336040550989,-4.111951597361864,0.16837845000001214,74.13143334193532,75.10143334193376,-0.9699999999984144,30.0,30.0,0.0,0.0,0.0,0.0,0.0,0.0,8.0,8.0,0.0,0.0,1.0,1.0,0.0,0.0,9.0,9.0,0.0,0.0,0.0,0.0,0.0,0.0,4.965550341504685,47.0,7.051849605646213e-05,7.051849605646213e-05,-1.3237762032671179,0.00203769935413878,7.244918209441165,0.29832683826486267,30.0,7.051849605646213e-05,7.051849605646213e-05,-1.634955096244812,0.0018800112574050823,2.0894803941249847
189,36.82131211612432,36.81872303125927,36.465999711291666,8.15944076809022,0.0,-28.306558943201452,-0.39949070558913036,0.046767385619255586,9.612047774722129,-0.508830508622454,10.120878283344593,30.0,30.0,0.0,0.0,0.0,0.0,0.0,0.0,7.0,7.0,0.0,0.0,2.0,2.0,0.0,0.0,11.0,11.0,0.0,0.0,1.0,1.0,0.0,0.0,5.790567891542302,43.0,6.997747436526054e-05,6.997747436526054e-05,-1.258797559627267,0.002043934874669757,8.077561971753143,0.3050154315928618,30.0,6.997747436526054e-05,6.997747436526054e-05,-1.5960058530171712,0.0018834800886300704,2.0878204981486004
190,46.96189123324075,46.96109825156362,46.975241061563295,5.97452471111064,0.0,-41.000716350452656,0.0,0.014142809999999704,0.8960498223169395,0.2815993034669845,0.6144505188499755,30.0,30.0,0.0,0.0,0.0,0.0,0.0,0.0,6.0,6.0,0.0,0.0,3.0,3.0,0.0,0.0,11.0,11.0,0.0,0.0,2.0,2.0,0.0,0.0,4.568409492803174,43.0,6.944060342154676e-05,6.944060342154676e-05,-1.2805131230243416,0.002050203114184876,6.302216086276742,0.39409942999482156,30.0,6.944060342154676e-05,6.944060342154676e-05,-1.629498302936554,0.0018870114581659436,2.203539635737737
191,13.230067327618599,11.481367528523652,10.339613192545421,5.082139093788033,0.0,-5.257474098757384,-1.3315961860369043,0.18984185006123366,6.495770672395778,-13.223841344688566,19.719612017084376,30.0,30.0,0.0,0.0,0.0,0.0,0.0,0.0,9.0,9.0,0.0,0.0,1.0,1.0,0.0,0.0,12.0,12.0,0.0,0.0,2.0,2.0,0.0,0.0,5.0729969604448835,44.0,6.890785138056304e-05,6.890785138056304e-05,-1.294068374417045,0.0020563455711288207,7.034004899588498,0.21132193754116693,30.0,6.890785138056304e-05,6.890785138056304e-05,-1.724160913626353,0.0018906485134114821,1.5548823714256286
192,24.624781271443453,24.624515375302074,22.31968416455247,3.073531721708938,5.551115123125783e-17,-19.24615244284354,-2.30885041075058,0.004019200000000344,0.5230632212915225,0.1630632212915275,0.36000000000001364,30.0,30.0,0.0,0.0,0.0,0.0,0.0,0.0,9.0,9.0,0.0,0.0,2.0,1.0,0.0,1.0,10.0,10.0,0.0,0.0,3.0,3.0,0.0,0.0,5.2779974596841,42.0,6.837918664186626e-05,6.837918664186626e-05,-1.2670111329782576,0.0020625476248651033,6.410606038002741,0.28833330497145654,30.0,6.837918664186626e-05,6.837918664186626e-05,-1.6266894380251566,0.0018941364212272068,1.9325322091579438
193,-1.2229879925143905,-1.810020795737075,-1.9005647557115706,5.647272625877482,-8.881784197001252e-16,7.547837381589051,-0.17661970611129618,0.08607574613796898,15.83864426637848,7.661806596506365,8.176837669872121,30.0,30.0,0.0,0.0,0.0,0.0,0.0,0.0,5.0,5.0,0.0,0.0,3.0,1.0,0.0,2.0,7.0,7.0,0.0,0.0,0.0,0.0,0.0,0.0,4.526693763404057,29.0,6.785457784745365e-05,6.785457784745365e-05,-1.2666293834817821,0.0020672556109212594,6.410531438630203,0.4981115606923898,30.0,6.785457784745365e-05,6.785457784745365e-05,-1.5586552302042642,0.0018975242390297353,2.587287926673889
194,11.08059997090431,11.07952913546246,9.571041081609302,9.306186947677405,8.326672684688674e-17,-0.2648541339319003,-1.5122406788576512,0.0037526250000003204,0.07959871352592529,-0.32723622077173653,0.4068349342976849,30.0,30.0,0.0,0.0,0.0,0.0,0.0,0.0,7.0,7.0,0.0,0.0,0.0,0.0,0.0,0.0,7.0,7.0,0.0,0.0,2.0,2.0,0.0,0.0,5.094006056009337,43.0,6.73339938799027e-05,6.73339938799027e-05,-1.256904923638632,0.0020721052275147547,7.621013170064882,0.46190114443500835,30.0,6.73339938799027e-05,6.73339938799027e-05,-1.6302295684814454,0.0019010076958996555,2.4100884437561034
195,32.87443108604748,32.28419989374932,32.12942439661928,15.36939658316432,0.0,-16.760027813454954,-0.15607836963183885,0.001302872499999919,7.917811186715639,7.682650534146174,0.23516065256943902,30.0,30.0,0.0,0.0,0.0,0.0,0.0,0.0,8.0,8.0,0.0,0.0,0.0,0.0,0.0,0.0,7.0,7.0,0.0,0.0,3.0,3.0,0.0,0.0,5.1146172779362375,41.0,6.681740386052545e-05,6.681740386052545e-05,-1.2520072402023688,0.002077873302169326,6.798654707466683,0.32591323430339497,30.0,6.681740386052545e-05,6.681740386052545e-05,-1.493113386631012,0.0019045421620830893,1.935783847173055
196,34.394898069982446,34.390304416957434,33.84932502470005,5.394164163718496,0.0,-28.455160860981557,-0.541732392255426,0.0007529999999999574,0.7152649315960247,0.6777649315960304,0.03749999999999787,30.0,30.0,0.0,0.0,0.0,0.0,0.0,0.0,11.0,11.0,0.0,0.0,1.0,1.0,0.0,0.0,10.0,10.0,0.0,0.0,2.0,2.0,0.0,0.0,4.993544823084122,39.0,6.63047771475369e-05,6.63047771475369e-05,-1.3056729665169349,0.002083346468563645,7.227568791462825,0.32444974035024643,30.0,6.63047771475369e-05,6.63047771475369e-05,-1.6144816676775615,0.001907940045930445,2.005853490034739
197,23.987317702703876,23.979542467634314,23.2434567824663,3.1164666259907436,0.0,-20.12699015647555,-0.7353275601059579,-0.000758125060608428,0.891772933898622,0.8817729338986089,0.01000000000002288,30.0,30.0,0.0,0.0,0.0,0.0,0.0,0.0,9.0,9.0,0.0,0.0,3.0,3.0,0.0,0.0,4.0,4.0,0.0,0.0,1.0,1.0,0.0,0.0,5.500691258630087,43.0,6.579608333423741e-05,6.579608333423741e-05,-1.2659548340841782,0.002088897579977679,7.680877419405205,0.3834259331226349,30.0,6.579608333423741e-05,6.579608333423741e-05,-1.6127278725306193,0.001911215491903325,2.2498050729433694
198,8.85439399583447,8.817081029379436,8.38644186102551,9.562116415681732,0.0,1.1756745546562162,-0.4145717833554903,-0.01606738499999881,0.1041564512106703,1.9316564512105998,-1.8274999999999402,30.0,30.0,0.0,0.0,0.0,0.0,0.0,0.0,8.0,8.0,0.0,0.0,2.0,2.0,0.0,0.0,11.0,11.0,0.0,0.0,4.0,4.0,0.0,0.0,4.8684638037401085,34.0,6.52912922472093e-05,6.52912922472093e-05,-1.2932929046013777,0.00209414229646106,7.494181668057161,0.4992614465455214,30.0,6.52912922472093e-05,6.52912922472093e-05,-1.4972259461879731,0.0019146213269171616,2.3145992696285247
199,11.635488740173635,11.595822373440635,11.622516783440512,5.09002147283626,0.0,-6.532495310604247,0.0,0.026694409999999252,0.44085829695679024,-1.9916417030429847,2.4324999999997736,30.0,30.0,0.0,0.0,0.0,0.0,0.0,0.0,11.0,11.0,0.0,0.0,0.0,0.0,0.0,0.0,6.0,6.0,0.0,0.0,2.0,1.0,0.0,1.0,4.887673993002284,44.0,6.479037394452684e-05,6.479037394452684e-05,-1.3200453167611903,0.002099280631889335,6.538638797673312,0.34547988002498947,30.0,6.479037394452684e-05,6.479037394452684e-05,-1.5950348297754924,0.0019179733896938463,1.9884271303812662
