run,algorithm,setting,variant,seed,pnl,objective,opening_inventory,final_inventory,auction_qty,clearing_gap,fees,cancels,auction_pnl,auction_risk_gain,auction_gain
dqn_verified,dqn,synthetic_rough_heston,learned,1906509230,37.05306282167383,37.046191361146136,0.8612333301495596,0.8289427318994722,0.03229059825006253,0.04999999999999716,0.049,3,-0.04738547008749697,0.000545767961915401,-0.04683970212558156
dqn_verified,dqn,synthetic_rough_heston,learned,1178422796,15.967456034193674,15.901951255157455,0.5643901429093887,2.559390142909428,-1.9950000000000259,-0.2600000000000051,0.0,0,0.5187000000000169,-0.062319416702086614,0.4563805832979303
dqn_verified,dqn,synthetic_rough_heston,learned,1963502950,44.69117242757784,44.690558575161376,0.7127604521430442,0.24776045214295905,0.46500000000006736,-0.009999999999990905,0.0,0,-0.004649999999996444,0.004466422204930732,-0.00018357779506571192
dqn_verified,dqn,synthetic_rough_heston,learned,1703319850,23.30611298144977,23.303765259293325,0.5518012746250065,0.48453298715806536,0.06726828746695893,0.1700000000000017,0.30000000000000004,24,-0.28856439113061694,0.0006971243103346392,-0.2878672668202823
dqn_verified,dqn,synthetic_rough_heston,learned,1313726939,22.481505499969426,22.478282242736512,0.3427373717587443,0.5677373717587244,-0.224999999999973,0.010000000000005116,0.020000000000000004,5,-0.022250000000000884,-0.0020485681729141237,-0.024298568172915008
dqn_verified,dqn,synthetic_rough_heston,learned,1061055793,-15.071187808997216,-15.072059810411979,0.757796700754156,0.2952967007541769,0.4625000000000057,0.14000000000000057,0.061,10,0.003750000000001058,0.004870556981975819,0.008620556981976876
dqn_verified,dqn,synthetic_rough_heston,learned,1067007710,35.95706670410985,35.95249605217201,0.5442313519719875,0.6760659685147532,-0.1318346165427506,-0.11999999999999034,0.018000000000000002,1,-0.002179846014871204,-0.0016087742931453397,-0.003788620308016544
dqn_verified,dqn,synthetic_rough_heston,learned,40720655,-6.592692707472554,-6.592739507559784,0.050910589261093264,0.0684105892610809,-0.017499999999998295,-0.09999999999999432,0.31200000000000006,14,-0.3102500000000003,-2.088120624136573e-05,-0.3102708812062417
dqn_verified,dqn,synthetic_rough_heston,learned,1966159132,24.10731442098535,24.0978142837158,0.9945112009485655,0.9746864762349515,0.01982472471360774,0.35999999999999943,0.43500000000000016,29,-0.4278630991031014,0.0003903880185685127,-0.4274727110845329
dqn_verified,dqn,synthetic_rough_heston,learned,188577770,5.24588886654457,5.245019732743713,0.3220120546316849,0.2948107530022352,0.027201301629461716,0.12999999999999545,0.234,21,-0.23046383078817012,0.0001677838324237431,-0.23029604695574638
dqn_verified,dqn,synthetic_rough_heston,learned,1402152033,44.746320842901696,44.709431737312585,0.8928361322288509,1.9206536801076222,-1.0278175478787464,-0.46999999999999886,0.0,0,0.4830742475030096,-0.02891754199897578,0.4541567055040338
dqn_verified,dqn,synthetic_rough_heston,learned,2092728533,-25.488863080991635,-25.92160397668554,9.473625006316993,6.578304460071026,2.895320546245971,0.28000000000000114,0.10400000000000001,9,0.7066897529488751,0.46475481190924306,1.1714445648581182
dqn_verified,dqn,synthetic_rough_heston,learned,1437347273,42.21083727202468,42.2044955947874,0.8385353609767918,0.7963464847214662,0.04218887625529007,-0.06999999999999318,0.21300000000000002,20,-0.21595322133787004,0.000689738278802422,-0.21526348305906762
dqn_verified,dqn,synthetic_rough_heston,learned,1045146178,35.16639508204414,35.15824619964652,0.8065942255712883,0.9027116038701269,-0.09611737829882616,-0.0800000000000125,0.153,11,-0.1453106097360927,-0.001642939950368305,-0.146953549686461
dqn_verified,dqn,synthetic_rough_heston,learned,528283994,11.322225908932523,8.787088471645708,0.22352699813349375,15.92211492637462,-15.698587928241116,-0.21999999999999886,0.0,0,3.4536893442130276,-2.534637794097869,0.9190515501151588
dqn_verified,dqn,synthetic_rough_heston,learned,36265689,6.427721299689146,6.422484805834026,0.6669089920727203,0.7236362245714757,-0.0567272324987474,-0.12000000000000455,0.32,19,-0.3131927321001501,-0.0007888178180460754,-0.31398154991819616
dqn_verified,dqn,synthetic_rough_heston,learned,1193742096,12.491509685040976,12.48957398484791,0.4892246986256481,0.4399659297111431,0.0492587689145014,0.23000000000000398,0.3530000000000001,26,-0.3416704831496646,0.00045770786438765673,-0.34121277528527694
dqn_verified,dqn,synthetic_rough_heston,learned,793249015,-4.729075539863493,-4.729497929920114,0.10422360183980572,0.20552130220979237,-0.10129770036994358,-0.05000000000001137,0.076,9,-0.07093511498150167,-0.0003137644648154645,-0.07124887944631712
dqn_verified,dqn,synthetic_rough_heston,learned,1309854583,-1.199797696067617,-1.1998492670277687,0.10181292373357564,0.07181292373356385,0.030000000000001137,0.3100000000000023,0.32500000000000007,25,-0.31569999999999965,5.2087754240162315e-05,-0.3156479122457595
dqn_verified,dqn,synthetic_rough_heston,learned,1144601564,26.07892139614887,26.06838530102216,0.912491845214646,1.0264548273893934,-0.1139629821747607,-0.18999999999999773,0.0,0,0.021652966613204275,-0.0022096814508776,0.019443285162326674
dqn_verified,dqn,synthetic_rough_heston,learned,982973886,10.024764583132564,10.019407989803979,0.5418875138014698,0.7318875138014462,-0.18999999999998707,0.010000000000005116,0.09500000000000001,5,-0.09690000000000086,-0.00242017255244524,-0.0993201725524461
dqn_verified,dqn,synthetic_rough_heston,learned,715231342,-9.958169790363172,-9.997934116721671,0.551599454854113,1.994099454854208,-1.442500000000095,-0.23000000000000398,0.0,0,0.3317750000000276,-0.036721706772544944,0.29505329322748264
dqn_verified,dqn,synthetic_rough_heston,learned,2130732657,13.069737649553645,13.069578706392647,0.15850908585721868,0.12607266198428935,0.03243642387289735,-0.10999999999999943,0.0,0,-0.0035680066260186903,9.230814199486248e-05,-0.0034756984840238277
dqn_verified,dqn,synthetic_rough_heston,learned,1234679122,6.65969232292143,6.658760963499823,0.3200389226190907,0.30518181820136775,0.014857104417717629,0.09999999999999432,0.3780000000000001,27,-0.3765142895582284,9.288969830495666e-05,-0.37642139985992346
dqn_verified,dqn,synthetic_rough_heston,learned,490149342,4.355855420242762,4.353276936281343,0.4477877471364309,0.5077877471364407,-0.060000000000016485,-0.09000000000000341,0.018000000000000002,1,-0.012599999999998314,-0.000573345296563817,-0.01317334529656213
dqn_verified,dqn,synthetic_rough_heston,learned,381953676,20.547223113886503,20.53385860317536,0.589172322424588,1.156049770171732,-0.5668774477471547,-0.14999999999999147,0.0,0,0.08503161716206836,-0.00989327045602932,0.07513834670603904
dqn_verified,dqn,synthetic_rough_heston,learned,478640128,-46.843168184739206,-55.30212008941005,26.606777375707352,29.08427737570739,-2.477500000000049,-0.030000000000001137,0.136,16,-0.06167499999999573,-1.379745881466322,-1.4414208814663176
dqn_verified,dqn,synthetic_rough_heston,learned,951876364,17.133915405751395,17.133290779466716,0.4224252457595128,0.24992524575950892,0.17250000000000298,-0.0799999999999983,0.0,0,-0.013799999999999944,0.0011598045978703387,-0.012640195402129606
dqn_verified,dqn,synthetic_rough_heston,learned,723990043,0.7861877814621403,0.7634031006713874,1.4969595321092157,1.5094595321091897,-0.012499999999992184,0.060000000000002274,0.21000000000000002,20,-0.21074999999999958,-0.00037580238302652,-0.21112580238302608
dqn_verified,dqn,synthetic_rough_heston,learned,487116369,37.700091080234415,37.682656472478925,0.7254017477832804,1.3204017477832046,-0.5949999999999385,-0.25,0.0,0,0.14874999999998462,-0.012172530798619036,0.13657746920136557
dqn_verified,dqn,synthetic_rough_heston,learned,1985429050,46.659984663648224,46.657176640429086,0.11009215715019138,-0.529907842849795,0.6399999999999864,-0.12000000000000455,0.3440000000000001,21,-0.42080000000000134,-0.0026868203884774055,-0.42348682038847874
dqn_verified,dqn,synthetic_rough_heston,learned,1628956857,-5.961632970194638,-8.197203883941716,0.7971244268832152,14.951825687009187,-14.15470126012599,-0.29000000000000625,0.001,1,4.103863365436625,-2.2292168402277386,1.8746465252088869
dqn_verified,dqn,synthetic_rough_heston,learned,1189523478,17.159816919366627,17.158910962085173,0.34256181023322085,0.30099124263869537,0.04157056759449221,0.2600000000000051,0.40600000000000014,28,-0.39519165242543197,0.00026752865685075234,-0.3949241237685812
dqn_verified,dqn,synthetic_rough_heston,learned,1296530916,-15.419830951137511,-16.069818407481286,7.888964826541439,8.062179955469695,-0.17321512892827015,-0.20999999999999375,0.152,7,-0.11562482292506435,-0.02762979599969327,-0.1432546189247576
dqn_verified,dqn,synthetic_rough_heston,learned,707561452,27.436261254464277,27.01469151502051,7.965358436020026,6.492840206286995,1.4725182297330175,0.060000000000002274,0.034,7,0.054351093783984394,0.21289961069898447,0.26725070448296884
dqn_verified,dqn,synthetic_rough_heston,learned,901155818,15.056201538847745,15.00513055641475,0.9976110108460574,-2.2598889891539944,3.2575000000000145,-0.1700000000000017,0.0,0,-0.553775000000008,-0.0411187051433817,-0.5948937051433897
dqn_verified,dqn,synthetic_rough_heston,learned,1820860524,28.307803540174763,28.29981664017149,0.923249175444866,0.8936945788844024,0.02955459656045374,0.01999999999999602,0.182,13,-0.18140890806879104,0.0005369903963225553,-0.1808719176724685
dqn_verified,dqn,synthetic_rough_heston,learned,1044185241,-6.888793220043736,-6.890133979820515,0.38820531092950716,0.3661638672478226,0.022041443681690774,0.09000000000000341,0.43500000000000016,29,-0.4330162700686479,0.0001662738575599426,-0.43284999621108794
dqn_verified,dqn,synthetic_rough_heston,learned,591637826,11.627482009730375,11.626983871795648,0.3270614255272051,0.22319003891903072,0.10387138660815927,0.25,0.32500000000000007,25,-0.29903215334796024,0.0005715538259520907,-0.29846059952200815
dqn_verified,dqn,synthetic_rough_heston,learned,27222720,-1.1229049633645045,-1.1655830895619779,0.19913150957100356,-2.065868490428988,2.2649999999999757,-0.14000000000000057,0.006,1,-0.3230999999999979,-0.042281592616433196,-0.3653815926164311
dqn_verified,dqn,synthetic_rough_heston,learned,64598572,7.819559049191811,7.819362448353711,0.16521442083468685,0.14021442083468028,0.02500000000000213,0.29000000000000625,0.43500000000000016,29,-0.4277499999999994,7.635721041736185e-05,-0.42767364278958203
dqn_verified,dqn,synthetic_rough_heston,learned,824692580,22.016420363912854,22.01415596422971,0.48321908526624213,0.47585708812016086,0.007361997146108809,0.04999999999999716,0.154,16,-0.15363190014269457,7.060716051345229e-05,-0.1535612929821811
dqn_verified,dqn,synthetic_rough_heston,learned,1292888439,11.183289461891574,11.179249678000465,0.605668003454582,0.63559294293673,-0.029924939482173556,-0.0799999999999983,0.08300000000000002,4,-0.08060600484142619,-0.0003714465870231365,-0.08097745142844932
dqn_verified,dqn,synthetic_rough_heston,learned,1567077053,15.349951436674528,15.348578893546668,0.22336642844371113,-0.37047849166461044,0.5938449201083353,0.18000000000000682,0.19000000000000003,19,-0.08310791438049561,-0.000873617514303853,-0.08398153189479947
dqn_verified,dqn,synthetic_rough_heston,learned,1386223455,20.696764337706597,20.675014712215532,0.09812745509508147,-1.4747754232786057,1.5729028783736678,0.29000000000000625,0.277,23,0.17914183472837347,-0.021653335516631535,0.15748849921174193
dqn_verified,dqn,synthetic_rough_heston,learned,2103330825,26.04037187766019,25.4959709812474,7.680852772894397,7.378352772894438,0.3024999999999345,-0.12000000000000455,0.047,7,-0.08329999999999352,0.04555409677600515,-0.03774590322398837
dqn_verified,dqn,synthetic_rough_heston,learned,1713764255,-17.93506098776743,-18.01667980510842,0.38946277982560673,2.856900721778635,-2.4674379419530266,-0.18999999999999773,0.0,0,0.46881320897106943,-0.08010200477229797,0.3887112041987715
dqn_verified,dqn,synthetic_rough_heston,learned,338169861,14.591932887738789,14.588832530312958,0.3856914668549365,-0.5568085331449879,0.9424999999999457,0.3499999999999943,0.276,23,0.05387499999997564,-0.0016127783497836051,0.05226222165019203
dqn_verified,dqn,synthetic_rough_heston,learned,460890984,33.14929903265693,33.06137006653076,0.8437095737428564,2.9652818774303,-2.1215723036874135,-0.18000000000000682,0.0,0,0.3818830146637489,-0.08081050767791212,0.30107250698583676
dqn_verified,dqn,synthetic_rough_heston,learned,1844393987,2.995641732171862,2.9955748919788814,0.3842558517662127,0.08175585176624534,0.3024999999999842,0.0799999999999983,0.0,0,0.024199999999998223,0.0014096854031855333,0.025609685403183757
dqn_verified,dqn,synthetic_rough_heston,learned,1032412864,2.2542469070803928,2.250774442118903,0.5492762477386748,0.5892762477386606,-0.04000000000000625,-0.010000000000005116,0.174,12,-0.17359999999999973,-0.00045542099819077255,-0.1740554209981905
dqn_verified,dqn,synthetic_rough_heston,learned,285977676,26.540773684857836,26.54076422325396,0.03325972021472978,0.03075972021471962,0.0025000000000083844,0.12000000000000455,0.261,22,-0.260699999999999,1.600486010742741e-06,-0.26069839951398827
dqn_verified,dqn,synthetic_rough_heston,learned,1194047159,29.39391632355866,29.385755803380498,0.21664402486258894,-0.9033559751372207,1.119999999999802,0.3399999999999892,0.105,14,0.2757999999999206,-0.007691173843074568,0.26810882615684606
dqn_verified,dqn,synthetic_rough_heston,learned,410795716,-15.379839932089963,-15.379886600631345,0.08331437724322655,0.06831437724319067,0.015000000000000568,0.14000000000000057,0.43500000000000016,29,-0.43290000000000006,2.2744313173016973e-05,-0.43287725568682706
dqn_verified,dqn,synthetic_rough_heston,learned,1688827796,28.327486860239734,28.327073741991498,0.8782531053237221,0.20325310532375562,0.6749999999999616,0.1799999999999926,0.43500000000000016,29,-0.31350000000001205,0.007300166921870113,-0.3061998330781419
dqn_verified,dqn,synthetic_rough_heston,learned,1615174803,23.28779584573931,23.25911459199171,0.4485540660869276,1.69355406608702,-1.245000000000104,-0.13000000000000966,0.0,0,0.16185000000002556,-0.02666924624556763,0.13518075375445793
dqn_verified,dqn,synthetic_rough_heston,learned,573603312,9.058671843991032,9.05849844763854,0.007689197143946558,-0.13168004878931733,0.13936924593324257,0.2400000000000091,0.30000000000000004,24,-0.26655138097602055,-0.00017280511496438518,-0.2667241860909849
dqn_verified,dqn,synthetic_rough_heston,learned,1292648848,31.939216071174087,31.13309704559213,10.6684131425435,8.97841314254338,1.690000000000122,-0.21999999999999886,0.0,0,-0.37180000000002494,0.3320313642179919,-0.039768635782033046
dqn_verified,dqn,synthetic_rough_heston,learned,504177273,-0.12467081049180706,-0.13096650024334552,0.5556030447176425,0.7934538267308598,-0.2378507820131924,-0.10000000000000853,0.0,0,0.02378507820132127,-0.003208742318543307,0.020576335882777963
dqn_verified,dqn,synthetic_rough_heston,learned,2023171617,4.410234561901234,4.409043728328673,0.727032983356537,0.3450845653692445,0.3819484179872872,-0.030000000000001137,0.0,0,-0.01145845253961905,0.004094936016322262,-0.007363516523296788
dqn_verified,dqn,synthetic_rough_heston,learned,155866399,25.29909871426389,25.29667959501732,0.36065457239374155,-0.4918454276060844,0.8524999999998144,-0.23000000000000398,0.0,0,-0.1960749999999607,-0.0011184020406849945,-0.1971934020406457
dqn_verified,dqn,synthetic_rough_heston,learned,426465092,62.480609009911134,62.447442393473345,3.4961704049263034,1.821170404926228,1.6750000000000647,-0.01999999999999602,0.17500000000000002,18,-0.20849999999999463,0.08906545856503391,-0.11943454143496073
dqn_verified,dqn,synthetic_rough_heston,learned,2075242093,30.580386319013023,30.57952596105705,0.2260470371230099,0.2933185906096121,-0.06727155348661376,-0.020000000000010232,0.022000000000000002,4,-0.02065456893026704,-0.00034938532605117804,-0.021003954256318215
dqn_verified,dqn,synthetic_rough_heston,learned,426948909,-38.03200682197057,-38.040171453525474,0.9560835077569294,0.9035835077568999,0.0525000000000162,0.4300000000000068,0.30000000000000004,24,-0.2774249999999927,0.000976325183145309,-0.2764486748168474
dqn_verified,dqn,synthetic_rough_heston,no_cancel,1906509230,37.09444829176209,37.08482010328013,0.8612333301495596,0.9812333301495535,-0.12000000000001876,0.04999999999999716,0.0,0,-0.006000000000000597,-0.002210959992358823,-0.00821095999235942
dqn_verified,dqn,synthetic_rough_heston,no_cancel,1178422796,15.967456034193674,15.901951255157455,0.5643901429093887,2.559390142909428,-1.9950000000000259,-0.2600000000000051,0.0,0,0.5187000000000169,-0.062319416702086614,0.4563805832979303
dqn_verified,dqn,synthetic_rough_heston,no_cancel,1963502950,44.69117242757784,44.690558575161376,0.7127604521430442,0.24776045214295905,0.46500000000006736,-0.009999999999990905,0.0,0,-0.004649999999996444,0.004466422204930732,-0.00018357779506571192
dqn_verified,dqn,synthetic_rough_heston,no_cancel,1703319850,24.10027737258133,24.03225036667086,0.5518012746250065,-2.6081987253748764,3.1599999999999007,0.1599999999999966,0.0,0,0.5055999999999733,-0.06498215944369348,0.44061784055627984
dqn_verified,dqn,synthetic_rough_heston,no_cancel,1313726939,22.502180499968745,22.499678125687705,0.3427373717587443,0.5002373717587147,-0.15749999999996334,0.010000000000005116,0.0,0,-0.0015750000000004391,-0.001327685221039749,-0.0029026852210401882
dqn_verified,dqn,synthetic_rough_heston,no_cancel,1061055793,-14.946487808996608,-14.946742860434508,0.757796700754156,-0.15970329924581073,0.9174999999999933,0.14000000000000057,0.0,0,0.1284499999999996,0.005487506958838868,0.13393750695883846
dqn_verified,dqn,synthetic_rough_heston,no_cancel,1067007710,36.00344632546512,35.99511861658567,0.5442313519719875,0.9125628131502316,-0.368331461178229,-0.11999999999999034,0.0,0,0.044199775341383925,-0.005365831234754072,0.03883394410662985
dqn_verified,dqn,synthetic_rough_heston,no_cancel,40720655,-6.217942707473412,-6.222785622955868,0.050910589261093264,0.6959105892610431,-0.6449999999999605,-0.09999999999999432,0.0,0,0.06449999999999238,-0.004816996601467405,0.059683003398524975
dqn_verified,dqn,synthetic_rough_heston,no_cancel,1966159132,23.588845223992394,23.457568570324923,0.9945112009485655,3.62321202343265,-2.628700822484091,0.35999999999999943,0.0,0,-0.9463322960942713,-0.12138612837934762,-1.0677184244736189
dqn_verified,dqn,synthetic_rough_heston,no_cancel,188577770,5.565484653448948,5.564162470207772,0.3220120546316849,-0.3636183770351119,0.6856304316668088,0.12999999999999545,0.0,0,0.08913195611668202,-0.0002852656078952957,0.08884669050878673
dqn_verified,dqn,synthetic_rough_heston,no_cancel,1402152033,44.746320842901696,44.709431737312585,0.8928361322288509,1.9206536801076222,-1.0278175478787464,-0.46999999999999886,0.0,0,0.4830742475030096,-0.02891754199897578,0.4541567055040338
dqn_verified,dqn,synthetic_rough_heston,no_cancel,2092728533,-21.929413452162407,-22.32970897757369,9.473625006316993,-6.326891222482672,15.800516228799669,0.269999999999996,0.0,0,4.266139381775848,0.49720018219186374,4.763339563967712
dqn_verified,dqn,synthetic_rough_heston,no_cancel,1437347273,42.19879049336305,42.15833059342264,0.8385353609767918,-2.0114646390232913,2.8500000000000476,-0.0799999999999983,0.0,0,-0.22799999999999895,-0.033428484424326214,-0.26142848442432515
dqn_verified,dqn,synthetic_rough_heston,no_cancel,1045146178,35.3447893210232,35.32990191480476,0.8065942255712883,1.220139591130648,-0.4135453655593474,-0.0800000000000125,0.0,0,0.033083629244752964,-0.008381463771195186,0.024702165473557778
dqn_verified,dqn,synthetic_rough_heston,no_cancel,528283994,11.322225908932523,8.787088471645708,0.22352699813349375,15.92211492637462,-15.698587928241116,-0.21999999999999886,0.0,0,3.4536893442130276,-2.534637794097869,0.9190515501151588
dqn_verified,dqn,synthetic_rough_heston,no_cancel,36265689,6.8088316342145845,6.793631481048795,0.6669089920727203,1.2328890122711742,-0.565980020198446,-0.12000000000000455,0.0,0,0.06791760242381609,-0.0107524771287154,0.05716512529510069
dqn_verified,dqn,synthetic_rough_heston,no_cancel,1193742096,13.548730168191469,13.472373264279613,0.4892246986256481,-2.763275301374378,3.2525000000000226,0.21999999999999886,0.0,0,0.7155500000000012,-0.07396349585440304,0.6415865041455981
dqn_verified,dqn,synthetic_rough_heston,no_cancel,793249015,-4.648507875634095,-4.64938922083701,0.10422360183980572,0.2968745868063888,-0.19265098496653998,-0.05000000000001137,0.0,0,0.00963254924832919,-0.0007727196111100171,0.008859829637219173
dqn_verified,dqn,synthetic_rough_heston,no_cancel,1309854583,-0.6895726960683533,-0.6923361650898883,0.10181292373357564,-0.5256870762663866,0.6274999999999515,0.3100000000000023,0.0,0,0.1945249999999864,-0.0026598103071432283,0.19186518969284316
dqn_verified,dqn,synthetic_rough_heston,no_cancel,1144601564,26.07892139614887,26.06838530102216,0.912491845214646,1.0264548273893934,-0.1139629821747607,-0.18999999999999773,0.0,0,0.021652966613204275,-0.0022096814508776,0.019443285162326674
dqn_verified,dqn,synthetic_rough_heston,no_cancel,982973886,10.108164583132748,10.072372199483974,0.5418875138014698,1.891887513801315,-1.3499999999998558,0.010000000000005116,0.0,0,-0.013500000000005464,-0.03285596287263382,-0.04635596287263929
dqn_verified,dqn,synthetic_rough_heston,no_cancel,715231342,-9.958169790363172,-9.997934116721671,0.551599454854113,1.994099454854208,-1.442500000000095,-0.23000000000000398,0.0,0,0.3317750000000276,-0.036721706772544944,0.29505329322748264
dqn_verified,dqn,synthetic_rough_heston,no_cancel,2130732657,13.069737649553645,13.069578706392647,0.15850908585721868,0.12607266198428935,0.03243642387289735,-0.10999999999999943,0.0,0,-0.0035680066260186903,9.230814199486248e-05,-0.0034756984840238277
dqn_verified,dqn,synthetic_rough_heston,no_cancel,1234679122,7.399131612479323,7.261307939968623,0.3200389226190907,-3.712461077381148,4.032500000000233,0.09000000000000341,0.0,0,0.36292500000003475,-0.13679942339078807,0.22612557660924668
dqn_verified,dqn,synthetic_rough_heston,no_cancel,490149342,4.400607555890019,4.394126763328451,0.4477877471364309,0.805033698770914,-0.3572459516344898,-0.09000000000000341,0.0,0,0.0321521356471053,-0.004475653896712586,0.027676481750392713
dqn_verified,dqn,synthetic_rough_heston,no_cancel,381953676,20.547223113886503,20.53385860317536,0.589172322424588,1.156049770171732,-0.5668774477471547,-0.14999999999999147,0.0,0,0.08503161716206836,-0.00989327045602932,0.07513834670603904
dqn_verified,dqn,synthetic_rough_heston,no_cancel,478640128,-47.00999318473805,-51.8661887558027,26.606777375707352,22.03677737570685,4.570000000000491,-0.04999999999999716,0.0,0,-0.22850000000001153,2.2230104521398735,1.994510452139862
dqn_verified,dqn,synthetic_rough_heston,no_cancel,951876364,17.133915405751395,17.133290779466716,0.4224252457595128,0.24992524575950892,0.17250000000000298,-0.0799999999999983,0.0,0,-0.013799999999999944,0.0011598045978703387,-0.012640195402129606
dqn_verified,dqn,synthetic_rough_heston,no_cancel,723990043,1.228206101584874,1.1726274511259565,1.4969595321092157,-2.3575124699334586,3.854472002042656,0.060000000000002274,0.0,0,0.23126832012256812,-0.03316977205119115,0.19809854807137697
dqn_verified,dqn,synthetic_rough_heston,no_cancel,487116369,37.700091080234415,37.682656472478925,0.7254017477832804,1.3204017477832046,-0.5949999999999385,-0.25,0.0,0,0.14874999999998462,-0.012172530798619036,0.13657746920136557
dqn_verified,dqn,synthetic_rough_heston,no_cancel,1985429050,47.831363448149204,47.350624281690614,0.11009215715019138,6.93353565259882,-6.823443495448629,-0.10999999999999943,0.0,0,0.7505787844993453,-0.4806179636279297,0.26996082087141565
dqn_verified,dqn,synthetic_rough_heston,no_cancel,1628956857,-6.0761963356308115,-8.339603577090552,0.7971244268832152,15.044624426883313,-14.247500000000116,-0.28000000000000114,0.0,0,3.9893000000000485,-2.2570531679404016,1.732246832059647
dqn_verified,dqn,synthetic_rough_heston,no_cancel,1189523478,17.79875857179286,17.794758791154106,0.34256181023322085,-0.6324381897668103,0.9749999999999979,0.25,0.0,0,0.24374999999999947,-0.0028262947004525875,0.24092370529954688
dqn_verified,dqn,synthetic_rough_heston,no_cancel,1296530916,-16.77600612821334,-16.79038129476617,7.888964826541439,1.1989648265413386,6.6900000000000865,-0.21999999999999886,0.0,0,-1.4718000000000115,0.607982493791247,-0.8638175062087645
dqn_verified,dqn,synthetic_rough_heston,no_cancel,707561452,27.90266016068017,27.84265272276035,7.965358436020026,-2.449641563980758,10.41500000000077,0.05000000000001137,0.0,0,0.5207500000001569,0.574461912222933,1.09521191222309
dqn_verified,dqn,synthetic_rough_heston,no_cancel,901155818,15.056201538847745,15.00513055641475,0.9976110108460574,-2.2598889891539944,3.2575000000000145,-0.1700000000000017,0.0,0,-0.553775000000008,-0.0411187051433817,-0.5948937051433897
dqn_verified,dqn,synthetic_rough_heston,no_cancel,1820860524,28.497915663348977,28.49553336029037,0.923249175444866,0.48808842012572856,0.4351607553191276,0.01999999999999602,0.0,0,0.008703215106380821,0.006141587340987952,0.014844802447368773
dqn_verified,dqn,synthetic_rough_heston,no_cancel,1044185241,-6.409347097505815,-6.409510124280603,0.38820531092950716,-0.1276819387334467,0.5158872496629601,0.09000000000000341,0.0,0,0.046429852469668166,0.001344006859551437,0.047773859329219605
dqn_verified,dqn,synthetic_rough_heston,no_cancel,591637826,13.140314163078074,12.916543672009485,0.3270614255272051,-4.730438574472644,5.057499999999834,0.23999999999999488,0.0,0,1.2137999999999343,-0.22270079930790893,0.9910992006920254
dqn_verified,dqn,synthetic_rough_heston,no_cancel,27222720,-0.299579963364522,-0.5248850702410526,0.19913150957100356,4.746631509571083,-4.547500000000095,-0.10999999999999943,0.0,0,0.5002250000000079,-0.2249085732954903,0.2753164267045176
dqn_verified,dqn,synthetic_rough_heston,no_cancel,64598572,8.86135525485588,8.823244941811403,0.16521442083468685,-1.9521862883566619,2.1174007091913443,0.29000000000000625,0.0,0,0.614046205665503,-0.037837354995960186,0.5762088506695429
dqn_verified,dqn,synthetic_rough_heston,no_cancel,824692580,22.168092564768813,22.165260073243562,0.48321908526624213,0.5322115674476502,-0.048992482181380484,0.04000000000000625,0.0,0,-0.001959699287255526,-0.0004974846815954093,-0.002457183968850935
dqn_verified,dqn,synthetic_rough_heston,no_cancel,1292888439,11.118271288925826,11.103517926062723,0.605668003454582,-1.214634219141788,1.8203022225963446,-0.0799999999999983,0.0,0,-0.14562417780770445,-0.011085025559015214,-0.15670920336671967
dqn_verified,dqn,synthetic_rough_heston,no_cancel,1567077053,16.2270471568645,16.051680775563707,0.22336642844371113,-4.187676937166893,4.4110433656106185,0.18000000000000682,0.0,0,0.7939878058099414,-0.1748674556872379,0.6191203501227035
dqn_verified,dqn,synthetic_rough_heston,no_cancel,1386223455,22.174522502979016,21.835871534815073,0.09812745509508147,-5.8193725449050095,5.9175000000000715,0.28000000000000114,0.0,0,1.6569000000000267,-0.33855467818950774,1.318345321810519
dqn_verified,dqn,synthetic_rough_heston,no_cancel,2103330825,25.61092624943376,25.49478348125833,7.680852772894397,3.407972537674402,4.27288023521997,-0.12000000000000455,0.0,0,-0.5127456282264159,0.4738122250133665,-0.03893340321304939
dqn_verified,dqn,synthetic_rough_heston,no_cancel,1713764255,-17.93506098776743,-18.01667980510842,0.38946277982560673,2.856900721778635,-2.4674379419530266,-0.18999999999999773,0.0,0,0.46881320897106943,-0.08010200477229797,0.3887112041987715
dqn_verified,dqn,synthetic_rough_heston,no_cancel,338169861,15.772792786316131,15.674063446438648,0.3856914668549365,-3.142122529079394,3.527813995934352,0.3499999999999943,0.0,0,1.234734898577003,-0.09724176080143576,1.1374931377755673
dqn_verified,dqn,synthetic_rough_heston,no_cancel,460890984,33.14929903265693,33.06137006653076,0.8437095737428564,2.9652818774303,-2.1215723036874135,-0.18000000000000682,0.0,0,0.3818830146637489,-0.08081050767791212,0.30107250698583676
dqn_verified,dqn,synthetic_rough_heston,no_cancel,1844393987,2.995641732171862,2.9955748919788814,0.3842558517662127,0.08175585176624534,0.3024999999999842,0.0799999999999983,0.0,0,0.024199999999998223,0.0014096854031855333,0.025609685403183757
dqn_verified,dqn,synthetic_rough_heston,no_cancel,1032412864,2.4396969070821797,2.409619766047474,0.5492762477386748,1.7342762477386815,-1.1850000000000271,-0.010000000000005116,0.0,0,0.011850000000006335,-0.027060097071406823,-0.015210097071400488
dqn_verified,dqn,synthetic_rough_heston,no_cancel,285977676,27.20297368485808,27.072165582343874,0.03325972021472978,-3.6167402797851746,3.6499999999999027,0.10999999999999943,0.0,0,0.4014999999999872,-0.1307970404243178,0.27070295957566937
dqn_verified,dqn,synthetic_rough_heston,no_cancel,1194047159,29.74456632356123,29.718132247042337,0.21664402486258894,-1.625855975137196,1.8424999999997773,0.3399999999999892,0.0,0,0.6264499999999044,-0.0259647301838066,0.6004852698160977
dqn_verified,dqn,synthetic_rough_heston,no_cancel,410795716,-14.49758257351641,-14.595325157660408,0.08331437724322655,-3.1263810411400295,3.209695418383221,0.14000000000000057,0.0,0,0.4493573585736528,-0.0976731712894439,0.35168418728420886
dqn_verified,dqn,synthetic_rough_heston,no_cancel,1688827796,29.278636860239203,29.207654745081303,0.8782531053237221,-2.6642468946758995,3.5424999999996167,0.1799999999999926,0.0,0,0.6376499999999048,-0.06326882998779412,0.5743811700121106
dqn_verified,dqn,synthetic_rough_heston,no_cancel,1615174803,23.28779584573931,23.25911459199171,0.4485540660869276,1.69355406608702,-1.245000000000104,-0.13000000000000966,0.0,0,0.16185000000002556,-0.02666924624556763,0.13518075375445793
dqn_verified,dqn,synthetic_rough_heston,no_cancel,573603312,9.905843650640236,9.847687310036696,0.007689197143946558,-2.411562576495571,2.419251773639496,0.2400000000000091,0.0,0,0.580620425673501,-0.05815574936601237,0.5224646763074886
dqn_verified,dqn,synthetic_rough_heston,no_cancel,1292648848,31.939216071174087,31.13309704559213,10.6684131425435,8.97841314254338,1.690000000000122,-0.21999999999999886,0.0,0,-0.37180000000002494,0.3320313642179919,-0.039768635782033046
dqn_verified,dqn,synthetic_rough_heston,no_cancel,504177273,-0.12467081049180706,-0.13096650024334552,0.5556030447176425,0.7934538267308598,-0.2378507820131924,-0.10000000000000853,0.0,0,0.02378507820132127,-0.003208742318543307,0.020576335882777963
dqn_verified,dqn,synthetic_rough_heston,no_cancel,2023171617,4.410234561901234,4.409043728328673,0.727032983356537,0.3450845653692445,0.3819484179872872,-0.030000000000001137,0.0,0,-0.01145845253961905,0.004094936016322262,-0.007363516523296788
dqn_verified,dqn,synthetic_rough_heston,no_cancel,155866399,25.29909871426389,25.29667959501732,0.36065457239374155,-0.4918454276060844,0.8524999999998144,-0.23000000000000398,0.0,0,-0.1960749999999607,-0.0011184020406849945,-0.1971934020406457
dqn_verified,dqn,synthetic_rough_heston,no_cancel,426465092,62.64915900991036,62.62669888008435,3.4961704049263034,1.4986704049260844,1.9975000000002083,-0.01999999999999602,0.0,0,-0.03994999999999622,0.09977194517681237,0.05982194517681615
dqn_verified,dqn,synthetic_rough_heston,no_cancel,2075242093,30.60233649764814,30.60149069117061,0.2260470371230099,0.2908275223441099,-0.06478048522111154,-0.020000000000010232,0.0,0,0.0012956097044228938,-0.00033483384760722343,0.0009607758568156704
dqn_verified,dqn,synthetic_rough_heston,no_cancel,426948909,-38.828037265124294,-38.9472342417421,0.9560835077569294,3.4524915150917903,-2.4964080073348742,0.4300000000000068,0.0,0,-1.0734554431540129,-0.1100560198797601,-1.1835114630337729
dqn_verified,dqn,synthetic_rough_heston,no_auction,1906509230,37.100448291761495,37.09303106327189,0.8612333301495596,0.8612333301495347,0.0,0.04999999999999716,0.0,0,0.0,4.285460875053104e-16,4.285460875053104e-16
dqn_verified,dqn,synthetic_rough_heston,no_auction,1178422796,15.448756034193138,15.445570671859006,0.5643901429093887,0.564390142909402,0.0,-0.2600000000000051,0.0,0,-0.0,-1.504352198367087e-16,-1.504352198367087e-16
dqn_verified,dqn,synthetic_rough_heston,no_auction,1963502950,44.695822427576786,44.690742152955394,0.7127604521430442,0.7127604521430264,0.0,-0.009999999999990905,0.0,0,-0.0,2.531308496145357e-16,2.531308496145357e-16
dqn_verified,dqn,synthetic_rough_heston,no_auction,1703319850,23.594677372580918,23.59163252611414,0.5518012746250065,0.5518012746250243,0.0,0.1700000000000017,0.0,0,0.0,-1.9595436384634014e-16,-1.9595436384634014e-16
dqn_verified,dqn,synthetic_rough_heston,no_auction,1313726939,22.503755499968975,22.502580810908974,0.3427373717587443,0.3427373717587514,0.0,0.010000000000005116,0.0,0,0.0,-4.8711035205428746e-17,-4.8711035205428746e-17
dqn_verified,dqn,synthetic_rough_heston,no_auction,1061055793,-15.074937808996765,-15.080680367393505,0.757796700754156,0.7577967007541826,0.0,0.14000000000000057,0.0,0,0.0,-4.030109579389318e-16,-4.030109579389318e-16
dqn_verified,dqn,synthetic_rough_heston,no_auction,1067007710,35.95924655012459,35.956284672479896,0.5442313519719875,0.5442313519720026,0.0,-0.11999999999999034,0.0,0,-0.0,-1.6431300764452317e-16,-1.6431300764452317e-16
dqn_verified,dqn,synthetic_rough_heston,no_auction,40720655,-6.28244270747382,-6.282468626354809,0.050910589261093264,0.050910589261082606,0.0,-0.09999999999999432,0.0,0,-0.0,1.0850695342234928e-17,1.0850695342234928e-17
dqn_verified,dqn,synthetic_rough_heston,no_auction,1966159132,24.535177520087018,24.525286994798897,0.9945112009485655,0.9945112009485593,0.0,0.35999999999999943,0.0,0,0.0,1.2323475573339239e-16,1.2323475573339239e-16
dqn_verified,dqn,synthetic_rough_heston,no_auction,188577770,5.4763526973329135,5.475315779699632,0.3220120546316849,0.3220120546316969,0.0,0.12999999999999545,0.0,0,0.0,-7.716050021144839e-17,-7.716050021144839e-17
dqn_verified,dqn,synthetic_rough_heston,no_auction,1402152033,44.26324659539932,44.25527503180919,0.8928361322288509,0.8928361322288758,0.0,-0.46999999999999886,0.0,0,-0.0,-4.440892098500626e-16,-4.440892098500626e-16
dqn_verified,dqn,synthetic_rough_heston,no_auction,2092728533,-26.195552833938564,-27.093048541541712,9.473625006316993,9.473625006316997,0.0,0.28000000000000114,0.0,0,0.0,-7.105427357601002e-16,-7.105427357601002e-16
dqn_verified,dqn,synthetic_rough_heston,no_auction,1437347273,42.426790493364024,42.41975907784794,0.8385353609767918,0.8385353609767563,0.0,-0.06999999999999318,0.0,0,-0.0,5.961897642237091e-16,5.961897642237091e-16
dqn_verified,dqn,synthetic_rough_heston,no_auction,1045146178,35.311705691779935,35.30519974933269,0.8065942255712883,0.8065942255713008,0.0,-0.0800000000000125,0.0,0,-0.0,-1.9984014443252818e-16,-1.9984014443252818e-16
dqn_verified,dqn,synthetic_rough_heston,no_auction,528283994,7.868536564719761,7.868036921530815,0.22352699813349375,0.22352699813350485,0.0,-0.23000000000000398,0.0,0,-0.0,-4.9613091412936685e-17,-4.9613091412936685e-17
dqn_verified,dqn,synthetic_rough_heston,no_auction,36265689,6.740914031790453,6.736466355753379,0.6669089920727203,0.6669089920727282,0.0,-0.12000000000000455,0.0,0,-0.0,-1.0658141036401502e-16,-1.0658141036401502e-16
dqn_verified,dqn,synthetic_rough_heston,no_auction,1193742096,12.833180168190665,12.830786760133211,0.4892246986256481,0.48922469862564455,0.0,0.23000000000000398,0.0,0,0.0,3.469446951953614e-17,3.469446951953614e-17
dqn_verified,dqn,synthetic_rough_heston,no_auction,793249015,-4.658140424882731,-4.658249050474536,0.10422360183980572,0.1042236018398488,0.0,-0.05000000000001137,0.0,0,-0.0,-8.978928711655953e-17,-8.978928711655953e-17
dqn_verified,dqn,synthetic_rough_heston,no_auction,1309854583,-0.8840976960691478,-0.8842013547835396,0.10181292373357564,0.10181292373356499,0.0,0.3100000000000023,0.0,0,0.0,2.1701390684469856e-17,2.1701390684469856e-17
dqn_verified,dqn,synthetic_rough_heston,no_auction,1144601564,26.057268429536634,26.048942015860803,0.912491845214646,0.9124918452146327,0.0,-0.18999999999999773,0.0,0,-0.0,2.431388423929093e-16,2.431388423929093e-16
dqn_verified,dqn,synthetic_rough_heston,no_auction,982973886,10.12166458313368,10.11872816235754,0.5418875138014698,0.5418875138014592,0.0,0.010000000000005116,0.0,0,0.0,1.1546319456101628e-16,1.1546319456101628e-16
dqn_verified,dqn,synthetic_rough_heston,no_auction,715231342,-10.289944790363734,-10.292987409949687,0.551599454854113,0.551599454854113,0.0,-0.23000000000000398,0.0,0,-0.0,0.0,0.0
dqn_verified,dqn,synthetic_rough_heston,no_auction,2130732657,13.07330565617849,13.073054404875498,0.15850908585721868,0.1585090858571867,0.0,-0.10999999999999943,0.0,0,-0.0,1.0134254546656507e-16,1.0134254546656507e-16
dqn_verified,dqn,synthetic_rough_heston,no_auction,1234679122,7.036206612479873,7.0351823633599615,0.3200389226190907,0.3200389226190854,0.0,0.09999999999999432,0.0,0,0.0,3.4139358007223563e-17,3.4139358007223563e-17
dqn_verified,dqn,synthetic_rough_heston,no_auction,490149342,4.3684554202427535,4.366450281577898,0.4477877471364309,0.4477877471364242,0.0,-0.09000000000000341,0.0,0,-0.0,5.967448757360216e-17,5.967448757360216e-17
dqn_verified,dqn,synthetic_rough_heston,no_auction,381953676,20.46219149672288,20.458720256467767,0.589172322424588,0.5891723224245773,0.0,-0.14999999999999147,0.0,0,-0.0,1.254552017826427e-16,1.254552017826427e-16
dqn_verified,dqn,synthetic_rough_heston,no_auction,478640128,-46.78149318473879,-53.86069920794331,26.606777375707352,26.606777375707342,0.0,-0.04000000000000625,0.0,0,-0.0,5.684341886080802e-15,5.684341886080802e-15
dqn_verified,dqn,synthetic_rough_heston,no_auction,951876364,17.147715405750205,17.145930974867657,0.4224252457595128,0.4224252457595119,0.0,-0.0799999999999983,0.0,0,-0.0,7.494005416219807e-18,7.494005416219807e-18
dqn_verified,dqn,synthetic_rough_heston,no_auction,723990043,0.9969377814632026,0.9745289030554767,1.4969595321092157,1.4969595321091975,0.0,0.060000000000002274,0.0,0,0.0,5.46229728115577e-16,5.46229728115577e-16
dqn_verified,dqn,synthetic_rough_heston,no_auction,487116369,37.55134108023594,37.546079003279075,0.7254017477832804,0.7254017477832662,0.0,-0.25,0.0,0,-0.0,2.0650148258027913e-16,2.0650148258027913e-16
dqn_verified,dqn,synthetic_rough_heston,no_auction,1985429050,47.080784663648956,47.08066346081829,0.11009215715019138,0.11009215715019138,0.0,-0.12000000000000455,0.0,0,-0.0,0.0,0.0
dqn_verified,dqn,synthetic_rough_heston,no_auction,1628956857,-10.065496335630087,-10.071850409149425,0.7971244268832152,0.7971244268831974,0.0,-0.3200000000000074,0.0,0,-0.0,2.8310687127941495e-16,2.8310687127941495e-16
dqn_verified,dqn,synthetic_rough_heston,no_auction,1189523478,17.555008571793223,17.55383508585492,0.34256181023322085,0.34256181023318755,0.0,0.2600000000000051,0.0,0,0.0,2.282896094385478e-16,2.282896094385478e-16
dqn_verified,dqn,synthetic_rough_heston,no_auction,1296530916,-15.304206128213991,-15.926563788558068,7.888964826541439,7.888964826541425,0.0,-0.20999999999999375,0.0,0,-0.0,2.2026824808563106e-15,2.2026824808563106e-15
dqn_verified,dqn,synthetic_rough_heston,no_auction,707561452,27.38191016068049,26.74744081053774,7.965358436020026,7.965358436020012,0.0,0.060000000000002274,0.0,0,0.0,2.1316282072803005e-15,2.1316282072803005e-15
dqn_verified,dqn,synthetic_rough_heston,no_auction,901155818,15.609976538849878,15.600024261560266,0.9976110108460574,0.9976110108460201,0.0,-0.1600000000000108,0.0,0,-0.0,7.4495964952348e-16,7.4495964952348e-16
dqn_verified,dqn,synthetic_rough_heston,no_auction,1820860524,28.48921244824305,28.480688557843457,0.923249175444866,0.9232491754448562,0.0,0.01999999999999602,0.0,0,0.0,1.8096635301390053e-16,1.8096635301390053e-16
dqn_verified,dqn,synthetic_rough_heston,no_auction,1044185241,-6.4557769499751885,-6.4572839836095275,0.38820531092950716,0.3882053109295134,0.0,0.09000000000000341,0.0,0,0.0,-4.829470157119431e-17,-4.829470157119431e-17
dqn_verified,dqn,synthetic_rough_heston,no_auction,591637826,11.926514163078537,11.925444471317858,0.3270614255272051,0.32706142552719,0.0,0.25,0.0,0,0.0,9.880984919163893e-17,9.880984919163893e-17
dqn_verified,dqn,synthetic_rough_heston,no_auction,27222720,-0.799804963364295,-0.8002014969453352,0.19913150957100356,0.19913150957098757,0.0,-0.13000000000000966,0.0,0,-0.0,6.369904603786835e-17,6.369904603786835e-17
dqn_verified,dqn,synthetic_rough_heston,no_auction,64598572,8.247309049191244,8.247036091142727,0.16521442083468685,0.1652144208346824,0.0,0.29000000000000625,0.0,0,0.0,1.467576060676379e-17,1.467576060676379e-17
dqn_verified,dqn,synthetic_rough_heston,no_auction,824692580,22.170052264054902,22.167717257211248,0.48321908526624213,0.48321908526626967,0.0,0.04999999999999716,0.0,0,0.0,-2.661759701538813e-16,-2.661759701538813e-16
dqn_verified,dqn,synthetic_rough_heston,no_auction,1292888439,11.263895466734539,11.260227129430453,0.605668003454582,0.6056680034545564,0.0,-0.0799999999999983,0.0,0,-0.0,3.1086244689504386e-16,3.1086244689504386e-16
dqn_verified,dqn,synthetic_rough_heston,no_auction,1567077053,15.433059351054908,15.43256042544135,0.22336642844371113,0.2233664284437249,0.0,0.18000000000000682,0.0,0,0.0,-6.147859998861804e-17,-6.147859998861804e-17
dqn_verified,dqn,synthetic_rough_heston,no_auction,1386223455,20.517622502979066,20.517526213004633,0.09812745509508147,0.09812745509506215,0.0,0.29000000000000625,0.0,0,0.0,3.7921055184853e-17,3.7921055184853e-17
dqn_verified,dqn,synthetic_rough_heston,no_auction,2103330825,26.123671877659945,25.533716884471154,7.680852772894397,7.680852772894372,0.0,-0.12000000000000455,0.0,0,-0.0,3.836930773104541e-15,3.836930773104541e-15
dqn_verified,dqn,synthetic_rough_heston,no_auction,1713764255,-18.403874196739707,-18.405391009308403,0.38946277982560673,0.3894627798256085,0.0,-0.18999999999999773,0.0,0,-0.0,-1.3877787807814457e-17,-1.3877787807814457e-17
dqn_verified,dqn,synthetic_rough_heston,no_auction,338169861,14.538057887739342,14.536570308663295,0.3856914668549365,0.3856914668549578,0.0,0.3499999999999943,0.0,0,0.0,-1.6431300764452317e-16,-1.6431300764452317e-16
dqn_verified,dqn,synthetic_rough_heston,no_auction,460890984,32.76741601799404,32.76029755954578,0.8437095737428564,0.8437095737428866,0.0,-0.18000000000000682,0.0,0,-0.0,-5.095923683029468e-16,-5.095923683029468e-16
dqn_verified,dqn,synthetic_rough_heston,no_auction,1844393987,2.971441732172025,2.969965206575859,0.3842558517662127,0.38425585176622956,0.0,0.0799999999999983,0.0,0,0.0,-1.2961853812498702e-16,-1.2961853812498702e-16
dqn_verified,dqn,synthetic_rough_heston,no_auction,1032412864,2.4278469070814026,2.424829863118104,0.5492762477386748,0.5492762477386544,0.0,-0.010000000000005116,0.0,0,-0.0,2.248201624865942e-16,2.248201624865942e-16
dqn_verified,dqn,synthetic_rough_heston,no_auction,285977676,26.801473684858138,26.801462622768252,0.03325972021472978,0.033259720214728006,0.0,0.12000000000000455,0.0,0,0.0,1.1817803680091999e-18,1.1817803680091999e-18
dqn_verified,dqn,synthetic_rough_heston,no_auction,1194047159,29.11811632355966,29.117646977224574,0.21664402486258894,0.21664402486258139,0.0,0.3499999999999943,0.0,0,0.0,3.2751579226442116e-17,3.2751579226442116e-17
dqn_verified,dqn,synthetic_rough_heston,no_auction,410795716,-14.946939932089663,-14.947009344944217,0.08331437724322655,0.08331437724319124,0.0,0.14000000000000057,0.0,0,0.0,5.883314668775341e-17,5.883314668775341e-17
dqn_verified,dqn,synthetic_rough_heston,no_auction,1688827796,28.640986860238627,28.633273575068518,0.8782531053237221,0.8782531053237173,0.0,0.1799999999999926,0.0,0,0.0,8.548717289613706e-17,8.548717289613706e-17
dqn_verified,dqn,synthetic_rough_heston,no_auction,1615174803,23.125945845738897,23.123933838236866,0.4485540660869276,0.44855406608691606,0.0,-0.14000000000000057,0.0,0,-0.0,1.0352829704629585e-16,1.0352829704629585e-16
dqn_verified,dqn,synthetic_rough_heston,no_auction,573603312,9.325223224966976,9.32522263372945,0.007689197143946558,0.0076891971439252416,0.0,0.2400000000000091,0.0,0,0.0,3.278153031145703e-18,3.278153031145703e-18
dqn_verified,dqn,synthetic_rough_heston,no_auction,1292648848,32.31101607117307,31.17286568137312,10.6684131425435,10.668413142543502,0.0,-0.21999999999999886,0.0,0,-0.0,-4.263256414560601e-16,-4.263256414560601e-16
dqn_verified,dqn,synthetic_rough_heston,no_auction,504177273,-0.14845588869138737,-0.1515428361243828,0.5556030447176425,0.5556030447176674,0.0,-0.10000000000000853,0.0,0,-0.0,-2.76445533131664e-16,-2.76445533131664e-16
dqn_verified,dqn,synthetic_rough_heston,no_auction,2023171617,4.421693014441189,4.416407244852306,0.727032983356537,0.7270329833565317,0.0,-0.030000000000001137,0.0,0,-0.0,7.771561172376097e-17,7.771561172376097e-17
dqn_verified,dqn,synthetic_rough_heston,no_auction,155866399,25.49517371426373,25.493872997057842,0.36065457239374155,0.36065457239373,0.0,-0.23000000000000398,0.0,0,-0.0,8.354428260304304e-17,8.354428260304304e-17
dqn_verified,dqn,synthetic_rough_heston,no_auction,426465092,62.68910900991068,62.56687693490785,3.4961704049263034,3.4961704049262927,0.0,-0.01999999999999602,0.0,0,-0.0,7.460698725481052e-16,7.460698725481052e-16
dqn_verified,dqn,synthetic_rough_heston,no_auction,2075242093,30.601040887942872,30.60052991531295,0.2260470371230099,0.22604703712299834,0.0,-0.020000000000010232,0.0,0,-0.0,5.218048215738236e-17,5.218048215738236e-17
dqn_verified,dqn,synthetic_rough_heston,no_auction,426948909,-37.75458182196962,-37.763722778707674,0.9560835077569294,0.9560835077569161,0.0,0.4300000000000068,0.0,0,0.0,2.5535129566378603e-16,2.5535129566378603e-16
ddpg_paper_actor,ddpg,synthetic_rough_heston,learned,1906509230,33.662485069744434,27.663257656671416,0.7991796593988028,-24.493320340601066,25.292499999999883,0.030000000000001137,0.0,0,0.7587750000000253,-5.9928405317930515,-5.234065531793027
ddpg_paper_actor,ddpg,synthetic_rough_heston,learned,1178422796,16.327694644665826,16.323898374255265,0.6161388163848898,0.616138816384896,0.0,-0.2600000000000051,0.0,0,-0.0,-7.660538869913581e-17,-7.660538869913581e-17
ddpg_paper_actor,ddpg,synthetic_rough_heston,learned,1963502950,37.034150419989196,37.03298107377057,0.6205429531911051,-0.34195704680901406,0.9625000000001194,-0.009999999999990905,0.24799999999999997,15,-0.2576249999999924,0.0026813893489279583,-0.2549436106510644
ddpg_paper_actor,ddpg,synthetic_rough_heston,learned,1703319850,6.653546223872821,6.564078660331867,0.01138710442143065,-2.9911128955784037,3.002499999999845,0.1599999999999966,0.086,4,0.394399999999965,-0.08946626687948317,0.30493373312048183
ddpg_paper_actor,ddpg,synthetic_rough_heston,learned,1313726939,14.362185898955431,10.67996561207742,0.34336163037058043,-19.18911224334782,19.532473873718406,0.0,0.0,0,0.0,-3.681041314785905,-3.681041314785905
ddpg_paper_actor,ddpg,synthetic_rough_heston,learned,1061055793,-12.967233892708245,-18.744558009759967,0.6539351867832437,-24.036064813217077,24.690000000000335,0.10999999999999943,0.01,4,2.705900000000023,-5.7730478047665885,-3.0671478047665657
ddpg_paper_actor,ddpg,synthetic_rough_heston,learned,1067007710,31.794563149767303,31.78665576297746,0.8707651159656109,-0.8892348840346291,1.7600000000002751,-0.11999999999999034,0.078,4,-0.289200000000016,-0.00032506791801476534,-0.2895250679180308
ddpg_paper_actor,ddpg,synthetic_rough_heston,learned,40720655,-3.514151991636201,-3.5151257326876233,0.966801229543492,0.31204824169065803,0.6547529878528522,-0.09999999999999432,0.017,1,-0.0824752987852815,0.008373305123045766,-0.07410199366223573
ddpg_paper_actor,ddpg,synthetic_rough_heston,learned,1966159132,21.051521473624977,21.044760731318593,0.8519728544071938,0.8222373323064792,0.029735522100723017,0.35999999999999943,0.084,3,-0.07329521204373973,0.0004978351400826597,-0.07279737690365708
ddpg_paper_actor,ddpg,synthetic_rough_heston,learned,188577770,6.949379443707585,5.381887032885752,0.040407214987553175,-12.519953717254042,12.560360932241595,0.11999999999999034,0.0,0,1.50724331186887,-1.5674760833916028,-0.060232771522732875
ddpg_paper_actor,ddpg,synthetic_rough_heston,learned,1402152033,41.39019964015097,41.390184123194004,0.03939156885122941,0.039391568851231185,0.0,-0.46999999999999886,0.0,0,-0.0,-1.3986208025063008e-18,-1.3986208025063008e-18
ddpg_paper_actor,ddpg,synthetic_rough_heston,learned,2092728533,-16.000448027436505,-18.08642624587984,0.8283415984576123,-14.44291597442613,15.271257572883743,0.269999999999996,0.0,0,4.12323954467855,-2.079116720405982,2.044122824272568
ddpg_paper_actor,ddpg,synthetic_rough_heston,learned,1437347273,41.51137241879558,41.5109191412446,0.8067717868666904,0.21290315896650402,0.5938686279001801,-0.06999999999999318,0.195,9,-0.23657080395300856,0.00605552960986156,-0.230515274343147
ddpg_paper_actor,ddpg,synthetic_rough_heston,learned,1045146178,36.80476571302049,36.80401664267447,0.2736914953035381,0.2736914953035203,0.0,-0.0800000000000125,0.078,8,-0.078,9.71445146547012e-17,-0.0779999999999999
ddpg_paper_actor,ddpg,synthetic_rough_heston,learned,528283994,5.066277841905831,5.062940989587272,0.5776549418605157,0.5776549418605206,0.0,-0.23000000000000398,0.39000000000000007,20,-0.39000000000000007,-5.60662627435704e-17,-0.3900000000000001
ddpg_paper_actor,ddpg,synthetic_rough_heston,learned,36265689,4.078947955045805,4.074466417634284,0.6077841836874853,0.6694428587655041,-0.06165867507801086,-0.12000000000000455,0.0,0,0.007399041009361583,-0.0007875212721146779,0.006611519737246905
ddpg_paper_actor,ddpg,synthetic_rough_heston,learned,1193742096,8.195375030084818,7.873042132035442,0.8652124759123296,-5.677436904531624,6.542649380443936,0.21999999999999886,0.006,3,1.4333828636976584,-0.31484697176463283,1.1185358919330257
ddpg_paper_actor,ddpg,synthetic_rough_heston,learned,793249015,-6.331455153720526,-7.349346394158067,0.5859403786201653,-10.08905962137969,10.67499999999988,-0.060000000000002274,0.0,0,-0.6405000000000171,-1.0144579791645654,-1.6549579791645823
ddpg_paper_actor,ddpg,synthetic_rough_heston,learned,1309854583,0.07236027523584199,0.03605407539883938,0.015546942952525455,-1.905418584904708,1.9209655278572402,0.3100000000000023,0.12,6,0.4754993136357488,-0.036303782762650914,0.43919553087309793
ddpg_paper_actor,ddpg,synthetic_rough_heston,learned,1144601564,23.122658309874854,23.120881801887037,0.7414864158923962,0.4214864158924012,0.32000000000001094,-0.18999999999999773,0.173,11,-0.23380000000000134,0.0037215130617112924,-0.23007848693829006
ddpg_paper_actor,ddpg,synthetic_rough_heston,learned,982973886,7.021022019380325,2.9689877845894745,0.34901859964416815,-20.129665259985945,20.47868385963013,0.0,0.0,0,0.0,-4.050816094961875,-4.050816094961875
ddpg_paper_actor,ddpg,synthetic_rough_heston,learned,715231342,-11.492740119104331,-11.496417605866657,0.411422852663506,0.6064228526635382,-0.1950000000000074,-0.23000000000000398,0.3440000000000001,16,-0.2991499999999976,-0.0019847991253880647,-0.30113479912538565
ddpg_paper_actor,ddpg,synthetic_rough_heston,learned,2130732657,6.563873079351048,6.563589620732552,0.6914960356197071,0.16836229343164177,0.5231337421880857,-0.10999999999999943,0.31400000000000006,14,-0.3715447116406892,0.00449820905428209,-0.3670465025864071
ddpg_paper_actor,ddpg,synthetic_rough_heston,learned,1234679122,1.8280950733135106,1.6123755490358456,0.16793840306063146,-4.64456159693964,4.8125000000002665,0.09000000000000341,0.001,1,0.4321250000000404,-0.21543749120543948,0.2166875087946009
ddpg_paper_actor,ddpg,synthetic_rough_heston,learned,490149342,9.371757936540947,9.347546891701068,0.1777155143104494,-1.5559898727137949,1.7337053870242194,-0.09000000000000341,0.066,3,-0.22203348483218566,-0.02389521679961264,-0.2459287016317983
ddpg_paper_actor,ddpg,synthetic_rough_heston,learned,381953676,16.573360160665615,16.571186614970944,0.7062130086852676,0.4662130086851368,0.24000000000012278,-0.14999999999999147,0.39000000000000007,20,-0.4260000000000164,0.0028138224416905037,-0.42318617755832594
ddpg_paper_actor,ddpg,synthetic_rough_heston,learned,478640128,-42.98291116371061,-42.983850437425275,20.110285090008034,-0.30647572736862827,20.416760817376638,-0.060000000000002274,0.006,3,-1.2310056490426446,4.043296390299333,2.8122907412566884
ddpg_paper_actor,ddpg,synthetic_rough_heston,learned,951876364,11.952569611552535,11.952552888222678,0.7908941681142068,0.04089416811414104,0.750000000000064,-0.0799999999999983,0.42000000000000015,24,-0.480000000000004,0.006238412521713155,-0.47376158747829084
ddpg_paper_actor,ddpg,synthetic_rough_heston,learned,723990043,1.2622978076196887,-0.7982141974311254,0.45339712199159976,-14.35448363770294,14.807880759694532,0.04999999999999716,0.0,0,0.7403940379846845,-2.058456315548512,-1.3180622775638273
ddpg_paper_actor,ddpg,synthetic_rough_heston,learned,487116369,26.543996973516638,26.501571106711665,2.067131600425455,2.0597540339800897,0.007377566445390743,-0.25,0.029,1,-0.030844391611347687,0.0003044637298025066,-0.03053992788154518
ddpg_paper_actor,ddpg,synthetic_rough_heston,learned,1985429050,40.210891296702336,40.208601869886095,0.4168376428398801,0.47847955193957054,-0.061641909099681515,-0.12000000000000455,0.049,2,-0.04160297090803794,-0.0005518906113598474,-0.042154861519397784
ddpg_paper_actor,ddpg,synthetic_rough_heston,learned,1628956857,4.346160853940091,4.3378483339669085,0.911730221786172,0.9117302217861667,0.0,-0.3200000000000074,0.0,0,-0.0,9.658940314238862e-17,9.658940314238862e-17
ddpg_paper_actor,ddpg,synthetic_rough_heston,learned,1189523478,16.90836317589128,16.74448341710482,0.736793498517315,-4.0482065014826265,4.784999999999915,0.25,0.0,0,1.1962499999999787,-0.1584511121918882,1.0377988878080906
ddpg_paper_actor,ddpg,synthetic_rough_heston,learned,1296530916,-10.386368879539717,-11.396109229067697,11.276083728705515,10.048583728705156,1.2275000000003686,-0.20999999999999375,0.10400000000000001,13,-0.3617750000000698,0.26176029303979276,-0.10001470696027703
ddpg_paper_actor,ddpg,synthetic_rough_heston,learned,707561452,26.53677867740771,21.924811525768924,4.323824008752666,-21.475491034290194,25.79931504304283,0.04000000000000625,0.0,0,1.0319726017218747,-4.425012611052125,-3.3930400093302504
ddpg_paper_actor,ddpg,synthetic_rough_heston,learned,901155818,11.17174166665152,11.170462054825956,0.28521662325991315,0.35771662325992715,-0.07250000000003709,-0.1600000000000108,0.29900000000000004,13,-0.2873999999999933,-0.00046612660372697415,-0.2878661266037203
ddpg_paper_actor,ddpg,synthetic_rough_heston,learned,1820860524,19.32421999761356,18.363185909196968,0.6664269199233814,-9.803234611170906,10.469661531094333,0.009999999999990905,0.034,5,0.07069661531084812,-0.9565928400206062,-0.885896224709758
ddpg_paper_actor,ddpg,synthetic_rough_heston,learned,1044185241,-6.773266452579264,-8.414497108666845,0.13907625329865425,-12.811052478573263,12.950128731871931,0.0799999999999983,0.0,0,1.0360102985497324,-1.6410372340452657,-0.6050269354955333
ddpg_paper_actor,ddpg,synthetic_rough_heston,learned,591637826,13.991655497338797,11.598429973235657,0.7124465931637474,-15.470053406834573,16.182499999998306,0.22999999999998977,0.0,0,3.721974999999445,-2.3881497226220336,1.3338252773774113
ddpg_paper_actor,ddpg,synthetic_rough_heston,learned,27222720,1.1271924934857815,1.1209139543539917,0.4034042402114153,-0.792372332416386,1.1957765726277871,-0.13000000000000966,0.43500000000000016,29,-0.5904509544416241,-0.004651189321584345,-0.5951021437632085
ddpg_paper_actor,ddpg,synthetic_rough_heston,learned,64598572,6.82340426396695,6.793325551469733,0.8380702087889063,-1.7343215531502865,2.572391761939205,0.29000000000000625,0.0,0,0.7459936109623856,-0.02305509574862141,0.7229385152137642
ddpg_paper_actor,ddpg,synthetic_rough_heston,learned,824692580,17.259049041302788,17.247396356107718,0.3630239606617067,-1.0794760393390606,1.4425000000007842,0.04000000000000625,0.11,11,-0.052299999999959615,-0.010334821234926326,-0.06263482123488594
ddpg_paper_actor,ddpg,synthetic_rough_heston,learned,1292888439,7.82054402814612,7.82009467667466,0.1953998505208716,-0.21197911959908516,0.40737897011994256,-0.0799999999999983,0.209,19,-0.2415903176095947,-6.754045562424281e-05,-0.24165785806521894
ddpg_paper_actor,ddpg,synthetic_rough_heston,learned,1567077053,16.028378400389556,15.021129584551849,0.21382136549151198,-10.03617863450879,10.250000000000313,0.1700000000000017,0.0,0,1.7425000000000705,-1.0067916200743006,0.73570837992577
ddpg_paper_actor,ddpg,synthetic_rough_heston,learned,1386223455,20.38489177014344,18.06728908371032,0.01353804181192686,-15.223674610399154,15.237212652211074,0.28000000000000114,0.0,0,4.2664195426191185,-2.3176008536473574,1.9488186889717611
ddpg_paper_actor,ddpg,synthetic_rough_heston,learned,2103330825,20.41532346618634,20.415242379556563,0.12745188520658246,-0.0900481147934098,0.21750000000000824,-0.12000000000000455,0.31300000000000006,17,-0.339100000000002,8.135320064864765e-05,-0.33901864679935334
ddpg_paper_actor,ddpg,synthetic_rough_heston,learned,1713764255,-13.027903701629825,-13.02836872198788,0.295643306887996,0.2156433068879382,0.08000000000004093,-0.18999999999999773,0.38400000000000006,23,-0.39920000000000766,0.000409029291021043,-0.3987909707089866
ddpg_paper_actor,ddpg,synthetic_rough_heston,learned,338169861,17.435613576793912,16.768370359707475,0.6190043178908127,-8.168495682109628,8.787500000000406,0.3400000000000034,0.0,0,2.987750000000168,-0.6634115536307615,2.3243384463694063
ddpg_paper_actor,ddpg,synthetic_rough_heston,learned,460890984,23.847150500116275,23.846301800649652,0.3163244697279737,0.29132446972797243,0.024999999999995026,-0.18000000000000682,0.179,7,-0.18349999999999927,0.00015191223486399412,-0.18334808776513528
ddpg_paper_actor,ddpg,synthetic_rough_heston,learned,1844393987,2.927044488487925,0.49324565509431606,0.4793627264989766,-15.600637273501391,16.080000000000382,0.060000000000002274,0.07200000000000001,9,0.8928000000000595,-2.4315009471580438,-1.5387009471579842
ddpg_paper_actor,ddpg,synthetic_rough_heston,learned,1032412864,-1.628764895885979,-3.8211454010638373,0.5621495991380812,-14.80668938411912,15.368838983257191,-0.01999999999999602,0.0,0,-0.3073767796650827,-2.1892203834597472,-2.49659716312483
ddpg_paper_actor,ddpg,synthetic_rough_heston,learned,285977676,24.755109256006545,24.754841645959754,0.163587911164214,0.16358791116421045,0.0,0.12000000000000455,0.02,1,-0.02,1.1622647289044608e-17,-0.01999999999999999
ddpg_paper_actor,ddpg,synthetic_rough_heston,learned,1194047159,30.709518846962965,29.191892775732335,0.5383033085323206,-12.319196691467466,12.857499999999803,0.3299999999999983,0.0,0,4.242974999999913,-1.5147283667108613,2.728246633289052
ddpg_paper_actor,ddpg,synthetic_rough_heston,learned,410795716,-10.560764034868845,-10.564082111365112,0.6010274729791689,0.5760274729791477,0.02500000000001279,0.14000000000000057,0.255,17,-0.2514999999999982,0.0002942637364898287,-0.2512057362635084
ddpg_paper_actor,ddpg,synthetic_rough_heston,learned,1688827796,28.88139708528979,27.3816786427172,0.4282160963188346,-12.246299206587226,12.674515302906032,0.1799999999999926,0.0,0,2.281412754522992,-1.4978847523211238,0.7835280022018682
ddpg_paper_actor,ddpg,synthetic_rough_heston,learned,1615174803,18.84475967232707,18.84404366564007,0.9075830127270308,0.2675830127270178,0.6399999999999864,-0.14000000000000057,0.41900000000000015,24,-0.5085999999999986,0.007521062562906065,-0.5010789374370925
ddpg_paper_actor,ddpg,synthetic_rough_heston,learned,573603312,11.946830888159369,11.417606336998075,0.41771786469676897,-7.274782135303391,7.692500000000159,0.23000000000000398,0.020999999999999998,6,1.7482750000000673,-0.5274796690164254,1.220795330983642
ddpg_paper_actor,ddpg,synthetic_rough_heston,learned,1292648848,25.577228344715667,25.490387582554714,3.081875670281221,2.946875670281239,0.13499999999997314,-0.21999999999999886,0.182,7,-0.21169999999999392,0.008138814309758224,-0.2035611856902357
ddpg_paper_actor,ddpg,synthetic_rough_heston,learned,504177273,-3.5567895205081297,-3.5567926455179584,0.3573223026705108,-0.017677697329436803,0.3749999999999787,-0.10000000000000853,0.212,10,-0.24950000000000105,0.0012736672700288496,-0.24822633272997222
ddpg_paper_actor,ddpg,synthetic_rough_heston,learned,2023171617,2.8879280657803026,2.887645565379278,0.15154620004629749,-0.16807748243723203,0.31962368248354905,-0.030000000000001137,0.30400000000000005,15,-0.31358871047450687,-5.283789353965625e-05,-0.31364154836804653
ddpg_paper_actor,ddpg,synthetic_rough_heston,learned,155866399,28.34113046440031,28.34113044920637,0.006232636969087935,0.0012326369690986994,0.0049999999999954525,-0.23000000000000398,0.057,2,-0.05814999999999897,3.732636969085281e-07,-0.058149626736302064
ddpg_paper_actor,ddpg,synthetic_rough_heston,learned,426465092,49.94389998416409,49.9111053538335,14.130587203892077,-1.8109287763628732,15.941515980254897,-0.03999999999999204,0.0,0,-0.637660639210069,1.963940316937394,1.326279677727325
ddpg_paper_actor,ddpg,synthetic_rough_heston,learned,2075242093,31.527049134221087,30.78687725534142,0.8366757652655252,-8.603324234734306,9.439999999999827,-0.030000000000001137,0.015,1,-0.29820000000000557,-0.7331716155178398,-1.0313716155178454
ddpg_paper_actor,ddpg,synthetic_rough_heston,learned,426948909,-53.918649884049955,-63.970513164255486,31.311732952987512,31.70467359902248,-0.3929406460349745,0.4300000000000068,0.0,0,-0.1689644777950417,-0.24761707501349065,-0.4165815528085324
ddpg_paper_actor,ddpg,synthetic_rough_heston,no_cancel,1906509230,33.662485069744434,27.663257656671416,0.7991796593988028,-24.493320340601066,25.292499999999883,0.030000000000001137,0.0,0,0.7587750000000253,-5.9928405317930515,-5.234065531793027
ddpg_paper_actor,ddpg,synthetic_rough_heston,no_cancel,1178422796,16.327694644665826,16.323898374255265,0.6161388163848898,0.616138816384896,0.0,-0.2600000000000051,0.0,0,-0.0,-7.660538869913581e-17,-7.660538869913581e-17
ddpg_paper_actor,ddpg,synthetic_rough_heston,no_cancel,1963502950,36.57642541998939,31.182671368798623,0.6205429531911051,-23.22445704680901,23.845000000000116,-0.030000000000001137,0.0,0,-0.7153500000000306,-5.389903315623216,-6.105253315623246
ddpg_paper_actor,ddpg,synthetic_rough_heston,no_cancel,1703319850,6.805146223872725,6.6894705345880325,0.01138710442143065,-3.4011128955783434,3.4124999999997847,0.1599999999999966,0.0,0,0.545999999999954,-0.11567439262322199,0.430325607376732
ddpg_paper_actor,ddpg,synthetic_rough_heston,no_cancel,1313726939,14.362185898955431,10.67996561207742,0.34336163037058043,-19.18911224334782,19.532473873718406,0.0,0.0,0,0.0,-3.681041314785905,-3.681041314785905
ddpg_paper_actor,ddpg,synthetic_rough_heston,no_cancel,1061055793,-12.8161588927087,-19.226456134719385,0.6539351867832437,-25.31856481321697,25.972500000000228,0.10999999999999943,0.0,0,2.8569750000000105,-6.4060209297255515,-3.549045929725541
ddpg_paper_actor,ddpg,synthetic_rough_heston,no_cancel,1067007710,30.889490113593638,30.06475184110368,0.8707651159656109,-9.08151018548105,9.952275301446697,-0.11999999999999034,0.0,0,-1.1942730361735074,-0.8171559536181348,-2.011428989791642
ddpg_paper_actor,ddpg,synthetic_rough_heston,no_cancel,40720655,-4.659551692850073,-5.6990744270289895,0.966801229543492,-10.195698770456673,11.162500000000183,-0.10999999999999943,0.0,0,-1.2278750000000138,-1.030175688004449,-2.258050688004463
ddpg_paper_actor,ddpg,synthetic_rough_heston,no_cancel,1966159132,21.174743460411264,21.169655671703364,0.8519728544071938,0.7132873690105355,0.1386854853966668,0.35999999999999943,0.0,0,0.049926774742799974,0.0021707887385676973,0.052097563481367674
ddpg_paper_actor,ddpg,synthetic_rough_heston,no_cancel,188577770,6.949379443707585,5.381887032885752,0.040407214987553175,-12.519953717254042,12.560360932241595,0.11999999999999034,0.0,0,1.50724331186887,-1.5674760833916028,-0.060232771522732875
ddpg_paper_actor,ddpg,synthetic_rough_heston,no_cancel,1402152033,41.39019964015097,41.390184123194004,0.03939156885122941,0.039391568851231185,0.0,-0.46999999999999886,0.0,0,-0.0,-1.3986208025063008e-18,-1.3986208025063008e-18
ddpg_paper_actor,ddpg,synthetic_rough_heston,no_cancel,2092728533,-16.000448027436505,-18.08642624587984,0.8283415984576123,-14.44291597442613,15.271257572883743,0.269999999999996,0.0,0,4.12323954467855,-2.079116720405982,2.044122824272568
ddpg_paper_actor,ddpg,synthetic_rough_heston,no_cancel,1437347273,40.683918222748616,39.47045554209251,0.8067717868666904,-11.015728213132821,11.822499999999504,-0.09000000000000341,0.0,0,-1.0640249999999958,-1.2069538734952634,-2.270978873495259
ddpg_paper_actor,ddpg,synthetic_rough_heston,no_cancel,1045146178,36.64616571302031,36.57413743212152,0.2736914953035381,-2.683808504696106,2.9574999999996265,-0.0800000000000125,0.0,0,-0.2366000000000071,-0.07127921055277663,-0.3078792105527837
ddpg_paper_actor,ddpg,synthetic_rough_heston,no_cancel,528283994,4.446002841907102,4.3004724137310255,0.5776549418605157,-3.8148450581390123,4.392499999999533,-0.23000000000000398,0.0,0,-1.01027499999991,-0.14219357585751768,-1.1524685758574278
ddpg_paper_actor,ddpg,synthetic_rough_heston,no_cancel,36265689,4.078947955045805,4.074466417634284,0.6077841836874853,0.6694428587655041,-0.06165867507801086,-0.12000000000000455,0.0,0,0.007399041009361583,-0.0007875212721146779,0.006611519737246905
ddpg_paper_actor,ddpg,synthetic_rough_heston,no_cancel,1193742096,8.250723215323887,7.902417057992796,0.8652124759123296,-5.901746837429499,6.766959313341811,0.21999999999999886,0.0,0,1.4887310489351908,-0.34082023104634757,1.1479108178888433
ddpg_paper_actor,ddpg,synthetic_rough_heston,no_cancel,793249015,-6.331455153720526,-7.349346394158067,0.5859403786201653,-10.08905962137969,10.67499999999988,-0.060000000000002274,0.0,0,-0.6405000000000171,-1.0144579791645654,-1.6549579791645823
ddpg_paper_actor,ddpg,synthetic_rough_heston,no_cancel,1309854583,0.21735642733983696,0.17791242834185717,0.015546942952525455,-1.9860513336260919,2.001598276578624,0.3100000000000023,0.0,0,0.620495465739378,-0.039441581923628094,0.5810538838157498
ddpg_paper_actor,ddpg,synthetic_rough_heston,no_cancel,1144601564,22.145369407480757,21.828100178378815,0.7414864158923962,-5.632665701973996,6.374152117866408,-0.18999999999999773,0.0,0,-1.211088902394603,-0.31177120805241254,-1.5228601104470156
ddpg_paper_actor,ddpg,synthetic_rough_heston,no_cancel,982973886,7.021022019380325,2.9689877845894745,0.34901859964416815,-20.129665259985945,20.47868385963013,0.0,0.0,0,0.0,-4.050816094961875,-4.050816094961875
ddpg_paper_actor,ddpg,synthetic_rough_heston,no_cancel,715231342,-11.118840119104789,-11.12426330528404,0.411422852663506,0.7364228526636438,-0.325000000000113,-0.23000000000000398,0.0,0,0.07475000000002728,-0.0037304985423148185,0.07101950145771246
ddpg_paper_actor,ddpg,synthetic_rough_heston,no_cancel,2130732657,5.389952036119212,3.9046284425860547,0.6914960356197071,-12.187385254980484,12.87888129060021,-0.12000000000000455,0.0,0,-1.5454657548720838,-1.4805419258603794,-3.026007680732463
ddpg_paper_actor,ddpg,synthetic_rough_heston,no_cancel,1234679122,1.8299950733126025,1.6133456367155454,0.16793840306063146,-4.6545615969396845,4.822500000000311,0.09000000000000341,0.0,0,0.4340250000000444,-0.21636740352483153,0.21765759647521288
ddpg_paper_actor,ddpg,synthetic_rough_heston,no_cancel,490149342,8.70604142137563,7.949178920401456,0.1777155143104494,-8.699784485687989,8.877499999998413,-0.10000000000000853,0.0,0,-0.887749999999917,-0.756546672933908,-1.6442966729338249
ddpg_paper_actor,ddpg,synthetic_rough_heston,no_cancel,381953676,15.864676858347593,15.394308261805998,0.7062130086852676,-6.858342340111028,7.564555348796287,-0.14999999999999147,0.0,0,-1.1346833023193785,-0.4653812284052331,-1.6000645307246115
ddpg_paper_actor,ddpg,synthetic_rough_heston,no_cancel,478640128,-42.96037383584735,-42.9603833552914,20.110285090008034,-0.03085359630618356,20.141138686314193,-0.060000000000002274,0.0,0,-1.2084683211788974,4.044226144569945,2.835757823391047
ddpg_paper_actor,ddpg,synthetic_rough_heston,no_cancel,951876364,10.852144442869758,8.040021547791508,0.7908941681142068,-16.769385483905637,17.560279652019844,-0.0899999999999892,0.0,0,-1.5804251686815962,-2.8058677592266803,-4.3862929279082765
ddpg_paper_actor,ddpg,synthetic_rough_heston,no_cancel,723990043,1.2622978076196887,-0.7982141974311254,0.45339712199159976,-14.35448363770294,14.807880759694532,0.04999999999999716,0.0,0,0.7403940379846845,-2.058456315548512,-1.3180622775638273
ddpg_paper_actor,ddpg,synthetic_rough_heston,no_cancel,487116369,26.571767475576053,26.529543963972344,2.067131600425455,2.054836042211349,0.012295558214131148,-0.25,0.0,0,-0.003073889553532787,0.0005068189310670235,-0.0025670706224657637
ddpg_paper_actor,ddpg,synthetic_rough_heston,no_cancel,1985429050,40.259891296702335,40.257601869886095,0.4168376428398801,0.47847955193957403,-0.06164190909968502,-0.12000000000000455,0.0,0,0.007397029091962482,-0.0005518906113598807,0.006845138480602602
ddpg_paper_actor,ddpg,synthetic_rough_heston,no_cancel,1628956857,4.346160853940091,4.3378483339669085,0.911730221786172,0.9117302217861667,0.0,-0.3200000000000074,0.0,0,-0.0,9.658940314238862e-17,9.658940314238862e-17
ddpg_paper_actor,ddpg,synthetic_rough_heston,no_cancel,1189523478,16.90836317589128,16.74448341710482,0.736793498517315,-4.0482065014826265,4.784999999999915,0.25,0.0,0,1.1962499999999787,-0.1584511121918882,1.0377988878080906
ddpg_paper_actor,ddpg,synthetic_rough_heston,no_cancel,1296530916,-17.96434387953923,-21.674365447300858,11.276083728705515,-19.261416271296426,30.537500000001952,-0.2599999999999909,0.0,0,-7.93975000000023,-2.4385209251938544,-10.378270925194084
ddpg_paper_actor,ddpg,synthetic_rough_heston,no_cancel,707561452,26.53677867740771,21.924811525768924,4.323824008752666,-21.475491034290194,25.79931504304283,0.04000000000000625,0.0,0,1.0319726017218747,-4.425012611052125,-3.3930400093302504
ddpg_paper_actor,ddpg,synthetic_rough_heston,no_cancel,901155818,11.049016666651369,11.003763321001824,0.28521662325991315,-2.1272833767400545,2.4124999999999446,-0.1700000000000017,0.0,0,-0.4101249999999947,-0.04443986042770781,-0.4545648604277025
ddpg_paper_actor,ddpg,synthetic_rough_heston,no_cancel,1820860524,19.253523382301864,16.693979976316445,0.6664269199233814,-15.998573080076294,16.664999999999722,0.0,0.0,0,0.0,-2.5551021575894333,-2.5551021575894333
ddpg_paper_actor,ddpg,synthetic_rough_heston,no_cancel,1044185241,-6.773266452579264,-8.414497108666845,0.13907625329865425,-12.811052478573263,12.950128731871931,0.0799999999999983,0.0,0,1.0360102985497324,-1.6410372340452657,-0.6050269354955333
ddpg_paper_actor,ddpg,synthetic_rough_heston,no_cancel,591637826,13.991655497338797,11.598429973235657,0.7124465931637474,-15.470053406834573,16.182499999998306,0.22999999999998977,0.0,0,3.721974999999445,-2.3881497226220336,1.3338252773774113
ddpg_paper_actor,ddpg,synthetic_rough_heston,no_cancel,27222720,-7.969855181680032,-22.674465041333434,0.4034042402114153,-38.346590278215615,38.749994518427016,-0.25,0.0,0,-9.687498629606754,-14.702982509843197,-24.390481139449953
ddpg_paper_actor,ddpg,synthetic_rough_heston,no_cancel,64598572,6.82340426396695,6.793325551469733,0.8380702087889063,-1.7343215531502865,2.572391761939205,0.29000000000000625,0.0,0,0.7459936109623856,-0.02305509574862141,0.7229385152137642
ddpg_paper_actor,ddpg,synthetic_rough_heston,no_cancel,824692580,17.356449041302767,17.35060480515553,0.3630239606617067,-0.7644760393391623,1.127500000000886,0.04000000000000625,0.0,0,0.04510000000004249,-0.0045263721870918,0.04057362781295069
ddpg_paper_actor,ddpg,synthetic_rough_heston,no_cancel,1292888439,3.378009345755345,-6.251903051116992,0.1953998505208716,-31.03210014947802,31.227499999998876,-0.15000000000000568,0.0,0,-4.684125000000009,-9.6295305858565,-14.313655585856509
ddpg_paper_actor,ddpg,synthetic_rough_heston,no_cancel,1567077053,16.028378400389556,15.021129584551849,0.21382136549151198,-10.03617863450879,10.250000000000313,0.1700000000000017,0.0,0,1.7425000000000705,-1.0067916200743006,0.73570837992577
ddpg_paper_actor,ddpg,synthetic_rough_heston,no_cancel,1386223455,20.38489177014344,18.06728908371032,0.01353804181192686,-15.223674610399154,15.237212652211074,0.28000000000000114,0.0,0,4.2664195426191185,-2.3176008536473574,1.9488186889717611
ddpg_paper_actor,ddpg,synthetic_rough_heston,no_cancel,2103330825,19.868473466185606,19.42124046830902,0.12745188520658246,-6.687548114792039,6.814999999998637,-0.13000000000000966,0.0,0,-0.8859499999998887,-0.44707055804615836,-1.333020558046047
ddpg_paper_actor,ddpg,synthetic_rough_heston,no_cancel,1713764255,-15.009223979805029,-16.356438739440915,0.295643306887996,-11.606958083993781,11.90260139088176,-0.20000000000000284,0.0,0,-2.3805202781763857,-1.3463407099868092,-3.726860988163195
ddpg_paper_actor,ddpg,synthetic_rough_heston,no_cancel,338169861,17.435613576793912,16.768370359707475,0.6190043178908127,-8.168495682109628,8.787500000000406,0.3400000000000034,0.0,0,2.987750000000168,-0.6634115536307615,2.3243384463694063
ddpg_paper_actor,ddpg,synthetic_rough_heston,no_cancel,460890984,23.442454020219884,23.3553444083002,0.3163244697279737,-2.9514337519192684,3.267758221647236,-0.18000000000000682,0.0,0,-0.5881964798965248,-0.08610900021819566,-0.6743054801147205
ddpg_paper_actor,ddpg,synthetic_rough_heston,no_cancel,1844393987,3.362172974841087,-1.3262552849835538,0.4793627264989766,-21.652778712730246,22.132141439229237,0.060000000000002274,0.0,0,1.3279284863538046,-4.686130373589076,-3.3582018872352712
ddpg_paper_actor,ddpg,synthetic_rough_heston,no_cancel,1032412864,-1.628764895885979,-3.8211454010638373,0.5621495991380812,-14.80668938411912,15.368838983257191,-0.01999999999999602,0.0,0,-0.3073767796650827,-2.1892203834597472,-2.49659716312483
ddpg_paper_actor,ddpg,synthetic_rough_heston,no_cancel,285977676,24.77421253468856,24.77391991743814,0.163587911164214,0.1710605888038001,-0.007472677639589638,0.12000000000000455,0.0,0,-0.0008967213167507905,-2.5007203628320057e-05,-0.0009217285203791106
ddpg_paper_actor,ddpg,synthetic_rough_heston,no_cancel,1194047159,30.709518846962965,29.191892775732335,0.5383033085323206,-12.319196691467466,12.857499999999803,0.3299999999999983,0.0,0,4.242974999999913,-1.5147283667108613,2.728246633289052
ddpg_paper_actor,ddpg,synthetic_rough_heston,no_cancel,410795716,-10.242764034868742,-10.242922864108197,0.6010274729791689,0.1260274729791413,0.4750000000000192,0.14000000000000057,0.0,0,0.06650000000000296,0.003453510993302175,0.06995351099330513
ddpg_paper_actor,ddpg,synthetic_rough_heston,no_cancel,1688827796,28.88139708528979,27.3816786427172,0.4282160963188346,-12.246299206587226,12.674515302906032,0.1799999999999926,0.0,0,2.281412754522992,-1.4978847523211238,0.7835280022018682
ddpg_paper_actor,ddpg,synthetic_rough_heston,no_cancel,1615174803,17.79559811978288,16.751260215760524,0.9075830127270308,-10.219285219732129,11.126868232459133,-0.14000000000000057,0.0,0,-1.557761552544285,-1.0361008347724487,-2.593862387316734
ddpg_paper_actor,ddpg,synthetic_rough_heston,no_cancel,573603312,12.033380888158717,11.461877828826191,0.41771786469676897,-7.559782135303412,7.97750000000018,0.23000000000000398,0.0,0,1.8348250000000732,-0.5697581771876579,1.2650668228124153
ddpg_paper_actor,ddpg,synthetic_rough_heston,no_cancel,1292648848,24.824228344716175,24.807247014529118,3.081875670281221,-1.303124329719049,4.385000000000261,-0.21999999999999886,0.0,0,-0.9647000000000524,0.07799824628365604,-0.8867017537163964
ddpg_paper_actor,ddpg,synthetic_rough_heston,no_cancel,504177273,-4.616014520508543,-5.947771533367867,0.3573223026705108,-11.54017769732912,11.897499999999663,-0.10999999999999943,0.0,0,-1.3087249999999562,-1.3304802205794668,-2.6392052205794228
ddpg_paper_actor,ddpg,synthetic_rough_heston,no_cancel,2023171617,2.7866077409344143,1.7418825998167258,0.15154620004629749,-10.22117968298028,10.372725883026597,-0.03999999999999204,0.0,0,-0.41490903532098133,-1.0444954786102039,-1.4594045139311853
ddpg_paper_actor,ddpg,synthetic_rough_heston,no_cancel,155866399,28.394105464400127,28.394102818129127,0.006232636969087935,-0.016267363030896043,0.022499999999990195,-0.23000000000000398,0.0,0,-0.005174999999997834,-2.2578133639052166e-06,-0.005177257813361739
ddpg_paper_actor,ddpg,synthetic_rough_heston,no_cancel,426465092,49.94389998416409,49.9111053538335,14.130587203892077,-1.8109287763628732,15.941515980254897,-0.03999999999999204,0.0,0,-0.637660639210069,1.963940316937394,1.326279677727325
ddpg_paper_actor,ddpg,synthetic_rough_heston,no_cancel,2075242093,31.280748299772313,28.28322670780935,0.8366757652655252,-17.313352049683974,18.150027814949496,-0.030000000000001137,0.0,0,-0.5445008344485055,-2.9905213286011363,-3.535022163049642
ddpg_paper_actor,ddpg,synthetic_rough_heston,no_cancel,426948909,-53.918649884049955,-63.970513164255486,31.311732952987512,31.70467359902248,-0.3929406460349745,0.4300000000000068,0.0,0,-0.1689644777950417,-0.24761707501349065,-0.4165815528085324
ddpg_paper_actor,ddpg,synthetic_rough_heston,no_auction,1906509230,32.90371006974419,32.89732318846423,0.7991796593988028,0.7991796593988187,0.0,0.04999999999999716,0.0,0,0.0,-2.5535129566378603e-16,-2.5535129566378603e-16
ddpg_paper_actor,ddpg,synthetic_rough_heston,no_auction,1178422796,16.327694644665826,16.323898374255265,0.6161388163848898,0.616138816384896,0.0,-0.2600000000000051,0.0,0,-0.0,-7.660538869913581e-17,-7.660538869913581e-17
ddpg_paper_actor,ddpg,synthetic_rough_heston,no_auction,1963502950,37.29177541998979,37.28792468442224,0.6205429531911051,0.6205429531911053,0.0,-0.009999999999990905,0.0,0,-0.0,-2.7755575615628915e-18,-2.7755575615628915e-18
ddpg_paper_actor,ddpg,synthetic_rough_heston,no_auction,1703319850,6.259146223872449,6.259144927210978,0.01138710442143065,0.011387104421441308,0.0,0.1700000000000017,0.0,0,0.0,-2.427257613651923e-18,-2.427257613651923e-18
ddpg_paper_actor,ddpg,synthetic_rough_heston,no_auction,1313726939,14.362185898955431,14.361006926863324,0.34336163037058043,0.3433616303705822,0.0,0.010000000000005116,0.0,0,0.0,-1.2073675392798577e-17,-1.2073675392798577e-17
ddpg_paper_actor,ddpg,synthetic_rough_heston,no_auction,1061055793,-15.673133892709302,-15.677410204994434,0.6539351867832437,0.6539351867832568,0.0,0.14000000000000057,0.0,0,0.0,-1.7152945730458668e-16,-1.7152945730458668e-16
ddpg_paper_actor,ddpg,synthetic_rough_heston,no_auction,1067007710,32.08376314976704,32.07618083089521,0.8707651159656109,0.870765115965646,0.0,-0.11999999999999034,0.0,0,-0.0,-6.106226635438361e-16,-6.106226635438361e-16
ddpg_paper_actor,ddpg,synthetic_rough_heston,no_auction,40720655,-3.431676692851397,-3.4410237390258653,0.966801229543492,0.9668012295435102,0.0,-0.09999999999999432,0.0,0,-0.0,-3.530509218307998e-16,-3.530509218307998e-16
ddpg_paper_actor,ddpg,synthetic_rough_heston,no_auction,1966159132,21.12481668566943,21.117558108222962,0.8519728544071938,0.8519728544072023,0.0,0.35999999999999943,0.0,0,0.0,-1.4432899320127036e-16,-1.4432899320127036e-16
ddpg_paper_actor,ddpg,synthetic_rough_heston,no_auction,188577770,5.442136131840016,5.442119804409785,0.040407214987553175,0.040407214987553175,0.0,0.12999999999999545,0.0,0,0.0,0.0,0.0
ddpg_paper_actor,ddpg,synthetic_rough_heston,no_auction,1402152033,41.39019964015097,41.390184123194004,0.03939156885122941,0.039391568851231185,0.0,-0.46999999999999886,0.0,0,-0.0,-1.3986208025063008e-18,-1.3986208025063008e-18
ddpg_paper_actor,ddpg,synthetic_rough_heston,no_auction,2092728533,-20.12368757211516,-20.13054907015251,0.8283415984576123,0.8283415984576119,0.0,0.28000000000000114,0.0,0,0.0,7.771561172376097e-18,7.771561172376097e-18
ddpg_paper_actor,ddpg,synthetic_rough_heston,no_auction,1437347273,41.74794322275011,41.74143441558927,0.8067717868666904,0.8067717868666842,0.0,-0.06999999999999318,0.0,0,-0.0,9.992007221626409e-17,9.992007221626409e-17
ddpg_paper_actor,ddpg,synthetic_rough_heston,no_auction,1045146178,36.88276571302049,36.88201664267447,0.2736914953035381,0.2736914953035203,0.0,-0.0800000000000125,0.0,0,-0.0,9.71445146547012e-17,9.71445146547012e-17
ddpg_paper_actor,ddpg,synthetic_rough_heston,no_auction,528283994,5.45627784190583,5.452940989587272,0.5776549418605157,0.5776549418605206,0.0,-0.23000000000000398,0.0,0,-0.0,-5.60662627435704e-17,-5.60662627435704e-17
ddpg_paper_actor,ddpg,synthetic_rough_heston,no_auction,36265689,4.071548914036612,4.067854897897205,0.6077841836874853,0.6077841836874933,0.0,-0.12000000000000455,0.0,0,-0.0,-9.71445146547012e-17,-9.71445146547012e-17
ddpg_paper_actor,ddpg,synthetic_rough_heston,no_auction,1193742096,6.761992166388154,6.754506240103411,0.8652124759123296,0.8652124759123119,0.0,0.23000000000000398,0.0,0,0.0,3.0753177782116836e-16,3.0753177782116836e-16
ddpg_paper_actor,ddpg,synthetic_rough_heston,no_auction,793249015,-5.690955153721006,-5.694388414993982,0.5859403786201653,0.5859403786201893,0.0,-0.05000000000001137,0.0,0,-0.0,-2.814415367424772e-16,-2.814415367424772e-16
ddpg_paper_actor,ddpg,synthetic_rough_heston,no_auction,1309854583,-0.40313903839887644,-0.4031414554732281,0.015546942952525455,0.015546942952532117,0.0,0.3100000000000023,0.0,0,0.0,-2.0713682505335563e-18,-2.0713682505335563e-18
ddpg_paper_actor,ddpg,synthetic_rough_heston,no_auction,1144601564,23.356458309874142,23.350960288824613,0.7414864158923962,0.7414864158924122,0.0,-0.18999999999999773,0.0,0,-0.0,-2.375877272697835e-16,-2.375877272697835e-16
ddpg_paper_actor,ddpg,synthetic_rough_heston,no_auction,982973886,7.021022019380325,7.0198038795513495,0.34901859964416815,0.3490185996441859,0.0,0.010000000000005116,0.0,0,0.0,-1.2406742300186124e-16,-1.2406742300186124e-16
ddpg_paper_actor,ddpg,synthetic_rough_heston,no_auction,715231342,-11.193590119104556,-11.195282806741494,0.411422852663506,0.41142285266353085,0.0,-0.23000000000000398,0.0,0,-0.0,-2.0483614804334138e-16,-2.0483614804334138e-16
ddpg_paper_actor,ddpg,synthetic_rough_heston,no_auction,2130732657,6.935417790989959,6.930636123317181,0.6914960356197071,0.6914960356197275,0.0,-0.10999999999999943,0.0,0,-0.0,-2.8255175976710233e-16,-2.8255175976710233e-16
ddpg_paper_actor,ddpg,synthetic_rough_heston,no_auction,1234679122,1.395970073313947,1.3956880402417216,0.16793840306063146,0.16793840306062613,0.0,0.09999999999999432,0.0,0,0.0,1.790234627208065e-17,1.790234627208065e-17
ddpg_paper_actor,ddpg,synthetic_rough_heston,no_auction,490149342,9.59379142137368,9.593475593333414,0.1777155143104494,0.17771551431042454,0.0,-0.09000000000000341,0.0,0,-0.0,8.840150833577809e-17,8.840150833577809e-17
ddpg_paper_actor,ddpg,synthetic_rough_heston,no_auction,381953676,16.999360160665674,16.99437279252931,0.7062130086852676,0.7062130086852596,0.0,-0.14999999999999147,0.0,0,-0.0,1.126876369994534e-16,1.126876369994534e-16
ddpg_paper_actor,ddpg,synthetic_rough_heston,no_auction,478640128,-41.75190551466767,-45.79614117868165,20.110285090008034,20.11028509000801,0.0,-0.04000000000000625,0.0,0,-0.0,1.0231815394945442e-14,1.0231815394945442e-14
ddpg_paper_actor,ddpg,synthetic_rough_heston,no_auction,951876364,12.432569611552026,12.426314475700455,0.7908941681142068,0.790894168114205,0.0,-0.0799999999999983,0.0,0,-0.0,2.7755575615628914e-17,2.7755575615628914e-17
ddpg_paper_actor,ddpg,synthetic_rough_heston,no_auction,723990043,0.5219037696351734,0.5198480801328708,0.45339712199159976,0.45339712199159266,0.0,0.060000000000002274,0.0,0,0.0,6.439293542825907e-17,6.439293542825907e-17
ddpg_paper_actor,ddpg,synthetic_rough_heston,no_auction,487116369,26.574841365129032,26.532111034594255,2.067131600425455,2.0671316004254803,0.0,-0.25,0.0,0,-0.0,-1.0391687510491465e-15,-1.0391687510491465e-15
ddpg_paper_actor,ddpg,synthetic_rough_heston,no_auction,1985429050,40.25249426761002,40.25075673140513,0.4168376428398801,0.416837642839889,0.0,-0.12000000000000455,0.0,0,-0.0,-7.41073868937292e-17,-7.41073868937292e-17
ddpg_paper_actor,ddpg,synthetic_rough_heston,no_auction,1628956857,4.346160853940091,4.3378483339669085,0.911730221786172,0.9117302217861667,0.0,-0.3200000000000074,0.0,0,-0.0,9.658940314238862e-17,9.658940314238862e-17
ddpg_paper_actor,ddpg,synthetic_rough_heston,no_auction,1189523478,15.712113175890408,15.706684529295835,0.736793498517315,0.7367934985172884,0.0,0.2600000000000051,0.0,0,0.0,3.930189507173054e-16,3.930189507173054e-16
ddpg_paper_actor,ddpg,synthetic_rough_heston,no_auction,1296530916,-10.02459387953968,-11.296094522107454,11.276083728705515,11.276083728705524,0.0,-0.20999999999999375,0.0,0,-0.0,-1.9895196601282807e-15,-1.9895196601282807e-15
ddpg_paper_actor,ddpg,synthetic_rough_heston,no_auction,707561452,25.504806075685337,25.31785153509868,4.323824008752666,4.323824008752636,0.0,0.060000000000002274,0.0,0,0.0,2.5934809855243656e-15,2.5934809855243656e-15
ddpg_paper_actor,ddpg,synthetic_rough_heston,no_auction,901155818,11.459141666651703,11.458328181429867,0.28521662325991315,0.28521662325989006,0.0,-0.1600000000000108,0.0,0,-0.0,1.317002062961592e-16,1.317002062961592e-16
ddpg_paper_actor,ddpg,synthetic_rough_heston,no_auction,1820860524,19.253523382301864,19.24908213390588,0.6664269199233814,0.6664269199234272,0.0,0.01999999999999602,0.0,0,0.0,-6.100675520315235e-16,-6.100675520315235e-16
ddpg_paper_actor,ddpg,synthetic_rough_heston,no_auction,1044185241,-7.809276751127982,-7.809470173170298,0.13907625329865425,0.13907625329866757,0.0,0.09000000000000341,0.0,0,0.0,-3.70536934468646e-17,-3.70536934468646e-17
ddpg_paper_actor,ddpg,synthetic_rough_heston,no_auction,591637826,10.269680497338413,10.264604695857306,0.7124465931637474,0.712446593163734,0.0,0.25,0.0,0,0.0,1.8984813721090176e-16,1.8984813721090176e-16
ddpg_paper_actor,ddpg,synthetic_rough_heston,no_auction,27222720,1.7176434479279123,1.716016098117707,0.4034042402114153,0.4034042402114011,0.0,-0.13000000000000966,0.0,0,-0.0,1.146305272925474e-16,1.146305272925474e-16
ddpg_paper_actor,ddpg,synthetic_rough_heston,no_auction,64598572,6.0774106530043355,6.070387036255741,0.8380702087889063,0.8380702087889187,0.0,0.29000000000000625,0.0,0,0.0,-2.0761170560490428e-16,-2.0761170560490428e-16
ddpg_paper_actor,ddpg,synthetic_rough_heston,no_auction,824692580,17.311349041301582,17.310031177341436,0.3630239606617067,0.3630239606617236,0.0,0.04999999999999716,0.0,0,0.0,-1.2240208846492351e-16,-1.2240208846492351e-16
ddpg_paper_actor,ddpg,synthetic_rough_heston,no_auction,1292888439,8.062134345755112,8.061752534739277,0.1953998505208716,0.1953998505208574,0.0,-0.0799999999999983,0.0,0,-0.0,5.55805401702969e-17,5.55805401702969e-17
ddpg_paper_actor,ddpg,synthetic_rough_heston,no_auction,1567077053,14.285878400389265,14.285421204625859,0.21382136549151198,0.21382136549152175,0.0,0.18000000000000682,0.0,0,0.0,-4.177214130152152e-17,-4.177214130152152e-17
ddpg_paper_actor,ddpg,synthetic_rough_heston,no_auction,1386223455,16.118472227524762,16.118470394739003,0.01353804181192686,0.013538041811918866,0.0,0.29000000000000625,0.0,0,0.0,2.1643385868241885e-18,2.1643385868241885e-18
ddpg_paper_actor,ddpg,synthetic_rough_heston,no_auction,2103330825,20.75442346618547,20.754261026355046,0.12745188520658246,0.12745188520659845,0.0,-0.12000000000000455,0.0,0,-0.0,-4.0766001685454967e-17,-4.0766001685454967e-17
ddpg_paper_actor,ddpg,synthetic_rough_heston,no_auction,1713764255,-12.628703701630002,-12.62957775127908,0.295643306887996,0.29564330688797913,0.0,-0.18999999999999773,0.0,0,-0.0,9.978129433818595e-17,9.978129433818595e-17
ddpg_paper_actor,ddpg,synthetic_rough_heston,no_auction,338169861,14.44786357679368,14.444031913338005,0.6190043178908127,0.6190043178907789,0.0,0.3499999999999943,0.0,0,0.0,4.174438572590589e-16,4.174438572590589e-16
ddpg_paper_actor,ddpg,synthetic_rough_heston,no_auction,460890984,24.03065050011537,24.029649888413886,0.3163244697279737,0.31632446972796746,0.0,-0.18000000000000682,0.0,0,-0.0,3.9274139496114914e-17,3.9274139496114914e-17
ddpg_paper_actor,ddpg,synthetic_rough_heston,no_auction,1844393987,2.0342444884881843,2.031946602252619,0.4793627264989766,0.4793627264989917,0.0,0.0799999999999983,0.0,0,0.0,-1.4460654895742664e-16,-1.4460654895742664e-16
ddpg_paper_actor,ddpg,synthetic_rough_heston,no_auction,1032412864,-1.3213881162209873,-1.3245482379390983,0.5621495991380812,0.5621495991380723,0.0,-0.010000000000005116,0.0,0,-0.0,9.992007221626409e-17,9.992007221626409e-17
ddpg_paper_actor,ddpg,synthetic_rough_heston,no_auction,285977676,24.775109256006544,24.774841645959754,0.163587911164214,0.16358791116421045,0.0,0.12000000000000455,0.0,0,0.0,1.1622647289044608e-17,1.1622647289044608e-17
ddpg_paper_actor,ddpg,synthetic_rough_heston,no_auction,1194047159,26.46654384696376,26.46364614244399,0.5383033085323206,0.5383033085323365,0.0,0.3499999999999943,0.0,0,0.0,-1.7208456881689927e-16,-1.7208456881689927e-16
ddpg_paper_actor,ddpg,synthetic_rough_heston,no_auction,410795716,-10.309264034869557,-10.312876375102315,0.6010274729791689,0.6010274729791605,0.0,0.14000000000000057,0.0,0,0.0,1.0158540675320183e-16,1.0158540675320183e-16
ddpg_paper_actor,ddpg,synthetic_rough_heston,no_auction,1688827796,26.599984330767256,26.59815064051579,0.4282160963188346,0.4282160963188062,0.0,0.1799999999999926,0.0,0,0.0,2.4341639814906556e-16,2.4341639814906556e-16
ddpg_paper_actor,ddpg,synthetic_rough_heston,no_auction,1615174803,19.353359672328224,19.34512260307832,0.9075830127270308,0.9075830127270041,0.0,-0.14000000000000057,0.0,0,-0.0,4.840572387365683e-16,4.840572387365683e-16
ddpg_paper_actor,ddpg,synthetic_rough_heston,no_auction,573603312,10.198555888158808,10.19681100601394,0.41771786469676897,0.4177178646967681,0.0,0.2400000000000091,0.0,0,0.0,7.494005416219807e-18,7.494005416219807e-18
ddpg_paper_actor,ddpg,synthetic_rough_heston,no_auction,1292648848,25.788928344716624,25.69394876824591,3.081875670281221,3.081875670281212,0.0,-0.21999999999999886,0.0,0,-0.0,5.506706202140776e-16,5.506706202140776e-16
ddpg_paper_actor,ddpg,synthetic_rough_heston,no_auction,504177273,-3.3072895205077657,-3.3085663127876237,0.3573223026705108,0.3573223026705419,0.0,-0.10000000000000853,0.0,0,-0.0,-2.223221606811876e-16,-2.223221606811876e-16
ddpg_paper_actor,ddpg,synthetic_rough_heston,no_auction,2023171617,3.2015167762565397,3.201287113749055,0.15154620004629749,0.15154620004631703,0.0,-0.030000000000001137,0.0,0,-0.0,-5.92234594698482e-17,-5.92234594698482e-17
ddpg_paper_actor,ddpg,synthetic_rough_heston,no_auction,155866399,28.399280464400363,28.399280075942727,0.006232636969087935,0.006232636969094152,0.0,-0.23000000000000398,0.0,0,-0.0,-7.750012654197947e-19,-7.750012654197947e-19
ddpg_paper_actor,ddpg,synthetic_rough_heston,no_auction,426465092,50.58156062337366,48.584825676105694,14.130587203892077,14.130587203892023,0.0,-0.01999999999999602,0.0,0,-0.0,1.5063505998114125e-14,1.5063505998114125e-14
ddpg_paper_actor,ddpg,synthetic_rough_heston,no_auction,2075242093,31.82524913422094,31.81824887085911,0.8366757652655252,0.8366757652655217,0.0,-0.020000000000010232,0.0,0,-0.0,5.995204332975846e-17,5.995204332975846e-17
ddpg_paper_actor,ddpg,synthetic_rough_heston,no_auction,426948909,-53.749685406255594,-63.55393161144763,31.311732952987512,31.311732952987505,0.0,0.4300000000000068,0.0,0,0.0,4.547473508864641e-15,4.547473508864641e-15
td3_verified,td3,synthetic_rough_heston,learned,1906509230,32.80678716514194,32.80000798460697,0.5052116165044538,-0.8233577919087918,1.3285694084132635,0.04999999999999716,0.0,0,0.0664284704206594,-0.004226792760458779,0.06220167766020062
td3_verified,td3,synthetic_rough_heston,learned,1178422796,14.335916098135291,14.334330361821053,0.6192637218902206,0.39821304778203415,0.22105067410821133,-0.2600000000000051,0.37900000000000006,19,-0.4364731752681361,0.0022491392582547187,-0.4342240360098814
td3_verified,td3,synthetic_rough_heston,learned,1963502950,37.37845765077509,37.27718038999415,0.45009115164432956,-3.1824088483558857,3.632500000000231,-0.009999999999990905,0.0,0,-0.03632499999996928,-0.09925144033305315,-0.13557644033302244
td3_verified,td3,synthetic_rough_heston,learned,1703319850,13.856312911184272,13.852321219185377,0.6317983854755198,0.6317983854755127,0.0,0.1700000000000017,0.276,23,-0.276,8.992806499463769e-17,-0.2759999999999999
td3_verified,td3,synthetic_rough_heston,learned,1313726939,11.565456645632366,11.563699914478713,0.8200880198501324,0.41913376786568934,0.40095425198446166,0.010000000000005116,0.0,0,0.004009542519846668,0.004968712449364215,0.008978254969210883
td3_verified,td3,synthetic_rough_heston,learned,1061055793,-16.13175913347186,-16.215511870308738,0.36099348934953923,-2.8940065106505592,3.2550000000000985,0.14000000000000057,0.0,0,0.45570000000001565,-0.0824495738433507,0.3732504261566649
td3_verified,td3,synthetic_rough_heston,learned,1067007710,32.24682652452066,32.246541590613184,0.18870014589171547,-0.16879985410865173,0.357500000000357,-0.11999999999999034,0.0,0,-0.042900000000039386,7.114354312452591e-05,-0.04282885645691486
td3_verified,td3,synthetic_rough_heston,learned,40720655,-7.203156831967135,-7.206304743432268,0.6320484597708571,0.561062515690768,0.07098594408009792,-0.09999999999999432,0.0,0,-0.007098594408009389,0.0008469410898545943,-0.006251653318154794
td3_verified,td3,synthetic_rough_heston,learned,1966159132,25.716145883438294,25.716145858016613,0.0015944177402502646,0.0015944177402333892,0.0,0.35999999999999943,0.055,10,-0.055,5.381285017201296e-19,-0.055
td3_verified,td3,synthetic_rough_heston,learned,188577770,5.804240206412942,5.769936342320546,0.3587847189670299,-1.852130235496308,2.210914954463345,0.12999999999999545,0.0,0,0.2874189440802248,-0.03301659934675359,0.2544023447334712
td3_verified,td3,synthetic_rough_heston,learned,1402152033,41.865668296391156,41.85903465883632,0.06552854225371618,-0.8144714577462762,0.8799999999999955,-0.46999999999999886,0.38000000000000006,19,-0.793599999999997,-0.0065906976563344715,-0.8001906976563314
td3_verified,td3,synthetic_rough_heston,learned,2092728533,-19.31010567924568,-19.398216245953474,2.739157588690148,-2.9683424113096186,5.707499999999811,0.269999999999996,0.0,0,1.5410249999999264,-0.013080723751005757,1.5279442762489206
td3_verified,td3,synthetic_rough_heston,learned,1437347273,38.049359210237974,38.04375865160318,0.7483688017814387,0.7483688017814316,0.0,-0.06999999999999318,0.279,13,-0.279,1.0658141036401502e-16,-0.2789999999999999
td3_verified,td3,synthetic_rough_heston,learned,1045146178,32.1596376724101,32.15919182098238,0.3111519423820255,0.21115194238277724,0.0999999999992518,-0.0800000000000125,0.0,0,-0.007999999999941394,0.0005223038847608763,-0.007477696115180518
td3_verified,td3,synthetic_rough_heston,learned,528283994,4.50866797564413,4.50838320800752,0.1687505960316571,0.16875059603164289,0.0,-0.23000000000000398,0.0,0,-0.0,4.794775687599895e-17,4.794775687599895e-17
td3_verified,td3,synthetic_rough_heston,learned,36265689,3.705625269778917,3.7009473155851214,0.5754591844082029,0.6839557144870847,-0.1084965300788947,-0.12000000000000455,0.029,1,-0.015980416390532146,-0.0013664214645978446,-0.01734683785512999
td3_verified,td3,synthetic_rough_heston,learned,1193742096,7.644904575459805,7.516493629139951,0.6990526888225617,-3.5834473111775154,4.2825000000000735,0.21999999999999886,0.0,0,0.9421500000000113,-0.12352419970235312,0.8186258002976581
td3_verified,td3,synthetic_rough_heston,learned,793249015,-6.995713297925249,-6.997822816360636,0.12355919613636956,0.4592949417734731,-0.3357357456370893,-0.05000000000001137,0.0,0,0.01678678728185828,-0.001956849685888322,0.014829937595969959
td3_verified,td3,synthetic_rough_heston,learned,1309854583,1.8759163091110822,1.8707085955658174,0.9841448950325145,0.7216448950325081,0.2625000000000064,0.3100000000000023,0.15300000000000002,17,-0.07162499999999744,0.0044776981989207935,-0.06714730180107664
td3_verified,td3,synthetic_rough_heston,learned,1144601564,21.3256041670993,21.29519056368377,0.6133918534395377,1.7439496384794806,-1.1305577850399313,-0.18999999999999773,0.0,0,0.21480597915758437,-0.026651107756867198,0.18815487140071718
td3_verified,td3,synthetic_rough_heston,learned,982973886,6.654902990678238,6.648756260664391,0.40487698735641686,-0.7840108426448669,1.1888878300013157,0.010000000000005116,0.0,0,0.011888878300019239,-0.00450747626493906,0.007381402035080179
td3_verified,td3,synthetic_rough_heston,learned,715231342,-12.033433266364009,-12.037228140342018,0.5560254847007968,0.6160254847007951,-0.05999999999999872,-0.23000000000000398,0.26,12,-0.24620000000000006,-0.0007032305816409351,-0.246903230581641
td3_verified,td3,synthetic_rough_heston,learned,2130732657,6.5841473189812385,6.584129712059712,0.6079504143926044,-0.04196060238588861,0.6499110167784682,-0.10999999999999943,0.027,1,-0.09849021184563113,0.0036784301420755283,-0.0948117817035556
td3_verified,td3,synthetic_rough_heston,learned,1234679122,1.4464343455074413,1.4197081068373059,0.9429037490711636,-1.6348161569465662,2.5777199060177196,0.09999999999999432,0.0,0,0.2577719906017573,-0.01783556387001084,0.23993642673174648
td3_verified,td3,synthetic_rough_heston,learned,490149342,3.72551600742554,3.68538633804061,0.30482332048261185,2.0032391116621557,-1.6984157911795414,-0.09000000000000341,0.0,0,0.15285742120616452,-0.039200496817829375,0.11365692438833515
td3_verified,td3,synthetic_rough_heston,learned,381953676,15.741798467726388,15.741084820774766,0.2671417136319718,0.26714171363197226,0.0,-0.14999999999999147,0.016,1,-0.016,-2.359223927328458e-18,-0.016000000000000004
td3_verified,td3,synthetic_rough_heston,learned,478640128,-42.22058204783329,-43.32853934577824,10.808455053794177,10.525955053794174,0.28249999999997044,-0.04000000000000625,0.244,16,-0.2553000000000006,0.06026970855393756,-0.19503029144606301
td3_verified,td3,synthetic_rough_heston,learned,951876364,12.495062969714127,12.494315070613592,0.7015225602475397,-0.2734774397524884,0.9750000000000085,-0.0799999999999983,0.0,0,-0.07799999999999901,0.00417343992482687,-0.07382656007517215
td3_verified,td3,synthetic_rough_heston,learned,723990043,-0.5910331748600584,-0.6180415158780572,0.1483164517869966,-1.6434214620114609,1.791737913798454,0.060000000000002274,0.0,0,0.1075042748279113,-0.026788363319292033,0.08071591150861927
td3_verified,td3,synthetic_rough_heston,learned,487116369,24.089870884316902,24.089251804470557,0.7391352581002479,0.24881315205270071,0.4903221060475472,-0.25,0.4060000000000001,22,-0.5285805265118869,0.004844129451325198,-0.5237363970605617
td3_verified,td3,synthetic_rough_heston,learned,1985429050,38.381278299600524,38.380057025085776,0.12303261743801386,-0.34946738256193166,0.47249999999995396,-0.12000000000000455,0.43500000000000016,29,-0.4916999999999968,-0.0010699042652103881,-0.49276990426520717
td3_verified,td3,synthetic_rough_heston,learned,1628956857,-11.400218211277622,-11.40163378739559,0.3762414275393269,0.3762414275394299,-1.1368683772161603e-13,-0.3200000000000074,0.43100000000000016,28,-0.4309999999999638,-7.754907827006719e-16,-0.4309999999999646
td3_verified,td3,synthetic_rough_heston,learned,1189523478,14.925623209477635,14.925522099226768,0.6478360268228016,-0.10055359310716683,0.7483896199299676,0.2600000000000051,0.0,0,0.1945813011817954,0.004095804925627921,0.1986771061074233
td3_verified,td3,synthetic_rough_heston,learned,1296530916,-12.033564029387897,-13.007631246875075,9.711104088949583,9.86948437096477,-0.15838028201518883,-0.20999999999999375,0.43300000000000016,28,-0.3997401407768115,-0.03101179122304558,-0.4307519319998571
td3_verified,td3,synthetic_rough_heston,learned,707561452,23.24857152725663,23.245824209522358,0.5241486176906847,0.5241486176906607,0.0,0.060000000000002274,0.021,1,-0.021,2.5146551507759797e-16,-0.02099999999999975
td3_verified,td3,synthetic_rough_heston,learned,901155818,10.763041098122413,10.761580070466765,0.38223391472345725,0.3822339147234466,0.0,-0.1600000000000108,0.315,18,-0.315,8.1601392309949e-17,-0.31499999999999995
td3_verified,td3,synthetic_rough_heston,learned,1820860524,20.094387392600765,20.093098942650606,0.7695691832649629,0.3589498502797139,0.41061933298521974,0.01999999999999602,0.0,0,0.008212386659702762,0.004633917328152731,0.012846303987855492
td3_verified,td3,synthetic_rough_heston,learned,1044185241,-7.625305804445816,-7.650910653088641,0.12138489799079366,-1.6001515129144845,1.7215364109052675,0.09000000000000341,0.0,0,0.15493827698147994,-0.025457505708222784,0.12948077127325716
td3_verified,td3,synthetic_rough_heston,learned,591637826,11.201261631686066,10.969189424597111,0.6001126677525548,-4.817387332247167,5.41749999999973,0.23999999999999488,0.0,0,1.3001999999999077,-0.22847085494898384,1.0717291450509239
td3_verified,td3,synthetic_rough_heston,learned,27222720,2.611549361665704,2.6077036485911234,0.6201381357875704,0.6201381357875704,0.0,-0.13000000000000966,0.243,19,-0.243,0.0,-0.243
td3_verified,td3,synthetic_rough_heston,learned,64598572,5.275342974016894,5.274996403751097,0.31633602233631564,-0.18616397766397164,0.50250000000025,0.29000000000000625,0.0,0,0.14572500000007563,0.0006541145244789026,0.14637911452455454
td3_verified,td3,synthetic_rough_heston,learned,824692580,15.337630116370972,15.331446067498327,0.852625280215193,0.7863872374756455,0.06623804273958124,0.04999999999999716,0.07700000000000001,9,-0.07368809786302113,0.0010856498119745906,-0.07260244805104654
td3_verified,td3,synthetic_rough_heston,learned,1292888439,7.88623036061741,7.874913890809287,0.5913225618932785,1.0637889738158992,-0.4724664119226255,-0.0799999999999983,0.41500000000000015,25,-0.3772026870461909,-0.007819846086082539,-0.38502253313227347
td3_verified,td3,synthetic_rough_heston,learned,1567077053,13.61937111064617,13.614836260768193,0.04229829849403188,-0.6734129400284949,0.7157112385225193,0.18000000000000682,0.0,0,0.12882802293405834,-0.004516958417423311,0.12431106451663504
td3_verified,td3,synthetic_rough_heston,learned,1386223455,16.786088378454224,16.75208794725891,0.9848311767706264,-1.8439205838461108,2.828751760616748,0.29000000000000625,0.0,0,0.8203380105788746,-0.024301506727919656,0.7960365038509549
td3_verified,td3,synthetic_rough_heston,learned,2103330825,21.07728312027645,21.075521314881374,0.46473865619900323,0.4197386561990104,0.0449999999999946,-0.12000000000000455,0.43200000000000016,27,-0.43739999999999973,0.0003980147905790427,-0.4370019852094207
td3_verified,td3,synthetic_rough_heston,learned,1713764255,-12.166714985795654,-12.166853064743314,0.1825069987958443,0.11750699879583237,0.06499999999999773,-0.18999999999999773,0.40700000000000014,28,-0.41934999999999956,0.00019500909843462563,-0.41915499090156494
td3_verified,td3,synthetic_rough_heston,learned,338169861,13.907721415702326,13.822519634200987,0.7693809448520028,-2.9189344203208614,3.6883153651728553,0.3499999999999943,0.0,0,1.2909103778104785,-0.07928231111832523,1.2116280666921533
td3_verified,td3,synthetic_rough_heston,learned,460890984,26.70274313647486,26.695422008714647,0.09936411013691782,-0.8556358898629028,0.95499999999981,-0.18000000000000682,0.187,13,-0.35889999999997235,-0.007222395496381801,-0.36612239549635417
td3_verified,td3,synthetic_rough_heston,learned,1844393987,-2.1124468454272574,-2.3679927375952174,0.7298452826057371,-5.055154717394515,5.785000000000267,0.07000000000000739,0.0,0,0.4049500000000614,-0.2502191508025417,0.15473084919751973
td3_verified,td3,synthetic_rough_heston,learned,1032412864,-0.460624848756197,-0.4608497049517329,0.6490136527976915,0.14995205751701257,0.4990615952807038,-0.010000000000005116,0.0,0,-0.004990615952809591,0.00398733101964217,-0.001003284933167421
td3_verified,td3,synthetic_rough_heston,learned,285977676,26.499923151694965,26.497250280330395,0.17884141295978395,0.5169981977308543,-0.3381567847710899,0.12000000000000455,0.21000000000000002,20,-0.25057881417253236,-0.0023530288546749953,-0.25293184302720734
td3_verified,td3,synthetic_rough_heston,learned,1194047159,27.4983964587409,27.48279588372268,0.21597738138068223,-1.2490226186190494,1.4649999999997156,0.3399999999999892,0.0,0,0.4980999999998875,-0.015134112725539306,0.4829658872743482
td3_verified,td3,synthetic_rough_heston,learned,410795716,-8.730537099238122,-8.730635441388484,0.6291676108228472,0.09916761082284786,0.529999999999994,0.14000000000000057,0.08900000000000001,8,-0.014800000000000549,0.0038601766747221795,-0.01093982332527837
td3_verified,td3,synthetic_rough_heston,learned,1688827796,26.99828484534555,26.990440760883107,0.3043316386790309,-0.8856683613207395,1.1899999999998059,0.1799999999999926,0.0,0,0.21419999999995626,-0.006917906999434996,0.20728209300052125
td3_verified,td3,synthetic_rough_heston,learned,1615174803,17.847359354080254,17.847351344466098,0.028301261730049987,0.028301261730012683,0.0,-0.14000000000000057,0.0,0,-0.0,2.11148373091552e-17,2.11148373091552e-17
td3_verified,td3,synthetic_rough_heston,learned,573603312,8.42004780206662,8.37161411028684,0.11427966965359815,-2.200765589057116,2.3150452587107284,0.2400000000000091,0.0,0,0.5556108620905958,-0.0483030933508178,0.507307768739778
td3_verified,td3,synthetic_rough_heston,learned,1292648848,26.680478384831076,26.583588399440696,3.397715621292491,3.112715621292462,0.28500000000003567,-0.21999999999999886,0.0,0,-0.06270000000000753,0.018554729041368994,-0.04414527095863853
td3_verified,td3,synthetic_rough_heston,learned,504177273,-4.052361281655976,-4.055546781455941,0.7169023210408199,0.5644023210410793,0.15249999999975827,-0.10000000000000853,0.0,0,-0.015249999999977127,0.0019539895791715715,-0.013296010420805556
td3_verified,td3,synthetic_rough_heston,learned,2023171617,-4.643827123329116,-4.644013828922116,0.4238419482010727,0.13664025504960114,0.28720169315146044,-0.030000000000001137,0.036,3,-0.044616050794544136,0.0016097143775486075,-0.04300633641699553
td3_verified,td3,synthetic_rough_heston,learned,155866399,21.480288460571217,21.479671919802513,0.33330238998141226,0.2483023899814043,0.08499999999998309,-0.23000000000000398,0.3870000000000001,20,-0.4065499999999966,0.0004943640629684404,-0.40605563593702815
td3_verified,td3,synthetic_rough_heston,learned,426465092,50.781675485582106,50.77693741451438,0.6883364778744294,0.6883364778744026,0.0,-0.01999999999999602,0.299,18,-0.299,3.6970426720017714e-16,-0.2989999999999996
td3_verified,td3,synthetic_rough_heston,learned,2075242093,31.077176963037346,31.07629476473659,0.1929817681091066,-0.29701823189085275,0.48999999999995225,-0.020000000000010232,0.0,0,-0.009800000000004059,-0.0005097786725305137,-0.010309778672534572
td3_verified,td3,synthetic_rough_heston,learned,426948909,-41.47859369314485,-44.378976850466906,17.03051131740341,17.030511317403402,0.0,0.4300000000000068,0.049,9,-0.049,2.2737367544323206e-15,-0.048999999999997726
td3_verified,td3,synthetic_rough_heston,no_cancel,1906509230,32.80678716514194,32.80000798460697,0.5052116165044538,-0.8233577919087918,1.3285694084132635,0.04999999999999716,0.0,0,0.0664284704206594,-0.004226792760458779,0.06220167766020062
td3_verified,td3,synthetic_rough_heston,no_cancel,1178422796,15.705311583851653,15.528287210161075,0.6192637218902206,4.207426454384892,-3.588162732494647,-0.2600000000000051,0.0,0,0.9329223104486265,-0.17318949811808498,0.7597328123305416
td3_verified,td3,synthetic_rough_heston,no_cancel,1963502950,37.37845765077509,37.27718038999415,0.45009115164432956,-3.1824088483558857,3.632500000000231,-0.009999999999990905,0.0,0,-0.03632499999996928,-0.09925144033305315,-0.13557644033302244
td3_verified,td3,synthetic_rough_heston,no_cancel,1703319850,14.45191291118499,14.433261502185845,0.6317983854755198,-1.3657016145244114,1.9974999999999241,0.1599999999999966,0.0,0,0.31959999999998107,-0.014659717000251106,0.30494028299973
td3_verified,td3,synthetic_rough_heston,no_cancel,1313726939,11.565456645632366,11.563699914478713,0.8200880198501324,0.41913376786568934,0.40095425198446166,0.010000000000005116,0.0,0,0.004009542519846668,0.004968712449364215,0.008978254969210883
td3_verified,td3,synthetic_rough_heston,no_cancel,1061055793,-16.13175913347186,-16.215511870308738,0.36099348934953923,-2.8940065106505592,3.2550000000000985,0.14000000000000057,0.0,0,0.45570000000001565,-0.0824495738433507,0.3732504261566649
td3_verified,td3,synthetic_rough_heston,no_cancel,1067007710,32.24682652452066,32.246541590613184,0.18870014589171547,-0.16879985410865173,0.357500000000357,-0.11999999999999034,0.0,0,-0.042900000000039386,7.114354312452591e-05,-0.04282885645691486
td3_verified,td3,synthetic_rough_heston,no_cancel,40720655,-7.203156831967135,-7.206304743432268,0.6320484597708571,0.561062515690768,0.07098594408009792,-0.09999999999999432,0.0,0,-0.007098594408009389,0.0008469410898545943,-0.006251653318154794
td3_verified,td3,synthetic_rough_heston,no_cancel,1966159132,25.15843075317025,25.129408874658424,0.0015944177402502646,1.7035808907072003,-1.701986472966967,0.35999999999999943,0.0,0,-0.6127151302681071,-0.029021853090148077,-0.6417369833582551
td3_verified,td3,synthetic_rough_heston,no_cancel,188577770,5.804240206412942,5.769936342320546,0.3587847189670299,-1.852130235496308,2.210914954463345,0.12999999999999545,0.0,0,0.2874189440802248,-0.03301659934675359,0.2544023447334712
td3_verified,td3,synthetic_rough_heston,no_cancel,1402152033,43.28133827380407,43.26204279450903,0.06552854225371618,1.389081685684436,-1.3235531434307166,-0.46999999999999886,0.0,0,0.6220699774124353,-0.01925253939654017,0.6028174380158952
td3_verified,td3,synthetic_rough_heston,no_cancel,2092728533,-19.31010567924568,-19.398216245953474,2.739157588690148,-2.9683424113096186,5.707499999999811,0.269999999999996,0.0,0,1.5410249999999264,-0.013080723751005757,1.5279442762489206
td3_verified,td3,synthetic_rough_heston,no_cancel,1437347273,38.28005781489264,38.28002376898833,0.7483688017814387,0.05834886829333885,0.6900199334880928,-0.06999999999999318,0.0,0,-0.048301395344161786,0.005566512730486729,-0.04273488261367506
td3_verified,td3,synthetic_rough_heston,no_cancel,1045146178,32.1596376724101,32.15919182098238,0.3111519423820255,0.21115194238277724,0.0999999999992518,-0.0800000000000125,0.0,0,-0.007999999999941394,0.0005223038847608763,-0.007477696115180518
td3_verified,td3,synthetic_rough_heston,no_cancel,528283994,4.50866797564413,4.50838320800752,0.1687505960316571,0.16875059603164289,0.0,-0.23000000000000398,0.0,0,-0.0,4.794775687599895e-17,4.794775687599895e-17
td3_verified,td3,synthetic_rough_heston,no_cancel,36265689,3.682005686170669,3.681403184058564,0.5754591844082029,0.2454591844085292,0.3299999999996608,-0.12000000000000455,0.0,0,-0.0395999999999608,0.002709030617092537,-0.03689096938286826
td3_verified,td3,synthetic_rough_heston,no_cancel,1193742096,7.644904575459805,7.516493629139951,0.6990526888225617,-3.5834473111775154,4.2825000000000735,0.21999999999999886,0.0,0,0.9421500000000113,-0.12352419970235312,0.8186258002976581
td3_verified,td3,synthetic_rough_heston,no_cancel,793249015,-6.995713297925249,-6.997822816360636,0.12355919613636956,0.4592949417734731,-0.3357357456370893,-0.05000000000001137,0.0,0,0.01678678728185828,-0.001956849685888322,0.014829937595969959
td3_verified,td3,synthetic_rough_heston,no_cancel,1309854583,2.228866309109435,2.2288075647100896,0.9841448950325145,0.0766448950325831,0.9074999999999314,0.3100000000000023,0.0,0,0.2813249999999808,0.009626667344840032,0.2909516673448208
td3_verified,td3,synthetic_rough_heston,no_cancel,1144601564,21.3256041670993,21.29519056368377,0.6133918534395377,1.7439496384794806,-1.1305577850399313,-0.18999999999999773,0.0,0,0.21480597915758437,-0.026651107756867198,0.18815487140071718
td3_verified,td3,synthetic_rough_heston,no_cancel,982973886,6.654902990678238,6.648756260664391,0.40487698735641686,-0.7840108426448669,1.1888878300013157,0.010000000000005116,0.0,0,0.011888878300019239,-0.00450747626493906,0.007381402035080179
td3_verified,td3,synthetic_rough_heston,no_cancel,715231342,-11.710758266362973,-11.718653041732601,0.5560254847007968,0.8885254847008031,-0.3325000000000067,-0.23000000000000398,0.0,0,0.07647500000000286,-0.004803131973260409,0.07167186802674246
td3_verified,td3,synthetic_rough_heston,no_cancel,2130732657,6.743962530827048,6.730379784142972,0.6079504143926044,1.165450414392481,-0.5574999999999015,-0.10999999999999943,0.0,0,0.06132499999998885,-0.009886709620474665,0.05143829037951418
td3_verified,td3,synthetic_rough_heston,no_cancel,1234679122,1.4464343455074413,1.4197081068373059,0.9429037490711636,-1.6348161569465662,2.5777199060177196,0.09999999999999432,0.0,0,0.2577719906017573,-0.01783556387001084,0.23993642673174648
td3_verified,td3,synthetic_rough_heston,no_cancel,490149342,3.72551600742554,3.68538633804061,0.30482332048261185,2.0032391116621557,-1.6984157911795414,-0.09000000000000341,0.0,0,0.15285742120616452,-0.039200496817829375,0.11365692438833515
td3_verified,td3,synthetic_rough_heston,no_cancel,381953676,15.75292346772585,15.752372900388089,0.2671417136319718,0.23464171363196984,0.032500000000002416,-0.14999999999999147,0.0,0,-0.004875000000000085,0.00016307961386079095,-0.004711920386139294
td3_verified,td3,synthetic_rough_heston,no_cancel,478640128,-41.89645769615345,-43.466232104675264,10.808455053794177,12.529063845801941,-1.7206087920077964,-0.04000000000000625,0.0,0,0.06882435168032261,-0.4015474020229246,-0.33272305034260197
td3_verified,td3,synthetic_rough_heston,no_cancel,951876364,12.495062969714127,12.494315070613592,0.7015225602475397,-0.2734774397524884,0.9750000000000085,-0.0799999999999983,0.0,0,-0.07799999999999901,0.00417343992482687,-0.07382656007517215
td3_verified,td3,synthetic_rough_heston,no_cancel,723990043,-0.5910331748600584,-0.6180415158780572,0.1483164517869966,-1.6434214620114609,1.791737913798454,0.060000000000002274,0.0,0,0.1075042748279113,-0.026788363319292033,0.08071591150861927
td3_verified,td3,synthetic_rough_heston,no_cancel,487116369,24.328551410828368,24.327138667786336,0.7391352581002479,-0.37586474189964747,1.1149999999998954,-0.2600000000000051,0.0,0,-0.2898999999999785,0.004050466255636316,-0.2858495337443422
td3_verified,td3,synthetic_rough_heston,no_cancel,1985429050,38.70527829959974,38.6890356285076,0.12303261743801386,-1.2744673825618862,1.3974999999999085,-0.12000000000000455,0.0,0,-0.16769999999999538,-0.016091300842604964,-0.18379130084260034
td3_verified,td3,synthetic_rough_heston,no_cancel,1628956857,-9.238332516692026,-9.593517962591143,0.3762414275393269,5.959743668138064,-5.583502240598748,-0.3100000000000023,0.0,0,1.7308856945856246,-0.3537698697811492,1.3771158248044753
td3_verified,td3,synthetic_rough_heston,no_cancel,1189523478,14.925623209477635,14.925522099226768,0.6478360268228016,-0.10055359310716683,0.7483896199299676,0.2600000000000051,0.0,0,0.1945813011817954,0.004095804925627921,0.1986771061074233
td3_verified,td3,synthetic_rough_heston,no_cancel,1296530916,-11.337323888608807,-12.590291613610338,9.711104088949583,11.193604088949774,-1.4825000000001936,-0.20000000000000284,0.0,0,0.29650000000004295,-0.3099122987373981,-0.013412298737355166
td3_verified,td3,synthetic_rough_heston,no_cancel,707561452,23.49735460879492,23.390279319515678,0.5241486176906847,-3.272236074601634,3.796384692292295,0.060000000000002274,0.0,0,0.2277830815375463,-0.10432797154497257,0.12345510999257374
td3_verified,td3,synthetic_rough_heston,no_cancel,901155818,10.958997435353012,10.957688522709955,0.38223391472345725,-0.3617889775903501,0.7440228923137967,-0.1600000000000108,0.0,0,-0.11904366277021551,0.00015211501258948322,-0.11889154775762603
td3_verified,td3,synthetic_rough_heston,no_cancel,1820860524,20.094387392600765,20.093098942650606,0.7695691832649629,0.3589498502797139,0.41061933298521974,0.01999999999999602,0.0,0,0.008212386659702762,0.004633917328152731,0.012846303987855492
td3_verified,td3,synthetic_rough_heston,no_cancel,1044185241,-7.625305804445816,-7.650910653088641,0.12138489799079366,-1.6001515129144845,1.7215364109052675,0.09000000000000341,0.0,0,0.15493827698147994,-0.025457505708222784,0.12948077127325716
td3_verified,td3,synthetic_rough_heston,no_cancel,591637826,11.201261631686066,10.969189424597111,0.6001126677525548,-4.817387332247167,5.41749999999973,0.23999999999999488,0.0,0,1.3001999999999077,-0.22847085494898384,1.0717291450509239
td3_verified,td3,synthetic_rough_heston,no_cancel,27222720,2.7583847298465116,2.758241712640801,0.6201381357875704,-0.119589801283573,0.7397279370711434,-0.13000000000000966,0.0,0,-0.09616463181925579,0.0037026958688703864,-0.0924619359503854
td3_verified,td3,synthetic_rough_heston,no_cancel,64598572,5.275342974016894,5.274996403751097,0.31633602233631564,-0.18616397766397164,0.50250000000025,0.29000000000000625,0.0,0,0.14572500000007563,0.0006541145244789026,0.14637911452455454
td3_verified,td3,synthetic_rough_heston,no_cancel,824692580,15.38819321423398,15.370897669207364,0.852625280215193,1.3151252802153675,-0.4625000000001407,0.04999999999999716,0.0,0,-0.02312500000000572,-0.010025846341995126,-0.03315084634200085
td3_verified,td3,synthetic_rough_heston,no_cancel,1292888439,8.30915851829559,8.295635364800962,0.5913225618932785,1.1628909447849654,-0.5715683828916918,-0.0799999999999983,0.0,0,0.045725470631334364,-0.01002652977258839,0.035698940858745976
td3_verified,td3,synthetic_rough_heston,no_cancel,1567077053,13.61937111064617,13.614836260768193,0.04229829849403188,-0.6734129400284949,0.7157112385225193,0.18000000000000682,0.0,0,0.12882802293405834,-0.004516958417423311,0.12431106451663504
td3_verified,td3,synthetic_rough_heston,no_cancel,1386223455,16.786088378454224,16.75208794725891,0.9848311767706264,-1.8439205838461108,2.828751760616748,0.29000000000000625,0.0,0,0.8203380105788746,-0.024301506727919656,0.7960365038509549
td3_verified,td3,synthetic_rough_heston,no_cancel,2103330825,21.61003758112929,21.59417772610749,0.46473865619900323,1.2593591632970296,-0.7946205070980246,-0.12000000000000455,0.0,0,0.09535446085176656,-0.013700034836145389,0.08165442601562117
td3_verified,td3,synthetic_rough_heston,no_cancel,1713764255,-11.26946498579673,-11.3499794454789,0.1825069987958443,2.837506998796112,-2.655000000000282,-0.18000000000000682,0.0,0,0.4779000000000688,-0.08018137163607451,0.3977186283639943
td3_verified,td3,synthetic_rough_heston,no_cancel,338169861,13.907721415702326,13.822519634200987,0.7693809448520028,-2.9189344203208614,3.6883153651728553,0.3499999999999943,0.0,0,1.2909103778104785,-0.07928231111832523,1.2116280666921533
td3_verified,td3,synthetic_rough_heston,no_cancel,460890984,27.737963488296373,27.589222185828046,0.09936411013691782,3.856699398038799,-3.757335287901892,-0.18000000000000682,0.0,0,0.6763203518223662,-0.14864257020449534,0.5276777816178708
td3_verified,td3,synthetic_rough_heston,no_cancel,1844393987,-2.1124468454272574,-2.3679927375952174,0.7298452826057371,-5.055154717394515,5.785000000000267,0.07000000000000739,0.0,0,0.4049500000000614,-0.2502191508025417,0.15473084919751973
td3_verified,td3,synthetic_rough_heston,no_cancel,1032412864,-0.460624848756197,-0.4608497049517329,0.6490136527976915,0.14995205751701257,0.4990615952807038,-0.010000000000005116,0.0,0,-0.004990615952809591,0.00398733101964217,-0.001003284933167421
td3_verified,td3,synthetic_rough_heston,no_cancel,285977676,26.798501965868127,26.79801285466191,0.17884141295978395,-0.22115858704043312,0.40000000000019753,0.12000000000000455,0.0,0,0.04800000000002552,-0.00016926869632268853,0.047830731303702835
td3_verified,td3,synthetic_rough_heston,no_cancel,1194047159,27.4983964587409,27.48279588372268,0.21597738138068223,-1.2490226186190494,1.4649999999997156,0.3399999999999892,0.0,0,0.4980999999998875,-0.015134112725539306,0.4829658872743482
td3_verified,td3,synthetic_rough_heston,no_cancel,410795716,-8.46758709923779,-8.480659188759207,0.6291676108228472,-1.1433323891772122,1.7725000000000541,0.14000000000000057,0.0,0,0.24815000000000859,-0.009113570696331426,0.23903642930367716
td3_verified,td3,synthetic_rough_heston,no_cancel,1688827796,26.99828484534555,26.990440760883107,0.3043316386790309,-0.8856683613207395,1.1899999999998059,0.1799999999999926,0.0,0,0.21419999999995626,-0.006917906999434996,0.20728209300052125
td3_verified,td3,synthetic_rough_heston,no_cancel,1615174803,17.847359354080254,17.847351344466098,0.028301261730049987,0.028301261730012683,0.0,-0.14000000000000057,0.0,0,-0.0,2.11148373091552e-17,2.11148373091552e-17
td3_verified,td3,synthetic_rough_heston,no_cancel,573603312,8.42004780206662,8.37161411028684,0.11427966965359815,-2.200765589057116,2.3150452587107284,0.2400000000000091,0.0,0,0.5556108620905958,-0.0483030933508178,0.507307768739778
td3_verified,td3,synthetic_rough_heston,no_cancel,1292648848,26.680478384831076,26.583588399440696,3.397715621292491,3.112715621292462,0.28500000000003567,-0.21999999999999886,0.0,0,-0.06270000000000753,0.018554729041368994,-0.04414527095863853
td3_verified,td3,synthetic_rough_heston,no_cancel,504177273,-4.052361281655976,-4.055546781455941,0.7169023210408199,0.5644023210410793,0.15249999999975827,-0.10000000000000853,0.0,0,-0.015249999999977127,0.0019539895791715715,-0.013296010420805556
td3_verified,td3,synthetic_rough_heston,no_cancel,2023171617,-4.608350896649426,-4.608492938101173,0.4238419482010727,0.11918114437538485,0.30466080382567673,-0.030000000000001137,0.0,0,-0.009139824114770649,0.0016543785188025445,-0.007485445595968105
td3_verified,td3,synthetic_rough_heston,no_cancel,155866399,21.980089453169057,21.97463206330467,0.33330238998141226,0.7387414882343094,-0.405439098252922,-0.23000000000000398,0.0,0,0.09325099259817368,-0.004346485032713209,0.08890450756546048
td3_verified,td3,synthetic_rough_heston,no_cancel,426465092,51.088612588988326,51.076836179855015,0.6883364778744294,1.0851916482036785,-0.3968551703292759,-0.01999999999999602,0.0,0,0.00793710340658394,-0.007038338065584415,0.0008987653409995239
td3_verified,td3,synthetic_rough_heston,no_cancel,2075242093,31.077176963037346,31.07629476473659,0.1929817681091066,-0.29701823189085275,0.48999999999995225,-0.020000000000010232,0.0,0,-0.009800000000004059,-0.0005097786725305137,-0.010309778672534572
td3_verified,td3,synthetic_rough_heston,no_cancel,426948909,-42.22393618983551,-45.78765686141736,17.03051131740341,18.877819449242136,-1.8473081318387343,0.4300000000000068,0.0,0,-0.7943424966906684,-0.6633375142597902,-1.4576800109504586
td3_verified,td3,synthetic_rough_heston,no_auction,1906509230,32.74035869472209,32.73780630694758,0.5052116165044538,0.5052116165044718,0.0,0.04999999999999716,0.0,0,0.0,-1.815214645262131e-16,-1.815214645262131e-16
td3_verified,td3,synthetic_rough_heston,no_auction,1178422796,14.77238927340295,14.768554397830457,0.6192637218902206,0.6192637218902455,0.0,-0.2600000000000051,0.0,0,-0.0,-3.0808688933348093e-16,-3.0808688933348093e-16
td3_verified,td3,synthetic_rough_heston,no_auction,1963502950,37.41478265077603,37.41275683032815,0.45009115164432956,0.45009115164434554,0.0,-0.009999999999990905,0.0,0,-0.0,-1.4377388168895776e-16,-1.4377388168895776e-16
td3_verified,td3,synthetic_rough_heston,no_auction,1703319850,14.132312911184272,14.128321219185377,0.6317983854755198,0.6317983854755127,0.0,0.1700000000000017,0.0,0,0.0,8.992806499463769e-17,8.992806499463769e-17
td3_verified,td3,synthetic_rough_heston,no_auction,1313726939,11.561447103113096,11.55472165951008,0.8200880198501324,0.820088019850151,0.0,0.010000000000005116,0.0,0,0.0,-3.0642155479654323e-16,-3.0642155479654323e-16
td3_verified,td3,synthetic_rough_heston,no_auction,1061055793,-16.587459133470475,-16.588762296464,0.36099348934953923,0.360993489349539,0.0,0.14000000000000057,0.0,0,0.0,1.6653345369377347e-18,1.6653345369377347e-18
td3_verified,td3,synthetic_rough_heston,no_auction,1067007710,32.28972652452103,32.28937044707043,0.18870014589171547,0.18870014589170525,0.0,-0.11999999999999034,0.0,0,-0.0,3.8510861166685116e-17,3.8510861166685116e-17
td3_verified,td3,synthetic_rough_heston,no_auction,40720655,-7.196058237559555,-7.200053090114542,0.6320484597708571,0.632048459770866,0.0,-0.09999999999999432,0.0,0,-0.0,-1.121325254871408e-16,-1.121325254871408e-16
td3_verified,td3,synthetic_rough_heston,no_auction,1966159132,25.771145883438294,25.771145858016613,0.0015944177402502646,0.0015944177402333892,0.0,0.35999999999999943,0.0,0,0.0,5.381285017201296e-19,5.381285017201296e-19
td3_verified,td3,synthetic_rough_heston,no_auction,188577770,5.516821262330268,5.515533997584625,0.3587847189670299,0.358784718967037,0.0,0.12999999999999545,0.0,0,0.0,-5.10702591327572e-17,-5.10702591327572e-17
td3_verified,td3,synthetic_rough_heston,no_auction,1402152033,42.65926829639102,42.65922535649252,0.06552854225371618,0.06552854225371929,0.0,-0.46999999999999886,0.0,0,-0.0,-4.067926551165613e-18,-4.067926551165613e-18
td3_verified,td3,synthetic_rough_heston,no_auction,2092728533,-20.851130679246126,-20.926160522202917,2.739157588690148,2.7391575886901927,0.0,0.28000000000000114,0.0,0,0.0,-2.451372438372346e-15,-2.451372438372346e-15
td3_verified,td3,synthetic_rough_heston,no_auction,1437347273,38.32835921023798,38.32275865160318,0.7483688017814387,0.7483688017814316,0.0,-0.06999999999999318,0.0,0,-0.0,1.0658141036401502e-16,1.0658141036401502e-16
td3_verified,td3,synthetic_rough_heston,no_auction,1045146178,32.16763767241173,32.16666951709925,0.3111519423820255,0.31115194238202903,0.0,-0.0800000000000125,0.0,0,-0.0,-2.2065682614424987e-17,-2.2065682614424987e-17
td3_verified,td3,synthetic_rough_heston,no_auction,528283994,4.50866797564413,4.50838320800752,0.1687505960316571,0.16875059603164289,0.0,-0.23000000000000398,0.0,0,-0.0,4.794775687599895e-17,4.794775687599895e-17
td3_verified,td3,synthetic_rough_heston,no_auction,36265689,3.721605686170733,3.7182941534415357,0.5754591844082029,0.57545918440819,0.0,-0.12000000000000455,0.0,0,-0.0,1.482147737874584e-16,1.482147737874584e-16
td3_verified,td3,synthetic_rough_heston,no_auction,1193742096,6.702754575459039,6.697867828841539,0.6990526888225617,0.6990526888225581,0.0,0.23000000000000398,0.0,0,0.0,4.9960036108132046e-17,4.9960036108132046e-17
td3_verified,td3,synthetic_rough_heston,no_auction,793249015,-7.012500085205829,-7.012652753955328,0.12355919613636956,0.12355919613638378,0.0,-0.05000000000001137,0.0,0,-0.0,-3.511080315377058e-17,-3.511080315377058e-17
td3_verified,td3,synthetic_rough_heston,no_auction,1309854583,1.9475413091113296,1.937855897367144,0.9841448950325145,0.9841448950325145,0.0,0.3100000000000023,0.0,0,0.0,0.0,0.0
td3_verified,td3,synthetic_rough_heston,no_auction,1144601564,21.110798187943146,21.107035692284487,0.6133918534395377,0.6133918534395493,0.0,-0.18999999999999773,0.0,0,-0.0,-1.4155343563970747e-16,-1.4155343563970747e-16
td3_verified,td3,synthetic_rough_heston,no_auction,982973886,6.643014112380115,6.641374858631207,0.40487698735641686,0.40487698735644884,0.0,0.010000000000005116,0.0,0,0.0,-2.5895952049381777e-16,-2.5895952049381777e-16
td3_verified,td3,synthetic_rough_heston,no_auction,715231342,-11.787233266362819,-11.790324909759185,0.5560254847007968,0.5560254847007964,0.0,-0.23000000000000398,0.0,0,-0.0,4.996003610813204e-18,4.996003610813204e-18
td3_verified,td3,synthetic_rough_heston,no_auction,2130732657,6.682637530826469,6.678941493762868,0.6079504143926044,0.6079504143925796,0.0,-0.10999999999999943,0.0,0,-0.0,3.019806626980426e-16,3.019806626980426e-16
td3_verified,td3,synthetic_rough_heston,no_auction,1234679122,1.1886623549053184,1.179771680105194,0.9429037490711636,0.9429037490711534,0.0,0.09999999999999432,0.0,0,0.0,1.9317880628477724e-16,1.9317880628477724e-16
td3_verified,td3,synthetic_rough_heston,no_auction,490149342,3.5726585862175853,3.571729413650485,0.30482332048261185,0.3048233204826145,0.0,-0.09000000000000341,0.0,0,-0.0,-1.6237011735142913e-17,-1.6237011735142913e-17
td3_verified,td3,synthetic_rough_heston,no_auction,381953676,15.757798467726388,15.757084820774766,0.2671417136319718,0.26714171363197226,0.0,-0.14999999999999147,0.0,0,-0.0,-2.359223927328458e-18,-2.359223927328458e-18
td3_verified,td3,synthetic_rough_heston,no_auction,478640128,-41.96528204783317,-43.13350905433205,10.808455053794177,10.808455053794145,0.0,-0.04000000000000625,0.0,0,-0.0,6.8212102632969615e-15,6.8212102632969615e-15
td3_verified,td3,synthetic_rough_heston,no_auction,951876364,12.573062969713646,12.568141630688284,0.7015225602475397,0.7015225602475201,0.0,-0.0799999999999983,0.0,0,-0.0,2.742250870824137e-16,2.742250870824137e-16
td3_verified,td3,synthetic_rough_heston,no_auction,723990043,-0.6985374496889563,-0.6987574273876631,0.1483164517869966,0.14831645178699304,0.0,0.060000000000002274,0.0,0,0.0,1.0547118733938987e-17,1.0547118733938987e-17
td3_verified,td3,synthetic_rough_heston,no_auction,487116369,24.618451410829948,24.61298820153228,0.7391352581002479,0.7391352581002479,0.0,-0.25,0.0,0,-0.0,0.0,0.0
td3_verified,td3,synthetic_rough_heston,no_auction,1985429050,38.87297829959971,38.872826929350175,0.12303261743801386,0.1230326174380223,0.0,-0.12000000000000455,0.0,0,-0.0,-2.0764640007442382e-17,-2.0764640007442382e-17
td3_verified,td3,synthetic_rough_heston,no_auction,1628956857,-10.96921821127944,-10.970633787397409,0.3762414275393269,0.3762414275393162,0.0,-0.3200000000000074,0.0,0,-0.0,8.021361352916756e-17,8.021361352916756e-17
td3_verified,td3,synthetic_rough_heston,no_auction,1189523478,14.731041908295083,14.726844993118588,0.6478360268228016,0.6478360268228007,0.0,0.2600000000000051,0.0,0,0.0,1.1657341758564143e-17,1.1657341758564143e-17
td3_verified,td3,synthetic_rough_heston,no_auction,1296530916,-11.633823888609186,-12.576879314873318,9.711104088949583,9.71110408894958,0.0,-0.20999999999999375,0.0,0,-0.0,2.842170943040401e-16,2.842170943040401e-16
td3_verified,td3,synthetic_rough_heston,no_auction,707561452,23.26957152725663,23.26682420952236,0.5241486176906847,0.5241486176906607,0.0,0.060000000000002274,0.0,0,0.0,2.5146551507759797e-16,2.5146551507759797e-16
td3_verified,td3,synthetic_rough_heston,no_auction,901155818,11.078041098122412,11.076580070466765,0.38223391472345725,0.3822339147234466,0.0,-0.1600000000000108,0.0,0,-0.0,8.1601392309949e-17,8.1601392309949e-17
td3_verified,td3,synthetic_rough_heston,no_auction,1820860524,20.086175005941186,20.080252638662877,0.7695691832649629,0.7695691832649336,0.0,0.01999999999999602,0.0,0,0.0,4.518607710224387e-16,4.518607710224387e-16
td3_verified,td3,synthetic_rough_heston,no_auction,1044185241,-7.780244081426645,-7.780391424361247,0.12138489799079366,0.121384897990783,0.0,0.09000000000000341,0.0,0,0.0,2.5882074261573962e-17,2.5882074261573962e-17
td3_verified,td3,synthetic_rough_heston,no_auction,591637826,9.901061631686389,9.897460279546419,0.6001126677525548,0.6001126677525637,0.0,0.25,0.0,0,0.0,-1.0658141036401502e-16,-1.0658141036401502e-16
td3_verified,td3,synthetic_rough_heston,no_auction,27222720,2.854549361665704,2.8507036485911232,0.6201381357875704,0.6201381357875704,0.0,-0.13000000000000966,0.0,0,-0.0,0.0,0.0
td3_verified,td3,synthetic_rough_heston,no_auction,64598572,5.129617974016583,5.128617289226307,0.31633602233631564,0.31633602233627833,0.0,0.29000000000000625,0.0,0,0.0,2.3592239273284576e-16,2.3592239273284576e-16
td3_verified,td3,synthetic_rough_heston,no_auction,824692580,15.411318214233688,15.404048515549068,0.852625280215193,0.8526252802152268,0.0,0.04999999999999716,0.0,0,0.0,-5.762057497804563e-16,-5.762057497804563e-16
td3_verified,td3,synthetic_rough_heston,no_auction,1292888439,8.263433047663057,8.259936423941017,0.5913225618932785,0.5913225618932736,0.0,-0.0799999999999983,0.0,0,-0.0,5.828670879282072e-17,5.828670879282072e-17
td3_verified,td3,synthetic_rough_heston,no_auction,1567077053,13.490543087711558,13.490525196251003,0.04229829849403188,0.04229829849402433,0.0,0.18000000000000682,0.0,0,0.0,6.385950795939621e-18,6.385950795939621e-18
td3_verified,td3,synthetic_rough_heston,no_auction,1386223455,15.965750367875444,15.95605144340805,0.9848311767706264,0.984831176770637,0.0,0.29000000000000625,0.0,0,0.0,-2.098321516541546e-16,-2.098321516541546e-16
td3_verified,td3,synthetic_rough_heston,no_auction,2103330825,21.51468312027646,21.512523300090802,0.46473865619900323,0.464738656199005,0.0,-0.12000000000000455,0.0,0,-0.0,-1.6375789613221058e-17,-1.6375789613221058e-17
td3_verified,td3,synthetic_rough_heston,no_auction,1713764255,-11.747364985796594,-11.747698073842688,0.1825069987958443,0.1825069987958301,0.0,-0.18999999999999773,0.0,0,-0.0,5.1833537462186994e-17,5.1833537462186994e-17
td3_verified,td3,synthetic_rough_heston,no_auction,338169861,12.616811037891239,12.610891567508226,0.7693809448520028,0.7693809448519939,0.0,0.3499999999999943,0.0,0,0.0,1.376676550535194e-16,1.376676550535194e-16
td3_verified,td3,synthetic_rough_heston,no_auction,460890984,27.06164313647423,27.061544404210398,0.09936411013691782,0.09936411013690716,0.0,-0.18000000000000682,0.0,0,-0.0,2.1180973641676816e-17,2.1180973641676816e-17
td3_verified,td3,synthetic_rough_heston,no_auction,1844393987,-2.5173968454291753,-2.522723586794594,0.7298452826057371,0.7298452826057513,0.0,0.0799999999999983,0.0,0,0.0,-2.0761170560490428e-16,-2.0761170560490428e-16
td3_verified,td3,synthetic_rough_heston,no_auction,1032412864,-0.455634232803277,-0.4598464200184553,0.6490136527976915,0.6490136527977164,0.0,-0.010000000000005116,0.0,0,-0.0,-3.22519788653608e-16,-3.22519788653608e-16
td3_verified,td3,synthetic_rough_heston,no_auction,285977676,26.750501965867443,26.750182123357547,0.17884141295978395,0.1788414129597644,0.0,0.12000000000000455,0.0,0,0.0,6.987466161234579e-17,6.987466161234579e-17
td3_verified,td3,synthetic_rough_heston,no_auction,1194047159,27.000296458740195,26.999829996447513,0.21597738138068223,0.21597738138066624,0.0,0.3499999999999943,0.0,0,0.0,6.904199434387693e-17,6.904199434387693e-17
td3_verified,td3,synthetic_rough_heston,no_auction,410795716,-8.71573709923905,-8.719695618064135,0.6291676108228472,0.6291676108228419,0.0,0.14000000000000057,0.0,0,0.0,6.716849298982197e-17,6.716849298982197e-17
td3_verified,td3,synthetic_rough_heston,no_auction,1688827796,26.784084845345205,26.783158667882194,0.3043316386790309,0.30433163867906643,0.0,0.1799999999999926,0.0,0,0.0,-2.1621593404574924e-16,-2.1621593404574924e-16
td3_verified,td3,synthetic_rough_heston,no_auction,1615174803,17.847359354080254,17.847351344466098,0.028301261730049987,0.028301261730012683,0.0,-0.14000000000000057,0.0,0,-0.0,2.11148373091552e-17,2.11148373091552e-17
td3_verified,td3,synthetic_rough_heston,no_auction,573603312,7.864436939975349,7.864306341546388,0.11427966965359815,0.11427966965361236,0.0,0.2400000000000091,0.0,0,0.0,-3.2474023470285827e-17,-3.2474023470285827e-17
td3_verified,td3,synthetic_rough_heston,no_auction,1292648848,26.74317838483148,26.62773367039973,3.397715621292491,3.3977156212924977,0.0,-0.21999999999999886,0.0,0,-0.0,-4.618527782440651e-16,-4.618527782440651e-16
td3_verified,td3,synthetic_rough_heston,no_auction,504177273,-4.037111281655598,-4.042250771034735,0.7169023210408199,0.7169023210408376,0.0,-0.10000000000000853,0.0,0,-0.0,-2.5424107263916085e-16,-2.5424107263916085e-16
td3_verified,td3,synthetic_rough_heston,no_auction,2023171617,-4.599211072534672,-4.601007492505221,0.4238419482010727,0.4238419482010616,0.0,-0.030000000000001137,0.0,0,-0.0,9.43689570931383e-17,9.43689570931383e-17
td3_verified,td3,synthetic_rough_heston,no_auction,155866399,21.88683846057029,21.885727555738615,0.33330238998141226,0.3333023899813874,0.0,-0.23000000000000398,0.0,0,-0.0,1.6583956430338277e-16,1.6583956430338277e-16
td3_verified,td3,synthetic_rough_heston,no_auction,426465092,51.080675485582105,51.07593741451438,0.6883364778744294,0.6883364778744026,0.0,-0.01999999999999602,0.0,0,-0.0,3.6970426720017714e-16,3.6970426720017714e-16
td3_verified,td3,synthetic_rough_heston,no_auction,2075242093,31.08697696303716,31.086604543408935,0.1929817681091066,0.1929817681090995,0.0,-0.020000000000010232,0.0,0,-0.0,2.7408630920433553e-17,2.7408630920433553e-17
td3_verified,td3,synthetic_rough_heston,no_auction,426948909,-41.42959369314485,-44.329976850466906,17.03051131740341,17.030511317403402,0.0,0.4300000000000068,0.0,0,0.0,2.2737367544323206e-15,2.2737367544323206e-15
sac_verified,sac,synthetic_rough_heston,learned,1906509230,29.871868652287436,29.868121731138146,1.182477379534916,0.612120996967813,0.5703563825671021,0.04999999999999716,0.30100000000000005,14,-0.27248218087164655,0.010235606381828924,-0.26224657448981764
sac_verified,sac,synthetic_rough_heston,learned,1178422796,20.66196600380262,20.57335029122421,0.43433913872419794,2.9768391387243365,-2.5425000000001106,-0.2600000000000051,0.033,2,0.6280500000000417,-0.08672920770413371,0.541320792295908
sac_verified,sac,synthetic_rough_heston,learned,1963502950,36.23885891236467,36.23880962079884,0.4077079524221574,0.07020795242204958,0.33750000000006963,-0.009999999999990905,0.12,10,-0.12337499999999763,0.0016129661788497139,-0.1217620338211479
sac_verified,sac,synthetic_rough_heston,learned,1703319850,28.250296370849203,28.24804759655862,1.638224585391967,0.4742124303074102,1.1640121550845675,0.1700000000000017,0.093,10,0.10488206636437844,0.02458902363124622,0.12947108999562465
sac_verified,sac,synthetic_rough_heston,learned,1313726939,13.822887255633193,13.761876390199788,2.8933755259806304,2.470037761521141,0.4233377644595028,0.010000000000005116,0.27399999999999997,12,-0.2697666223554028,0.02270535391003321,-0.24706126844536958
sac_verified,sac,synthetic_rough_heston,learned,1061055793,-14.91188700289336,-14.913583569779156,0.5731059740909217,-0.4118940259090378,0.9849999999999852,0.14000000000000057,0.15599999999999997,8,-0.018100000000001476,0.0015879376895914907,-0.016512062310409987
sac_verified,sac,synthetic_rough_heston,learned,1067007710,31.308933400628217,31.304045106778606,0.7891633464085857,0.6991633464085121,0.09000000000004604,-0.11999999999999034,0.246,19,-0.25680000000000464,0.0013394940235364834,-0.25546050597646813
sac_verified,sac,synthetic_rough_heston,learned,40720655,-5.115254435131588,-5.162006348100005,0.657219067727155,2.1622190677268716,-1.5049999999997148,-0.09999999999999432,0.036,8,0.11449999999996291,-0.0424325439385751,0.07206745606138781
sac_verified,sac,synthetic_rough_heston,learned,1966159132,32.492973581159646,32.28360144314421,0.856779969060355,-4.5757200309397845,5.432500000000136,0.3400000000000034,0.041999999999999996,6,1.8050500000000647,-0.2020314188616052,1.6030185811384594
sac_verified,sac,synthetic_rough_heston,learned,188577770,4.8908920464645345,4.790820438901435,0.6465903274609417,-3.163409672538471,3.8099999999994196,0.11999999999999034,0.013000000000000001,1,0.4441999999998935,-0.09589081704743908,0.34830918295245444
sac_verified,sac,synthetic_rough_heston,learned,1402152033,36.092982874720214,36.03236796067623,0.5808077645695846,2.4620096271943748,-1.8812018626247582,-0.46999999999999886,0.013000000000000001,1,0.8711648754336342,-0.057241537450134654,0.8139233379834996
sac_verified,sac,synthetic_rough_heston,learned,2092728533,-21.823291494994656,-21.974014412714972,0.7526950439160913,-3.882304956083658,4.634999999999739,0.269999999999996,0.037,2,1.214449999999911,-0.1450574194289589,1.069392580570952
sac_verified,sac,synthetic_rough_heston,learned,1437347273,34.6522539620576,34.65197208879992,0.301837459660689,0.16789081501983083,0.1339466446408608,-0.06999999999999318,0.22899999999999998,10,-0.23837626512485932,0.00062918526286395,-0.23774707986199536
sac_verified,sac,synthetic_rough_heston,learned,1045146178,33.59715047462591,33.58260195473138,0.5544441592806919,1.2061724542755512,-0.6517282949948504,-0.0800000000000125,0.023,1,0.029138263599596183,-0.011474436636926334,0.017663826962669847
sac_verified,sac,synthetic_rough_heston,learned,528283994,8.664419097298072,8.650737330731438,0.8824290908447097,1.1696908380693405,-0.28726174722464237,-0.23000000000000398,0.18599999999999997,14,-0.11992979813833109,-0.005894955562943354,-0.12582475370127444
sac_verified,sac,synthetic_rough_heston,learned,36265689,6.288621109984291,6.195076268872493,0.5026188966597118,3.0585101129765455,-2.5558912163168426,-0.12000000000000455,0.006,3,0.3007069459580327,-0.09101858355900375,0.20968836239902897
sac_verified,sac,synthetic_rough_heston,learned,1193742096,11.063378663787459,11.057571473669444,0.5301313520556477,-0.7620492187525478,1.292180570808192,0.23000000000000398,0.059,3,0.23820153128588928,-0.0029967976136901953,0.23520473367219907
sac_verified,sac,synthetic_rough_heston,learned,793249015,-7.018366871799735,-7.027154151185707,0.9824048957612064,0.9374048957612553,0.04499999999995907,-0.05000000000001137,0.18,8,-0.18224999999999847,0.0008639144061841686,-0.1813860855938143
sac_verified,sac,synthetic_rough_heston,learned,1309854583,4.837725597718454,4.836419720814068,0.9034249525081037,-0.36136918855729916,1.264794141065378,0.3100000000000023,0.08499999999999999,10,0.3070861837302701,0.006855889543757086,0.3139420732740272
sac_verified,sac,synthetic_rough_heston,learned,1144601564,17.10028380922516,16.96894552334621,3.0872658145798795,3.624062442604275,-0.5367966280244204,-0.18999999999999773,0.03900000000000001,2,0.06299135932463865,-0.03602618378021296,0.026965175544425686
sac_verified,sac,synthetic_rough_heston,learned,982973886,9.202725722486953,9.202376123085962,0.4719244518092296,-0.18697577409673627,0.658900225905957,0.010000000000005116,0.079,4,-0.07241099774093707,0.0018775274811636813,-0.07053347025977338
sac_verified,sac,synthetic_rough_heston,learned,715231342,-9.068872549231033,-9.091751379977415,0.9925749814928224,1.5125749814928824,-0.5200000000000315,-0.23000000000000398,0.071,3,0.04860000000000933,-0.013026779807527165,0.035573220192482165
sac_verified,sac,synthetic_rough_heston,learned,2130732657,9.943237592170378,9.942827259497234,0.1575666984340387,0.20256669843403152,-0.045000000000001705,-0.10999999999999943,0.182,10,-0.17704999999999985,-0.00016206002859060577,-0.17721206002859044
sac_verified,sac,synthetic_rough_heston,learned,1234679122,3.1416230422630034,3.1408990623308686,0.1561863141875932,-0.26906875183393203,0.42525506602150925,0.09999999999999432,0.041,2,0.0015255066021485075,-0.0004800382847396452,0.0010454683174088623
sac_verified,sac,synthetic_rough_heston,learned,490149342,0.5977494985704397,0.5914321542633849,0.7248172310069094,0.7948172310068975,-0.07000000000001094,-0.09000000000000341,0.328,23,-0.32169999999999876,-0.0010637441234094835,-0.32276374412340825
sac_verified,sac,synthetic_rough_heston,learned,381953676,17.83311460266204,17.82736738311261,0.7581041847549699,0.7581041847549024,7.460698725481052e-14,-0.14999999999999147,0.37900000000000006,22,-0.3790000000000113,1.0236256287043944e-15,-0.3790000000000103
sac_verified,sac,synthetic_rough_heston,learned,478640128,-45.616219923683964,-51.75116098725149,24.028907516881986,24.768813180222267,-0.7399056633402905,-0.04000000000000625,0.13499999999999998,12,-0.10540377346638373,-0.36105709901884664,-0.4664608724852304
sac_verified,sac,synthetic_rough_heston,learned,951876364,14.758157455790876,14.757795905747255,0.26514469322640366,0.1901446932264097,0.07500000000000284,-0.0799999999999983,0.139,9,-0.1450000000000001,0.0003414670398395825,-0.1446585329601605
sac_verified,sac,synthetic_rough_heston,learned,723990043,1.7813294531079737,1.7522281783605478,0.6843350845617096,-1.705909574022785,2.390244658584505,0.060000000000002274,0.045,2,0.09841467951507575,-0.024418129667805176,0.07399654984727058
sac_verified,sac,synthetic_rough_heston,learned,487116369,25.053076354863354,24.93964631739326,3.2079376103201582,3.3679376103201744,-0.160000000000025,-0.25,0.126,6,-0.08599999999999375,-0.010521400353025588,-0.09652140035301934
sac_verified,sac,synthetic_rough_heston,learned,1985429050,36.18754790260583,36.184943735684776,0.09968961199534476,-0.5103103880045481,0.6099999999999106,-0.12000000000000455,0.063,3,-0.13619999999999205,-0.0025047867336557,-0.13870478673364775
sac_verified,sac,synthetic_rough_heston,learned,1628956857,-11.212295855323843,-11.253492593108666,0.892197952524441,2.029697952524547,-1.1375000000001165,-0.3200000000000074,0.066,4,0.2980000000000457,-0.03323656591993533,0.2647634340801103
sac_verified,sac,synthetic_rough_heston,learned,1189523478,19.591005406094716,19.402849160384836,0.23230192717522868,-4.337698072824814,4.5700000000000465,0.25,0.034,2,1.1085000000000116,-0.18761660385618784,0.9208833961438238
sac_verified,sac,synthetic_rough_heston,learned,1296530916,-19.01505386570489,-19.915158117854194,7.12988242166557,9.487382421665652,-2.3575000000001047,-0.20000000000000284,0.029,2,0.44250000000002765,-0.3917520186815471,0.05074798131848057
sac_verified,sac,synthetic_rough_heston,learned,707561452,20.31166333467794,20.197379475625763,3.8055895795287142,3.380589579528672,0.42500000000003624,0.060000000000002274,0.16,7,-0.13449999999999687,0.03054126142599694,-0.10395873857399993
sac_verified,sac,synthetic_rough_heston,learned,901155818,14.241907461296549,14.232777485911894,0.9105090467731856,0.9555090467731677,-0.04500000000002302,-0.1600000000000108,0.24699999999999997,11,-0.2397999999999958,-0.0008397081420955254,-0.24063970814209132
sac_verified,sac,synthetic_rough_heston,learned,1820860524,22.263409417136632,22.22376681598894,3.6560449805989492,1.9910449805991828,1.6649999999998002,0.009999999999990905,0.051000000000000004,4,-0.034350000000017145,0.09402404785393571,0.05967404785391857
sac_verified,sac,synthetic_rough_heston,learned,1044185241,-7.552897425825154,-7.559524461686641,0.44193632820383755,-0.8140660821755441,1.2560024103793763,0.09000000000000341,0.026000000000000002,1,0.08704021693414815,-0.004673958679623498,0.08236625825452465
sac_verified,sac,synthetic_rough_heston,learned,591637826,9.391353928464683,9.338254122628717,0.6588865193684939,-2.304339511356048,2.963226030724538,0.25,0.039,2,0.7018065076811345,-0.04875849138191101,0.6530480162992235
sac_verified,sac,synthetic_rough_heston,learned,27222720,1.3955866045817094,1.3881059027284095,0.7927888476095006,0.8649105071219659,-0.07212165951249545,-0.13000000000000966,0.259,14,-0.2496241842633749,-0.0011955602843597623,-0.25081974454773465
sac_verified,sac,synthetic_rough_heston,learned,64598572,7.384795894817857,7.379431023520042,0.30754718255633406,-0.7324528174438685,1.0400000000001803,0.29000000000000625,0.021,1,0.2806000000000588,-0.004419018602831219,0.2761809813972276
sac_verified,sac,synthetic_rough_heston,learned,824692580,19.294484331170374,19.280565842091704,0.909766463274309,1.1797664632743103,-0.2700000000000067,0.04999999999999716,0.186,12,-0.19949999999999957,-0.0056417389016813,-0.20514173890168086
sac_verified,sac,synthetic_rough_heston,learned,1292888439,9.253057262773785,9.227083085917881,0.8274403132565169,1.6116506090311344,-0.7842102957746281,-0.0799999999999983,0.031,2,0.03173682366196891,-0.01912760213588384,0.012609221526085068
sac_verified,sac,synthetic_rough_heston,learned,1567077053,16.224722409981755,16.217891814973314,0.5410403396568881,-0.8264741380371747,1.3675144776940655,0.18000000000000682,0.066,3,0.18015260598494112,-0.0039033485170825,0.17624925746785863
sac_verified,sac,synthetic_rough_heston,learned,1386223455,21.420493776347968,20.82897371236455,0.5239658433768426,-7.69103415662299,8.214999999999826,0.28000000000000114,0.018000000000000002,1,2.282199999999961,-0.5887746619331591,1.6934253380668018
sac_verified,sac,synthetic_rough_heston,learned,2103330825,19.562801503005392,19.24646060660185,5.724419049142199,5.624419049142239,0.0999999999999801,-0.12000000000000455,0.135,6,-0.14699999999999808,0.011348838098279827,-0.13565116190171825
sac_verified,sac,synthetic_rough_heston,learned,1713764255,-9.423682739034309,-9.428436428925826,0.24323528683417805,0.689470078503567,-0.44623479166939245,-0.18999999999999773,0.258,12,-0.17321538958281646,-0.0041620558439041,-0.17737744542672057
sac_verified,sac,synthetic_rough_heston,learned,338169861,18.13175986967978,17.82541899440532,0.6036239617487382,-5.534806909680392,6.138430871429095,0.3499999999999943,0.032,2,2.1164508050001483,-0.3026972564024857,1.8137535485976626
sac_verified,sac,synthetic_rough_heston,learned,460890984,31.39419151300096,30.727461395534526,7.984920487927411,8.165354355240394,-0.18043386731298455,-0.18000000000000682,0.157,8,-0.12452190388366155,-0.029140565481203425,-0.15366246936486497
sac_verified,sac,synthetic_rough_heston,learned,1844393987,0.955515096321411,0.9547350922493746,0.8417855298859251,0.2792855298858825,0.5625000000000213,0.0799999999999983,0.37900000000000006,19,-0.3339999999999993,0.006306024711216896,-0.3276939752887824
sac_verified,sac,synthetic_rough_heston,learned,1032412864,2.0279746731819905,2.0234663097658565,0.9150608670762637,0.6714434761120408,0.24361739096423088,-0.010000000000005116,0.093,7,-0.09543617390964355,0.0038650004884094274,-0.09157117342123412
sac_verified,sac,synthetic_rough_heston,learned,285977676,30.797128381416407,30.796019446525612,0.03699325970919176,-0.33300674029107213,0.370000000000271,0.12000000000000455,0.025,4,0.019400000000034202,-0.0010952498781537385,0.018304750121880466
sac_verified,sac,synthetic_rough_heston,learned,1194047159,28.17641375852417,28.094302219188002,0.16698888789130706,-2.865511112108443,3.0324999999997218,0.3399999999999892,0.058,3,0.9730499999998725,-0.0818326864493779,0.8912173135504946
sac_verified,sac,synthetic_rough_heston,learned,410795716,-15.26227042355614,-15.281790703614382,0.9728500417550379,-1.397149958245068,2.3700000000000934,0.14000000000000057,0.037,4,0.29480000000001444,-0.010055908020814162,0.28474409197920025
sac_verified,sac,synthetic_rough_heston,learned,1688827796,32.306711815598014,32.306675751798515,0.6399468572869011,-0.06005314271306261,0.6999999999999602,0.1799999999999926,0.046,2,0.07999999999998768,0.00405925600201666,0.08405925600200434
sac_verified,sac,synthetic_rough_heston,learned,1615174803,17.944210371443624,17.943343622766413,0.294405957346342,0.2944059573463482,0.0,-0.14000000000000057,0.29000000000000004,16,-0.29000000000000004,-3.663735981263017e-17,-0.2900000000000001
sac_verified,sac,synthetic_rough_heston,learned,573603312,15.128667193796893,15.105129285699073,0.9310493181185535,-1.534206899274701,2.4652562173932484,0.2400000000000091,0.058,3,0.533661492174402,-0.014869379770130696,0.5187921124042713
sac_verified,sac,synthetic_rough_heston,learned,1292648848,25.830309822444338,24.90727015508789,9.575699518108792,9.607495341432374,-0.03179582332358042,-0.21999999999999886,0.22399999999999998,15,-0.21700491886881232,-0.006099454745358202,-0.22310437361417051
sac_verified,sac,synthetic_rough_heston,learned,504177273,-2.0222902690389892,-2.0224727686271238,0.07558795051477318,0.13509240842271963,-0.05950445790792159,-0.10000000000000853,0.27399999999999997,19,-0.2680495542092073,-0.0001253642055042709,-0.2681749184147116
sac_verified,sac,synthetic_rough_heston,learned,2023171617,5.550229607888614,5.549387457945005,0.009474553915936212,-0.29019819841085637,0.29967275232674995,-0.030000000000001137,0.215,9,-0.22399018256980283,-0.0008412522718900078,-0.22483143484169282
sac_verified,sac,synthetic_rough_heston,learned,155866399,21.345549868615112,21.340711178781696,0.7256069172611888,0.6956069172611921,0.02999999999999403,-0.23000000000000398,0.066,3,-0.07289999999999874,0.0004263641503566673,-0.07247363584964207
sac_verified,sac,synthetic_rough_heston,learned,426465092,43.05836044106701,43.03590325618624,1.7910721497735977,1.4985721497735935,0.2925000000000111,-0.01999999999999602,0.238,12,-0.24384999999999904,0.009622209576175673,-0.23422779042382336
sac_verified,sac,synthetic_rough_heston,learned,2075242093,28.220074247328157,28.218810389122797,0.16949216529590672,-0.3555078347040652,0.5249999999999702,-0.020000000000010232,0.39000000000000007,20,-0.40050000000000485,-0.00097658226439278,-0.40147658226439764
sac_verified,sac,synthetic_rough_heston,learned,426948909,-26.246046304555378,-26.429177004077307,0.9106227144371815,-4.279377285563053,5.19000000000025,0.4200000000000017,0.027000000000000003,5,2.1528000000001137,-0.17483836224144067,1.977961637758673
sac_verified,sac,synthetic_rough_heston,no_cancel,1906509230,30.640850833158765,29.379716752597112,1.182477379534916,-11.230022620465427,12.412500000000342,0.04000000000000625,0.0,0,0.4965000000000913,-1.2471515530305342,-0.7506515530304428
sac_verified,sac,synthetic_rough_heston,no_cancel,1178422796,19.491216003802037,19.46638893230451,0.43433913872419794,-1.5756608612745713,2.009999999998797,-0.27000000000001023,0.0,0,-0.5426999999996958,-0.022940566623248455,-0.5656405666229443
sac_verified,sac,synthetic_rough_heston,no_cancel,1963502950,36.29049013704571,35.83261196508027,0.4077079524221574,-6.766669579382731,7.174377531804851,-0.009999999999990905,0.0,0,-0.07174377531798326,-0.456215914220754,-0.5279596895387373
sac_verified,sac,synthetic_rough_heston,no_cancel,1703319850,29.95663930448427,28.445147224782104,1.638224585391967,-12.294275414607256,13.932499999999234,0.12999999999999545,0.0,0,1.811224999999837,-1.4846542817803374,0.3265707182194997
sac_verified,sac,synthetic_rough_heston,no_cancel,1313726939,14.092653877987686,11.946254886230026,2.8933755259806304,-14.650593816489696,17.54396934247034,0.0,0.0,0,0.0,-2.0626827724142243,-2.0626827724142243
sac_verified,sac,synthetic_rough_heston,no_cancel,1061055793,-11.922412002892088,-18.9128275674649,0.5731059740909217,-26.439394025909163,27.01250000000011,0.10999999999999943,0.0,0,2.9713749999999965,-6.987131059997425,-4.015756059997428
sac_verified,sac,synthetic_rough_heston,no_cancel,1067007710,31.20063340062734,31.14985813988313,0.7891633464085857,-2.2533366535919646,3.0425000000005227,-0.11999999999999034,0.0,0,-0.36510000000003334,-0.04454747287106236,-0.4096474728710957
sac_verified,sac,synthetic_rough_heston,no_cancel,40720655,-5.182254435134382,-5.195073635307628,0.657219067727155,1.1322190677269628,-0.474999999999806,-0.09999999999999432,0.0,0,0.0474999999999779,-0.00849983114340362,0.03900016885657428
sac_verified,sac,synthetic_rough_heston,no_cancel,1966159132,29.148723581160084,28.897042768580516,0.856779969060355,5.016779969059524,-4.159999999999172,0.37000000000000455,0.0,0,-1.5391999999997128,-0.24434009342573818,-1.783540093425451
sac_verified,sac,synthetic_rough_heston,no_cancel,188577770,6.584542046464776,3.0544986662332003,0.6465903274609417,-18.788409672539014,19.434999999999963,0.10999999999999943,0.0,0,2.1378499999999847,-3.5258625897159153,-1.3880125897159306
sac_verified,sac,synthetic_rough_heston,no_cancel,1402152033,35.688656037129476,35.663878752825276,0.5808077645695846,1.5740801855115336,-0.9932724209419169,-0.46999999999999886,0.0,0,0.46683803784269984,-0.02140390771035706,0.4454341301323428
sac_verified,sac,synthetic_rough_heston,no_cancel,2092728533,-15.819297914022172,-23.114995756013606,0.7526950439160913,-27.010549498282025,27.763244542198105,0.2599999999999909,0.0,0,7.218443580971255,-7.290032343700075,-0.07158876272881987
sac_verified,sac,synthetic_rough_heston,no_cancel,1437347273,34.10837767977864,33.210371389316876,0.301837459660689,-9.476319382871011,9.778156842531704,-0.0799999999999983,0.0,0,-0.7822525474025196,-0.8970952319412241,-1.6793477793437437
sac_verified,sac,synthetic_rough_heston,no_cancel,1045146178,33.61975794376485,33.605327548098366,0.5544441592806919,1.2012658184800755,-0.6468216591993746,-0.0800000000000125,0.0,0,0.05174573273595806,-0.011356312408881327,0.040389420327076736
sac_verified,sac,synthetic_rough_heston,no_cancel,528283994,8.204173895435815,8.177275569565257,0.8824290908447097,-1.6400709091547911,2.5224999999994893,-0.23000000000000398,0.0,0,-0.5801749999998925,-0.01911151486686802,-0.5992865148667605
sac_verified,sac,synthetic_rough_heston,no_cancel,36265689,6.25637659916174,6.181311237869641,0.5026188966597118,2.7398058561164245,-2.2371869594567215,-0.12000000000000455,0.0,0,0.26846243513481677,-0.07253910373930428,0.1959233313955125
sac_verified,sac,synthetic_rough_heston,no_cancel,1193742096,13.181902132500909,12.03863465946512,0.5301313520556477,-10.692368647946008,11.222500000001652,0.21000000000000796,0.0,0,2.356725000000436,-1.140457080531464,1.216267919468972
sac_verified,sac,synthetic_rough_heston,no_cancel,793249015,-7.27155490388941,-7.868520635030278,0.9824048957612064,-7.726355746021981,8.708760641783195,-0.05000000000001137,0.0,0,-0.4354380320892588,-0.587314537348713,-1.0227525694379718
sac_verified,sac,synthetic_rough_heston,no_cancel,1309854583,7.741911525828982,6.781351696802341,0.9034249525081037,-9.800815420293564,10.704240372801642,0.30000000000001137,0.0,0,3.2112721118406142,-0.9523980625784984,2.2588740492621158
sac_verified,sac,synthetic_rough_heston,no_cancel,1144601564,16.47640305218738,16.476220217566365,3.0872658145798795,0.13521635293619338,2.952049461643661,-0.18999999999999773,0.0,0,-0.560889397712289,0.09512926747772202,-0.46576013023456697
sac_verified,sac,synthetic_rough_heston,no_cancel,982973886,9.275136720229057,8.32000666352263,0.4719244518092296,-9.773075548190684,10.244999999999905,0.0,0.0,0,0.0,-0.952902929824272,-0.952902929824272
sac_verified,sac,synthetic_rough_heston,no_cancel,715231342,-8.580997549230233,-8.691558785555745,0.9925749814928224,3.3250749814930955,-2.3325000000002447,-0.23000000000000398,0.0,0,0.5364750000000655,-0.10070918538665835,0.4357658146134072
sac_verified,sac,synthetic_rough_heston,no_cancel,2130732657,9.862874680622554,9.815239405946329,0.1575666984340387,-2.1825506792793017,2.3401173777133315,-0.10999999999999943,0.0,0,-0.25741291154846513,-0.04738700203167138,-0.30479991358013653
sac_verified,sac,synthetic_rough_heston,no_cancel,1234679122,3.9890225356612063,3.1285225796852147,0.1561863141875932,-9.276313685812871,9.432500000000449,0.09000000000000341,0.0,0,0.8489250000000725,-0.8602560143285968,-0.011331014328524236
sac_verified,sac,synthetic_rough_heston,no_cancel,490149342,0.318722289033758,-0.035294326469495596,0.7248172310069094,-5.949929541626973,6.674746772633859,-0.09000000000000341,0.0,0,-0.60072720953707,-0.34876301531960835,-0.9494902248566783
sac_verified,sac,synthetic_rough_heston,no_cancel,381953676,16.64795974918161,15.71294910578383,0.7581041847549699,-9.669594838449953,10.42769902320493,-0.14999999999999147,0.0,0,-1.5641548534806506,-0.9292634238483497,-2.4934182773290003
sac_verified,sac,synthetic_rough_heston,no_cancel,478640128,-46.709876225240805,-46.873461927356814,24.028907516881986,4.04457293315383,19.984334583728145,-0.060000000000002274,0.0,0,-1.1990600750237341,5.6102982624326705,4.411238187408936
sac_verified,sac,synthetic_rough_heston,no_cancel,951876364,14.566618023796764,14.411256059567423,0.26514469322640366,-3.9415982066839534,4.206742899910366,-0.0799999999999983,0.0,0,-0.3365394319928221,-0.15465894714588033,-0.49119837913870246
sac_verified,sac,synthetic_rough_heston,no_cancel,723990043,2.2282515217593755,1.1832769289515215,0.6843350845617096,-10.222399878736177,10.906734963297897,0.04999999999999716,0.0,0,0.5453367481648639,-1.0402914477282332,-0.49495469956336935
sac_verified,sac,synthetic_rough_heston,no_cancel,487116369,21.48420008317771,20.417391798227115,3.2079376103201582,-10.328641173700413,13.536578784020563,-0.27000000000001023,0.0,0,-3.6548762716856906,-0.9638996478335286,-4.618775919519219
sac_verified,sac,synthetic_rough_heston,no_cancel,1985429050,35.27334790260829,34.636494363719265,0.09968961199534476,-7.9803103880051225,8.080000000000485,-0.12999999999999545,0.0,0,-1.0504000000000262,-0.6367541587016269,-1.6871541587016532
sac_verified,sac,synthetic_rough_heston,no_cancel,1628956857,-12.277545855322387,-12.298075072394827,0.892197952524441,-1.4328020474733947,2.324999999997825,-0.3300000000000125,0.0,0,-0.7672499999993113,-0.01256904520755147,-0.7798190452068627
sac_verified,sac,synthetic_rough_heston,no_cancel,1189523478,21.574691551870274,20.10175914846338,0.23230192717522868,-12.136442655930503,12.368744583105736,0.25,0.0,0,3.092186145776434,-1.4723927615532015,1.6197933842232324
sac_verified,sac,synthetic_rough_heston,no_cancel,1296530916,-24.792087673464266,-27.071384960879566,7.12988242166557,-15.097341777330536,22.227224198996083,-0.23999999999999488,0.0,0,-5.334533807758946,-1.7709450539475424,-7.105478861706489
sac_verified,sac,synthetic_rough_heston,no_cancel,707561452,21.244163334678888,18.637743456432474,3.8055895795287142,-16.14441042047189,19.950000000000596,0.04000000000000625,0.0,0,0.7980000000001486,-2.461594757768238,-1.6635947577680896
sac_verified,sac,synthetic_rough_heston,no_cancel,901155818,11.000907461297174,7.97000370879286,0.9105090467731856,-17.409490953225237,18.319999999998384,-0.19000000000001194,0.0,0,-3.4807999999999115,-3.022613485261756,-6.503413485261667
sac_verified,sac,synthetic_rough_heston,no_cancel,1820860524,22.39779857830763,21.994843898655944,3.6560449805989492,-6.347871136465253,10.003916117064236,0.009999999999990905,0.0,0,0.10003916117055138,-0.2692880306500589,-0.1692488694795075
sac_verified,sac,synthetic_rough_heston,no_cancel,1044185241,-6.698857962386683,-7.980635097458576,0.44193632820383755,-11.321559676439872,11.763496004643704,0.0799999999999983,0.0,0,0.9410796803714763,-1.27982405789003,-0.3387443775185537
sac_verified,sac,synthetic_rough_heston,no_cancel,591637826,13.246997420781554,9.57743058395394,0.6588865193684939,-19.156113480629656,19.814999999998147,0.22999999999998977,0.0,0,4.557449999999371,-3.6652255223735573,0.8922244776258141
sac_verified,sac,synthetic_rough_heston,no_cancel,27222720,-4.76228432487369,-12.789413627339142,0.7927888476095006,-28.33218894202397,29.124977789633437,-0.21999999999999886,0.0,0,-6.407495113719323,-8.020844160896512,-14.428339274615835
sac_verified,sac,synthetic_rough_heston,no_cancel,64598572,9.901102311090654,9.02931451996178,0.30754718255633406,-9.336957701140527,9.644504883696838,0.29000000000000625,0.0,0,2.7969064162721433,-0.8708419384338906,1.9260644778382527
sac_verified,sac,synthetic_rough_heston,no_cancel,824692580,19.7486895641905,19.450806730231612,0.909766463274309,-5.457864362173982,6.367630825448286,0.04000000000000625,0.0,0,0.25470523301797127,-0.2896060837819016,-0.03490085076393035
sac_verified,sac,synthetic_rough_heston,no_cancel,1292888439,6.868850412167376,3.3432896853540313,0.8274403132565169,-18.776476577924157,19.603916891180663,-0.12000000000000455,0.0,0,-2.3524700269417687,-3.5187141520933243,-5.871184179035093
sac_verified,sac,synthetic_rough_heston,no_cancel,1567077053,18.343529687566843,16.658140733830244,0.5410403396568881,-12.98225309311368,13.52329343277057,0.1700000000000017,0.0,0,2.29895988357102,-1.682461707245237,0.6164981763257829
sac_verified,sac,synthetic_rough_heston,no_cancel,1386223455,23.844931926880236,21.19277111559988,0.5239658433768426,-16.285456122812022,16.809421966188857,0.28000000000000114,0.0,0,4.706638150532899,-2.6494154092300994,2.0572227413027995
sac_verified,sac,synthetic_rough_heston,no_cancel,2103330825,18.624301503004972,18.55536474970997,5.724419049142199,-2.62558095085645,8.34999999999867,-0.13000000000000966,0.0,0,-1.0854999999999078,0.25875298120681817,-0.8267470187930896
sac_verified,sac,synthetic_rough_heston,no_cancel,1713764255,-11.548917349451585,-12.694195029210814,0.24323528683417805,-10.701764713164028,10.944999999998203,-0.21000000000000796,0.0,0,-2.2984499999997094,-1.1446860457116146,-3.443136045711324
sac_verified,sac,synthetic_rough_heston,no_cancel,338169861,22.492384064678845,18.873305469491324,0.6036239617487382,-19.0238760382513,19.6275,0.3299999999999983,0.0,0,6.477074999999967,-3.615434976315547,2.86164002368442
sac_verified,sac,synthetic_rough_heston,no_cancel,460890984,29.541288416883617,29.482599501960458,7.984920487927411,-2.422579512073055,10.407500000000464,-0.18999999999999773,0.0,0,-1.9774250000000646,0.5789006370620681,-1.3985243629379966
sac_verified,sac,synthetic_rough_heston,no_cancel,1844393987,2.6012199891119963,-1.8171683229610194,0.8417855298859251,-21.019962683299454,21.861748213185358,0.060000000000002274,0.0,0,1.3117048927911712,-4.411302283289762,-3.099597390498591
sac_verified,sac,synthetic_rough_heston,no_cancel,1032412864,1.969060847090077,1.506329065518715,0.9150608670762637,-6.802439132924028,7.7175000000003,-0.01999999999999602,0.0,0,-0.15434999999997528,-0.4543584176668184,-0.6087084176667936
sac_verified,sac,synthetic_rough_heston,no_cancel,285977676,31.922728381416164,30.620161152876552,0.03699325970919176,-11.41300674029247,11.450000000001669,0.10000000000000853,0.0,0,1.1450000000002645,-1.3025535435269742,-0.1575535435267097
sac_verified,sac,synthetic_rough_heston,no_cancel,1194047159,32.87432125298619,29.97828963979347,0.16698888789130706,-17.01773079230225,17.184719680193528,0.3299999999999983,0.0,0,5.670957494463835,-2.89575276030593,2.7752047341579047
sac_verified,sac,synthetic_rough_heston,no_cancel,410795716,-13.63954378775452,-15.537698854114634,0.9728500417550379,-13.777354849027136,14.750204890782161,0.12999999999999545,0.0,0,1.9175266358016139,-1.8886906943226873,0.02883594147892654
sac_verified,sac,synthetic_rough_heston,no_cancel,1688827796,34.22045804298432,33.13126919493367,0.6399468572869011,-10.436421072621814,11.076367929908711,0.1799999999999926,0.0,0,1.993746227383486,-1.0850935282491327,0.9086526991343533
sac_verified,sac,synthetic_rough_heston,no_cancel,1615174803,17.902410371443693,17.8593294651447,0.294405957346342,-2.0755940426536137,2.369999999999962,-0.14000000000000057,0.0,0,-0.33179999999999604,-0.042214157621781545,-0.3740141576217776
sac_verified,sac,synthetic_rough_heston,no_cancel,573603312,17.618386283351356,16.126547890258752,0.9310493181185535,-12.214083645908946,13.145132964027493,0.23000000000000398,0.0,0,3.0233805817263755,-1.4831698647649136,1.5402107169614618
sac_verified,sac,synthetic_rough_heston,no_cancel,1292648848,24.8527147413115,24.68084649636703,9.575699518108792,4.145699518108726,5.430000000000067,-0.21999999999999886,0.0,0,-1.1946000000000085,0.7450719676666202,-0.44952803233338834
sac_verified,sac,synthetic_rough_heston,no_cancel,504177273,-2.143655112184206,-2.2894688131945724,0.07558795051477318,-3.818556023032352,3.89414397354715,-0.10000000000000853,0.0,0,-0.3894143973547482,-0.14575656562773628,-0.5351709629824845
sac_verified,sac,synthetic_rough_heston,no_cancel,2023171617,5.292929999079206,3.8474599589047136,0.009474553915936212,-12.022770230585346,12.03224478450124,-0.03999999999999204,0.0,0,-0.4812897913799538,-1.445469142502773,-1.926758933882727
sac_verified,sac,synthetic_rough_heston,no_cancel,155866399,18.941049868613845,18.020046300198544,0.7256069172611888,-9.596893082739332,10.322500000000517,-0.23999999999999488,0.0,0,-2.4774000000000713,-0.9157385144315275,-3.393138514431599
sac_verified,sac,synthetic_rough_heston,no_cancel,426465092,43.00791273859613,42.364892982348714,1.7910721497735977,-8.01885126590724,9.809923415680846,-0.029999999999986926,0.0,0,-0.29429770247029713,-0.6109403617904754,-0.9052380642607725
sac_verified,sac,synthetic_rough_heston,no_cancel,2075242093,28.267174247326693,26.91913532552947,0.16949216529590672,-11.610507834703968,11.779999999999873,-0.030000000000001137,0.0,0,-0.3534000000000096,-1.3477516458562553,-1.7011516458562648
sac_verified,sac,synthetic_rough_heston,no_cancel,426948909,-25.71084630455516,-26.012178934387737,0.9106227144371815,-5.4893772855632355,6.400000000000432,0.4200000000000017,0.0,0,2.6880000000001925,-0.2930402925520865,2.394959707448106
sac_verified,sac,synthetic_rough_heston,no_auction,1906509230,30.14435083315948,30.130368305628362,1.182477379534916,1.182477379534915,0.0,0.04999999999999716,0.0,0,0.0,2.2204460492503132e-17,2.2204460492503132e-17
sac_verified,sac,synthetic_rough_heston,no_auction,1178422796,20.033916003802005,20.032029498927727,0.43433913872419794,0.4343391387242259,0.0,-0.2600000000000051,0.0,0,-0.0,-2.42861286636753e-16,-2.42861286636753e-16
sac_verified,sac,synthetic_rough_heston,no_auction,1963502950,36.36223391236308,36.3605716546184,0.4077079524221574,0.4077079524221192,0.0,-0.009999999999990905,0.0,0,-0.0,3.1141755840735643e-16,3.1141755840735643e-16
sac_verified,sac,synthetic_rough_heston,no_auction,1703319850,28.145414304484802,28.118576506562974,1.638224585391967,1.6382245853919777,0.0,0.1700000000000017,0.0,0,0.0,-3.4638958368304885e-16,-3.4638958368304885e-16
sac_verified,sac,synthetic_rough_heston,no_auction,1313726939,14.092653877989505,14.008937658646067,2.8933755259806304,2.8933755259806437,0.0,0.010000000000005116,0.0,0,0.0,-7.638334409421077e-16,-7.638334409421077e-16
sac_verified,sac,synthetic_rough_heston,no_auction,1061055793,-14.893787002891258,-14.897071507466645,0.5731059740909217,0.5731059740909474,0.0,0.14000000000000057,0.0,0,0.0,-2.9531932455029166e-16,-2.9531932455029166e-16
sac_verified,sac,synthetic_rough_heston,no_auction,1067007710,31.565733400626414,31.559505612753266,0.7891633464085857,0.7891633464085581,0.0,-0.11999999999999034,0.0,0,-0.0,4.3520742565306136e-16,4.3520742565306136e-16
sac_verified,sac,synthetic_rough_heston,no_auction,40720655,-5.229754435133145,-5.234073804162986,0.657219067727155,0.6572190677271568,0.0,-0.09999999999999432,0.0,0,-0.0,-2.3869795029440865e-17,-2.3869795029440865e-17
sac_verified,sac,synthetic_rough_heston,no_auction,1966159132,30.68792358115934,30.680582862005508,0.856779969060355,0.8567799690603515,0.0,0.35999999999999943,0.0,0,0.0,6.106226635438361e-17,6.106226635438361e-17
sac_verified,sac,synthetic_rough_heston,no_auction,188577770,4.446692046465614,4.442511255949953,0.6465903274609417,0.6465903274609488,0.0,0.12999999999999545,0.0,0,0.0,-9.2148511043888e-17,-9.2148511043888e-17
sac_verified,sac,synthetic_rough_heston,no_auction,1402152033,35.22181799928876,35.21844462269492,0.5808077645695846,0.5808077645696166,0.0,-0.46999999999999886,0.0,0,-0.0,-3.713696017371149e-16,-3.713696017371149e-16
sac_verified,sac,synthetic_rough_heston,no_auction,2092728533,-23.037741494994407,-23.043406993285764,0.7526950439160913,0.7526950439160807,0.0,0.28000000000000114,0.0,0,0.0,1.5987211554602254e-16,1.5987211554602254e-16
sac_verified,sac,synthetic_rough_heston,no_auction,1437347273,34.890630227182555,34.88971916866201,0.301837459660689,0.30183745966069164,0.0,-0.06999999999999318,0.0,0,-0.0,-1.609823385706477e-17,-1.609823385706477e-17
sac_verified,sac,synthetic_rough_heston,no_auction,1045146178,33.56801221102796,33.56493812777036,0.5544441592806919,0.5544441592807008,0.0,-0.0800000000000125,0.0,0,-0.0,-9.825473767932635e-17,-9.825473767932635e-17
sac_verified,sac,synthetic_rough_heston,no_auction,528283994,8.784348895436779,8.776562084433088,0.8824290908447097,0.8824290908446981,0.0,-0.23000000000000398,0.0,0,-0.0,2.0317081350640365e-16,2.0317081350640365e-16
sac_verified,sac,synthetic_rough_heston,no_auction,36265689,5.9879141640267335,5.98538790647394,0.5026188966597118,0.5026188966597029,0.0,-0.12000000000000455,0.0,0,-0.0,8.881784197001253e-17,8.881784197001253e-17
sac_verified,sac,synthetic_rough_heston,no_auction,1193742096,10.825177132501267,10.822366739996944,0.5301313520556477,0.5301313520556441,0.0,0.23000000000000398,0.0,0,0.0,3.7192471324942746e-17,3.7192471324942746e-17
sac_verified,sac,synthetic_rough_heston,no_auction,793249015,-6.836116871798367,-6.845768065590524,0.9824048957612064,0.9824048957612144,0.0,-0.05000000000001137,0.0,0,-0.0,-1.5654144647214706e-16,-1.5654144647214706e-16
sac_verified,sac,synthetic_rough_heston,no_auction,1309854583,4.530639413987956,4.522477647539813,0.9034249525081037,0.9034249525080789,0.0,0.3100000000000023,0.0,0,0.0,4.485301019485632e-16,4.485301019485632e-16
sac_verified,sac,synthetic_rough_heston,no_auction,1144601564,17.037292449898814,16.94198034780008,3.0872658145798795,3.0872658145798546,0.0,-0.18999999999999773,0.0,0,-0.0,1.5454304502782179e-15,1.5454304502782179e-15
sac_verified,sac,synthetic_rough_heston,no_auction,982973886,9.275136720229057,9.272909593346903,0.4719244518092296,0.4719244518092207,0.0,0.010000000000005116,0.0,0,0.0,8.382183835919932e-17,8.382183835919932e-17
sac_verified,sac,synthetic_rough_heston,no_auction,715231342,-9.117472549231024,-9.12732460016988,0.9925749814928224,0.9925749814928508,0.0,-0.23000000000000398,0.0,0,-0.0,-5.651035195342047e-16,-5.651035195342047e-16
sac_verified,sac,synthetic_rough_heston,no_auction,2130732657,10.120287592169916,10.120039319525363,0.1575666984340387,0.15756669843402982,0.0,-0.10999999999999943,0.0,0,-0.0,2.799843690226567e-17,2.799843690226567e-17
sac_verified,sac,synthetic_rough_heston,no_auction,1234679122,3.1400975356627896,3.1398535940153947,0.1561863141875932,0.15618631418757722,0.0,0.09999999999999432,0.0,0,0.0,4.9960036108132046e-17,4.9960036108132046e-17
sac_verified,sac,synthetic_rough_heston,no_auction,490149342,0.9194494985713391,0.9141958983876941,0.7248172310069094,0.7248172310068866,0.0,-0.09000000000000341,0.0,0,-0.0,3.3195668436292183e-16,3.3195668436292183e-16
sac_verified,sac,synthetic_rough_heston,no_auction,381953676,18.21211460266386,18.20636738311443,0.7581041847549699,0.758104184754977,0.0,-0.14999999999999147,0.0,0,-0.0,-1.0769163338864018e-16,-1.0769163338864018e-16
sac_verified,sac,synthetic_rough_heston,no_auction,478640128,-45.51081615021758,-51.28470011476625,24.028907516881986,24.028907516881976,0.0,-0.04000000000000625,0.0,0,-0.0,4.547473508864641e-15,4.547473508864641e-15
sac_verified,sac,synthetic_rough_heston,no_auction,951876364,14.903157455790279,14.902454438706817,0.26514469322640366,0.26514469322641254,0.0,-0.0799999999999983,0.0,0,-0.0,-4.718447854656915e-17,-4.718447854656915e-17
sac_verified,sac,synthetic_rough_heston,no_auction,723990043,1.6829147735934384,1.6782316285138175,0.6843350845617096,0.6843350845617202,0.0,0.060000000000002274,0.0,0,0.0,-1.4543921622589551e-16,-1.4543921622589551e-16
sac_verified,sac,synthetic_rough_heston,no_auction,487116369,25.1390763548643,25.036167717747237,3.2079376103201582,3.2079376103201493,0.0,-0.25,0.0,0,-0.0,5.861977570020827e-16,5.861977570020827e-16
sac_verified,sac,synthetic_rough_heston,no_auction,1985429050,36.323747902606556,36.323648522419155,0.09968961199534476,0.09968961199536253,0.0,-0.12000000000000455,0.0,0,-0.0,-3.5423053379446404e-17,-3.5423053379446404e-17
sac_verified,sac,synthetic_rough_heston,no_auction,1628956857,-11.51029585532342,-11.518256027188308,0.892197952524441,0.8921979525244303,0.0,-0.3200000000000074,0.0,0,-0.0,1.8984813721090176e-16,1.8984813721090176e-16
sac_verified,sac,synthetic_rough_heston,no_auction,1189523478,18.482505406094788,18.481965764241096,0.23230192717522868,0.23230192717523224,0.0,0.2600000000000051,0.0,0,0.0,-1.6514567491299203e-17,-1.6514567491299203e-17
sac_verified,sac,synthetic_rough_heston,no_auction,1296530916,-19.45755386570454,-19.965906099172294,7.12988242166557,7.129882421665547,0.0,-0.20999999999999375,0.0,0,-0.0,3.339550858072471e-15,3.339550858072471e-15
sac_verified,sac,synthetic_rough_heston,no_auction,707561452,20.446163334678204,20.30133821420003,3.8055895795287142,3.805589579528708,0.0,0.060000000000002274,0.0,0,0.0,4.796163466380677e-16,4.796163466380677e-16
sac_verified,sac,synthetic_rough_heston,no_auction,901155818,14.481707461296537,14.47341719405398,0.9105090467731856,0.9105090467731447,0.0,-0.1600000000000108,0.0,0,-0.0,7.438494264988549e-16,7.438494264988549e-16
sac_verified,sac,synthetic_rough_heston,no_auction,1820860524,22.29775941713706,22.16409276813543,3.6560449805989492,3.656044980598983,0.0,0.01999999999999602,0.0,0,0.0,-2.4691360067663484e-15,-2.4691360067663484e-15
sac_verified,sac,synthetic_rough_heston,no_auction,1044185241,-7.639937642759833,-7.641890719941696,0.44193632820383755,0.4419363282038322,0.0,0.09000000000000341,0.0,0,0.0,4.718447854656915e-17,4.718447854656915e-17
sac_verified,sac,synthetic_rough_heston,no_auction,591637826,8.689547420783128,8.685206106329073,0.6588865193684939,0.6588865193684903,0.0,0.25,0.0,0,0.0,4.662936703425657e-17,4.662936703425657e-17
sac_verified,sac,synthetic_rough_heston,no_auction,27222720,1.64521078884718,1.6389256472782405,0.7927888476095006,0.7927888476094704,0.0,-0.13000000000000966,0.0,0,-0.0,4.785061236134425e-16,4.785061236134425e-16
sac_verified,sac,synthetic_rough_heston,no_auction,64598572,7.104195894817167,7.103250042122184,0.30754718255633406,0.30754718255631186,0.0,0.29000000000000625,0.0,0,0.0,1.366962099069724e-16,1.366962099069724e-16
sac_verified,sac,synthetic_rough_heston,no_auction,824692580,19.493984331171305,19.48570758099432,0.909766463274309,0.9097664632743037,0.0,0.04999999999999716,0.0,0,0.0,9.658940314238862e-17,9.658940314238862e-17
sac_verified,sac,synthetic_rough_heston,no_auction,1292888439,9.221320439110059,9.214473864390039,0.8274403132565169,0.8274403132565062,0.0,-0.0799999999999983,0.0,0,-0.0,1.765254609153999e-16,1.765254609153999e-16
sac_verified,sac,synthetic_rough_heston,no_auction,1567077053,16.044569803996637,16.041642557505277,0.5410403396568881,0.5410403396568908,0.0,0.18000000000000682,0.0,0,0.0,-2.886579864025407e-17,-2.886579864025407e-17
sac_verified,sac,synthetic_rough_heston,no_auction,1386223455,19.138293776346472,19.135548374296217,0.5239658433768426,0.5239658433768352,0.0,0.29000000000000625,0.0,0,0.0,7.771561172376097e-17,7.771561172376097e-17
sac_verified,sac,synthetic_rough_heston,no_auction,2103330825,19.7098015030042,19.382111768502376,5.724419049142199,5.724419049142219,0.0,-0.12000000000000455,0.0,0,-0.0,-2.3447910280083307e-15,-2.3447910280083307e-15
sac_verified,sac,synthetic_rough_heston,no_auction,1713764255,-9.250467349451355,-9.251058983498968,0.24323528683417805,0.2432352868341745,0.0,-0.18999999999999773,0.0,0,-0.0,1.7277845820729e-17,1.7277845820729e-17
sac_verified,sac,synthetic_rough_heston,no_auction,338169861,16.01530906467997,16.011665445807996,0.6036239617487382,0.6036239617487027,0.0,0.3499999999999943,0.0,0,0.0,4.285460875053104e-16,4.285460875053104e-16
sac_verified,sac,synthetic_rough_heston,no_auction,460890984,31.518713416884566,30.881123864899337,7.984920487927411,7.984920487927409,0.0,-0.18000000000000682,0.0,0,-0.0,2.842170943040401e-16,2.842170943040401e-16
sac_verified,sac,synthetic_rough_heston,no_auction,1844393987,1.2895150963213382,1.2824290675380854,0.8417855298859251,0.8417855298859038,0.0,0.0799999999999983,0.0,0,0.0,3.5860203695392556e-16,3.5860203695392556e-16
sac_verified,sac,synthetic_rough_heston,no_auction,1032412864,2.1234108470907813,2.1150374831862377,0.9150608670762637,0.9150608670762717,0.0,-0.010000000000005116,0.0,0,-0.0,-1.4654943925052067e-16,-1.4654943925052067e-16
sac_verified,sac,synthetic_rough_heston,no_auction,285977676,30.777728381415727,30.777714696403088,0.03699325970919176,0.03699325970919887,0.0,0.12000000000000455,0.0,0,0.0,-5.2583805365546965e-18,-5.2583805365546965e-18
sac_verified,sac,synthetic_rough_heston,no_auction,1194047159,27.203363758522755,27.203084905635965,0.16698888789130706,0.16698888789127864,0.0,0.3499999999999943,0.0,0,0.0,9.492406860545088e-17,9.492406860545088e-17
sac_verified,sac,synthetic_rough_heston,no_auction,410795716,-15.55707042355607,-15.566534795593498,0.9728500417550379,0.9728500417550254,0.0,0.14000000000000057,0.0,0,0.0,2.4202861936828414e-16,2.4202861936828414e-16
sac_verified,sac,synthetic_rough_heston,no_auction,1688827796,32.22671181559963,32.222616495798114,0.6399468572869011,0.6399468572868976,0.0,0.1799999999999926,0.0,0,0.0,4.551914400963142e-17,4.551914400963142e-17
sac_verified,sac,synthetic_rough_heston,no_auction,1615174803,18.234210371443623,18.233343622766412,0.294405957346342,0.2944059573463482,0.0,-0.14000000000000057,0.0,0,-0.0,-3.663735981263017e-17,-3.663735981263017e-17
sac_verified,sac,synthetic_rough_heston,no_auction,573603312,14.59500570162345,14.58633717329576,0.9310493181185535,0.9310493181185473,0.0,0.2400000000000091,0.0,0,0.0,1.1546319456101628e-16,1.1546319456101628e-16
sac_verified,sac,synthetic_rough_heston,no_auction,1292648848,26.04731474131222,25.130374528701132,9.575699518108792,9.575699518108793,0.0,-0.21999999999999886,0.0,0,-0.0,-2.842170943040401e-16,-2.842170943040401e-16
sac_verified,sac,synthetic_rough_heston,no_auction,504177273,-1.7542407148284838,-1.754297850211114,0.07558795051477318,0.07558795051479805,0.0,-0.10000000000000853,0.0,0,-0.0,-3.7600131341797295e-17,-3.7600131341797295e-17
sac_verified,sac,synthetic_rough_heston,no_auction,2023171617,5.7742197904590284,5.774218892787309,0.009474553915936212,0.00947455391589358,0.0,-0.030000000000001137,0.0,0,-0.0,8.078525912461055e-18,8.078525912461055e-18
sac_verified,sac,synthetic_rough_heston,no_auction,155866399,21.418449868613607,21.413184814629833,0.7256069172611888,0.7256069172611861,0.0,-0.23000000000000398,0.0,0,-0.0,3.885780586188048e-17,3.885780586188048e-17
sac_verified,sac,synthetic_rough_heston,no_auction,426465092,43.30221044106656,43.27013104660962,1.7910721497735977,1.7910721497736046,0.0,-0.01999999999999602,0.0,0,-0.0,-2.486899575160351e-16,-2.486899575160351e-16
sac_verified,sac,synthetic_rough_heston,no_auction,2075242093,28.620574247328477,28.62028697138751,0.16949216529590672,0.16949216529590494,0.0,-0.020000000000010232,0.0,0,-0.0,6.036837696399289e-18,6.036837696399289e-18
sac_verified,sac,synthetic_rough_heston,no_auction,426948909,-28.398846304555263,-28.407138641835754,0.9106227144371815,0.9106227144371968,0.0,0.4300000000000068,0.0,0,0.0,-2.786659791809143e-16,-2.786659791809143e-16
