run,seed,time,execution,price,gap,gap_ticks
ddpg_paper_actor,941637108,0.0,2.3811907485069534,100.03,0.0,0.0
ddpg_paper_actor,941637108,2.7192491057119534,1.864944764442969,99.95,0.0,0.0
ddpg_paper_actor,941637108,3.267018038918118,1.066743291455106,99.97999999999999,0.0,0.0
ddpg_paper_actor,941637108,4.833172677759208,8.0,100.07000000000001,0.0,0.0
ddpg_paper_actor,941637108,7.850945270725932,1.1009488572735553,100.02,0.0,0.0
ddpg_paper_actor,941637108,11.32850107605803,5.527134289523366,99.97000000000001,0.0,0.0
ddpg_paper_actor,941637108,13.0,1.0698932875430311,99.86999999999999,0.008172726185904367,0.8172726185904367
ddpg_paper_actor,941637108,14.0,5.892853919305465,99.85000000000001,0.0,0.0
ddpg_paper_actor,941637108,18.51714117777527,0.5148066217079054,99.79,0.09034570665977526,9.034570665977526
ddpg_paper_actor,941637108,20.0,3.3278832899685384,99.88000000000001,0.0,0.0
ddpg_paper_actor,941637108,21.79900710196823,3.425697160987365,99.83000000000001,0.0,0.0
ddpg_paper_actor,941637108,28.049406659275984,4.037703599799892,99.67,0.12238742288397475,12.238742288397475
ddpg_paper_actor,941637108,29.0,9.0,99.65,0.11590925418181541,11.590925418181541
ddpg_paper_actor,941637108,38.201925058789044,6.0,99.62,0.2099057001733513,20.99057001733513
ddpg_paper_actor,941637108,39.89854604602405,4.112423723806015,99.65,0.1560619059503381,15.606190595033809
ddpg_paper_actor,941637108,40.970700866664515,2.725107876287842,99.76,0.044948299427403526,4.494829942740353
ddpg_paper_actor,941637108,42.795908205229296,0.1316257162434498,99.65,0.1378412699161089,13.78412699161089
ddpg_paper_actor,941637108,52.747862866060956,1.0442447449840513,99.53,0.22800907346780264,22.800907346780264
ddpg_paper_actor,941637108,54.01666928727929,1.539360129340728,99.58000000000001,0.17241200844085824,17.241200844085824
ddpg_paper_actor,941637108,55.0,7.23620519814251,99.66000000000001,0.07106711589914028,7.106711589914028
ddpg_paper_actor,941637108,67.0,0.7037266816937755,99.77000000000001,0.0,0.0
ddpg_paper_actor,941637108,68.0,2.500157914210621,99.74,0.0,0.0
ddpg_paper_actor,941637108,71.92484878789243,3.293812589031332,99.65,0.04598898904679061,4.598898904679061
ddpg_paper_actor,941637108,74.0,3.570820872375391,99.75,0.0,0.0
ddpg_paper_actor,941637108,75.0,2.753285437663164,99.77,0.0,0.0
ddpg_paper_actor,941637108,77.0,1.3465473763966245,99.73,0.0,0.0
ddpg_paper_actor,941637108,81.41154752136266,2.123981725660882,99.95,0.0,0.0
ddpg_paper_actor,941637108,87.8417816297999,0.6517526237162301,100.09,0.0,0.0
ddpg_paper_actor,941637108,88.77353890709209,4.0,100.12,0.0,0.0
ddpg_paper_actor,941637108,91.67450341161535,1.0,100.14,0.0,0.0
ddpg_paper_actor,941637108,93.63579349480662,0.8757922792720867,100.18,0.0,0.0
ddpg_paper_actor,941637108,95.77734674697453,4.1126827386442395,100.12,0.0,0.0
ddpg_paper_actor,941637108,107.02755081875111,1.0,100.32000000000001,0.0,0.0
ddpg_paper_actor,941637108,112.60349445441193,1.0,100.26,0.0,0.0
ddpg_paper_actor,941637108,116.4603210526247,1.0,100.07,0.0,0.0
ddpg_paper_actor,1636696007,0.0,0.8108721696791449,100.06,0.0,0.0
ddpg_paper_actor,1636696007,3.128441881145111,3.37017769195831,99.99000000000001,0.0,0.0
ddpg_paper_actor,1636696007,6.3938519375608855,1.2638348533849109,99.99000000000001,0.0175463486277323,1.75463486277323
ddpg_paper_actor,1636696007,8.0,0.8382345585660599,100.14999999999999,0.0,0.0
ddpg_paper_actor,1636696007,9.00532705528518,1.1401588720257907,100.25,0.0,0.0
ddpg_paper_actor,1636696007,18.889734392550714,3.187589543601121,100.35,0.0,0.0
ddpg_paper_actor,1636696007,20.36340561206951,9.186552613115566,100.24,0.0,0.0
ddpg_paper_actor,1636696007,22.133958688541572,5.0,100.35000000000001,0.0,0.0
ddpg_paper_actor,1636696007,24.0,0.373937231365454,100.28,0.0,0.0
ddpg_paper_actor,1636696007,25.52811868940315,3.67462465372237,100.35000000000001,0.0,0.0
ddpg_paper_actor,1636696007,26.386297136180385,0.41714265417836194,100.39,0.0,0.0
ddpg_paper_actor,1636696007,43.54037756671113,8.0,100.51,0.0,0.0
ddpg_paper_actor,1636696007,46.67423543389241,1.0,100.54,0.0,0.0
ddpg_paper_actor,1636696007,48.12303826968871,0.058212011139777725,100.54,0.0,0.0
ddpg_paper_actor,1636696007,50.0351871804837,8.99180663026818,100.53,0.0,0.0
ddpg_paper_actor,1636696007,51.0,3.0959145896329323,100.52,0.0,0.0
ddpg_paper_actor,1636696007,52.516961343540835,1.9507976779559597,100.57000000000001,0.0,0.0
ddpg_paper_actor,1636696007,59.22059804656721,8.0,100.57,0.0,0.0
ddpg_paper_actor,1636696007,60.06005924368027,9.0,100.57,0.0,0.0
ddpg_paper_actor,1636696007,64.15259991733335,0.8955095055771964,100.56,0.0,0.0
ddpg_paper_actor,1636696007,65.0,3.1750586484902876,100.59,0.0,0.0
ddpg_paper_actor,1636696007,71.58613039470632,3.228229299078137,100.63,0.0,0.0
ddpg_paper_actor,1636696007,73.06209179850626,1.5858914540553637,100.64999999999999,0.0,0.0
ddpg_paper_actor,1636696007,75.4015240978307,2.008927027229266,100.66,0.0,0.0
ddpg_paper_actor,1636696007,76.93713617404276,1.8718397515109433,100.64,0.0,0.0
ddpg_paper_actor,1636696007,81.0,0.5254281740852065,100.66000000000001,0.0,0.0
ddpg_paper_actor,1636696007,82.20486840775409,2.665487050717171,100.66000000000001,0.0,0.0
ddpg_paper_actor,1636696007,84.0,3.0,100.64,0.0,0.0
ddpg_paper_actor,1636696007,87.66990839490718,0.0707819000956218,100.62,0.0,0.0
ddpg_paper_actor,1636696007,89.0,2.0,100.61000000000001,0.0,0.0
ddpg_paper_actor,1636696007,100.46800704925518,1.284393849605399,100.63,0.0,0.0
ddpg_paper_actor,1636696007,101.91340241752164,1.752055800077193,100.63000000000001,0.0,0.0
ddpg_paper_actor,1636696007,102.23580447337305,3.0,100.65,0.0,0.0
ddpg_paper_actor,1636696007,105.07807377839735,2.5763616577041137,100.65,0.0,0.0
ddpg_paper_actor,1636696007,106.0,1.0,100.68,0.0,0.0
ddpg_paper_actor,1042648672,0.0,9.93566172702285,100.07,0.0,0.0
ddpg_paper_actor,1042648672,2.251252016195324,1.5179081019632878,100.04,0.0,0.0
ddpg_paper_actor,1042648672,3.0,21.0,100.12,0.0,0.0
ddpg_paper_actor,1042648672,4.1057433046018605,1.760351205505006,100.22999999999999,0.0,0.0
ddpg_paper_actor,1042648672,5.009285281311853,2.534748935208265,100.22,0.0,0.0
ddpg_paper_actor,1042648672,7.258819053249225,4.0,100.25999999999999,0.0,0.0
ddpg_paper_actor,1042648672,9.529253870876358,0.18259520433886078,100.24000000000001,0.0,0.0
ddpg_paper_actor,1042648672,10.517802109664768,1.1181736807232114,100.19,0.09047530838685702,9.047530838685702
ddpg_paper_actor,1042648672,11.712475700509184,1.4998292233984243,100.17,0.05988632955097728,5.988632955097728
ddpg_paper_actor,1042648672,14.285872449739351,2.0452943972961455,100.13,0.06944138586163717,6.944138586163717
ddpg_paper_actor,1042648672,23.368930900168703,6.0,100.19,0.0,0.0
ddpg_paper_actor,1042648672,28.281273296272538,0.7793693370878968,100.22,0.0,0.0
ddpg_paper_actor,1042648672,30.53005848327493,3.566449335092497,100.14,0.03892513298617928,3.892513298617928
ddpg_paper_actor,1042648672,31.639340226224714,1.2153102783566165,100.21,0.0,0.0
ddpg_paper_actor,1042648672,33.740771169131506,1.9364114009770037,100.16000000000001,0.0447760677364073,4.47760677364073
ddpg_paper_actor,1042648672,34.0,5.500172741616515,100.21000000000001,0.0,0.0
ddpg_paper_actor,1042648672,36.300286146284755,3.718346563534117,100.27,0.0,0.0
ddpg_paper_actor,1042648672,37.69516097730153,7.855307681278946,100.26,0.0,0.0
ddpg_paper_actor,1042648672,40.35708463308231,3.347241266852022,100.14999999999999,0.07670565885308633,7.670565885308633
ddpg_paper_actor,1042648672,42.006026119712374,3.4741425114653133,100.14,0.07351884722677937,7.351884722677937
ddpg_paper_actor,1042648672,43.49878262812214,0.14121785914253088,100.06,0.13880004417271152,13.880004417271152
ddpg_paper_actor,1042648672,44.0,1.3017559607896219,100.07000000000001,0.11732011510746077,11.732011510746077
ddpg_paper_actor,1042648672,45.11616477189854,0.8690429350386133,100.10000000000001,0.08313989632003427,8.313989632003427
ddpg_paper_actor,1042648672,56.80243596290988,12.893321016830393,99.97,0.278715713300528,27.871571330052802
ddpg_paper_actor,1042648672,59.064028338228795,0.8213024820620579,100.08000000000001,0.15702600512331344,15.702600512331344
ddpg_paper_actor,385688959,0.0,5.704374715112324,100.02,0.0,0.0
ddpg_paper_actor,385688959,2.0,0.24037292313771919,100.09,0.0,0.0
ddpg_paper_actor,385688959,3.0314474900517583,2.574201665209963,100.07,0.0,0.0
ddpg_paper_actor,385688959,5.368671032461519,0.3249674141484139,99.97,0.0,0.0
ddpg_paper_actor,385688959,6.0,6.201848528531911,99.92,0.0,0.0
ddpg_paper_actor,385688959,7.0,2.4773624064295885,99.88,0.0,0.0
ddpg_paper_actor,385688959,8.716059228401027,1.1125651249872948,99.81,0.0,0.0
ddpg_paper_actor,385688959,9.025808789162786,1.3264829420997313,99.78,0.0,0.0
ddpg_paper_actor,385688959,16.743700463085283,1.7447032326334062,99.77000000000001,0.0,0.0
ddpg_paper_actor,385688959,18.276897127158804,0.5895164741251244,99.83,0.0,0.0
ddpg_paper_actor,385688959,20.935653027169998,1.6610671066749962,99.72000000000001,0.0,0.0
ddpg_paper_actor,385688959,22.137020947687027,1.9320445936799908,99.76,0.0,0.0
ddpg_paper_actor,385688959,30.406304259259,5.199821132251616,99.67,0.0,0.0
ddpg_paper_actor,385688959,34.07879905740212,1.0,99.71,0.0,0.0
ddpg_paper_actor,385688959,36.42070671872912,1.6572345819436247,99.81,0.0,0.0
ddpg_paper_actor,385688959,37.08862955335991,1.0,99.69,0.0,0.0
ddpg_paper_actor,385688959,40.69130058033105,1.5627140772267256,99.74000000000001,0.0,0.0
ddpg_paper_actor,385688959,44.17736372605189,1.1031580986600669,99.89,0.0,0.0
ddpg_paper_actor,385688959,48.14912918425693,3.371337652011003,99.96000000000001,0.0,0.0
ddpg_paper_actor,385688959,49.27896421615502,1.9785924683090255,99.99,0.0,0.0
ddpg_paper_actor,385688959,50.53951464942573,0.31975017183983145,99.95,0.0,0.0
ddpg_paper_actor,385688959,53.51063869742633,0.5711660281250259,99.92999999999999,0.0,0.0
ddpg_paper_actor,385688959,56.009939791391176,14.0,99.91000000000001,0.0,0.0
ddpg_paper_actor,385688959,57.477192089077754,2.2633272692377258,99.8,0.0,0.0
ddpg_paper_actor,385688959,59.910248197656124,1.405898131200799,99.76,0.0,0.0
ddpg_paper_actor,385688959,60.42683731361334,2.089263423034298,99.74000000000001,0.0,0.0
ddpg_paper_actor,385688959,61.43246184328709,0.6810671389316586,99.7,0.0,0.0
ddpg_paper_actor,385688959,62.7929450452691,1.4017842013879385,99.64999999999999,0.0425080869202219,4.25080869202219
ddpg_paper_actor,385688959,63.101355403746616,0.6059840924022223,99.67,0.016831848197526256,1.6831848197526256
ddpg_paper_actor,385688959,65.808901144161,1.298859378078126,99.65,0.13258689343852836,13.258689343852836
ddpg_paper_actor,385688959,76.70643564864702,2.0,99.59,0.13845686268828672,13.845686268828672
ddpg_paper_actor,385688959,77.81416263118405,11.950472111104164,99.63000000000001,0.09277028451097635,9.277028451097635
ddpg_paper_actor,385688959,88.119842214203,2.966921617967511,99.74,0.0,0.0
ddpg_paper_actor,385688959,90.25416411463493,7.645960578528147,99.69,0.046369055837274686,4.636905583727469
ddpg_paper_actor,385688959,92.88788418344153,0.6424504123218476,99.81,0.0,0.0
ddpg_paper_actor,385688959,98.71464779197468,3.056672820790242,99.95,0.0,0.0
ddpg_paper_actor,385688959,103.06332493663884,0.610226105611964,99.9,0.0,0.0
ddpg_paper_actor,385688959,104.49769879781387,0.7641166010173726,99.92,0.0,0.0
ddpg_paper_actor,385688959,112.24505439691002,2.0,99.91,0.0,0.0
ddpg_paper_actor,894371145,1.046475783545694,8.0,100.02000000000001,0.0,0.0
ddpg_paper_actor,894371145,4.0,3.028569224907064,99.94000000000001,0.007500195112911001,0.7500195112911001
ddpg_paper_actor,894371145,5.217750777175373,2.930550219225724,99.93,0.010385566853969408,1.0385566853969408
ddpg_paper_actor,894371145,6.0,13.263451902754843,99.9,0.023424221136764345,2.3424221136764345
ddpg_paper_actor,894371145,15.503359985787732,5.7915950175068085,100.06,0.0,0.0
ddpg_paper_actor,894371145,18.176609552558382,7.0,100.03,0.0,0.0
ddpg_paper_actor,894371145,29.870457972106042,1.4076913656942143,100.34,0.0,0.0
ddpg_paper_actor,894371145,30.7881527716152,3.2383698337075097,100.41000000000001,0.0,0.0
ddpg_paper_actor,894371145,31.171846749231214,0.4986113633296675,100.4,0.0,0.0
ddpg_paper_actor,894371145,41.31625009854176,3.01360626395877,100.45,0.0,0.0
ddpg_paper_actor,894371145,44.21136105036844,0.8041030409999983,100.33000000000001,0.0,0.0
ddpg_paper_actor,894371145,46.788562582552174,1.7960046282048334,100.28,0.0,0.0
ddpg_paper_actor,894371145,47.97414589662745,1.0,100.4,0.0,0.0
ddpg_paper_actor,894371145,56.42108562544586,7.11802599493744,100.55,0.0,0.0
ddpg_paper_actor,894371145,58.334471539688295,5.0,100.57000000000001,0.0,0.0
ddpg_paper_actor,894371145,60.25515493187573,2.2898657115674506,100.58,0.0,0.0
ddpg_paper_actor,894371145,65.43923311701928,2.2451480234338743,100.7,0.0,0.0
ddpg_paper_actor,894371145,68.54284473456441,1.0,100.67,0.0,0.0
ddpg_paper_actor,894371145,72.49931084580825,5.0,100.66,0.0,0.0
ddpg_paper_actor,894371145,76.54602160783021,1.9869381088738614,100.64,0.0,0.0
ddpg_paper_actor,894371145,80.85385298659135,3.3223727506017653,100.58,0.0,0.0
ddpg_paper_actor,894371145,82.0,1.333397742993418,100.4,0.0,0.0
ddpg_paper_actor,894371145,83.16637465882752,2.0,100.51,0.0,0.0
ddpg_paper_actor,894371145,85.60856831963991,0.820957628551723,100.61,0.0,0.0
ddpg_paper_actor,894371145,88.26195267421917,2.0,100.72,0.0,0.0
ddpg_paper_actor,894371145,90.48626764648598,2.7663130163572793,100.53,0.0,0.0
ddpg_paper_actor,894371145,91.13641042714143,0.24981370482056708,100.47,0.0,0.0
ddpg_paper_actor,894371145,93.2903211954232,2.5902112851981602,100.54,0.0,0.0
ddpg_paper_actor,894371145,94.0,2.4416661855781694,100.53,0.0,0.0
ddpg_paper_actor,894371145,95.0,3.0,100.46,0.0,0.0
ddpg_paper_actor,894371145,96.0,2.0,100.44,0.0,0.0
ddpg_paper_actor,894371145,97.0,1.0,100.54,0.0,0.0
ddpg_paper_actor,1033804152,0.0,8.06199479991122,100.06,0.0,0.0
ddpg_paper_actor,1033804152,5.552764820334224,6.335202963247481,100.11000000000001,0.0,0.0
ddpg_paper_actor,1033804152,14.974182292029653,3.480785678004456,100.02,0.0,0.0
ddpg_paper_actor,1033804152,21.0,7.644317208655753,100.22000000000001,0.0,0.0
ddpg_paper_actor,1033804152,22.0,6.0,100.2,0.0,0.0
ddpg_paper_actor,1033804152,28.042784964354837,10.000000000000002,100.25,0.0,0.0
ddpg_paper_actor,1033804152,32.624508897010635,1.1591589638965865,100.28,0.0,0.0
ddpg_paper_actor,1033804152,33.783827514536114,1.7591595789716943,100.26,0.0,0.0
ddpg_paper_actor,1033804152,35.949573092171505,7.0,100.31,0.0,0.0
ddpg_paper_actor,1033804152,40.22735040511439,15.363737948673212,100.35000000000001,0.0,0.0
ddpg_paper_actor,1033804152,42.06275874747511,5.0,100.34,0.0,0.0
ddpg_paper_actor,1033804152,46.77136186231657,0.553069821217159,100.36,0.0,0.0
ddpg_paper_actor,1033804152,48.686848241416065,3.0,100.36,0.0,0.0
ddpg_paper_actor,1033804152,50.07602762733671,3.315440991759366,100.37,0.0,0.0
ddpg_paper_actor,1033804152,58.438457233870444,2.0670911588714374,100.4,0.0,0.0
ddpg_paper_actor,1033804152,61.03669617923354,3.481930039983969,100.41000000000001,0.0,0.0
ddpg_paper_actor,1033804152,69.03063119313629,1.2275845929994968,100.45,0.0,0.0
ddpg_paper_actor,1033804152,71.0,0.8781875390469248,100.45,0.0,0.0
ddpg_paper_actor,1033804152,72.07327622111126,3.0,100.46,0.0,0.0
ddpg_paper_actor,1033804152,73.71080718935785,0.3878572175261853,100.44,0.0,0.0
ddpg_paper_actor,1033804152,76.63618992365691,5.0,100.4,0.0,0.0
ddpg_paper_actor,1033804152,78.63842334835142,1.565003712433645,100.45,0.0,0.0
ddpg_paper_actor,1033804152,79.99414275097669,3.0,100.4,0.0,0.0
ddpg_paper_actor,175432,0.0,0.30416986187392536,100.09,0.0,0.0
ddpg_paper_actor,175432,6.411305763631584,0.40769471590340933,100.13000000000001,0.0,0.0
ddpg_paper_actor,175432,8.175224839610514,2.0463188628307103,100.19,0.028848011240981464,2.8848011240981464
ddpg_paper_actor,175432,9.0,1.8245093170539293,100.26,0.0,0.0
ddpg_paper_actor,175432,12.930756225444432,2.520439790944364,100.17999999999999,0.03701784761511817,3.701784761511817
ddpg_paper_actor,175432,14.845980763407786,2.6472296400330904,100.29,0.0,0.0
ddpg_paper_actor,175432,17.254401689153788,1.1155717196871946,100.26,0.0,0.0
ddpg_paper_actor,175432,22.47319741236603,3.7169635801189864,100.37,0.0,0.0
ddpg_paper_actor,175432,24.140097156134274,1.107881476063416,100.28999999999999,0.0,0.0
ddpg_paper_actor,175432,28.46588281351713,9.019752094805874,100.31,0.0,0.0
ddpg_paper_actor,175432,29.35157115974773,2.1828174322217384,100.33,0.0,0.0
ddpg_paper_actor,175432,31.16902835689716,6.989901098632066,100.28000000000002,0.0,0.0
ddpg_paper_actor,175432,32.498587983399176,4.528492778047097,100.24000000000001,0.0,0.0
ddpg_paper_actor,175432,33.51200311577273,0.2514679013278238,100.24000000000001,0.0,0.0
ddpg_paper_actor,175432,34.04191816844957,2.671150680244368,100.31,0.0,0.0
ddpg_paper_actor,175432,37.0,2.652574161044221,100.4,0.0,0.0
ddpg_paper_actor,175432,43.042388357771465,11.0,100.41,0.0,0.0
ddpg_paper_actor,175432,45.4308135484367,3.1106470571157248,100.43,0.0,0.0
ddpg_paper_actor,175432,47.53912782336407,0.6798174915780764,100.4,0.0,0.0
ddpg_paper_actor,175432,48.06621373105177,9.0,100.41,0.0,0.0
ddpg_paper_actor,175432,50.0,1.2752289430015362,100.44,0.0,0.0
ddpg_paper_actor,175432,51.0,2.6339781434776386,100.44,0.0,0.0
ddpg_paper_actor,175432,54.67936352560143,1.941571917659054,100.43,0.0,0.0
ddpg_paper_actor,175432,59.04421145228739,1.5313854736370978,100.34,0.0,0.0
ddpg_paper_actor,175432,60.0,4.714750696711568,100.36,0.0,0.0
ddpg_paper_actor,175432,61.58639475791021,2.7803865295679713,100.39,0.0,0.0
ddpg_paper_actor,175432,64.0,1.309953251917868,100.32,0.0,0.0
ddpg_paper_actor,175432,70.65954810579021,5.31814357468981,100.32000000000001,0.0,0.0
ddpg_paper_actor,175432,73.0,1.3926693707711004,100.29,0.006451697673298895,0.6451697673298895
ddpg_paper_actor,175432,74.0,0.8414984986749001,100.34,0.0,0.0
ddpg_paper_actor,175432,75.0,0.6761235893796931,100.34,0.0,0.0
ddpg_paper_actor,175432,78.0,1.0541568642212917,100.32000000000001,0.0,0.0
ddpg_paper_actor,175432,79.0,5.502172249309565,100.34,0.0,0.0
ddpg_paper_actor,175432,80.35198894507857,1.0,100.31,0.0,0.0
ddpg_paper_actor,2088018535,0.0,0.4965944104216435,100.09,0.0,0.0
ddpg_paper_actor,2088018535,4.607309937927113,3.6132586787331453,100.13000000000001,0.0,0.0
ddpg_paper_actor,2088018535,5.29317108170565,2.982263492740716,100.16,0.0,0.0
ddpg_paper_actor,2088018535,6.845156078424555,4.055870041448449,100.12,0.0038382837893635724,0.38382837893635724
ddpg_paper_actor,2088018535,9.0,2.7170638131023392,100.15,0.0,0.0
ddpg_paper_actor,2088018535,10.06988054049073,9.438529286810077,100.06,0.05609384851376831,5.609384851376831
ddpg_paper_actor,2088018535,11.0,1.2809870332987285,100.14,0.0,0.0
ddpg_paper_actor,2088018535,13.71868600452838,0.6059529441480778,100.0,0.054940155568075966,5.494015556807597
ddpg_paper_actor,2088018535,14.894543812785962,0.3165344463389008,99.92999999999999,0.12193418763528996,12.193418763528996
ddpg_paper_actor,2088018535,21.84322093092458,0.9815225107122161,100.0,0.04227230321872355,4.227230321872355
ddpg_paper_actor,2088018535,22.72502335468732,0.7426850273523669,100.08,0.0,0.0
ddpg_paper_actor,2088018535,23.581793863795248,13.80351374589881,100.02000000000001,0.013980517798458436,1.3980517798458436
ddpg_paper_actor,2088018535,28.091341532062152,2.244242056434397,100.05000000000001,0.0,0.0
ddpg_paper_actor,2088018535,37.17333218087668,4.432784539882024,100.25,0.0,0.0
ddpg_paper_actor,2088018535,42.907849066285884,4.8231053869250715,100.23,0.0,0.0
ddpg_paper_actor,2088018535,50.89142564424386,1.206217322746933,100.05,0.0081242530282708,0.81242530282708
ddpg_paper_actor,2088018535,58.0,12.23786188405219,100.03,0.010473671468218981,1.0473671468218981
ddpg_paper_actor,2088018535,60.24051041762306,11.2025443323389,99.99,0.045093893722324196,4.50938937223242
ddpg_paper_actor,2088018535,61.00582363094107,17.877576395369125,99.99,0.03907232169417796,3.907232169417796
ddpg_paper_actor,2088018535,69.4718227349343,4.0,100.03,0.0,0.0
ddpg_paper_actor,934906098,0.0,1.688237873488434,100.03,0.0,0.0
ddpg_paper_actor,934906098,1.152803256358284,2.2167990233989583,100.21000000000001,0.0,0.0
ddpg_paper_actor,934906098,3.7461313374841962,0.21645184032481724,100.14,0.0,0.0
ddpg_paper_actor,934906098,10.019825510518837,2.230492790141738,100.11,0.0,0.0
ddpg_paper_actor,934906098,15.0,1.005268647641333,100.19000000000001,0.0,0.0
ddpg_paper_actor,934906098,16.574972444261643,2.6247513030333933,100.16,0.0,0.0
ddpg_paper_actor,934906098,17.01447952525766,2.902665072608235,100.10000000000001,0.0,0.0
ddpg_paper_actor,934906098,25.1611789842758,1.3438741902811806,100.15,0.0,0.0
ddpg_paper_actor,934906098,26.0,1.6387013201622949,100.09,0.019652915281625383,1.9652915281625383
ddpg_paper_actor,934906098,27.780417828475386,4.915347261772228,100.19000000000001,0.0,0.0
ddpg_paper_actor,934906098,28.025970680371813,6.905511012250475,100.11000000000001,0.0,0.0
ddpg_paper_actor,934906098,29.468492415673715,3.8311848913654147,100.15,0.0,0.0
ddpg_paper_actor,934906098,34.84752267943516,1.0597235521550883,100.12,0.0,0.0
ddpg_paper_actor,934906098,35.25404879437568,5.531608136572414,100.17,0.0,0.0
ddpg_paper_actor,934906098,38.779656503973435,13.74092813392799,100.22000000000001,0.0,0.0
ddpg_paper_actor,934906098,39.41275970293086,0.8983472988636735,100.2,0.0,0.0
ddpg_paper_actor,934906098,43.13468736879173,0.5793623615876526,100.11999999999999,0.0,0.0
ddpg_paper_actor,934906098,45.7115375949794,0.21895963678321523,100.11999999999999,0.0,0.0
ddpg_paper_actor,934906098,48.18954397488209,2.1618691443198226,100.15,0.0,0.0
ddpg_paper_actor,934906098,55.60603997823517,5.789150460915697,100.19,0.0,0.0
ddpg_paper_actor,934906098,57.489161617993226,1.5290901099335823,100.2,0.0,0.0
ddpg_paper_actor,934906098,59.74762714826815,0.6363992633304463,100.15,0.0,0.0
ddpg_paper_actor,934906098,61.063078128801926,0.3523073165972963,100.13000000000001,0.0,0.0
ddpg_paper_actor,934906098,63.34097332682488,5.52257745147813,100.06,0.0,0.0
ddpg_paper_actor,934906098,64.0,18.776354086288872,100.04,0.012121404498657284,1.2121404498657284
ddpg_paper_actor,934906098,67.79433651465352,1.6762592770595077,100.03,0.02299252614803038,2.299252614803038
ddpg_paper_actor,934906098,72.24592487657272,1.2558571348558476,99.99000000000001,0.06201808971172795,6.201808971172795
ddpg_paper_actor,934906098,76.07379145590482,3.708962954039565,100.01,0.027966930215683306,2.7966930215683306
ddpg_paper_actor,934906098,79.52372641645844,0.8664993578632857,100.02,0.03034610094262291,3.034610094262291
ddpg_paper_actor,934906098,80.68616739750769,3.004915962921338,100.0,0.042768256041071595,4.2768256041071595
ddpg_paper_actor,934906098,86.0,1.0,100.01,0.02278168286382254,2.278168286382254
ddpg_paper_actor,974530509,0.0,0.5210458116589619,100.04,0.0,0.0
ddpg_paper_actor,974530509,2.1107402672764515,10.77289154402392,100.06,0.003769043140806616,0.3769043140806616
ddpg_paper_actor,974530509,4.0,3.0127021391274367,100.09,0.11129976006631637,11.129976006631637
ddpg_paper_actor,974530509,5.684196446527098,2.005046686728957,100.11000000000001,4.559024361583397e-05,0.004559024361583397
ddpg_paper_actor,974530509,6.040996324504279,1.6392843680970748,100.00000000000001,0.004383529537676623,0.43835295376766226
ddpg_paper_actor,974530509,7.859779726062351,7.0,100.05,0.0,0.0
ddpg_paper_actor,974530509,9.188470757917635,4.0,100.04,0.0,0.0
ddpg_paper_actor,974530509,10.0,4.093068850218414,100.08999999999999,0.0,0.0
ddpg_paper_actor,974530509,15.16863061928587,0.34243071269247427,100.17999999999999,0.0,0.0
ddpg_paper_actor,974530509,20.868726924171323,0.27523475954922155,100.19,0.0,0.0
ddpg_paper_actor,974530509,25.287957229032763,4.08284573981558,100.27000000000001,0.0,0.0
ddpg_paper_actor,974530509,29.996069223777212,1.6448896944243614,100.31,0.0,0.0
ddpg_paper_actor,974530509,30.862816677153933,0.50988571969425,100.29,0.0,0.0
ddpg_paper_actor,974530509,31.297629787633525,8.0,100.28,0.0,0.0
ddpg_paper_actor,974530509,37.71287848589485,7.4452633540907245,100.33000000000001,0.0,0.0
ddpg_paper_actor,974530509,41.20690276091447,6.570095378187453,100.29,0.0,0.0
ddpg_paper_actor,974530509,43.1347331296396,1.240506048240163,100.31,0.0,0.0
ddpg_paper_actor,974530509,46.67859036656446,0.9707387011046016,100.28,0.0,0.0
ddpg_paper_actor,974530509,50.8550866612174,0.11516547906384156,100.22,0.0,0.0
ddpg_paper_actor,974530509,52.332531514174775,0.6266404052045341,100.21,0.0,0.0
ddpg_paper_actor,974530509,53.71269634860503,9.177710168132439,100.19,0.0,0.0
ddpg_paper_actor,974530509,54.204314685232575,6.834283698467518,100.1,0.06924773954466446,6.9247739544664455
ddpg_paper_actor,974530509,57.8071606183734,3.5839439559540542,100.14,0.01889013551389951,1.8890135513899509
ddpg_paper_actor,974530509,60.318377397850796,10.855962437084628,100.2,0.0,0.0
ddpg_paper_actor,974530509,61.960423928359376,0.5041589365149919,100.15,0.0,0.0
ddpg_paper_actor,974530509,64.0,2.6315550918319888,100.19,0.0,0.0
ddpg_paper_actor,974530509,66.2458215904237,1.0,100.12,0.0394260995818172,3.9426099581817198
ddpg_paper_actor,1808942885,0.0,1.0355298625374876,100.11,0.0,0.0
ddpg_paper_actor,1808942885,7.572727266536482,1.1229692891033372,99.92,0.0,0.0
ddpg_paper_actor,1808942885,8.91983350039751,2.7163571993350173,99.95,0.0,0.0
ddpg_paper_actor,1808942885,10.185524403563752,5.950661987018419,99.97,0.0,0.0
ddpg_paper_actor,1808942885,13.43361174729077,9.449779288870134,99.96,0.0,0.0
ddpg_paper_actor,1808942885,15.131589848165863,0.2615936321015603,99.97,0.0,0.0
ddpg_paper_actor,1808942885,17.0,1.1551051652368671,99.91,0.0,0.0
ddpg_paper_actor,1808942885,18.36152852392711,4.717274722144135,99.95,0.0,0.0
ddpg_paper_actor,1808942885,20.26239963743784,8.140751911547568,99.85,0.0,0.0
ddpg_paper_actor,1808942885,22.558439305967298,2.281410140673028,99.85000000000001,0.0,0.0
ddpg_paper_actor,1808942885,24.0,0.8979540761253441,99.92,0.0,0.0
ddpg_paper_actor,1808942885,25.774393731517385,4.7278021665808305,99.85000000000001,0.0,0.0
ddpg_paper_actor,1808942885,26.915455875104378,1.0,99.78,0.0,0.0
ddpg_paper_actor,1808942885,29.12258742247967,1.7271742200107125,99.89,0.0,0.0
ddpg_paper_actor,1808942885,30.0,2.0,99.86,0.0,0.0
ddpg_paper_actor,1808942885,31.0,6.04340918801238,99.85000000000001,0.0,0.0
ddpg_paper_actor,1808942885,33.40989681521423,1.0,99.8,0.0,0.0
ddpg_paper_actor,1808942885,34.192059756513025,1.311994625839156,99.84,0.0,0.0
ddpg_paper_actor,1808942885,53.0,4.880943063033163,99.46000000000001,0.26657463963317696,26.657463963317696
ddpg_paper_actor,1808942885,72.31847742509274,1.7752081220845377,99.5,0.032622926433901966,3.2622926433901966
ddpg_paper_actor,1808942885,74.0,1.0,99.44000000000001,0.08273095729263957,8.273095729263957
ddpg_paper_actor,1808942885,75.59935871669006,1.5107186199787959,99.44000000000001,0.07890268261509448,7.890268261509448
ddpg_paper_actor,1808942885,86.56972126882633,1.0,99.43,0.11336820694469907,11.336820694469907
ddpg_paper_actor,1808942885,91.29571082892022,4.0,99.42,0.11729777077785286,11.729777077785286
ddpg_paper_actor,1808942885,96.53000092558854,0.8866373185844217,99.48,0.08014501120510431,8.014501120510431
ddpg_paper_actor,1808942885,100.01879083668096,0.6704241192018481,99.4,0.15389910476969249,15.389910476969249
ddpg_paper_actor,1808942885,105.46227742744504,0.38318340570130455,99.41000000000001,0.1290345852570738,12.903458525707379
ddpg_paper_actor,1808942885,106.8252793869204,7.987017806832889,99.36000000000001,0.17345293160614972,17.345293160614972
ddpg_paper_actor,1808942885,108.58771328064982,1.4073255684013102,99.39,0.14228256243868032,14.228256243868032
ddpg_paper_actor,1808942885,111.69052704398413,1.007666481805932,99.38000000000001,0.13999759345094276,13.999759345094276
ddpg_paper_actor,1808942885,117.47937175439705,2.0,99.37,0.14274800759172024,14.274800759172024
ddpg_paper_actor,1476250514,1.0,3.977114229579157,99.99000000000001,0.052466644704011856,5.2466644704011856
ddpg_paper_actor,1476250514,2.3658338283639386,1.237651177709033,100.11,0.0,0.0
ddpg_paper_actor,1476250514,7.131217952703841,1.0175759057994842,100.24000000000001,0.0,0.0
ddpg_paper_actor,1476250514,8.456298211043658,4.555245913597418,100.2,0.0,0.0
ddpg_paper_actor,1476250514,9.348064419379522,2.811180250129611,100.24,0.0,0.0
ddpg_paper_actor,1476250514,17.43421971016054,3.624772999151462,100.31,0.0,0.0
ddpg_paper_actor,1476250514,18.459460535337158,7.456960102718098,100.27,0.0,0.0
ddpg_paper_actor,1476250514,24.01547182955665,0.960018030554088,100.22999999999999,0.0,0.0
ddpg_paper_actor,1476250514,25.0,0.5162840883923928,100.16,0.0,0.0
ddpg_paper_actor,1476250514,28.221869413727944,1.3927288266687823,100.08,0.03120963424392187,3.120963424392187
ddpg_paper_actor,1476250514,29.7857193680091,0.0633123128248052,100.11,0.0011358657541649109,0.11358657541649109
ddpg_paper_actor,1476250514,30.990327779457267,1.2985201940458362,100.14,0.0,0.0
ddpg_paper_actor,1476250514,37.0,4.940232892430561,100.17,0.0,0.0
ddpg_paper_actor,1476250514,40.0,4.575597669729671,100.24,0.0,0.0
ddpg_paper_actor,1476250514,42.0,2.9265906497482925,100.24000000000001,0.0,0.0
ddpg_paper_actor,1476250514,43.0,0.8213057176480827,100.23,0.0,0.0
ddpg_paper_actor,1476250514,44.0,10.784619884366686,100.22,0.0,0.0
ddpg_paper_actor,1476250514,45.05441904751825,2.0,100.34,0.0,0.0
ddpg_paper_actor,1476250514,46.1522351262828,6.57593481735723,100.33,0.0,0.0
ddpg_paper_actor,1476250514,48.10924722835247,3.942942551437657,100.23,0.0,0.0
ddpg_paper_actor,1476250514,49.653679009323064,5.051080122338415,100.05,0.0710922871892734,7.109228718927341
ddpg_paper_actor,1476250514,52.081921192073416,7.329185205814628,100.09,0.01980637396539464,1.9806373965394641
ddpg_paper_actor,1476250514,55.63906589382608,2.4394794703623197,100.10000000000001,0.004161544132188055,0.41615441321880553
ddpg_paper_actor,1476250514,57.12872338929236,3.056383973512007,100.07000000000001,0.03467302147512896,3.4673021475128962
ddpg_paper_actor,1476250514,59.22457996588332,3.0874972877097173,100.08,0.016726291780699398,1.6726291780699398
ddpg_paper_actor,1476250514,60.648844387662415,2.0101439822942604,100.05000000000001,0.053253823473852435,5.3253823473852435
ddpg_paper_actor,1476250514,62.09960409430757,0.3592937778281993,99.9,0.19993494588409533,19.993494588409533
ddpg_paper_actor,1476250514,66.18926017654012,1.039627067770453,100.03,0.06191856083589187,6.191856083589187
ddpg_paper_actor,1476250514,67.24224530114782,4.447002060378165,100.01,0.06981814896305139,6.9818148963051385
ddpg_paper_actor,1476250514,68.0,5.0,99.99000000000001,0.07855244824780527,7.855244824780527
ddpg_paper_actor,359707709,0.0,0.3144468670213296,100.07,0.0,0.0
ddpg_paper_actor,359707709,2.0,3.859994063443472,100.22,0.0,0.0
ddpg_paper_actor,359707709,4.851100436855621,20.031405289727793,100.14,0.0,0.0
ddpg_paper_actor,359707709,7.983384584964588,21.493297761870004,99.96000000000001,0.04350739221760591,4.350739221760591
ddpg_paper_actor,359707709,11.954192483892946,6.0,100.13,0.0,0.0
ddpg_paper_actor,359707709,15.531412572930815,3.0,100.06,0.0,0.0
ddpg_paper_actor,359707709,17.0,3.6217033711920505,100.04,0.0,0.0
ddpg_paper_actor,359707709,21.664432446660157,0.8979463632742823,100.08,0.0,0.0
ddpg_paper_actor,359707709,24.11251724981471,1.9489892519978602,100.07000000000001,0.0,0.0
ddpg_paper_actor,359707709,25.0,4.966954007159406,100.09,0.0,0.0
ddpg_paper_actor,359707709,26.96394133660215,10.0,100.07000000000001,0.0,0.0
ddpg_paper_actor,359707709,31.302741961501997,1.231327862638287,100.09,0.0,0.0
ddpg_paper_actor,359707709,32.0,0.5277677945247097,100.06,0.0,0.0
ddpg_paper_actor,359707709,37.10013576108161,5.292446372107527,100.17,0.0,0.0
ddpg_paper_actor,359707709,41.79178251720612,0.7625269044568475,100.17,0.0,0.0
ddpg_paper_actor,359707709,46.120423466248305,2.6346546903052652,100.16,0.0,0.0
ddpg_paper_actor,359707709,49.0,1.5558636245776503,100.17,0.0,0.0
ddpg_paper_actor,359707709,50.0,2.5419017896122322,100.14999999999999,0.0,0.0
ddpg_paper_actor,359707709,54.0,3.4154978177337774,100.19,0.0,0.0
ddpg_paper_actor,359707709,60.97055443412161,5.0,100.17,0.0,0.0
ddpg_paper_actor,856896044,2.0,1.9495327734944474,100.07,0.0,0.0
ddpg_paper_actor,856896044,3.3262271218768378,1.2048328229607699,100.04,0.0,0.0
ddpg_paper_actor,856896044,12.935826675151405,7.0,100.21,0.0,0.0
ddpg_paper_actor,856896044,17.892321595503624,12.542789389106801,100.11000000000001,0.0,0.0
ddpg_paper_actor,856896044,20.84579823850992,5.6140955878952115,100.08,0.0,0.0
ddpg_paper_actor,856896044,22.264967933203984,13.570706684811986,100.09,0.0,0.0
ddpg_paper_actor,856896044,23.559822304160832,10.928851679107332,99.95,0.07760355800942875,7.760355800942875
ddpg_paper_actor,856896044,25.433103291463215,4.168149177976534,99.87,0.17008477213249762,17.008477213249762
ddpg_paper_actor,856896044,32.28598889254129,1.3853597446118473,99.91,0.04093404924506672,4.093404924506672
ddpg_paper_actor,856896044,33.0,2.191047545103506,99.86,0.039762705366158,3.9762705366158
ddpg_paper_actor,856896044,34.0,11.208331797893521,99.89,0.0,0.0
ddpg_paper_actor,856896044,35.0,1.1876438697710656,99.95,0.0,0.0
ddpg_paper_actor,856896044,39.0,12.000000000000002,100.03999999999999,0.0,0.0
ddpg_paper_actor,856896044,47.89026877849588,2.415240374367157,99.92,0.0,0.0
ddpg_paper_actor,856896044,51.0,1.0746090811849833,100.03,0.0,0.0
ddpg_paper_actor,856896044,52.2061635750431,1.26509751276907,100.07000000000001,0.0,0.0
ddpg_paper_actor,856896044,53.174377671003874,0.07471896253967414,99.98,0.0,0.0
ddpg_paper_actor,856896044,54.004440647598976,0.8040593374639456,100.03,0.0,0.0
ddpg_paper_actor,856896044,55.0,2.0,100.05,0.0,0.0
ddpg_paper_actor,856896044,57.278268272124286,6.0,100.08,0.0,0.0
ddpg_paper_actor,856896044,58.64136957688704,1.0,100.07,0.0,0.0
ddpg_paper_actor,477028847,5.531219994198047,1.9002448148656035,100.03,0.009307726316535536,0.9307726316535536
ddpg_paper_actor,477028847,7.490352839867095,4.781441758870635,100.02000000000001,0.03155913374963859,3.155913374963859
ddpg_paper_actor,477028847,8.260442221145297,0.83570600651301,99.98,0.039368915940059424,3.9368915940059424
ddpg_paper_actor,477028847,9.0,1.4093570984821107,100.05,0.0,0.0
ddpg_paper_actor,477028847,10.0,1.1542143590755214,100.07000000000001,0.0,0.0
ddpg_paper_actor,477028847,11.371351482605116,7.625698508443468,100.01,0.0,0.0
ddpg_paper_actor,477028847,14.579546940781915,0.8636829257385883,99.94999999999999,0.02520847552536054,2.520847552536054
ddpg_paper_actor,477028847,15.724020583390788,1.262535031776933,100.06,0.0,0.0
ddpg_paper_actor,477028847,16.330679879983855,0.8558619379964745,100.15,0.0,0.0
ddpg_paper_actor,477028847,19.0,0.608263730493446,100.01,0.0,0.0
ddpg_paper_actor,477028847,21.0,0.04080177322820347,100.01,0.017984989372266114,1.7984989372266114
ddpg_paper_actor,477028847,26.219249029588205,4.592908227651114,99.95,0.059783523491020674,5.978352349102067
ddpg_paper_actor,477028847,28.552880049588875,1.6139036073810356,99.92,0.058121745851224205,5.8121745851224205
ddpg_paper_actor,477028847,32.516807717805015,3.340359762038879,99.96,0.027448316886008683,2.7448316886008683
ddpg_paper_actor,477028847,33.0,0.4403751843616121,100.03,0.0,0.0
ddpg_paper_actor,477028847,34.26716960305724,5.937997621345698,99.99,0.0,0.0
ddpg_paper_actor,477028847,39.40913941941712,5.609055727940597,99.93,0.08617956898925172,8.617956898925172
ddpg_paper_actor,477028847,40.0,2.4906702409392922,99.97000000000001,0.019922324845808248,1.9922324845808248
ddpg_paper_actor,477028847,45.72796872599196,1.0489427609968685,100.02000000000001,0.0,0.0
ddpg_paper_actor,477028847,47.326445111185855,6.0004636801489415,100.01,0.0,0.0
ddpg_paper_actor,477028847,49.42116730790226,2.1875373797509865,99.97,0.0,0.0
ddpg_paper_actor,477028847,54.4216500151279,2.307613180508724,100.08,0.0,0.0
ddpg_paper_actor,477028847,58.0,2.3460664763760715,100.2,0.0,0.0
ddpg_paper_actor,477028847,69.03068659422884,22.637723069669306,100.35000000000001,0.0,0.0
ddpg_paper_actor,477028847,71.81542997687065,1.0,100.41,0.0,0.0
ddpg_paper_actor,477028847,76.42684771133514,0.2777933570109307,100.44000000000001,0.0,0.0
ddpg_paper_actor,477028847,79.41092966646765,4.0,100.39999999999999,0.0,0.0
ddpg_paper_actor,477028847,92.03281706038419,1.0,100.46000000000001,0.0,0.0
ddpg_paper_actor,477028847,95.34685387042668,3.7443112470642133,100.44,0.0,0.0
ddpg_paper_actor,477028847,96.0,1.0,100.46000000000001,0.0,0.0
ddpg_paper_actor,477028847,97.09368472304168,2.6567898928997256,100.46000000000001,0.0,0.0
ddpg_paper_actor,477028847,99.18733870829395,1.0,100.43,0.0,0.0
ddpg_paper_actor,477028847,103.0582333803633,0.8971607530561921,100.47,0.0,0.0
ddpg_paper_actor,477028847,104.0,2.0,100.36,0.0,0.0
ddpg_paper_actor,2091387315,0.0,8.498447249466421,100.02,0.0,0.0
ddpg_paper_actor,2091387315,1.0,10.0,99.95,0.0,0.0
ddpg_paper_actor,2091387315,9.0,2.2292072510807257,99.92,0.02449362793223031,2.449362793223031
ddpg_paper_actor,2091387315,11.795646164203381,2.4496501543523523,100.0,0.0,0.0
ddpg_paper_actor,2091387315,13.598840007271695,1.0709389631642579,99.92,0.0,0.0
ddpg_paper_actor,2091387315,16.34597091616136,1.0,99.9,0.005927045352763116,0.5927045352763116
ddpg_paper_actor,2091387315,19.55937424279258,2.523561731534707,99.82000000000001,0.07748810269450246,7.748810269450246
ddpg_paper_actor,2091387315,21.769340466404863,1.0,99.85,0.06608512594051774,6.608512594051774
ddpg_paper_actor,2091387315,24.60644865899391,1.6758472919412772,99.87,0.0,0.0
ddpg_paper_actor,2091387315,27.0,1.443660569284273,99.92,0.0,0.0
ddpg_paper_actor,2091387315,29.808003664497427,0.07509972296853212,100.03999999999999,0.0,0.0
ddpg_paper_actor,2091387315,33.43908952329882,3.7718923673547646,100.11,0.0,0.0
ddpg_paper_actor,2091387315,43.26023919915412,4.223764052450913,99.68,0.2004595074745339,20.04595074745339
ddpg_paper_actor,2091387315,45.0,0.7739441487109899,99.62,0.247546880002389,24.7546880002389
ddpg_paper_actor,2091387315,68.0,1.7719512076748916,99.37,0.36068144192734053,36.06814419273405
ddpg_paper_actor,2091387315,74.4870010058418,1.7093154443318557,99.62,0.047256813286040256,4.725681328604026
ddpg_paper_actor,2091387315,77.32971709624377,0.01846301719863072,99.68,0.0,0.0
ddpg_paper_actor,2091387315,78.0,1.612382852895823,99.72000000000001,0.0,0.0
ddpg_paper_actor,2091387315,84.0,6.731031778501192,99.55000000000001,0.11561969995075572,11.561969995075572
ddpg_paper_actor,2091387315,95.13012809461708,0.6891862827597219,99.42,0.20623717480042103,20.623717480042103
ddpg_paper_actor,2091387315,101.1152476325667,3.6766697586434556,99.37,0.21001419539034316,21.001419539034316
ddpg_paper_actor,2091387315,102.0,0.4153235613158016,99.36000000000001,0.21274116062770076,21.274116062770076
ddpg_paper_actor,2091387315,103.0,2.9014916363918966,99.31,0.257223275833411,25.722327583341098
ddpg_paper_actor,2091387315,106.75827301058096,4.460241145444965,99.4,0.16359613910634607,16.359613910634607
ddpg_paper_actor,2091387315,107.59884299108352,1.6796359721276353,99.41000000000001,0.14569064806097742,14.569064806097742
ddpg_paper_actor,2091387315,108.97143681420027,0.6657813979430115,99.4,0.14907237554808717,14.907237554808717
ddpg_paper_actor,2091387315,113.0,5.309259777531659,99.41000000000001,0.11662231753429353,11.662231753429353
ddpg_paper_actor,600114455,1.7428458197610042,1.1183660312030606,100.09,0.0,0.0
ddpg_paper_actor,600114455,2.222130509351705,3.1093987560474394,100.12,0.0,0.0
ddpg_paper_actor,600114455,9.941469620385512,0.8163690691896535,100.22,0.0,0.0
ddpg_paper_actor,600114455,10.077298665521885,6.3945079252946435,100.22,0.0,0.0
ddpg_paper_actor,600114455,13.013452988964417,0.5563772803636248,100.22,0.0,0.0
ddpg_paper_actor,600114455,15.102409035654604,5.0,100.28,0.0,0.0
ddpg_paper_actor,600114455,19.91487518435452,1.6408341946296443,100.28,0.0,0.0
ddpg_paper_actor,600114455,21.98493895801618,0.49602925024474676,100.31,0.0,0.0
ddpg_paper_actor,600114455,22.412695530717638,11.65921805178649,100.29,0.0,0.0
ddpg_paper_actor,600114455,23.456465949127885,0.6998577234901278,100.19999999999999,0.0,0.0
ddpg_paper_actor,600114455,28.341243054612605,18.071686174920117,100.03000000000002,0.032613147596109116,3.2613147596109116
ddpg_paper_actor,600114455,31.165774792286737,10.0,100.05,0.005062909421582162,0.5062909421582162
ddpg_paper_actor,600114455,36.25753996011453,2.707703622800801,100.05,0.0,0.0
ddpg_paper_actor,600114455,37.95181277632223,9.833716397255031,99.95,0.08322048898266132,8.322048898266132
ddpg_paper_actor,600114455,40.0,1.3409746453838958,99.9,0.23987724749915174,23.987724749915174
ddpg_paper_actor,600114455,47.215808502342405,26.0,100.03,0.01824197188341259,1.8241971883412589
ddpg_paper_actor,130407267,0.0,4.318926444849167,100.05,0.0,0.0
ddpg_paper_actor,130407267,4.0,2.894757308820981,100.0,0.09119575659674695,9.119575659674695
ddpg_paper_actor,130407267,8.60476970936445,10.971014396401172,99.88000000000001,0.13848990546460982,13.848990546460982
ddpg_paper_actor,130407267,15.822338604028293,1.2198555918651142,100.14,0.0,0.0
ddpg_paper_actor,130407267,19.544095541144223,7.592998582817661,100.2,0.0,0.0
ddpg_paper_actor,130407267,20.06413900833241,1.4977507981042195,100.14,0.0,0.0
ddpg_paper_actor,130407267,26.0,0.4082124659568477,100.06,0.0,0.0
ddpg_paper_actor,130407267,27.19357570388769,1.5776029041309019,99.97000000000001,0.07076179867506482,7.076179867506482
ddpg_paper_actor,130407267,35.0,3.48757842713928,99.92999999999999,0.08264283650967741,8.26428365096774
ddpg_paper_actor,130407267,38.310707708024644,9.45998908645206,99.95,0.04942527161803412,4.942527161803412
ddpg_paper_actor,130407267,40.48968155209234,6.504140638024667,100.01,0.0,0.0
ddpg_paper_actor,130407267,43.138742600723845,1.2804167884464006,100.05,0.0,0.0
ddpg_paper_actor,130407267,45.2427984553993,7.967688784028207,99.99,0.0,0.0
ddpg_paper_actor,130407267,49.363229743155834,3.531006282523594,100.12,0.0,0.0
ddpg_paper_actor,130407267,56.905232745753636,6.0,100.24,0.0,0.0
ddpg_paper_actor,130407267,61.465855371734854,0.8650064177023198,100.43,0.0,0.0
ddpg_paper_actor,130407267,63.995671309883086,3.0,100.42,0.0,0.0
ddpg_paper_actor,130407267,65.86173780846273,1.6889555475570148,100.43,0.0,0.0
ddpg_paper_actor,130407267,66.10160914715995,0.4630302202051375,100.4,0.0,0.0
ddpg_paper_actor,130407267,67.05666530931343,5.0,100.41,0.0,0.0
ddpg_paper_actor,130407267,69.0,4.687411685687991,100.44,0.0,0.0
ddpg_paper_actor,130407267,70.0,1.0,100.44,0.0,0.0
ddpg_paper_actor,130407267,77.33250569731833,1.170204195793147,100.43,0.0,0.0
ddpg_paper_actor,130407267,82.0,1.0,100.49,0.0,0.0
ddpg_paper_actor,130407267,84.0,3.008584213037407,100.52,0.0,0.0
ddpg_paper_actor,130407267,86.0,2.109403242832765,100.49,0.0,0.0
ddpg_paper_actor,130407267,87.31068672934063,5.447454016976662,100.51,0.0,0.0
ddpg_paper_actor,130407267,88.0,1.0,100.46000000000001,0.0,0.0
ddpg_paper_actor,1707786086,0.0,4.356374587342502,100.03,0.0,0.0
ddpg_paper_actor,1707786086,1.0,1.8945697407397017,100.07000000000001,0.0,0.0
ddpg_paper_actor,1707786086,6.226747938719251,1.3758648156937576,100.0,0.017996795505482055,1.7996795505482055
ddpg_paper_actor,1707786086,7.0,5.590190149295279,100.0,0.0,0.0
ddpg_paper_actor,1707786086,8.0,0.6249350700985771,100.02,0.0,0.0
ddpg_paper_actor,1707786086,9.003793745059504,0.49334350566354523,100.03,0.0,0.0
ddpg_paper_actor,1707786086,10.013726631223863,1.0833259918323936,100.02,0.0,0.0
ddpg_paper_actor,1707786086,13.479588928493136,1.1351734335888297,100.10000000000001,0.0,0.0
ddpg_paper_actor,1707786086,16.633827145650837,1.3682176048589985,100.10000000000001,0.0,0.0
ddpg_paper_actor,1707786086,17.0,1.0012539110753471,100.06,0.0,0.0
ddpg_paper_actor,1707786086,18.0,0.9561584939484463,100.10000000000001,0.0,0.0
ddpg_paper_actor,1707786086,26.0,2.187550788136984,100.06,0.0,0.0
ddpg_paper_actor,1707786086,27.0,1.950850443168619,100.06,0.0,0.0
ddpg_paper_actor,1707786086,28.0,0.29355569681104965,100.11000000000001,0.0,0.0
ddpg_paper_actor,1707786086,29.0,0.8661011917467927,100.03000000000002,0.0,0.0
ddpg_paper_actor,1707786086,32.0,8.71209654876611,100.04,0.0,0.0
ddpg_paper_actor,1707786086,33.0,1.4240192886902663,100.05,0.0,0.0
ddpg_paper_actor,1707786086,34.0,1.893531909175497,100.12,0.0,0.0
ddpg_paper_actor,1707786086,35.0,0.59812628003652,100.11,0.0,0.0
ddpg_paper_actor,1707786086,36.0,3.4141491140239797,100.08,0.0,0.0
ddpg_paper_actor,1707786086,37.0,9.002096503670462,100.11000000000001,0.0,0.0
ddpg_paper_actor,1707786086,43.0,2.882801426099643,100.12,0.0,0.0
ddpg_paper_actor,1707786086,44.0,0.47852416087163124,100.11,0.0,0.0
ddpg_paper_actor,1707786086,45.11098097875819,3.3353984776249543,100.12,0.0,0.0
ddpg_paper_actor,1707786086,48.331175449608416,3.8924649040020594,100.11,0.0,0.0
ddpg_paper_actor,1707786086,49.13580686220019,4.810188699909276,100.14,0.0,0.0
ddpg_paper_actor,1707786086,50.089072385261105,0.6926468777941275,100.11999999999999,0.0,0.0
ddpg_paper_actor,1707786086,51.0,3.0781861895816434,100.14,0.0,0.0
ddpg_paper_actor,1707786086,56.54124726759958,12.0,100.14999999999999,0.0,0.0
ddpg_paper_actor,1707786086,57.627044450697326,1.4085582022424423,100.14,0.0,0.0
ddpg_paper_actor,1707786086,62.147071897092864,0.3451639760358357,100.21,0.0,0.0
ddpg_paper_actor,1707786086,67.6101183892322,2.195163640270074,100.19,0.0,0.0
ddpg_paper_actor,1707786086,68.2460382986287,8.991136920050014,100.19,0.0,0.0
ddpg_paper_actor,1707786086,70.0,0.8319480328272344,100.19,0.0,0.0
ddpg_paper_actor,1707786086,73.0,2.2236081132243015,100.2,0.0,0.0
ddpg_paper_actor,1707786086,76.04849226601723,2.0,100.19,0.0,0.0
ddpg_paper_actor,1234640717,0.0,5.495883604711908,100.09,0.0,0.0
ddpg_paper_actor,1234640717,2.3417670748665147,3.8803687560151827,99.93,0.0,0.0
ddpg_paper_actor,1234640717,3.0,0.547895146717394,100.01,0.0,0.0
ddpg_paper_actor,1234640717,5.0,4.349160669102671,100.03,0.0,0.0
ddpg_paper_actor,1234640717,6.0,0.48854860242905385,100.12,0.0,0.0
ddpg_paper_actor,1234640717,9.137677539781293,1.2944386070955103,100.02000000000001,0.0,0.0
ddpg_paper_actor,1234640717,10.814057605951525,3.3550506274352427,100.05,0.0,0.0
ddpg_paper_actor,1234640717,13.0,0.9668554390562905,100.07000000000001,0.0,0.0
ddpg_paper_actor,1234640717,14.061419116457264,0.07028011392920114,100.08,0.0,0.0
ddpg_paper_actor,1234640717,15.451477137345686,0.8115767019212305,100.1,0.0,0.0
ddpg_paper_actor,1234640717,16.0,7.352575069104764,100.1,0.0,0.0
ddpg_paper_actor,1234640717,19.350594752669334,5.6639024535743125,100.09,0.0,0.0
ddpg_paper_actor,1234640717,21.322902327297058,1.4230851430238225,100.07,0.0,0.0
ddpg_paper_actor,1234640717,23.0,0.04994380139990334,100.12,0.0,0.0
ddpg_paper_actor,1234640717,27.0,7.541837108420722,100.14,0.0,0.0
ddpg_paper_actor,1234640717,28.082560637889156,11.0,100.12,0.0,0.0
ddpg_paper_actor,1234640717,31.910946772431,0.8478453136757956,100.12,0.0,0.0
ddpg_paper_actor,1234640717,36.21380942070972,2.5766773326941665,100.14,0.0,0.0
ddpg_paper_actor,1234640717,38.0,2.3710014139319466,100.13,0.0,0.0
ddpg_paper_actor,1234640717,42.3912909448801,5.0,100.21000000000001,0.0,0.0
ddpg_paper_actor,1234640717,43.87340705837923,0.3307058600803647,100.21000000000001,0.0,0.0
ddpg_paper_actor,1234640717,44.66460786704145,5.118978793366012,100.2,0.0,0.0
ddpg_paper_actor,1234640717,48.006865718289106,14.591408123418812,100.18,0.0,0.0
ddpg_paper_actor,1234640717,61.75435860398675,2.5437351288997183,100.15,0.0,0.0
ddpg_paper_actor,1234640717,63.00003626696718,2.1814562044978523,100.23,0.0,0.0
ddpg_paper_actor,1234640717,65.0,6.477250798061327,100.19,0.0,0.0
ddpg_paper_actor,1234640717,67.0,3.0,100.22,0.0,0.0
ddpg_paper_actor,547092092,0.0,6.75874590186467,100.07,0.0,0.0
ddpg_paper_actor,547092092,2.0,5.420931411827647,100.14,0.0,0.0
ddpg_paper_actor,547092092,3.8754938921532385,3.4164321362995884,100.08,0.0,0.0
ddpg_paper_actor,547092092,6.019371880634971,5.631084535112715,100.22,0.0,0.0
ddpg_paper_actor,547092092,11.638227669214979,1.4010073082989147,100.10000000000001,0.0,0.0
ddpg_paper_actor,547092092,13.861916797720102,6.0,100.1,0.0,0.0
ddpg_paper_actor,547092092,14.649229010194983,1.9969978905554522,100.17,0.0,0.0
ddpg_paper_actor,547092092,17.06820053374438,3.0,100.17,0.0,0.0
ddpg_paper_actor,547092092,20.369389669295053,2.0,100.14,0.0,0.0
ddpg_paper_actor,547092092,23.28925021995089,11.0,100.14,0.0,0.0
ddpg_paper_actor,547092092,25.713383542621838,1.1704416289080593,100.07000000000001,0.0,0.0
ddpg_paper_actor,547092092,28.297692800772975,2.796493595841775,100.09,0.0,0.0
ddpg_paper_actor,547092092,31.299269546283846,2.2430925123377006,100.02000000000001,0.0,0.0
ddpg_paper_actor,547092092,32.59270227723255,8.117976643470074,99.98,0.0,0.0
ddpg_paper_actor,547092092,33.0967615841887,17.65621118274127,99.94000000000001,0.0,0.0
ddpg_paper_actor,547092092,35.0,14.0,100.07000000000001,0.0,0.0
ddpg_paper_actor,547092092,40.2769717852603,1.463488394946349,99.97,0.0,0.0
ddpg_paper_actor,547092092,42.102876964989235,1.6647823759750306,100.0,0.0,0.0
ddpg_paper_actor,547092092,45.783877643879855,1.0786095789897217,99.99,0.0,0.0
ddpg_paper_actor,547092092,47.81864534128082,0.9968957887685002,100.0,0.0,0.0
ddpg_paper_actor,547092092,49.59949082957511,0.9857321843727924,100.03,0.0,0.0
ddpg_paper_actor,547092092,51.00190830261627,1.0,100.08,0.0,0.0
ddpg_paper_actor,129130662,0.0,1.1143680944367322,100.06,0.0,0.0
ddpg_paper_actor,129130662,1.10332819606488,1.827982318567061,100.07,0.0,0.0
ddpg_paper_actor,129130662,3.632059066866276,0.4185304336709059,100.14999999999999,0.0,0.0
ddpg_paper_actor,129130662,5.191762301235622,2.0,100.11999999999999,0.0,0.0
ddpg_paper_actor,129130662,7.226563709845333,4.132099155112746,100.11,0.0,0.0
ddpg_paper_actor,129130662,10.893629599349971,0.4269977897699881,100.09,0.0,0.0
ddpg_paper_actor,129130662,12.237261699131535,1.5964705070752725,100.11,0.0,0.0
ddpg_paper_actor,129130662,15.544810461720154,10.489043045882804,100.01,0.0,0.0
ddpg_paper_actor,129130662,16.54051490750846,1.1363005413468517,100.05,0.0,0.0
ddpg_paper_actor,129130662,19.0,9.0,100.18,0.0,0.0
ddpg_paper_actor,129130662,20.81914247888721,1.5545459730931002,100.2,0.0,0.0
ddpg_paper_actor,129130662,21.653878195807586,5.877799690198788,100.2,0.0,0.0
ddpg_paper_actor,129130662,22.67372961572859,2.6574254917812303,100.13,0.0,0.0
ddpg_paper_actor,129130662,23.0,3.307917254524254,100.13,0.0,0.0
ddpg_paper_actor,129130662,24.0,2.0769426118395717,100.13,0.0,0.0
ddpg_paper_actor,129130662,25.0,3.1822867451000354,100.10000000000001,0.0,0.0
ddpg_paper_actor,129130662,28.58515768921108,2.0,100.29,0.0,0.0
ddpg_paper_actor,129130662,31.303994409441984,1.6335220859610118,100.29,0.0,0.0
ddpg_paper_actor,129130662,35.025058713541526,0.4235757914649185,100.26,0.0,0.0
ddpg_paper_actor,129130662,36.0,5.591103657016939,100.26,0.0,0.0
ddpg_paper_actor,129130662,37.0,4.12117221532268,100.31,0.0,0.0
ddpg_paper_actor,129130662,38.0,1.1400430502078251,100.3,0.0,0.0
ddpg_paper_actor,129130662,43.90839907260075,5.419885376256374,100.37,0.0,0.0
ddpg_paper_actor,129130662,44.77883303375528,6.683516781574683,100.35000000000001,0.0,0.0
ddpg_paper_actor,129130662,48.22256808401404,1.6493396898834807,100.38,0.0,0.0
ddpg_paper_actor,129130662,50.64810620974899,2.4323311902332083,100.35000000000001,0.0,0.0
ddpg_paper_actor,129130662,56.44181540114417,2.4593588746543835,100.39999999999999,0.0,0.0
ddpg_paper_actor,129130662,60.0,0.3692133550995922,100.36999999999999,0.0,0.0
ddpg_paper_actor,129130662,63.09767219338409,1.0,100.43,0.0,0.0
ddpg_paper_actor,129130662,65.31693790395762,4.635809935487976,100.45,0.0,0.0
ddpg_paper_actor,129130662,68.01446070531699,0.4671109198110589,100.39999999999999,0.0,0.0
ddpg_paper_actor,129130662,71.0,4.2740167019127515,100.35000000000001,0.0,0.0
ddpg_paper_actor,129130662,72.0,2.0,100.39,0.0,0.0
ddpg_paper_actor,129130662,75.72400134522148,1.0,100.42999999999999,0.0,0.0
ddpg_paper_actor,129130662,76.51939340980218,1.0,100.41,0.0,0.0
ddpg_paper_actor,869874735,0.0,0.5553562127162991,100.11,0.0,0.0
ddpg_paper_actor,869874735,3.877683053541065,1.1925684680500794,100.11,0.0,0.0
ddpg_paper_actor,869874735,4.738172701488425,8.171061839642888,100.03,0.0,0.0
ddpg_paper_actor,869874735,7.488469889898642,2.3727862397848014,100.08999999999999,0.0,0.0
ddpg_paper_actor,869874735,8.911549730844188,0.4388698669739259,100.07,0.0,0.0
ddpg_paper_actor,869874735,10.0,4.498042783537031,100.21000000000001,0.0,0.0
ddpg_paper_actor,869874735,11.0,2.086750441537281,100.13,0.0,0.0
ddpg_paper_actor,869874735,13.0,7.0,100.2,0.0,0.0
ddpg_paper_actor,869874735,17.751602251761348,1.1423680079467262,100.28,0.0,0.0
ddpg_paper_actor,869874735,19.25137027959726,6.409047272623627,100.19,0.0,0.0
ddpg_paper_actor,869874735,21.959450035618836,2.1737763636595067,100.26,0.0,0.0
ddpg_paper_actor,869874735,24.803369846734306,0.5595120962631759,100.24000000000001,0.0,0.0
ddpg_paper_actor,869874735,28.90847525127706,8.0,100.29,0.0,0.0
ddpg_paper_actor,869874735,37.98390145521455,2.7067322922824273,100.42,0.0,0.0
ddpg_paper_actor,869874735,39.394389513781036,0.8293993410293599,100.42,0.0,0.0
ddpg_paper_actor,869874735,40.26563699115348,0.24997203293171533,100.43,0.0,0.0
ddpg_paper_actor,869874735,46.15606454390437,4.0,100.41,0.0,0.0
ddpg_paper_actor,869874735,48.1650558828992,1.102468509566325,100.37,0.0,0.0
ddpg_paper_actor,869874735,49.15383065679711,1.0,100.43,0.0,0.0
ddpg_paper_actor,869874735,52.99800970829413,3.0,100.4,0.0,0.0
ddpg_paper_actor,869874735,57.0,0.17216951482558387,100.33,0.0,0.0
ddpg_paper_actor,869874735,58.0,0.051040766327822173,100.39,0.0,0.0
ddpg_paper_actor,869874735,60.230323952084525,1.299874854067775,100.43,0.0,0.0
ddpg_paper_actor,869874735,83.0,1.099266743760473,100.56,0.0,0.0
ddpg_paper_actor,869874735,84.0,0.27108596056676637,100.57000000000001,0.0,0.0
ddpg_paper_actor,869874735,86.31922518417953,1.4433825784943315,100.60000000000001,0.0,0.0
ddpg_paper_actor,869874735,88.1145362848727,1.2362675143430164,100.58,0.0,0.0
ddpg_paper_actor,869874735,90.17897347501452,2.0,100.61000000000001,0.0,0.0
ddpg_paper_actor,869874735,91.93679374909591,2.152135056945912,100.60000000000001,0.0,0.0
ddpg_paper_actor,869874735,93.16736458977896,0.581666579239551,100.60000000000001,0.0,0.0
ddpg_paper_actor,869874735,94.0128664277166,1.582680995781168,100.59,0.0,0.0
ddpg_paper_actor,869874735,95.20754229263335,1.4884492212099985,100.57000000000001,0.0,0.0
ddpg_paper_actor,869874735,99.0,2.7411378431897906,100.6,0.0,0.0
ddpg_paper_actor,869874735,104.09399156855099,5.202968637911179,100.6,0.0,0.0
ddpg_paper_actor,869874735,106.0,0.7971254664593568,100.61,0.0,0.0
ddpg_paper_actor,869874735,107.0,6.451225522154823,100.60000000000001,0.0,0.0
ddpg_paper_actor,869874735,108.03781570307481,1.0644788634160458,100.50999999999999,0.0,0.0
ddpg_paper_actor,869874735,109.39015392617411,1.5515121008888033,100.38000000000001,0.008273862255038011,0.8273862255038011
ddpg_paper_actor,869874735,117.57916354440164,1.5553064694735144,100.36000000000001,0.013749966940636682,1.3749966940636682
ddpg_paper_actor,2659191,2.5488718883571893,2.400503272673492,100.11999999999999,0.0,0.0
ddpg_paper_actor,2659191,6.110671613292849,1.6344217848806002,100.16,0.023776964607677087,2.3776964607677087
ddpg_paper_actor,2659191,7.260701702923924,1.892976148893284,100.10000000000001,0.07361985224950729,7.361985224950729
ddpg_paper_actor,2659191,11.129483312111901,0.48798677099873855,100.24,0.0,0.0
ddpg_paper_actor,2659191,12.93349504684376,4.572600265814911,100.21,0.0,0.0
ddpg_paper_actor,2659191,14.147143502723425,17.91915985939039,100.11000000000001,0.068311003260348,6.8311003260348
ddpg_paper_actor,2659191,16.823673034176966,3.9703302186066827,100.05000000000001,0.09898759221455578,9.898759221455578
ddpg_paper_actor,2659191,18.619495194839402,1.5527737018788117,100.13,0.0004826292538666621,0.04826292538666621
ddpg_paper_actor,2659191,19.269800075614192,2.30816881388562,100.17,0.0,0.0
ddpg_paper_actor,2659191,21.137865648639487,7.0,100.19,0.0,0.0
ddpg_paper_actor,2659191,23.59577905191461,3.392817195497359,100.17999999999999,0.0,0.0
ddpg_paper_actor,2659191,24.628432262976325,4.949619998210332,100.24000000000001,0.0,0.0
ddpg_paper_actor,2659191,26.375477895871125,6.0,100.26,0.0,0.0
ddpg_paper_actor,2659191,31.588402957269906,1.214777571666501,100.31,0.0,0.0
ddpg_paper_actor,2659191,35.248377579240966,0.2976391018936154,100.34,0.0,0.0
ddpg_paper_actor,2659191,36.0,1.1965259424468548,100.34,0.0,0.0
ddpg_paper_actor,2659191,37.52919287354841,2.023047629501691,100.34,0.0,0.0
ddpg_paper_actor,2659191,38.30923127576004,1.4691299902340238,100.36,0.0,0.0
ddpg_paper_actor,2659191,41.11351418178254,5.0,100.36,0.0,0.0
ddpg_paper_actor,2659191,59.15855802687642,5.102082749819914,100.2,0.0,0.0
ddpg_paper_actor,2659191,60.42530351506503,1.5996311508090513,100.31,0.0,0.0
ddpg_paper_actor,2659191,62.84555481405945,0.05880353027555185,100.22999999999999,0.0,0.0
ddpg_paper_actor,2659191,65.26328278146515,7.531475556105686,100.21,0.0,0.0
ddpg_paper_actor,2659191,68.04012034826212,0.6040341060713754,100.09,0.08531354690228454,8.531354690228454
ddpg_paper_actor,2659191,69.0,7.0,100.19,0.0,0.0
ddpg_paper_actor,2659191,74.0,5.5727388867515355,100.12,0.04673853652161597,4.673853652161597
ddpg_paper_actor,2659191,75.0,2.0408795779010958,100.16,0.0,0.0
ddpg_paper_actor,2659191,79.08140019556834,1.0,100.16000000000001,0.0,0.0
ddpg_paper_actor,1388619451,0.0,11.776437464928255,100.11,0.0,0.0
ddpg_paper_actor,1388619451,3.6787983199582506,1.0,99.85000000000001,0.07112887167447468,7.112887167447468
ddpg_paper_actor,1388619451,5.715169361588042,2.0,99.78,0.21364662767287257,21.364662767287257
ddpg_paper_actor,1388619451,7.751798531836773,3.7551237096503125,99.98,0.0,0.0
ddpg_paper_actor,1388619451,8.61563592719201,1.6596521678441505,100.02000000000001,0.0,0.0
ddpg_paper_actor,1388619451,14.751582650771304,5.736938341603553,100.07000000000001,0.0,0.0
ddpg_paper_actor,1388619451,15.573295102260172,8.83052689607447,100.02,0.0,0.0
ddpg_paper_actor,1388619451,16.9038757543164,7.197259600645241,99.94,0.0,0.0
ddpg_paper_actor,1388619451,23.389080407027528,12.0,100.09,0.0,0.0
ddpg_paper_actor,1388619451,33.54707656024139,0.24883715718885474,100.12,0.0,0.0
ddpg_paper_actor,1388619451,34.20661107571408,2.5940852664837957,100.14,0.0,0.0
ddpg_paper_actor,1388619451,35.0,7.0,100.12,0.0,0.0
ddpg_paper_actor,1388619451,36.0,2.396171932174811,100.11,0.0,0.0
ddpg_paper_actor,1388619451,42.122763722015335,21.807127729382447,100.0,0.0,0.0
ddpg_paper_actor,1388619451,44.18096770589947,0.842196555632519,99.99,0.0,0.0
ddpg_paper_actor,1388619451,45.0,2.415404038635718,100.04,0.0,0.0
ddpg_paper_actor,1388619451,50.30015073615953,8.0,100.04,0.0,0.0
ddpg_paper_actor,1896247783,1.0,1.0,100.0,0.11597287951359192,11.597287951359192
ddpg_paper_actor,1896247783,2.9299084790990992,4.291193019715271,100.13000000000001,0.0,0.0
ddpg_paper_actor,1896247783,4.147176228070516,4.598922784684685,100.14,0.0,0.0
ddpg_paper_actor,1896247783,5.0,5.750639157461512,100.14,0.0,0.0
ddpg_paper_actor,1896247783,6.0,1.152986595202247,100.28,0.0,0.0
ddpg_paper_actor,1896247783,15.0,4.771530836200081,100.35,0.0,0.0
ddpg_paper_actor,1896247783,16.0,6.0,100.34,0.0,0.0
ddpg_paper_actor,1896247783,17.156191334984598,0.5957700619011084,100.38000000000001,0.0,0.0
ddpg_paper_actor,1896247783,20.0,7.0,100.28,0.0,0.0
ddpg_paper_actor,1896247783,22.728038645675937,6.564444750907642,100.36000000000001,0.0,0.0
ddpg_paper_actor,1896247783,23.622850096071673,3.20052088208604,100.35000000000001,0.0,0.0
ddpg_paper_actor,1896247783,26.129706798563628,6.0,100.17999999999999,0.0,0.0
ddpg_paper_actor,1896247783,28.26548015413669,0.43836899154125275,100.14999999999999,0.0,0.0
ddpg_paper_actor,1896247783,29.649918035246337,0.7082735249653541,100.08,0.04811687134690601,4.811687134690601
ddpg_paper_actor,1896247783,30.41428089116456,1.0943678175686191,100.14,0.0,0.0
ddpg_paper_actor,1896247783,32.790865195698906,1.6216133709546905,100.08000000000001,0.0034133283322859143,0.3413328332285914
ddpg_paper_actor,1896247783,35.60345467621133,2.465376956822391,100.01,0.07629698173472832,7.629698173472832
ddpg_paper_actor,1896247783,36.35859369060284,0.2532763614964973,100.04,0.024016582712960144,2.4016582712960144
ddpg_paper_actor,1896247783,40.248372908645855,0.39498888118106007,100.01,0.06076322147686142,6.076322147686142
ddpg_paper_actor,1896247783,47.02730811245188,3.9202221998694737,99.94,0.07977078341241395,7.977078341241395
ddpg_paper_actor,1896247783,48.0,9.889978495452262,99.99000000000001,0.0007975652741549766,0.07975652741549766
ddpg_paper_actor,1896247783,49.0,0.4163132957727268,99.86,0.11768100594964892,11.768100594964892
ddpg_paper_actor,1896247783,50.0,1.983085478325913,99.81,0.13585830934961507,13.585830934961507
ddpg_paper_actor,1896247783,55.59581823865524,1.3608916835511626,99.88000000000001,0.11564771336895774,11.564771336895774
ddpg_paper_actor,1896247783,63.409270232105946,0.4824654565097426,100.11000000000001,0.0,0.0
ddpg_paper_actor,1896247783,64.0,1.579769856320643,100.15,0.0,0.0
ddpg_paper_actor,1896247783,74.84870814367076,0.2720175346086105,100.21,0.0,0.0
ddpg_paper_actor,1896247783,75.22473918460588,1.990687789403918,100.24,0.0,0.0
ddpg_paper_actor,1896247783,78.0381768121796,1.8471298986757567,100.19000000000001,0.0,0.0
ddpg_paper_actor,1896247783,80.0,0.557555533911589,100.14999999999999,0.0,0.0
ddpg_paper_actor,1896247783,82.0,5.649770892113464,100.23,0.0,0.0
ddpg_paper_actor,1896247783,83.29213395736119,0.581565006362726,100.24,0.0,0.0
ddpg_paper_actor,1896247783,85.19170146963623,6.963738562272615,100.22,0.0,0.0
ddpg_paper_actor,1896247783,86.0,2.553720689859283,100.26,0.0,0.0
ddpg_paper_actor,1896247783,88.6253819742728,2.0,100.22999999999999,0.0,0.0
ddpg_paper_actor,1565021161,0.0,3.825721648763173,100.09,0.0,0.0
ddpg_paper_actor,1565021161,4.936127419677248,1.576371658930536,100.07000000000001,0.0,0.0
ddpg_paper_actor,1565021161,9.286880243793874,4.211353715809812,99.96000000000001,0.0,0.0
ddpg_paper_actor,1565021161,13.586512627519824,0.1931594985582068,100.00000000000001,0.0,0.0
ddpg_paper_actor,1565021161,15.393514110419044,5.533242750608759,100.03000000000002,0.0,0.0
ddpg_paper_actor,1565021161,16.355847499173702,1.9939699485329823,100.0,0.0,0.0
ddpg_paper_actor,1565021161,17.61465125943933,1.2049888008662055,100.14,0.0,0.0
ddpg_paper_actor,1565021161,18.0,1.5011652915398261,100.12,0.0,0.0
ddpg_paper_actor,1565021161,19.622063049656237,1.3906485789530107,100.18,0.0,0.0
ddpg_paper_actor,1565021161,20.0,2.3462734533983722,100.15,0.0,0.0
ddpg_paper_actor,1565021161,22.084283661303193,0.8457801671050722,100.19,0.0,0.0
ddpg_paper_actor,1565021161,31.0,2.6963868730626475,99.89,0.08210372293888213,8.210372293888213
ddpg_paper_actor,1565021161,33.28260976554585,0.550017395845718,99.98,0.0,0.0
ddpg_paper_actor,1565021161,34.82086939301434,0.6980585361385983,99.98,0.0,0.0
ddpg_paper_actor,1565021161,36.55708112209814,0.9315495480329801,99.98,0.0,0.0
ddpg_paper_actor,1565021161,40.48004810922298,2.1256427536814027,99.98,0.0,0.0
ddpg_paper_actor,1565021161,45.2342977845498,7.592909057169769,99.94000000000001,0.0,0.0
ddpg_paper_actor,1565021161,46.0,0.8494726255741267,99.92,0.0,0.0
ddpg_paper_actor,1565021161,47.22456565225363,3.381536417982436,99.9,0.010587691310959713,1.0587691310959713
ddpg_paper_actor,1565021161,48.0,1.3384717473909953,99.93,0.0,0.0
ddpg_paper_actor,1565021161,54.76473244970201,12.41414347975513,100.00999999999999,0.0,0.0
ddpg_paper_actor,1565021161,61.01619708073026,9.910492172488715,99.84,0.1007942094351506,10.07942094351506
ddpg_paper_actor,1565021161,63.90983544845339,0.8081275351170784,99.82000000000001,0.10473574743228653,10.473574743228653
ddpg_paper_actor,1565021161,64.093876050347,6.752485704272145,99.80000000000001,0.12078870490287841,12.07887049028784
ddpg_paper_actor,1565021161,66.02259281926263,2.647044107287437,99.82000000000001,0.09005631133088343,9.005631133088343
ddpg_paper_actor,1565021161,69.85808985590864,8.124090348799331,99.81,0.10716696938209225,10.716696938209225
ddpg_paper_actor,1565021161,70.82931721186364,0.5422023484049326,99.82000000000001,0.08406979377025436,8.406979377025436
ddpg_paper_actor,1565021161,71.33842142159943,2.1522560109536175,99.8,0.09802751581216285,9.802751581216285
ddpg_paper_actor,1565021161,73.46853477458194,4.277465413447216,99.88,0.01843214502576984,1.8432145025769842
ddpg_paper_actor,1565021161,81.0,3.7379202832542955,100.04,0.0,0.0
ddpg_paper_actor,1565021161,84.80129219058666,1.4996739679536928,100.03,0.0,0.0
ddpg_paper_actor,1565021161,86.01864782059313,0.46275467053024466,100.01,0.0,0.0
ddpg_paper_actor,1565021161,87.0,0.02805088631379582,99.91,0.008603403618224092,0.8603403618224092
ddpg_paper_actor,1565021161,89.77885233096646,0.2943664487307507,100.02,0.0,0.0
ddpg_paper_actor,1565021161,90.17819236375601,1.0,100.02000000000001,0.0,0.0
ddpg_paper_actor,1254099581,0.0,0.6191701152163895,100.07,0.0,0.0
ddpg_paper_actor,1254099581,1.0,0.4576809855600298,100.1,0.0,0.0
ddpg_paper_actor,1254099581,3.4759841497191415,13.04419632231527,100.05,0.0,0.0
ddpg_paper_actor,1254099581,4.0,4.131384662799617,99.94000000000001,0.0,0.0
ddpg_paper_actor,1254099581,5.680284290409089,4.218695372295214,99.93,0.0,0.0
ddpg_paper_actor,1254099581,8.54920031994174,1.5789350399865751,100.18,0.0,0.0
ddpg_paper_actor,1254099581,9.066815913204449,1.0353061093132654,100.23,0.0,0.0
ddpg_paper_actor,1254099581,14.195428398116224,2.489668721727012,100.2,0.0,0.0
ddpg_paper_actor,1254099581,19.566075509581232,0.04792529332449369,100.19,0.0,0.0
ddpg_paper_actor,1254099581,24.50876647393862,2.511092229312788,100.25,0.0,0.0
ddpg_paper_actor,1254099581,28.527719548573874,1.6324827561484179,100.25,0.0,0.0
ddpg_paper_actor,1254099581,30.02475451119412,0.09167505714691926,100.22,0.0,0.0
ddpg_paper_actor,1254099581,32.37427292595876,3.775915645894382,100.21000000000001,0.0,0.0
ddpg_paper_actor,1254099581,33.46389568013019,2.616745101959658,100.24,0.0,0.0
ddpg_paper_actor,1254099581,37.09177625079015,0.7942663620645086,100.17999999999999,0.009665404594727534,0.9665404594727534
ddpg_paper_actor,1254099581,38.0,4.129232910288742,100.19,0.0,0.0
ddpg_paper_actor,1254099581,41.37622702746877,4.20638536379546,100.15,0.028292441675802138,2.829244167580214
ddpg_paper_actor,1254099581,49.33057059130391,2.862583331182237,100.22000000000001,0.0,0.0
ddpg_paper_actor,1254099581,50.40515153200102,2.2979249134991693,100.30000000000001,0.0,0.0
ddpg_paper_actor,1254099581,52.1204021440635,8.755568210093971,100.22,0.0,0.0
ddpg_paper_actor,1254099581,53.773785739024305,4.512643092070772,100.11,0.06272665254486753,6.272665254486753
ddpg_paper_actor,1254099581,54.93674391648114,0.06571314744354378,100.11999999999999,0.039605148119832734,3.9605148119832734
ddpg_paper_actor,1254099581,60.32323343393285,1.8493873036222166,100.09,0.0529416808535359,5.29416808535359
ddpg_paper_actor,1254099581,62.962782996738596,4.234435723966657,100.03,0.09800133180490889,9.800133180490889
ddpg_paper_actor,1254099581,69.31164577274878,4.09333594871714,100.0,0.11138243958366445,11.138243958366445
ddpg_paper_actor,1254099581,70.75970318079837,5.416893254562074,100.06,0.04889259116798428,4.889259116798428
ddpg_paper_actor,1254099581,73.27771033319371,1.8718279882041005,100.07,0.031784166253160606,3.1784166253160606
ddpg_paper_actor,1254099581,76.46174894200854,2.6356787828740034,100.09,0.015159264974258235,1.5159264974258235
ddpg_paper_actor,1254099581,77.4902371827109,2.0983300656497854,100.17,0.0,0.0
ddpg_paper_actor,1254099581,78.0,2.096440318710049,100.19,0.0,0.0
ddpg_paper_actor,1254099581,83.0,6.305599827008273,100.17,0.0,0.0
ddpg_paper_actor,1254099581,84.0,3.0,100.2,0.0,0.0
ddpg_paper_actor,319884394,1.0639586900186322,1.238709818560897,100.06,0.08697995866685915,8.697995866685915
ddpg_paper_actor,319884394,2.0,1.6153420425348697,100.08,0.022860190463219965,2.2860190463219965
ddpg_paper_actor,319884394,3.0,2.2845177843466695,100.03,0.05379283383535949,5.379283383535949
ddpg_paper_actor,319884394,4.0,3.120281948993893,99.97,0.09896397167601378,9.896397167601378
ddpg_paper_actor,319884394,5.0,4.506479613600699,99.88000000000001,0.1767930075051396,17.67930075051396
ddpg_paper_actor,319884394,9.631703435657649,5.788406711163962,100.02000000000001,0.014853414284857536,1.4853414284857536
ddpg_paper_actor,319884394,10.90012057433717,1.3185933784303736,100.14,0.0,0.0
ddpg_paper_actor,319884394,13.022623802394444,1.396416870142335,100.14,0.0,0.0
ddpg_paper_actor,319884394,16.866631675676295,0.5960664094003247,100.15,0.0,0.0
ddpg_paper_actor,319884394,18.209677583623495,1.8585372477652828,100.11000000000001,0.0,0.0
ddpg_paper_actor,319884394,19.756212958612977,5.182417980951396,100.21,0.0,0.0
ddpg_paper_actor,319884394,21.016666406833217,2.7308048900744186,100.23,0.0,0.0
ddpg_paper_actor,319884394,22.687469129363357,0.12104226020469483,100.26,0.0,0.0
ddpg_paper_actor,319884394,26.614890624053206,0.41929034482246685,100.19,0.0,0.0
ddpg_paper_actor,319884394,28.243755391423353,2.1219766258870747,100.28,0.0,0.0
ddpg_paper_actor,319884394,29.0,2.0,100.29,0.0,0.0
ddpg_paper_actor,319884394,30.0,0.7813153864863712,100.26,0.0,0.0
ddpg_paper_actor,319884394,35.05713199211558,0.6791166321653697,100.28,0.0,0.0
ddpg_paper_actor,319884394,42.24448636717329,0.7638241545332859,100.32000000000001,0.0,0.0
ddpg_paper_actor,319884394,43.0,0.22349639169832877,100.32000000000001,0.0,0.0
ddpg_paper_actor,319884394,45.862986833557564,1.5499856824996399,100.23,0.0,0.0
ddpg_paper_actor,319884394,46.91566214561476,6.914583902776711,100.21000000000001,0.0,0.0
ddpg_paper_actor,319884394,48.687688493309565,6.657908515627428,100.22,0.0,0.0
ddpg_paper_actor,319884394,51.902556102827745,3.1343578348175303,100.24,0.0,0.0
ddpg_paper_actor,319884394,56.2485161385167,11.0,100.3,0.0,0.0
ddpg_paper_actor,319884394,68.10092550081704,1.4126165963232313,100.39,0.0,0.0
ddpg_paper_actor,319884394,71.0,0.7992092992094364,100.38000000000001,0.0,0.0
ddpg_paper_actor,319884394,72.0,1.0817468777773138,100.39,0.0,0.0
ddpg_paper_actor,319884394,73.0,2.8624584544604006,100.39,0.0,0.0
ddpg_paper_actor,319884394,74.0,3.9200079171259015,100.39,0.0,0.0
ddpg_paper_actor,319884394,76.38682324126773,6.0,100.36,0.0,0.0
ddpg_paper_actor,319884394,79.46453192732798,0.004766724286436375,100.33,0.0,0.0
ddpg_paper_actor,319884394,81.09997464467648,0.8065045082446021,100.31,0.0,0.0
ddpg_paper_actor,319884394,82.0,3.969832664077463,100.38,0.0,0.0
ddpg_paper_actor,319884394,83.0,0.7626497371324668,100.38,0.0,0.0
ddpg_paper_actor,319884394,85.0,0.828804086033652,100.39,0.0,0.0
ddpg_paper_actor,319884394,88.85600825472082,2.8858394099366924,100.36,0.0,0.0
ddpg_paper_actor,319884394,90.1069352851977,2.0,100.42,0.0,0.0
ddpg_paper_actor,319884394,91.5138222439246,2.0,100.38000000000001,0.0,0.0
ddpg_paper_actor,319884394,93.64217805682517,2.0,100.31,0.0,0.0
ddpg_paper_actor,257706682,4.0,5.915852358705972,100.07000000000001,0.0,0.0
ddpg_paper_actor,257706682,5.232977974950523,0.5925494716317617,100.07,0.0,0.0
ddpg_paper_actor,257706682,7.0,1.2799292158290485,100.2,0.0,0.0
ddpg_paper_actor,257706682,8.223501638003228,1.9029432435564901,100.14999999999999,0.0,0.0
ddpg_paper_actor,257706682,10.646580877950612,0.8567558866720493,100.19,0.0,0.0
ddpg_paper_actor,257706682,13.588558750092371,2.0337590969925916,100.22,0.0,0.0
ddpg_paper_actor,257706682,14.199824988956074,0.1483237848435491,100.25,0.0,0.0
ddpg_paper_actor,257706682,20.194419612401834,2.9813885226582006,100.24,0.0,0.0
ddpg_paper_actor,257706682,23.0,3.924669616696536,100.23,0.0,0.0
ddpg_paper_actor,257706682,24.0,3.0018762947592696,100.23,0.0,0.0
ddpg_paper_actor,257706682,25.0,6.029870852323252,100.18,0.0,0.0
ddpg_paper_actor,257706682,27.231162604898888,1.888906817332721,100.17,0.0,0.0
ddpg_paper_actor,257706682,30.139347706390346,1.5207925991167255,100.3,0.0,0.0
ddpg_paper_actor,257706682,31.0,2.3444946327091536,100.31,0.0,0.0
ddpg_paper_actor,257706682,37.18662339550442,7.5227954250529265,100.27,0.0,0.0
ddpg_paper_actor,257706682,38.0,2.730481777213692,100.26,0.0,0.0
ddpg_paper_actor,257706682,39.0,1.420475113499768,100.26,0.0,0.0
ddpg_paper_actor,257706682,43.79896439439764,14.0,100.26,0.0,0.0
ddpg_paper_actor,257706682,52.67251223842872,0.0903381606687706,100.25,0.0,0.0
ddpg_paper_actor,257706682,55.38753395228309,3.811506605543357,100.24000000000001,0.0,0.0
ddpg_paper_actor,257706682,56.05585225331836,0.19322404826708578,100.21,0.0,0.0
ddpg_paper_actor,257706682,57.0,0.11836875577876727,100.27000000000001,0.0,0.0
ddpg_paper_actor,257706682,62.31996072380556,3.897270934399655,100.24,0.0,0.0
ddpg_paper_actor,257706682,63.0,0.2397901633504938,100.21,0.0,0.0
ddpg_paper_actor,257706682,64.0,9.366707740346309,100.14,0.0,0.0
ddpg_paper_actor,257706682,67.41354698827051,3.0227378874144093,100.06,0.06467072780085914,6.467072780085914
ddpg_paper_actor,257706682,69.15314584019143,0.13610433781224845,99.97999999999999,0.13728760552010044,13.728760552010044
ddpg_paper_actor,257706682,72.25921588850994,1.1547843246344922,99.87,0.28681412779965854,28.681412779965854
ddpg_paper_actor,257706682,83.05097574530176,0.5650536767751557,99.91000000000001,0.2962155932149244,29.62155932149244
ddpg_paper_actor,257706682,88.54123982849272,1.5422676958035715,99.79,0.3950521939932372,39.50521939932372
ddpg_paper_actor,257706682,103.4312858579539,1.4992700328227533,99.56,0.6008559081096507,60.08559081096507
ddpg_paper_actor,257706682,105.32805889968022,1.4303598025574562,99.67,0.48528424903334155,48.528424903334155
ddpg_paper_actor,257706682,111.09020475942522,0.32568005022832786,99.51,0.6322700294804378,63.227002948043776
ddpg_paper_actor,587003630,0.0,9.73476296116321,100.04,0.0,0.0
ddpg_paper_actor,587003630,3.5756139911351132,0.2222798862894917,100.17,0.028703655289703534,2.8703655289703534
ddpg_paper_actor,587003630,5.626382194409819,13.299374370494428,100.14999999999999,0.04379965157005472,4.379965157005472
ddpg_paper_actor,587003630,9.263535071907956,3.0,100.01,0.23743828658943755,23.743828658943755
ddpg_paper_actor,587003630,10.0,10.613999273513313,100.04,0.16675383852991388,16.675383852991388
ddpg_paper_actor,587003630,11.32226495187834,9.623206375754243,100.09,0.2024784804094253,20.24784804094253
ddpg_paper_actor,587003630,15.088918586254126,1.0,100.04,0.17214594592172716,17.214594592172716
ddpg_paper_actor,587003630,20.23365852717501,4.719650880276276,100.19,0.00472596327847441,0.472596327847441
ddpg_paper_actor,587003630,21.654776519090664,8.12437825323646,100.13,0.09618675474312965,9.618675474312965
ddpg_paper_actor,587003630,22.370610891261084,2.5194939497544317,100.14999999999999,0.05628588277109259,5.628588277109259
ddpg_paper_actor,587003630,23.93479894200229,0.42334929222087214,100.19000000000001,0.0,0.0
ddpg_paper_actor,587003630,30.0,0.06791028232964713,100.05000000000001,0.12297270269699823,12.297270269699823
ddpg_paper_actor,587003630,31.45470040725051,3.5666929866349997,100.03,0.1348986764143092,13.48986764143092
ddpg_paper_actor,587003630,32.17924025677475,5.7023727470746675,100.08000000000001,0.06999035905778328,6.999035905778328
ddpg_paper_actor,587003630,33.0,0.7835150031586366,99.97,0.18674007880511567,18.674007880511567
ddpg_paper_actor,587003630,39.39021801296464,6.098826403793821,100.02,0.09547295434902026,9.547295434902026
ddpg_paper_actor,587003630,41.60987005253908,8.474091874614741,100.03,0.07324507640579725,7.324507640579725
ddpg_paper_actor,587003630,49.95763150552822,1.5596594265577604,100.07000000000001,0.018088471925352678,1.8088471925352678
ddpg_paper_actor,587003630,51.67831826370089,1.9207423240947654,100.16,0.0,0.0
ddpg_paper_actor,587003630,55.161752344820144,1.6762595861131648,100.02,0.06332160725651192,6.3321607256511925
ddpg_paper_actor,587003630,56.0,0.9340285410450233,100.0,0.0679156880050158,6.7915688005015795
ddpg_paper_actor,587003630,61.25463077624954,5.0,100.13,0.0,0.0
ddpg_paper_actor,653436395,0.0,6.63219649986492,100.04,0.0,0.0
ddpg_paper_actor,653436395,3.1624133546397064,5.602304775147337,100.02000000000001,0.0,0.0
ddpg_paper_actor,653436395,6.0,1.0201392554023037,100.04,0.0,0.0
ddpg_paper_actor,653436395,7.173708654980571,1.9672406759213994,99.89999999999999,0.09235236586594908,9.235236586594908
ddpg_paper_actor,653436395,8.0,1.3805266686749986,100.01,0.0,0.0
ddpg_paper_actor,653436395,15.750802486457728,7.999999999999998,100.22,0.0,0.0
ddpg_paper_actor,653436395,17.937277966478717,1.8149911518734947,100.19,0.0,0.0
ddpg_paper_actor,653436395,20.0,3.104166879482153,100.19,0.0,0.0
ddpg_paper_actor,653436395,23.53464296774463,1.648169277583849,100.31,0.0,0.0
ddpg_paper_actor,653436395,29.576116882664806,0.31032309178460277,100.23,0.0,0.0
ddpg_paper_actor,653436395,33.13361705951051,6.713159131002552,100.24,0.0,0.0
ddpg_paper_actor,653436395,34.0,7.194708162605701,100.28,0.0,0.0
ddpg_paper_actor,653436395,36.40102286265215,1.0511154986269657,100.30000000000001,0.0,0.0
ddpg_paper_actor,653436395,38.13752087041081,2.8945527434678744,100.28,0.0,0.0
ddpg_paper_actor,653436395,40.04248796528544,0.24701988984268528,100.27000000000001,0.0,0.0
ddpg_paper_actor,653436395,43.805938514796075,3.573359554019625,100.28,0.0,0.0
ddpg_paper_actor,653436395,44.36136869823045,4.468676526620966,100.29,0.0,0.0
ddpg_paper_actor,653436395,45.0,2.7305897254020315,100.25,0.0,0.0
ddpg_paper_actor,653436395,46.86510096770721,3.847884409570207,100.24000000000001,0.0,0.0
ddpg_paper_actor,653436395,47.2317881704588,1.738008230843873,100.24,0.0,0.0
ddpg_paper_actor,653436395,52.0,1.912026164676342,100.32,0.0,0.0
ddpg_paper_actor,653436395,60.50082395525267,1.8612948137379397,100.36,0.0,0.0
ddpg_paper_actor,653436395,61.0,13.182130741305695,100.36,0.0,0.0
ddpg_paper_actor,653436395,63.02564245747351,5.0,100.32000000000001,0.0,0.0
ddpg_paper_actor,653436395,65.79759198479618,3.5507243894390244,100.25,0.0,0.0
ddpg_paper_actor,653436395,68.49971875408103,2.349582898597081,100.25999999999999,0.0,0.0
ddpg_paper_actor,653436395,70.43980490680433,5.61812994906621,100.25,0.0,0.0
ddpg_paper_actor,823497974,0.0,3.646282133482521,100.05,0.0,0.0
ddpg_paper_actor,823497974,4.224048770389382,1.995867369725453,99.97,0.0,0.0
ddpg_paper_actor,823497974,5.0,4.536090739878485,99.99000000000001,0.0,0.0
ddpg_paper_actor,823497974,8.937412513436112,11.900052469921942,100.08000000000001,0.0,0.0
ddpg_paper_actor,823497974,12.614628812676653,0.2628115104525818,100.2,0.0,0.0
ddpg_paper_actor,823497974,15.794958387559873,1.0216103786185773,100.24,0.0,0.0
ddpg_paper_actor,823497974,26.0,0.5886021526701093,100.22999999999999,0.0,0.0
ddpg_paper_actor,823497974,28.345501635542664,1.3807693544336166,100.1,0.0,0.0
ddpg_paper_actor,823497974,31.177960320592017,9.67925876678022,100.19000000000001,0.0,0.0
ddpg_paper_actor,823497974,33.54073922845447,4.428015901593122,100.21000000000001,0.0,0.0
ddpg_paper_actor,823497974,36.0,8.941361862260786,100.25,0.0,0.0
ddpg_paper_actor,823497974,41.0,3.23698849981135,100.15,0.0,0.0
ddpg_paper_actor,823497974,42.0,1.7162958356814713,100.22000000000001,0.0,0.0
ddpg_paper_actor,823497974,43.40822476624321,3.0479341962405826,100.24,0.0,0.0
ddpg_paper_actor,823497974,48.0,1.1284337187696034,100.09,0.0,0.0
ddpg_paper_actor,823497974,50.01350369745084,0.8413400764292576,100.07,0.0,0.0
ddpg_paper_actor,823497974,51.0,3.858603650970317,100.00999999999999,0.0,0.0
ddpg_paper_actor,823497974,56.15979638518981,0.8428892681571967,99.96000000000001,0.0,0.0
ddpg_paper_actor,823497974,62.414478828435314,9.388333203303961,100.01,0.0,0.0
ddpg_paper_actor,823497974,67.4942973986708,0.4265588778228623,99.95,0.0,0.0
ddpg_paper_actor,823497974,69.51972513600349,0.2306363800940845,100.03999999999999,0.0,0.0
ddpg_paper_actor,823497974,74.73420434763905,1.409797100686885,100.09,0.0,0.0
ddpg_paper_actor,823497974,77.11842031263132,0.9553910344244915,100.15,0.0,0.0
ddpg_paper_actor,823497974,78.0,1.980937458628238,100.14,0.0,0.0
ddpg_paper_actor,823497974,80.0,4.068391893302013,100.14,0.0,0.0
ddpg_paper_actor,823497974,84.40346484230206,1.667527501208165,100.11,0.0,0.0
ddpg_paper_actor,823497974,86.56910583448476,5.0,100.19,0.0,0.0
ddpg_paper_actor,823497974,99.61528811445856,3.8375939118595186,100.22000000000001,0.0,0.0
ddpg_paper_actor,823497974,100.00867548411226,5.082379706999529,100.14,0.0,0.0
ddpg_paper_actor,823497974,102.0,1.9951795954779314,100.24000000000001,0.0,0.0
ddpg_paper_actor,613839703,2.0,1.3578072115317967,100.06,0.0,0.0
ddpg_paper_actor,613839703,10.0,1.5107964223568864,99.87,0.0888080407094094,8.88080407094094
ddpg_paper_actor,613839703,11.0,9.045080870309492,99.87,0.004231094780948297,0.4231094780948297
ddpg_paper_actor,613839703,14.022802075619818,3.4980858210817294,99.78,0.0479940747524239,4.79940747524239
ddpg_paper_actor,613839703,15.0,0.7129649363965928,99.82000000000001,0.0,0.0
ddpg_paper_actor,613839703,16.0,21.631488074263224,99.84,0.0,0.0
ddpg_paper_actor,613839703,17.388419826014967,0.4651913848135061,99.71,0.0,0.0
ddpg_paper_actor,613839703,21.316849190241896,1.766406752745108,99.86,0.0,0.0
ddpg_paper_actor,613839703,24.0,2.564522490373222,99.76,0.0,0.0
ddpg_paper_actor,613839703,26.098052429039047,8.971381117362327,99.80000000000001,0.0,0.0
ddpg_paper_actor,613839703,29.830485022895544,1.9925089107887037,99.8,0.0,0.0
ddpg_paper_actor,613839703,32.0,2.3861968591834883,99.72,0.0,0.0
ddpg_paper_actor,613839703,34.0,2.45891745554619,99.79,0.0,0.0
ddpg_paper_actor,613839703,35.0,3.0896874657456173,99.79,0.0,0.0
ddpg_paper_actor,613839703,37.0,0.9570318403244966,99.81,0.0,0.0
ddpg_paper_actor,613839703,40.369309037861655,2.4014202681082804,99.92,0.0,0.0
ddpg_paper_actor,613839703,41.0,1.3101293421589182,99.89999999999999,0.0,0.0
ddpg_paper_actor,613839703,43.0278152276426,1.2745544665449742,99.87,0.0,0.0
ddpg_paper_actor,613839703,47.17032155799201,0.12452671114951225,99.95,0.0,0.0
ddpg_paper_actor,613839703,50.597659566662685,3.0,99.99,0.0,0.0
ddpg_paper_actor,613839703,52.13333271377846,2.7547397498919244,99.97,0.0,0.0
ddpg_paper_actor,613839703,54.45488727951133,1.0,100.03,0.0,0.0
ddpg_paper_actor,613839703,65.0,3.9540682731524166,99.79,0.0,0.0
ddpg_paper_actor,613839703,76.08306199543115,0.5690634995251331,99.56,0.1142849635633496,11.42849635633496
ddpg_paper_actor,613839703,77.19493810169723,0.4642521691694396,99.59,0.07361206451558644,7.361206451558644
ddpg_paper_actor,613839703,79.43686342067802,0.22647412275116593,99.54,0.10850552754199327,10.850552754199327
ddpg_paper_actor,613839703,89.26461803696913,0.22362996029682083,99.72999999999999,0.0,0.0
ddpg_paper_actor,613839703,90.04534310743176,1.1784692802202539,99.74000000000001,0.0,0.0
ddpg_paper_actor,613839703,92.98764751185536,3.3354313036919065,99.72000000000001,0.0,0.0
ddpg_paper_actor,613839703,93.79190725692897,4.345593787476103,99.77000000000001,0.0,0.0
ddpg_paper_actor,613839703,95.03088286074548,3.1242758953699985,99.75,0.0,0.0
ddpg_paper_actor,613839703,98.05302910399534,3.5164092649400804,99.73,0.0,0.0
ddpg_paper_actor,613839703,99.38655037909085,0.7032812711122252,99.71000000000001,0.0,0.0
ddpg_paper_actor,613839703,104.0,0.039426055219538736,99.73,0.0,0.0
ddpg_paper_actor,613839703,108.12313694098634,1.9007575396114886,99.76,0.0,0.0
ddpg_paper_actor,613839703,111.45741833219832,1.5278630993937174,99.75,0.0,0.0
ddpg_paper_actor,740004418,0.0,15.0,100.08,0.0,0.0
ddpg_paper_actor,740004418,6.063480013471804,4.3377997214746165,100.15,0.0,0.0
ddpg_paper_actor,740004418,9.840213208637849,2.939503587280966,100.11,0.0,0.0
ddpg_paper_actor,740004418,10.318579856671663,5.702640913480943,100.08999999999999,0.0,0.0
ddpg_paper_actor,740004418,15.0,1.3843881624393195,100.17,0.0,0.0
ddpg_paper_actor,740004418,17.87493525672498,1.8357393260948833,100.18,0.0,0.0
ddpg_paper_actor,740004418,23.335822309561582,2.7735396898961757,100.22,0.0,0.0
ddpg_paper_actor,740004418,24.843100102590427,1.2541181990259624,100.2,0.0,0.0
ddpg_paper_actor,740004418,25.77519428255051,3.901363722657725,100.13,0.0,0.0
ddpg_paper_actor,740004418,28.790731076725653,10.999999999999998,100.27,0.0,0.0
ddpg_paper_actor,740004418,29.83498710473117,6.2002366119061465,100.27,0.0,0.0
ddpg_paper_actor,740004418,35.48272877609047,0.40879771472165594,100.29,0.0,0.0
ddpg_paper_actor,740004418,37.134292355405094,2.0277158408718323,100.29,0.0,0.0
ddpg_paper_actor,740004418,38.0,0.6272019858823329,100.28,0.0,0.0
ddpg_paper_actor,740004418,39.0,7.377869278988474,100.25999999999999,0.0,0.0
ddpg_paper_actor,740004418,41.87053511560346,2.563652947310204,100.29,0.0,0.0
ddpg_paper_actor,740004418,45.609032878996175,13.839577145288194,100.28,0.0,0.0
ddpg_paper_actor,740004418,49.028820978276855,2.0,100.32000000000001,0.0,0.0
ddpg_paper_actor,740004418,53.22952816834719,3.0,100.31,0.0,0.0
ddpg_paper_actor,740004418,55.80211022038393,0.6280545228259148,100.33,0.0,0.0
ddpg_paper_actor,740004418,60.795515160028096,2.7592579456959334,100.34,0.0,0.0
ddpg_paper_actor,740004418,61.127208625087384,2.0,100.35,0.0,0.0
ddpg_paper_actor,740004418,63.0,1.8332404736949088,100.25,0.0,0.0
ddpg_paper_actor,740004418,64.3599744635521,0.39367489924226945,100.24,0.0,0.0
ddpg_paper_actor,740004418,65.0,4.0,100.18,0.0,0.0
ddpg_paper_actor,1875934291,1.7195188055363106,2.337841983190075,100.08,0.0,0.0
ddpg_paper_actor,1875934291,2.5245395081608013,1.1178635523797047,100.15,0.0,0.0
ddpg_paper_actor,1875934291,4.146351906000568,2.2059272906848655,100.05000000000001,0.0,0.0
ddpg_paper_actor,1875934291,6.0,8.220322726238248,100.08000000000001,0.0,0.0
ddpg_paper_actor,1875934291,7.058167460626537,4.453020393295322,100.16000000000001,0.0,0.0
ddpg_paper_actor,1875934291,9.025084254563646,0.14255481942134413,100.14,0.0,0.0
ddpg_paper_actor,1875934291,10.275248060249512,1.249699908765256,100.01,0.013350650713363166,1.3350650713363166
ddpg_paper_actor,1875934291,13.21513989924465,1.911345239640991,99.98,0.032151122144739475,3.2151122144739475
ddpg_paper_actor,1875934291,18.022268354897438,3.0,99.92,0.08248510924761376,8.248510924761376
ddpg_paper_actor,1875934291,22.441766869007104,1.4232145407266894,99.99000000000001,0.013374790057540054,1.3374790057540054
ddpg_paper_actor,1875934291,23.0,0.48606156795751654,100.04,0.0,0.0
ddpg_paper_actor,1875934291,24.085832059108164,0.6896828998337247,100.07000000000001,0.0,0.0
ddpg_paper_actor,1875934291,27.274016970179062,5.346650300184811,100.07,0.0,0.0
ddpg_paper_actor,1875934291,28.0,1.198140385354023,100.10000000000001,0.0,0.0
ddpg_paper_actor,1875934291,29.0,3.288563735937047,100.13,0.0,0.0
ddpg_paper_actor,1875934291,30.0,1.8704721148080556,100.17,0.0,0.0
ddpg_paper_actor,1875934291,31.0,6.043999510760742,99.99000000000001,0.0,0.0
ddpg_paper_actor,1875934291,32.0,0.5541403290191973,100.04,0.0,0.0
ddpg_paper_actor,1875934291,33.095396921762514,9.582996069991705,99.95,0.007491975622585301,0.7491975622585301
ddpg_paper_actor,1875934291,37.21700588293112,0.10436213177353632,99.94,0.00590961697926673,0.590961697926673
ddpg_paper_actor,1875934291,41.45399549525672,0.5653385555477339,100.11,0.0,0.0
ddpg_paper_actor,1875934291,42.244124951469544,4.0,100.15,0.0,0.0
ddpg_paper_actor,1875934291,45.13303851527908,4.27989182924155,100.11,0.0,0.0
ddpg_paper_actor,1875934291,50.104076623057,0.022990058676611858,100.07000000000001,0.0,0.0
ddpg_paper_actor,1875934291,53.0,0.37007678812167555,100.12,0.0,0.0
ddpg_paper_actor,1875934291,56.70311573771575,5.974169823993863,99.95,0.006020227459558214,0.6020227459558214
ddpg_paper_actor,1875934291,58.092033955871294,0.9402634707941717,99.9,0.05669749310366967,5.669749310366967
ddpg_paper_actor,1875934291,60.38286289552247,2.1977056254094554,99.94000000000001,0.008710210151079423,0.8710210151079423
ddpg_paper_actor,1875934291,67.47576268570208,4.980622606102236,99.91000000000001,0.043842540108911976,4.384254010891198
ddpg_paper_actor,1875934291,68.48496164831093,1.9385521670272623,99.87,0.08198213148767763,8.198213148767763
ddpg_paper_actor,1875934291,70.59129141172124,10.850734903132025,99.92,0.04457006141322495,4.457006141322495
ddpg_paper_actor,1875934291,72.29070705265002,2.0636322857985663,99.93,0.030339483584768345,3.0339483584768345
ddpg_paper_actor,1875934291,73.66476752004955,1.8295336884912132,99.94000000000001,0.01646611152011701,1.646611152011701
ddpg_paper_actor,1875934291,74.09329884373022,3.263773303618719,99.9,0.045597742178955514,4.559774217895551
ddpg_paper_actor,1875934291,75.0,1.0,99.86,0.07837187668540935,7.837187668540935
ddpg_paper_actor,1766793914,0.0,12.787766410056605,100.03,0.0,0.0
ddpg_paper_actor,1766793914,2.348596857192616,1.2628570135787442,99.97000000000001,0.0010949112113820547,0.10949112113820547
ddpg_paper_actor,1766793914,6.107558766493779,0.8331312998027607,100.21,0.0,0.0
ddpg_paper_actor,1766793914,7.633208034649005,9.0,100.22,0.0,0.0
ddpg_paper_actor,1766793914,9.94580432812402,1.3767862047916493,100.21000000000001,0.0,0.0
ddpg_paper_actor,1766793914,14.36410298025781,0.5215515825134235,100.27,0.0,0.0
ddpg_paper_actor,1766793914,19.68304700126621,2.927754624507383,100.39,0.0,0.0
ddpg_paper_actor,1766793914,32.073718148221225,6.930300217939869,100.31,0.0,0.0
ddpg_paper_actor,1766793914,33.183758217629276,3.1722165213017233,100.33,0.0,0.0
ddpg_paper_actor,1766793914,36.0,0.16547969027372011,100.31,0.0,0.0
ddpg_paper_actor,1766793914,37.0,2.012859319483924,100.33,0.0,0.0
ddpg_paper_actor,1766793914,40.52078315361494,2.050201543998166,100.38000000000001,0.0,0.0
ddpg_paper_actor,1766793914,41.0,0.4057805876553736,100.33,0.0,0.0
ddpg_paper_actor,1766793914,43.55104183823679,9.0,100.39,0.0,0.0
ddpg_paper_actor,1766793914,46.39070412501037,2.1362818394298,100.37,0.0,0.0
ddpg_paper_actor,1766793914,47.17571653569686,0.7347156560877443,100.28,0.008829427274449131,0.8829427274449131
ddpg_paper_actor,1766793914,50.402873606358924,0.026199743126658515,100.3,0.0,0.0
ddpg_paper_actor,1766793914,52.22454291954157,0.1189871201235303,100.25999999999999,0.013168563988941173,1.3168563988941173
ddpg_paper_actor,1766793914,59.27949413400398,14.102799166803702,100.21,0.07021338345707306,7.021338345707306
ddpg_paper_actor,1766793914,64.17169236441194,0.6559055349538332,100.26,0.009468923314088329,0.9468923314088329
ddpg_paper_actor,1766793914,66.0,0.3541511915839133,100.21,0.05772763542040593,5.772763542040593
ddpg_paper_actor,1766793914,67.06482170865348,8.319226280320539,100.21000000000001,0.050736336713740116,5.0736336713740116
ddpg_paper_actor,1766793914,68.00198240594042,2.7057184590912824,100.16000000000001,0.0951923606949805,9.51923606949805
ddpg_paper_actor,1766793914,69.82434934044267,1.9256588229021903,100.18,0.0663236663673672,6.63236663673672
ddpg_paper_actor,1766793914,70.97605228495831,5.6349192393349945,100.2,0.033959300894863986,3.3959300894863986
ddpg_paper_actor,1766793914,73.4945932838054,7.91042219083052,100.13,0.09620022210989987,9.620022210989987
ddpg_paper_actor,1766793914,79.59804899853714,1.3328173799408414,100.15,0.07810287326684318,7.810287326684318
ddpg_paper_actor,1766793914,84.73709663681306,1.0,100.29,0.0,0.0
ddpg_paper_actor,473890442,0.0,2.1562470785204635,100.02,0.0,0.0
ddpg_paper_actor,473890442,1.292535047303393,2.47684690172885,99.98,0.06084637105989543,6.084637105989543
ddpg_paper_actor,473890442,2.2008441947719493,1.75081892898633,100.09,0.0,0.0
ddpg_paper_actor,473890442,3.093628963508093,3.7284922224957042,100.03999999999999,0.0,0.0
ddpg_paper_actor,473890442,5.2860609903484965,2.0,100.03,0.005167535322769368,0.5167535322769368
ddpg_paper_actor,473890442,6.580965153117125,1.2954559284457818,100.12,0.0,0.0
ddpg_paper_actor,473890442,7.409511068856534,3.702793677123777,100.13,0.0,0.0
ddpg_paper_actor,473890442,9.19214747530176,1.027752568980321,100.14,0.0,0.0
ddpg_paper_actor,473890442,10.0,3.0,100.28,0.0,0.0
ddpg_paper_actor,473890442,12.188286270703006,1.628326400756976,100.30000000000001,0.0,0.0
ddpg_paper_actor,473890442,18.0,5.0,100.32,0.0,0.0
ddpg_paper_actor,473890442,24.873603732552095,6.929890330278974,100.13,0.0,0.0
ddpg_paper_actor,473890442,26.33578524620217,0.200821417321133,100.24000000000001,0.0,0.0
ddpg_paper_actor,473890442,30.0,15.999999999999996,100.14999999999999,0.0,0.0
ddpg_paper_actor,473890442,37.354272750665146,6.338607658344754,100.17,0.0,0.0
ddpg_paper_actor,473890442,38.0,1.8764793540863536,100.19,0.0,0.0
ddpg_paper_actor,473890442,40.769297469979485,1.055512902823002,100.16,0.0,0.0
ddpg_paper_actor,473890442,44.0,1.8594397117270651,100.08,0.0,0.0
ddpg_paper_actor,473890442,45.0,4.112546599236648,100.10000000000001,0.0,0.0
ddpg_paper_actor,473890442,46.66506526489683,1.410422463025681,100.00999999999999,0.050644534874194846,5.064453487419485
ddpg_paper_actor,473890442,47.164218009788314,0.04522825910886075,99.99,0.06884661819435678,6.884661819435678
ddpg_paper_actor,473890442,50.23805342347863,7.612292904503368,100.14,0.0,0.0
ddpg_paper_actor,473890442,53.11584735629797,6.655942352244635,100.07000000000001,0.0,0.0
ddpg_paper_actor,473890442,60.6776350907628,6.0553576917058125,99.92,0.1801179053370845,18.01179053370845
ddpg_paper_actor,473890442,62.07974132595006,3.1857196164788966,99.96000000000001,0.13296763911003495,13.296763911003495
ddpg_paper_actor,473890442,64.0,2.2674493213383937,100.06,0.017215597982172426,1.7215597982172426
ddpg_paper_actor,473890442,66.3669572531176,3.4471018392319204,100.07,0.0008663051458484006,0.08663051458484006
ddpg_paper_actor,473890442,67.0,0.19901330421186725,100.05000000000001,0.016039906069480026,1.6039906069480026
ddpg_paper_actor,473890442,69.60230613678236,2.0,100.11000000000001,0.0,0.0
ddpg_paper_actor,166731503,0.0,8.440117442700906,100.04,0.0,0.0
ddpg_paper_actor,166731503,1.6486851156443565,1.725755325487982,99.99,0.0,0.0
ddpg_paper_actor,166731503,2.913822462359021,3.5209252163186755,100.07,0.0,0.0
ddpg_paper_actor,166731503,12.519796007150902,1.8830107490559682,100.14,0.0,0.0
ddpg_paper_actor,166731503,13.941604603742432,0.7652694776777023,100.26,0.0,0.0
ddpg_paper_actor,166731503,16.090419875568088,1.568976339737594,100.32000000000001,0.0,0.0
ddpg_paper_actor,166731503,18.0,3.0947044371220387,100.31,0.0,0.0
ddpg_paper_actor,166731503,21.46937026221769,4.873695145620379,100.31,0.0,0.0
ddpg_paper_actor,166731503,22.0,0.29815318945469715,100.33,0.0,0.0
ddpg_paper_actor,166731503,24.442274051912065,0.13889753137938993,100.3,0.0,0.0
ddpg_paper_actor,166731503,25.780929327483634,0.02827901362453694,100.38,0.0,0.0
ddpg_paper_actor,166731503,28.346890829963062,1.035595204515251,100.45,0.0,0.0
ddpg_paper_actor,166731503,33.0,0.5422057322685545,100.33,0.0,0.0
ddpg_paper_actor,166731503,34.0,7.0,100.36,0.0,0.0
ddpg_paper_actor,166731503,37.216872869001804,3.5381986845463276,100.42,0.0,0.0
ddpg_paper_actor,166731503,44.0,1.9483076266050219,100.41,0.0,0.0
ddpg_paper_actor,166731503,45.0,2.6689301719368146,100.4,0.0,0.0
ddpg_paper_actor,166731503,46.0,11.999999999999998,100.54,0.0,0.0
ddpg_paper_actor,166731503,52.16659912785748,1.7646591472821531,100.53,0.0,0.0
ddpg_paper_actor,166731503,55.92140112719327,1.8502005015223428,100.58000000000001,0.0,0.0
ddpg_paper_actor,166731503,56.26839296817596,4.489633283686016,100.59,0.0,0.0
ddpg_paper_actor,166731503,58.798025445465186,2.0,100.57000000000001,0.0,0.0
ddpg_paper_actor,166731503,61.22887221375756,1.1728283875486785,100.53,0.0,0.0
ddpg_paper_actor,166731503,65.0,0.04759098193353045,100.49,0.0,0.0
ddpg_paper_actor,166731503,76.71325960668283,3.4296328492449106,100.6,0.0,0.0
ddpg_paper_actor,166731503,79.35791373503965,2.502809992007644,100.61,0.0,0.0
ddpg_paper_actor,166731503,82.20726039837662,1.444519192904112,100.61,0.0,0.0
ddpg_paper_actor,166731503,83.2656946852817,4.0,100.61999999999999,0.0,0.0
ddpg_paper_actor,166731503,98.4502800467282,2.3095490033523007,100.50999999999999,0.0,0.0
ddpg_paper_actor,166731503,101.1582769449388,2.2887569773218948,100.6,0.0,0.0
ddpg_paper_actor,166731503,103.37077678021778,4.0,100.63,0.0,0.0
ddpg_paper_actor,166731503,110.59324113513705,0.9302443722630372,100.62,0.0,0.0
ddpg_paper_actor,166731503,111.01656383671892,8.0,100.62,0.0,0.0
ddpg_paper_actor,166731503,112.0,1.0,100.61999999999999,0.0,0.0
ddpg_paper_actor,166731503,114.16601821657973,3.0,100.64,0.0,0.0
ddpg_paper_actor,13571695,1.0,4.788076067921084,100.09,0.0,0.0
ddpg_paper_actor,13571695,2.009469424982889,1.5353603039991028,100.08,0.0,0.0
ddpg_paper_actor,13571695,4.628749957837548,5.497486833897981,100.04,0.0,0.0
ddpg_paper_actor,13571695,5.45486639150184,2.488789137276545,100.08,0.0,0.0
ddpg_paper_actor,13571695,8.646024348330066,3.318216377579125,100.06,0.0,0.0
ddpg_paper_actor,13571695,9.168854801770431,2.482761537343076,100.06,0.0,0.0
ddpg_paper_actor,13571695,10.0,1.4911779109368208,100.13000000000001,0.0,0.0
ddpg_paper_actor,13571695,11.0,1.4155700949701824,100.09,0.0,0.0
ddpg_paper_actor,13571695,17.381875588432564,5.8004791889852285,100.08000000000001,0.0,0.0
ddpg_paper_actor,13571695,18.36210529143222,0.011351294282493374,99.98,0.03594016232695196,3.5940162326951963
ddpg_paper_actor,13571695,21.036825503388272,12.072714339726268,99.99000000000001,0.010580443690869856,1.0580443690869856
ddpg_paper_actor,13571695,24.195049799773965,9.64624657727473,99.86000000000001,0.2433690270808171,24.33690270808171
ddpg_paper_actor,13571695,33.099290327007424,0.9734697900909783,99.83,0.18574620228963568,18.574620228963568
ddpg_paper_actor,13571695,34.0,4.6085465747393135,99.9,0.0931739162359122,9.31739162359122
ddpg_paper_actor,13571695,36.0,8.0,99.83,0.11969382584609889,11.969382584609889
ddpg_paper_actor,13571695,41.899677820944575,1.9334792479868887,99.8,0.12912196173856216,12.912196173856216
ddpg_paper_actor,13571695,43.747808203899744,0.47114675587463156,99.87,0.04134551518976082,4.134551518976082
ddpg_paper_actor,13571695,52.67208373466864,1.324981673494452,99.86000000000001,0.02999013293120356,2.999013293120356
ddpg_paper_actor,13571695,54.0,0.7511636204854655,99.84,0.03838271080051925,3.838271080051925
ddpg_paper_actor,13571695,56.25898939784213,12.38198174405349,99.86,0.011498029870978144,1.1498029870978144
ddpg_paper_actor,13571695,65.83297346802713,3.445892419941576,99.93,0.0,0.0
ddpg_paper_actor,13571695,67.37777884636823,8.0,99.98,0.0,0.0
ddpg_paper_actor,13571695,71.82297868354802,0.08011523887714095,99.97999999999999,0.0,0.0
ddpg_paper_actor,13571695,73.55551130341227,4.625297725410949,100.0,0.0,0.0
ddpg_paper_actor,13571695,74.62157429425355,2.0,99.98,0.0,0.0
ddpg_paper_actor,1661773068,1.0,2.029955265395456,100.06,0.16342777640889494,16.342777640889494
ddpg_paper_actor,1661773068,2.0,1.850184926767106,100.14,0.0,0.0
ddpg_paper_actor,1661773068,3.0,8.0,99.99,0.0,0.0
ddpg_paper_actor,1661773068,9.458239199162406,0.005474251714203682,100.29,0.0,0.0
ddpg_paper_actor,1661773068,11.459701260783422,0.016829047218443194,100.25999999999999,0.0,0.0
ddpg_paper_actor,1661773068,12.0,2.0407684341839922,100.24,0.0,0.0
ddpg_paper_actor,1661773068,14.717348283371063,0.2513868432319972,100.3,0.0,0.0
ddpg_paper_actor,1661773068,15.281614605346553,3.1077991475681257,100.27,0.0,0.0
ddpg_paper_actor,1661773068,18.034461533363707,1.064327207870587,100.23,0.0,0.0
ddpg_paper_actor,1661773068,20.011709598229206,11.777411373681858,100.12,0.005998160754529636,0.5998160754529636
ddpg_paper_actor,1661773068,22.035332482310885,3.039850676160981,100.16,0.0,0.0
ddpg_paper_actor,1661773068,23.928437035825564,1.0177292246568919,100.07000000000001,0.03185276407151605,3.185276407151605
ddpg_paper_actor,1661773068,29.0,0.743417940053456,100.11,0.0,0.0
ddpg_paper_actor,1661773068,35.0,1.449356923277099,100.2,0.0,0.0
ddpg_paper_actor,1661773068,38.0,1.2916101432099663,100.01,0.054170764977982344,5.417076497798234
ddpg_paper_actor,1661773068,41.52092121537092,7.9363809080823255,100.2,0.0,0.0
ddpg_paper_actor,1661773068,48.07837155794558,7.466573577441999,100.34,0.0,0.0
ddpg_paper_actor,1661773068,52.233490228453974,2.5315991523568435,100.36000000000001,0.0,0.0
ddpg_paper_actor,1661773068,53.0,4.548259244122015,100.34,0.0,0.0
ddpg_paper_actor,1661773068,56.18978098516412,2.7551414971575627,100.37,0.0,0.0
ddpg_paper_actor,1661773068,57.0,4.553039044867033,100.38000000000001,0.0,0.0
ddpg_paper_actor,1661773068,64.5217816222026,2.360106028313634,100.46,0.0,0.0
ddpg_paper_actor,1661773068,66.0,1.8373512869737147,100.60000000000001,0.0,0.0
ddpg_paper_actor,1661773068,71.0,1.0,100.57000000000001,0.0,0.0
ddpg_paper_actor,1661773068,72.0,0.026357337562949057,100.61999999999999,0.0,0.0
ddpg_paper_actor,1661773068,80.45694771700481,4.15680771589461,100.59,0.0,0.0
ddpg_paper_actor,1661773068,82.1784637885436,1.0,100.46,0.0,0.0
ddpg_paper_actor,1661773068,88.0,2.0,100.52,0.0,0.0
ddpg_paper_actor,1661773068,89.0,5.0,100.5,0.0,0.0
ddpg_paper_actor,1661773068,91.75758650066021,1.3700483465749846,100.54,0.0,0.0
ddpg_paper_actor,1661773068,96.85923579327762,3.0,100.53,0.0,0.0
ddpg_paper_actor,1661773068,99.0,1.0,100.57000000000001,0.0,0.0
ddpg_paper_actor,1661773068,102.30928061281965,5.295815825523576,100.56,0.0,0.0
ddpg_paper_actor,1661773068,104.46050912408747,1.0,100.53999999999999,0.0,0.0
ddpg_paper_actor,1661773068,105.75292407648602,1.0,100.49,0.0,0.0
ddpg_paper_actor,1661773068,111.32803575034907,1.9712558080917497,100.62,0.0,0.0
ddpg_paper_actor,1846147558,0.0,2.586519891165778,100.02,0.0,0.0
ddpg_paper_actor,1846147558,1.0,3.2203680490797417,100.1,0.06500342898442568,6.500342898442568
ddpg_paper_actor,1846147558,3.0,8.001842299610624,100.11000000000001,0.20179185995546334,20.179185995546334
ddpg_paper_actor,1846147558,4.0,3.3934100368503266,100.17,0.051008855930632535,5.1008855930632535
ddpg_paper_actor,1846147558,5.314703658231448,1.180579453919592,100.10000000000001,0.11400284398990834,11.400284398990834
ddpg_paper_actor,1846147558,6.0,5.435292832339192,100.14999999999999,0.07800926216999926,7.800926216999926
ddpg_paper_actor,1846147558,7.513481689724214,1.2044801157497613,100.15,0.03141806383550261,3.1418063835502608
ddpg_paper_actor,1846147558,12.993403567560087,0.7304604649681208,100.18,0.0,0.0
ddpg_paper_actor,1846147558,16.0,0.7568594465450385,100.22,0.0,0.0
ddpg_paper_actor,1846147558,17.82973895463062,4.841626281849191,100.19,0.0,0.0
ddpg_paper_actor,1846147558,18.033098691989668,2.1310394553187013,100.23,0.0,0.0
ddpg_paper_actor,1846147558,20.624014753941612,3.394004658888152,100.21,0.0,0.0
ddpg_paper_actor,1846147558,23.153848341670145,3.0755916125914218,100.04,0.14941961914487933,14.941961914487933
ddpg_paper_actor,1846147558,24.527044288095695,2.93655459255728,100.09,0.12899620959821334,12.899620959821334
ddpg_paper_actor,1846147558,26.18045791081575,1.7693524194182209,99.96,0.23786912888375866,23.786912888375866
ddpg_paper_actor,1846147558,27.0,2.0,99.96000000000001,0.22010896624064458,22.010896624064458
ddpg_paper_actor,1846147558,28.0,2.3138407244955856,100.05000000000001,0.10525907402700341,10.52590740270034
ddpg_paper_actor,1846147558,29.0,2.8329657369219237,100.04,0.11366028016063012,11.366028016063012
ddpg_paper_actor,1846147558,30.0,0.3790454957514698,100.09,0.04795673496121822,4.795673496121822
ddpg_paper_actor,1846147558,31.0,1.0,99.97,0.16107591124786325,16.107591124786325
ddpg_paper_actor,1846147558,32.15429549956803,2.1787156185760637,100.11,0.014432161266867638,1.4432161266867638
ddpg_paper_actor,1846147558,35.10373914709184,1.0,99.82,0.28819972276994577,28.819972276994577
ddpg_paper_actor,1846147558,37.39915505115936,2.0,99.80000000000001,0.35529089648797196,35.529089648797196
ddpg_paper_actor,1846147558,43.029831197494985,0.18743751807547238,99.84,0.2996138155084225,29.961381550842248
ddpg_paper_actor,1846147558,53.55215091189658,0.04759973397289269,99.65,0.43485746816013204,43.485746816013204
ddpg_paper_actor,1846147558,54.47287480437486,3.560215707410741,99.71000000000001,0.3658719515523927,36.58719515523927
ddpg_paper_actor,1846147558,55.49664499922892,1.0,99.61000000000001,0.4582349122570406,45.82349122570406
ddpg_paper_actor,1846147558,57.0,1.0645997897193409,99.45,0.5889700584343558,58.89700584343558
ddpg_paper_actor,1846147558,75.48748064636018,2.0,99.47000000000001,0.30915320044985606,30.915320044985606
ddpg_paper_actor,1846147558,80.73703282440844,0.10292780444465716,99.31,0.4694179346257812,46.94179346257812
ddpg_paper_actor,1846147558,96.37583773329187,5.690549537531387,99.56,0.19365999573555825,19.365999573555825
ddpg_paper_actor,1846147558,97.08282104050865,2.0,99.55,0.2010511121610392,20.10511121610392
ddpg_paper_actor,1846147558,100.82884198755362,1.6932083716813195,99.52000000000001,0.22734192925008756,22.734192925008756
ddpg_paper_actor,1846147558,102.69695432919497,0.951887306805881,99.67,0.09757996365958377,9.757996365958377
ddpg_paper_actor,1846147558,109.11755774725145,0.380961325673593,99.68,0.04185140153752798,4.185140153752798
ddpg_paper_actor,1846147558,111.0,3.044405188587279,99.58000000000001,0.12461565303226507,12.461565303226507
ddpg_paper_actor,1846147558,112.0,0.5432568186666749,99.63,0.08209454281028172,8.209454281028172
ddpg_paper_actor,1846147558,113.24041522385944,3.009883367038203,99.63000000000001,0.0780889525391899,7.80889525391899
ddpg_paper_actor,1846147558,114.51781184089558,8.638078886252227,99.57000000000001,0.13047672412399436,13.047672412399436
ddpg_paper_actor,1846147558,116.86183286622415,3.439812433743412,99.64,0.07040100835490648,7.040100835490648
ddpg_paper_actor,864635420,0.0,1.326685593853338,100.1,0.0,0.0
ddpg_paper_actor,864635420,2.5178211665452435,8.666492853963316,100.22000000000001,0.0,0.0
ddpg_paper_actor,864635420,4.20109768461644,0.21086089452976253,100.18,0.0,0.0
ddpg_paper_actor,864635420,8.255945369658495,0.6988304923274802,100.08000000000001,0.0,0.0
ddpg_paper_actor,864635420,11.095916235425907,2.4546240796470418,100.14,0.0,0.0
ddpg_paper_actor,864635420,12.0,4.7067580784035465,100.16000000000001,0.0,0.0
ddpg_paper_actor,864635420,14.2878431774203,0.6605139447109221,100.18,0.0,0.0
ddpg_paper_actor,864635420,17.0,1.1390545088713986,100.18,0.0,0.0
ddpg_paper_actor,864635420,18.0,1.6407825523918886,100.17,0.0,0.0
ddpg_paper_actor,864635420,21.12485662070832,1.8151994959949125,100.15,0.0,0.0
ddpg_paper_actor,864635420,22.020935080588394,0.9718435131126415,100.13000000000001,0.0,0.0
ddpg_paper_actor,864635420,27.203907295148152,5.286573310251692,100.2,0.0,0.0
ddpg_paper_actor,864635420,29.070140683961856,3.8344527306802165,100.21,0.0,0.0
ddpg_paper_actor,864635420,33.28610501870583,3.499193762700665,100.19999999999999,0.0,0.0
ddpg_paper_actor,864635420,34.03757587411498,0.2176169089364111,100.2,0.0,0.0
ddpg_paper_actor,864635420,35.248929784026835,0.946813317914737,100.19,0.0,0.0
ddpg_paper_actor,864635420,41.11699611440345,0.296244975189896,100.29,0.0,0.0
ddpg_paper_actor,864635420,48.12527276310765,2.065089885739902,100.27000000000001,0.0,0.0
ddpg_paper_actor,864635420,49.893400086332065,1.5459737413561272,100.28,0.0,0.0
ddpg_paper_actor,864635420,51.250797082799856,16.0,100.22000000000001,0.0,0.0
ddpg_paper_actor,864635420,58.73215357416263,1.425820299415494,100.29,0.0,0.0
ddpg_paper_actor,864635420,61.113502779145634,2.05463475165549,100.28,0.0,0.0
ddpg_paper_actor,864635420,63.480963288383286,2.786417852897681,100.28,0.0,0.0
ddpg_paper_actor,864635420,66.0,2.3829785067696543,100.29,0.0,0.0
ddpg_paper_actor,864635420,67.0,0.3263178622026859,100.29,0.0,0.0
ddpg_paper_actor,864635420,68.62567567819507,3.695456949211572,100.3,0.0,0.0
ddpg_paper_actor,864635420,69.39162443485733,1.7965838403110228,100.34,0.0,0.0
ddpg_paper_actor,864635420,70.0993623754086,1.6931528548106798,100.32000000000001,0.0,0.0
ddpg_paper_actor,864635420,72.0,5.6561143487850165,100.31,0.0,0.0
ddpg_paper_actor,864635420,73.0,10.0,100.33,0.0,0.0
ddpg_paper_actor,864635420,74.93302499032964,10.0,100.34,0.0,0.0
ddpg_paper_actor,490782600,0.0,0.5496206394754856,100.09,0.0,0.0
ddpg_paper_actor,490782600,1.384686513792687,0.5818001355677199,99.96000000000001,0.0858099975188793,8.58099975188793
ddpg_paper_actor,490782600,2.396066380738228,1.9555240228844895,99.97000000000001,0.01588078411005256,1.588078411005256
ddpg_paper_actor,490782600,3.6781445174288026,6.062519687990533,100.13,0.0,0.0
ddpg_paper_actor,490782600,5.780768176607737,3.5070924412282354,100.12,0.0,0.0
ddpg_paper_actor,490782600,10.121152335603716,6.289747021014184,100.09,0.0,0.0
ddpg_paper_actor,490782600,11.0,0.611869465605756,100.09,0.0,0.0
ddpg_paper_actor,490782600,22.918523548066737,5.310648337016362,99.97,0.013284943917199143,1.3284943917199143
ddpg_paper_actor,490782600,23.724132741251477,0.07059427082174508,99.94000000000001,0.04504176606060639,4.504176606060639
ddpg_paper_actor,490782600,27.009053224785507,0.42387617546564976,100.04,0.0,0.0
ddpg_paper_actor,490782600,28.496539657603112,0.32741317735494213,100.0,0.0,0.0
ddpg_paper_actor,490782600,29.513436635473223,0.3717860026339741,99.97,0.014550041104271827,1.4550041104271827
ddpg_paper_actor,490782600,30.580641612488115,3.1203806332860755,99.92,0.05924411725187895,5.924411725187895
ddpg_paper_actor,490782600,31.667935894688686,0.7206045682718663,99.87,0.09959703333420578,9.959703333420578
ddpg_paper_actor,490782600,36.717290556731335,0.1518627501213573,99.99,0.0,0.0
ddpg_paper_actor,490782600,37.95277246077064,0.3350073086310502,100.06,0.0,0.0
ddpg_paper_actor,490782600,40.81510753443304,0.9432323464803369,100.11000000000001,0.0,0.0
ddpg_paper_actor,490782600,42.351079302955455,7.359537809233912,100.13000000000001,0.0,0.0
ddpg_paper_actor,490782600,47.19490784818226,1.748185696653476,100.2,0.0,0.0
ddpg_paper_actor,490782600,48.0,3.6366099219814423,100.12,0.0,0.0
ddpg_paper_actor,490782600,49.29320781972357,4.338016341275003,100.14,0.0,0.0
ddpg_paper_actor,490782600,51.0,2.692483186567152,100.08,0.0,0.0
ddpg_paper_actor,490782600,53.0,6.110170755875887,100.11,0.0,0.0
ddpg_paper_actor,490782600,57.40679314860999,3.5718714137110323,100.3,0.0,0.0
ddpg_paper_actor,490782600,68.98830467383272,2.0030436007000727,100.29,0.0,0.0
ddpg_paper_actor,490782600,69.46045553483671,0.675229049577474,100.25,0.0,0.0
ddpg_paper_actor,490782600,76.0,0.5373755503382935,100.14,0.0,0.0
ddpg_paper_actor,490782600,79.31030097841114,0.01949250981455175,100.11000000000001,0.0,0.0
ddpg_paper_actor,490782600,80.97220687223682,0.7791393946142581,100.09,0.0,0.0
ddpg_paper_actor,490782600,83.01476609731608,0.5081153344739648,100.06,0.0,0.0
ddpg_paper_actor,490782600,84.57510844800007,0.32707480921897636,100.18,0.0,0.0
ddpg_paper_actor,490782600,87.00674376141872,0.8302498208031723,100.2,0.0,0.0
ddpg_paper_actor,490782600,95.0,0.2642917599839,100.18,0.0,0.0
ddpg_paper_actor,490782600,103.1076954733308,0.7004777877166559,100.12,0.0,0.0
ddpg_paper_actor,490782600,104.21519892424944,3.8814864947169547,100.09,0.0,0.0
ddpg_paper_actor,490782600,111.0,2.9772113817882575,99.87,0.23550748334841387,23.550748334841387
ddpg_paper_actor,490782600,112.58570527721017,3.4821047689318925,99.85000000000001,0.2589907680451091,25.899076804510912
ddpg_paper_actor,1443100545,0.0,3.642349801277643,100.05,0.0,0.0
ddpg_paper_actor,1443100545,5.300113481817172,21.0,100.09,0.0,0.0
ddpg_paper_actor,1443100545,10.0,0.9081043443452612,100.29,0.0,0.0
ddpg_paper_actor,1443100545,11.526002762821339,8.0,100.23,0.0,0.0
ddpg_paper_actor,1443100545,15.3176480557715,1.185496775130932,100.13000000000001,0.0,0.0
ddpg_paper_actor,1443100545,20.629889301149895,9.656449975496335,100.11000000000001,0.0,0.0
ddpg_paper_actor,1443100545,24.05899150100659,0.09873720723016116,100.05,0.0,0.0
ddpg_paper_actor,1443100545,27.0,0.5726409603764971,100.03,0.0,0.0
ddpg_paper_actor,1443100545,28.64799528148368,3.092313727566592,100.04,0.0,0.0
ddpg_paper_actor,1443100545,30.464044964764447,4.827111619865407,99.94,0.0,0.0
ddpg_paper_actor,1443100545,32.84159046685432,0.7366874068068168,100.04,0.0,0.0
ddpg_paper_actor,1443100545,34.61359433409016,16.0,100.03,0.0,0.0
ddpg_paper_actor,1443100545,36.42042220433952,0.3676773590410539,99.98,0.0,0.0
ddpg_paper_actor,1443100545,37.951130599964024,0.6813123721379395,99.97,0.0,0.0
ddpg_paper_actor,1443100545,44.74230574947508,2.6085329798430363,99.99000000000001,0.0,0.0
ddpg_paper_actor,1443100545,58.45832677331371,1.0549009062177195,100.25,0.0,0.0
ddpg_paper_actor,1443100545,59.648449088498644,0.7807691999459214,100.25,0.0,0.0
ddpg_paper_actor,1443100545,63.22544732487442,0.6462933381699237,100.24,0.0,0.0
ddpg_paper_actor,1443100545,68.65262626429563,4.343345366570374,100.23,0.0,0.0
ddpg_paper_actor,1443100545,74.00857920619933,4.098798961544228,100.23,0.0,0.0
ddpg_paper_actor,1443100545,75.0,12.094146452352934,100.17999999999999,0.0,0.0
ddpg_paper_actor,1443100545,77.36961024417792,0.5403632453787223,100.23,0.0,0.0
ddpg_paper_actor,1443100545,78.93645710872622,1.0158410545322747,100.24,0.0,0.0
ddpg_paper_actor,1443100545,80.00506710402634,1.0,100.27,0.0,0.0
ddpg_paper_actor,1443100545,81.51682989479535,1.0,100.27,0.0,0.0
ddpg_paper_actor,1498712734,0.0,5.099291113608362,100.03,0.0,0.0
ddpg_paper_actor,1498712734,3.0,6.0,100.12,0.0,0.0
ddpg_paper_actor,1498712734,6.643191377438186,0.2610564281756882,100.09,0.0,0.0
ddpg_paper_actor,1498712734,7.377833081042667,2.295612531640611,100.07,0.007544587556012061,0.7544587556012061
ddpg_paper_actor,1498712734,8.329679224223852,0.40549489584143256,100.10000000000001,0.007074400130235858,0.7074400130235858
ddpg_paper_actor,1498712734,9.0,1.8870819120219018,100.14,0.0,0.0
ddpg_paper_actor,1498712734,15.53109591878042,4.048522254317755,99.92,0.1189850944393811,11.89850944393811
ddpg_paper_actor,1498712734,19.22570783860507,24.81709528437517,99.88000000000001,0.1521317373064619,15.21317373064619
ddpg_paper_actor,1498712734,21.775246891687065,0.5835029830772384,99.81,0.18983802241949377,18.983802241949377
ddpg_paper_actor,1498712734,26.321352409323,0.21734812593085862,99.86000000000001,0.093081911090934,9.3081911090934
ddpg_paper_actor,1498712734,29.0,9.00772417143967,99.68,0.21908670470060088,21.908670470060088
ddpg_paper_actor,1498712734,38.58960225595289,0.155192656014056,99.48,0.3066582918808507,30.66582918808507
ddpg_paper_actor,1498712734,43.02673625306894,1.2013059015173044,99.56,0.12047322402857219,12.047322402857219
ddpg_paper_actor,1498712734,91.41651410544098,0.6990281997487102,99.22000000000001,0.1464279609636634,14.64279609636634
ddpg_paper_actor,1498712734,97.76955342104414,1.066361497963459,99.26,0.10665868654605504,10.665868654605504
ddpg_paper_actor,1498712734,103.04205049788214,1.4259981745300956,99.13000000000001,0.20162190032073113,20.162190032073113
ddpg_paper_actor,1498712734,105.15264561830136,1.0,99.2,0.1243699437252701,12.43699437252701
ddpg_paper_actor,1498712734,109.23634183070173,1.0,99.0,0.3292418332832341,32.92418332832341
ddpg_paper_actor,1177996475,0.0,0.34109749023811564,100.04,0.0,0.0
ddpg_paper_actor,1177996475,1.0,1.9447830108377249,100.07000000000001,0.0,0.0
ddpg_paper_actor,1177996475,2.0,0.05391810457404267,100.16000000000001,0.0,0.0
ddpg_paper_actor,1177996475,4.0,1.2520977207602446,100.17,0.13594442412288288,13.594442412288288
ddpg_paper_actor,1177996475,5.6872674377048344,1.800225878891556,100.16,0.05534098331708037,5.534098331708037
ddpg_paper_actor,1177996475,8.0,7.92636602289995,100.03,0.13433624111482345,13.433624111482345
ddpg_paper_actor,1177996475,10.0,3.3749016440465325,99.92,0.17107168615245882,17.107168615245882
ddpg_paper_actor,1177996475,12.751466554622416,1.0,99.92,0.15916109673483447,15.916109673483447
ddpg_paper_actor,1177996475,13.737152507180385,0.7633573703743955,99.93,0.12856114163105303,12.856114163105303
ddpg_paper_actor,1177996475,17.346667614883653,9.15447666615767,99.87,0.16556304962276158,16.556304962276158
ddpg_paper_actor,1177996475,19.53604351363927,6.2097341420319125,99.7,0.30412676100498004,30.412676100498004
ddpg_paper_actor,1177996475,20.64483922122277,1.085252593390901,99.63000000000001,0.30874005581655695,30.874005581655695
ddpg_paper_actor,1177996475,22.35711548553619,22.533942310424518,99.61000000000001,0.29252370379577997,29.252370379577997
ddpg_paper_actor,1177996475,37.12948464355524,3.0,99.65,0.14424066285194215,14.424066285194215
ddpg_paper_actor,1177996475,39.52235594772665,1.0,99.59,0.16736719740377737,16.736719740377737
ddpg_paper_actor,1177996475,42.56479647984087,1.0,99.55000000000001,0.1696284892311155,16.96284892311155
ddpg_paper_actor,1177996475,59.26507862441389,1.0,99.49000000000001,0.11844480477329,11.844480477329
ddpg_paper_actor,1177996475,60.0,0.4686570104153298,99.49000000000001,0.09669357739849715,9.669357739849715
ddpg_paper_actor,1177996475,66.89789993639312,8.018412783223784,99.51,0.003382627421231632,0.3382627421231632
ddpg_paper_actor,1177996475,69.55998367590614,2.0,99.46000000000001,0.03750348446871499,3.7503484468714987
ddpg_paper_actor,1177996475,71.7972940426331,0.6309695074253399,99.53,0.0,0.0
ddpg_paper_actor,1177996475,77.9628616602935,7.0,99.5,0.0,0.0
ddpg_paper_actor,1177996475,80.85089785155795,0.3309932121899154,99.53,0.0,0.0
ddpg_paper_actor,1177996475,82.312097074279,10.783461329863512,99.57000000000001,0.0,0.0
ddpg_paper_actor,1177996475,86.0,1.026182050095787,99.61000000000001,0.0,0.0
ddpg_paper_actor,1177996475,88.28791433321163,6.0,99.59,0.0,0.0
ddpg_paper_actor,377754040,0.0,2.347569446859281,100.05,0.0,0.0
ddpg_paper_actor,377754040,1.0,6.903942587490677,100.08,0.0,0.0
ddpg_paper_actor,377754040,3.967786107450033,1.0323492802254768,99.99,0.0,0.0
ddpg_paper_actor,377754040,5.076179093107826,8.038041593939536,99.92,0.0,0.0
ddpg_paper_actor,377754040,6.0,0.06373094561608716,99.9,0.0,0.0
ddpg_paper_actor,377754040,8.0,11.25789197647282,99.83,0.0,0.0
ddpg_paper_actor,377754040,11.044228345515315,5.800194532223756,99.76,0.0,0.0
ddpg_paper_actor,377754040,12.0,2.1192032918672776,99.81,0.0,0.0
ddpg_paper_actor,377754040,20.54256149547197,2.214923475564715,99.68,0.0,0.0
ddpg_paper_actor,377754040,28.51912193940234,3.2731010597763803,99.73,0.0,0.0
ddpg_paper_actor,377754040,32.64503415452655,0.7533077699370703,99.7,0.0,0.0
ddpg_paper_actor,377754040,33.27759519307088,8.174879176079914,99.69000000000001,0.0,0.0
ddpg_paper_actor,377754040,38.11921016980197,0.1313272843203352,99.72,0.0,0.0
ddpg_paper_actor,377754040,68.06028108223178,2.0,99.37,0.1809079806042888,18.09079806042888
ddpg_paper_actor,377754040,73.14715798853403,5.0,99.75999999999999,0.0,0.0
ddpg_paper_actor,377754040,75.80711610428554,1.272917472478154,99.74000000000001,0.0,0.0
ddpg_paper_actor,377754040,77.53569512294683,0.8577826105321001,99.65,0.0,0.0
ddpg_paper_actor,377754040,78.38446869517658,0.8887838668488641,99.68,0.0,0.0
ddpg_paper_actor,377754040,79.69132544971498,3.9031593993972793,99.65,0.0,0.0
ddpg_paper_actor,377754040,86.0,4.057874236943526,99.46000000000001,0.08531056916864088,8.531056916864088
ddpg_paper_actor,377754040,89.15699816093037,4.240611407055767,99.51,0.018431812173830053,1.8431812173830053
ddpg_paper_actor,377754040,91.14994789937239,0.03513061734894307,99.55000000000001,0.0,0.0
ddpg_paper_actor,377754040,93.02907104081952,8.848409665071927,99.54,0.0,0.0
ddpg_paper_actor,377754040,98.01682212743795,3.0053415028624437,99.58,0.0,0.0
ddpg_paper_actor,377754040,99.0,0.34506972093722915,99.52000000000001,0.0,0.0
ddpg_paper_actor,377754040,111.5390344182083,8.669363999596797,99.56,0.0,0.0
ddpg_paper_actor,377754040,117.0,0.9798423076870226,99.41,0.09173562123983459,9.173562123983459
ddpg_paper_actor,777786723,0.0,1.877371417778123,100.03,0.0,0.0
ddpg_paper_actor,777786723,2.9552521222763604,1.0814399623722033,100.02,0.0,0.0
ddpg_paper_actor,777786723,5.494373929944044,2.9464395785493673,100.17,0.0,0.0
ddpg_paper_actor,777786723,8.3565925060019,8.61040270786607,100.06,0.0,0.0
ddpg_paper_actor,777786723,10.578807237272565,0.6976155466656362,100.10000000000001,0.0,0.0
ddpg_paper_actor,777786723,11.0,2.510456434436535,100.10000000000001,0.0,0.0
ddpg_paper_actor,777786723,19.750816179098173,1.9546025045271334,100.21000000000001,0.0,0.0
ddpg_paper_actor,777786723,22.09988936206156,11.999999999999998,100.21,0.0,0.0
ddpg_paper_actor,777786723,26.043330887042423,9.218062378974746,100.19,0.0,0.0
ddpg_paper_actor,777786723,27.335127902128775,4.105195817805022,100.16,0.0,0.0
ddpg_paper_actor,777786723,30.01250653190423,3.318685700607065,100.16000000000001,0.0,0.0
ddpg_paper_actor,777786723,34.39470622974415,7.221586458491428,100.19,0.0,0.0
ddpg_paper_actor,777786723,41.0,6.60024740358605,100.14,0.0,0.0
ddpg_paper_actor,777786723,45.61297296683615,14.999999999999996,100.16,0.0,0.0
ddpg_paper_actor,777786723,54.4484552617745,3.317673777433431,100.23,0.0,0.0
ddpg_paper_actor,777786723,55.0,1.1218056772062583,100.15,0.0,0.0
ddpg_paper_actor,777786723,58.79008564715515,2.8949704084302104,100.2,0.0,0.0
ddpg_paper_actor,777786723,60.5984968573108,3.1212705165032437,100.19999999999999,0.0,0.0
ddpg_paper_actor,777786723,61.0,11.547776545091248,100.2,0.0,0.0
ddpg_paper_actor,305584639,0.0,0.14642260466614176,100.05,0.0,0.0
ddpg_paper_actor,305584639,3.444442412668254,12.0,100.27000000000001,0.0,0.0
ddpg_paper_actor,305584639,6.568519549995758,2.3161142711214597,100.32000000000001,0.0,0.0
ddpg_paper_actor,305584639,7.0,1.3050590373007342,100.28,0.0,0.0
ddpg_paper_actor,305584639,11.034720570328911,1.526964475232784,100.19000000000001,0.0,0.0
ddpg_paper_actor,305584639,13.0,1.3648257447200745,100.3,0.0,0.0
ddpg_paper_actor,305584639,14.14302584035098,0.27098371554530987,100.33000000000001,0.0,0.0
ddpg_paper_actor,305584639,18.501544110629204,1.2007792039133722,100.45,0.0,0.0
ddpg_paper_actor,305584639,22.634108021272166,5.909638890003642,100.41000000000001,0.0,0.0
ddpg_paper_actor,305584639,23.889784121643245,2.0,100.43,0.0,0.0
ddpg_paper_actor,305584639,27.76728662657304,2.6313539191819695,100.29,0.0,0.0
ddpg_paper_actor,305584639,28.48467262141538,0.8389778818742286,100.31,0.0,0.0
ddpg_paper_actor,305584639,29.883784238033517,0.896643710457661,100.27,0.0,0.0
ddpg_paper_actor,305584639,32.846357240903714,3.0,100.43,0.0,0.0
ddpg_paper_actor,305584639,34.135936635967894,0.7878287731006195,100.31,0.0,0.0
ddpg_paper_actor,305584639,37.92140606169059,1.1094032875902093,100.29,0.0,0.0
ddpg_paper_actor,305584639,40.322522753434264,0.6954919399058286,100.25999999999999,0.0,0.0
ddpg_paper_actor,305584639,41.82590950575168,1.0939300612369256,100.2,0.028752563619747207,2.8752563619747207
ddpg_paper_actor,305584639,42.265377308301886,2.159065295384954,100.22,0.006203844065566955,0.6203844065566955
ddpg_paper_actor,305584639,46.971304227686645,0.6772742849246084,100.34,0.0,0.0
ddpg_paper_actor,305584639,50.163529420146546,0.30907197557075416,100.2,0.033731906306215365,3.3731906306215365
ddpg_paper_actor,305584639,52.0,11.478183797121925,100.35000000000001,0.0,0.0
ddpg_paper_actor,305584639,55.024456186541094,2.7547986550137686,100.38,0.0,0.0
ddpg_paper_actor,305584639,56.0,12.0,100.37,0.0,0.0
ddpg_paper_actor,305584639,60.673624215277684,12.0,100.27000000000001,0.0,0.0
ddpg_paper_actor,305584639,65.20282551303517,2.909171396969064,100.25,0.010085595466591712,1.0085595466591712
ddpg_paper_actor,305584639,66.13166860198791,1.3158171222131434,100.21000000000001,0.05035072214216996,5.035072214216996
ddpg_paper_actor,305584639,67.0,1.0999127112945937,100.22,0.0347291183161218,3.47291183161218
ddpg_paper_actor,305584639,69.20618665214161,1.5393160470599017,100.30000000000001,0.0,0.0
ddpg_paper_actor,305584639,70.0,8.715961467179804,100.32000000000001,0.0,0.0
ddpg_paper_actor,305584639,75.07578655406137,1.5792344402992997,100.4,0.0,0.0
ddpg_paper_actor,305584639,83.06131115653567,2.0,100.36999999999999,0.0,0.0
ddpg_paper_actor,1906996800,0.0,3.7361216046888814,100.11,0.0,0.0
ddpg_paper_actor,1906996800,1.4399760703124818,1.2076816411822895,100.04,0.025892869472883717,2.5892869472883717
ddpg_paper_actor,1906996800,2.0,4.060311662842394,100.04,0.010292661943807957,1.0292661943807957
ddpg_paper_actor,1906996800,10.715269543750424,2.9407676178948106,100.08000000000001,0.0,0.0
ddpg_paper_actor,1906996800,12.014319677949494,3.845859413237016,100.15,0.0,0.0
ddpg_paper_actor,1906996800,15.0,1.9608832300175119,100.08999999999999,0.0,0.0
ddpg_paper_actor,1906996800,19.14637716593574,4.507434864129805,100.06,0.0,0.0
ddpg_paper_actor,1906996800,20.0,4.160533598714849,100.15,0.0,0.0
ddpg_paper_actor,1906996800,21.750775425808655,3.9943262464174563,100.13,0.0,0.0
ddpg_paper_actor,1906996800,26.302810688880378,1.3793658919973928,100.18,0.0,0.0
ddpg_paper_actor,1906996800,27.0,1.5094506907013512,100.18,0.0,0.0
ddpg_paper_actor,1906996800,28.0,0.16421864296275157,100.13,0.0,0.0
ddpg_paper_actor,1906996800,30.89386998416325,3.77121182399868,100.14,0.0,0.0
ddpg_paper_actor,1906996800,32.638052315358856,0.4829909740068603,100.14,0.0,0.0
ddpg_paper_actor,1906996800,33.33891886188345,0.6694833628570935,100.14999999999999,0.0,0.0
ddpg_paper_actor,1906996800,34.46542722528318,0.3069962487345943,100.13,0.0,0.0
ddpg_paper_actor,1906996800,36.601300829652864,9.0,100.12,0.0,0.0
ddpg_paper_actor,1906996800,38.739058703648574,9.14733285686668,100.13,0.0,0.0
ddpg_paper_actor,1906996800,41.10570811198957,8.516973563952547,100.14999999999999,0.0,0.0
ddpg_paper_actor,1906996800,42.298734047947136,4.016015467655992,100.13000000000001,0.0,0.0
ddpg_paper_actor,1906996800,43.38343267956275,2.6387018544808614,100.15,0.0,0.0
ddpg_paper_actor,1906996800,45.66186643644466,8.0,100.16000000000001,0.0,0.0
ddpg_paper_actor,1906996800,48.2749067499215,0.19707328003230018,100.12,0.0,0.0
ddpg_paper_actor,1906996800,50.25394374018871,4.414882964446655,100.11,0.0,0.0
ddpg_paper_actor,1906996800,61.17929888887783,14.0,100.1,0.0,0.0
ddpg_paper_actor,1906996800,62.13923244458894,1.0,100.07000000000001,0.0,0.0
ddpg_paper_actor,61127876,1.0,0.23850116269165075,100.14,0.0,0.0
ddpg_paper_actor,61127876,2.3547192069280083,1.2512287241572844,100.26,0.0,0.0
ddpg_paper_actor,61127876,3.1564448197980863,1.2421571705809373,100.3,0.0,0.0
ddpg_paper_actor,61127876,7.6434440273670585,6.747484670793854,100.3,0.0,0.0
ddpg_paper_actor,61127876,8.806629868170836,8.0,100.37,0.0,0.0
ddpg_paper_actor,61127876,10.0,1.7371503945970435,100.30000000000001,0.0,0.0
ddpg_paper_actor,61127876,12.816909039300397,3.483807912414229,100.41,0.0,0.0
ddpg_paper_actor,61127876,14.112351115114596,2.0621728036844336,100.38000000000001,0.0,0.0
ddpg_paper_actor,61127876,15.0,1.7970242348232355,100.38000000000001,0.0,0.0
ddpg_paper_actor,61127876,16.680157199439616,0.9340942570565866,100.36,0.0,0.0
ddpg_paper_actor,61127876,17.232735337019907,4.280885083495625,100.34,0.0,0.0
ddpg_paper_actor,61127876,18.997520728493992,9.0,100.26,0.05937983681950243,5.937983681950243
ddpg_paper_actor,61127876,23.72339281422751,7.499469133593774,100.31,0.03533521639492676,3.533521639492676
ddpg_paper_actor,61127876,24.052401992886345,6.274247416271358,100.35,0.004250465000339432,0.4250465000339432
ddpg_paper_actor,61127876,25.0,3.1674126691269633,100.36,0.0,0.0
ddpg_paper_actor,61127876,26.0,0.07381727153337864,100.36,0.0,0.0
ddpg_paper_actor,61127876,32.43243344666908,2.3021669113646523,100.35000000000001,0.021841613723438513,2.1841613723438513
ddpg_paper_actor,61127876,33.0,5.0,100.36,0.005863786511156377,0.5863786511156377
ddpg_paper_actor,61127876,36.866271094463706,2.0943200117669827,100.36999999999999,0.0,0.0
ddpg_paper_actor,61127876,37.44357109229489,2.770306476499148,100.35,0.01189264844167326,1.189264844167326
ddpg_paper_actor,61127876,38.44699586645209,3.6570577175325343,100.35000000000001,0.0023197601803701673,0.23197601803701673
ddpg_paper_actor,61127876,40.264176422027084,1.3059672136327736,100.43,0.0,0.0
ddpg_paper_actor,61127876,45.751275492846396,4.005995598274514,100.39999999999999,0.0,0.0
ddpg_paper_actor,61127876,46.8134152630924,0.9631729875832118,100.36,0.0,0.0
ddpg_paper_actor,61127876,57.85974403826182,0.9712040500181024,100.3,0.03970458384935682,3.9704583849356823
ddpg_paper_actor,61127876,58.99872449091703,0.6080760524052192,100.33,0.00372171016459788,0.372171016459788
ddpg_paper_actor,61127876,60.35779242262105,0.708526361176049,100.29,0.04784737552024865,4.784737552024865
ddpg_paper_actor,61127876,61.0175920238742,1.0258820115908869,100.23,0.11604126915659663,11.604126915659663
ddpg_paper_actor,61127876,63.0,2.0962636544902837,100.22,0.1407180208251333,14.07180208251333
ddpg_paper_actor,61127876,64.1338855349431,2.0051105162264373,100.2,0.15797046807388426,15.797046807388426
ddpg_paper_actor,61127876,65.38080977849187,12.0,100.17,0.18276684261431342,18.276684261431342
ddpg_paper_actor,347568478,0.0,6.001707979580335,100.11,0.0,0.0
ddpg_paper_actor,347568478,3.245800758563276,3.48367533107076,100.13000000000001,0.0,0.0
ddpg_paper_actor,347568478,4.156987505066592,5.171443399810344,100.18,0.0,0.0
ddpg_paper_actor,347568478,7.268184017779378,0.7070514175586367,100.14,0.0,0.0
ddpg_paper_actor,347568478,8.462350500699214,0.5462201168239278,100.2,0.0,0.0
ddpg_paper_actor,347568478,9.909782879832791,1.9209514518780935,100.27,0.0,0.0
ddpg_paper_actor,347568478,10.228435959589401,0.8333019319847557,100.28,0.0,0.0
ddpg_paper_actor,347568478,11.4253632936922,0.0342562354943248,100.27,0.0,0.0
ddpg_paper_actor,347568478,12.245522796876676,2.025842203612378,100.29,0.0,0.0
ddpg_paper_actor,347568478,27.381505560463822,3.0619242255350367,100.41,0.0,0.0
ddpg_paper_actor,347568478,28.0,2.4288258827239018,100.42,0.0,0.0
ddpg_paper_actor,347568478,32.166598565005636,2.684512867932424,100.39999999999999,0.0,0.0
ddpg_paper_actor,347568478,39.0,0.6112703687387594,100.4,0.0,0.0
ddpg_paper_actor,347568478,44.0,2.0,100.44000000000001,0.0,0.0
ddpg_paper_actor,347568478,46.38972369272626,2.3904900880959956,100.43,0.0,0.0
ddpg_paper_actor,347568478,47.28981265538168,1.0,100.47000000000001,0.0,0.0
ddpg_paper_actor,347568478,54.31845729637503,0.3708366933254267,100.45,0.0,0.0
ddpg_paper_actor,347568478,57.0,1.8079660911049849,100.5,0.0,0.0
ddpg_paper_actor,347568478,58.0,6.661036577340159,100.49,0.0,0.0
ddpg_paper_actor,347568478,68.44696995266483,13.550962888533064,100.43,0.0,0.0
ddpg_paper_actor,347568478,77.38221401978163,0.872277218706013,100.51,0.0,0.0
ddpg_paper_actor,347568478,84.87529865428024,1.2805157453958371,100.52000000000001,0.0,0.0
ddpg_paper_actor,347568478,88.3043644935986,1.9652259203267881,100.48,0.0,0.0
ddpg_paper_actor,347568478,93.25320293226966,1.3941480910924704,100.46000000000001,0.0,0.0
ddpg_paper_actor,347568478,96.48624505284752,1.720681894845582,100.45,0.0,0.0
ddpg_paper_actor,347568478,98.20642779399546,0.34741158175733877,100.47000000000001,0.0,0.0
ddpg_paper_actor,347568478,102.8454496074516,3.5861032705169156,100.57000000000001,0.0,0.0
ddpg_paper_actor,347568478,104.73541995685791,12.000000000000004,100.55000000000001,0.0,0.0
ddpg_paper_actor,703885857,3.963629862241679,4.589231300154117,99.93,0.0,0.0
ddpg_paper_actor,703885857,5.964342941193874,4.780529607658628,99.95,0.0,0.0
ddpg_paper_actor,703885857,7.105430512382162,1.1338404202730725,100.00999999999999,0.0,0.0
ddpg_paper_actor,703885857,12.27104840153064,3.504438451393046,100.0,0.0,0.0
ddpg_paper_actor,703885857,14.0,5.737678353765872,99.94,0.0,0.0
ddpg_paper_actor,703885857,15.0,5.0,99.91000000000001,0.0,0.0
ddpg_paper_actor,703885857,17.272520058112477,2.5391487311066894,99.97,0.0,0.0
ddpg_paper_actor,703885857,20.727894813961967,4.0,99.97,0.0,0.0
ddpg_paper_actor,703885857,25.08065453042425,6.0,100.04,0.0,0.0
ddpg_paper_actor,703885857,28.160106218962824,1.1104875135494399,100.0,0.0,0.0
ddpg_paper_actor,703885857,29.093422527085718,4.70750233861142,100.03,0.0,0.0
ddpg_paper_actor,703885857,37.80758127270822,0.9963868591245278,100.11,0.0,0.0
ddpg_paper_actor,703885857,41.62646183505102,2.6939401452832916,100.07,0.0,0.0
ddpg_paper_actor,703885857,44.480895565305545,6.218133734107571,100.05000000000001,0.0,0.0
ddpg_paper_actor,703885857,45.0,5.45488345492476,100.03,0.0,0.0
ddpg_paper_actor,703885857,51.6744473435412,0.5826151926218857,99.95,0.0,0.0
ddpg_paper_actor,703885857,52.92734430174247,2.1552552289609315,99.96,0.0,0.0
ddpg_paper_actor,703885857,53.237077576143434,0.3667272862820263,99.94,0.0,0.0
ddpg_paper_actor,703885857,61.23284211614784,9.541688441283299,99.91,0.0,0.0
ddpg_paper_actor,703885857,66.92159879926959,0.5379449324967692,99.87,0.0,0.0
ddpg_paper_actor,703885857,67.66027793856681,4.299516915001957,99.81,0.021043317425252894,2.1043317425252894
ddpg_paper_actor,703885857,70.59602626980192,0.9653846879260335,99.85000000000001,0.0,0.0
ddpg_paper_actor,703885857,73.39595685671924,9.078890329781196,99.86000000000001,0.0,0.0
ddpg_paper_actor,703885857,75.26138508207649,1.0578874540891745,99.96000000000001,0.0,0.0
ddpg_paper_actor,703885857,76.56793717569006,1.019495135018739,99.96,0.0,0.0
ddpg_paper_actor,703885857,77.57718343936293,1.0015136300719745,99.95,0.0,0.0
ddpg_paper_actor,703885857,79.22162396110276,1.9761051329447996,99.92,0.0,0.0
ddpg_paper_actor,703885857,84.23408251535781,1.6199333314015403,99.94000000000001,0.0,0.0
ddpg_paper_actor,703885857,85.69838304836549,1.1857971033511066,99.91,0.0,0.0
ddpg_paper_actor,703885857,89.82900425100101,1.5153373498339464,99.98,0.0,0.0
ddpg_paper_actor,703885857,90.13322243030794,0.5707460901178756,99.92,0.0,0.0
ddpg_paper_actor,703885857,93.0,0.9245668049025296,99.89,0.0,0.0
ddpg_paper_actor,703885857,94.0,3.0,99.89,0.0,0.0
ddpg_paper_actor,403339875,0.0,7.965253084624004,100.11,0.0,0.0
ddpg_paper_actor,403339875,4.0,1.110113238502473,100.02000000000001,0.0,0.0
ddpg_paper_actor,403339875,8.933490815199908,3.811933870312668,100.02000000000001,0.012019309729751626,1.2019309729751626
ddpg_paper_actor,403339875,10.0,0.38769120874036656,100.03000000000002,0.0,0.0
ddpg_paper_actor,403339875,11.0,0.11919548019346307,100.15,0.0,0.0
ddpg_paper_actor,403339875,12.782247885848822,8.724121486289283,100.05,0.0,0.0
ddpg_paper_actor,403339875,14.901935447994308,0.6446311443624158,100.09,0.0,0.0
ddpg_paper_actor,403339875,15.401198614535984,5.9749342777069625,100.14,0.0,0.0
ddpg_paper_actor,403339875,21.24358000724005,3.221936529082112,100.13,0.0,0.0
ddpg_paper_actor,403339875,22.714259387167388,0.3436636530443183,100.09,0.0,0.0
ddpg_paper_actor,403339875,25.881355620112835,0.8183528565072068,100.37,0.0,0.0
ddpg_paper_actor,403339875,27.205022183614588,2.339845510038916,100.35000000000001,0.0,0.0
ddpg_paper_actor,403339875,30.0,1.7616290515556379,100.39,0.0,0.0
ddpg_paper_actor,403339875,31.0,3.5330663111149594,100.39,0.0,0.0
ddpg_paper_actor,403339875,32.0,3.2854511047358215,100.38,0.0,0.0
ddpg_paper_actor,403339875,34.90834616297347,2.205728081019994,100.41000000000001,0.0,0.0
ddpg_paper_actor,403339875,36.02011075960795,6.165780324620849,100.42,0.0,0.0
ddpg_paper_actor,403339875,37.60416211985651,1.4092151131004869,100.41,0.0,0.0
ddpg_paper_actor,403339875,38.47052021454867,2.880928531053618,100.43,0.0,0.0
ddpg_paper_actor,403339875,43.1377676006564,1.547383111751323,100.42,0.0,0.0
ddpg_paper_actor,403339875,46.267107962121656,3.0,100.42,0.0,0.0
ddpg_paper_actor,403339875,51.26898958228245,6.2945356744631145,100.44,0.0,0.0
ddpg_paper_actor,403339875,59.33424717472231,3.7982931120943144,100.46,0.0,0.0
ddpg_paper_actor,403339875,60.86479186254009,1.0,100.48,0.0,0.0
ddpg_paper_actor,403339875,65.39734387780689,5.0761790725307545,100.48,0.0,0.0
ddpg_paper_actor,403339875,68.84937245305503,1.2783727659873971,100.47,0.0,0.0
ddpg_paper_actor,403339875,70.8451645783026,0.10929268845314966,100.44,0.0,0.0
ddpg_paper_actor,403339875,72.08394429012196,0.5800030181296167,100.47999999999999,0.0,0.0
ddpg_paper_actor,403339875,73.0,1.987675880039257,100.47999999999999,0.0,0.0
ddpg_paper_actor,403339875,79.29954544523395,1.7219210648584076,100.52,0.0,0.0
ddpg_paper_actor,403339875,80.97363386141413,3.3074839866093164,100.50999999999999,0.0,0.0
ddpg_paper_actor,403339875,86.79635844978851,1.5573494577133395,100.42,0.0,0.0
ddpg_paper_actor,403339875,89.6748794200924,12.0,100.41000000000001,0.0,0.0
ddpg_paper_actor,149372970,1.8881992181117524,5.751213925265711,99.91000000000001,0.023887509672206875,2.3887509672206875
ddpg_paper_actor,149372970,8.0,0.3651805452457629,100.0,0.0,0.0
ddpg_paper_actor,149372970,10.371297462754193,0.7571817855397798,99.87,0.03502857613142396,3.502857613142396
ddpg_paper_actor,149372970,12.246781350547558,2.0,99.64,0.23751398604842677,23.751398604842677
ddpg_paper_actor,149372970,18.0,1.0213689864789774,99.5,0.26025827558760284,26.025827558760284
ddpg_paper_actor,149372970,30.240023162361148,3.0,99.18,0.2548539800010161,25.48539800010161
ddpg_paper_actor,149372970,34.69947737214319,9.83086475430588,99.27000000000001,0.12533201432295016,12.533201432295016
ddpg_paper_actor,149372970,42.18359551828546,0.791954238697424,99.17,0.17999989726153842,17.999989726153842
ddpg_paper_actor,149372970,44.33539634322834,0.22191411366148645,99.15,0.13121730512408192,13.121730512408192
ddpg_paper_actor,149372970,48.04626698249025,12.329067621288885,99.30000000000001,0.0,0.0
ddpg_paper_actor,149372970,49.0,3.290978723430064,99.29,0.0,0.0
ddpg_paper_actor,149372970,50.0,1.0676312264554317,99.3,0.0,0.0
ddpg_paper_actor,149372970,51.99850396081366,1.4011509077337436,99.24000000000001,0.0,0.0
ddpg_paper_actor,149372970,53.553366180403664,14.38234809940296,99.25,0.0,0.0
ddpg_paper_actor,149372970,54.23127299309693,2.0,99.23,0.0,0.0
ddpg_paper_actor,149372970,56.46019212848379,4.0,99.32000000000001,0.0,0.0
ddpg_paper_actor,149372970,61.92483818052861,11.240011576109598,99.35000000000001,0.0,0.0
ddpg_paper_actor,149372970,65.95715945942658,0.32811062168626104,99.41000000000001,0.0,0.0
ddpg_paper_actor,149372970,69.08734224949188,2.0,99.41000000000001,0.0,0.0
ddpg_paper_actor,149372970,74.13051304898946,3.4343080662046717,99.4,0.0,0.0
ddpg_paper_actor,149372970,79.95676051561051,2.5248588167139197,99.3,0.0,0.0
ddpg_paper_actor,149372970,84.69172114165069,2.440924643960496,99.4,0.0,0.0
ddpg_paper_actor,149372970,85.47682615298172,0.7781215358932541,99.39,0.0,0.0
ddpg_paper_actor,149372970,92.53604442421204,3.0,99.47,0.0,0.0
ddpg_paper_actor,149372970,94.89087726290751,5.76784881394328,99.46,0.0,0.0
ddpg_paper_actor,149372970,101.14391249974125,1.0,99.55,0.0,0.0
ddpg_paper_actor,149372970,105.29639557780025,2.9804720666825966,99.58000000000001,0.0,0.0
ddpg_paper_actor,149372970,109.25186655652143,1.732847483735196,99.47,0.0,0.0
ddpg_paper_actor,1225951174,0.0,2.325732914988337,100.04,0.0,0.0
ddpg_paper_actor,1225951174,1.9632976165014602,0.8690539160601335,100.21,0.0,0.0
ddpg_paper_actor,1225951174,2.4637023111265695,3.4206575529632044,100.16000000000001,0.0,0.0
ddpg_paper_actor,1225951174,5.0,1.9914624180863596,100.14,0.0,0.0
ddpg_paper_actor,1225951174,6.0,3.626079547618537,100.14,0.0,0.0
ddpg_paper_actor,1225951174,7.202352093683308,5.78906522107303,100.17,0.0,0.0
ddpg_paper_actor,1225951174,8.0,2.3587267316933906,100.2,0.0,0.0
ddpg_paper_actor,1225951174,10.715944710530033,0.989608818103136,100.12,0.02024752009417341,2.024752009417341
ddpg_paper_actor,1225951174,13.625653789658195,4.336413065278881,100.01,0.13210929360573687,13.210929360573687
ddpg_paper_actor,1225951174,16.092378584442315,4.839210859272543,100.15,0.0,0.0
ddpg_paper_actor,1225951174,21.704370573605495,9.482878615908456,100.17,0.0,0.0
ddpg_paper_actor,1225951174,23.921316695792477,1.4798642963696016,100.19,0.0,0.0
ddpg_paper_actor,1225951174,25.343889283653414,7.817059296086322,100.24,0.0,0.0
ddpg_paper_actor,1225951174,29.674550551802824,4.622794229927618,100.22,0.0,0.0
ddpg_paper_actor,1225951174,38.0,3.658408172915395,100.32000000000001,0.0,0.0
ddpg_paper_actor,1225951174,40.442346408730415,1.1593498943120426,100.33,0.0,0.0
ddpg_paper_actor,1225951174,46.53318302744331,1.0197413460905382,100.33,0.0,0.0
ddpg_paper_actor,1225951174,47.0,1.4579932099744823,100.32000000000001,0.0,0.0
ddpg_paper_actor,1225951174,53.61952493101839,1.2951791163915234,100.27000000000001,0.0,0.0
ddpg_paper_actor,1225951174,56.0,3.9583758282548005,100.28,0.0,0.0
ddpg_paper_actor,1225951174,61.50175520087453,4.402560857902323,100.22,0.0,0.0
ddpg_paper_actor,1225951174,68.9291746012742,1.248397521010603,100.30000000000001,0.0,0.0
ddpg_paper_actor,1225951174,70.40795818918134,6.675622024402333,100.32000000000001,0.0,0.0
ddpg_paper_actor,1225951174,71.9224125007235,1.1984161385603127,100.31,0.0,0.0
ddpg_paper_actor,1225951174,73.82586284485912,6.569802163620121,100.31,0.0,0.0
ddpg_paper_actor,1225951174,82.92550855628163,6.827033129220195,100.34,0.0,0.0
ddpg_paper_actor,1225951174,93.17695344436774,0.562447678433563,100.31,0.0,0.0
ddpg_paper_actor,1225951174,98.57726357288192,1.4804140549221578,100.32,0.0,0.0
ddpg_paper_actor,1225951174,100.1781930731679,1.663541672245795,100.33000000000001,0.0,0.0
ddpg_paper_actor,1225951174,103.49330854166216,0.5659997680967075,100.31,0.0,0.0
ddpg_paper_actor,1225951174,106.42821344683631,2.0,100.34,0.0,0.0
ddpg_paper_actor,1090959807,0.0,5.366984832088268,100.11,0.0,0.0
ddpg_paper_actor,1090959807,1.0,1.9078238603314785,100.15,0.0,0.0
ddpg_paper_actor,1090959807,4.38193679589698,2.7319983804667687,100.13,0.0,0.0
ddpg_paper_actor,1090959807,6.341465710094361,2.4366778898163566,100.19,0.0,0.0
ddpg_paper_actor,1090959807,8.20093649587421,5.521466068738526,100.21000000000001,0.0,0.0
ddpg_paper_actor,1090959807,10.91045549963141,1.300856882267982,100.14,0.0,0.0
ddpg_paper_actor,1090959807,11.52178539929567,1.2799517108035194,100.2,0.0,0.0
ddpg_paper_actor,1090959807,12.856948151960555,1.4642009046559918,100.08,0.0,0.0
ddpg_paper_actor,1090959807,13.039812493310633,5.907049525790077,100.13,0.0,0.0
ddpg_paper_actor,1090959807,15.317109913542954,2.32718962225285,100.19,0.0,0.0
ddpg_paper_actor,1090959807,23.516413401831024,0.5552258911192168,100.00999999999999,0.024344631882996737,2.4344631882996737
ddpg_paper_actor,1090959807,26.434171376768273,1.080899680295719,100.02,0.0,0.0
ddpg_paper_actor,1090959807,39.68343950027463,2.3141239365193007,100.39,0.0,0.0
ddpg_paper_actor,1090959807,43.505562818021495,7.0,100.36,0.0,0.0
ddpg_paper_actor,1090959807,47.04449730169541,9.317839683020313,100.36,0.0,0.0
ddpg_paper_actor,1090959807,49.48916230576794,6.437564713836453,100.36999999999999,0.0,0.0
ddpg_paper_actor,1090959807,57.4762637900393,4.8765946060058605,100.56,0.0,0.0
ddpg_paper_actor,1090959807,63.49667855616107,3.2516775871059402,100.5,0.0,0.0
ddpg_paper_actor,1090959807,67.03507878625706,1.1032873178987488,100.54,0.0,0.0
ddpg_paper_actor,1090959807,68.0,14.0,100.56,0.0,0.0
ddpg_paper_actor,1090959807,71.0,0.7858386172339041,100.53,0.0,0.0
ddpg_paper_actor,1090959807,73.03586831936488,1.1244440808610712,100.58,0.0,0.0
ddpg_paper_actor,1090959807,75.36870134806877,1.799467187708752,100.57,0.0,0.0
ddpg_paper_actor,1090959807,77.07971028561485,2.0,100.57,0.0,0.0
ddpg_paper_actor,1090959807,78.32109762780817,1.8255891821519625,100.58,0.0,0.0
ddpg_paper_actor,1090959807,79.61001563350243,0.713379491571821,100.51,0.0,0.0
ddpg_paper_actor,1090959807,81.34978386331207,3.0,100.50999999999999,0.0,0.0
ddpg_paper_actor,1090959807,83.45373945146564,1.6476785406955172,100.57000000000001,0.0,0.0
ddpg_paper_actor,1090959807,88.67331284281664,1.5271508846357063,100.57,0.0,0.0
ddpg_paper_actor,1090959807,90.05396020818696,1.0,100.53000000000002,0.0,0.0
ddpg_paper_actor,1090959807,96.4411238394354,4.0,100.58999999999999,0.0,0.0
ddpg_paper_actor,1139004766,0.0,1.3702413968870764,100.12,0.0,0.0
ddpg_paper_actor,1139004766,1.7838659167142517,1.0691787327092768,100.03,0.0,0.0
ddpg_paper_actor,1139004766,2.5443675462826127,3.6928709872643544,100.05,0.0,0.0
ddpg_paper_actor,1139004766,3.7205146519094274,0.9839654584669383,100.08999999999999,0.0,0.0
ddpg_paper_actor,1139004766,6.205056823965597,0.021201405667979234,100.12,0.0,0.0
ddpg_paper_actor,1139004766,7.0,0.3421724793850885,100.13000000000001,0.0,0.0
ddpg_paper_actor,1139004766,14.030463545359419,1.1868766985127586,100.19,0.0,0.0
ddpg_paper_actor,1139004766,16.341361433631583,11.0,100.15,0.0,0.0
ddpg_paper_actor,1139004766,17.218954737331813,7.0,100.14,0.0,0.0
ddpg_paper_actor,1139004766,19.464224568123498,1.0254456131382748,100.27,0.0,0.0
ddpg_paper_actor,1139004766,20.511755998068743,2.3565660469842116,100.32000000000001,0.0,0.0
ddpg_paper_actor,1139004766,21.18152099214525,0.5446313412397243,100.27000000000001,0.0,0.0
ddpg_paper_actor,1139004766,24.091945526759478,0.06255041754583596,100.33000000000001,0.0,0.0
ddpg_paper_actor,1139004766,25.316502262537686,0.14879510510155639,100.32000000000001,0.0,0.0
ddpg_paper_actor,1139004766,26.0,2.5689915252439586,100.32000000000001,0.0,0.0
ddpg_paper_actor,1139004766,33.0,0.7228168264278918,100.36000000000001,0.0,0.0
ddpg_paper_actor,1139004766,37.0,2.9240071954398603,100.35000000000001,0.0,0.0
ddpg_paper_actor,1139004766,38.0,7.570313284641109,100.28999999999999,0.0,0.0
ddpg_paper_actor,1139004766,41.71268038415106,0.878437608388156,100.31,0.0,0.0
ddpg_paper_actor,1139004766,42.02702370338819,0.7579338376481985,100.27,0.0,0.0
ddpg_paper_actor,1139004766,43.0,14.0,100.28,0.0,0.0
ddpg_paper_actor,1139004766,44.0,1.5677807702256552,100.3,0.0,0.0
ddpg_paper_actor,1139004766,47.0,5.0,100.36,0.0,0.0
ddpg_paper_actor,1139004766,48.0,0.7300660763346036,100.33000000000001,0.0,0.0
ddpg_paper_actor,1139004766,49.54317446162863,0.595982650318917,100.32000000000001,0.0,0.0
ddpg_paper_actor,1139004766,52.28602659567508,2.207396815702719,100.36,0.0,0.0
ddpg_paper_actor,1139004766,53.325598911397236,1.1195234504491969,100.36,0.0,0.0
ddpg_paper_actor,1139004766,55.0,3.24105958374691,100.38,0.0,0.0
ddpg_paper_actor,1139004766,57.726083117963526,1.2272675681892693,100.38,0.0,0.0
ddpg_paper_actor,1139004766,58.437855991449936,1.3295226865036494,100.38,0.0,0.0
ddpg_paper_actor,1139004766,61.04809896825241,0.46857815036747597,100.42,0.0,0.0
ddpg_paper_actor,1139004766,62.0,2.5546775991013426,100.39,0.0,0.0
ddpg_paper_actor,1139004766,63.0,6.263234846976037,100.36,0.0,0.0
ddpg_paper_actor,1139004766,69.10707427126208,4.083898586904648,100.30000000000001,0.0,0.0
ddpg_paper_actor,1139004766,74.4093733339796,3.0,100.46,0.0,0.0
ddpg_paper_actor,1139004766,75.0,1.0,100.46,0.0,0.0
ddpg_paper_actor,1139004766,77.0,1.0,100.51,0.0,0.0
ddpg_paper_actor,1139004766,78.0,1.0,100.42,0.0,0.0
ddpg_paper_actor,1139004766,80.22781722456492,1.0,100.46000000000001,0.0,0.0
ddpg_paper_actor,1139004766,85.43872444314532,0.933462778215349,100.39999999999999,0.0,0.0
ddpg_paper_actor,1139004766,86.16023094952406,0.3694765212842943,100.39,0.0,0.0
ddpg_paper_actor,1139004766,88.5604521331267,0.2409504092941414,100.42999999999999,0.0,0.0
ddpg_paper_actor,78312607,0.0,2.2689849186330346,100.11,0.0,0.0
ddpg_paper_actor,78312607,2.4667428562618468,2.1210753790064447,100.03999999999999,0.0,0.0
ddpg_paper_actor,78312607,3.0,7.493511403014866,100.14999999999999,0.0,0.0
ddpg_paper_actor,78312607,7.259008090537328,0.6217797620822791,100.12,0.0,0.0
ddpg_paper_actor,78312607,8.0,1.5867781764366107,100.18,0.0,0.0
ddpg_paper_actor,78312607,9.314488659239283,2.3349699369319517,100.16000000000001,0.0,0.0
ddpg_paper_actor,78312607,15.060846556102316,0.8007756215612531,100.08,0.0,0.0
ddpg_paper_actor,78312607,19.37670600918019,7.887973664302152,100.11999999999999,0.0,0.0
ddpg_paper_actor,78312607,21.51789432052787,10.17320909027238,100.04,0.0,0.0
ddpg_paper_actor,78312607,22.018501371117164,2.022757740577625,100.07,0.0,0.0
ddpg_paper_actor,78312607,24.117111184079732,0.6328243025075025,100.02,0.0,0.0
ddpg_paper_actor,78312607,26.0457909493999,0.7399709666870089,100.08,0.0,0.0
ddpg_paper_actor,78312607,31.09507351391329,7.975633423317985,100.00000000000001,0.0635226805806326,6.35226805806326
ddpg_paper_actor,78312607,34.98260004413471,1.1361830665825012,100.08000000000001,0.0,0.0
ddpg_paper_actor,78312607,37.7743467778193,3.683748856811083,100.06,0.0,0.0
ddpg_paper_actor,78312607,40.825381615714896,4.902412217568084,100.13000000000001,0.0,0.0
ddpg_paper_actor,78312607,42.82719522368578,7.25861196816063,100.13,0.0,0.0
ddpg_paper_actor,78312607,47.71059206567308,0.5679015246662034,100.25,0.0,0.0
ddpg_paper_actor,78312607,50.679808541742496,4.036482247929946,100.16000000000001,0.0,0.0
ddpg_paper_actor,78312607,59.17168666669567,0.1764751999377343,100.29,0.0,0.0
ddpg_paper_actor,78312607,63.363953682930166,0.21731073402533876,100.25999999999999,0.0,0.0
ddpg_paper_actor,78312607,66.54410102174992,0.3511070145270152,100.21,0.0,0.0
ddpg_paper_actor,78312607,67.48175024873656,11.664369033821572,100.14,0.0,0.0
ddpg_paper_actor,78312607,69.82698392368346,4.182528408689313,100.26,0.0,0.0
ddpg_paper_actor,78312607,71.5956056628143,4.081932977718679,100.19000000000001,0.0,0.0
ddpg_paper_actor,78312607,75.46894557125108,0.7834542383889184,100.23,0.0,0.0
ddpg_paper_actor,78312607,76.83355950613281,5.0,100.30000000000001,0.0,0.0
ddpg_paper_actor,78312607,79.76737245009214,0.7255920284487788,100.4,0.0,0.0
ddpg_paper_actor,78312607,81.37524273449525,0.6560412671354322,100.33,0.0,0.0
ddpg_paper_actor,78312607,84.0,1.0,100.50999999999999,0.0,0.0
ddpg_paper_actor,78312607,104.0,1.406345254164484,100.55000000000001,0.0,0.0
ddpg_paper_actor,78312607,108.0,1.0,100.52,0.0,0.0
ddpg_paper_actor,1033510371,0.0,1.0,100.04,0.0,0.0
ddpg_paper_actor,1033510371,1.026814243179716,1.491400820855511,100.06,0.0,0.0
ddpg_paper_actor,1033510371,3.0766736344974697,4.114359037970155,100.07000000000001,0.0,0.0
ddpg_paper_actor,1033510371,8.018695446275013,8.0,100.08,0.0,0.0
ddpg_paper_actor,1033510371,9.0,1.0,100.21000000000001,0.0,0.0
ddpg_paper_actor,1033510371,10.590412012110104,0.6362967740863583,100.06,0.0,0.0
ddpg_paper_actor,1033510371,17.0,5.853875095055888,100.22,0.0,0.0
ddpg_paper_actor,1033510371,19.0,0.21341836841780315,100.17999999999999,0.0,0.0
ddpg_paper_actor,1033510371,22.00908041613002,7.491134098713433,100.21,0.0,0.0
ddpg_paper_actor,1033510371,26.82689558586563,2.581785279242325,100.09,0.01840541177182331,1.840541177182331
ddpg_paper_actor,1033510371,28.67567465283,17.0,100.11,0.01691335837452357,1.6913358374523568
ddpg_paper_actor,1033510371,30.97173613176189,5.070176669951827,100.1,0.010864334740929849,1.0864334740929849
ddpg_paper_actor,1033510371,33.507502233336844,6.0,100.16,0.0,0.0
ddpg_paper_actor,1033510371,38.06777537490622,0.6346119446321384,100.17,0.0,0.0
ddpg_paper_actor,1033510371,39.45044883733568,4.378530891020786,100.16,0.0,0.0
ddpg_paper_actor,1033510371,44.909423657815545,3.374470612671167,100.17999999999999,0.0,0.0
ddpg_paper_actor,1033510371,46.369690886174844,0.1565243890094975,100.13,0.0,0.0
ddpg_paper_actor,1033510371,47.01777664136932,14.381039871373247,100.14,0.0,0.0
ddpg_paper_actor,1033510371,49.70616924204911,3.5730907229854534,100.14,0.0,0.0
ddpg_paper_actor,1033510371,51.23378193904475,8.0,100.2,0.0,0.0
ddpg_paper_actor,1033510371,54.25378943860889,0.8382397063877628,100.06,0.057515030460237426,5.751503046023743
ddpg_paper_actor,1033510371,60.89766353361594,0.010498258903563262,100.41,0.0,0.0
ddpg_paper_actor,1033510371,61.27270591453188,0.8711907608680575,100.41,0.0,0.0
ddpg_paper_actor,1033510371,64.25303678606384,0.41533298288429854,100.38,0.0,0.0
ddpg_paper_actor,1033510371,65.08449881428685,0.3422812972744231,100.35,0.0,0.0
ddpg_paper_actor,1033510371,66.0,2.0,100.32000000000001,0.0,0.0
ddpg_paper_actor,2102468923,0.0,5.08413778653438,100.05,0.0,0.0
ddpg_paper_actor,2102468923,1.0,0.07106479288391743,100.1,0.0,0.0
ddpg_paper_actor,2102468923,2.8261386960350743,4.0,100.2,0.0,0.0
ddpg_paper_actor,2102468923,6.06364829411743,4.820628700562594,100.23,0.0,0.0
ddpg_paper_actor,2102468923,7.974780890824999,0.7573344605311382,100.19000000000001,0.0,0.0
ddpg_paper_actor,2102468923,11.882614737225962,0.7152465059676645,100.4,0.0,0.0
ddpg_paper_actor,2102468923,13.711334589789772,4.507201256689529,100.29,0.0,0.0
ddpg_paper_actor,2102468923,15.67228971079862,0.5455644651803095,100.26,0.0,0.0
ddpg_paper_actor,2102468923,17.514084976186265,10.0,100.38,0.0,0.0
ddpg_paper_actor,2102468923,29.469893389997136,4.011513534254442,100.49000000000001,0.0,0.0
ddpg_paper_actor,2102468923,31.65590604594135,2.7504837422213635,100.52000000000001,0.0,0.0
ddpg_paper_actor,2102468923,34.643969483859166,1.0,100.53,0.0,0.0
ddpg_paper_actor,2102468923,35.948705527714765,1.539252994784878,100.58000000000001,0.0,0.0
ddpg_paper_actor,2102468923,40.57375806906411,0.3275961323001493,100.67,0.0,0.0
ddpg_paper_actor,2102468923,46.106258774325674,3.0655609075285075,100.69000000000001,0.0,0.0
ddpg_paper_actor,2102468923,54.2050003323795,5.0,100.74000000000001,0.0,0.0
ddpg_paper_actor,2102468923,62.17065776535585,0.9421378795753842,100.73,0.0,0.0
ddpg_paper_actor,2102468923,63.09185044162329,0.373058317514129,100.78,0.0,0.0
ddpg_paper_actor,2102468923,64.0,0.033089621396165364,100.75,0.0,0.0
ddpg_paper_actor,2102468923,66.0,1.0,100.83000000000001,0.0,0.0
ddpg_paper_actor,2102468923,67.699094216289,3.177501826508186,100.83000000000001,0.0,0.0
ddpg_paper_actor,2102468923,74.22658938644211,1.0,100.85000000000001,0.0,0.0
ddpg_paper_actor,2102468923,75.65744492430115,1.9160769959068324,100.84,0.0,0.0
ddpg_paper_actor,2102468923,80.33981911896097,2.2769163549719535,100.86,0.0,0.0
ddpg_paper_actor,2102468923,81.0,2.0,100.86,0.0,0.0
ddpg_paper_actor,2102468923,86.85538978040164,1.066620509557819,100.89,0.0,0.0
ddpg_paper_actor,2102468923,88.16522856260838,1.0,100.9,0.0,0.0
ddpg_paper_actor,2102468923,90.86647573980302,1.8776308996334639,100.87,0.0,0.0
ddpg_paper_actor,2102468923,92.67661865159148,1.5484788780230665,100.84,0.0,0.0
ddpg_paper_actor,2102468923,95.80515237442332,3.891353565347179,100.73,0.0,0.0
ddpg_paper_actor,2102468923,97.45526433308214,0.11748247955690849,100.73,0.0,0.0
ddpg_paper_actor,2102468923,98.0,3.431023158409033,100.76,0.0,0.0
ddpg_paper_actor,2102468923,99.0,2.0,100.78,0.0,0.0
ddpg_paper_actor,2102468923,100.02418724032573,2.0,100.80000000000001,0.0,0.0
ddpg_paper_actor,2102468923,105.44018279791895,0.6238666402518505,100.84,0.0,0.0
ddpg_paper_actor,2102468923,106.0,0.7081655144606391,100.84,0.0,0.0
ddpg_paper_actor,2102468923,107.0,1.5462422257877109,100.82,0.0,0.0
ddpg_paper_actor,2102468923,108.0,0.8819408926331116,100.81,0.0,0.0
ddpg_paper_actor,2102468923,109.46867723091924,1.7332732584614914,100.83,0.0,0.0
ddpg_paper_actor,2102468923,110.42167936470256,0.7848783869657354,100.75,0.0,0.0
ddpg_paper_actor,2102468923,111.71932531949842,2.0,100.80000000000001,0.0,0.0
ddpg_paper_actor,2102468923,113.15462961958153,1.6590971942199995,100.75,0.0,0.0
ddpg_paper_actor,2102468923,114.0,1.6119353238073526,100.73,0.0,0.0
ddpg_paper_actor,2102468923,115.0,2.0,100.76,0.0,0.0
ddpg_paper_actor,2102468923,119.0,2.0,100.84,0.0,0.0
ddpg_paper_actor,1290731514,0.0,1.1137185145821433,100.1,0.0,0.0
ddpg_paper_actor,1290731514,2.0,2.7690456207605676,100.06,0.016179585827018172,1.6179585827018172
ddpg_paper_actor,1290731514,3.908633189121763,0.8161805033511789,100.02000000000001,0.026858031945621974,2.6858031945621974
ddpg_paper_actor,1290731514,5.241700160230915,23.078757246255023,100.12,0.0,0.0
ddpg_paper_actor,1290731514,10.942244207751012,0.40626074971483495,100.0,0.03656016875432044,3.6560168754320443
ddpg_paper_actor,1290731514,11.162665318563052,1.650417330429488,100.02000000000001,0.0,0.0
ddpg_paper_actor,1290731514,12.0,3.0,99.97,0.030538200305855412,3.053820030585541
ddpg_paper_actor,1290731514,13.0,0.9467682561091666,100.01,0.015408775007500708,1.5408775007500708
ddpg_paper_actor,1290731514,14.0,2.067086706388868,100.03999999999999,0.0,0.0
ddpg_paper_actor,1290731514,15.094030416317176,7.0,99.99000000000001,0.025580874883345928,2.5580874883345928
ddpg_paper_actor,1290731514,17.053059686028202,2.8298359800054866,100.09,0.0,0.0
ddpg_paper_actor,1290731514,18.277907038952605,1.1539490090285067,100.02000000000001,0.06300090127281521,6.300090127281521
ddpg_paper_actor,1290731514,19.075347140059577,5.0,100.09,0.0,0.0
ddpg_paper_actor,1290731514,20.0,2.038162594526366,100.08999999999999,0.012449168865543925,1.2449168865543925
ddpg_paper_actor,1290731514,22.0151412648952,0.5908108197897184,100.06,0.02825253460778754,2.825253460778754
ddpg_paper_actor,1290731514,23.0,0.03036016725665297,99.94000000000001,0.1425180993852848,14.251809938528481
ddpg_paper_actor,1290731514,28.225649427331884,2.417149039164018,99.81,0.30470843202782305,30.470843202782305
ddpg_paper_actor,1290731514,33.01775418129376,2.0,99.85,0.2166549053979736,21.66549053979736
ddpg_paper_actor,1290731514,34.0,1.6384362404528845,99.95,0.08372686475109958,8.372686475109958
ddpg_paper_actor,1290731514,36.43565520962513,0.017204956507442637,99.98,0.0684768853173523,6.84768853173523
ddpg_paper_actor,1290731514,43.20772289178928,0.8008552083688703,99.84,0.1639664564607699,16.39664564607699
ddpg_paper_actor,1290731514,51.0,16.55385194538868,99.95,0.008094776610931831,0.8094776610931831
ddpg_paper_actor,1290731514,54.949397064424076,3.3423380292106133,100.00999999999999,0.0,0.0
ddpg_paper_actor,1290731514,58.354237768501996,3.7885077521519186,100.10000000000001,0.0,0.0
ddpg_paper_actor,1290731514,59.17231184391264,1.0652969781766863,100.17,0.0,0.0
ddpg_paper_actor,1290731514,60.550755388072425,0.8123645503450406,100.19000000000001,0.0,0.0
ddpg_paper_actor,1290731514,64.18540390907384,6.8018603473516634,100.12,0.0,0.0
ddpg_paper_actor,1290731514,67.53162770329472,3.25417518483413,100.11,0.0,0.0
ddpg_paper_actor,1290731514,68.35413725058851,3.0,100.14,0.0,0.0
ddpg_paper_actor,914900708,2.084388952625706,2.0569442735120886,100.07000000000001,0.0,0.0
ddpg_paper_actor,914900708,3.526047169228758,1.3334874980718003,100.08000000000001,0.00926831464043687,0.926831464043687
ddpg_paper_actor,914900708,4.5412760088468,3.4547846923272854,100.05,0.0,0.0
ddpg_paper_actor,914900708,6.338212345010966,3.641441384022496,99.95,0.0095065603715625,0.95065603715625
ddpg_paper_actor,914900708,8.180001896195385,3.24110824261627,100.03,0.0,0.0
ddpg_paper_actor,914900708,9.107930492080373,3.248467016877789,99.9,0.1955886894784129,19.55886894784129
ddpg_paper_actor,914900708,10.602813574054643,1.0,99.83,0.25945220797623847,25.945220797623847
ddpg_paper_actor,914900708,12.0,5.801734188986729,100.01,0.1010144521855807,10.10144521855807
ddpg_paper_actor,914900708,20.341652846221493,1.0,99.66,0.32710414254647446,32.710414254647446
ddpg_paper_actor,914900708,25.8153435311893,0.008944416336090666,99.85000000000001,0.07412046661639238,7.412046661639238
ddpg_paper_actor,914900708,27.100505297826984,2.0152098860592638,99.82,0.0827480453345828,8.27480453345828
ddpg_paper_actor,914900708,31.257442646516136,0.07134271951400814,99.69000000000001,0.17337186069376287,17.337186069376287
ddpg_paper_actor,914900708,32.40055381081583,22.174086774816896,99.79,0.06768714430839395,6.768714430839395
ddpg_paper_actor,914900708,44.35114428527095,1.8390681508706677,100.05000000000001,0.0,0.0
ddpg_paper_actor,914900708,45.41459081321804,4.042350983933043,100.09,0.0,0.0
ddpg_paper_actor,914900708,47.305802190632114,0.2663536673298189,100.16,0.0,0.0
ddpg_paper_actor,914900708,53.260854989534415,1.0515578373278613,100.17,0.0,0.0
ddpg_paper_actor,914900708,54.567359774855575,0.15215639150958316,100.17,0.0,0.0
ddpg_paper_actor,914900708,58.0,1.3764145513680002,100.17,0.0,0.0
ddpg_paper_actor,914900708,59.53757414318311,0.2548720100680374,100.07000000000001,0.0,0.0
ddpg_paper_actor,914900708,63.486202546730766,2.0273731738119896,100.16000000000001,0.0,0.0
ddpg_paper_actor,914900708,69.4067418887785,3.334047031225668,100.05000000000001,0.0,0.0
ddpg_paper_actor,914900708,74.8091659069156,0.14907336145684402,100.05,0.0,0.0
ddpg_paper_actor,914900708,76.44495999184659,1.1171029322353574,100.08000000000001,0.0,0.0
ddpg_paper_actor,914900708,78.07666225872455,6.438534763845972,100.09,0.0,0.0
ddpg_paper_actor,914900708,84.09102213208965,6.953515501237433,100.18,0.0,0.0
ddpg_paper_actor,914900708,85.0,0.5201601771324744,100.17,0.0,0.0
ddpg_paper_actor,914900708,86.46250566843403,0.5496890602766389,100.17,0.0,0.0
ddpg_paper_actor,914900708,88.17136108394254,2.623240511724695,100.12,0.0,0.0
ddpg_paper_actor,914900708,90.0,3.0873361349555597,100.14,0.0,0.0
ddpg_paper_actor,914900708,94.06427086328814,0.03283140977358773,100.25,0.0,0.0
ddpg_paper_actor,914900708,101.6170220128233,3.0,100.23,0.0,0.0
ddpg_paper_actor,914900708,108.89489072754351,4.0,100.25,0.0,0.0
ddpg_paper_actor,914900708,116.06522645975062,0.19691895608889415,100.3,0.0,0.0
ddpg_paper_actor,914900708,117.22715972727106,0.9502616436881126,100.34,0.0,0.0
td3_verified,941637108,0.0,1.3242776105642646,100.05,0.0,0.0
td3_verified,941637108,2.7192491057119534,1.5600973599427275,99.96,0.0,0.0
td3_verified,941637108,3.267018038918118,1.066743291455106,99.97999999999999,0.0,0.0
td3_verified,941637108,4.833172677759208,6.0,100.04,0.0,0.0
td3_verified,941637108,7.850945270725932,1.264946888737747,100.00999999999999,0.0,0.0
td3_verified,941637108,11.32850107605803,5.527134289523366,99.97000000000001,0.0,0.0
td3_verified,941637108,13.0,1.0698932875430311,99.86999999999999,0.008172726185904367,0.8172726185904367
td3_verified,941637108,14.0,6.133863798189306,99.84,0.002202023530315955,0.22020235303159552
td3_verified,941637108,15.0,1.4264588571802146,99.94,0.0,0.0
td3_verified,941637108,18.51714117777527,0.10648585892915158,99.80000000000001,0.08034570665977014,8.034570665977014
td3_verified,941637108,19.0,1.4249147676766283,99.75,0.13781276554547617,13.781276554547617
td3_verified,941637108,20.0,3.4338373711986314,99.87,0.0,0.0
td3_verified,941637108,21.79900710196823,3.498610724501951,99.82000000000001,0.0,0.0
td3_verified,941637108,28.049406659275984,4.037703599799892,99.67,0.12238742288397475,12.238742288397475
td3_verified,941637108,29.0,14.224563756937755,99.65,0.11590925418181541,11.590925418181541
td3_verified,941637108,38.201925058789044,1.0,99.58,0.24990570017335756,24.990570017335756
td3_verified,941637108,39.89854604602405,4.239771718231311,99.64,0.1660619059503432,16.60619059503432
td3_verified,941637108,40.970700866664515,2.725107876287842,99.76,0.044948299427403526,4.494829942740353
td3_verified,941637108,42.795908205229296,1.4609818006363602,99.60000000000001,0.18784126991610606,18.784126991610606
td3_verified,941637108,55.0,7.23620519814251,99.66000000000001,0.07106711589914028,7.106711589914028
td3_verified,941637108,59.80949547318677,3.0,99.54,0.1436177357356172,14.36177357356172
td3_verified,941637108,67.0,0.8439479744735331,99.76,0.0,0.0
td3_verified,941637108,68.0,2.500157914210621,99.74,0.0,0.0
td3_verified,941637108,71.92484878789243,4.190754762590338,99.6,0.09598898904680198,9.598898904680198
td3_verified,941637108,74.0,4.358187923870733,99.71,0.0,0.0
td3_verified,941637108,75.0,2.753285437663164,99.77,0.0,0.0
td3_verified,941637108,77.0,2.1613139805500743,99.7,0.004989139636492723,0.4989139636492723
td3_verified,941637108,79.62805302479768,1.9864722785427653,99.77000000000001,0.0,0.0
td3_verified,941637108,81.41154752136266,2.2312301964793626,99.92999999999999,0.0,0.0
td3_verified,941637108,82.89735622711265,1.41324951863611,99.86,0.0,0.0
td3_verified,941637108,85.85930840979753,1.9971061151432068,99.94,0.0,0.0
td3_verified,941637108,87.8417816297999,1.181467259573948,100.07000000000001,0.0,0.0
td3_verified,941637108,88.77353890709209,2.0,100.10000000000001,0.0,0.0
td3_verified,1636696007,0.0,0.24277648536892016,100.07,0.0,0.0
td3_verified,1636696007,3.128441881145111,3.699126047675227,99.98,0.0,0.0
td3_verified,1636696007,8.0,1.3418459946595416,100.11,0.0,0.0
td3_verified,1636696007,9.00532705528518,1.677479629995458,100.24,0.0,0.0
td3_verified,1636696007,12.900138696583282,1.0,100.36,0.0,0.0
td3_verified,1636696007,18.889734392550714,3.187589543601121,100.35,0.0,0.0
td3_verified,1636696007,20.36340561206951,9.186552613115566,100.24,0.0,0.0
td3_verified,1636696007,22.133958688541572,9.559731930362389,100.35000000000001,0.0,0.0
td3_verified,1636696007,24.0,1.0930059287030667,100.26,0.0,0.0
td3_verified,1636696007,25.52811868940315,3.67462465372237,100.35000000000001,0.0,0.0
td3_verified,1636696007,26.386297136180385,0.41714265417836194,100.39,0.0,0.0
td3_verified,1636696007,43.54037756671113,11.454508671994457,100.51,0.0,0.0
td3_verified,1636696007,46.67423543389241,2.0,100.53,0.0,0.0
td3_verified,1636696007,48.12303826968871,0.058212011139777725,100.54,0.0,0.0
td3_verified,1636696007,50.0351871804837,8.741354537566854,100.54,0.0,0.0
td3_verified,1636696007,51.0,3.0959145896329323,100.52,0.0,0.0
td3_verified,1636696007,52.516961343540835,1.9507976779559597,100.57000000000001,0.0,0.0
td3_verified,1636696007,59.22059804656721,10.0,100.57,0.0,0.0
td3_verified,1636696007,60.06005924368027,10.62269446417381,100.56,0.0,0.0
td3_verified,1636696007,64.15259991733335,0.6326194563830796,100.57,0.0,0.0
td3_verified,1636696007,65.0,3.6465410921241737,100.58,0.0,0.0
td3_verified,1636696007,71.58613039470632,3.881238583412081,100.61,0.0,0.0
td3_verified,1636696007,73.06209179850626,1.5858914540553637,100.64999999999999,0.0,0.0
td3_verified,1636696007,75.4015240978307,1.9390323063333652,100.67,0.0,0.0
td3_verified,1636696007,76.93713617404276,2.3615811993631826,100.63,0.0,0.0
td3_verified,1636696007,81.0,1.526985549109927,100.64,0.0,0.0
td3_verified,1636696007,82.20486840775409,1.0,100.69000000000001,0.0,0.0
td3_verified,1042648672,0.0,10.298089427791737,100.05,0.0,0.0
td3_verified,1042648672,2.251252016195324,1.5179081019632878,100.04,0.0,0.0
td3_verified,1042648672,3.0,25.999999999999996,100.10000000000001,0.0,0.0
td3_verified,1042648672,4.1057433046018605,2.2505056984434373,100.21,0.0,0.0
td3_verified,1042648672,5.009285281311853,2.7602860375522766,100.21,0.0,0.0
td3_verified,1042648672,7.258819053249225,4.0,100.25,0.0,0.0
td3_verified,1042648672,10.517802109664768,0.04273518398920417,100.21,0.070475308386861,7.0475308386861
td3_verified,1042648672,11.712475700509184,2.2122447979641344,100.15,0.0798863295509733,7.98863295509733
td3_verified,1042648672,14.285872449739351,2.770434223266799,100.11,0.0894413858616332,8.94413858616332
td3_verified,1042648672,23.368930900168703,5.0,100.19,0.0,0.0
td3_verified,1042648672,28.281273296272538,1.1450212545269136,100.19,0.0031084804088123974,0.31084804088123974
td3_verified,1042648672,30.53005848327493,3.566449335092497,100.14,0.03892513298617928,3.892513298617928
td3_verified,1042648672,31.639340226224714,1.2153102783566165,100.21,0.0,0.0
td3_verified,1042648672,33.740771169131506,0.9664488766136222,100.18,0.024776067736411278,2.477606773641128
td3_verified,1042648672,34.0,4.9530543982747535,100.22,0.0,0.0
td3_verified,1042648672,36.300286146284755,3.718346563534117,100.27,0.0,0.0
td3_verified,1042648672,37.69516097730153,6.0,100.24,0.0,0.0
td3_verified,1042648672,40.35708463308231,3.347241266852022,100.14999999999999,0.07670565885308633,7.670565885308633
td3_verified,1042648672,42.006026119712374,4.288885069644204,100.09,0.12351884722677653,12.351884722677653
td3_verified,1042648672,43.49878262812214,2.012563255876654,100.00000000000001,0.19880004417269959,19.88000441726996
td3_verified,1042648672,44.0,2.5485516412185283,100.01,0.17732011510746304,17.732011510746304
td3_verified,1042648672,45.11616477189854,0.9701780900475274,100.09,0.09313989632003938,9.313989632003938
td3_verified,1042648672,54.069254773050474,0.5284096006973963,100.05000000000001,0.20240440219745892,20.240440219745892
td3_verified,1042648672,56.80243596290988,1.0,99.88000000000001,0.3687157133005172,36.87157133005172
td3_verified,1042648672,59.064028338228795,1.5576605724576602,100.01,0.22702600512332083,22.702600512332083
td3_verified,1042648672,62.0,1.0,99.91000000000001,0.3210639324134803,32.10639324134803
td3_verified,1042648672,75.44840047287337,1.5589745580777516,99.80000000000001,0.36213374872747295,36.213374872747295
td3_verified,1042648672,78.26470807672465,2.0,99.81,0.3422847323190723,34.22847323190723
td3_verified,385688959,0.0,5.704374715112324,100.02,0.0,0.0
td3_verified,385688959,2.0,0.03591564739197631,100.1,0.0,0.0
td3_verified,385688959,3.0314474900517583,2.574201665209963,100.07,0.0,0.0
td3_verified,385688959,5.368671032461519,0.14189460882053384,99.98,0.0,0.0
td3_verified,385688959,6.0,7.128118127949685,99.87,0.002609201379073056,0.2609201379073056
td3_verified,385688959,7.0,3.0443214983788747,99.86,0.0,0.0
td3_verified,385688959,8.716059228401027,1.1125651249872948,99.81,0.0,0.0
td3_verified,385688959,9.025808789162786,1.3264829420997313,99.78,0.0,0.0
td3_verified,385688959,16.743700463085283,1.7447032326334062,99.77000000000001,0.0,0.0
td3_verified,385688959,17.872684809514148,0.3074333854419939,99.82,0.0,0.0
td3_verified,385688959,18.276897127158804,1.209933170281991,99.81,0.0,0.0
td3_verified,385688959,20.935653027169998,1.6610671066749962,99.72000000000001,0.0,0.0
td3_verified,385688959,22.137020947687027,1.9320445936799908,99.76,0.0,0.0
td3_verified,385688959,26.46644505701485,0.8367745503399522,99.64,0.00720225991948098,0.720225991948098
td3_verified,385688959,30.406304259259,5.199821132251616,99.67,0.0,0.0
td3_verified,385688959,34.07879905740212,4.545744662237378,99.7,0.0,0.0
td3_verified,385688959,36.42070671872912,1.6572345819436247,99.81,0.0,0.0
td3_verified,385688959,37.08862955335991,4.530437937607607,99.67,0.0,0.0
td3_verified,385688959,40.69130058033105,1.5627140772267256,99.74000000000001,0.0,0.0
td3_verified,385688959,44.17736372605189,1.1031580986600669,99.89,0.0,0.0
td3_verified,385688959,48.14912918425693,3.371337652011003,99.96000000000001,0.0,0.0
td3_verified,385688959,49.27896421615502,2.5289096017958164,99.97,0.0,0.0
td3_verified,385688959,50.53951464942573,0.16563283629440748,99.96000000000001,0.0,0.0
td3_verified,385688959,52.119496648854486,0.3441464428838434,99.96,0.0,0.0
td3_verified,385688959,53.51063869742633,0.5711660281250259,99.92999999999999,0.0,0.0
td3_verified,385688959,56.009939791391176,19.771978503570594,99.89,0.0,0.0
td3_verified,385688959,57.477192089077754,1.8361961446059933,99.81,0.0,0.0
td3_verified,385688959,59.910248197656124,1.038614311667706,99.77000000000001,0.0,0.0
td3_verified,385688959,60.42683731361334,2.2314911898906886,99.73,0.0,0.0
td3_verified,385688959,61.43246184328709,0.9114028213682761,99.69,0.007545649997666715,0.7545649997666715
td3_verified,385688959,62.7929450452691,1.7977235160121876,99.64,0.052508086920212804,5.25080869202128
td3_verified,385688959,63.101355403746616,0.6059840924022223,99.67,0.016831848197526256,1.6831848197526256
td3_verified,385688959,65.808901144161,1.298859378078126,99.65,0.13258689343852836,13.258689343852836
td3_verified,385688959,69.54308984052763,0.36043053632980726,99.55,0.22228518414262055,22.228518414262055
td3_verified,385688959,70.14851052687253,0.6184503777675752,99.55000000000001,0.20375279865143625,20.375279865143625
td3_verified,385688959,71.0,0.22948845068171286,99.52000000000001,0.2243252612884703,22.43252612884703
td3_verified,385688959,76.70643564864702,2.0,99.54,0.18845686268828388,18.845686268828388
td3_verified,385688959,77.81416263118405,2.0,99.54,0.18277028451097976,18.277028451097976
td3_verified,385688959,88.119842214203,3.5594344700359666,99.73,0.0,0.0
td3_verified,385688959,90.25416411463493,7.0,99.67999999999999,0.0563690558372798,5.63690558372798
td3_verified,894371145,1.046475783545694,10.0,100.01,0.0,0.0
td3_verified,894371145,3.0,1.0,99.92,0.06756010270672164,6.756010270672164
td3_verified,894371145,4.0,3.028569224907064,99.94000000000001,0.007500195112911001,0.7500195112911001
td3_verified,894371145,5.217750777175373,2.4658285418347687,99.94000000000001,0.000385566853964292,0.0385566853964292
td3_verified,894371145,6.0,12.793226205638728,99.91000000000001,0.013424221136759229,1.342422113675923
td3_verified,894371145,15.503359985787732,6.295953484492771,100.05,0.0,0.0
td3_verified,894371145,18.176609552558382,6.0,100.00000000000001,0.0,0.0
td3_verified,894371145,29.870457972106042,2.0611254528465444,100.32,0.0,0.0
td3_verified,894371145,30.7881527716152,3.526359655648659,100.4,0.0,0.0
td3_verified,894371145,31.171846749231214,0.4986113633296675,100.4,0.0,0.0
td3_verified,894371145,41.31625009854176,2.846537233076014,100.46000000000001,0.0,0.0
td3_verified,894371145,44.21136105036844,0.8041030409999983,100.33000000000001,0.0,0.0
td3_verified,894371145,46.788562582552174,1.9063522148150036,100.27,0.0,0.0
td3_verified,894371145,47.97414589662745,2.741330450347971,100.4,0.0,0.0
td3_verified,894371145,56.42108562544586,6.932119190366448,100.56,0.0,0.0
td3_verified,894371145,58.334471539688295,5.407299181969785,100.57000000000001,0.0,0.0
td3_verified,894371145,60.25515493187573,2.1815576348753027,100.59,0.0,0.0
td3_verified,894371145,65.43923311701928,2.0788570917567593,100.71000000000001,0.0,0.0
td3_verified,894371145,68.54284473456441,4.199264118351762,100.67,0.0,0.0
td3_verified,894371145,72.49931084580825,5.0029557625217596,100.67,0.0,0.0
td3_verified,894371145,76.54602160783021,1.9516056463888956,100.65,0.0,0.0
td3_verified,894371145,80.85385298659135,3.2350016310079988,100.59,0.0,0.0
td3_verified,894371145,82.0,1.333397742993418,100.4,0.0,0.0
td3_verified,894371145,83.16637465882752,3.8748181267280786,100.49000000000001,0.0,0.0
td3_verified,894371145,85.60856831963991,0.5510980525249705,100.63000000000001,0.0,0.0
td3_verified,894371145,87.1744882094811,0.5993791562872836,100.66,0.0,0.0
td3_verified,894371145,88.26195267421917,2.8909431286109686,100.74,0.0,0.0
td3_verified,894371145,90.48626764648598,2.6581579877788335,100.55000000000001,0.0,0.0
td3_verified,894371145,91.13641042714143,0.24981370482056708,100.47,0.0,0.0
td3_verified,1033804152,0.0,8.06199479991122,100.06,0.0,0.0
td3_verified,1033804152,5.552764820334224,6.433714704430785,100.10000000000001,0.0,0.0
td3_verified,1033804152,14.974182292029653,3.95544881417671,99.99,0.0,0.0
td3_verified,1033804152,21.0,7.644317208655753,100.22000000000001,0.0,0.0
td3_verified,1033804152,22.0,4.0,100.16000000000001,0.0,0.0
td3_verified,1033804152,28.042784964354837,14.000000000000002,100.25,0.0,0.0
td3_verified,1033804152,32.624508897010635,1.1591589638965865,100.28,0.0,0.0
td3_verified,1033804152,33.783827514536114,1.7591595789716943,100.26,0.0,0.0
td3_verified,1033804152,35.949573092171505,20.0,100.3,0.0,0.0
td3_verified,1033804152,40.22735040511439,15.363737948673212,100.35000000000001,0.0,0.0
td3_verified,1033804152,42.06275874747511,10.0,100.33,0.0,0.0
td3_verified,1033804152,46.77136186231657,0.7100270636097225,100.35,0.0,0.0
td3_verified,1033804152,48.686848241416065,3.0,100.32000000000001,0.0,0.0
td3_verified,1033804152,50.07602762733671,3.0,100.36,0.0,0.0
td3_verified,175432,0.0,1.4633243503891946,100.06,0.0,0.0
td3_verified,175432,6.411305763631584,1.4996381442357984,100.10000000000001,0.0058001297669392216,0.5800129766939222
td3_verified,175432,8.175224839610514,0.1775776258496196,100.23,0.0,0.0
td3_verified,175432,9.0,1.92229048657802,100.25,0.0,0.0
td3_verified,175432,12.930756225444432,2.131512408636977,100.19,0.027017847615113055,2.7017847615113055
td3_verified,175432,14.845980763407786,3.1024636125356415,100.25,0.0,0.0
td3_verified,175432,17.254401689153788,0.20916166011041032,100.28,0.0,0.0
td3_verified,175432,22.47319741236603,3.7169635801189864,100.37,0.0,0.0
td3_verified,175432,24.140097156134274,1.336710503576795,100.28,0.0,0.0
td3_verified,175432,28.46588281351713,7.0,100.29,0.0,0.0
td3_verified,175432,29.35157115974773,1.4442440339056688,100.35,0.0,0.0
td3_verified,175432,31.16902835689716,7.0,100.27000000000001,0.0,0.0
td3_verified,175432,32.498587983399176,3.3685689629843996,100.26,0.0,0.0
td3_verified,175432,33.51200311577273,0.978185579271551,100.22000000000001,0.010872480565979004,1.0872480565979004
td3_verified,175432,34.04191816844957,2.671150680244368,100.31,0.0,0.0
td3_verified,175432,37.0,2.652574161044221,100.4,0.0,0.0
td3_verified,175432,43.042388357771465,13.802056731618434,100.42,0.0,0.0
td3_verified,175432,45.4308135484367,3.1106470571157248,100.43,0.0,0.0
td3_verified,175432,47.53912782336407,0.3911578963340916,100.42,0.0,0.0
td3_verified,175432,48.06621373105177,9.830395059743235,100.42,0.0,0.0
td3_verified,175432,50.0,1.6468769417247875,100.42999999999999,0.0,0.0
td3_verified,175432,51.0,2.5746726502413844,100.45,0.0,0.0
td3_verified,175432,54.67936352560143,1.8719494461956687,100.44000000000001,0.0,0.0
td3_verified,175432,59.04421145228739,1.5313854736370978,100.34,0.0,0.0
td3_verified,175432,60.0,4.391480072457748,100.37,0.0,0.0
td3_verified,175432,61.58639475791021,2.5264352941139565,100.41000000000001,0.0,0.0
td3_verified,175432,64.0,1.0576127817265781,100.33,0.0,0.0
td3_verified,175432,70.65954810579021,4.8296797610131526,100.33000000000001,0.0,0.0
td3_verified,175432,73.0,0.7641161534587849,100.31,0.0,0.0
td3_verified,175432,74.0,0.8414984986749001,100.34,0.0,0.0
td3_verified,175432,78.0,0.28526505745144015,100.34,0.0,0.0
td3_verified,175432,79.0,4.746809348945524,100.36,0.0,0.0
td3_verified,175432,80.35198894507857,5.0,100.33000000000001,0.0,0.0
td3_verified,2088018535,0.0,0.4965944104216435,100.09,0.0,0.0
td3_verified,2088018535,4.607309937927113,2.9632497094079184,100.15,0.0,0.0
td3_verified,2088018535,5.29317108170565,2.726252102244395,100.17,0.0,0.0
td3_verified,2088018535,6.845156078424555,3.4507201974591704,100.13000000000001,0.0,0.0
td3_verified,2088018535,9.0,3.3258366029796886,100.09,0.020287252925896837,2.0287252925896837
td3_verified,2088018535,10.06988054049073,8.26545432332671,100.08,0.036093848513772286,3.6093848513772286
td3_verified,2088018535,11.0,1.9619480645696779,100.09,0.0,0.0
td3_verified,2088018535,13.71868600452838,1.152721474136951,99.98,0.07494015556807199,7.494015556807199
td3_verified,2088018535,21.84322093092458,0.3786197691005778,100.01,0.032272303218718434,3.2272303218718434
td3_verified,2088018535,22.72502335468732,0.7426850273523669,100.08,0.0,0.0
td3_verified,2088018535,23.581793863795248,13.80351374589881,100.02000000000001,0.013980517798458436,1.3980517798458436
td3_verified,2088018535,28.091341532062152,3.239406108500123,100.00000000000001,0.028222365737832433,2.8222365737832433
td3_verified,2088018535,31.025028716342664,0.9841064737661931,100.17,0.0,0.0
td3_verified,2088018535,37.17333218087668,4.276852222494794,100.26,0.0,0.0
td3_verified,2088018535,42.907849066285884,5.121042938989827,100.22,0.0,0.0
td3_verified,2088018535,50.89142564424386,2.1356054409134253,100.01,0.04812425302826284,4.812425302826284
td3_verified,2088018535,58.0,12.478881864859314,100.02,0.020473671468224097,2.0473671468224097
td3_verified,2088018535,60.24051041762306,10.760752068693344,100.0,0.03509389372231908,3.509389372231908
td3_verified,2088018535,61.00582363094107,9.0,99.92999999999999,0.09907232169418023,9.907232169418023
td3_verified,2088018535,69.4718227349343,5.376954865512347,100.06,0.0,0.0
td3_verified,2088018535,75.21288357004049,0.5904961736100578,100.05,0.0,0.0
td3_verified,2088018535,76.0,1.1497779580710368,99.96,0.05920834226429861,5.920834226429861
td3_verified,2088018535,77.0,5.0,99.97,0.04568733820852344,4.568733820852344
td3_verified,934906098,0.0,2.037052317459146,100.02,0.0,0.0
td3_verified,934906098,1.152803256358284,2.518304223121953,100.19000000000001,0.0,0.0
td3_verified,934906098,10.019825510518837,2.1661732668320584,100.12,0.0,0.0
td3_verified,934906098,15.0,1.0825645451859136,100.18,0.0,0.0
td3_verified,934906098,16.574972444261643,2.416657370939609,100.17,0.0,0.0
td3_verified,934906098,17.01447952525766,1.9798850600956972,100.12,0.0,0.0
td3_verified,934906098,25.1611789842758,1.0489571149879677,100.16000000000001,0.0,0.0
td3_verified,934906098,26.0,1.1973334956732127,100.10000000000001,0.009652915281620267,0.9652915281620267
td3_verified,934906098,27.780417828475386,4.915347261772228,100.19000000000001,0.0,0.0
td3_verified,934906098,28.025970680371813,6.320121999567039,100.12,0.0,0.0
td3_verified,934906098,29.468492415673715,3.8311848913654147,100.15,0.0,0.0
td3_verified,934906098,32.765933097945954,0.5402129060699252,100.16000000000001,0.0,0.0
td3_verified,934906098,34.84752267943516,1.0597235521550883,100.12,0.0,0.0
td3_verified,934906098,35.25404879437568,5.531608136572414,100.17,0.0,0.0
td3_verified,934906098,38.779656503973435,13.837312513810092,100.21000000000001,0.0,0.0
td3_verified,934906098,39.41275970293086,1.1434326921501732,100.19000000000001,0.0,0.0
td3_verified,934906098,43.13468736879173,0.9459838025765681,100.11,0.0,0.0
td3_verified,934906098,45.7115375949794,0.6306408678531018,100.1,0.0,0.0
td3_verified,934906098,48.18954397488209,2.1618691443198226,100.15,0.0,0.0
td3_verified,934906098,52.000353637363546,0.0766409788271172,100.17,0.0,0.0
td3_verified,934906098,55.60603997823517,5.599894146227187,100.2,0.0,0.0
td3_verified,934906098,57.489161617993226,1.575559310100066,100.19,0.0,0.0
td3_verified,934906098,59.74762714826815,0.8665924628327938,100.14,0.0,0.0
td3_verified,934906098,61.063078128801926,0.6394922688552198,100.12,0.0,0.0
td3_verified,934906098,63.34097332682488,5.811382323931856,100.05,0.00937121613594627,0.937121613594627
td3_verified,934906098,64.0,19.000000000000004,100.02,0.032121404498667516,3.2121404498667516
td3_verified,934906098,67.79433651465352,1.6762592770595077,100.03,0.02299252614803038,2.299252614803038
td3_verified,934906098,72.24592487657272,1.9843489254506939,99.9,0.15201808971173136,15.201808971173136
td3_verified,934906098,73.0,0.7227218980422155,99.96,0.08254018393812146,8.254018393812146
td3_verified,934906098,76.07379145590482,2.6602980818380715,100.03,0.007966930215687285,0.7966930215687285
td3_verified,934906098,79.52372641645844,0.8664993578632857,100.02,0.03034610094262291,3.034610094262291
td3_verified,934906098,80.68616739750769,3.0,99.98,0.06276825604106762,6.276825604106762
td3_verified,974530509,2.1107402672764515,9.899091569457383,100.09,0.0,0.0
td3_verified,974530509,4.0,3.157780849300592,100.08,0.12129976006632148,12.129976006632148
td3_verified,974530509,5.684196446527098,2.005046686728957,100.11000000000001,4.559024361583397e-05,0.004559024361583397
td3_verified,974530509,6.040996324504279,2.1987246778847522,99.98,0.024383529537686854,2.4383529537686854
td3_verified,974530509,7.859779726062351,7.0,100.05,0.0,0.0
td3_verified,974530509,9.188470757917635,4.0,100.03,0.0,0.0
td3_verified,974530509,10.0,4.857339362097498,100.06,0.0,0.0
td3_verified,974530509,15.16863061928587,0.34243071269247427,100.17999999999999,0.0,0.0
td3_verified,974530509,20.868726924171323,1.2801008293747085,100.17,0.0,0.0
td3_verified,974530509,24.253552473683303,0.3711127609914373,100.22999999999999,0.0,0.0
td3_verified,974530509,25.287957229032763,4.556540573023192,100.26,0.0,0.0
td3_verified,974530509,29.996069223777212,1.51607910052241,100.32000000000001,0.0,0.0
td3_verified,974530509,30.862816677153933,0.50988571969425,100.29,0.0,0.0
td3_verified,974530509,31.297629787633525,6.0,100.28,0.0,0.0
td3_verified,974530509,37.71287848589485,7.4452633540907245,100.33000000000001,0.0,0.0
td3_verified,974530509,41.20690276091447,6.9186989562463275,100.28,0.0,0.0
td3_verified,974530509,43.1347331296396,1.6953088665608722,100.30000000000001,0.0,0.0
td3_verified,974530509,45.843571882745685,0.042001289341718984,100.28,0.0,0.0
td3_verified,974530509,46.67859036656446,1.0790603871766693,100.27,0.0,0.0
td3_verified,974530509,50.8550866612174,0.11516547906384156,100.22,0.0,0.0
td3_verified,974530509,52.332531514174775,0.9368004342194229,100.19,0.0,0.0
td3_verified,974530509,53.71269634860503,9.513224719809818,100.17,0.0012286567589825381,0.12286567589825381
td3_verified,974530509,54.204314685232575,6.391692904041116,100.11,0.05924773954465934,5.924773954465934
td3_verified,974530509,57.8071606183734,3.0960691668147655,100.14999999999999,0.008890135513908604,0.8890135513908604
td3_verified,974530509,60.318377397850796,10.855962437084628,100.2,0.0,0.0
td3_verified,974530509,61.960423928359376,0.20014638492817843,100.16,0.0,0.0
td3_verified,974530509,64.0,3.1122356986256494,100.18,0.0,0.0
td3_verified,1808942885,0.0,1.6181508191778733,100.07,0.0,0.0
td3_verified,1808942885,4.783512276189187,0.2598921664206569,100.0,0.0,0.0
td3_verified,1808942885,7.572727266536482,0.05671235579220657,99.94,0.0,0.0
td3_verified,1808942885,8.91983350039751,3.0181935175275294,99.93,0.0,0.0
td3_verified,1808942885,10.185524403563752,5.740523631640434,99.98,0.0,0.0
td3_verified,1808942885,13.43361174729077,9.954521750910004,99.95,0.0,0.0
td3_verified,1808942885,15.131589848165863,0.2615936321015603,99.97,0.0,0.0
td3_verified,1808942885,17.0,1.781488486762896,99.89,0.0,0.0
td3_verified,1808942885,18.36152852392711,5.817339041282241,99.93,0.0,0.0
td3_verified,1808942885,20.26239963743784,8.140751911547568,99.85,0.0,0.0
td3_verified,1808942885,22.558439305967298,2.5481985830097083,99.83000000000001,0.0,0.0
td3_verified,1808942885,23.0,2.0,99.83000000000001,0.0,0.0
td3_verified,1808942885,24.0,0.8979540761253441,99.92,0.0,0.0
td3_verified,1808942885,25.774393731517385,5.076761341920402,99.84,0.0,0.0
td3_verified,1808942885,26.915455875104378,7.489008157372876,99.77000000000001,0.0,0.0
td3_verified,1808942885,29.12258742247967,2.0303555264786217,99.88,0.0,0.0
td3_verified,1808942885,30.0,4.957837367265738,99.84,0.0,0.0
td3_verified,1808942885,31.0,6.203418331798626,99.84,0.0,0.0
td3_verified,1808942885,33.40989681521423,17.8864755767144,99.79,0.0,0.0
td3_verified,1808942885,34.192059756513025,1.311994625839156,99.84,0.0,0.0
td3_verified,1808942885,68.76039645413098,6.804809409911551,99.48,0.06934530493249724,6.934530493249724
td3_verified,1808942885,71.75603054245259,0.4710839603679066,99.44,0.10144737804638737,10.144737804638737
td3_verified,1808942885,72.31847742509274,2.0,99.43,0.10262292643389515,10.262292643389515
td3_verified,1808942885,83.99099249923012,0.8718985545654121,99.42999999999999,0.12364479862516475,12.364479862516475
td3_verified,1808942885,93.57715001313179,0.9079998858006443,99.41000000000001,0.1295009564200882,12.950095642008819
td3_verified,1808942885,96.53000092558854,0.8866373185844217,99.48,0.08014501120510431,8.014501120510431
td3_verified,1808942885,100.01879083668096,1.0,99.37,0.18389910476969362,18.389910476969362
td3_verified,1476250514,1.0,1.5528614713268094,100.04,0.0024666447040146977,0.24666447040146977
td3_verified,1476250514,2.3658338283639386,1.3840742409613294,100.1,0.0,0.0
td3_verified,1476250514,7.131217952703841,1.7099126990110354,100.23,0.0,0.0
td3_verified,1476250514,8.456298211043658,4.555245913597418,100.2,0.0,0.0
td3_verified,1476250514,9.348064419379522,4.269998801231255,100.21,0.0,0.0
td3_verified,1476250514,17.43421971016054,3.624772999151462,100.31,0.0,0.0
td3_verified,1476250514,18.459460535337158,7.988419034770411,100.25999999999999,0.0,0.0
td3_verified,1476250514,24.01547182955665,0.960018030554088,100.22999999999999,0.0,0.0
td3_verified,1476250514,25.0,0.5162840883923928,100.16,0.0,0.0
td3_verified,1476250514,28.221869413727944,0.8695707236114767,100.09,0.021209634243916753,2.1209634243916753
td3_verified,1476250514,30.990327779457267,1.8639799656296454,100.12,0.0,0.0
td3_verified,1476250514,37.0,5.670465542616209,100.15,0.0,0.0
td3_verified,1476250514,40.0,4.575597669729671,100.24,0.0,0.0
td3_verified,1476250514,42.0,2.192491938379874,100.26,0.0,0.0
td3_verified,1476250514,43.0,1.2271515029334983,100.21,0.0,0.0
td3_verified,1476250514,44.0,7.0,100.2,0.0,0.0
td3_verified,1476250514,45.05441904751825,3.7591131998616394,100.33,0.0,0.0
td3_verified,1476250514,46.1522351262828,6.57593481735723,100.33,0.0,0.0
td3_verified,1476250514,48.10924722835247,4.21222901921258,100.22,0.0,0.0
td3_verified,1476250514,49.653679009323064,5.0,100.01,0.11109228718926545,11.109228718926545
td3_verified,1476250514,52.081921192073416,7.692934163037551,100.06,0.04980637396539578,4.980637396539578
td3_verified,1476250514,55.63906589382608,2.4394794703623197,100.10000000000001,0.004161544132188055,0.41615441321880553
td3_verified,1476250514,57.12872338929236,3.056383973512007,100.07000000000001,0.03467302147512896,3.4673021475128962
td3_verified,1476250514,59.22457996588332,3.358143751530959,100.07,0.026726291780704514,2.6726291780704514
td3_verified,1476250514,60.648844387662415,2.0101439822942604,100.05000000000001,0.053253823473852435,5.3253823473852435
td3_verified,1476250514,62.09960409430757,1.0,99.79,0.30993494588409476,30.993494588409476
td3_verified,1476250514,66.18926017654012,0.5700586480520413,100.04,0.05191856083588675,5.191856083588675
td3_verified,1476250514,67.24224530114782,5.667271643225904,99.95,0.12981814896305366,12.981814896305366
td3_verified,1476250514,68.0,4.0,99.92,0.14855244824781266,14.855244824781266
td3_verified,359707709,0.0,0.3144468670213296,100.07,0.0,0.0
td3_verified,359707709,2.0,3.859994063443472,100.22,0.0,0.0
td3_verified,359707709,4.851100436855621,20.57210948790731,100.13,0.0,0.0
td3_verified,359707709,7.983384584964588,21.493297761870004,99.96000000000001,0.04350739221760591,4.350739221760591
td3_verified,359707709,9.75199689540287,0.5974630805418414,100.13,0.0,0.0
td3_verified,359707709,11.954192483892946,6.0,100.11999999999999,0.0,0.0
td3_verified,359707709,15.531412572930815,6.0,100.02000000000001,0.0,0.0
td3_verified,359707709,17.0,3.4514303372473174,100.05,0.0,0.0
td3_verified,359707709,21.664432446660157,1.4073261136727235,100.07,0.0,0.0
td3_verified,359707709,22.688312346507047,0.5419246558829349,99.99000000000001,0.0,0.0
td3_verified,359707709,24.11251724981471,1.9489892519978602,100.07000000000001,0.0,0.0
td3_verified,359707709,25.0,5.880942223042961,100.07000000000001,0.0,0.0
td3_verified,359707709,26.96394133660215,10.216029166307923,100.07000000000001,0.0,0.0
td3_verified,359707709,31.302741961501997,3.1247702241724937,100.06,0.0,0.0
td3_verified,359707709,32.0,0.5277677945247097,100.06,0.0,0.0
td3_verified,359707709,37.10013576108161,5.292446372107527,100.17,0.0,0.0
td3_verified,359707709,41.79178251720612,1.0335784554563432,100.16000000000001,0.0,0.0
td3_verified,359707709,46.120423466248305,2.974414635933298,100.15,0.0,0.0
td3_verified,359707709,49.0,1.7448542281611765,100.16,0.0,0.0
td3_verified,359707709,50.0,2.8979937542617735,100.14,0.0,0.0
td3_verified,856896044,0.0,0.40035133138690704,100.05,0.0,0.0
td3_verified,856896044,2.0,2.397781876110736,100.05,0.0,0.0
td3_verified,856896044,3.3262271218768378,1.2048328229607699,100.04,0.0,0.0
td3_verified,856896044,12.935826675151405,5.0,100.18,0.0,0.0
td3_verified,856896044,17.892321595503624,12.542789389106801,100.11000000000001,0.0,0.0
td3_verified,856896044,20.84579823850992,5.0,100.06,0.0,0.0
td3_verified,856896044,22.264967933203984,14.20143593769783,100.08,0.0,0.0
td3_verified,856896044,23.559822304160832,10.928851679107332,99.95,0.07760355800942875,7.760355800942875
td3_verified,856896044,25.433103291463215,4.219356017918033,99.86,0.18008477213250274,18.008477213250274
td3_verified,856896044,32.28598889254129,1.3853597446118473,99.91,0.04093404924506672,4.093404924506672
td3_verified,856896044,33.0,2.191047545103506,99.86,0.039762705366158,3.9762705366158
td3_verified,856896044,34.0,11.699875869770825,99.87,0.0,0.0
td3_verified,856896044,35.0,1.3400487121080138,99.94,0.0,0.0
td3_verified,856896044,39.0,15.245147301628268,100.03999999999999,0.0,0.0
td3_verified,856896044,40.0,1.1402290564152702,100.02,0.0,0.0
td3_verified,856896044,47.89026877849588,2.8734614726597574,99.91000000000001,0.0,0.0
td3_verified,856896044,50.50176015064429,0.3282768789606277,99.97999999999999,0.0,0.0
td3_verified,856896044,51.0,2.672527587856738,100.0,0.0,0.0
td3_verified,856896044,52.2061635750431,1.4017184562677822,100.06,0.0,0.0
td3_verified,856896044,53.174377671003874,0.5632179200926625,99.96,0.0,0.0
td3_verified,856896044,54.004440647598976,1.070525030679471,100.00999999999999,0.0,0.0
td3_verified,856896044,55.0,2.0,100.03,0.0,0.0
td3_verified,477028847,2.5081097160429,0.5263295598505936,100.15,0.0,0.0
td3_verified,477028847,5.531219994198047,0.9594065721351734,100.05000000000001,0.0,0.0
td3_verified,477028847,7.490352839867095,2.7056608442362107,100.06,0.0,0.0
td3_verified,477028847,8.260442221145297,0.3811905767188492,99.99,0.02936891594006852,2.936891594006852
td3_verified,477028847,9.0,1.8707923251009737,100.0,0.0,0.0
td3_verified,477028847,10.0,1.1542143590755214,100.07000000000001,0.0,0.0
td3_verified,477028847,11.371351482605116,7.226889122719176,100.02000000000001,0.0,0.0
td3_verified,477028847,14.579546940781915,0.5848899241130205,99.96,0.015208475525355425,1.5208475525355425
td3_verified,477028847,15.724020583390788,2.023740554542053,100.04,0.0,0.0
td3_verified,477028847,16.330679879983855,1.5419621798799776,100.14,0.0,0.0
td3_verified,477028847,18.4233965919267,0.5054844085313915,100.06,0.0,0.0
td3_verified,477028847,19.0,0.32643052375898346,100.02000000000001,0.0,0.0
td3_verified,477028847,21.0,0.04080177322820347,100.01,0.017984989372266114,1.7984989372266114
td3_verified,477028847,26.219249029588205,4.592908227651114,99.95,0.059783523491020674,5.978352349102067
td3_verified,477028847,28.552880049588875,1.6139036073810356,99.92,0.058121745851224205,5.8121745851224205
td3_verified,477028847,29.128223705300897,1.0,99.82000000000001,0.1506639161052732,15.066391610527319
td3_verified,477028847,32.516807717805015,3.7065470061229853,99.95,0.03744831688599959,3.744831688599959
td3_verified,477028847,33.0,0.3117928412625165,100.04,0.0,0.0
td3_verified,477028847,34.26716960305724,5.432706528438794,100.0,0.0,0.0
td3_verified,477028847,39.40913941941712,6.200451351675916,99.92,0.09617956898925684,9.617956898925684
td3_verified,477028847,40.0,2.5704555796437436,99.96000000000001,0.029922324845813364,2.9922324845813364
td3_verified,477028847,45.72796872599196,1.0489427609968685,100.02000000000001,0.0,0.0
td3_verified,477028847,47.326445111185855,6.65113190726969,100.0,0.0,0.0
td3_verified,477028847,49.42116730790226,2.1875373797509865,99.97,0.0,0.0
td3_verified,477028847,54.4216500151279,2.307613180508724,100.08,0.0,0.0
td3_verified,477028847,58.0,2.6945903663536086,100.19,0.0,0.0
td3_verified,477028847,69.03068659422884,22.637723069669306,100.35000000000001,0.0,0.0
td3_verified,477028847,71.81542997687065,3.0,100.39,0.0,0.0
td3_verified,477028847,76.42684771133514,0.2777933570109307,100.44000000000001,0.0,0.0
td3_verified,477028847,79.41092966646765,7.0,100.41,0.0,0.0
td3_verified,477028847,84.35661343533768,2.3806029575131724,100.48,0.0,0.0
td3_verified,477028847,89.89006053297182,3.902378329845854,100.46,0.0,0.0
td3_verified,2091387315,0.0,8.113310518537503,100.03,0.0,0.0
td3_verified,2091387315,1.0,10.849232180554345,99.95,0.0,0.0
td3_verified,2091387315,3.0134211094474743,1.6275079265372727,99.92999999999999,0.033750413012739955,3.3750413012739955
td3_verified,2091387315,9.0,1.7177388086761494,99.93,0.014493627932225195,1.4493627932225195
td3_verified,2091387315,11.795646164203381,4.391374511547079,99.97,0.0,0.0
td3_verified,2091387315,13.598840007271695,1.2836611668316906,99.89999999999999,0.0037359905529115167,0.37359905529115167
td3_verified,2091387315,19.55937424279258,1.4607113926213766,99.84,0.05748810269450644,5.748810269450644
td3_verified,2091387315,21.769340466404863,12.870191579029957,99.86,0.056085125940512626,5.608512594051263
td3_verified,2091387315,24.60644865899391,1.762632997082286,99.86,0.008611633258553297,0.8611633258553297
td3_verified,2091387315,27.0,1.6685960278060497,99.91000000000001,0.0,0.0
td3_verified,2091387315,29.808003664497427,0.2766570374429802,100.03,0.0,0.0
td3_verified,2091387315,33.43908952329882,3.7718923673547646,100.11,0.0,0.0
td3_verified,2091387315,37.06237509886897,0.3626674854895907,99.91,0.0,0.0
td3_verified,2091387315,43.26023919915412,4.3414300987913945,99.67,0.210459507474539,21.0459507474539
td3_verified,2091387315,74.4870010058418,1.7093154443318557,99.62,0.047256813286040256,4.725681328604026
td3_verified,2091387315,77.32971709624377,0.17649143934405898,99.67,0.0,0.0
td3_verified,2091387315,78.0,1.8718060677531871,99.71000000000001,0.0,0.0
td3_verified,2091387315,84.0,4.0,99.53,0.13561969995076595,13.561969995076595
td3_verified,2091387315,106.75827301058096,3.0,99.4,0.16359613910634607,16.359613910634607
td3_verified,2091387315,107.59884299108352,1.0,99.36,0.1956906480609888,19.56906480609888
td3_verified,2091387315,108.97143681420027,1.0,99.35,0.19907237554809853,19.907237554809853
td3_verified,2091387315,109.54342879020977,0.45964347555096824,99.37,0.17174384646864382,17.174384646864382
td3_verified,2091387315,111.46209977717672,0.30086893964363076,99.36999999999999,0.1667560224032485,16.67560224032485
td3_verified,2091387315,113.0,4.0,99.37,0.15662231753429978,15.662231753429978
td3_verified,600114455,1.7428458197610042,1.3803510793431635,100.08000000000001,0.0,0.0
td3_verified,600114455,2.222130509351705,3.533048038466543,100.11,0.0,0.0
td3_verified,600114455,6.281584222345819,1.0159543338890598,100.15,0.0,0.0
td3_verified,600114455,9.941469620385512,1.1078045417512736,100.21000000000001,0.0,0.0
td3_verified,600114455,10.077298665521885,6.041144671049928,100.23,0.0,0.0
td3_verified,600114455,13.013452988964417,1.5205234794763904,100.19,0.0,0.0
td3_verified,600114455,15.102409035654604,6.999999999999999,100.27,0.0,0.0
td3_verified,600114455,19.91487518435452,1.6408341946296443,100.28,0.0,0.0
td3_verified,600114455,21.98493895801618,0.49602925024474676,100.31,0.0,0.0
td3_verified,600114455,22.412695530717638,11.65921805178649,100.29,0.0,0.0
td3_verified,600114455,23.456465949127885,0.9284017613213578,100.19,0.0,0.0
td3_verified,600114455,28.341243054612605,14.0,100.04,0.02261314759611821,2.261314759611821
td3_verified,600114455,31.165774792286737,11.0,100.03,0.025062909421578183,2.5062909421578183
td3_verified,600114455,36.25753996011453,2.707703622800801,100.05,0.0,0.0
td3_verified,600114455,37.95181277632223,4.0,99.88,0.1532204889826687,15.322048898266871
td3_verified,600114455,40.0,1.5915876938670612,99.89,0.24987724749915685,24.987724749915685
td3_verified,600114455,44.07920946098748,1.0,99.79,0.30683041544241973,30.683041544241973
td3_verified,600114455,45.0,1.0,99.77,0.2997873337209711,29.97873337209711
td3_verified,600114455,47.215808502342405,20.0,100.02000000000001,0.028241971883403494,2.8241971883403494
td3_verified,600114455,48.0,8.0,100.07,0.0,0.0
td3_verified,130407267,0.0,4.318926444849167,100.05,0.0,0.0
td3_verified,130407267,3.0583404537878742,3.127033610427644,100.04,0.06707254690461184,6.707254690461184
td3_verified,130407267,4.0,0.987076692578519,100.03,0.06119575659674581,6.119575659674581
td3_verified,130407267,8.60476970936445,8.517436099860356,99.92,0.09848990546461778,9.848990546461778
td3_verified,130407267,12.869997419456094,0.5605318981648479,100.08,0.0,0.0
td3_verified,130407267,15.822338604028293,1.4625907610995637,100.13,0.0,0.0
td3_verified,130407267,19.544095541144223,8.0,100.17,0.0,0.0
td3_verified,130407267,20.06413900833241,1.8388751223977626,100.13,0.0,0.0
td3_verified,130407267,27.19357570388769,1.5776029041309019,99.97000000000001,0.07076179867506482,7.076179867506482
td3_verified,130407267,35.0,3.48757842713928,99.92999999999999,0.08264283650967741,8.26428365096774
td3_verified,130407267,38.310707708024644,9.45998908645206,99.95,0.04942527161803412,4.942527161803412
td3_verified,130407267,40.48968155209234,6.504140638024667,100.01,0.0,0.0
td3_verified,130407267,43.138742600723845,1.7934656507483213,100.03,0.0,0.0
td3_verified,130407267,45.2427984553993,7.967688784028207,99.99,0.0,0.0
td3_verified,130407267,49.363229743155834,3.531006282523594,100.12,0.0,0.0
td3_verified,130407267,50.69832844713919,0.3952043688804401,100.08000000000001,0.0,0.0
td3_verified,130407267,56.905232745753636,8.0,100.22,0.0,0.0
td3_verified,130407267,61.465855371734854,1.2247939950475049,100.42,0.0,0.0
td3_verified,130407267,63.995671309883086,10.0,100.41000000000001,0.0,0.0
td3_verified,130407267,65.86173780846273,1.9206623561912226,100.42,0.0,0.0
td3_verified,130407267,66.10160914715995,0.27766811439042705,100.41,0.0,0.0
td3_verified,130407267,67.05666530931343,7.0,100.4,0.0,0.0
td3_verified,130407267,69.0,4.614755542980264,100.45,0.0,0.0
td3_verified,130407267,70.0,3.0,100.42,0.0,0.0
td3_verified,1707786086,0.0,3.321931438442944,100.05,0.0,0.0
td3_verified,1707786086,1.0,1.8945697407397017,100.07000000000001,0.0,0.0
td3_verified,1707786086,3.0496483718699485,1.0,100.08,0.06860788403658091,6.860788403658091
td3_verified,1707786086,6.226747938719251,0.5271016583592022,100.02,0.0,0.0
td3_verified,1707786086,7.0,5.079735500063627,100.01,0.0,0.0
td3_verified,1707786086,9.003793745059504,0.49334350566354523,100.03,0.0,0.0
td3_verified,1707786086,10.013726631223863,1.2969187946071759,100.00999999999999,0.0,0.0
td3_verified,1707786086,13.479588928493136,1.2916738860850223,100.08000000000001,0.0,0.0
td3_verified,1707786086,16.633827145650837,1.3682176048589985,100.10000000000001,0.0,0.0
td3_verified,1707786086,17.0,1.4966440064071698,100.05000000000001,0.0,0.0
td3_verified,1707786086,18.0,0.9561584939484463,100.10000000000001,0.0,0.0
td3_verified,1707786086,26.0,2.4204572863674714,100.05000000000001,0.0,0.0
td3_verified,1707786086,27.0,1.950850443168619,100.06,0.0,0.0
td3_verified,1707786086,28.0,0.7530282457251838,100.10000000000001,0.0,0.0
td3_verified,1707786086,29.0,1.2753265860418257,100.02000000000001,0.0,0.0
td3_verified,1707786086,32.0,8.71209654876611,100.04,0.0,0.0
td3_verified,1707786086,33.0,1.4240192886902663,100.05,0.0,0.0
td3_verified,1707786086,34.0,1.893531909175497,100.12,0.0,0.0
td3_verified,1707786086,35.0,0.48532206238909315,100.12,0.0,0.0
td3_verified,1707786086,36.0,3.7398640217410426,100.07,0.0,0.0
td3_verified,1707786086,37.0,7.0,100.10000000000001,0.0,0.0
td3_verified,1707786086,43.0,2.9556508592964157,100.11,0.0,0.0
td3_verified,1707786086,44.0,0.47852416087163124,100.11,0.0,0.0
td3_verified,1707786086,45.11098097875819,3.3353984776249543,100.12,0.0,0.0
td3_verified,1707786086,48.331175449608416,4.227481081949866,100.1,0.0,0.0
td3_verified,1707786086,49.13580686220019,4.810188699909276,100.14,0.0,0.0
td3_verified,1707786086,50.089072385261105,1.010646525192801,100.11,0.0,0.0
td3_verified,1707786086,51.0,3.0781861895816434,100.14,0.0,0.0
td3_verified,1707786086,56.54124726759958,15.881945828382594,100.14999999999999,0.0,0.0
td3_verified,1707786086,57.627044450697326,1.8377725796995037,100.13,0.0,0.0
td3_verified,1707786086,62.147071897092864,0.6621017452605904,100.2,0.0,0.0
td3_verified,1707786086,67.6101183892322,2.4015045427826385,100.17999999999999,0.0,0.0
td3_verified,1707786086,68.2460382986287,9.183322392943332,100.17999999999999,0.0,0.0
td3_verified,1707786086,70.0,0.8319480328272344,100.19,0.0,0.0
td3_verified,1234640717,0.0,6.366428185463521,100.07,0.0,0.0
td3_verified,1234640717,2.3417670748665147,2.8088033764615306,99.95,0.0,0.0
td3_verified,1234640717,3.0,1.5043017778121963,99.99,0.0,0.0
td3_verified,1234640717,5.0,3.9152420047571956,100.04,0.0,0.0
td3_verified,1234640717,6.0,0.48854860242905385,100.12,0.0,0.0
td3_verified,1234640717,9.137677539781293,1.2944386070955103,100.02000000000001,0.0,0.0
td3_verified,1234640717,10.814057605951525,4.264015616320552,100.02000000000001,0.0,0.0
td3_verified,1234640717,13.0,0.6431479660289032,100.08000000000001,0.0,0.0
td3_verified,1234640717,14.061419116457264,0.07028011392920114,100.08,0.0,0.0
td3_verified,1234640717,15.451477137345686,1.91225533399143,100.07000000000001,0.0,0.0
td3_verified,1234640717,16.0,7.043861165158853,100.11,0.0,0.0
td3_verified,1234640717,19.350594752669334,4.0,100.08000000000001,0.0,0.0
td3_verified,1234640717,21.322902327297058,1.8379161501192396,100.06,0.0,0.0
td3_verified,1234640717,23.0,0.33246700416874003,100.11,0.0,0.0
td3_verified,1234640717,27.0,7.541837108420722,100.14,0.0,0.0
td3_verified,1234640717,28.082560637889156,7.0,100.12,0.0,0.0
td3_verified,1234640717,31.910946772431,0.8478453136757956,100.12,0.0,0.0
td3_verified,1234640717,36.21380942070972,2.5766773326941665,100.14,0.0,0.0
td3_verified,1234640717,38.0,2.964419636548187,100.11999999999999,0.0,0.0
td3_verified,1234640717,42.3912909448801,6.0,100.19000000000001,0.0,0.0
td3_verified,1234640717,43.87340705837923,0.3307058600803647,100.21000000000001,0.0,0.0
td3_verified,1234640717,44.66460786704145,5.410999716055964,100.19000000000001,0.0,0.0
td3_verified,1234640717,48.006865718289106,14.317327272105082,100.19000000000001,0.0,0.0
td3_verified,1234640717,61.75435860398675,2.2481582588728903,100.16000000000001,0.0,0.0
td3_verified,1234640717,63.00003626696718,2.1625065064965914,100.24000000000001,0.0,0.0
td3_verified,1234640717,65.0,6.252492735338831,100.2,0.0,0.0
td3_verified,1234640717,67.0,5.0,100.23,0.0,0.0
td3_verified,547092092,0.0,6.5222218463208375,100.08,0.0,0.0
td3_verified,547092092,2.0,5.420931411827647,100.14,0.0,0.0
td3_verified,547092092,3.8754938921532385,3.4164321362995884,100.08,0.0,0.0
td3_verified,547092092,6.019371880634971,5.408035084347784,100.22999999999999,0.0,0.0
td3_verified,547092092,11.638227669214979,1.7432588186513456,100.09,0.0,0.0
td3_verified,547092092,13.861916797720102,4.0,100.08,0.0,0.0
td3_verified,547092092,14.649229010194983,1.9969978905554522,100.17,0.0,0.0
td3_verified,547092092,17.06820053374438,3.0,100.15,0.0,0.0
td3_verified,547092092,20.369389669295053,3.407294856587416,100.12,0.0,0.0
td3_verified,547092092,23.28925021995089,17.294868575599413,100.14,0.0,0.0
td3_verified,547092092,25.713383542621838,1.1704416289080593,100.07000000000001,0.0,0.0
td3_verified,547092092,28.297692800772975,3.5881055185069473,100.08,0.0,0.0
td3_verified,547092092,31.299269546283846,2.6233909990322353,100.0,0.0,0.0
td3_verified,547092092,32.59270227723255,8.117976643470074,99.98,0.0,0.0
td3_verified,547092092,33.0967615841887,17.65621118274127,99.94000000000001,0.0,0.0
td3_verified,547092092,35.0,14.0,100.07000000000001,0.0,0.0
td3_verified,129130662,0.0,1.1143680944367322,100.06,0.0,0.0
td3_verified,129130662,1.10332819606488,2.326793850178076,100.06,0.0,0.0
td3_verified,129130662,3.632059066866276,0.19257337503937208,100.16,0.0,0.0
td3_verified,129130662,5.191762301235622,1.8816913280223733,100.13,0.0,0.0
td3_verified,129130662,7.226563709845333,4.465601334626456,100.09,0.0,0.0
td3_verified,129130662,10.893629599349971,1.148059167925957,100.07000000000001,0.0,0.0
td3_verified,129130662,12.237261699131535,1.7171351455932582,100.09,0.0,0.0
td3_verified,129130662,15.544810461720154,9.307521407374987,100.03,0.0,0.0
td3_verified,129130662,16.54051490750846,1.1363005413468517,100.05,0.0,0.0
td3_verified,129130662,19.0,9.0,100.15,0.0,0.0
td3_verified,129130662,20.81914247888721,1.5545459730931002,100.2,0.0,0.0
td3_verified,129130662,21.653878195807586,5.877799690198788,100.2,0.0,0.0
td3_verified,129130662,22.67372961572859,3.066176385339311,100.12,0.0,0.0
td3_verified,129130662,23.0,3.7688690533170974,100.11999999999999,0.0,0.0
td3_verified,129130662,24.0,2.0769426118395717,100.13,0.0,0.0
td3_verified,129130662,25.0,3.1822867451000354,100.10000000000001,0.0,0.0
td3_verified,129130662,28.58515768921108,3.0,100.26,0.0,0.0
td3_verified,129130662,31.303994409441984,1.6335220859610118,100.29,0.0,0.0
td3_verified,129130662,35.025058713541526,0.290777393944996,100.27000000000001,0.0,0.0
td3_verified,129130662,36.0,5.5030538826444495,100.27000000000001,0.0,0.0
td3_verified,129130662,37.0,4.99026978334994,100.28999999999999,0.0,0.0
td3_verified,129130662,38.0,1.0417554256934005,100.31,0.0,0.0
td3_verified,129130662,43.90839907260075,5.419885376256374,100.37,0.0,0.0
td3_verified,129130662,44.77883303375528,6.570400966895622,100.36000000000001,0.0,0.0
td3_verified,129130662,48.22256808401404,1.9105261179523154,100.37,0.0,0.0
td3_verified,129130662,49.092697041075674,3.0,100.38,0.0,0.0
td3_verified,129130662,50.64810620974899,2.4323311902332083,100.35000000000001,0.0,0.0
td3_verified,129130662,51.59511710784214,1.0,100.37,0.0,0.0
td3_verified,129130662,56.44181540114417,2.686194720241301,100.39,0.0,0.0
td3_verified,129130662,58.84225550382574,0.06671723542713964,100.36,0.0,0.0
td3_verified,129130662,60.0,0.6420495198966674,100.36,0.0,0.0
td3_verified,129130662,62.0,0.0005113200964909637,100.39,0.0,0.0
td3_verified,129130662,63.09767219338409,5.0,100.41000000000001,0.0,0.0
td3_verified,129130662,65.31693790395762,2.0,100.45,0.0,0.0
td3_verified,869874735,0.0,1.1113156607693617,100.1,0.0,0.0
td3_verified,869874735,3.877683053541065,1.1925684680500794,100.11,0.0,0.0
td3_verified,869874735,4.738172701488425,8.171061839642888,100.03,0.0,0.0
td3_verified,869874735,7.488469889898642,3.366103488128771,100.07,0.0,0.0
td3_verified,869874735,8.911549730844188,0.9078557781156389,100.06,0.0,0.0
td3_verified,869874735,10.0,4.498042783537031,100.21000000000001,0.0,0.0
td3_verified,869874735,11.0,2.8351272770611047,100.11,0.0,0.0
td3_verified,869874735,13.0,9.198616699092627,100.2,0.0,0.0
td3_verified,869874735,17.751602251761348,1.1423680079467262,100.28,0.0,0.0
td3_verified,869874735,19.25137027959726,6.409047272623627,100.19,0.0,0.0
td3_verified,869874735,21.959450035618836,2.1737763636595067,100.26,0.0,0.0
td3_verified,869874735,24.803369846734306,1.018976228252688,100.22,0.0,0.0
td3_verified,869874735,28.90847525127706,8.999999999999998,100.28,0.0,0.0
td3_verified,869874735,37.98390145521455,2.7067322922824273,100.42,0.0,0.0
td3_verified,869874735,39.394389513781036,0.8293993410293599,100.42,0.0,0.0
td3_verified,869874735,40.26563699115348,0.09190665700895087,100.44000000000001,0.0,0.0
td3_verified,869874735,46.15606454390437,8.0,100.39999999999999,0.0,0.0
td3_verified,869874735,48.1650558828992,1.102468509566325,100.37,0.0,0.0
td3_verified,869874735,49.15383065679711,5.0,100.42,0.0,0.0
td3_verified,869874735,52.99800970829413,8.455453799697427,100.39,0.0,0.0
td3_verified,869874735,57.0,0.001397279779015187,100.34,0.0,0.0
td3_verified,869874735,58.0,0.051040766327822173,100.39,0.0,0.0
td3_verified,869874735,60.230323952084525,1.1886341319867644,100.44000000000001,0.0,0.0
td3_verified,869874735,83.0,1.010830418183698,100.57000000000001,0.0,0.0
td3_verified,869874735,84.0,0.27108596056676637,100.57000000000001,0.0,0.0
td3_verified,869874735,86.31922518417953,1.4433825784943315,100.60000000000001,0.0,0.0
td3_verified,869874735,88.1145362848727,1.1019818882854078,100.59,0.0,0.0
td3_verified,869874735,90.17897347501452,8.980227235205906,100.59,0.0,0.0
td3_verified,869874735,91.93679374909591,3.0426954636401256,100.57000000000001,0.0,0.0
td3_verified,869874735,93.16736458977896,0.4538913293879242,100.61000000000001,0.0,0.0
td3_verified,869874735,94.0128664277166,2.0241779753199216,100.57000000000001,0.0,0.0
td3_verified,869874735,95.20754229263335,2.1632538450168037,100.55000000000001,0.0,0.0
td3_verified,869874735,99.0,1.0,100.57,0.0,0.0
td3_verified,2659191,2.5488718883571893,3.2919946551341597,100.1,0.0,0.0
td3_verified,2659191,4.0,1.0,100.09,0.1080504760468699,10.80504760468699
td3_verified,2659191,6.110671613292849,1.6344217848806002,100.16,0.023776964607677087,2.3776964607677087
td3_verified,2659191,11.129483312111901,0.48798677099873855,100.24,0.0,0.0
td3_verified,2659191,12.93349504684376,5.417352264590909,100.19,0.0,0.0
td3_verified,2659191,14.147143502723425,16.563934041322494,100.14,0.038311003260361076,3.8311003260361076
td3_verified,2659191,16.823673034176966,4.367740011929978,100.04,0.10898759221456089,10.898759221456089
td3_verified,2659191,18.619495194839402,2.0292798654630815,100.1,0.0304826292538678,3.04826292538678
td3_verified,2659191,19.269800075614192,2.30816881388562,100.17,0.0,0.0
td3_verified,2659191,21.137865648639487,6.0,100.17,0.0,0.0
td3_verified,2659191,23.59577905191461,3.392817195497359,100.17999999999999,0.0,0.0
td3_verified,2659191,24.628432262976325,4.949619998210332,100.24000000000001,0.0,0.0
td3_verified,2659191,26.375477895871125,7.0,100.24,0.0,0.0
td3_verified,2659191,31.588402957269906,1.7869251962473334,100.3,0.0,0.0
td3_verified,2659191,35.248377579240966,0.8123090491619231,100.33,0.0,0.0
td3_verified,2659191,36.0,1.1084331616005263,100.35000000000001,0.0,0.0
td3_verified,2659191,37.52919287354841,2.023047629501691,100.34,0.0,0.0
td3_verified,2659191,38.30923127576004,1.367788324821505,100.37,0.0,0.0
td3_verified,2659191,41.11351418178254,6.550573859983995,100.34,0.0,0.0
td3_verified,2659191,42.0,0.12040805007663036,100.32000000000001,0.0,0.0
td3_verified,2659191,45.632364258496025,0.08590816883896801,100.38,0.0,0.0
td3_verified,2659191,59.15855802687642,5.102082749819914,100.2,0.0,0.0
td3_verified,2659191,60.42530351506503,1.5996311508090513,100.31,0.0,0.0
td3_verified,2659191,62.84555481405945,0.05880353027555185,100.22999999999999,0.0,0.0
td3_verified,2659191,65.26328278146515,7.177753546999121,100.22,0.0,0.0
td3_verified,2659191,68.04012034826212,0.22886374966136924,100.1,0.07531354690229364,7.531354690229364
td3_verified,2659191,69.0,8.0,100.19,0.0,0.0
td3_verified,2659191,73.0,0.19231147251135025,100.16,0.014376595433589046,1.4376595433589046
td3_verified,2659191,74.0,5.0,100.12,0.04673853652161597,4.673853652161597
td3_verified,1388619451,0.0,12.310600918204319,100.1,0.0,0.0
td3_verified,1388619451,3.6787983199582506,1.7817068266955776,99.87,0.05112887167447866,5.112887167447866
td3_verified,1388619451,4.947823439632177,2.5371106894085433,99.86,0.19995376531532827,19.995376531532827
td3_verified,1388619451,5.715169361588042,1.3379949678468555,99.8,0.19364662767287655,19.364662767287655
td3_verified,1388619451,7.751798531836773,3.7551237096503125,99.98,0.0,0.0
td3_verified,1388619451,8.61563592719201,1.6596521678441505,100.02000000000001,0.0,0.0
td3_verified,1388619451,11.342472938946395,0.20204463807850115,99.96000000000001,0.0,0.0
td3_verified,1388619451,14.751582650771304,5.736938341603553,100.07000000000001,0.0,0.0
td3_verified,1388619451,15.573295102260172,8.83052689607447,100.02,0.0,0.0
td3_verified,1388619451,16.9038757543164,7.840847750077986,99.92,0.0,0.0
td3_verified,1388619451,21.0,2.0,99.85000000000001,0.03795006744117302,3.795006744117302
td3_verified,1388619451,23.389080407027528,17.161872970661435,100.10000000000001,0.0,0.0
td3_verified,1388619451,29.80193611999987,1.301621770082437,100.06,0.0,0.0
td3_verified,1388619451,33.54707656024139,0.24883715718885474,100.12,0.0,0.0
td3_verified,1388619451,34.20661107571408,2.5940852664837957,100.14,0.0,0.0
td3_verified,1388619451,35.0,7.386166412797758,100.12,0.0,0.0
td3_verified,1388619451,36.0,2.396171932174811,100.11,0.0,0.0
td3_verified,1388619451,42.122763722015335,20.000000000000004,99.98,0.011158945061126246,1.1158945061126246
td3_verified,1896247783,1.0,1.3939821688040435,100.02,0.0959728795135959,9.59728795135959
td3_verified,1896247783,2.9299084790990992,3.9807799133090036,100.14,0.0,0.0
td3_verified,1896247783,4.147176228070516,5.344324322124569,100.09,0.0,0.0
td3_verified,1896247783,5.0,6.0,100.11,0.0,0.0
td3_verified,1896247783,6.0,0.8161380199510273,100.29,0.0,0.0
td3_verified,1896247783,15.0,4.771530836200081,100.35,0.0,0.0
td3_verified,1896247783,16.0,6.0,100.34,0.0,0.0
td3_verified,1896247783,17.156191334984598,0.905487098744594,100.37,0.0,0.0
td3_verified,1896247783,20.0,6.0,100.27,0.0,0.0
td3_verified,1896247783,22.728038645675937,6.564444750907642,100.36000000000001,0.0,0.0
td3_verified,1896247783,23.622850096071673,3.20052088208604,100.35000000000001,0.0,0.0
td3_verified,1896247783,26.129706798563628,4.0,100.15,0.011538047068455626,1.1538047068455626
td3_verified,1896247783,28.26548015413669,1.0511971886914795,100.11999999999999,0.025805811953745206,2.5805811953745206
td3_verified,1896247783,29.649918035246337,1.076367794247327,100.07,0.058116871346911125,5.8116871346911125
td3_verified,1896247783,30.41428089116456,1.3580708267952526,100.12,0.0,0.0
td3_verified,1896247783,32.790865195698906,2.260719794857182,100.05000000000001,0.03341332833228705,3.341332833228705
td3_verified,1896247783,35.60345467621133,2.7734428688657284,99.99,0.09629698173473855,9.629698173473855
td3_verified,1896247783,36.35859369060284,0.6711541047340112,100.02000000000001,0.044016582712956165,4.4016582712956165
td3_verified,1896247783,40.248372908645855,0.7276496559892378,100.0,0.07076322147686653,7.076322147686653
td3_verified,1896247783,45.47859833257189,0.145280237504384,99.92999999999999,0.11344223642601037,11.344223642601037
td3_verified,1896247783,47.02730811245188,4.32276899773469,99.92999999999999,0.08977078341241906,8.977078341241906
td3_verified,1896247783,48.0,10.202699665470941,99.97,0.02079756527416521,2.079756527416521
td3_verified,1896247783,50.0,2.024782660722785,99.77,0.17585830934962132,17.585830934962132
td3_verified,1896247783,54.68278115398686,1.9170717182458543,99.78,0.2135898166283141,21.35898166283141
td3_verified,1896247783,55.59581823865524,1.3608916835511626,99.88000000000001,0.11564771336895774,11.564771336895774
td3_verified,1896247783,63.409270232105946,0.4824654565097426,100.11000000000001,0.0,0.0
td3_verified,1896247783,64.0,1.579769856320643,100.15,0.0,0.0
td3_verified,1896247783,74.84870814367076,0.2720175346086105,100.21,0.0,0.0
td3_verified,1896247783,75.22473918460588,1.990687789403918,100.24,0.0,0.0
td3_verified,1896247783,78.0381768121796,2.4987423645196363,100.18,0.0,0.0
td3_verified,1896247783,80.0,0.8368762897616278,100.14,0.0,0.0
td3_verified,1896247783,82.0,5.649770892113464,100.23,0.0,0.0
td3_verified,1896247783,83.29213395736119,0.7372888337035552,100.23,0.0,0.0
td3_verified,1896247783,85.19170146963623,7.0,100.21,0.0,0.0
td3_verified,1565021161,0.0,4.616900029878568,100.07,0.0,0.0
td3_verified,1565021161,4.936127419677248,1.5233555015385694,100.08000000000001,0.0,0.0
td3_verified,1565021161,9.286880243793874,3.6987314664168878,99.97000000000001,0.0,0.0
td3_verified,1565021161,14.703261944958598,2.0,100.02000000000001,0.0,0.0
td3_verified,1565021161,15.393514110419044,5.533242750608759,100.03000000000002,0.0,0.0
td3_verified,1565021161,16.355847499173702,2.3430161313942883,99.99,0.0,0.0
td3_verified,1565021161,17.61465125943933,1.2049888008662055,100.14,0.0,0.0
td3_verified,1565021161,18.0,1.7358439433000772,100.11,0.0,0.0
td3_verified,1565021161,19.622063049656237,1.3906485789530107,100.18,0.0,0.0
td3_verified,1565021161,20.0,2.3462734533983722,100.15,0.0,0.0
td3_verified,1565021161,22.084283661303193,0.8457801671050722,100.19,0.0,0.0
td3_verified,1565021161,31.0,2.027309754132331,99.9,0.07210372293887701,7.210372293887701
td3_verified,1565021161,33.28260976554585,1.1027119439015582,99.94,0.015603235450527109,1.5603235450527109
td3_verified,1565021161,34.82086939301434,1.049293566435793,99.97000000000001,0.0,0.0
td3_verified,1565021161,36.55708112209814,1.5564708836082772,99.96000000000001,0.0,0.0
td3_verified,1565021161,40.48004810922298,2.598236844170341,99.95,0.0,0.0
td3_verified,1565021161,45.2342977845498,7.696114644303559,99.93,0.0,0.0
td3_verified,1565021161,46.0,0.8494726255741267,99.92,0.0,0.0
td3_verified,1565021161,47.22456565225363,3.381536417982436,99.9,0.010587691310959713,1.0587691310959713
td3_verified,1565021161,48.0,1.4652627207232605,99.92,0.0,0.0
td3_verified,1565021161,54.76473244970201,11.99849206135314,100.02,0.0,0.0
td3_verified,1565021161,61.01619708073026,10.190472835658335,99.82,0.12079420943516084,12.079420943516084
td3_verified,1565021161,63.90983544845339,2.2643988462258586,99.74000000000001,0.18473574743228482,18.473574743228482
td3_verified,1565021161,64.093876050347,6.0,99.77000000000001,0.15078870490287954,15.078870490287954
td3_verified,1565021161,66.02259281926263,3.0,99.73,0.18005631133088684,18.005631133088684
td3_verified,1565021161,69.85808985590864,7.0,99.78,0.13716696938209338,13.716696938209338
td3_verified,1565021161,70.82931721186364,1.9310243139153906,99.76,0.14406979377025664,14.406979377025664
td3_verified,1565021161,71.33842142159943,2.561491373954241,99.78999999999999,0.10802751581216796,10.802751581216796
td3_verified,1565021161,73.46853477458194,5.007552362466379,99.86999999999999,0.028432145025774958,2.8432145025774958
td3_verified,1565021161,77.6720263713183,0.4362087804335357,99.98,0.0,0.0
td3_verified,1254099581,0.0,1.372395470128803,100.06,0.0,0.0
td3_verified,1254099581,1.0,0.29720821158739763,100.11,0.0,0.0
td3_verified,1254099581,3.4759841497191415,13.459986323775011,100.00999999999999,0.0,0.0
td3_verified,1254099581,4.0,4.462862320352681,99.93,0.0,0.0
td3_verified,1254099581,5.680284290409089,4.218695372295214,99.93,0.0,0.0
td3_verified,1254099581,8.54920031994174,1.5158350380412149,100.19000000000001,0.0,0.0
td3_verified,1254099581,9.066815913204449,1.0353061093132654,100.23,0.0,0.0
td3_verified,1254099581,13.393996210795613,0.043004609542116934,100.21000000000001,0.0,0.0
td3_verified,1254099581,14.195428398116224,2.489668721727012,100.2,0.0,0.0
td3_verified,1254099581,17.036378306297642,0.6060760324819257,100.17,0.0,0.0
td3_verified,1254099581,24.50876647393862,3.526242270365987,100.23,0.0,0.0
td3_verified,1254099581,28.527719548573874,2.115028175716214,100.24,0.0,0.0
td3_verified,1254099581,32.37427292595876,4.120054268119249,100.2,0.0,0.0
td3_verified,1254099581,33.46389568013019,2.616745101959658,100.24,0.0,0.0
td3_verified,1254099581,37.09177625079015,0.7942663620645086,100.17999999999999,0.009665404594727534,0.9665404594727534
td3_verified,1254099581,38.0,4.478987388085295,100.17999999999999,0.0014096210986309643,0.14096210986309643
td3_verified,1254099581,41.37622702746877,3.2712049642789296,100.17,0.008292441675806117,0.8292441675806117
td3_verified,1254099581,45.0,0.07668177719156649,100.23,0.0,0.0
td3_verified,1254099581,49.33057059130391,2.988306479313575,100.2,0.004317044791292801,0.4317044791292801
td3_verified,1254099581,50.40515153200102,2.2979249134991693,100.30000000000001,0.0,0.0
td3_verified,1254099581,52.1204021440635,8.256903938329804,100.22999999999999,0.0,0.0
td3_verified,1254099581,53.773785739024305,4.512643092070772,100.11,0.06272665254486753,6.272665254486753
td3_verified,1254099581,54.93674391648114,0.06571314744354378,100.11999999999999,0.039605148119832734,3.9605148119832734
td3_verified,1254099581,60.32323343393285,1.9828483627555382,100.06,0.08294168085353704,8.294168085353704
td3_verified,1254099581,62.962782996738596,4.682005386523733,99.97,0.15800133180491116,15.800133180491116
td3_verified,1254099581,68.0,0.7308400228824035,100.02,0.10338957332136545,10.338957332136545
td3_verified,1254099581,69.31164577274878,4.518064501017701,99.99000000000001,0.12138243958365535,12.138243958365535
td3_verified,1254099581,70.75970318079837,5.7226540542518585,100.05000000000001,0.05889259116797518,5.889259116797518
td3_verified,1254099581,73.27771033319371,1.490878017399142,100.08,0.02178416625315549,2.178416625315549
td3_verified,1254099581,76.46174894200854,1.8100882351251781,100.11,0.0,0.0
td3_verified,1254099581,77.4902371827109,2.311973455122049,100.15,0.0,0.0
td3_verified,1254099581,78.0,1.7510708458299256,100.2,0.0,0.0
td3_verified,1254099581,83.0,5.947130462024017,100.18,0.0,0.0
td3_verified,319884394,2.0,1.6153420425348697,100.08,0.022860190463219965,2.2860190463219965
td3_verified,319884394,3.0,0.7462644878481837,100.06,0.02379283383535835,2.379283383535835
td3_verified,319884394,4.0,1.147100745251537,100.0,0.06896397167601265,6.896397167601265
td3_verified,319884394,5.0,0.9017229028994188,99.93,0.12679300750514244,12.679300750514244
td3_verified,319884394,9.631703435657649,5.188899855285322,100.03,0.004853414284866631,0.48534142848666306
td3_verified,319884394,10.90012057433717,1.3185933784303736,100.14,0.0,0.0
td3_verified,319884394,13.022623802394444,1.5037816820653973,100.13,0.0,0.0
td3_verified,319884394,16.866631675676295,0.8761157159049816,100.13000000000001,0.0,0.0
td3_verified,319884394,18.209677583623495,2.197697228398763,100.10000000000001,0.0,0.0
td3_verified,319884394,19.756212958612977,5.182417980951396,100.21,0.0,0.0
td3_verified,319884394,21.016666406833217,4.004160047598299,100.19,0.0,0.0
td3_verified,319884394,22.687469129363357,0.12104226020469483,100.26,0.0,0.0
td3_verified,319884394,26.614890624053206,1.3093260195987484,100.16000000000001,0.0,0.0
td3_verified,319884394,28.243755391423353,2.1219766258870747,100.28,0.0,0.0
td3_verified,319884394,29.0,3.4430426254672377,100.27000000000001,0.0,0.0
td3_verified,319884394,30.0,0.9866992832488801,100.25,0.0,0.0
td3_verified,319884394,33.71186814069607,0.84659289230801,100.24,0.0,0.0
td3_verified,319884394,35.05713199211558,0.4672603676183128,100.29,0.0,0.0
td3_verified,319884394,36.0,0.6960833116671348,100.25999999999999,0.0,0.0
td3_verified,319884394,42.24448636717329,0.7638241545332859,100.32000000000001,0.0,0.0
td3_verified,319884394,43.0,0.22349639169832877,100.32000000000001,0.0,0.0
td3_verified,319884394,45.862986833557564,1.9268378248318045,100.22,0.0,0.0
td3_verified,319884394,46.91566214561476,6.914583902776711,100.21000000000001,0.0,0.0
td3_verified,319884394,48.687688493309565,6.657908515627428,100.22,0.0,0.0
td3_verified,319884394,51.902556102827745,3.650232047233018,100.22999999999999,0.0,0.0
td3_verified,319884394,56.2485161385167,19.999999999999996,100.28999999999999,0.0,0.0
td3_verified,319884394,64.7180017176169,0.18083459357414272,100.28999999999999,0.0,0.0
td3_verified,319884394,68.10092550081704,1.791492464396907,100.38,0.0,0.0
td3_verified,319884394,71.0,1.2587647023301742,100.37,0.0,0.0
td3_verified,319884394,72.0,0.8973757632460394,100.4,0.0,0.0
td3_verified,319884394,73.0,2.8624584544604006,100.39,0.0,0.0
td3_verified,319884394,74.0,3.8277022072437084,100.4,0.0,0.0
td3_verified,319884394,76.38682324126773,10.33541543117061,100.35000000000001,0.0,0.0
td3_verified,319884394,78.82694138226827,0.09717786978726389,100.33,0.0,0.0
td3_verified,319884394,79.46453192732798,0.6771399109397873,100.31,0.0,0.0
td3_verified,319884394,81.09997464467648,1.6074548746698343,100.29,0.0,0.0
td3_verified,319884394,82.0,1.0,100.38,0.0,0.0
td3_verified,257706682,4.0,6.667620767088404,100.04,0.0,0.0
td3_verified,257706682,5.232977974950523,1.5303812301085065,100.04,0.0,0.0
td3_verified,257706682,7.0,1.6515891853656304,100.18,0.0,0.0
td3_verified,257706682,8.223501638003228,0.3912592104699708,100.17999999999999,0.0,0.0
td3_verified,257706682,9.828158702464606,0.6838594679094055,100.16000000000001,0.0,0.0
td3_verified,257706682,10.646580877950612,1.0612344814979784,100.18,0.0,0.0
td3_verified,257706682,13.588558750092371,2.558870857664849,100.2,0.0,0.0
td3_verified,257706682,20.194419612401834,1.7680134102006764,100.27,0.0,0.0
td3_verified,257706682,23.0,5.142854839353042,100.2,0.0,0.0
td3_verified,257706682,24.0,3.5307023011079326,100.21000000000001,0.0,0.0
td3_verified,257706682,25.0,5.0,100.17,0.0,0.0
td3_verified,257706682,27.231162604898888,2.2623985810303155,100.16000000000001,0.0,0.0
td3_verified,257706682,30.139347706390346,2.31636905651903,100.28,0.0,0.0
td3_verified,257706682,31.0,2.3444946327091536,100.31,0.0,0.0
td3_verified,257706682,37.18662339550442,6.0,100.25999999999999,0.0,0.0
td3_verified,257706682,38.0,2.730481777213692,100.26,0.0,0.0
td3_verified,257706682,39.0,1.420475113499768,100.26,0.0,0.0
td3_verified,257706682,43.79896439439764,18.000000000000004,100.26,0.0,0.0
td3_verified,257706682,52.67251223842872,0.0903381606687706,100.25,0.0,0.0
td3_verified,257706682,55.38753395228309,3.811506605543357,100.24000000000001,0.0,0.0
td3_verified,257706682,57.0,0.11836875577876727,100.27000000000001,0.0,0.0
td3_verified,257706682,62.31996072380556,4.016523503640101,100.22999999999999,0.0,0.0
td3_verified,257706682,63.0,0.41317737054458537,100.2,0.0,0.0
td3_verified,257706682,64.0,8.915363840216811,100.15,0.0,0.0
td3_verified,257706682,67.41354698827051,3.291890980797822,100.00999999999999,0.11467072780087051,11.46707278008705
td3_verified,257706682,69.15314584019143,1.6771076092750696,99.94,0.17728760552009248,17.72876055200925
td3_verified,257706682,72.25921588850994,2.0677345801377625,99.85,0.30681412779966877,30.681412779966877
td3_verified,257706682,83.05097574530176,1.0,99.83000000000001,0.3762155932149227,37.62155932149227
td3_verified,257706682,84.25673149180548,1.0,99.81,0.3903685351856012,39.03685351856012
td3_verified,257706682,85.10776615452164,1.0,99.79,0.4032076122238948,40.32076122238948
td3_verified,587003630,0.0,8.994226264107576,100.06,0.0,0.0
td3_verified,587003630,5.626382194409819,13.299374370494428,100.14999999999999,0.04379965157005472,4.379965157005472
td3_verified,587003630,9.263535071907956,3.366989743701636,100.02000000000001,0.22743828658943244,22.743828658943244
td3_verified,587003630,10.0,9.37666078143998,100.06,0.14675383852991786,14.675383852991786
td3_verified,587003630,11.32226495187834,8.019379378095994,100.12,0.17247848040942415,17.247848040942415
td3_verified,587003630,13.705774247007978,0.8693841915194803,100.07,0.1511134779163399,15.111347791633989
td3_verified,587003630,15.088918586254126,3.0,100.05,0.16214594592173626,16.214594592173626
td3_verified,587003630,18.0,2.0,100.08000000000001,0.10907579309119342,10.907579309119342
td3_verified,587003630,20.23365852717501,4.0,100.17,0.02472596327847043,2.472596327847043
td3_verified,587003630,21.654776519090664,7.168542113481274,100.14999999999999,0.07618675474313363,7.618675474313363
td3_verified,587003630,22.370610891261084,3.154526692965419,100.13,0.07628588277108861,7.628588277108861
td3_verified,587003630,23.93479894200229,0.42334929222087214,100.19000000000001,0.0,0.0
td3_verified,587003630,30.0,0.4841813578290723,100.04,0.13297270269700334,13.297270269700334
td3_verified,587003630,31.45470040725051,2.0,99.94,0.2248986764143126,22.48986764143126
td3_verified,587003630,32.17924025677475,5.7023727470746675,100.08000000000001,0.06999035905778328,6.999035905778328
td3_verified,587003630,33.0,1.6609740619386606,99.95,0.2067400788051117,20.67400788051117
td3_verified,587003630,34.01983148504852,1.3093508259926079,99.89,0.25304126177957187,25.304126177957187
td3_verified,587003630,39.39021801296464,6.0,99.95,0.16547295434901343,16.547295434901343
td3_verified,587003630,41.60987005253908,8.474091874614741,100.03,0.07324507640579725,7.324507640579725
td3_verified,587003630,49.95763150552822,1.6897956669555436,100.04,0.048088471925353815,4.8088471925353815
td3_verified,587003630,51.67831826370089,1.9418964124102345,100.14999999999999,0.0,0.0
td3_verified,587003630,55.161752344820144,2.510652226976678,99.92999999999999,0.15332160725651534,15.332160725651534
td3_verified,587003630,56.0,1.8156622882304894,99.95,0.11791568800501295,11.791568800501295
td3_verified,587003630,61.25463077624954,2.0,100.12,0.0,0.0
td3_verified,653436395,0.0,5.472124217379855,100.06,0.0,0.0
td3_verified,653436395,3.1624133546397064,6.13596737549761,100.0,0.0,0.0
td3_verified,653436395,6.0,1.0201392554023037,100.04,0.0,0.0
td3_verified,653436395,7.173708654980571,0.6163266557504633,99.92,0.07235236586593885,7.235236586593885
td3_verified,653436395,8.0,0.7869287801328709,100.02000000000001,0.0,0.0
td3_verified,653436395,12.705382573816763,1.3187449247902074,100.12,0.0,0.0
td3_verified,653436395,15.750802486457728,6.999999999999999,100.2,0.0,0.0
td3_verified,653436395,17.937277966478717,2.6428073989745715,100.16000000000001,0.0,0.0
td3_verified,653436395,20.0,3.6684943060187023,100.17,0.0,0.0
td3_verified,653436395,23.53464296774463,2.4630450156195742,100.28999999999999,0.0,0.0
td3_verified,653436395,29.576116882664806,0.7557300182272375,100.22,0.0,0.0
td3_verified,653436395,33.13361705951051,6.0,100.23,0.0,0.0
td3_verified,653436395,34.0,7.356188336272191,100.27,0.0,0.0
td3_verified,653436395,36.40102286265215,1.0511154986269657,100.30000000000001,0.0,0.0
td3_verified,653436395,38.13752087041081,2.0,100.28,0.0,0.0
td3_verified,653436395,40.04248796528544,0.45979685914690627,100.26,0.0,0.0
td3_verified,653436395,43.805938514796075,3.573359554019625,100.28,0.0,0.0
td3_verified,653436395,44.36136869823045,4.468676526620966,100.29,0.0,0.0
td3_verified,653436395,45.0,2.951872420664261,100.24000000000001,0.0,0.0
td3_verified,653436395,46.86510096770721,3.847884409570207,100.24000000000001,0.0,0.0
td3_verified,653436395,47.2317881704588,1.738008230843873,100.24,0.0,0.0
td3_verified,653436395,49.11944625241206,0.5397993700395524,100.31,0.0,0.0
td3_verified,653436395,52.0,2.283784003400834,100.31,0.0,0.0
td3_verified,653436395,60.50082395525267,1.765712444954357,100.37,0.0,0.0
td3_verified,653436395,61.0,13.105139130705048,100.37,0.0,0.0
td3_verified,653436395,63.02564245747351,6.61279687289615,100.31,0.0,0.0
td3_verified,653436395,65.79759198479618,3.1671989716103135,100.26,0.0,0.0
td3_verified,653436395,68.49971875408103,1.8840394726592704,100.28,0.0,0.0
td3_verified,653436395,70.43980490680433,5.0,100.24,0.0,0.0
td3_verified,823497974,0.0,3.054605167966192,100.06,0.0,0.0
td3_verified,823497974,4.224048770389382,1.995867369725453,99.97,0.0,0.0
td3_verified,823497974,5.0,4.912558057104464,99.98,0.0,0.0
td3_verified,823497974,8.937412513436112,11.900052469921942,100.08000000000001,0.0,0.0
td3_verified,823497974,15.794958387559873,1.0216103786185773,100.24,0.0,0.0
td3_verified,823497974,24.0,1.0293621390464074,100.19,0.0,0.0
td3_verified,823497974,26.0,0.5886021526701093,100.22999999999999,0.0,0.0
td3_verified,823497974,28.345501635542664,1.936930523402968,100.08999999999999,0.0,0.0
td3_verified,823497974,31.177960320592017,9.67925876678022,100.19000000000001,0.0,0.0
td3_verified,823497974,33.54073922845447,4.0,100.2,0.0,0.0
td3_verified,823497974,36.0,8.941361862260786,100.25,0.0,0.0
td3_verified,823497974,41.0,3.23698849981135,100.15,0.0,0.0
td3_verified,823497974,42.0,1.7162958356814713,100.22000000000001,0.0,0.0
td3_verified,823497974,43.40822476624321,2.928238313714415,100.25,0.0,0.0
td3_verified,823497974,48.0,1.1284337187696034,100.09,0.0,0.0
td3_verified,823497974,50.01350369745084,0.6382232829773484,100.08,0.0,0.0
td3_verified,823497974,51.0,4.03220122458751,100.0,0.0,0.0
td3_verified,823497974,56.15979638518981,0.9574704857628515,99.95,0.0,0.0
td3_verified,823497974,57.0,0.8972847772561082,99.96000000000001,0.0,0.0
td3_verified,823497974,62.414478828435314,10.325540508559559,100.0,0.0,0.0
td3_verified,823497974,67.4942973986708,0.6693798248748376,99.92999999999999,0.0,0.0
td3_verified,823497974,69.51972513600349,0.42457329079203965,100.03,0.0,0.0
td3_verified,823497974,74.73420434763905,1.4784993790953649,100.08,0.0,0.0
td3_verified,823497974,77.11842031263132,1.6272278874439727,100.13000000000001,0.0,0.0
td3_verified,823497974,78.0,3.165793640512264,100.11999999999999,0.0,0.0
td3_verified,823497974,80.0,4.447395212720728,100.13,0.0,0.0
td3_verified,823497974,84.40346484230206,2.007605131593881,100.10000000000001,0.0,0.0
td3_verified,823497974,86.56910583448476,7.0,100.17999999999999,0.0,0.0
td3_verified,823497974,89.74672697137922,0.06229725555032012,100.17,0.0,0.0
td3_verified,823497974,99.61528811445856,3.8375939118595186,100.22000000000001,0.0,0.0
td3_verified,613839703,2.0,0.8742087993811936,100.07000000000001,0.0,0.0
td3_verified,613839703,11.0,9.219335799440236,99.86,0.014231094780953413,1.4231094780953413
td3_verified,613839703,14.022802075619818,2.8983116283049224,99.80000000000001,0.027994074752413667,2.7994074752413667
td3_verified,613839703,15.0,0.25008135652862157,99.83000000000001,0.0,0.0
td3_verified,613839703,16.0,21.631488074263224,99.84,0.0,0.0
td3_verified,613839703,17.388419826014967,0.8978374693033698,99.7,0.0,0.0
td3_verified,613839703,18.93698316502441,8.077094576739889,99.77,0.0,0.0
td3_verified,613839703,21.316849190241896,2.5378089248069187,99.84,0.0,0.0
td3_verified,613839703,24.0,2.978022639169107,99.75,0.0,0.0
td3_verified,613839703,26.098052429039047,10.518617072143343,99.78,0.0,0.0
td3_verified,613839703,27.870189118715974,0.3693964954337744,99.77,0.0,0.0
td3_verified,613839703,29.830485022895544,2.0757713068363834,99.78999999999999,0.0,0.0
td3_verified,613839703,31.850497366161083,1.285063809718046,99.71,0.0,0.0
td3_verified,613839703,32.0,2.3861968591834883,99.72,0.0,0.0
td3_verified,613839703,33.06425939738212,0.06310685205832367,99.75,0.0,0.0
td3_verified,613839703,34.0,2.45891745554619,99.79,0.0,0.0
td3_verified,613839703,35.0,3.0896874657456173,99.79,0.0,0.0
td3_verified,613839703,36.505304739652175,0.40295150954797987,99.77000000000001,0.0,0.0
td3_verified,613839703,37.0,3.9673367252498286,99.77,0.0,0.0
td3_verified,613839703,40.369309037861655,4.4548382612354676,99.87,0.0,0.0
td3_verified,613839703,41.0,1.6321042307486284,99.88,0.0,0.0
td3_verified,613839703,43.0278152276426,1.3430781859470504,99.86,0.0,0.0
td3_verified,613839703,45.0,2.7420067931149448,99.86,0.0,0.0
td3_verified,613839703,47.17032155799201,0.9161546848721844,99.91000000000001,0.0,0.0
td3_verified,613839703,50.597659566662685,4.0,99.96,0.0,0.0
td3_verified,613839703,52.13333271377846,3.9492079891545857,99.94,0.0,0.0
td3_verified,613839703,54.45488727951133,2.0,100.0,0.0,0.0
td3_verified,613839703,57.07408991321855,1.3073314302659327,99.9,0.0,0.0
td3_verified,613839703,64.08601029140068,0.8290049963858516,99.81,0.0,0.0
td3_verified,740004418,0.0,17.225820751032625,100.03,0.0,0.0
td3_verified,740004418,6.063480013471804,4.6763572067845285,100.13,0.0,0.0
td3_verified,740004418,9.840213208637849,2.939503587280966,100.11,0.0,0.0
td3_verified,740004418,10.318579856671663,5.0,100.07,0.0,0.0
td3_verified,740004418,15.0,1.583797795184029,100.16,0.0,0.0
td3_verified,740004418,17.87493525672498,2.4573848467965425,100.17,0.0,0.0
td3_verified,740004418,23.335822309561582,3.1822413835888574,100.19999999999999,0.0,0.0
td3_verified,740004418,24.843100102590427,1.1607201506580882,100.21000000000001,0.0,0.0
td3_verified,740004418,25.77519428255051,4.12022996616088,100.11999999999999,0.0,0.0
td3_verified,740004418,27.39207712227131,0.45213673544283317,100.27,0.0,0.0
td3_verified,740004418,28.790731076725653,11.677113156921319,100.28,0.0,0.0
td3_verified,740004418,29.83498710473117,6.070574543815432,100.28,0.0,0.0
td3_verified,740004418,35.48272877609047,0.2720498326691031,100.30000000000001,0.0,0.0
td3_verified,740004418,37.134292355405094,2.0277158408718323,100.29,0.0,0.0
td3_verified,740004418,38.0,0.6272019858823329,100.28,0.0,0.0
td3_verified,740004418,39.0,7.168127581567912,100.27,0.0,0.0
td3_verified,740004418,41.87053511560346,2.9986202358559395,100.28,0.0,0.0
td3_verified,740004418,45.609032878996175,13.786625155644899,100.29,0.0,0.0
td3_verified,740004418,49.028820978276855,7.887850891471249,100.31,0.0,0.0
td3_verified,740004418,53.22952816834719,4.0,100.29,0.0,0.0
td3_verified,1875934291,1.7195188055363106,3.1854323538340874,100.05,0.0,0.0
td3_verified,1875934291,2.5245395081608013,1.2373129781484051,100.14,0.0,0.0
td3_verified,1875934291,4.146351906000568,2.2059272906848655,100.05000000000001,0.0,0.0
td3_verified,1875934291,6.0,8.220322726238248,100.08000000000001,0.0,0.0
td3_verified,1875934291,7.058167460626537,5.87402732408558,100.12,0.0,0.0
td3_verified,1875934291,9.025084254563646,0.14255481942134413,100.14,0.0,0.0
td3_verified,1875934291,10.275248060249512,0.7260843116659629,100.02000000000001,0.00335065071335805,0.335065071335805
td3_verified,1875934291,13.21513989924465,1.911345239640991,99.98,0.032151122144739475,3.2151122144739475
td3_verified,1875934291,18.022268354897438,3.0000000000000004,99.93,0.07248510924760865,7.248510924760865
td3_verified,1875934291,20.97563747087178,0.31667926597876184,100.05,0.0,0.0
td3_verified,1875934291,22.441766869007104,1.4232145407266894,99.99000000000001,0.013374790057540054,1.3374790057540054
td3_verified,1875934291,23.0,0.6638224959537977,100.03,0.0,0.0
td3_verified,1875934291,24.085832059108164,0.6896828998337247,100.07000000000001,0.0,0.0
td3_verified,1875934291,27.274016970179062,5.807551944974828,100.05,0.0,0.0
td3_verified,1875934291,28.0,1.198140385354023,100.10000000000001,0.0,0.0
td3_verified,1875934291,29.0,3.0942665309987945,100.14,0.0,0.0
td3_verified,1875934291,30.0,1.8704721148080556,100.17,0.0,0.0
td3_verified,1875934291,31.0,6.436852992242382,99.98,0.0,0.0
td3_verified,1875934291,32.0,1.1029792661641895,100.02000000000001,0.0,0.0
td3_verified,1875934291,33.095396921762514,9.115750791336065,99.96000000000001,0.0,0.0
td3_verified,1875934291,37.21700588293112,0.4787819186706599,99.93,0.015909616979257635,1.5909616979257635
td3_verified,1875934291,41.45399549525672,0.5653385555477339,100.11,0.0,0.0
td3_verified,1875934291,42.244124951469544,6.0,100.13000000000001,0.0,0.0
td3_verified,1875934291,45.13303851527908,4.0054804907300765,100.12,0.0,0.0
td3_verified,1875934291,53.0,0.37007678812167555,100.12,0.0,0.0
td3_verified,1875934291,56.70311573771575,5.974169823993863,99.95,0.006020227459558214,0.6020227459558214
td3_verified,1875934291,58.092033955871294,0.42594206758127384,99.91000000000001,0.046697493103664556,4.669749310366456
td3_verified,1875934291,60.38286289552247,3.0325693675009036,99.87,0.07871021015108681,7.871021015108681
td3_verified,1875934291,67.47576268570208,4.980622606102236,99.91000000000001,0.043842540108911976,4.384254010891198
td3_verified,1875934291,68.48496164831093,2.0670196667920564,99.82,0.131982131487689,13.1982131487689
td3_verified,1875934291,70.59129141172124,10.850734903132025,99.92,0.04457006141322495,4.457006141322495
td3_verified,1875934291,72.29070705265002,1.6336082469890274,99.94000000000001,0.02033948358476323,2.033948358476323
td3_verified,1875934291,73.66476752004955,1.0,99.94000000000001,0.01646611152011701,1.646611152011701
td3_verified,1766793914,0.0,11.501826876639832,100.06,0.0,0.0
td3_verified,1766793914,4.7388146204265595,0.7882700856709787,100.18,0.0,0.0
td3_verified,1766793914,6.107558766493779,0.8331312998027607,100.21,0.0,0.0
td3_verified,1766793914,7.633208034649005,12.560978193272318,100.19000000000001,0.0,0.0
td3_verified,1766793914,9.94580432812402,1.3767862047916493,100.21000000000001,0.0,0.0
td3_verified,1766793914,14.36410298025781,1.3310826725830749,100.25,0.0,0.0
td3_verified,1766793914,19.68304700126621,2.777428435869281,100.4,0.0,0.0
td3_verified,1766793914,31.457841105880398,0.3478047390652565,100.31,0.0,0.0
td3_verified,1766793914,32.073718148221225,7.4030819622540465,100.3,0.0,0.0
td3_verified,1766793914,33.183758217629276,3.1722165213017233,100.33,0.0,0.0
td3_verified,1766793914,36.0,0.5227082495212261,100.3,0.0,0.0
td3_verified,1766793914,37.0,1.2670245166717773,100.35,0.0,0.0
td3_verified,1766793914,40.52078315361494,2.050201543998166,100.38000000000001,0.0,0.0
td3_verified,1766793914,41.0,0.6520502198285008,100.32000000000001,0.0,0.0
td3_verified,1766793914,43.55104183823679,7.0,100.39,0.0,0.0
td3_verified,1766793914,46.39070412501037,2.1362818394298,100.37,0.0,0.0
td3_verified,1766793914,47.17571653569686,1.0659614629664733,100.27,0.018829427274454247,1.8829427274454247
td3_verified,1766793914,50.402873606358924,0.026199743126658515,100.3,0.0,0.0
td3_verified,1766793914,52.22454291954157,0.7038334717194854,100.24,0.033168563988937194,3.3168563988937194
td3_verified,1766793914,59.27949413400398,6.0,100.19,0.09021338345706909,9.021338345706909
td3_verified,1766793914,64.17169236441194,0.8162306448135873,100.25,0.019468923314093445,1.9468923314093445
td3_verified,1766793914,66.0,0.3541511915839133,100.21,0.05772763542040593,5.772763542040593
td3_verified,1766793914,67.06482170865348,7.904826819734964,100.22,0.04073633671374921,4.073633671374921
td3_verified,1766793914,68.00198240594042,2.280501826293442,100.17,0.08519236069498959,8.519236069498959
td3_verified,1766793914,69.82434934044267,2.5305594529573536,100.12,0.12632366636736947,12.632366636736947
td3_verified,1766793914,70.97605228495831,6.051476513566981,100.17,0.06395930089486512,6.395930089486512
td3_verified,1766793914,73.4945932838054,7.016926867307734,100.15,0.07620022210988964,7.620022210988964
td3_verified,1766793914,79.59804899853714,1.3328173799408414,100.15,0.07810287326684318,7.810287326684318
td3_verified,1766793914,84.73709663681306,0.9610797916211622,100.32000000000001,0.0,0.0
td3_verified,1766793914,88.49329994666,0.21232746860426316,100.31,0.0,0.0
td3_verified,1766793914,91.01552589202296,4.510482236903495,100.31,0.0,0.0
td3_verified,1766793914,92.0,1.0471767294469196,100.31,0.0,0.0
td3_verified,1766793914,93.38492128677625,1.0,100.31,0.0,0.0
td3_verified,473890442,0.0,1.757385049125122,100.03,0.0,0.0
td3_verified,473890442,1.292535047303393,0.1850190806918176,100.02000000000001,0.02084637105988918,2.084637105988918
td3_verified,473890442,2.2008441947719493,2.589676604469075,100.07000000000001,0.0,0.0
td3_verified,473890442,3.093628963508093,3.7284922224957042,100.03999999999999,0.0,0.0
td3_verified,473890442,4.0,0.7209152626060353,100.09,0.0,0.0
td3_verified,473890442,5.2860609903484965,1.5687192037469773,100.05,0.0,0.0
td3_verified,473890442,6.580965153117125,1.5370533223382814,100.11000000000001,0.0,0.0
td3_verified,473890442,7.409511068856534,2.971798832825837,100.14999999999999,0.0,0.0
td3_verified,473890442,9.19214747530176,1.3802051030381852,100.11999999999999,0.0,0.0
td3_verified,473890442,10.0,3.0,100.27,0.0,0.0
td3_verified,473890442,12.188286270703006,1.628326400756976,100.30000000000001,0.0,0.0
td3_verified,473890442,18.0,4.0,100.28,0.0,0.0
td3_verified,473890442,24.873603732552095,7.0,100.12,0.0,0.0
td3_verified,473890442,26.33578524620217,0.200821417321133,100.24000000000001,0.0,0.0
td3_verified,473890442,30.0,12.0,100.14,0.0,0.0
td3_verified,473890442,37.354272750665146,6.338607658344754,100.17,0.0,0.0
td3_verified,473890442,38.0,1.817550411393497,100.2,0.0,0.0
td3_verified,473890442,40.769297469979485,1.5898795051020538,100.14999999999999,0.0,0.0
td3_verified,473890442,41.294780045164124,0.6015410387182203,100.08,0.0,0.0
td3_verified,473890442,44.0,1.8594397117270651,100.08,0.0,0.0
td3_verified,473890442,45.0,4.5858374339350325,100.09,0.0,0.0
td3_verified,473890442,46.66506526489683,1.410422463025681,100.00999999999999,0.050644534874194846,5.064453487419485
td3_verified,473890442,47.164218009788314,0.04522825910886075,99.99,0.06884661819435678,6.884661819435678
td3_verified,473890442,50.23805342347863,8.222149075434121,100.13,0.0,0.0
td3_verified,473890442,53.11584735629797,6.655942352244635,100.07000000000001,0.0,0.0
td3_verified,473890442,60.6776350907628,6.0553576917058125,99.92,0.1801179053370845,18.01179053370845
td3_verified,473890442,62.07974132595006,2.0,99.87,0.22296763911003836,22.296763911003836
td3_verified,473890442,64.0,1.9574010318442396,100.07000000000001,0.00721559798216731,0.721559798216731
td3_verified,473890442,66.3669572531176,3.6321207589873126,100.03999999999999,0.030866305145849537,3.0866305145849537
td3_verified,473890442,69.60230613678236,2.1407509626378802,100.11000000000001,0.0,0.0
td3_verified,473890442,73.70787480654334,1.305241217968866,100.1,0.0,0.0
td3_verified,473890442,77.30651020733966,5.0,100.08999999999999,0.0,0.0
td3_verified,166731503,0.0,7.186743005991296,100.06,0.0,0.0
td3_verified,166731503,1.6486851156443565,1.2846497777511554,100.0,0.0,0.0
td3_verified,166731503,2.913822462359021,3.31902445852813,100.08,0.0,0.0
td3_verified,166731503,12.519796007150902,2.4469140832503675,100.12,0.0,0.0
td3_verified,166731503,13.941604603742432,0.7652694776777023,100.26,0.0,0.0
td3_verified,166731503,16.090419875568088,1.568976339737594,100.32000000000001,0.0,0.0
td3_verified,166731503,18.0,2.8228111762581025,100.32,0.0,0.0
td3_verified,166731503,21.46937026221769,5.245568828876886,100.3,0.0,0.0
td3_verified,166731503,22.0,1.5375945370774078,100.3,0.0,0.0
td3_verified,166731503,24.442274051912065,0.13889753137938993,100.3,0.0,0.0
td3_verified,166731503,25.780929327483634,0.22528417327827335,100.37,0.0,0.0
td3_verified,166731503,28.346890829963062,1.035595204515251,100.45,0.0,0.0
td3_verified,166731503,33.0,0.7322267171773406,100.32,0.0,0.0
td3_verified,166731503,34.0,5.0,100.33999999999999,0.0,0.0
td3_verified,166731503,37.216872869001804,3.5381986845463276,100.42,0.0,0.0
td3_verified,166731503,44.0,1.9483076266050219,100.41,0.0,0.0
td3_verified,166731503,45.0,2.6689301719368146,100.4,0.0,0.0
td3_verified,166731503,46.0,15.856242487645295,100.54,0.0,0.0
td3_verified,166731503,52.16659912785748,1.5589952606108926,100.54,0.0,0.0
td3_verified,166731503,55.92140112719327,1.8502005015223428,100.58000000000001,0.0,0.0
td3_verified,166731503,56.26839296817596,4.489633283686016,100.59,0.0,0.0
td3_verified,166731503,58.798025445465186,2.1010920171502714,100.57000000000001,0.0,0.0
td3_verified,166731503,61.22887221375756,0.9108831796955306,100.54,0.0,0.0
td3_verified,166731503,65.0,0.4789407901342019,100.47999999999999,0.0,0.0
td3_verified,166731503,76.71325960668283,3.1373962937938997,100.61,0.0,0.0
td3_verified,166731503,79.35791373503965,2.502809992007644,100.61,0.0,0.0
td3_verified,166731503,82.20726039837662,1.2950310938683525,100.62,0.0,0.0
td3_verified,166731503,83.2656946852817,20.11825306584715,100.63,0.0,0.0
td3_verified,166731503,98.4502800467282,2.7695677253515423,100.49,0.0,0.0
td3_verified,166731503,101.1582769449388,1.0,100.6,0.0,0.0
td3_verified,13571695,1.0,4.431227738582865,100.10000000000001,0.0,0.0
td3_verified,13571695,2.009469424982889,1.5353603039991028,100.08,0.0,0.0
td3_verified,13571695,4.628749957837548,4.378167375898698,100.06,0.0,0.0
td3_verified,13571695,5.45486639150184,2.488789137276545,100.08,0.0,0.0
td3_verified,13571695,8.646024348330066,2.8151814255646777,100.07000000000001,0.0,0.0
td3_verified,13571695,9.168854801770431,2.8413765162512963,100.05,0.0,0.0
td3_verified,13571695,10.0,2.1797192284156313,100.09,0.0,0.0
td3_verified,13571695,11.0,1.8547456517521037,100.08,0.0,0.0
td3_verified,13571695,17.381875588432564,6.5421627350462135,100.07000000000001,0.0,0.0
td3_verified,13571695,21.036825503388272,12.072714339726268,99.99000000000001,0.010580443690869856,1.0580443690869856
td3_verified,13571695,24.195049799773965,9.64624657727473,99.86000000000001,0.2433690270808171,24.33690270808171
td3_verified,13571695,26.409559505795286,1.0,99.7,0.39161539312765115,39.161539312765115
td3_verified,13571695,27.125476557242372,0.8855952658392929,99.71000000000001,0.35562703932259865,35.562703932259865
td3_verified,13571695,34.0,4.950770957200829,99.88,0.11317391623592243,11.317391623592243
td3_verified,13571695,35.0,0.064423672789449,99.85000000000001,0.11927966317895766,11.927966317895766
td3_verified,13571695,36.0,10.0,99.82000000000001,0.1296938258460898,12.96938258460898
td3_verified,13571695,38.02508209229624,1.0,99.71000000000001,0.23135240783423683,23.135240783423683
td3_verified,13571695,41.899677820944575,2.0,99.75,0.17912196173855932,17.912196173855932
td3_verified,13571695,43.747808203899744,1.6749228090979285,99.79,0.12134551518975911,12.134551518975911
td3_verified,13571695,45.02071548441635,0.5242107283888465,99.76,0.1488691727102065,14.88691727102065
td3_verified,13571695,52.67208373466864,1.7152111142339475,99.83000000000001,0.0599901329312047,5.99901329312047
td3_verified,13571695,54.0,0.31385824830480635,99.85000000000001,0.028382710800514133,2.8382710800514133
td3_verified,13571695,56.25898939784213,12.011077521567309,99.87,0.0014980298709730278,0.14980298709730278
td3_verified,13571695,65.83297346802713,3.8670211811549575,99.92,0.0,0.0
td3_verified,13571695,67.37777884636823,9.0,99.96000000000001,0.0,0.0
td3_verified,1661773068,2.0,1.850184926767106,100.14,0.0,0.0
td3_verified,1661773068,3.0,6.0,99.97,0.0,0.0
td3_verified,1661773068,6.439367434667765,0.8312791093802454,100.09,0.0,0.0
td3_verified,1661773068,9.458239199162406,1.3748845697022252,100.26,0.0,0.0
td3_verified,1661773068,12.0,3.4912918276426934,100.21000000000001,0.0,0.0
td3_verified,1661773068,14.717348283371063,0.2513868432319972,100.3,0.0,0.0
td3_verified,1661773068,15.281614605346553,3.4656792024462963,100.25,0.0,0.0
td3_verified,1661773068,18.034461533363707,1.966280740716393,100.19,0.0,0.0
td3_verified,1661773068,20.011709598229206,10.638064862301809,100.14,0.0,0.0
td3_verified,1661773068,22.035332482310885,3.5543582529020243,100.15,0.0,0.0
td3_verified,1661773068,23.928437035825564,1.1077894449292514,100.06,0.041852764071521165,4.1852764071521165
td3_verified,1661773068,29.0,1.5262284636609516,100.08,0.0,0.0
td3_verified,1661773068,35.0,1.449356923277099,100.2,0.0,0.0
td3_verified,1661773068,36.94062249746758,0.005257064812973472,100.03,0.047587965017655165,4.7587965017655165
td3_verified,1661773068,38.0,0.7674693643204631,100.02,0.04417076497799144,4.417076497799144
td3_verified,1661773068,41.52092121537092,7.766501284890177,100.21000000000001,0.0,0.0
td3_verified,1661773068,48.07837155794558,7.307896174894219,100.35000000000001,0.0,0.0
td3_verified,1661773068,52.233490228453974,2.5315991523568435,100.36000000000001,0.0,0.0
td3_verified,1661773068,53.0,4.319180643584933,100.35000000000001,0.0,0.0
td3_verified,1661773068,56.18978098516412,2.581046356274666,100.38000000000001,0.0,0.0
td3_verified,1661773068,57.0,4.553039044867033,100.38000000000001,0.0,0.0
td3_verified,1661773068,61.1510736592379,0.1976878478818641,100.38000000000001,0.0,0.0
td3_verified,1661773068,64.5217816222026,2.113195381748185,100.47,0.0,0.0
td3_verified,1661773068,65.0,3.0,100.51,0.0,0.0
td3_verified,1661773068,66.0,1.8373512869737147,100.60000000000001,0.0,0.0
td3_verified,1661773068,69.0,0.2709330229929954,100.59,0.0,0.0
td3_verified,1661773068,71.0,3.175989686925478,100.57000000000001,0.0,0.0
td3_verified,1661773068,75.41664020006881,3.0,100.63,0.0,0.0
td3_verified,1661773068,76.94650844805233,1.181109084812259,100.6,0.0,0.0
td3_verified,1661773068,80.45694771700481,4.15680771589461,100.59,0.0,0.0
td3_verified,1661773068,82.1784637885436,7.0,100.42,0.0,0.0
td3_verified,1661773068,87.31500030255548,0.10874927005287482,100.4,0.0,0.0
td3_verified,1661773068,88.0,3.6567516050625866,100.5,0.0,0.0
td3_verified,1661773068,89.0,2.0,100.48,0.0,0.0
td3_verified,1846147558,0.0,2.586519891165778,100.02,0.0,0.0
td3_verified,1846147558,1.0,1.4838586071033293,100.14,0.02500342898441943,2.500342898441943
td3_verified,1846147558,3.0,3.6273139882375305,100.19000000000001,0.12179185995546504,12.179185995546504
td3_verified,1846147558,4.0,2.8318161564578377,100.18,0.04100885593062742,4.100885593062742
td3_verified,1846147558,5.314703658231448,0.3611830542153338,100.12,0.09400284398991232,9.400284398991232
td3_verified,1846147558,6.0,5.245575436360818,100.16,0.06800926216999414,6.8009262169994145
td3_verified,1846147558,7.513481689724214,1.810621603500175,100.13,0.05141806383551284,5.141806383551284
td3_verified,1846147558,12.993403567560087,0.7304604649681208,100.18,0.0,0.0
td3_verified,1846147558,17.82973895463062,5.650294071003396,100.16,0.015491829647032773,1.5491829647032773
td3_verified,1846147558,18.033098691989668,2.7627226240983207,100.21000000000001,0.0,0.0
td3_verified,1846147558,20.624014753941612,3.9321565956213576,100.19,0.0,0.0
td3_verified,1846147558,23.153848341670145,1.5841582652827717,100.07,0.11941961914489241,11.94196191448924
td3_verified,1846147558,24.527044288095695,2.93655459255728,100.09,0.12899620959821334,12.899620959821334
td3_verified,1846147558,26.18045791081575,1.2172266294339484,99.97,0.22786912888375355,22.786912888375355
td3_verified,1846147558,27.0,2.2507540793244214,99.96000000000001,0.22010896624064458,22.010896624064458
td3_verified,1846147558,28.0,2.962982842682016,100.03,0.12525907402701364,12.525907402701364
td3_verified,1846147558,29.0,3.4523053836414275,100.03,0.12366028016063524,12.366028016063524
td3_verified,1846147558,30.0,0.7781033737106355,100.08,0.05795673496122333,5.795673496122333
td3_verified,1846147558,31.0,2.0,99.98,0.15107591124785813,15.107591124785813
td3_verified,1846147558,32.15429549956803,1.6911372250716799,100.11999999999999,0.004432161266876733,0.4432161266876733
td3_verified,1846147558,35.10373914709184,1.0,99.81,0.29819972276993667,29.819972276993667
td3_verified,1846147558,37.39915505115936,1.0,99.80000000000001,0.35529089648797196,35.529089648797196
td3_verified,1846147558,43.029831197494985,1.2047743353730762,99.78,0.35961381550842475,35.961381550842475
td3_verified,1846147558,54.47287480437486,4.180723658223588,99.66,0.4158719515524041,41.58719515524041
td3_verified,1846147558,96.37583773329187,5.690549537531387,99.56,0.19365999573555825,19.365999573555825
td3_verified,1846147558,97.08282104050865,1.0,99.5,0.25105111216103637,25.105111216103637
td3_verified,1846147558,100.82884198755362,2.0,99.47,0.27734192925009893,27.734192925009893
td3_verified,1846147558,102.69695432919497,1.581192175357224,99.66,0.10757996365958888,10.757996365958888
td3_verified,1846147558,108.0,0.15767616258148492,99.53999999999999,0.19430310703027942,19.430310703027942
td3_verified,1846147558,109.11755774725145,0.380961325673593,99.68,0.04185140153752798,4.185140153752798
td3_verified,1846147558,111.0,3.7053361439953103,99.54,0.16461565303227133,16.461565303227133
td3_verified,1846147558,112.0,1.0087737545114097,99.62,0.09209454281027263,9.209454281027263
td3_verified,1846147558,113.24041522385944,3.0400929378662016,99.61,0.09808895253920014,9.808895253920014
td3_verified,1846147558,114.51781184089558,7.0,99.51,0.19047672412399663,19.047672412399663
td3_verified,1846147558,116.86183286622415,3.8622087741382716,99.63,0.0804010083549116,8.04010083549116
td3_verified,1846147558,119.0,1.0403797787945581,99.58,0.12047075710853505,12.047075710853505
td3_verified,864635420,0.0,1.326685593853338,100.1,0.0,0.0
td3_verified,864635420,2.5178211665452435,8.828042042569946,100.21000000000001,0.0,0.0
td3_verified,864635420,4.20109768461644,0.21086089452976253,100.18,0.0,0.0
td3_verified,864635420,8.255945369658495,0.1456425366914027,100.09,0.0,0.0
td3_verified,864635420,11.095916235425907,2.4546240796470418,100.14,0.0,0.0
td3_verified,864635420,12.0,5.7729870194690385,100.12,0.0,0.0
td3_verified,864635420,14.2878431774203,0.6605139447109221,100.18,0.0,0.0
td3_verified,864635420,17.0,1.7379745884838453,100.15,0.0,0.0
td3_verified,864635420,18.0,2.342733516192206,100.14,0.0,0.0
td3_verified,864635420,21.12485662070832,1.3226858177858416,100.16000000000001,0.0,0.0
td3_verified,864635420,22.020935080588394,1.316725299722213,100.12,0.0,0.0
td3_verified,864635420,27.203907295148152,5.588416818884701,100.19,0.0,0.0
td3_verified,864635420,29.070140683961856,4.7818762753498385,100.19,0.0,0.0
td3_verified,864635420,33.28610501870583,4.2297930257480285,100.17999999999999,0.0,0.0
td3_verified,864635420,34.03757587411498,0.8006533658575024,100.18,0.0,0.0
td3_verified,864635420,35.248929784026835,1.3107589377943545,100.18,0.0,0.0
td3_verified,864635420,36.63379349354168,0.021533495646979872,100.19999999999999,0.0,0.0
td3_verified,864635420,41.11699611440345,0.296244975189896,100.29,0.0,0.0
td3_verified,864635420,48.12527276310765,2.065089885739902,100.27000000000001,0.0,0.0
td3_verified,864635420,49.893400086332065,1.5459737413561272,100.28,0.0,0.0
td3_verified,864635420,51.250797082799856,8.0,100.21000000000001,0.0,0.0
td3_verified,864635420,58.73215357416263,1.2696524872295187,100.30000000000001,0.0,0.0
td3_verified,864635420,61.113502779145634,2.487972529729475,100.27000000000001,0.0,0.0
td3_verified,864635420,63.480963288383286,3.1776870813056286,100.27000000000001,0.0,0.0
td3_verified,864635420,66.0,2.3829785067696543,100.29,0.0,0.0
td3_verified,864635420,67.0,0.8793290044082269,100.28,0.0,0.0
td3_verified,864635420,68.62567567819507,3.1658252989883695,100.32,0.0,0.0
td3_verified,864635420,69.39162443485733,1.7965838403110228,100.34,0.0,0.0
td3_verified,864635420,70.0993623754086,1.5596820709023138,100.33000000000001,0.0,0.0
td3_verified,864635420,72.0,5.068956658850707,100.34,0.0,0.0
td3_verified,864635420,73.0,15.198460577889385,100.36,0.0,0.0
td3_verified,864635420,74.93302499032964,8.0,100.36000000000001,0.0,0.0
td3_verified,490782600,0.0,1.5062457084030025,100.04,0.0,0.0
td3_verified,490782600,2.396066380738228,1.9555240228844895,99.97000000000001,0.01588078411005256,1.588078411005256
td3_verified,490782600,3.6781445174288026,6.062519687990533,100.13,0.0,0.0
td3_verified,490782600,5.780768176607737,4.444149820399682,100.10000000000001,0.0,0.0
td3_verified,490782600,8.425916695811868,0.7095476171122177,100.00000000000001,0.0,0.0
td3_verified,490782600,10.121152335603716,6.289747021014184,100.09,0.0,0.0
td3_verified,490782600,11.0,1.5085267230584178,100.06,0.0,0.0
td3_verified,490782600,22.918523548066737,4.370225889608269,99.99,0.0,0.0
td3_verified,490782600,23.724132741251477,0.07059427082174508,99.94000000000001,0.04504176606060639,4.504176606060639
td3_verified,490782600,27.009053224785507,0.27521265157079833,100.05000000000001,0.0,0.0
td3_verified,490782600,28.496539657603112,0.021282921618443362,100.00999999999999,0.0,0.0
td3_verified,490782600,29.513436635473223,0.3717860026339741,99.97,0.014550041104271827,1.4550041104271827
td3_verified,490782600,30.580641612488115,3.1203806332860755,99.92,0.05924411725187895,5.924411725187895
td3_verified,490782600,31.667935894688686,0.7206045682718663,99.87,0.09959703333420578,9.959703333420578
td3_verified,490782600,37.95277246077064,0.9897685128875477,100.04,0.0,0.0
td3_verified,490782600,40.81510753443304,1.1192092610920998,100.10000000000001,0.0,0.0
td3_verified,490782600,42.351079302955455,7.359537809233912,100.13000000000001,0.0,0.0
td3_verified,490782600,47.19490784818226,1.748185696653476,100.2,0.0,0.0
td3_verified,490782600,48.0,4.051964055175675,100.11,0.0,0.0
td3_verified,490782600,49.29320781972357,4.7902808715748275,100.13,0.0,0.0
td3_verified,490782600,51.0,2.4536674105570984,100.09,0.0,0.0
td3_verified,490782600,53.0,5.919827837388155,100.12,0.0,0.0
td3_verified,490782600,57.40679314860999,3.429886592493381,100.31,0.0,0.0
td3_verified,490782600,66.75543712843486,0.22935342897110966,100.27000000000001,0.0,0.0
td3_verified,490782600,68.98830467383272,2.0030436007000727,100.29,0.0,0.0
td3_verified,490782600,69.46045553483671,0.675229049577474,100.25,0.0,0.0
td3_verified,490782600,76.0,0.5373755503382935,100.14,0.0,0.0
td3_verified,490782600,79.31030097841114,0.7896696146334545,100.10000000000001,0.0,0.0
td3_verified,490782600,80.97220687223682,1.2997499278837075,100.06,0.0,0.0
td3_verified,490782600,83.01476609731608,0.5081153344739648,100.06,0.0,0.0
td3_verified,490782600,84.57510844800007,0.18842887203930106,100.19000000000001,0.0,0.0
td3_verified,490782600,87.00674376141872,0.8302498208031723,100.2,0.0,0.0
td3_verified,490782600,95.0,0.0986820018125685,100.19000000000001,0.0,0.0
td3_verified,490782600,103.1076954733308,1.127868441555341,100.10000000000001,0.0,0.0
td3_verified,490782600,104.21519892424944,3.404921675231629,100.1,0.0,0.0
td3_verified,490782600,111.0,2.9772113817882575,99.87,0.23550748334841387,23.550748334841387
td3_verified,490782600,112.58570527721017,4.685458968256863,99.77000000000001,0.3389907680451074,33.89907680451074
td3_verified,490782600,114.32449905002497,0.7975041386502666,99.85,0.25112163236534,25.112163236534002
td3_verified,490782600,115.07376652554078,1.3343198925420114,99.92,0.18000327672675098,18.0003276726751
td3_verified,1443100545,0.0,2.4710845861236512,100.08,0.0,0.0
td3_verified,1443100545,5.300113481817172,22.365035267813287,100.10000000000001,0.0,0.0
td3_verified,1443100545,10.0,0.9081043443452612,100.29,0.0,0.0
td3_verified,1443100545,11.526002762821339,7.0,100.21,0.0,0.0
td3_verified,1443100545,15.3176480557715,1.593883581710388,100.10000000000001,0.0,0.0
td3_verified,1443100545,20.629889301149895,9.656449975496335,100.11000000000001,0.0,0.0
td3_verified,1443100545,24.05899150100659,0.6111752368524579,100.03,0.0,0.0
td3_verified,1443100545,25.0,0.9327748244643601,100.04,0.0,0.0
td3_verified,1443100545,27.0,1.0817519799884523,100.01,0.0,0.0
td3_verified,1443100545,28.64799528148368,3.092313727566592,100.04,0.0,0.0
td3_verified,1443100545,30.464044964764447,4.535868503553548,99.95,0.0,0.0
td3_verified,1443100545,32.84159046685432,1.9910098637425258,100.02,0.0,0.0
td3_verified,1443100545,34.61359433409016,17.72239941934674,100.03,0.0,0.0
td3_verified,1443100545,36.42042220433952,0.5496606696075602,99.97,0.0,0.0
td3_verified,1443100545,37.951130599964024,0.6813123721379395,99.97,0.0,0.0
td3_verified,1443100545,44.74230574947508,2.6085329798430363,99.99000000000001,0.0,0.0
td3_verified,1443100545,58.45832677331371,1.0549009062177195,100.25,0.0,0.0
td3_verified,1443100545,59.648449088498644,1.4915038303586137,100.23,0.0,0.0
td3_verified,1443100545,63.22544732487442,0.5048165432097385,100.25,0.0,0.0
td3_verified,1443100545,65.27065780414918,0.35325770560561937,100.17999999999999,0.0,0.0
td3_verified,1443100545,68.65262626429563,4.343345366570374,100.23,0.0,0.0
td3_verified,1443100545,74.00857920619933,5.288137767367326,100.21,0.0,0.0
td3_verified,1443100545,75.0,9.0,100.17,0.0,0.0
td3_verified,1498712734,0.0,4.6781418297197535,100.04,0.0,0.0
td3_verified,1498712734,3.0,6.0,100.11,0.0,0.0
td3_verified,1498712734,7.377833081042667,1.7785091535195097,100.08,0.0,0.0
td3_verified,1498712734,9.0,1.8870819120219018,100.14,0.0,0.0
td3_verified,1498712734,15.53109591878042,2.3549179767422905,99.95,0.08898509443937996,8.898509443937996
td3_verified,1498712734,19.22570783860507,24.81709528437517,99.88000000000001,0.1521317373064619,15.21317373064619
td3_verified,1498712734,21.775246891687065,0.5835029830772384,99.81,0.18983802241949377,18.983802241949377
td3_verified,1498712734,25.0,0.12531922627071654,99.83,0.13457298148753694,13.457298148753694
td3_verified,1498712734,26.321352409323,0.8286707930169516,99.85000000000001,0.10308191109093912,10.308191109093912
td3_verified,1498712734,29.0,9.00772417143967,99.68,0.21908670470060088,21.908670470060088
td3_verified,1498712734,43.02673625306894,1.2013059015173044,99.56,0.12047322402857219,12.047322402857219
td3_verified,1498712734,91.41651410544098,0.6990281997487102,99.22000000000001,0.1464279609636634,14.64279609636634
td3_verified,1498712734,97.76955342104414,1.066361497963459,99.26,0.10665868654605504,10.665868654605504
td3_verified,1498712734,103.04205049788214,1.0,99.11,0.22162190032074136,22.162190032074136
td3_verified,1498712734,105.15264561830136,1.0,99.17,0.15436994372527124,15.436994372527124
td3_verified,1177996475,1.0,2.790545867922497,100.04,0.0,0.0
td3_verified,1177996475,2.0,0.05391810457404267,100.16000000000001,0.0,0.0
td3_verified,1177996475,5.6872674377048344,2.182256144411774,100.14999999999999,0.06534098331708549,6.534098331708549
td3_verified,1177996475,8.0,5.783654347440468,100.06,0.10433624111482231,10.433624111482231
td3_verified,1177996475,9.0,0.327200960190305,100.08,0.04182607506939462,4.182607506939462
td3_verified,1177996475,10.0,1.9414255093871358,99.95,0.1410716861524577,14.107168615245769
td3_verified,1177996475,11.914653969029855,2.0,99.86000000000001,0.21244484496945404,21.244484496945404
td3_verified,1177996475,12.751466554622416,0.7647624462371269,99.95,0.12916109673483334,12.916109673483334
td3_verified,1177996475,13.737152507180385,0.7633573703743955,99.93,0.12856114163105303,12.856114163105303
td3_verified,1177996475,17.346667614883653,9.15447666615767,99.87,0.16556304962276158,16.556304962276158
td3_verified,1177996475,19.53604351363927,6.2097341420319125,99.7,0.30412676100498004,30.412676100498004
td3_verified,1177996475,20.64483922122277,1.085252593390901,99.63000000000001,0.30874005581655695,30.874005581655695
td3_verified,1177996475,22.35711548553619,22.533942310424518,99.61000000000001,0.29252370379577997,29.252370379577997
td3_verified,1177996475,37.12948464355524,3.2463021926876423,99.65,0.14424066285194215,14.424066285194215
td3_verified,1177996475,39.52235594772665,1.0,99.55,0.20736719740378362,20.736719740378362
td3_verified,1177996475,42.56479647984087,1.0,99.5,0.21962848923112688,21.962848923112688
td3_verified,1177996475,59.26507862441389,2.0,99.47,0.13844480477330023,13.844480477330023
td3_verified,1177996475,60.0,1.2498949264411734,99.44,0.14669357739850852,14.669357739850852
td3_verified,1177996475,64.64646699470661,0.31030049874153987,99.46000000000001,0.09177200395920693,9.177200395920693
td3_verified,1177996475,66.89789993639312,8.53059978086429,99.48,0.03338262742123277,3.338262742123277
td3_verified,1177996475,69.55998367590614,3.980699931970829,99.41000000000001,0.08750348446871214,8.750348446871214
td3_verified,1177996475,71.7972940426331,1.0081917570212202,99.52000000000001,0.0,0.0
td3_verified,1177996475,74.29270232594327,0.7581030479528378,99.5,0.005597848461690091,0.5597848461690091
td3_verified,1177996475,75.43099420691179,0.6606997534049541,99.47,0.029310201917468248,2.931020191746825
td3_verified,1177996475,77.9628616602935,16.823518573633603,99.48,0.0,0.0
td3_verified,1177996475,80.85089785155795,1.8964966512431904,99.46000000000001,0.005522878304276446,0.5522878304276446
td3_verified,1177996475,82.312097074279,1.0,99.56,0.0,0.0
td3_verified,377754040,0.0,3.009988596262554,100.02,0.0,0.0
td3_verified,377754040,1.0,6.3782768082507655,100.09,0.0,0.0
td3_verified,377754040,3.967786107450033,1.7436885128241013,99.95,0.023591702571351902,2.3591702571351902
td3_verified,377754040,5.076179093107826,8.334122548687144,99.89,0.0,0.0
td3_verified,377754040,6.0,0.2803191260309118,99.89,0.0,0.0
td3_verified,377754040,7.1421802567609625,1.0,99.81,0.0,0.0
td3_verified,377754040,8.0,11.25789197647282,99.83,0.0,0.0
td3_verified,377754040,10.0,1.3150016944863085,99.65,0.0,0.0
td3_verified,377754040,11.044228345515315,6.794216319049332,99.74000000000001,0.0,0.0
td3_verified,377754040,12.0,2.4214847015027465,99.8,0.0,0.0
td3_verified,377754040,13.0,1.0,99.67999999999999,0.0,0.0
td3_verified,377754040,18.875604112174905,4.550671189555482,99.57000000000001,0.04364141468244043,4.364141468244043
td3_verified,377754040,20.54256149547197,4.9457432174723,99.64,0.0,0.0
td3_verified,377754040,24.134454311844117,1.0,99.55,0.1443588068589463,14.435880685894631
td3_verified,377754040,28.51912193940234,3.54412562846481,99.72,0.0,0.0
td3_verified,377754040,29.645322074963502,5.207238267870153,99.65,0.03874061335575618,3.874061335575618
td3_verified,377754040,30.0,0.7976353523094829,99.65,0.04078259657444505,4.078259657444505
td3_verified,377754040,32.64503415452655,0.7533077699370703,99.7,0.0,0.0
td3_verified,377754040,33.27759519307088,8.174879176079914,99.69000000000001,0.0,0.0
td3_verified,377754040,38.11921016980197,0.1313272843203352,99.72,0.0,0.0
td3_verified,377754040,41.96065500044973,1.0,99.53,0.1441868011423253,14.41868011423253
td3_verified,377754040,73.14715798853403,12.49082821964156,99.72,0.0,0.0
td3_verified,377754040,75.80711610428554,1.9065019859736105,99.67,0.0,0.0
td3_verified,377754040,77.53569512294683,2.338033822486765,99.57000000000001,0.0,0.0
td3_verified,377754040,78.38446869517658,1.819015527428024,99.60000000000001,0.0,0.0
td3_verified,377754040,79.69132544971498,4.785578257150172,99.63000000000001,0.0,0.0
td3_verified,377754040,85.0,0.25966965006455256,99.36,0.18549897877633725,18.549897877633725
td3_verified,377754040,86.0,2.0,99.45,0.095310569168646,9.5310569168646
td3_verified,777786723,0.0,2.2162879862575413,100.02,0.0,0.0
td3_verified,777786723,2.9552521222763604,0.4198551918022375,100.03,0.0,0.0
td3_verified,777786723,5.494373929944044,2.799451430440568,100.18,0.0,0.0
td3_verified,777786723,8.3565925060019,8.912694523159788,100.03999999999999,0.0,0.0
td3_verified,777786723,10.578807237272565,1.1204578428498937,100.09,0.0,0.0
td3_verified,777786723,11.0,2.8019279594957482,100.09,0.0,0.0
td3_verified,777786723,19.750816179098173,3.7260664980376434,100.17,0.0,0.0
td3_verified,777786723,22.09988936206156,12.24311536791952,100.2,0.0,0.0
td3_verified,777786723,26.043330887042423,9.218062378974746,100.19,0.0,0.0
td3_verified,777786723,27.335127902128775,4.105195817805022,100.16,0.0,0.0
td3_verified,777786723,30.01250653190423,3.318685700607065,100.16000000000001,0.0,0.0
td3_verified,777786723,34.39470622974415,7.383699943682544,100.18,0.0,0.0
td3_verified,777786723,41.0,6.60024740358605,100.14,0.0,0.0
td3_verified,777786723,45.61297296683615,22.0,100.17,0.0,0.0
td3_verified,777786723,54.4484552617745,3.317673777433431,100.23,0.0,0.0
td3_verified,777786723,55.0,1.1218056772062583,100.15,0.0,0.0
td3_verified,777786723,58.79008564715515,3.8621686595763807,100.18,0.0,0.0
td3_verified,777786723,60.5984968573108,4.0,100.17999999999999,0.0,0.0
td3_verified,305584639,3.444442412668254,20.503585917784005,100.25,0.0,0.0
td3_verified,305584639,6.568519549995758,2.260198002348823,100.33000000000001,0.0,0.0
td3_verified,305584639,7.0,0.6657783201542719,100.30000000000001,0.0,0.0
td3_verified,305584639,11.034720570328911,1.8621561090307535,100.18,0.0,0.0
td3_verified,305584639,13.0,1.3648257447200745,100.3,0.0,0.0
td3_verified,305584639,14.14302584035098,0.8289963667062211,100.32000000000001,0.0,0.0
td3_verified,305584639,18.501544110629204,1.4441917022367297,100.44,0.0,0.0
td3_verified,305584639,22.634108021272166,5.909638890003642,100.41000000000001,0.0,0.0
td3_verified,305584639,23.889784121643245,2.0,100.41,0.0,0.0
td3_verified,305584639,27.76728662657304,2.6313539191819695,100.29,0.0,0.0
td3_verified,305584639,28.48467262141538,0.8389778818742286,100.31,0.0,0.0
td3_verified,305584639,29.883784238033517,1.1093615757828215,100.26,0.0,0.0
td3_verified,305584639,32.846357240903714,3.0,100.43,0.0,0.0
td3_verified,305584639,34.135936635967894,0.7878287731006195,100.31,0.0,0.0
td3_verified,305584639,37.92140606169059,1.2912376394443714,100.28,0.0,0.0
td3_verified,305584639,40.322522753434264,0.22809817671302407,100.27,0.0,0.0
td3_verified,305584639,41.82590950575168,0.636146045319403,100.21,0.0187525636197563,1.8752563619756302
td3_verified,305584639,42.265377308301886,2.5527159253213085,100.21,0.01620384406557207,1.620384406557207
td3_verified,305584639,46.971304227686645,0.6772742849246084,100.34,0.0,0.0
td3_verified,305584639,50.163529420146546,1.3351170006822632,100.16000000000001,0.0737319063062074,7.373190630620741
td3_verified,305584639,52.0,11.063755864862623,100.36,0.0,0.0
td3_verified,305584639,55.024456186541094,2.7547986550137686,100.38,0.0,0.0
td3_verified,305584639,56.0,15.8021511446699,100.37,0.0,0.0
td3_verified,305584639,60.673624215277684,15.0,100.27000000000001,0.0,0.0
td3_verified,305584639,65.20282551303517,3.0,100.24,0.02008559546659683,2.008559546659683
td3_verified,1906996800,0.0,3.7361216046888814,100.11,0.0,0.0
td3_verified,1906996800,2.0,3.2974099080238717,100.07000000000001,0.0,0.0
td3_verified,1906996800,10.715269543750424,1.548775392150859,100.11,0.0,0.0
td3_verified,1906996800,12.014319677949494,4.685180499345782,100.13000000000001,0.0,0.0
td3_verified,1906996800,15.0,2.9830101945387564,100.05,0.0,0.0
td3_verified,1906996800,19.14637716593574,3.9906432104671223,100.07000000000001,0.0,0.0
td3_verified,1906996800,20.0,4.805853067276771,100.14,0.0,0.0
td3_verified,1906996800,21.750775425808655,4.535122508147266,100.11,0.0,0.0
td3_verified,1906996800,26.302810688880378,1.4622567864696496,100.17,0.0,0.0
td3_verified,1906996800,27.0,1.627485706221468,100.17,0.0,0.0
td3_verified,1906996800,28.0,0.672319240456932,100.12,0.0,0.0
td3_verified,1906996800,30.89386998416325,4.691710920729846,100.11000000000001,0.0,0.0
td3_verified,1906996800,32.638052315358856,0.9531408246015526,100.12,0.0,0.0
td3_verified,1906996800,33.33891886188345,0.6694833628570935,100.14999999999999,0.0,0.0
td3_verified,1906996800,34.46542722528318,0.644872310874303,100.11999999999999,0.0,0.0
td3_verified,1906996800,36.601300829652864,12.0,100.12,0.0,0.0
td3_verified,1906996800,38.739058703648574,9.14733285686668,100.13,0.0,0.0
td3_verified,1906996800,41.10570811198957,8.516973563952547,100.14999999999999,0.0,0.0
td3_verified,1906996800,42.298734047947136,4.016015467655992,100.13000000000001,0.0,0.0
td3_verified,1906996800,43.38343267956275,3.146868658797253,100.14,0.0,0.0
td3_verified,1906996800,45.66186643644466,10.288233479170916,100.15,0.0,0.0
td3_verified,1906996800,48.2749067499215,0.19707328003230018,100.12,0.0,0.0
td3_verified,1906996800,50.25394374018871,5.001307790281311,100.1,0.0,0.0
td3_verified,1906996800,61.17929888887783,7.0,100.08999999999999,0.0,0.0
td3_verified,61127876,1.0,0.23850116269165075,100.14,0.0,0.0
td3_verified,61127876,2.3547192069280083,1.1330170507946815,100.27000000000001,0.0,0.0
td3_verified,61127876,3.1564448197980863,2.2559283666121743,100.28,0.0,0.0
td3_verified,61127876,4.14388195462829,0.22175871172824424,100.33,0.0,0.0
td3_verified,61127876,7.6434440273670585,6.747484670793854,100.3,0.0,0.0
td3_verified,61127876,8.806629868170836,8.604107305990732,100.35,0.0,0.0
td3_verified,61127876,10.0,2.1927081189963977,100.29,0.0,0.0
td3_verified,61127876,12.816909039300397,3.483807912414229,100.41,0.0,0.0
td3_verified,61127876,14.112351115114596,1.7933425046396798,100.39,0.0,0.0
td3_verified,61127876,15.0,1.7970242348232355,100.38000000000001,0.0,0.0
td3_verified,61127876,16.680157199439616,0.9340942570565866,100.36,0.0,0.0
td3_verified,61127876,17.232735337019907,4.0,100.31,0.009665994271827572,0.9665994271827572
td3_verified,61127876,18.997520728493992,6.0,100.25,0.06937983681950755,6.9379836819507545
td3_verified,61127876,23.72339281422751,7.014133707834946,100.32,0.025335216394935856,2.5335216394935856
td3_verified,61127876,24.052401992886345,6.274247416271358,100.35,0.004250465000339432,0.4250465000339432
td3_verified,61127876,25.0,3.522403754022532,100.33,0.012668928116994493,1.2668928116994493
td3_verified,61127876,26.0,0.3249002150969865,100.35,0.0,0.0
td3_verified,61127876,32.43243344666908,1.3691592062723317,100.37,0.0018416137234424923,0.18416137234424923
td3_verified,61127876,33.0,5.0,100.34,0.025863786511152398,2.58637865111524
td3_verified,61127876,36.866271094463706,2.0943200117669827,100.36999999999999,0.0,0.0
td3_verified,61127876,37.44357109229489,3.0857224521144433,100.34,0.021892648441664164,2.1892648441664164
td3_verified,61127876,38.44699586645209,3.6570577175325343,100.35000000000001,0.0023197601803701673,0.23197601803701673
td3_verified,61127876,40.264176422027084,1.1851745751496305,100.44,0.0,0.0
td3_verified,61127876,45.751275492846396,4.005995598274514,100.39999999999999,0.0,0.0
td3_verified,61127876,46.8134152630924,0.9631729875832118,100.36,0.0,0.0
td3_verified,61127876,57.85974403826182,1.4221905465963411,100.27,0.06970458384935796,6.970458384935796
td3_verified,61127876,58.99872449091703,0.6080760524052192,100.33,0.00372171016459788,0.372171016459788
td3_verified,61127876,60.35779242262105,0.38748849327271967,100.3,0.03784737552025774,3.784737552025774
td3_verified,61127876,61.0175920238742,0.2730361496674513,100.25,0.0960412691566006,9.60412691566006
td3_verified,61127876,63.0,2.748078088514072,100.2,0.16071802082512932,16.07180208251293
td3_verified,61127876,64.1338855349431,3.0494912637719565,100.13,0.22797046807389165,22.797046807389165
td3_verified,61127876,65.38080977849187,13.0,100.18,0.1727668426143083,17.27668426143083
td3_verified,347568478,0.0,6.790680189805568,100.09,0.0,0.0
td3_verified,347568478,3.245800758563276,4.570276944158485,100.10000000000001,0.0,0.0
td3_verified,347568478,4.156987505066592,5.0,100.18,0.0,0.0
td3_verified,347568478,7.268184017779378,0.7070514175586367,100.14,0.0,0.0
td3_verified,347568478,8.462350500699214,0.3256362195231556,100.21000000000001,0.0,0.0
td3_verified,347568478,9.909782879832791,1.8968655059192359,100.28,0.0,0.0
td3_verified,347568478,10.228435959589401,0.8333019319847557,100.28,0.0,0.0
td3_verified,347568478,11.4253632936922,0.0342562354943248,100.27,0.0,0.0
td3_verified,347568478,12.245522796876676,2.025842203612378,100.29,0.0,0.0
td3_verified,347568478,17.189236212688275,0.09728870131981798,100.21000000000001,0.0,0.0
td3_verified,347568478,27.381505560463822,2.9151224611910855,100.42,0.0,0.0
td3_verified,347568478,28.0,2.4288258827239018,100.42,0.0,0.0
td3_verified,347568478,32.166598565005636,2.916297636094411,100.39,0.0,0.0
td3_verified,347568478,39.0,0.4976681866818169,100.41000000000001,0.0,0.0
td3_verified,347568478,44.0,2.0,100.43,0.0,0.0
td3_verified,347568478,46.38972369272626,2.1681497055711785,100.44000000000001,0.0,0.0
td3_verified,347568478,47.28981265538168,1.0,100.47000000000001,0.0,0.0
td3_verified,347568478,54.31845729637503,0.3708366933254267,100.45,0.0,0.0
td3_verified,347568478,57.0,1.8079660911049849,100.5,0.0,0.0
td3_verified,347568478,58.0,6.964043967871174,100.47999999999999,0.0,0.0
td3_verified,347568478,68.44696995266483,13.550962888533064,100.43,0.0,0.0
td3_verified,347568478,77.38221401978163,0.24987123407647632,100.53,0.0,0.0
td3_verified,347568478,84.87529865428024,1.2805157453958371,100.52000000000001,0.0,0.0
td3_verified,347568478,88.3043644935986,1.5864691020037103,100.5,0.0,0.0
td3_verified,347568478,93.25320293226966,0.8995609232264324,100.47,0.0,0.0
td3_verified,347568478,96.48624505284752,1.720681894845582,100.45,0.0,0.0
td3_verified,347568478,98.20642779399546,0.34741158175733877,100.47000000000001,0.0,0.0
td3_verified,347568478,102.8454496074516,3.5861032705169156,100.57000000000001,0.0,0.0
td3_verified,347568478,104.73541995685791,12.853854063631614,100.57000000000001,0.0,0.0
td3_verified,703885857,3.963629862241679,4.0882095850889275,99.95,0.0,0.0
td3_verified,703885857,5.964342941193874,5.097739147318032,99.94,0.0,0.0
td3_verified,703885857,7.105430512382162,1.374715723749065,99.99,0.0,0.0
td3_verified,703885857,9.0,0.35354780860419,99.98,0.0,0.0
td3_verified,703885857,12.27104840153064,3.6411471000879128,99.97999999999999,0.0,0.0
td3_verified,703885857,14.0,6.5149547550626,99.89,0.0,0.0
td3_verified,703885857,15.0,8.099615338254328,99.92,0.0,0.0
td3_verified,703885857,17.272520058112477,2.8730108938981656,99.94999999999999,0.0,0.0
td3_verified,703885857,20.727894813961967,14.0,99.97999999999999,0.0,0.0
td3_verified,703885857,25.08065453042425,7.0,100.03,0.0,0.0
td3_verified,703885857,28.160106218962824,1.1104875135494399,100.0,0.0,0.0
td3_verified,703885857,29.093422527085718,4.70750233861142,100.03,0.0,0.0
td3_verified,703885857,32.03729934229821,0.32576599057634115,100.04,0.0,0.0
td3_verified,703885857,36.0,0.3014908208963555,100.07000000000001,0.0,0.0
td3_verified,703885857,37.80758127270822,0.8860518437318519,100.12,0.0,0.0
td3_verified,703885857,41.62646183505102,2.8962406039505577,100.06,0.0,0.0
td3_verified,703885857,44.480895565305545,6.218133734107571,100.05000000000001,0.0,0.0
td3_verified,703885857,45.0,5.45488345492476,100.03,0.0,0.0
td3_verified,703885857,51.6744473435412,0.7399035865602929,99.94000000000001,0.0,0.0
td3_verified,703885857,52.92734430174247,2.7722090076664183,99.92999999999999,0.0,0.0
td3_verified,703885857,53.237077576143434,0.3667272862820263,99.94,0.0,0.0
td3_verified,703885857,61.23284211614784,9.690458449513246,99.89999999999999,0.0,0.0
td3_verified,703885857,66.92159879926959,0.5379449324967692,99.87,0.0,0.0
td3_verified,703885857,67.66027793856681,4.299516915001957,99.81,0.021043317425252894,2.1043317425252894
td3_verified,703885857,70.59602626980192,1.8985764876411575,99.81,0.015659462903045096,1.5659462903045096
td3_verified,703885857,73.39595685671924,4.0,99.85000000000001,0.0,0.0
td3_verified,403339875,0.0,8.624291923216326,100.05,0.0,0.0
td3_verified,403339875,4.0,1.7341286059331296,100.0,0.0,0.0
td3_verified,403339875,8.933490815199908,3.3429470338516545,100.03000000000002,0.00201930972974651,0.201930972974651
td3_verified,403339875,9.20979845218411,0.36250510721059154,100.06,0.0,0.0
td3_verified,403339875,11.0,0.26498672385856753,100.14,0.0,0.0
td3_verified,403339875,12.782247885848822,9.532563404815685,100.02000000000001,0.0,0.0
td3_verified,403339875,14.901935447994308,1.2405114861689763,100.06,0.0,0.0
td3_verified,403339875,15.401198614535984,6.469342392556317,100.13,0.0,0.0
td3_verified,403339875,19.854583564840933,0.33870133067044234,100.1,0.0,0.0
td3_verified,403339875,20.732408964136823,0.6783486947852104,100.18,0.0,0.0
td3_verified,403339875,21.24358000724005,3.4800307512789708,100.11,0.0,0.0
td3_verified,403339875,22.714259387167388,1.0603926682298837,100.07000000000001,0.0,0.0
td3_verified,403339875,25.881355620112835,0.689508889117797,100.38000000000001,0.0,0.0
td3_verified,403339875,27.205022183614588,2.339845510038916,100.35000000000001,0.0,0.0
td3_verified,403339875,30.0,1.7616290515556379,100.39,0.0,0.0
td3_verified,403339875,31.0,3.5330663111149594,100.39,0.0,0.0
td3_verified,403339875,32.0,3.605989085310308,100.36999999999999,0.0,0.0
td3_verified,403339875,34.90834616297347,2.205728081019994,100.41000000000001,0.0,0.0
td3_verified,403339875,36.02011075960795,6.165780324620849,100.42,0.0,0.0
td3_verified,403339875,37.60416211985651,1.2654859917400603,100.42,0.0,0.0
td3_verified,403339875,38.47052021454867,3.2235431479610104,100.42,0.0,0.0
td3_verified,403339875,43.1377676006564,1.4486577499799262,100.43,0.0,0.0
td3_verified,403339875,46.267107962121656,4.8600019927711005,100.39999999999999,0.0,0.0
td3_verified,403339875,51.26898958228245,6.158062612889109,100.45,0.0,0.0
td3_verified,403339875,52.0,1.6391822030080732,100.44,0.0,0.0
td3_verified,403339875,59.33424717472231,3.52539818072734,100.48,0.0,0.0
td3_verified,403339875,60.86479186254009,8.0,100.47,0.0,0.0
td3_verified,403339875,65.39734387780689,5.0761790725307545,100.48,0.0,0.0
td3_verified,403339875,68.84937245305503,1.2783727659873971,100.47,0.0,0.0
td3_verified,403339875,70.8451645783026,0.9613527380018438,100.42,0.0,0.0
td3_verified,403339875,72.08394429012196,1.2295041042390888,100.46,0.0,0.0
td3_verified,403339875,73.0,2.520712089292196,100.46,0.0,0.0
td3_verified,403339875,74.16133084453111,0.22347862887031167,100.47999999999999,0.0,0.0
td3_verified,403339875,79.29954544523395,1.0,100.53,0.0,0.0
td3_verified,149372970,1.8881992181117524,4.064547477534505,99.95,0.0,0.0
td3_verified,149372970,8.0,0.8465499791892722,99.99,0.0,0.0
td3_verified,149372970,10.371297462754193,0.7571817855397798,99.87,0.03502857613142396,3.502857613142396
td3_verified,149372970,12.246781350547558,11.976373002737358,99.7,0.1775139860484245,17.75139860484245
td3_verified,149372970,18.0,1.0213689864789774,99.5,0.26025827558760284,26.025827558760284
td3_verified,149372970,30.240023162361148,6.0,99.18,0.2548539800010161,25.48539800010161
td3_verified,149372970,34.69947737214319,9.83086475430588,99.27000000000001,0.12533201432295016,12.533201432295016
td3_verified,149372970,42.18359551828546,0.791954238697424,99.17,0.17999989726153842,17.999989726153842
td3_verified,149372970,44.33539634322834,0.36282415955428315,99.14,0.14121730512408703,14.121730512408703
td3_verified,149372970,46.17865764803286,0.5959347635595089,99.17,0.06495676974965647,6.495676974965647
td3_verified,149372970,48.04626698249025,12.329067621288885,99.30000000000001,0.0,0.0
td3_verified,149372970,49.0,3.290978723430064,99.29,0.0,0.0
td3_verified,149372970,50.0,1.3227062084007217,99.28999999999999,0.0,0.0
td3_verified,149372970,51.99850396081366,1.4011509077337436,99.24000000000001,0.0,0.0
td3_verified,149372970,52.94574044665372,4.0,99.09,0.015711802504341676,1.5711802504341676
td3_verified,149372970,53.553366180403664,14.415335557350836,99.24,0.0,0.0
td3_verified,149372970,54.23127299309693,10.955344719247659,99.21,0.0,0.0
td3_verified,149372970,55.96711301504923,2.82416964399356,99.29,0.0,0.0
td3_verified,149372970,56.46019212848379,13.0,99.27000000000001,0.0,0.0
td3_verified,1225951174,0.0,1.5583499054457826,100.06,0.0,0.0
td3_verified,1225951174,1.9632976165014602,0.7416288144849907,100.22,0.0,0.0
td3_verified,1225951174,2.4637023111265695,4.415049194465526,100.13000000000001,0.0,0.0
td3_verified,1225951174,5.0,2.211981873264182,100.13,0.0,0.0
td3_verified,1225951174,6.0,2.428933755551171,100.17,0.0,0.0
td3_verified,1225951174,7.202352093683308,5.78906522107303,100.17,0.0,0.0
td3_verified,1225951174,8.0,2.622207297869662,100.19,0.0,0.0
td3_verified,1225951174,10.715944710530033,0.989608818103136,100.12,0.02024752009417341,2.024752009417341
td3_verified,1225951174,13.625653789658195,2.2026123071058166,100.04,0.10210929360573573,10.210929360573573
td3_verified,1225951174,16.092378584442315,5.072139962221294,100.13,0.0,0.0
td3_verified,1225951174,21.704370573605495,9.212950750734864,100.17999999999999,0.0,0.0
td3_verified,1225951174,23.921316695792477,2.2356792385156656,100.16000000000001,0.0,0.0
td3_verified,1225951174,25.343889283653414,7.817059296086322,100.24,0.0,0.0
td3_verified,1225951174,29.674550551802824,4.792469637401676,100.21,0.0,0.0
td3_verified,1225951174,38.0,3.3927369220165997,100.33000000000001,0.0,0.0
td3_verified,1225951174,40.442346408730415,1.1593498943120426,100.33,0.0,0.0
td3_verified,1225951174,46.53318302744331,1.0197413460905382,100.33,0.0,0.0
td3_verified,1225951174,47.0,1.4579932099744823,100.32000000000001,0.0,0.0
td3_verified,1225951174,53.61952493101839,1.2951791163915234,100.27000000000001,0.0,0.0
td3_verified,1225951174,56.0,3.5634601109829367,100.30000000000001,0.0,0.0
td3_verified,1225951174,61.50175520087453,4.693950951184299,100.21,0.0,0.0
td3_verified,1225951174,68.9291746012742,1.248397521010603,100.30000000000001,0.0,0.0
td3_verified,1225951174,70.40795818918134,6.675622024402333,100.32000000000001,0.0,0.0
td3_verified,1225951174,71.9224125007235,1.0982163129329392,100.32000000000001,0.0,0.0
td3_verified,1225951174,73.82586284485912,6.435683807846523,100.32000000000001,0.0,0.0
td3_verified,1225951174,82.92550855628163,6.827033129220195,100.34,0.0,0.0
td3_verified,1225951174,98.57726357288192,0.8952256435566606,100.34,0.0,0.0
td3_verified,1225951174,100.1781930731679,1.4202543558146459,100.36000000000001,0.0,0.0
td3_verified,1225951174,106.42821344683631,4.282471905387183,100.36,0.0,0.0
td3_verified,1225951174,107.71919282904074,2.0,100.37,0.0,0.0
td3_verified,1090959807,0.0,5.9181121800669665,100.09,0.0,0.0
td3_verified,1090959807,1.0,1.9078238603314785,100.15,0.0,0.0
td3_verified,1090959807,4.38193679589698,3.610433191372455,100.11,0.0,0.0
td3_verified,1090959807,6.341465710094361,2.377247086326726,100.2,0.0,0.0
td3_verified,1090959807,8.20093649587421,5.521466068738526,100.21000000000001,0.0,0.0
td3_verified,1090959807,10.91045549963141,2.1329619870168535,100.12,0.0,0.0
td3_verified,1090959807,11.52178539929567,1.7364661752131079,100.19,0.0,0.0
td3_verified,1090959807,12.856948151960555,1.0210575920134477,100.09,0.0,0.0
td3_verified,1090959807,13.039812493310633,5.0,100.10000000000001,0.0,0.0
td3_verified,1090959807,14.576389586345567,0.11814431083988147,100.17,0.0,0.0
td3_verified,1090959807,15.317109913542954,2.8995559593411135,100.17999999999999,0.0,0.0
td3_verified,1090959807,23.516413401831024,1.3284231641895943,99.98,0.05434463188298366,5.434463188298366
td3_verified,1090959807,26.434171376768273,1.725863798437271,100.0,0.015045919002645292,1.5045919002645292
td3_verified,1090959807,39.68343950027463,2.3141239365193007,100.39,0.0,0.0
td3_verified,1090959807,43.505562818021495,9.0,100.36,0.0,0.0
td3_verified,1090959807,47.04449730169541,9.317839683020313,100.36,0.0,0.0
td3_verified,1090959807,49.48916230576794,6.251956596364705,100.38,0.0,0.0
td3_verified,1090959807,51.65075145416564,3.0,100.52,0.0,0.0
td3_verified,1090959807,57.4762637900393,4.8765946060058605,100.56,0.0,0.0
td3_verified,1090959807,61.0,0.5606772558206039,100.55,0.0,0.0
td3_verified,1090959807,63.49667855616107,3.057647240220023,100.51,0.0,0.0
td3_verified,1090959807,67.03507878625706,1.0286991399727687,100.55000000000001,0.0,0.0
td3_verified,1090959807,68.0,15.009303318519589,100.56,0.0,0.0
td3_verified,1090959807,71.0,1.3002415751945344,100.52,0.0,0.0
td3_verified,1090959807,73.03586831936488,1.1244440808610712,100.58,0.0,0.0
td3_verified,1090959807,75.36870134806877,1.6849273934783096,100.58,0.0,0.0
td3_verified,1090959807,77.07971028561485,6.0,100.56,0.0,0.0
td3_verified,1139004766,0.0,1.5118492363875924,100.1,0.0,0.0
td3_verified,1139004766,1.7838659167142517,1.64915425062816,100.00000000000001,0.0,0.0
td3_verified,1139004766,2.5443675462826127,3.9468634051250477,100.03999999999999,0.0,0.0
td3_verified,1139004766,3.7205146519094274,1.1766560527605616,100.08,0.0,0.0
td3_verified,1139004766,5.468097505199737,0.09288455788608196,100.08,0.0,0.0
td3_verified,1139004766,6.205056823965597,1.4128219954410213,100.09,0.0,0.0
td3_verified,1139004766,7.0,0.1168863083713205,100.14,0.0,0.0
td3_verified,1139004766,14.030463545359419,1.1868766985127586,100.19,0.0,0.0
td3_verified,1139004766,15.0,0.5638006621410827,100.16,0.0,0.0
td3_verified,1139004766,16.341361433631583,12.0,100.15,0.0,0.0
td3_verified,1139004766,17.218954737331813,5.0,100.13000000000001,0.0,0.0
td3_verified,1139004766,19.464224568123498,1.0254456131382748,100.27,0.0,0.0
td3_verified,1139004766,20.511755998068743,2.3565660469842116,100.32000000000001,0.0,0.0
td3_verified,1139004766,21.18152099214525,1.182380931770552,100.25,0.0,0.0
td3_verified,1139004766,23.0,0.5791326028489747,100.32,0.0,0.0
td3_verified,1139004766,24.091945526759478,0.06255041754583596,100.33000000000001,0.0,0.0
td3_verified,1139004766,25.316502262537686,0.14879510510155639,100.32000000000001,0.0,0.0
td3_verified,1139004766,26.0,3.4490429477704434,100.30000000000001,0.0,0.0
td3_verified,1139004766,33.0,0.7228168264278918,100.36000000000001,0.0,0.0
td3_verified,1139004766,35.779301907088296,0.333457399181223,100.32,0.0,0.0
td3_verified,1139004766,37.0,2.9240071954398603,100.35000000000001,0.0,0.0
td3_verified,1139004766,38.0,7.570313284641109,100.28999999999999,0.0,0.0
td3_verified,1139004766,41.71268038415106,0.878437608388156,100.31,0.0,0.0
td3_verified,1139004766,42.02702370338819,0.7579338376481985,100.27,0.0,0.0
td3_verified,1139004766,43.0,8.0,100.29,0.0,0.0
td3_verified,1139004766,44.0,1.5677807702256552,100.3,0.0,0.0
td3_verified,1139004766,47.0,5.0,100.35000000000001,0.0,0.0
td3_verified,1139004766,48.0,0.578550500446955,100.34,0.0,0.0
td3_verified,1139004766,49.54317446162863,0.595982650318917,100.32000000000001,0.0,0.0
td3_verified,1139004766,52.28602659567508,1.8894834499164175,100.37,0.0,0.0
td3_verified,1139004766,53.325598911397236,1.1195234504491969,100.36,0.0,0.0
td3_verified,1139004766,55.0,3.1423213091084206,100.39,0.0,0.0
td3_verified,1139004766,57.726083117963526,1.1232012388535524,100.39,0.0,0.0
td3_verified,1139004766,58.437855991449936,1.190762576108024,100.4,0.0,0.0
td3_verified,1139004766,61.04809896825241,0.29424077021812,100.43,0.0,0.0
td3_verified,1139004766,62.0,2.0140098196646377,100.42,0.0,0.0
td3_verified,1139004766,63.0,5.731378363333497,100.39,0.0,0.0
td3_verified,1139004766,69.10707427126208,3.6960532730261706,100.32000000000001,0.0,0.0
td3_verified,1139004766,74.4093733339796,4.466921083978203,100.49,0.0,0.0
td3_verified,1139004766,75.0,2.432434635651282,100.47,0.0,0.0
td3_verified,1139004766,77.0,4.3558403456732515,100.49000000000001,0.0,0.0
td3_verified,1139004766,78.0,2.0,100.43,0.0,0.0
td3_verified,78312607,0.0,2.0584599394568843,100.12,0.0,0.0
td3_verified,78312607,2.4667428562618468,2.1210753790064447,100.03999999999999,0.0,0.0
td3_verified,78312607,3.0,7.390770410179595,100.16,0.0,0.0
td3_verified,78312607,5.1905244682789675,0.4964576074960084,100.17,0.0,0.0
td3_verified,78312607,8.0,1.5867781764366107,100.18,0.0,0.0
td3_verified,78312607,9.314488659239283,3.706647780239479,100.12,0.0,0.0
td3_verified,78312607,15.060846556102316,1.6842028755487606,100.05,0.0,0.0
td3_verified,78312607,19.37670600918019,8.0,100.1,0.0,0.0
td3_verified,78312607,21.51789432052787,7.999999999999998,100.05,0.0,0.0
td3_verified,78312607,22.018501371117164,2.022757740577625,100.07,0.0,0.0
td3_verified,78312607,24.117111184079732,0.6328243025075025,100.02,0.0,0.0
td3_verified,78312607,26.0457909493999,0.7399709666870089,100.08,0.0,0.0
td3_verified,78312607,31.09507351391329,7.975633423317985,100.00000000000001,0.0635226805806326,6.35226805806326
td3_verified,78312607,34.98260004413471,1.2181893356158788,100.07000000000001,0.0,0.0
td3_verified,78312607,37.7743467778193,3.683748856811083,100.06,0.0,0.0
td3_verified,78312607,40.825381615714896,4.902412217568084,100.13000000000001,0.0,0.0
td3_verified,78312607,42.82719522368578,7.059060115623097,100.14,0.0,0.0
td3_verified,78312607,47.71059206567308,0.5679015246662034,100.25,0.0,0.0
td3_verified,78312607,50.679808541742496,4.356249248041565,100.15,0.0,0.0
td3_verified,78312607,59.17168666669567,0.8699912137445146,100.28,0.0,0.0
td3_verified,78312607,66.54410102174992,0.19988217934798966,100.22,0.0,0.0
td3_verified,78312607,67.48175024873656,11.33560353006508,100.14999999999999,0.0,0.0
td3_verified,78312607,69.82698392368346,3.9426748144207564,100.27,0.0,0.0
td3_verified,78312607,71.5956056628143,4.081932977718679,100.19000000000001,0.0,0.0
td3_verified,78312607,75.46894557125108,0.7834542383889184,100.23,0.0,0.0
td3_verified,78312607,76.83355950613281,10.0,100.30000000000001,0.0,0.0
td3_verified,1033510371,0.0,0.28654168984509154,100.06,0.0,0.0
td3_verified,1033510371,1.026814243179716,1.491400820855511,100.06,0.0,0.0
td3_verified,1033510371,3.0766736344974697,4.183022776374946,100.06,0.0,0.0
td3_verified,1033510371,8.018695446275013,5.0,100.06,0.0,0.0
td3_verified,1033510371,9.0,1.0,100.2,0.0,0.0
td3_verified,1033510371,10.590412012110104,0.6362967740863583,100.06,0.0,0.0
td3_verified,1033510371,17.0,4.0,100.17999999999999,0.0,0.0
td3_verified,1033510371,19.0,1.5180400431548016,100.15,0.0,0.0
td3_verified,1033510371,20.72313637825708,0.5241070918453226,100.17,0.0,0.0
td3_verified,1033510371,22.00908041613002,6.0,100.19,0.0,0.0
td3_verified,1033510371,26.82689558586563,2.581785279242325,100.09,0.01840541177182331,1.840541177182331
td3_verified,1033510371,28.67567465283,18.787920158971346,100.1,0.026913358374528684,2.6913358374528684
td3_verified,1033510371,30.97173613176189,4.0,100.07000000000001,0.040864334740916775,4.0864334740916775
td3_verified,1033510371,33.507502233336844,9.0,100.16,0.0,0.0
td3_verified,1033510371,38.06777537490622,1.0038672914827198,100.16,0.0,0.0
td3_verified,1033510371,39.45044883733568,4.378530891020786,100.16,0.0,0.0
td3_verified,1033510371,44.909423657815545,3.374470612671167,100.17999999999999,0.0,0.0
td3_verified,1033510371,46.369690886174844,0.1565243890094975,100.13,0.0,0.0
td3_verified,1033510371,47.01777664136932,14.502998254432484,100.13,0.0,0.0
td3_verified,1033510371,49.70616924204911,3.747983314285899,100.13,0.0,0.0
td3_verified,1033510371,51.23378193904475,9.306592844621367,100.19,0.0,0.0
td3_verified,1033510371,54.25378943860889,0.08417434227724924,100.08,0.037515030460241405,3.7515030460241405
td3_verified,1033510371,60.89766353361594,0.34387993502242137,100.39999999999999,0.0,0.0
td3_verified,1033510371,61.27270591453188,0.7087455053288901,100.42,0.0,0.0
td3_verified,1033510371,64.25303678606384,0.41533298288429854,100.38,0.0,0.0
td3_verified,1033510371,65.08449881428685,0.3422812972744231,100.35,0.0,0.0
td3_verified,1033510371,66.0,2.0,100.32000000000001,0.0,0.0
td3_verified,2102468923,0.0,5.680533802675353,100.02,0.0,0.0
td3_verified,2102468923,1.0,0.7845207245020751,100.07,0.0,0.0
td3_verified,2102468923,2.8261386960350743,6.0,100.16,0.0,0.0
td3_verified,2102468923,6.06364829411743,4.7203917701644205,100.24000000000001,0.0,0.0
td3_verified,2102468923,7.974780890824999,1.132049544071242,100.17,0.0,0.0
td3_verified,2102468923,11.882614737225962,1.3152868261696444,100.38,0.0,0.0
td3_verified,2102468923,13.711334589789772,4.507201256689529,100.29,0.0,0.0
td3_verified,2102468923,15.67228971079862,0.8192500360159194,100.25,0.0,0.0
td3_verified,2102468923,17.514084976186265,14.434589491450192,100.39,0.0,0.0
td3_verified,2102468923,29.469893389997136,4.011513534254442,100.49000000000001,0.0,0.0
td3_verified,2102468923,31.65590604594135,2.7504837422213635,100.52000000000001,0.0,0.0
td3_verified,2102468923,34.643969483859166,3.0,100.52,0.0,0.0
td3_verified,2102468923,35.948705527714765,1.539252994784878,100.58000000000001,0.0,0.0
td3_verified,2102468923,40.57375806906411,0.3275961323001493,100.67,0.0,0.0
td3_verified,2102468923,46.106258774325674,3.0655609075285075,100.69000000000001,0.0,0.0
td3_verified,2102468923,54.2050003323795,18.64194270325028,100.74000000000001,0.0,0.0
td3_verified,2102468923,62.17065776535585,0.9421378795753842,100.73,0.0,0.0
td3_verified,2102468923,63.09185044162329,0.373058317514129,100.78,0.0,0.0
td3_verified,2102468923,65.0,2.3334969172393154,100.81,0.0,0.0
td3_verified,2102468923,66.0,14.891859778549676,100.82000000000001,0.0,0.0
td3_verified,2102468923,67.699094216289,3.177501826508186,100.83000000000001,0.0,0.0
td3_verified,2102468923,72.07992879810726,0.6538397048749837,100.84,0.0,0.0
td3_verified,2102468923,74.22658938644211,3.14678266803418,100.81,0.0,0.0
td3_verified,2102468923,75.65744492430115,1.0,100.83,0.0,0.0
td3_verified,1290731514,0.0,1.202173796502516,100.09,0.0,0.0
td3_verified,1290731514,1.0,0.6415439464829853,100.0,0.06858234217465053,6.8582342174650535
td3_verified,1290731514,2.0,1.7458388264130376,100.08000000000001,0.0,0.0
td3_verified,1290731514,3.908633189121763,0.31228977986511397,100.03,0.01685803194563107,1.685803194563107
td3_verified,1290731514,5.241700160230915,22.857319965468374,100.13000000000001,0.0,0.0
td3_verified,1290731514,10.942244207751012,1.4497853258338131,99.96000000000001,0.07656016875431249,7.6560168754312485
td3_verified,1290731514,11.162665318563052,2.646950108894547,99.99000000000001,0.0007739976889808986,0.07739976889808986
td3_verified,1290731514,12.0,8.0,99.98,0.020538200305850296,2.0538200305850296
td3_verified,1290731514,13.0,0.9467682561091666,100.01,0.015408775007500708,1.5408775007500708
td3_verified,1290731514,14.0,2.367882850329561,100.02,0.0,0.0
td3_verified,1290731514,15.094030416317176,6.0,99.99000000000001,0.025580874883345928,2.5580874883345928
td3_verified,1290731514,17.053059686028202,3.0822722397621365,100.08,0.0,0.0
td3_verified,1290731514,18.277907038952605,0.565393239478805,100.03,0.05300090127282431,5.300090127282431
td3_verified,1290731514,19.075347140059577,6.176838075838578,100.05,0.01751631972405221,1.751631972405221
td3_verified,1290731514,20.0,1.6062929898493628,100.1,0.002449168865538809,0.24491688655388089
td3_verified,1290731514,22.0151412648952,0.5908108197897184,100.06,0.02825253460778754,2.825253460778754
td3_verified,1290731514,23.0,0.38394939621671204,99.93,0.15251809938528993,15.251809938528993
td3_verified,1290731514,33.01775418129376,2.0,99.78,0.2866549053979668,28.66549053979668
td3_verified,1290731514,34.0,1.6384362404528845,99.95,0.08372686475109958,8.372686475109958
td3_verified,1290731514,36.43565520962513,0.9157174256352687,99.93,0.11847688531734946,11.847688531734946
td3_verified,1290731514,43.20772289178928,1.0,99.77000000000001,0.23396645646076308,23.39664564607631
td3_verified,1290731514,49.17618891313595,1.1560172222413514,99.82,0.1566570072360065,15.66570072360065
td3_verified,1290731514,51.0,11.0,99.95,0.008094776610931831,0.8094776610931831
td3_verified,1290731514,54.949397064424076,3.8625673934268363,100.0,0.0,0.0
td3_verified,1290731514,58.354237768501996,3.7885077521519186,100.10000000000001,0.0,0.0
td3_verified,1290731514,59.17231184391264,1.0652969781766863,100.17,0.0,0.0
td3_verified,1290731514,60.550755388072425,1.8789391070286126,100.17,0.0,0.0
td3_verified,1290731514,64.18540390907384,6.664692107554602,100.13,0.0,0.0
td3_verified,1290731514,67.53162770329472,3.25417518483413,100.11,0.0,0.0
td3_verified,1290731514,68.35413725058851,1.0,100.13,0.0,0.0
td3_verified,914900708,2.084388952625706,2.0569442735120886,100.07000000000001,0.0,0.0
td3_verified,914900708,3.526047169228758,1.3334874980718003,100.08000000000001,0.00926831464043687,0.926831464043687
td3_verified,914900708,4.5412760088468,3.4547846923272854,100.05,0.0,0.0
td3_verified,914900708,6.338212345010966,3.14485941554374,99.96000000000001,0.0,0.0
td3_verified,914900708,8.180001896195385,4.215999747261362,99.98,0.002089144523864661,0.2089144523864661
td3_verified,914900708,9.107930492080373,3.248467016877789,99.9,0.1955886894784129,19.55886894784129
td3_verified,914900708,10.602813574054643,2.3437588257147914,99.84,0.24945220797623335,24.945220797623335
td3_verified,914900708,12.0,5.801734188986729,100.01,0.1010144521855807,10.10144521855807
td3_verified,914900708,20.341652846221493,2.0,99.64,0.3471041425464705,34.71041425464705
td3_verified,914900708,23.286452614406063,1.0,99.71000000000001,0.222206225686989,22.2206225686989
td3_verified,914900708,25.8153435311893,0.008944416336090666,99.85000000000001,0.07412046661639238,7.412046661639238
td3_verified,914900708,27.100505297826984,1.6223331042958686,99.83,0.07274804533457768,7.274804533457768
td3_verified,914900708,31.257442646516136,0.07134271951400814,99.69000000000001,0.17337186069376287,17.337186069376287
td3_verified,914900708,32.40055381081583,22.174086774816896,99.79,0.06768714430839395,6.768714430839395
td3_verified,914900708,44.35114428527095,1.8390681508706677,100.05000000000001,0.0,0.0
td3_verified,914900708,45.41459081321804,4.042350983933043,100.09,0.0,0.0
td3_verified,914900708,47.305802190632114,0.2663536673298189,100.16,0.0,0.0
td3_verified,914900708,53.260854989534415,1.7210411410157342,100.15,0.0,0.0
td3_verified,914900708,54.567359774855575,0.4341660678560497,100.16,0.0,0.0
td3_verified,914900708,58.0,1.3764145513680002,100.17,0.0,0.0
td3_verified,914900708,59.53757414318311,1.4795641577851708,100.05,0.0,0.0
td3_verified,914900708,63.486202546730766,2.0273731738119896,100.16000000000001,0.0,0.0
td3_verified,914900708,69.4067418887785,3.334047031225668,100.05000000000001,0.0,0.0
td3_verified,914900708,74.8091659069156,0.5838810516043533,100.04,0.0,0.0
td3_verified,914900708,76.44495999184659,2.492178711738198,100.06,0.0,0.0
td3_verified,914900708,78.07666225872455,6.438534763845972,100.09,0.0,0.0
td3_verified,914900708,84.09102213208965,8.110784710918269,100.16000000000001,0.0,0.0
td3_verified,914900708,85.0,0.8406895709486311,100.15,0.0,0.0
td3_verified,914900708,86.46250566843403,0.8002131615335876,100.16000000000001,0.0,0.0
td3_verified,914900708,88.17136108394254,3.05037801310768,100.09,0.0,0.0
td3_verified,914900708,90.0,3.586179530360363,100.12,0.0,0.0
td3_verified,914900708,94.06427086328814,0.2914147746531637,100.24,0.0,0.0
td3_verified,914900708,101.6170220128233,3.0,100.21000000000001,0.0,0.0
td3_verified,914900708,104.32766009203596,1.0,100.25,0.0,0.0
ddpg_paper_actor_history,941637108,4.833172677759208,30.0,99.97000000000001,0.0,0.0
ddpg_paper_actor_history,941637108,7.850945270725932,0.507984035034146,100.02000000000001,0.0,0.0
ddpg_paper_actor_history,941637108,11.32850107605803,5.527134289523366,99.98,0.0,0.0
ddpg_paper_actor_history,941637108,14.0,5.661484435576979,100.04,0.0,0.0
ddpg_paper_actor_history,941637108,20.0,3.3278832899685384,100.06,0.0,0.0
ddpg_paper_actor_history,941637108,21.79900710196823,3.425697160987365,100.05000000000001,0.0,0.0
ddpg_paper_actor_history,941637108,28.049406659275984,4.037703599799892,100.08000000000001,0.0,0.0
ddpg_paper_actor_history,941637108,29.0,14.224563756937755,100.03,0.0,0.0
ddpg_paper_actor_history,941637108,34.05801514376486,15.625983101192071,100.2,0.0,0.0
ddpg_paper_actor_history,941637108,38.201925058789044,7.286082167300711,100.2,0.0,0.0
ddpg_paper_actor_history,941637108,39.89854604602405,4.112423723806015,100.23,0.0,0.0
ddpg_paper_actor_history,941637108,40.970700866664515,2.725107876287842,100.26,0.0,0.0
ddpg_paper_actor_history,941637108,47.51790652034307,1.851133458575338,100.32000000000001,0.0,0.0
ddpg_paper_actor_history,941637108,52.747862866060956,1.0,100.21000000000001,0.0,0.0
ddpg_paper_actor_history,1636696007,3.128441881145111,0.942807215661001,100.16000000000001,0.0,0.0
ddpg_paper_actor_history,1636696007,8.0,0.6156384715434441,100.10000000000001,0.0,0.0
ddpg_paper_actor_history,1636696007,9.00532705528518,1.1401588720257907,100.14,0.0,0.0
ddpg_paper_actor_history,1636696007,12.900138696583282,4.305368641559434,100.11000000000001,0.0,0.0
ddpg_paper_actor_history,1636696007,18.889734392550714,2.7749756540381845,100.10000000000001,0.0,0.0
ddpg_paper_actor_history,1636696007,20.36340561206951,8.432740608721504,100.12,0.0,0.0
ddpg_paper_actor_history,1636696007,22.133958688541572,9.559731930362389,100.13000000000001,0.0,0.0
ddpg_paper_actor_history,1636696007,25.52811868940315,3.67462465372237,100.18,0.0,0.0
ddpg_paper_actor_history,1636696007,26.386297136180385,0.41714265417836194,100.21000000000001,0.0,0.0
ddpg_paper_actor_history,1636696007,43.54037756671113,11.125634323518398,100.15,0.0,0.0
ddpg_paper_actor_history,1636696007,46.67423543389241,2.452226895792522,100.13000000000001,0.0,0.0
ddpg_paper_actor_history,1636696007,48.12303826968871,0.058212011139777725,100.13000000000001,0.0,0.0
ddpg_paper_actor_history,1636696007,50.0351871804837,8.741354537566854,100.14,0.0,0.0
ddpg_paper_actor_history,1636696007,51.0,2.8827125993342997,100.13000000000001,0.0,0.0
ddpg_paper_actor_history,1636696007,52.516961343540835,1.784246460432341,100.15,0.0,0.0
ddpg_paper_actor_history,1636696007,59.22059804656721,8.0,100.06,0.032684316096663224,3.2684316096663224
ddpg_paper_actor_history,1636696007,60.06005924368027,10.015721034090422,100.05000000000001,0.035941918584939,3.5941918584939003
ddpg_paper_actor_history,1636696007,65.0,1.8707797912978985,100.04,0.040590518012422194,4.059051801242219
ddpg_paper_actor_history,1636696007,71.58613039470632,2.0717847533388767,100.04,0.03319684060397776,3.319684060397776
ddpg_paper_actor_history,1636696007,73.06209179850626,0.5188181738725711,100.05000000000001,0.020785093098311336,2.0785093098311336
ddpg_paper_actor_history,1636696007,75.4015240978307,1.9390323063333652,100.05000000000001,0.013613176927748327,1.3613176927748327
ddpg_paper_actor_history,1636696007,76.93713617404276,0.5170503536251716,100.03,0.02785548426321327,2.785548426321327
ddpg_paper_actor_history,1636696007,82.20486840775409,2.4727279637975355,100.11000000000001,0.0,0.0
ddpg_paper_actor_history,1636696007,84.0,12.776712732286015,100.11000000000001,0.0,0.0
ddpg_paper_actor_history,1042648672,0.0,9.149080256496227,100.12,0.0,0.0
ddpg_paper_actor_history,1042648672,2.251252016195324,1.5179081019632878,100.10000000000001,0.0,0.0
ddpg_paper_actor_history,1042648672,3.0,26.493579657453484,100.05000000000001,0.0,0.0
ddpg_paper_actor_history,1042648672,4.1057433046018605,0.6965626456824265,99.99000000000001,0.0,0.0
ddpg_paper_actor_history,1042648672,5.009285281311853,1.9108375296583415,100.0,0.0,0.0
ddpg_paper_actor_history,1042648672,7.258819053249225,17.0,99.97000000000001,0.0,0.0
ddpg_paper_actor_history,1042648672,23.368930900168703,24.0,100.13000000000001,0.0,0.0
ddpg_paper_actor_history,1042648672,28.281273296272538,0.5593281748649793,100.10000000000001,0.0,0.0
ddpg_paper_actor_history,1042648672,30.53005848327493,1.5860463772112297,100.04,0.0,0.0
ddpg_paper_actor_history,1042648672,31.639340226224714,0.9537843452824247,100.07000000000001,0.0,0.0
ddpg_paper_actor_history,1042648672,34.0,3.9235965234428942,100.01,0.0,0.0
ddpg_paper_actor_history,1042648672,36.300286146284755,2.0,100.03,0.0,0.0
ddpg_paper_actor_history,1042648672,37.69516097730153,7.364287113562975,100.03,0.0,0.0
ddpg_paper_actor_history,1042648672,40.35708463308231,1.4476071180637462,100.02000000000001,0.0,0.0
ddpg_paper_actor_history,1042648672,42.006026119712374,1.0,100.03,0.0,0.0
ddpg_paper_actor_history,385688959,0.0,2.6649559805033487,100.12,0.0,0.0
ddpg_paper_actor_history,385688959,3.0314474900517583,2.3437328427517787,100.12,0.0,0.0
ddpg_paper_actor_history,385688959,6.0,5.730338061222881,100.08000000000001,0.0,0.0
ddpg_paper_actor_history,385688959,7.0,0.8208438640341276,100.02000000000001,0.0,0.0
ddpg_paper_actor_history,385688959,8.716059228401027,0.9981824077255707,100.0,0.0,0.0
ddpg_paper_actor_history,385688959,9.025808789162786,1.3264829420997313,99.98,0.0,0.0
ddpg_paper_actor_history,385688959,16.743700463085283,1.7447032326334062,100.06,0.0,0.0
ddpg_paper_actor_history,385688959,20.935653027169998,1.6610671066749962,100.06,0.0,0.0
ddpg_paper_actor_history,385688959,22.137020947687027,1.808389383722982,100.05000000000001,0.0,0.0
ddpg_paper_actor_history,385688959,30.406304259259,5.199821132251616,100.01,0.0,0.0
ddpg_paper_actor_history,385688959,34.07879905740212,1.2398724631721352,100.2,0.0,0.0
ddpg_paper_actor_history,385688959,36.42070671872912,1.6572345819436247,100.21000000000001,0.0,0.0
ddpg_paper_actor_history,385688959,40.69130058033105,1.5627140772267256,100.26,0.0,0.0
ddpg_paper_actor_history,385688959,44.17736372605189,1.1031580986600669,100.27000000000001,0.0,0.0
ddpg_paper_actor_history,385688959,48.14912918425693,3.371337652011003,100.30000000000001,0.0,0.0
ddpg_paper_actor_history,385688959,49.27896421615502,1.4714201980875987,100.24000000000001,0.0,0.0
ddpg_paper_actor_history,385688959,50.53951464942573,0.017680194170800467,100.18,0.0,0.0
ddpg_paper_actor_history,385688959,53.51063869742633,0.14211604500818256,100.17,0.0,0.0
ddpg_paper_actor_history,385688959,56.009939791391176,17.76424333614212,100.21000000000001,0.0,0.0
ddpg_paper_actor_history,385688959,57.477192089077754,0.6546079378167456,100.29,0.0,0.0
ddpg_paper_actor_history,385688959,59.910248197656124,0.022583859475807766,100.33000000000001,0.0,0.0
ddpg_paper_actor_history,385688959,60.42683731361334,2.089263423034298,100.31,0.0,0.0
ddpg_paper_actor_history,385688959,61.43246184328709,0.6810671389316586,100.36000000000001,0.0,0.0
ddpg_paper_actor_history,385688959,65.808901144161,1.298859378078126,100.35000000000001,0.0,0.0
ddpg_paper_actor_history,385688959,73.33423015368751,1.0,100.17,0.0,0.0
ddpg_paper_actor_history,385688959,76.70643564864702,3.7600844205529556,100.21000000000001,0.0,0.0
ddpg_paper_actor_history,385688959,77.81416263118405,11.950472111104164,100.22000000000001,0.0,0.0
ddpg_paper_actor_history,385688959,88.119842214203,1.852049435515505,100.24000000000001,0.0,0.0
ddpg_paper_actor_history,385688959,90.25416411463493,6.033378862473862,100.24000000000001,0.0,0.0
ddpg_paper_actor_history,385688959,92.88788418344153,0.6424504123218476,100.29,0.0,0.0
ddpg_paper_actor_history,385688959,98.71464779197468,1.6389833283848436,100.24000000000001,0.0,0.0
ddpg_paper_actor_history,385688959,103.06332493663884,0.13950645602415387,100.37,0.0,0.0
ddpg_paper_actor_history,385688959,104.49769879781387,0.537249654417282,100.35000000000001,0.0,0.0
ddpg_paper_actor_history,385688959,112.24505439691002,3.946355395199364,100.42,0.0,0.0
ddpg_paper_actor_history,894371145,1.046475783545694,9.920060156529054,100.14,0.0,0.0
ddpg_paper_actor_history,894371145,4.0,0.11260661352922119,100.2,0.0,0.0
ddpg_paper_actor_history,894371145,6.0,9.64899149893133,100.22000000000001,0.0,0.0
ddpg_paper_actor_history,894371145,15.503359985787732,3.967994904437329,100.28,0.0,0.0
ddpg_paper_actor_history,894371145,18.176609552558382,6.911181885800064,100.24000000000001,0.0,0.0
ddpg_paper_actor_history,894371145,29.870457972106042,1.4076913656942143,100.2,0.0,0.0
ddpg_paper_actor_history,894371145,30.7881527716152,3.2383698337075097,100.17,0.0,0.0
ddpg_paper_actor_history,894371145,31.171846749231214,0.4986113633296675,100.19000000000001,0.0,0.0
ddpg_paper_actor_history,894371145,41.31625009854176,2.846537233076014,100.14,0.0,0.0
ddpg_paper_actor_history,894371145,44.21136105036844,0.05330202327726308,100.15,0.0,0.0
ddpg_paper_actor_history,894371145,46.788562582552174,1.69007094505907,100.13000000000001,0.0,0.0
ddpg_paper_actor_history,894371145,47.97414589662745,2.0,100.13000000000001,0.0,0.0
ddpg_paper_actor_history,894371145,56.42108562544586,6.932119190366448,100.16000000000001,0.0,0.0
ddpg_paper_actor_history,894371145,58.334471539688295,5.158852625335869,100.15,0.0,0.0
ddpg_paper_actor_history,894371145,60.25515493187573,2.1815576348753027,100.01,0.012577669103436051,1.257766910343605
ddpg_paper_actor_history,894371145,65.43923311701928,2.0788570917567593,100.05000000000001,0.0,0.0
ddpg_paper_actor_history,894371145,68.54284473456441,3.80142993118323,100.13000000000001,0.0,0.0
ddpg_paper_actor_history,894371145,72.49931084580825,5.0029557625217596,100.17,0.0,0.0
ddpg_paper_actor_history,894371145,76.54602160783021,1.9516056463888956,100.21000000000001,0.0,0.0
ddpg_paper_actor_history,894371145,80.85385298659135,3.2350016310079988,100.32000000000001,0.0,0.0
ddpg_paper_actor_history,894371145,82.0,0.6973844534183509,100.30000000000001,0.0,0.0
ddpg_paper_actor_history,894371145,83.16637465882752,2.2255074979448426,100.31,0.0,0.0
ddpg_paper_actor_history,894371145,85.60856831963991,0.5510980525249705,100.28,0.0,0.0
ddpg_paper_actor_history,894371145,88.26195267421917,2.817429363738322,100.21000000000001,0.0,0.0
ddpg_paper_actor_history,894371145,90.48626764648598,2.6581579877788335,100.19000000000001,0.0,0.0
ddpg_paper_actor_history,894371145,93.2903211954232,2.2089212893231385,100.22000000000001,0.0,0.0
ddpg_paper_actor_history,894371145,94.0,1.9951575484810038,100.24000000000001,0.0,0.0
ddpg_paper_actor_history,894371145,95.0,14.0,100.29,0.0,0.0
ddpg_paper_actor_history,1033804152,0.0,5.155805364383519,100.12,0.0,0.0
ddpg_paper_actor_history,1033804152,5.552764820334224,6.335202963247481,99.97000000000001,0.0,0.0
ddpg_paper_actor_history,1033804152,14.974182292029653,2.931896624900756,100.12,0.0,0.0
ddpg_paper_actor_history,1033804152,21.0,7.644317208655753,100.14,0.0,0.0
ddpg_paper_actor_history,1033804152,22.0,25.000000000000007,100.11000000000001,0.0,0.0
ddpg_paper_actor_history,1033804152,28.042784964354837,19.3188680313045,100.28,0.0,0.0
ddpg_paper_actor_history,1033804152,32.624508897010635,1.1591589638965865,100.25,0.0,0.0
ddpg_paper_actor_history,1033804152,33.783827514536114,1.7591595789716943,100.24000000000001,0.0,0.0
ddpg_paper_actor_history,1033804152,35.949573092171505,20.687508196235537,100.24000000000001,0.0,0.0
ddpg_paper_actor_history,1033804152,40.22735040511439,10.0,100.24000000000001,0.0,0.0
ddpg_paper_actor_history,175432,9.0,1.8245093170539293,100.14,0.0,0.0
ddpg_paper_actor_history,175432,14.845980763407786,2.3514050776867217,100.17,0.0,0.0
ddpg_paper_actor_history,175432,22.47319741236603,3.7169635801189864,100.13000000000001,0.0,0.0
ddpg_paper_actor_history,175432,24.140097156134274,0.09392741060876242,100.18,0.0,0.0
ddpg_paper_actor_history,175432,28.46588281351713,7.150072672349425,100.22000000000001,0.0,0.0
ddpg_paper_actor_history,175432,29.35157115974773,0.7635747900175792,100.17,0.0,0.0
ddpg_paper_actor_history,175432,31.16902835689716,4.473033334298797,100.11000000000001,0.0,0.0
ddpg_paper_actor_history,175432,32.498587983399176,1.3144058728370391,100.13000000000001,0.0,0.0
ddpg_paper_actor_history,175432,34.04191816844957,2.4744700803996196,100.15,0.0,0.0
ddpg_paper_actor_history,175432,37.0,2.652574161044221,100.16000000000001,0.0,0.0
ddpg_paper_actor_history,175432,43.042388357771465,13.466011039829358,100.15,0.0,0.0
ddpg_paper_actor_history,175432,45.4308135484367,3.1106470571157248,100.10000000000001,0.0,0.0
ddpg_paper_actor_history,175432,47.53912782336407,0.2554289764479404,100.15,0.0,0.0
ddpg_paper_actor_history,175432,48.06621373105177,9.734005728085407,100.13000000000001,0.0,0.0
ddpg_paper_actor_history,175432,50.0,0.918446864227215,100.14,0.0,0.0
ddpg_paper_actor_history,175432,51.0,2.5746726502413844,100.13000000000001,0.0,0.0
ddpg_paper_actor_history,175432,54.67936352560143,1.8719494461956687,100.15,0.0,0.0
ddpg_paper_actor_history,175432,59.04421145228739,0.5828358698061245,100.06,0.0,0.0
ddpg_paper_actor_history,175432,60.0,3.2226361141828983,100.05000000000001,0.0,0.0
ddpg_paper_actor_history,175432,61.58639475791021,2.5264352941139565,100.07000000000001,0.0,0.0
ddpg_paper_actor_history,175432,64.0,0.1452297444737313,100.01,0.0,0.0
ddpg_paper_actor_history,175432,70.65954810579021,3.4784247285421226,100.02000000000001,0.0,0.0
ddpg_paper_actor_history,175432,79.0,3.409102018994204,100.03,0.0,0.0
ddpg_paper_actor_history,175432,80.35198894507857,4.368636008276541,100.04,0.0,0.0
ddpg_paper_actor_history,175432,81.96860101706054,0.7952697874461934,100.10000000000001,0.0,0.0
ddpg_paper_actor_history,175432,83.0,2.967261039557211,100.11000000000001,0.0,0.0
ddpg_paper_actor_history,175432,87.24639603258146,9.48875803816638,100.04,0.0,0.0
ddpg_paper_actor_history,175432,91.1797138922185,2.087113414279583,100.08000000000001,0.0,0.0
ddpg_paper_actor_history,175432,97.99970491439383,0.8976313185144438,100.01,0.0,0.0
ddpg_paper_actor_history,175432,99.13529451644864,5.281097757818651,100.01,0.0,0.0
ddpg_paper_actor_history,175432,100.43204315709752,2.0,99.94000000000001,0.045930964069412994,4.593096406941299
ddpg_paper_actor_history,2088018535,0.0,0.030612628228823824,100.12,0.0,0.0
ddpg_paper_actor_history,2088018535,4.607309937927113,1.8121185612122623,99.99000000000001,0.02684747226552986,2.684747226552986
ddpg_paper_actor_history,2088018535,5.29317108170565,2.0180385763043645,100.0,0.0,0.0
ddpg_paper_actor_history,2088018535,6.845156078424555,0.2955820452987332,100.0,0.0,0.0
ddpg_paper_actor_history,2088018535,9.0,2.6293236556505004,99.93,0.03716259233264907,3.716259233264907
ddpg_paper_actor_history,2088018535,10.06988054049073,4.838010516139485,99.96000000000001,0.002319878891015037,0.2319878891015037
ddpg_paper_actor_history,2088018535,11.0,1.0452115936778053,99.96000000000001,0.0,0.0
ddpg_paper_actor_history,2088018535,22.72502335468732,0.5510119937523272,100.10000000000001,0.0,0.0
ddpg_paper_actor_history,2088018535,23.581793863795248,10.988237465661255,100.13000000000001,0.0,0.0
ddpg_paper_actor_history,2088018535,28.091341532062152,1.7376613940294097,100.10000000000001,0.0,0.0
ddpg_paper_actor_history,2088018535,37.17333218087668,4.276852222494794,100.03,0.0,0.0
ddpg_paper_actor_history,2088018535,42.907849066285884,3.998910010896463,100.03,0.0,0.0
ddpg_paper_actor_history,2088018535,50.89142564424386,0.7954280840554344,99.99000000000001,0.0,0.0
ddpg_paper_actor_history,2088018535,58.0,12.00648270247735,99.86000000000001,0.048678030727288046,4.867803072728805
ddpg_paper_actor_history,2088018535,60.24051041762306,9.538606225249154,99.85000000000001,0.05245649110426598,5.245649110426598
ddpg_paper_actor_history,2088018535,61.00582363094107,17.781838644508966,99.91000000000001,0.0,0.0
ddpg_paper_actor_history,2088018535,69.4718227349343,4.8892262172583525,100.49000000000001,0.0,0.0
ddpg_paper_actor_history,2088018535,77.0,8.212796652193834,100.41000000000001,0.0,0.0
ddpg_paper_actor_history,2088018535,78.0,0.19237759773813845,100.38000000000001,0.0,0.0
ddpg_paper_actor_history,2088018535,83.6474745023527,5.1184466577557295,100.37,0.0,0.0
ddpg_paper_actor_history,2088018535,88.0,7.0,100.53,0.0,0.0
ddpg_paper_actor_history,934906098,1.152803256358284,2.075030047855738,100.17,0.0,0.0
ddpg_paper_actor_history,934906098,10.019825510518837,2.1661732668320584,100.11000000000001,0.0,0.0
ddpg_paper_actor_history,934906098,15.0,1.005268647641333,99.88000000000001,0.10598139322137001,10.598139322137001
ddpg_paper_actor_history,934906098,16.574972444261643,2.2168871961295764,99.84,0.12632169174874264,12.632169174874264
ddpg_paper_actor_history,934906098,25.1611789842758,0.2331173925896423,99.68,0.2174317404980428,21.74317404980428
ddpg_paper_actor_history,934906098,27.780417828475386,4.915347261772228,99.7,0.13467638549957428,13.467638549957428
ddpg_paper_actor_history,934906098,28.025970680371813,2.828124030201219,99.71000000000001,0.08868097199535896,8.868097199535896
ddpg_paper_actor_history,934906098,29.468492415673715,3.8311848913654147,99.71000000000001,0.0653587718253732,6.53587718253732
ddpg_paper_actor_history,934906098,35.25404879437568,3.3960892300880667,99.53,0.2337820673378559,23.37820673378559
ddpg_paper_actor_history,934906098,38.779656503973435,13.74092813392799,99.53,0.19752043911491057,19.752043911491057
ddpg_paper_actor_history,934906098,39.41275970293086,0.4371946228557956,99.52000000000001,0.17921265066162562,17.92126506616256
ddpg_paper_actor_history,934906098,48.18954397488209,2.1618691443198226,99.52000000000001,0.1345671053770019,13.45671053770019
ddpg_paper_actor_history,934906098,57.489161617993226,1.5290901099335823,99.51,0.053540004685473264,5.354000468547326
ddpg_paper_actor_history,934906098,63.34097332682488,4.723646135833981,99.53,0.0,0.0
ddpg_paper_actor_history,934906098,64.0,17.000000000000004,99.57000000000001,0.0,0.0
ddpg_paper_actor_history,934906098,67.79433651465352,1.4316133317545223,99.56,0.0,0.0
ddpg_paper_actor_history,934906098,72.24592487657272,1.2558571348558476,99.54,0.0,0.0
ddpg_paper_actor_history,934906098,76.07379145590482,2.1672115786641446,99.58000000000001,0.0,0.0
ddpg_paper_actor_history,934906098,80.68616739750769,2.070914033823548,99.59,0.0,0.0
ddpg_paper_actor_history,934906098,86.0,7.0,99.67,0.0,0.0
ddpg_paper_actor_history,934906098,89.53722692022832,2.049683216895499,99.65,0.0,0.0
ddpg_paper_actor_history,934906098,91.01336207963095,7.0,99.67,0.0,0.0
ddpg_paper_actor_history,934906098,92.0,6.0,99.66000000000001,0.0,0.0
ddpg_paper_actor_history,934906098,95.0,2.071082202142453,99.64,0.0,0.0
ddpg_paper_actor_history,934906098,96.43147136189798,3.0,99.59,0.0,0.0
ddpg_paper_actor_history,934906098,102.0,3.0,99.63000000000001,0.0,0.0
ddpg_paper_actor_history,974530509,2.1107402672764515,9.373258248793764,100.15,0.0,0.0
ddpg_paper_actor_history,974530509,4.0,3.0127021391274367,100.2,0.0,0.0
ddpg_paper_actor_history,974530509,5.684196446527098,2.005046686728957,100.22000000000001,0.0,0.0
ddpg_paper_actor_history,974530509,7.859779726062351,7.394668936126898,100.21000000000001,0.0,0.0
ddpg_paper_actor_history,974530509,9.188470757917635,2.6280723510240134,100.19000000000001,0.0,0.0
ddpg_paper_actor_history,974530509,10.0,3.009982606433348,100.23,0.0,0.0
ddpg_paper_actor_history,974530509,15.16863061928587,0.03282515577658002,100.28,0.0,0.0
ddpg_paper_actor_history,974530509,25.287957229032763,2.7724466696993706,100.22000000000001,0.0,0.0
ddpg_paper_actor_history,974530509,29.996069223777212,1.3924209303765365,100.2,0.0,0.0
ddpg_paper_actor_history,974530509,31.297629787633525,9.984557002471943,100.19000000000001,0.0,0.0
ddpg_paper_actor_history,974530509,37.71287848589485,7.4452633540907245,100.12,0.024621632709525443,2.4621632709525443
ddpg_paper_actor_history,974530509,41.20690276091447,5.6057407504743795,100.14,0.0,0.0
ddpg_paper_actor_history,974530509,43.1347331296396,0.38474906528791686,100.13000000000001,0.01728617554888956,1.728617554888956
ddpg_paper_actor_history,974530509,46.67859036656446,0.8667498824754166,100.13000000000001,0.00687864260628146,0.687864260628146
ddpg_paper_actor_history,974530509,52.332531514174775,0.3407969224644126,100.12,0.01963347867879861,1.963347867879861
ddpg_paper_actor_history,974530509,53.71269634860503,9.019949856486585,100.10000000000001,0.03092450579281092,3.092450579281092
ddpg_paper_actor_history,974530509,54.204314685232575,4.79142508741703,100.13000000000001,0.0,0.0
ddpg_paper_actor_history,974530509,57.8071606183734,2.1780839635702796,100.16000000000001,0.0,0.0
ddpg_paper_actor_history,974530509,60.318377397850796,9.731765455602282,100.01,0.13773090855976022,13.773090855976022
ddpg_paper_actor_history,974530509,64.0,1.7271064620890368,100.03,0.14437592480160788,14.437592480160788
ddpg_paper_actor_history,974530509,72.0,2.1816187075051428,100.17,0.0,0.0
ddpg_paper_actor_history,974530509,73.98097109128706,4.0,100.21000000000001,0.0,0.0
ddpg_paper_actor_history,974530509,74.57482392170209,3.3887859737809607,100.16000000000001,0.0,0.0
ddpg_paper_actor_history,974530509,79.0338285912812,3.054158304730703,100.31,0.0,0.0
ddpg_paper_actor_history,974530509,83.0,1.0,100.31,0.0,0.0
ddpg_paper_actor_history,974530509,85.0,2.0,100.28,0.0,0.0
ddpg_paper_actor_history,1808942885,0.0,0.9041429907059726,100.12,0.0,0.0
ddpg_paper_actor_history,1808942885,8.91983350039751,2.1818212099489234,100.16000000000001,0.0,0.0
ddpg_paper_actor_history,1808942885,10.185524403563752,5.5387908104775665,100.12,0.0,0.0
ddpg_paper_actor_history,1808942885,13.43361174729077,7.213237548714401,100.11000000000001,0.0,0.0
ddpg_paper_actor_history,1808942885,17.0,0.5778302961184788,100.17,0.0,0.0
ddpg_paper_actor_history,1808942885,18.36152852392711,2.7691196003877643,100.15,0.0,0.0
ddpg_paper_actor_history,1808942885,20.26239963743784,6.4832090131709705,100.23,0.0,0.0
ddpg_paper_actor_history,1808942885,22.558439305967298,2.1559651261539035,100.27000000000001,0.0,0.0
ddpg_paper_actor_history,1808942885,23.0,6.80936174274178,100.21000000000001,0.0,0.0
ddpg_paper_actor_history,1808942885,24.0,0.7902401330730079,100.27000000000001,0.0,0.0
ddpg_paper_actor_history,1808942885,25.774393731517385,2.9083942652217223,100.27000000000001,0.0,0.0
ddpg_paper_actor_history,1808942885,26.915455875104378,4.631389585378306,100.22000000000001,0.0,0.0
ddpg_paper_actor_history,1808942885,29.12258742247967,0.6309668576966779,100.21000000000001,0.0,0.0
ddpg_paper_actor_history,1808942885,30.0,2.420167795666484,100.22000000000001,0.0,0.0
ddpg_paper_actor_history,1808942885,31.0,5.8898004099775845,100.21000000000001,0.0,0.0
ddpg_paper_actor_history,1808942885,33.40989681521423,15.035541794958107,100.23,0.0,0.0
ddpg_paper_actor_history,1808942885,34.192059756513025,1.311994625839156,100.27000000000001,0.0,0.0
ddpg_paper_actor_history,1808942885,44.14283493640243,1.5214571279935714,100.36000000000001,0.0,0.0
ddpg_paper_actor_history,1808942885,45.0,8.81358078547274,100.5,0.0,0.0
ddpg_paper_actor_history,1808942885,46.03348508557033,0.6343929619734726,100.43,0.0,0.0
ddpg_paper_actor_history,1808942885,48.0,0.9360725395863176,100.44000000000001,0.0,0.0
ddpg_paper_actor_history,1808942885,50.0,9.275681143518053,100.49000000000001,0.0,0.0
ddpg_paper_actor_history,1808942885,52.19668973426783,0.5665352305223698,100.46000000000001,0.0,0.0
ddpg_paper_actor_history,1808942885,53.0,4.880943063033163,100.46000000000001,0.0,0.0
ddpg_paper_actor_history,1808942885,54.46419661859361,5.0,100.41000000000001,0.0,0.0
ddpg_paper_actor_history,1476250514,2.3658338283639386,0.8325957866039291,100.10000000000001,0.0,0.0
ddpg_paper_actor_history,1476250514,7.131217952703841,1.0175759057994842,100.07000000000001,0.0,0.0
ddpg_paper_actor_history,1476250514,8.456298211043658,2.366986900671603,100.08000000000001,0.0,0.0
ddpg_paper_actor_history,1476250514,9.348064419379522,1.1242375066473982,100.11000000000001,0.0,0.0
ddpg_paper_actor_history,1476250514,17.43421971016054,3.4847728054171228,100.06,0.0,0.0
ddpg_paper_actor_history,1476250514,18.459460535337158,6.946759527947876,100.09,0.0,0.0
ddpg_paper_actor_history,1476250514,24.01547182955665,0.5511699426430416,100.05000000000001,0.0,0.0
ddpg_paper_actor_history,1476250514,37.0,2.8066681565054803,100.16000000000001,0.0,0.0
ddpg_paper_actor_history,1476250514,40.0,4.123329255003734,100.11000000000001,0.0,0.0
ddpg_paper_actor_history,1476250514,42.0,1.8473157279731731,100.12,0.0,0.0
ddpg_paper_actor_history,1476250514,43.0,0.2714089962031936,100.17,0.0,0.0
ddpg_paper_actor_history,1476250514,44.0,9.884505092088302,100.2,0.0,0.0
ddpg_paper_actor_history,1476250514,45.05441904751825,2.801900763852425,100.10000000000001,0.0,0.0
ddpg_paper_actor_history,1476250514,46.1522351262828,6.334165372033846,100.13000000000001,0.0,0.0
ddpg_paper_actor_history,1476250514,48.10924722835247,3.1980057013190466,100.18,0.0,0.0
ddpg_paper_actor_history,1476250514,49.653679009323064,4.071970396314247,100.15,0.0,0.0
ddpg_paper_actor_history,1476250514,52.081921192073416,7.110289202573909,100.24000000000001,0.0,0.0
ddpg_paper_actor_history,1476250514,55.63906589382608,1.2187545309871255,100.23,0.0,0.0
ddpg_paper_actor_history,1476250514,57.12872338929236,2.336964271555268,100.38000000000001,0.0,0.0
ddpg_paper_actor_history,1476250514,59.22457996588332,2.1089255885455835,100.42,0.0,0.0
ddpg_paper_actor_history,1476250514,60.648844387662415,2.0101439822942604,100.45,0.0,0.0
ddpg_paper_actor_history,1476250514,62.09960409430757,0.3592937778281993,100.42,0.0,0.0
ddpg_paper_actor_history,1476250514,66.18926017654012,0.11927296512236613,100.31,0.0,0.0
ddpg_paper_actor_history,1476250514,67.24224530114782,3.940206667546938,100.30000000000001,0.0,0.0
ddpg_paper_actor_history,1476250514,68.0,28.421068435397235,100.44000000000001,0.0,0.0
ddpg_paper_actor_history,359707709,2.0,3.3970505535402413,100.10000000000001,0.0,0.0
ddpg_paper_actor_history,359707709,4.851100436855621,20.031405289727793,100.08000000000001,0.0,0.0
ddpg_paper_actor_history,359707709,7.983384584964588,19.21275992476639,100.07000000000001,0.0,0.0
ddpg_paper_actor_history,359707709,11.954192483892946,16.247773175824477,100.03,0.0,0.0
ddpg_paper_actor_history,359707709,15.531412572930815,5.199700763811106,100.01,0.0,0.0
ddpg_paper_actor_history,359707709,17.0,3.1310445965769076,100.06,0.0,0.0
ddpg_paper_actor_history,359707709,21.664432446660157,0.40894180289177884,100.04,0.0,0.0
ddpg_paper_actor_history,359707709,24.11251724981471,0.9542692431690898,100.05000000000001,0.0,0.0
ddpg_paper_actor_history,359707709,25.0,4.124622467401121,100.01,0.0,0.0
ddpg_paper_actor_history,359707709,26.96394133660215,9.115464850964502,99.96000000000001,0.0,0.0
ddpg_paper_actor_history,359707709,31.302741961501997,1.231327862638287,99.94000000000001,0.0,0.0
ddpg_paper_actor_history,359707709,37.10013576108161,4.907198445459461,100.16000000000001,0.0,0.0
ddpg_paper_actor_history,359707709,41.79178251720612,0.25251630609619635,100.04,0.0,0.0
ddpg_paper_actor_history,359707709,46.120423466248305,1.9953623766115591,100.13000000000001,0.0,0.0
ddpg_paper_actor_history,359707709,49.0,1.0330521142228126,100.15,0.0,0.0
ddpg_paper_actor_history,359707709,50.0,0.9640386174627695,100.23,0.0,0.0
ddpg_paper_actor_history,359707709,54.0,3.261803998738155,100.22000000000001,0.0,0.0
ddpg_paper_actor_history,359707709,60.97055443412161,4.0,100.45,0.0,0.0
ddpg_paper_actor_history,856896044,2.0,0.6398563600814913,100.04,0.0,0.0
ddpg_paper_actor_history,856896044,3.3262271218768378,0.8197111871021519,99.96000000000001,0.0,0.0
ddpg_paper_actor_history,856896044,4.184437030693002,14.0,99.94000000000001,0.0,0.0
ddpg_paper_actor_history,856896044,12.935826675151405,12.034969137201912,100.04,0.0,0.0
ddpg_paper_actor_history,856896044,17.892321595503624,10.135850947621059,100.10000000000001,0.0,0.0
ddpg_paper_actor_history,856896044,20.84579823850992,4.1010085640126395,100.08000000000001,0.0,0.0
ddpg_paper_actor_history,856896044,22.264967933203984,12.965206602041576,100.11000000000001,0.0,0.0
ddpg_paper_actor_history,856896044,23.559822304160832,10.186281600913125,100.15,0.0,0.0
ddpg_paper_actor_history,856896044,25.433103291463215,4.168149177976534,100.29,0.0,0.0
ddpg_paper_actor_history,856896044,26.0,7.927532990622215,100.28,0.0,0.0
ddpg_paper_actor_history,856896044,32.28598889254129,1.1241203702074873,100.25,0.0,0.0
ddpg_paper_actor_history,856896044,33.0,0.41265818657099085,100.24000000000001,0.0,0.0
ddpg_paper_actor_history,856896044,34.0,10.337833514714019,100.21000000000001,0.0,0.0
ddpg_paper_actor_history,856896044,35.0,0.7660408678400416,100.24000000000001,0.0,0.0
ddpg_paper_actor_history,856896044,39.0,10.000000000000002,100.27000000000001,0.0,0.0
ddpg_paper_actor_history,477028847,7.490352839867095,0.5450163352862023,100.21000000000001,0.0,0.0
ddpg_paper_actor_history,477028847,9.0,1.3278433287189038,100.19000000000001,0.0,0.0
ddpg_paper_actor_history,477028847,10.0,0.48847962876933676,100.23,0.0,0.0
ddpg_paper_actor_history,477028847,11.371351482605116,4.560190302034932,100.24000000000001,0.0,0.0
ddpg_paper_actor_history,477028847,16.330679879983855,0.8558619379964745,100.30000000000001,0.0,0.0
ddpg_paper_actor_history,477028847,21.0,0.04080177322820347,100.22000000000001,0.0,0.0
ddpg_paper_actor_history,477028847,26.219249029588205,4.592908227651114,100.21000000000001,0.0,0.0
ddpg_paper_actor_history,477028847,28.552880049588875,1.6139036073810356,100.21000000000001,0.0,0.0
ddpg_paper_actor_history,477028847,32.516807717805015,1.1559574499974214,100.19000000000001,0.0,0.0
ddpg_paper_actor_history,477028847,33.0,0.3117928412625165,100.18,0.0,0.0
ddpg_paper_actor_history,477028847,34.26716960305724,2.798213235558323,100.17,0.0,0.0
ddpg_paper_actor_history,477028847,39.40913941941712,1.654600118756223,100.12,0.014385905746294725,1.4385905746294725
ddpg_paper_actor_history,477028847,40.0,2.4906702409392922,100.13000000000001,0.0,0.0
ddpg_paper_actor_history,477028847,45.72796872599196,1.0489427609968685,100.12,0.0,0.0
ddpg_paper_actor_history,477028847,47.326445111185855,6.0004636801489415,100.13000000000001,0.0,0.0
ddpg_paper_actor_history,477028847,49.42116730790226,1.294238692943995,100.14,0.0,0.0
ddpg_paper_actor_history,477028847,54.4216500151279,2.144577079833528,100.13000000000001,0.0,0.0
ddpg_paper_actor_history,477028847,58.0,2.0114835419976353,100.15,0.0,0.0
ddpg_paper_actor_history,477028847,69.03068659422884,22.637723069669306,100.13000000000001,0.0,0.0
ddpg_paper_actor_history,477028847,71.81542997687065,19.394559623565925,100.12,0.0,0.0
ddpg_paper_actor_history,477028847,79.41092966646765,11.817796034677752,100.31,0.0,0.0
ddpg_paper_actor_history,477028847,84.35661343533768,0.6816141335244228,100.27000000000001,0.0,0.0
ddpg_paper_actor_history,477028847,89.89006053297182,1.3424104937467876,100.2,0.0,0.0
ddpg_paper_actor_history,477028847,92.03281706038419,3.59596782751203,100.22000000000001,0.0,0.0
ddpg_paper_actor_history,477028847,95.34685387042668,3.0604175910533624,100.29,0.0,0.0
ddpg_paper_actor_history,477028847,96.0,2.0,100.31,0.0,0.0
ddpg_paper_actor_history,2091387315,0.0,5.271315677259031,100.12,0.0,0.0
ddpg_paper_actor_history,2091387315,1.0,7.620780884032186,100.15,0.0,0.0
ddpg_paper_actor_history,2091387315,11.795646164203381,0.7317367134653188,99.98,0.0,0.0
ddpg_paper_actor_history,2091387315,13.598840007271695,1.0709389631642579,100.03,0.0,0.0
ddpg_paper_actor_history,2091387315,21.769340466404863,10.138826420768247,100.05000000000001,0.0,0.0
ddpg_paper_actor_history,2091387315,24.60644865899391,1.6758472919412772,100.04,0.0,0.0
ddpg_paper_actor_history,2091387315,27.0,0.44695912318068765,100.09,0.0,0.0
ddpg_paper_actor_history,2091387315,33.43908952329882,3.54380587165996,100.14,0.0,0.0
ddpg_paper_actor_history,2091387315,43.26023919915412,4.223764052450913,100.30000000000001,0.0,0.0
ddpg_paper_actor_history,2091387315,45.0,0.7739441487109899,100.31,0.0,0.0
ddpg_paper_actor_history,2091387315,46.0,14.146891577751664,100.29,0.0,0.0
ddpg_paper_actor_history,2091387315,50.46265014219302,8.501436031995592,100.18,0.0,0.0
ddpg_paper_actor_history,2091387315,57.11226856916805,6.11500888244005,100.29,0.0,0.0
ddpg_paper_actor_history,2091387315,60.267706255652804,2.3832297084652865,100.31,0.0,0.0
ddpg_paper_actor_history,2091387315,65.0,1.5351321627217833,100.35000000000001,0.0,0.0
ddpg_paper_actor_history,2091387315,68.0,1.7719512076748916,100.27000000000001,0.0,0.0
ddpg_paper_actor_history,2091387315,74.4870010058418,1.7093154443318557,100.2,0.0,0.0
ddpg_paper_actor_history,2091387315,77.32971709624377,0.01846301719863072,100.22000000000001,0.0,0.0
ddpg_paper_actor_history,2091387315,78.0,1.612382852895823,100.27000000000001,0.0,0.0
ddpg_paper_actor_history,2091387315,84.0,6.731031778501192,100.24000000000001,0.0,0.0
ddpg_paper_actor_history,2091387315,92.60126482846736,5.076158033239316,100.29,0.0,0.0
ddpg_paper_actor_history,2091387315,95.13012809461708,0.6891862827597219,100.29,0.0,0.0
ddpg_paper_actor_history,2091387315,101.1152476325667,3.6766697586434556,100.31,0.0,0.0
ddpg_paper_actor_history,2091387315,102.0,0.4153235613158016,100.32000000000001,0.0,0.0
ddpg_paper_actor_history,2091387315,103.0,2.9014916363918966,100.37,0.0,0.0
ddpg_paper_actor_history,2091387315,106.75827301058096,4.460241145444965,100.41000000000001,0.0,0.0
ddpg_paper_actor_history,2091387315,107.59884299108352,1.6796359721276353,100.42,0.0,0.0
ddpg_paper_actor_history,2091387315,108.97143681420027,0.6657813979430115,100.35000000000001,0.0,0.0
ddpg_paper_actor_history,600114455,2.222130509351705,0.27660423753584323,100.15,0.0,0.0
ddpg_paper_actor_history,600114455,10.077298665521885,4.198774725633863,99.94000000000001,0.019796086125609236,1.9796086125609236
ddpg_paper_actor_history,600114455,15.102409035654604,10.261404446452808,100.06,0.0,0.0
ddpg_paper_actor_history,600114455,19.91487518435452,1.5938545830954012,100.03,0.0,0.0
ddpg_paper_actor_history,600114455,21.98493895801618,0.49602925024474676,100.05000000000001,0.0,0.0
ddpg_paper_actor_history,600114455,22.412695530717638,11.579932548109602,100.05000000000001,0.0,0.0
ddpg_paper_actor_history,600114455,28.341243054612605,14.436302740893966,100.08000000000001,0.0,0.0
ddpg_paper_actor_history,600114455,31.165774792286737,13.684748370478863,100.11000000000001,0.0,0.0
ddpg_paper_actor_history,600114455,36.25753996011453,1.040440998164951,100.21000000000001,0.0,0.0
ddpg_paper_actor_history,600114455,37.95181277632223,9.833716397255031,100.19000000000001,0.0,0.0
ddpg_paper_actor_history,600114455,40.0,1.3409746453838958,100.26,0.0,0.0
ddpg_paper_actor_history,600114455,47.215808502342405,27.0,100.32000000000001,0.0,0.0
ddpg_paper_actor_history,600114455,48.0,4.0,100.30000000000001,0.0,0.0
ddpg_paper_actor_history,130407267,0.0,2.872610903994753,100.12,0.0,0.0
ddpg_paper_actor_history,130407267,8.60476970936445,5.963548819981657,100.13000000000001,0.0,0.0
ddpg_paper_actor_history,130407267,19.544095541144223,7.142954895770548,99.83000000000001,0.17243214594607537,17.243214594607537
ddpg_paper_actor_history,130407267,38.310707708024644,5.517152301181556,99.53,0.10574722760001976,10.574722760001976
ddpg_paper_actor_history,130407267,40.48968155209234,3.9636277184111384,99.54,0.061576542222837816,6.157654222283782
ddpg_paper_actor_history,130407267,43.138742600723845,0.3718346706409008,99.46000000000001,0.09879126373802194,9.879126373802194
ddpg_paper_actor_history,130407267,45.2427984553993,7.419165355282414,99.43,0.15471641433855154,15.471641433855154
ddpg_paper_actor_history,130407267,49.363229743155834,3.531006282523594,99.58000000000001,0.0,0.0
ddpg_paper_actor_history,130407267,56.905232745753636,10.867245106747928,99.52000000000001,0.0018426119509769023,0.18426119509769023
ddpg_paper_actor_history,130407267,61.465855371734854,0.5196103434509421,99.47000000000001,0.014476053148513301,1.4476053148513301
ddpg_paper_actor_history,130407267,63.995671309883086,23.409986550800024,99.53,0.0,0.0
ddpg_paper_actor_history,130407267,65.86173780846273,1.4665170112681754,99.56,0.0,0.0
ddpg_paper_actor_history,130407267,67.05666530931343,14.0,99.56,0.0,0.0
ddpg_paper_actor_history,130407267,70.0,3.0,99.5,0.0,0.0
ddpg_paper_actor_history,130407267,77.33250569731833,1.0,99.56,0.0,0.0
ddpg_paper_actor_history,130407267,82.0,1.329955777388659,99.61000000000001,0.0,0.0
ddpg_paper_actor_history,130407267,84.0,2.0,99.66000000000001,0.0,0.0
ddpg_paper_actor_history,130407267,86.0,1.449988590673355,99.67,0.0,0.0
ddpg_paper_actor_history,130407267,87.31068672934063,2.0,99.65,0.0,0.0
ddpg_paper_actor_history,130407267,88.0,0.8333053040124407,99.66000000000001,0.0,0.0
ddpg_paper_actor_history,130407267,90.6964476307102,1.0,99.73,0.0,0.0
ddpg_paper_actor_history,1707786086,0.0,0.29953655750972996,100.12,0.0,0.0
ddpg_paper_actor_history,1707786086,1.0,1.834760145462494,100.13000000000001,0.0,0.0
ddpg_paper_actor_history,1707786086,3.0496483718699485,1.2373011709220696,99.96000000000001,0.024758051929268277,2.4758051929268277
ddpg_paper_actor_history,1707786086,7.0,1.666503866493464,99.97000000000001,0.0,0.0
ddpg_paper_actor_history,1707786086,10.013726631223863,0.311042219898094,100.16000000000001,0.0,0.0
ddpg_paper_actor_history,1707786086,13.479588928493136,1.0615862820477628,100.07000000000001,0.0,0.0
ddpg_paper_actor_history,1707786086,16.633827145650837,1.2142601618074291,100.09,0.0,0.0
ddpg_paper_actor_history,1707786086,18.0,0.8567971088566727,100.10000000000001,0.0,0.0
ddpg_paper_actor_history,1707786086,26.0,1.1555292246235784,100.28,0.0,0.0
ddpg_paper_actor_history,1707786086,28.0,0.29355569681104965,100.28,0.0,0.0
ddpg_paper_actor_history,1707786086,32.0,5.418184998006939,100.25,0.0,0.0
ddpg_paper_actor_history,1707786086,34.0,1.893531909175497,100.21000000000001,0.0,0.0
ddpg_paper_actor_history,1707786086,35.0,0.48532206238909315,100.24000000000001,0.0,0.0
ddpg_paper_actor_history,1707786086,36.0,2.236467402659386,100.22000000000001,0.0,0.0
ddpg_paper_actor_history,1707786086,37.0,7.0,100.25,0.0,0.0
ddpg_paper_actor_history,1707786086,43.0,2.882801426099643,100.2,0.0,0.0
ddpg_paper_actor_history,1707786086,44.0,0.2016864919054735,100.2,0.0,0.0
ddpg_paper_actor_history,1707786086,45.11098097875819,3.3353984776249543,100.21000000000001,0.0,0.0
ddpg_paper_actor_history,1707786086,48.331175449608416,2.9656975903626375,100.14,0.0,0.0
ddpg_paper_actor_history,1707786086,49.13580686220019,4.810188699909276,100.16000000000001,0.0,0.0
ddpg_paper_actor_history,1707786086,50.089072385261105,0.09429874124878346,100.14,0.0,0.0
ddpg_paper_actor_history,1707786086,51.0,2.5596349621438845,100.10000000000001,0.0,0.0
ddpg_paper_actor_history,1707786086,56.54124726759958,15.330154338438854,100.01,0.0,0.0
ddpg_paper_actor_history,1707786086,57.627044450697326,0.22120701816538496,100.05000000000001,0.0,0.0
ddpg_paper_actor_history,1707786086,67.6101183892322,1.4491004376407333,100.02000000000001,0.0,0.0
ddpg_paper_actor_history,1707786086,68.2460382986287,8.296255257424296,100.01,0.0,0.0
ddpg_paper_actor_history,1707786086,70.0,0.22355744699367824,100.02000000000001,0.0,0.0
ddpg_paper_actor_history,1707786086,73.0,2.1564860363831966,100.04,0.0,0.0
ddpg_paper_actor_history,1707786086,76.04849226601723,4.223648750203421,100.0,0.0,0.0
ddpg_paper_actor_history,1707786086,78.44456232810826,9.230564872612936,100.03,0.0,0.0
ddpg_paper_actor_history,1707786086,82.37751407419265,7.264336026055357,100.07000000000001,0.0,0.0
ddpg_paper_actor_history,1707786086,93.17866684268164,7.0,100.2,0.0,0.0
ddpg_paper_actor_history,1234640717,0.0,4.316347859403454,100.12,0.0,0.0
ddpg_paper_actor_history,1234640717,5.0,1.013779722515624,100.17,0.0,0.0
ddpg_paper_actor_history,1234640717,10.814057605951525,2.066910551059144,100.12,0.0,0.0
ddpg_paper_actor_history,1234640717,16.0,5.9276496866321065,99.96000000000001,0.07959140009600674,7.959140009600674
ddpg_paper_actor_history,1234640717,19.350594752669334,3.9331752828203874,99.81,0.20199853261769363,20.199853261769363
ddpg_paper_actor_history,1234640717,27.0,7.445846296608299,99.81,0.18369249925456188,18.369249925456188
ddpg_paper_actor_history,1234640717,28.082560637889156,19.447982029021155,99.79,0.2368657378071788,23.68657378071788
ddpg_paper_actor_history,1234640717,31.910946772431,0.17003084924151363,99.85000000000001,0.15011365501815987,15.011365501815987
ddpg_paper_actor_history,1234640717,36.21380942070972,2.4718789743217844,99.91000000000001,0.06639006023331717,6.639006023331717
ddpg_paper_actor_history,1234640717,38.0,1.801319920220356,99.88000000000001,0.050512088477560724,5.051208847756072
ddpg_paper_actor_history,1234640717,42.3912909448801,5.202762797603965,99.96000000000001,0.0,0.0
ddpg_paper_actor_history,1234640717,43.87340705837923,0.1975196089251821,99.94000000000001,0.0,0.0
ddpg_paper_actor_history,1234640717,44.66460786704145,4.5695122252325975,99.94000000000001,0.0,0.0
ddpg_paper_actor_history,1234640717,48.006865718289106,13.55912754620527,99.87,0.0,0.0
ddpg_paper_actor_history,1234640717,61.75435860398675,1.4304933225503549,99.9,0.0,0.0
ddpg_paper_actor_history,1234640717,63.00003626696718,2.1625065064965914,99.91000000000001,0.0,0.0
ddpg_paper_actor_history,1234640717,65.0,5.630736415139331,99.89,0.0,0.0
ddpg_paper_actor_history,1234640717,67.0,10.053788595847665,99.94000000000001,0.0,0.0
ddpg_paper_actor_history,1234640717,74.77716942760883,0.8563281245113594,99.96000000000001,0.0,0.0
ddpg_paper_actor_history,1234640717,76.15532175540243,7.0,99.94000000000001,0.0,0.0
ddpg_paper_actor_history,547092092,0.0,5.667025943670531,100.12,0.0,0.0
ddpg_paper_actor_history,547092092,2.0,5.2054790586216555,100.14,0.0,0.0
ddpg_paper_actor_history,547092092,3.8754938921532385,0.037206018202305124,100.12,0.0,0.0
ddpg_paper_actor_history,547092092,6.019371880634971,4.988345237788488,100.12,0.0,0.0
ddpg_paper_actor_history,547092092,13.861916797720102,5.712789367399815,100.01,0.0,0.0
ddpg_paper_actor_history,547092092,14.649229010194983,1.9969978905554522,99.96000000000001,0.0,0.0
ddpg_paper_actor_history,547092092,17.06820053374438,2.9003416824409065,99.84,0.0,0.0
ddpg_paper_actor_history,547092092,20.369389669295053,1.2395825355569625,99.81,0.0,0.0
ddpg_paper_actor_history,547092092,23.28925021995089,17.294868575599413,99.69000000000001,0.09847567575826588,9.847567575826588
ddpg_paper_actor_history,547092092,25.713383542621838,1.0762630058731613,99.68,0.09428816587069377,9.428816587069377
ddpg_paper_actor_history,547092092,28.297692800772975,2.796493595841775,99.71000000000001,0.09145166180378794,9.145166180378794
ddpg_paper_actor_history,547092092,32.59270227723255,1.0,99.53,0.13506891093325635,13.506891093325635
ddpg_paper_actor_history,547092092,33.0967615841887,17.65621118274127,99.54,0.17013431051674388,17.013431051674388
ddpg_paper_actor_history,547092092,40.2769717852603,0.35081781556755076,99.54,0.0,0.0
ddpg_paper_actor_history,547092092,42.102876964989235,1.5576924426520873,99.49000000000001,0.0,0.0
ddpg_paper_actor_history,547092092,47.81864534128082,0.2848542247708449,99.5,0.0,0.0
ddpg_paper_actor_history,547092092,49.59949082957511,0.3768061093682737,99.58000000000001,0.0,0.0
ddpg_paper_actor_history,547092092,51.00190830261627,4.561810943970853,99.54,0.0,0.0
ddpg_paper_actor_history,547092092,52.0,0.8852161313748711,99.55000000000001,0.0,0.0
ddpg_paper_actor_history,547092092,56.11500145876549,0.9300652044179656,99.52000000000001,0.0,0.0
ddpg_paper_actor_history,547092092,58.42982231842898,1.7977338677549444,99.51,0.0,0.0
ddpg_paper_actor_history,547092092,59.02455243155877,4.068067665504019,99.5,0.0,0.0
ddpg_paper_actor_history,547092092,63.16662373394602,2.0,99.53,0.0,0.0
ddpg_paper_actor_history,547092092,68.38304596706534,0.45621127392614913,99.49000000000001,0.0,0.0
ddpg_paper_actor_history,547092092,70.0,3.0,99.5,0.0,0.0
ddpg_paper_actor_history,547092092,77.0,5.0,99.56,0.0,0.0
ddpg_paper_actor_history,547092092,82.0,2.5436117407732732,99.61000000000001,0.0,0.0
ddpg_paper_actor_history,547092092,83.06776744579133,3.0,99.67,0.0,0.0
ddpg_paper_actor_history,547092092,84.87991393794691,1.0,99.66000000000001,0.0,0.0
ddpg_paper_actor_history,129130662,7.226563709845333,3.541484617550439,100.11000000000001,0.0,0.0
ddpg_paper_actor_history,129130662,12.237261699131535,1.539733501535387,100.11000000000001,0.0,0.0
ddpg_paper_actor_history,129130662,15.544810461720154,6.29026445985763,100.14,0.0,0.0
ddpg_paper_actor_history,129130662,19.0,9.257204502042207,100.09,0.0,0.0
ddpg_paper_actor_history,129130662,20.81914247888721,1.4709822287163983,100.12,0.0,0.0
ddpg_paper_actor_history,129130662,21.653878195807586,5.877799690198788,100.09,0.0,0.0
ddpg_paper_actor_history,129130662,22.67372961572859,0.8462276958319979,100.13000000000001,0.0,0.0
ddpg_paper_actor_history,129130662,23.0,1.6412618746283407,100.13000000000001,0.0,0.0
ddpg_paper_actor_history,129130662,24.0,1.766432794713834,100.18,0.0,0.0
ddpg_paper_actor_history,129130662,25.0,3.1822867451000354,100.18,0.0,0.0
ddpg_paper_actor_history,129130662,28.58515768921108,4.063145418063554,100.22000000000001,0.0,0.0
ddpg_paper_actor_history,129130662,31.303994409441984,1.6335220859610118,100.11000000000001,0.0,0.0
ddpg_paper_actor_history,129130662,35.025058713541526,0.290777393944996,100.17,0.0,0.0
ddpg_paper_actor_history,129130662,36.0,5.5030538826444495,100.18,0.0,0.0
ddpg_paper_actor_history,129130662,37.0,4.12117221532268,100.16000000000001,0.0,0.0
ddpg_paper_actor_history,129130662,38.0,1.0417554256934005,100.16000000000001,0.0,0.0
ddpg_paper_actor_history,129130662,43.90839907260075,5.419885376256374,100.15,0.0,0.0
ddpg_paper_actor_history,129130662,44.77883303375528,6.570400966895622,100.09,0.0,0.0
ddpg_paper_actor_history,129130662,48.22256808401404,1.1578913068291612,100.13000000000001,0.0,0.0
ddpg_paper_actor_history,129130662,49.092697041075674,7.6705334135585215,100.12,0.0,0.0
ddpg_paper_actor_history,129130662,50.64810620974899,2.3774113678642816,100.14,0.0,0.0
ddpg_paper_actor_history,129130662,51.59511710784214,6.031713021892241,100.13000000000001,0.0,0.0
ddpg_paper_actor_history,129130662,56.44181540114417,2.03254454759804,100.18,0.0,0.0
ddpg_paper_actor_history,129130662,63.09767219338409,5.062652907519101,100.02000000000001,0.0,0.0
ddpg_paper_actor_history,129130662,65.31693790395762,4.590102148220192,100.04,0.0,0.0
ddpg_paper_actor_history,129130662,71.0,3.925129167937574,100.04,0.0,0.0
ddpg_paper_actor_history,129130662,72.0,3.0,100.04,0.0,0.0
ddpg_paper_actor_history,869874735,0.0,0.021635142585359035,100.12,0.0,0.0
ddpg_paper_actor_history,869874735,3.877683053541065,1.0986152391295683,100.05000000000001,0.0,0.0
ddpg_paper_actor_history,869874735,4.738172701488425,7.5419158875237144,99.99000000000001,0.0,0.0
ddpg_paper_actor_history,869874735,7.488469889898642,0.2169771218716698,99.97000000000001,0.0,0.0
ddpg_paper_actor_history,869874735,10.0,4.364645790411391,99.96000000000001,0.0,0.0
ddpg_paper_actor_history,869874735,13.0,6.469338938804282,99.93,0.0,0.0
ddpg_paper_actor_history,869874735,17.751602251761348,1.1423680079467262,99.98,0.0,0.0
ddpg_paper_actor_history,869874735,19.25137027959726,4.878297981614019,100.07000000000001,0.0,0.0
ddpg_paper_actor_history,869874735,21.959450035618836,2.093858302111159,100.07000000000001,0.0,0.0
ddpg_paper_actor_history,869874735,28.90847525127706,10.802822040940995,100.10000000000001,0.0,0.0
ddpg_paper_actor_history,869874735,37.98390145521455,2.5036886090986026,100.03,0.0,0.0
ddpg_paper_actor_history,869874735,39.394389513781036,0.6556333448539811,100.04,0.0,0.0
ddpg_paper_actor_history,869874735,40.26563699115348,0.09190665700895087,100.02000000000001,0.0,0.0
ddpg_paper_actor_history,869874735,46.15606454390437,8.971863554079528,100.08000000000001,0.0,0.0
ddpg_paper_actor_history,869874735,48.1650558828992,1.102468509566325,100.02000000000001,0.0,0.0
ddpg_paper_actor_history,869874735,49.15383065679711,17.0,99.98,0.0,0.0
ddpg_paper_actor_history,869874735,52.99800970829413,7.8400615964776055,99.94000000000001,0.0,0.0
ddpg_paper_actor_history,869874735,60.230323952084525,1.1886341319867644,99.85000000000001,0.013266725523550349,1.326672552355035
ddpg_paper_actor_history,869874735,83.0,1.010830418183698,100.37,0.0,0.0
ddpg_paper_actor_history,869874735,84.0,0.10825906283639483,100.43,0.0,0.0
ddpg_paper_actor_history,869874735,86.31922518417953,1.4433825784943315,100.45,0.0,0.0
ddpg_paper_actor_history,869874735,88.1145362848727,1.1019818882854078,100.53,0.0,0.0
ddpg_paper_actor_history,869874735,90.17897347501452,7.871192296967771,100.62,0.0,0.0
ddpg_paper_actor_history,869874735,91.93679374909591,1.8787068045940893,100.59,0.0,0.0
ddpg_paper_actor_history,869874735,93.16736458977896,0.4538913293879242,100.5,0.0,0.0
ddpg_paper_actor_history,869874735,94.0128664277166,1.1757973794382528,100.56,0.0,0.0
ddpg_paper_actor_history,869874735,95.20754229263335,0.29340629400724255,100.62,0.0,0.0
ddpg_paper_actor_history,869874735,99.0,2.3922830948860567,100.62,0.0,0.0
ddpg_paper_actor_history,869874735,104.09399156855099,4.0,100.65,0.0,0.0
ddpg_paper_actor_history,2659191,2.5488718883571893,0.46568813274332027,100.16000000000001,0.0,0.0
ddpg_paper_actor_history,2659191,11.129483312111901,0.16006673884625416,100.16000000000001,0.0,0.0
ddpg_paper_actor_history,2659191,12.93349504684376,3.0765896195294333,100.17,0.0,0.0
ddpg_paper_actor_history,2659191,14.147143502723425,14.643375262778475,100.13000000000001,0.0,0.0
ddpg_paper_actor_history,2659191,16.823673034176966,1.3129899825966553,99.96000000000001,0.12097926495074773,12.097926495074773
ddpg_paper_actor_history,2659191,18.619495194839402,1.2660229286958615,99.95,0.09837990919629647,9.837990919629647
ddpg_paper_actor_history,2659191,19.269800075614192,2.30816881388562,99.81,0.3236664899783932,32.36664899783932
ddpg_paper_actor_history,2659191,21.137865648639487,7.343609952729128,99.88000000000001,0.2334517918320813,23.34517918320813
ddpg_paper_actor_history,2659191,23.59577905191461,1.2823493922210463,99.85000000000001,0.2055180086938293,20.55180086938293
ddpg_paper_actor_history,2659191,24.628432262976325,1.0,99.82000000000001,0.2429612864728199,24.29612864728199
ddpg_paper_actor_history,2659191,26.375477895871125,7.308373622616454,99.81,0.17814481874407306,17.814481874407306
ddpg_paper_actor_history,2659191,31.588402957269906,1.214777571666501,99.85000000000001,0.16072715575694474,16.072715575694474
ddpg_paper_actor_history,2659191,35.248377579240966,0.2976391018936154,99.94000000000001,0.0,0.0
ddpg_paper_actor_history,2659191,36.0,1.1084331616005263,99.91000000000001,0.0,0.0
ddpg_paper_actor_history,2659191,37.52919287354841,1.787145979612581,99.88000000000001,0.0,0.0
ddpg_paper_actor_history,2659191,38.30923127576004,1.367788324821505,99.88000000000001,0.0,0.0
ddpg_paper_actor_history,2659191,41.11351418178254,5.407192874703749,99.95,0.0,0.0
ddpg_paper_actor_history,2659191,59.15855802687642,3.9994594061591333,99.92,0.0,0.0
ddpg_paper_actor_history,2659191,60.42530351506503,1.5996311508090513,99.9,0.0,0.0
ddpg_paper_actor_history,2659191,65.26328278146515,6.199239619215298,99.89,0.0,0.0
ddpg_paper_actor_history,2659191,69.0,10.0,99.91000000000001,0.0,0.0
ddpg_paper_actor_history,2659191,74.0,4.308937843631428,99.96000000000001,0.0,0.0
ddpg_paper_actor_history,2659191,75.0,1.583614169766626,99.96000000000001,0.0,0.0
ddpg_paper_actor_history,2659191,88.04599638210856,1.3210649306526703,100.01,0.0,0.0
ddpg_paper_actor_history,2659191,89.0,7.169718668563325,100.01,0.0,0.0
ddpg_paper_actor_history,2659191,90.0,0.8447400521145536,100.06,0.0,0.0
ddpg_paper_actor_history,2659191,92.20954727617857,2.7067057803365757,100.11000000000001,0.0,0.0
ddpg_paper_actor_history,2659191,99.0,4.6253194582955075,100.18,0.0,0.0
ddpg_paper_actor_history,2659191,104.95046255421649,0.8282066586469503,100.04,0.0,0.0
ddpg_paper_actor_history,2659191,109.15724620873839,0.22535448654618428,100.08000000000001,0.0,0.0
ddpg_paper_actor_history,2659191,116.40417632265151,1.344785254956439,100.32000000000001,0.0,0.0
ddpg_paper_actor_history,1388619451,0.0,11.263640549783235,100.12,0.0,0.0
ddpg_paper_actor_history,1388619451,7.751798531836773,3.7551237096503125,99.97000000000001,0.015468689075760267,1.5468689075760267
ddpg_paper_actor_history,1388619451,8.61563592719201,1.6596521678441505,99.98,0.04141718817859896,4.141718817859896
ddpg_paper_actor_history,1388619451,14.751582650771304,5.736938341603553,99.96000000000001,0.0,0.0
ddpg_paper_actor_history,1388619451,15.573295102260172,8.656396035853854,99.97000000000001,0.0,0.0
ddpg_paper_actor_history,1388619451,16.9038757543164,5.800472015368658,99.98,0.0,0.0
ddpg_paper_actor_history,1388619451,23.389080407027528,17.161872970661435,100.13000000000001,0.0,0.0
ddpg_paper_actor_history,1388619451,34.20661107571408,2.469916382082064,100.01,0.017111907078430022,1.7111907078430022
ddpg_paper_actor_history,1388619451,35.0,6.487489006566559,100.01,0.013637883271755413,1.3637883271755413
ddpg_paper_actor_history,1388619451,36.0,1.3541551606774302,100.03,0.0,0.0
ddpg_paper_actor_history,1388619451,42.122763722015335,21.64056952583022,100.03,0.0,0.0
ddpg_paper_actor_history,1388619451,44.18096770589947,0.03275486599739777,100.03,0.0,0.0
ddpg_paper_actor_history,1388619451,45.0,0.9311998751344349,100.09,0.0,0.0
ddpg_paper_actor_history,1388619451,50.30015073615953,13.000000000000004,99.99000000000001,0.0,0.0
ddpg_paper_actor_history,1896247783,2.9299084790990992,2.129084863095614,100.10000000000001,0.0,0.0
ddpg_paper_actor_history,1896247783,4.147176228070516,4.340835512266196,99.99000000000001,0.0,0.0
ddpg_paper_actor_history,1896247783,5.0,4.106102926086488,100.0,0.0,0.0
ddpg_paper_actor_history,1896247783,15.0,4.535308298148689,99.97000000000001,0.0,0.0
ddpg_paper_actor_history,1896247783,16.0,24.0,99.98,0.0,0.0
ddpg_paper_actor_history,1896247783,20.0,5.317357280680721,100.07000000000001,0.0,0.0
ddpg_paper_actor_history,1896247783,22.728038645675937,6.564444750907642,100.10000000000001,0.0,0.0
ddpg_paper_actor_history,1896247783,23.622850096071673,2.445326839509512,100.13000000000001,0.0,0.0
ddpg_paper_actor_history,1896247783,26.129706798563628,9.307098902265954,100.09,0.0,0.0
ddpg_paper_actor_history,1896247783,28.26548015413669,0.06958266139326216,100.10000000000001,0.0,0.0
ddpg_paper_actor_history,1896247783,30.41428089116456,0.9703735862914429,100.04,0.0,0.0
ddpg_paper_actor_history,1896247783,32.790865195698906,1.0561729098968957,100.01,0.0,0.0
ddpg_paper_actor_history,1896247783,35.60345467621133,2.465376956822391,100.01,0.0,0.0
ddpg_paper_actor_history,1896247783,36.35859369060284,0.05678854100277647,100.03,0.0,0.0
ddpg_paper_actor_history,1896247783,47.02730811245188,2.4647407632443654,100.03,0.0,0.0
ddpg_paper_actor_history,1896247783,48.0,9.889978495452262,100.02000000000001,0.0,0.0
ddpg_paper_actor_history,1896247783,50.0,1.983085478325913,99.99000000000001,0.0,0.0
ddpg_paper_actor_history,1896247783,55.59581823865524,1.3608916835511626,99.87,0.0,0.0
ddpg_paper_actor_history,1896247783,63.409270232105946,0.4824654565097426,99.98,0.0,0.0
ddpg_paper_actor_history,1896247783,64.0,1.579769856320643,100.2,0.0,0.0
ddpg_paper_actor_history,1896247783,75.22473918460588,1.9239234246223376,100.59,0.0,0.0
ddpg_paper_actor_history,1896247783,78.0381768121796,1.8471298986757567,100.38000000000001,0.0,0.0
ddpg_paper_actor_history,1896247783,80.0,0.03198559970415593,100.45,0.0,0.0
ddpg_paper_actor_history,1896247783,82.0,5.115279908517337,100.43,0.0,0.0
ddpg_paper_actor_history,1896247783,83.29213395736119,0.28855505283822164,100.37,0.0,0.0
ddpg_paper_actor_history,1896247783,85.19170146963623,4.934610975856623,100.46000000000001,0.0,0.0
ddpg_paper_actor_history,1565021161,0.0,2.7537223484686897,100.12,0.0,0.0
ddpg_paper_actor_history,1565021161,4.936127419677248,1.5233555015385694,100.08000000000001,0.0,0.0
ddpg_paper_actor_history,1565021161,9.286880243793874,0.27100584900208113,100.11000000000001,0.0,0.0
ddpg_paper_actor_history,1565021161,15.393514110419044,3.420318626911781,100.01,0.0,0.0
ddpg_paper_actor_history,1565021161,17.61465125943933,1.2049888008662055,100.06,0.0,0.0
ddpg_paper_actor_history,1565021161,18.0,0.27759467507039515,100.09,0.0,0.0
ddpg_paper_actor_history,1565021161,19.622063049656237,1.3906485789530107,100.04,0.0,0.0
ddpg_paper_actor_history,1565021161,20.0,1.8667218661120861,100.09,0.0,0.0
ddpg_paper_actor_history,1565021161,22.084283661303193,0.7408416589648411,100.07000000000001,0.0,0.0
ddpg_paper_actor_history,1565021161,33.28260976554585,0.550017395845718,100.04,0.0,0.0
ddpg_paper_actor_history,1565021161,40.48004810922298,1.9805424603572697,100.11000000000001,0.0,0.0
ddpg_paper_actor_history,1565021161,45.2342977845498,7.592909057169769,100.10000000000001,0.0,0.0
ddpg_paper_actor_history,1565021161,46.0,0.6684082028735079,100.13000000000001,0.0,0.0
ddpg_paper_actor_history,1565021161,47.22456565225363,1.7465969582761816,100.17,0.0,0.0
ddpg_paper_actor_history,1565021161,48.0,1.3384717473909953,100.18,0.0,0.0
ddpg_paper_actor_history,1565021161,54.76473244970201,10.495628476797798,100.22000000000001,0.0,0.0
ddpg_paper_actor_history,1565021161,61.01619708073026,9.910492172488715,100.45,0.0,0.0
ddpg_paper_actor_history,1565021161,63.90983544845339,0.8081275351170784,100.45,0.0,0.0
ddpg_paper_actor_history,1565021161,64.093876050347,5.753098136237088,100.37,0.0,0.0
ddpg_paper_actor_history,1565021161,66.02259281926263,2.647044107287437,100.31,0.0,0.0
ddpg_paper_actor_history,1565021161,69.85808985590864,6.997474236136087,100.55000000000001,0.0,0.0
ddpg_paper_actor_history,1565021161,70.82931721186364,0.34203660520374524,100.46000000000001,0.0,0.0
ddpg_paper_actor_history,1565021161,71.33842142159943,0.6725908460169945,100.42,0.0,0.0
ddpg_paper_actor_history,1565021161,73.46853477458194,3.5765819423888203,100.45,0.0,0.0
ddpg_paper_actor_history,1565021161,81.0,2.7935952808887095,100.54,0.0,0.0
ddpg_paper_actor_history,1565021161,84.80129219058666,0.3111837725501253,100.46000000000001,0.0,0.0
ddpg_paper_actor_history,1565021161,90.17819236375601,2.5337444918562273,100.16000000000001,0.0,0.0
ddpg_paper_actor_history,1565021161,96.68208936462703,4.241534945043671,100.19000000000001,0.0,0.0
ddpg_paper_actor_history,1565021161,99.68786415523144,0.3626521965538487,99.99000000000001,0.0,0.0
ddpg_paper_actor_history,1565021161,100.16200828514134,11.17665437671529,100.04,0.0,0.0
ddpg_paper_actor_history,1565021161,102.5212935441738,1.5242197944164682,99.97000000000001,0.0,0.0
ddpg_paper_actor_history,1565021161,109.55846798912891,0.7771400663261188,100.14,0.0,0.0
ddpg_paper_actor_history,1565021161,110.0,2.551295340236368,100.17,0.0,0.0
ddpg_paper_actor_history,1565021161,112.601526506623,4.479042698600075,100.11000000000001,0.0,0.0
ddpg_paper_actor_history,1254099581,1.0,0.14315434857367076,100.15,0.0,0.0
ddpg_paper_actor_history,1254099581,3.4759841497191415,12.950431504884689,100.12,0.0,0.0
ddpg_paper_actor_history,1254099581,4.0,1.9149095493201351,99.97000000000001,0.0,0.0
ddpg_paper_actor_history,1254099581,5.680284290409089,4.218695372295214,100.0,0.0,0.0
ddpg_paper_actor_history,1254099581,8.54920031994174,1.5158350380412149,100.0,0.0,0.0
ddpg_paper_actor_history,1254099581,9.066815913204449,1.0353061093132654,99.98,0.0,0.0
ddpg_paper_actor_history,1254099581,14.195428398116224,2.339243171296945,100.04,0.0,0.0
ddpg_paper_actor_history,1254099581,24.50876647393862,2.0337645365400188,100.04,0.0,0.0
ddpg_paper_actor_history,1254099581,28.527719548573874,0.2975999903629184,100.08000000000001,0.0,0.0
ddpg_paper_actor_history,1254099581,32.37427292595876,1.9816412072598997,100.05000000000001,0.0,0.0
ddpg_paper_actor_history,1254099581,33.46389568013019,2.0177713055109607,100.14,0.0,0.0
ddpg_paper_actor_history,1254099581,38.0,2.305678450602881,100.2,0.0,0.0
ddpg_paper_actor_history,1254099581,41.37622702746877,0.8830307102831225,100.22000000000001,0.0,0.0
ddpg_paper_actor_history,1254099581,49.33057059130391,2.862583331182237,100.24000000000001,0.0,0.0
ddpg_paper_actor_history,1254099581,50.40515153200102,2.2979249134991693,100.18,0.0,0.0
ddpg_paper_actor_history,1254099581,52.1204021440635,7.318617244578349,100.21000000000001,0.0,0.0
ddpg_paper_actor_history,1254099581,53.773785739024305,2.430195445038609,100.17,0.0,0.0
ddpg_paper_actor_history,1254099581,60.32323343393285,1.8493873036222166,100.31,0.0,0.0
ddpg_paper_actor_history,1254099581,62.962782996738596,4.234435723966657,100.33000000000001,0.0,0.0
ddpg_paper_actor_history,1254099581,69.31164577274878,3.294166704708404,100.14,0.0,0.0
ddpg_paper_actor_history,1254099581,70.75970318079837,4.062050255528675,100.15,0.0,0.0
ddpg_paper_actor_history,1254099581,73.27771033319371,0.11348385172714526,100.17,0.0,0.0
ddpg_paper_actor_history,1254099581,76.46174894200854,0.3480114946208808,100.21000000000001,0.0,0.0
ddpg_paper_actor_history,1254099581,77.4902371827109,1.9014363179121474,100.22000000000001,0.0,0.0
ddpg_paper_actor_history,1254099581,78.0,0.7956628397006165,100.27000000000001,0.0,0.0
ddpg_paper_actor_history,1254099581,83.0,4.955483752770931,100.27000000000001,0.0,0.0
ddpg_paper_actor_history,1254099581,84.0,3.4082922450537154,100.24000000000001,0.0,0.0
ddpg_paper_actor_history,1254099581,85.0,5.912475253632633,100.22000000000001,0.0,0.0
ddpg_paper_actor_history,1254099581,86.0,3.2317713827461096,100.21000000000001,0.0,0.0
ddpg_paper_actor_history,1254099581,87.0,6.295120177143651,100.22000000000001,0.0,0.0
ddpg_paper_actor_history,1254099581,88.19163443556705,3.226852297903738,100.24000000000001,0.0,0.0
ddpg_paper_actor_history,1254099581,92.0,2.8964105551656893,100.29,0.0,0.0
ddpg_paper_actor_history,1254099581,101.45386811800451,0.5639839535238277,100.31,0.0,0.0
ddpg_paper_actor_history,1254099581,109.14243558262088,4.0,100.30000000000001,0.0,0.0
ddpg_paper_actor_history,319884394,9.631703435657649,2.5324518495770296,100.0,0.0,0.0
ddpg_paper_actor_history,319884394,10.90012057433717,1.2533341561120617,100.16000000000001,0.0,0.0
ddpg_paper_actor_history,319884394,13.022623802394444,1.293346650696195,100.07000000000001,0.0,0.0
ddpg_paper_actor_history,319884394,16.866631675676295,0.46438608242344115,100.09,0.0,0.0
ddpg_paper_actor_history,319884394,19.756212958612977,3.73096632529463,100.10000000000001,0.0,0.0
ddpg_paper_actor_history,319884394,21.016666406833217,1.903340871703333,100.14,0.0,0.0
ddpg_paper_actor_history,319884394,28.243755391423353,2.0236530243976416,100.28,0.0,0.0
ddpg_paper_actor_history,319884394,29.0,2.1104364577106565,100.26,0.0,0.0
ddpg_paper_actor_history,319884394,30.0,0.2131545190519595,100.23,0.0,0.0
ddpg_paper_actor_history,319884394,35.05713199211558,0.4672603676183128,100.24000000000001,0.0,0.0
ddpg_paper_actor_history,319884394,42.24448636717329,0.7638241545332859,100.23,0.0,0.0
ddpg_paper_actor_history,319884394,43.0,0.22349639169832877,100.2,0.0,0.0
ddpg_paper_actor_history,319884394,45.862986833557564,1.5499856824996399,100.21000000000001,0.0,0.0
ddpg_paper_actor_history,319884394,46.91566214561476,6.3730545771228115,100.2,0.0,0.0
ddpg_paper_actor_history,319884394,48.687688493309565,6.479753417330617,100.14,0.0,0.0
ddpg_paper_actor_history,319884394,51.902556102827745,2.6391185908986623,100.10000000000001,0.0,0.0
ddpg_paper_actor_history,319884394,56.2485161385167,25.0,100.01,0.0,0.0
ddpg_paper_actor_history,319884394,68.10092550081704,1.0488957629725029,100.01,0.0,0.0
ddpg_paper_actor_history,319884394,71.0,0.7992092992094364,100.06,0.0,0.0
ddpg_paper_actor_history,319884394,72.0,0.720379493296016,100.02000000000001,0.0,0.0
ddpg_paper_actor_history,319884394,73.0,2.6600176607914503,100.04,0.0,0.0
ddpg_paper_actor_history,319884394,74.0,3.8277022072437084,100.03,0.0,0.0
ddpg_paper_actor_history,319884394,76.38682324126773,9.353036594328405,100.0,0.0,0.0
ddpg_paper_actor_history,319884394,82.0,3.842287110472202,100.07000000000001,0.0,0.0
ddpg_paper_actor_history,319884394,83.0,0.482727894030178,100.07000000000001,0.0,0.0
ddpg_paper_actor_history,319884394,85.0,0.3622496210179952,100.02000000000001,0.0,0.0
ddpg_paper_actor_history,319884394,88.85600825472082,0.6580340820134644,100.11000000000001,0.0,0.0
ddpg_paper_actor_history,319884394,90.1069352851977,1.6529851899999857,100.15,0.0,0.0
ddpg_paper_actor_history,319884394,91.5138222439246,10.40726513422026,100.18,0.0,0.0
ddpg_paper_actor_history,319884394,93.64217805682517,2.917504138077433,100.2,0.0,0.0
ddpg_paper_actor_history,319884394,94.15518527360922,2.0,100.26,0.0,0.0
ddpg_paper_actor_history,257706682,4.0,4.6622832064386195,100.02000000000001,0.0,0.0
ddpg_paper_actor_history,257706682,7.0,0.6217392712885346,100.04,0.0,0.0
ddpg_paper_actor_history,257706682,13.588558750092371,1.7868494038111873,100.19000000000001,0.0,0.0
ddpg_paper_actor_history,257706682,20.194419612401834,1.0378313511881032,100.27000000000001,0.0,0.0
ddpg_paper_actor_history,257706682,23.0,1.8933533232173736,100.28,0.0,0.0
ddpg_paper_actor_history,257706682,24.0,1.6514110221143252,100.28,0.0,0.0
ddpg_paper_actor_history,257706682,25.0,3.3794752344914434,100.25,0.0,0.0
ddpg_paper_actor_history,257706682,30.139347706390346,1.1467093015953154,100.19000000000001,0.0,0.0
ddpg_paper_actor_history,257706682,31.0,2.2581497958105325,100.22000000000001,0.0,0.0
ddpg_paper_actor_history,257706682,37.18662339550442,6.062455617161341,100.43,0.0,0.0
ddpg_paper_actor_history,257706682,38.0,1.6952331677365453,100.38000000000001,0.0,0.0
ddpg_paper_actor_history,257706682,39.0,1.420475113499768,100.33000000000001,0.0,0.0
ddpg_paper_actor_history,257706682,43.79896439439764,28.280337831180212,100.39,0.0,0.0
ddpg_paper_actor_history,257706682,55.38753395228309,2.6301271480182296,100.55000000000001,0.0,0.0
ddpg_paper_actor_history,257706682,57.0,0.11836875577876727,100.51,0.0,0.0
ddpg_paper_actor_history,257706682,62.31996072380556,3.7827884679288273,100.37,0.0,0.0
ddpg_paper_actor_history,257706682,64.0,7.666794960908172,100.44000000000001,0.0,0.0
ddpg_paper_actor_history,257706682,67.41354698827051,3.0227378874144093,100.46000000000001,0.0,0.0
ddpg_paper_actor_history,257706682,72.25921588850994,1.1547843246344922,100.32000000000001,0.0,0.0
ddpg_paper_actor_history,257706682,73.0,6.839400759616216,100.26,0.0,0.0
ddpg_paper_actor_history,257706682,76.83672119596176,0.31876431513113584,100.35000000000001,0.0,0.0
ddpg_paper_actor_history,257706682,83.05097574530176,0.5650536767751557,100.4,0.0,0.0
ddpg_paper_actor_history,257706682,88.54123982849272,1.5422676958035715,100.33000000000001,0.0,0.0
ddpg_paper_actor_history,257706682,93.1217400890431,1.0,100.32000000000001,0.0,0.0
ddpg_paper_actor_history,257706682,94.27855809152017,2.5204220483394666,100.37,0.0,0.0
ddpg_paper_actor_history,257706682,103.4312858579539,1.4992700328227533,100.51,0.0,0.0
ddpg_paper_actor_history,257706682,105.32805889968022,1.4303598025574562,100.58000000000001,0.0,0.0
ddpg_paper_actor_history,257706682,111.09020475942522,0.32568005022832786,100.57000000000001,0.0,0.0
ddpg_paper_actor_history,257706682,113.25723658991494,2.1497878985653203,100.52000000000001,0.0,0.0
ddpg_paper_actor_history,587003630,0.0,7.103114479727095,100.12,0.0,0.0
ddpg_paper_actor_history,587003630,5.626382194409819,12.130439021377809,100.09,0.0,0.0
ddpg_paper_actor_history,587003630,10.0,4.904555380319131,100.14,0.03724622254625842,3.7246222546258423
ddpg_paper_actor_history,587003630,11.32226495187834,4.959560596232623,100.03,0.18889685152028335,18.889685152028335
ddpg_paper_actor_history,587003630,18.0,0.6397210549708097,100.09,0.004938547319653708,0.4938547319653708
ddpg_paper_actor_history,587003630,20.23365852717501,2.7554459056952965,100.09,0.0015513206489288223,0.15513206489288223
ddpg_paper_actor_history,587003630,21.654776519090664,5.094078724518185,100.04,0.07473902081970607,7.473902081970607
ddpg_paper_actor_history,587003630,22.370610891261084,1.1412742719324576,100.07000000000001,0.022611073828571193,2.2611073828571193
ddpg_paper_actor_history,587003630,31.45470040725051,3.396045139164684,99.94000000000001,0.09652423484293138,9.652423484293138
ddpg_paper_actor_history,587003630,32.17924025677475,5.7023727470746675,99.88000000000001,0.1587997607029621,15.879976070296209
ddpg_paper_actor_history,587003630,39.39021801296464,6.0336322566920195,100.11000000000001,0.0,0.0
ddpg_paper_actor_history,587003630,41.60987005253908,7.056869277301084,100.04,0.021875764193808322,2.1875764193808322
ddpg_paper_actor_history,587003630,49.95763150552822,1.51970377109393,100.15,0.0,0.0
ddpg_paper_actor_history,587003630,51.67831826370089,1.900434399311915,100.21000000000001,0.0,0.0
ddpg_paper_actor_history,587003630,55.161752344820144,1.6010844107355473,100.23,0.0,0.0
ddpg_paper_actor_history,587003630,56.0,0.34744820575356544,100.25,0.0,0.0
ddpg_paper_actor_history,587003630,61.25463077624954,7.794987496838914,100.45,0.0,0.0
ddpg_paper_actor_history,587003630,66.49047503476054,2.99953768112104,100.31,0.0,0.0
ddpg_paper_actor_history,587003630,69.2469318139092,0.9252569783734774,100.55000000000001,0.0,0.0
ddpg_paper_actor_history,587003630,70.39516702653452,1.511006559906133,100.46000000000001,0.0,0.0
ddpg_paper_actor_history,587003630,74.4954956536351,1.9445715170692037,100.47000000000001,0.0,0.0
ddpg_paper_actor_history,587003630,77.85527746798208,1.1491085063795032,100.58000000000001,0.0,0.0
ddpg_paper_actor_history,587003630,79.20721965136607,0.6102989048693644,100.59,0.0,0.0
ddpg_paper_actor_history,587003630,85.49280195405873,7.656298580672189,100.38000000000001,0.0,0.0
ddpg_paper_actor_history,587003630,89.51923247865453,0.457322303285147,100.32000000000001,0.0,0.0
ddpg_paper_actor_history,587003630,96.0921078745099,1.6331414521969232,100.19000000000001,0.0,0.0
ddpg_paper_actor_history,587003630,98.0,4.659123493692563,100.03,0.04292476027356429,4.292476027356429
ddpg_paper_actor_history,587003630,99.0,2.0,99.99000000000001,0.06801318130236211,6.801318130236211
ddpg_paper_actor_history,653436395,0.0,2.5096425836359795,100.12,0.0,0.0
ddpg_paper_actor_history,653436395,3.1624133546397064,3.854509632776664,100.10000000000001,0.0,0.0
ddpg_paper_actor_history,653436395,6.0,1.0201392554023037,100.14,0.0,0.0
ddpg_paper_actor_history,653436395,15.750802486457728,9.192707901903155,100.19000000000001,0.0,0.0
ddpg_paper_actor_history,653436395,17.937277966478717,0.6418510454829889,100.17,0.0,0.0
ddpg_paper_actor_history,653436395,20.0,1.879399853998404,100.23,0.0,0.0
ddpg_paper_actor_history,653436395,23.53464296774463,1.648169277583849,100.21000000000001,0.0,0.0
ddpg_paper_actor_history,653436395,33.13361705951051,4.429973609959685,100.23,0.0,0.0
ddpg_paper_actor_history,653436395,34.0,6.747999744905837,100.27000000000001,0.0,0.0
ddpg_paper_actor_history,653436395,36.40102286265215,1.0511154986269657,100.32000000000001,0.0,0.0
ddpg_paper_actor_history,653436395,38.13752087041081,2.3331738365351677,99.92,0.16998270766100632,16.99827076610063
ddpg_paper_actor_history,653436395,43.805938514796075,3.4589204916876404,100.38000000000001,0.0,0.0
ddpg_paper_actor_history,653436395,44.36136869823045,4.253625448425647,100.36000000000001,0.0,0.0
ddpg_paper_actor_history,653436395,45.0,2.31422420599662,100.5,0.0,0.0
ddpg_paper_actor_history,653436395,46.86510096770721,2.805286112910049,100.43,0.0,0.0
ddpg_paper_actor_history,653436395,47.2317881704588,0.7778881327774747,100.5,0.0,0.0
ddpg_paper_actor_history,653436395,52.0,1.2125266153323373,100.46000000000001,0.0,0.0
ddpg_paper_actor_history,653436395,60.50082395525267,1.765712444954357,100.42,0.0,0.0
ddpg_paper_actor_history,653436395,61.0,13.105139130705048,100.39,0.0,0.0
ddpg_paper_actor_history,653436395,63.02564245747351,5.423389096058015,100.39,0.0,0.0
ddpg_paper_actor_history,653436395,65.79759198479618,2.1062388013557087,100.38000000000001,0.0,0.0
ddpg_paper_actor_history,653436395,68.49971875408103,1.2532560251155482,100.32000000000001,0.0,0.0
ddpg_paper_actor_history,653436395,70.43980490680433,5.22399554936405,100.34,0.0,0.0
ddpg_paper_actor_history,653436395,73.13344266778984,1.668461285835145,100.41000000000001,0.0,0.0
ddpg_paper_actor_history,653436395,75.97183165344977,3.5345850099166802,100.43,0.0,0.0
ddpg_paper_actor_history,653436395,76.55045039009323,0.7062923974838213,100.47000000000001,0.0,0.0
ddpg_paper_actor_history,653436395,77.0,9.7058194006682,100.46000000000001,0.0,0.0
ddpg_paper_actor_history,653436395,78.0,0.20870907930119528,100.46000000000001,0.0,0.0
ddpg_paper_actor_history,653436395,81.0863595005321,1.546514928058652,100.48,0.0,0.0
ddpg_paper_actor_history,653436395,82.0,3.0,100.45,0.0,0.0
ddpg_paper_actor_history,823497974,4.224048770389382,0.43660005166607296,100.14,0.0,0.0
ddpg_paper_actor_history,823497974,5.0,1.7580690983549,100.15,0.0,0.0
ddpg_paper_actor_history,823497974,8.937412513436112,11.900052469921942,100.10000000000001,0.0,0.0
ddpg_paper_actor_history,823497974,15.794958387559873,0.880467329508441,100.14,0.0,0.0
ddpg_paper_actor_history,823497974,26.0,0.09818928777512831,100.21000000000001,0.0,0.0
ddpg_paper_actor_history,823497974,31.177960320592017,9.67925876678022,100.11000000000001,0.0,0.0
ddpg_paper_actor_history,823497974,33.54073922845447,4.004295839425845,100.15,0.0,0.0
ddpg_paper_actor_history,823497974,36.0,8.941361862260786,100.18,0.0,0.0
ddpg_paper_actor_history,823497974,41.0,2.296458530414391,100.18,0.0,0.0
ddpg_paper_actor_history,823497974,42.0,1.7162958356814713,100.16000000000001,0.0,0.0
ddpg_paper_actor_history,823497974,43.40822476624321,2.928238313714415,100.15,0.0,0.0
ddpg_paper_actor_history,823497974,48.0,1.0386224487192903,100.13000000000001,0.0,0.0
ddpg_paper_actor_history,823497974,50.01350369745084,0.4432311612635157,100.14,0.0,0.0
ddpg_paper_actor_history,823497974,51.0,3.531962456452207,100.13000000000001,0.0,0.0
ddpg_paper_actor_history,823497974,56.15979638518981,0.8428892681571967,100.18,0.0,0.0
ddpg_paper_actor_history,823497974,62.414478828435314,1.0,100.06,0.0,0.0
ddpg_paper_actor_history,823497974,67.4942973986708,0.4265588778228623,100.02000000000001,0.0,0.0
ddpg_paper_actor_history,823497974,74.73420434763905,1.409797100686885,100.06,0.0,0.0
ddpg_paper_actor_history,823497974,77.11842031263132,0.6394906039434947,100.03,0.0,0.0
ddpg_paper_actor_history,823497974,78.0,0.3755283268233427,100.07000000000001,0.0,0.0
ddpg_paper_actor_history,823497974,80.0,2.6980362010976533,100.04,0.0,0.0
ddpg_paper_actor_history,823497974,84.40346484230206,0.16062472909538866,100.11000000000001,0.0,0.0
ddpg_paper_actor_history,823497974,86.56910583448476,14.196971719784267,100.05000000000001,0.0,0.0
ddpg_paper_actor_history,823497974,99.61528811445856,3.8375939118595186,100.01,0.0,0.0
ddpg_paper_actor_history,823497974,100.00867548411226,3.0621543502548665,99.94000000000001,0.05255485669299276,5.255485669299276
ddpg_paper_actor_history,823497974,102.0,1.9951795954779314,99.91000000000001,0.08424393173932287,8.424393173932287
ddpg_paper_actor_history,823497974,103.07917992750701,3.0404291074990377,100.0,0.0,0.0
ddpg_paper_actor_history,823497974,106.25199271621904,2.1589653638314616,99.99000000000001,0.0,0.0
ddpg_paper_actor_history,823497974,108.54608932873538,1.4378166023689518,99.99000000000001,0.0006043570264750997,0.06043570264750997
ddpg_paper_actor_history,823497974,109.35055016924824,0.319686252074076,100.01,0.0,0.0
ddpg_paper_actor_history,823497974,112.74087023317438,5.295723279794968,100.0,0.0,0.0
ddpg_paper_actor_history,823497974,114.95739770822834,7.0,100.0,0.0,0.0
ddpg_paper_actor_history,613839703,11.0,9.045080870309492,100.03,0.0,0.0
ddpg_paper_actor_history,613839703,14.022802075619818,2.8983116283049224,100.05000000000001,0.0,0.0
ddpg_paper_actor_history,613839703,16.0,21.631488074263224,100.02000000000001,0.0,0.0
ddpg_paper_actor_history,613839703,18.93698316502441,5.231431183566035,100.09,0.0,0.0
ddpg_paper_actor_history,613839703,21.316849190241896,1.055482510972943,100.04,0.0,0.0
ddpg_paper_actor_history,613839703,24.0,2.1675623475291728,100.05000000000001,0.0,0.0
ddpg_paper_actor_history,613839703,26.098052429039047,8.971381117362327,99.96000000000001,0.0,0.0
ddpg_paper_actor_history,613839703,29.830485022895544,1.9125770105829312,99.99000000000001,0.0,0.0
ddpg_paper_actor_history,613839703,32.0,1.3357925975127494,99.88000000000001,0.01102546153722983,1.102546153722983
ddpg_paper_actor_history,613839703,34.0,1.8703682775893702,100.08000000000001,0.0,0.0
ddpg_paper_actor_history,613839703,35.0,3.0896874657456173,100.15,0.0,0.0
ddpg_paper_actor_history,613839703,37.0,0.9570318403244966,100.16000000000001,0.0,0.0
ddpg_paper_actor_history,613839703,40.369309037861655,2.038678474973249,100.11000000000001,0.0,0.0
ddpg_paper_actor_history,613839703,41.0,1.0133972848346413,100.04,0.0,0.0
ddpg_paper_actor_history,613839703,43.0278152276426,1.2745544665449742,100.17,0.0,0.0
ddpg_paper_actor_history,613839703,50.597659566662685,7.724078420407388,100.23,0.0,0.0
ddpg_paper_actor_history,613839703,52.13333271377846,2.3880028495128673,100.24000000000001,0.0,0.0
ddpg_paper_actor_history,613839703,54.45488727951133,3.605147857956031,100.22000000000001,0.0,0.0
ddpg_paper_actor_history,613839703,65.0,3.862124031522887,100.33000000000001,0.0,0.0
ddpg_paper_actor_history,613839703,76.08306199543115,0.5690634995251331,100.56,0.0,0.0
ddpg_paper_actor_history,613839703,79.43686342067802,0.0024561235121539904,100.59,0.0,0.0
ddpg_paper_actor_history,613839703,90.04534310743176,1.1784692802202539,100.16000000000001,0.0,0.0
ddpg_paper_actor_history,613839703,92.98764751185536,3.3354313036919065,100.22000000000001,0.0,0.0
ddpg_paper_actor_history,613839703,93.79190725692897,4.345593787476103,100.17,0.0,0.0
ddpg_paper_actor_history,613839703,95.03088286074548,2.814096464475978,100.18,0.0,0.0
ddpg_paper_actor_history,613839703,98.05302910399534,3.4073079057609417,100.03,0.0,0.0
ddpg_paper_actor_history,613839703,99.38655037909085,0.11960676975591711,99.99000000000001,0.0,0.0
ddpg_paper_actor_history,613839703,108.12313694098634,1.2733883865276794,100.06,0.0,0.0
ddpg_paper_actor_history,740004418,0.0,15.753416349536785,100.12,0.0,0.0
ddpg_paper_actor_history,740004418,6.063480013471804,3.8790746146914583,100.12,0.0,0.0
ddpg_paper_actor_history,740004418,9.840213208637849,2.4209112716047527,100.12,0.0,0.0
ddpg_paper_actor_history,740004418,10.318579856671663,4.052122419500006,100.11000000000001,0.0,0.0
ddpg_paper_actor_history,740004418,15.0,1.1929549150043985,99.88000000000001,0.09125747582102406,9.125747582102406
ddpg_paper_actor_history,740004418,17.87493525672498,1.8357393260948833,99.84,0.12791404921165395,12.791404921165395
ddpg_paper_actor_history,740004418,23.335822309561582,2.2197733836808102,99.69000000000001,0.25089744536482783,25.089744536482783
ddpg_paper_actor_history,740004418,24.843100102590427,1.1607201506580882,99.63000000000001,0.2540907909157397,25.40907909157397
ddpg_paper_actor_history,740004418,25.77519428255051,3.1100128630506547,99.68,0.148438426511035,14.8438426511035
ddpg_paper_actor_history,740004418,28.790731076725653,11.677113156921319,99.71000000000001,0.018386646940314222,1.8386646940314222
ddpg_paper_actor_history,740004418,29.83498710473117,6.070574543815432,99.71000000000001,0.0,0.0
ddpg_paper_actor_history,740004418,35.48272877609047,0.2720498326691031,99.53,0.047856315694389195,4.7856315694389195
ddpg_paper_actor_history,740004418,37.134292355405094,1.7865918687299882,99.51,0.038324107313783884,3.8324107313783884
ddpg_paper_actor_history,740004418,38.0,0.4846062795295005,99.53,0.0,0.0
ddpg_paper_actor_history,740004418,39.0,6.966775552044172,99.52000000000001,0.0,0.0
ddpg_paper_actor_history,740004418,41.87053511560346,2.146084350306298,99.48,0.0,0.0
ddpg_paper_actor_history,740004418,49.028820978276855,6.0,99.58000000000001,0.0,0.0
ddpg_paper_actor_history,740004418,53.22952816834719,5.0,99.49000000000001,0.0,0.0
ddpg_paper_actor_history,740004418,60.795515160028096,2.3318375863757463,99.47000000000001,0.0,0.0
ddpg_paper_actor_history,740004418,61.127208625087384,1.0,99.47000000000001,0.0,0.0
ddpg_paper_actor_history,740004418,65.0,3.0,99.56,0.0,0.0
ddpg_paper_actor_history,740004418,68.0,1.0,99.49000000000001,0.0,0.0
ddpg_paper_actor_history,740004418,71.67894451247889,4.0,99.54,0.0,0.0
ddpg_paper_actor_history,740004418,72.76490864763106,3.0,99.54,0.0,0.0
ddpg_paper_actor_history,740004418,84.94100852647529,4.550464266068377,99.66000000000001,0.0,0.0
ddpg_paper_actor_history,740004418,87.06052987307206,3.0,99.65,0.0,0.0
ddpg_paper_actor_history,740004418,97.0,2.0,99.54,0.0,0.0
ddpg_paper_actor_history,1875934291,1.7195188055363106,0.7207891843471693,100.14,0.0,0.0
ddpg_paper_actor_history,1875934291,2.5245395081608013,1.1178635523797047,100.10000000000001,0.0,0.0
ddpg_paper_actor_history,1875934291,6.0,5.542023915674304,100.05000000000001,0.0,0.0
ddpg_paper_actor_history,1875934291,7.058167460626537,3.529607865268697,100.07000000000001,0.0,0.0
ddpg_paper_actor_history,1875934291,18.022268354897438,3.164098627468408,100.09,0.0,0.0
ddpg_paper_actor_history,1875934291,24.085832059108164,0.6896828998337247,100.05000000000001,0.0,0.0
ddpg_paper_actor_history,1875934291,27.274016970179062,4.346349570527687,99.95,0.0,0.0
ddpg_paper_actor_history,1875934291,28.0,1.0803989543195687,99.97000000000001,0.0,0.0
ddpg_paper_actor_history,1875934291,29.0,2.9077412142580714,99.99000000000001,0.0,0.0
ddpg_paper_actor_history,1875934291,30.0,1.8704721148080556,99.88000000000001,0.02665054769219921,2.665054769219921
ddpg_paper_actor_history,1875934291,31.0,3.9957349033361105,99.94000000000001,0.0,0.0
ddpg_paper_actor_history,1875934291,33.095396921762514,7.823193356160936,100.04,0.0,0.0
ddpg_paper_actor_history,1875934291,42.244124951469544,6.365982383964872,100.12,0.0,0.0
ddpg_paper_actor_history,1875934291,45.13303851527908,3.2463665261976,100.10000000000001,0.0,0.0
ddpg_paper_actor_history,1875934291,53.0,0.23774750084679655,100.24000000000001,0.0,0.0
ddpg_paper_actor_history,1875934291,56.70311573771575,5.974169823993863,100.25,0.0,0.0
ddpg_paper_actor_history,1875934291,60.38286289552247,2.1977056254094554,100.45,0.0,0.0
ddpg_paper_actor_history,1875934291,67.47576268570208,4.980622606102236,100.30000000000001,0.0,0.0
ddpg_paper_actor_history,1875934291,68.48496164831093,1.9385521670272623,100.44000000000001,0.0,0.0
ddpg_paper_actor_history,1875934291,70.59129141172124,10.850734903132025,100.46000000000001,0.0,0.0
ddpg_paper_actor_history,1875934291,72.29070705265002,0.4440172675648028,100.41000000000001,0.0,0.0
ddpg_paper_actor_history,1875934291,73.66476752004955,1.8295336884912132,100.45,0.0,0.0
ddpg_paper_actor_history,1875934291,74.09329884373022,3.1265068364696873,100.47000000000001,0.0,0.0
ddpg_paper_actor_history,1875934291,75.0,2.8117302936840383,100.52000000000001,0.0,0.0
ddpg_paper_actor_history,1875934291,79.72473167201193,1.7125642071809901,100.59,0.0,0.0
ddpg_paper_actor_history,1875934291,81.9714316839256,0.7290288613828177,100.54,0.0,0.0
ddpg_paper_actor_history,1875934291,83.59828771666658,0.9035882437649463,100.47000000000001,0.0,0.0
ddpg_paper_actor_history,1875934291,88.29033657545457,5.219347458536617,100.36000000000001,0.0,0.0
ddpg_paper_actor_history,1875934291,92.82402511322942,6.892659286909482,100.22000000000001,0.0,0.0
ddpg_paper_actor_history,1875934291,95.88273539845581,3.0,100.18,0.0,0.0
ddpg_paper_actor_history,1766793914,0.0,9.35753069074279,100.12,0.0,0.0
ddpg_paper_actor_history,1766793914,7.633208034649005,9.378908941743886,100.11000000000001,0.0,0.0
ddpg_paper_actor_history,1766793914,19.68304700126621,2.633115294776703,100.09,0.0,0.0
ddpg_paper_actor_history,1766793914,32.073718148221225,4.465304590911247,100.13000000000001,0.0,0.0
ddpg_paper_actor_history,1766793914,33.183758217629276,2.02956553281225,100.15,0.0,0.0
ddpg_paper_actor_history,1766793914,37.0,0.579663162400103,100.16000000000001,0.0,0.0
ddpg_paper_actor_history,1766793914,40.52078315361494,2.050201543998166,100.16000000000001,0.0,0.0
ddpg_paper_actor_history,1766793914,43.55104183823679,2.0,100.15,0.0,0.0
ddpg_paper_actor_history,1766793914,46.39070412501037,2.1362818394298,100.13000000000001,0.0,0.0
ddpg_paper_actor_history,1766793914,59.27949413400398,12.605114414394997,100.06,0.0,0.0
ddpg_paper_actor_history,1766793914,64.17169236441194,0.6559055349538332,100.01,0.025147947607408128,2.5147947607408128
ddpg_paper_actor_history,1766793914,67.06482170865348,7.125092794697147,100.02000000000001,0.015064850528048623,1.5064850528048623
ddpg_paper_actor_history,1766793914,68.00198240594042,0.39634342991559945,100.01,0.020212890692135943,2.0212890692135943
ddpg_paper_actor_history,1766793914,69.82434934044267,1.8384767454403352,100.02000000000001,0.0027105518729086953,0.2710551872908695
ddpg_paper_actor_history,1766793914,70.97605228495831,5.5070238976585255,100.02000000000001,0.0,0.0
ddpg_paper_actor_history,1766793914,73.4945932838054,5.806294240715378,100.05000000000001,0.0,0.0
ddpg_paper_actor_history,1766793914,79.59804899853714,1.3328173799408414,100.03,0.0,0.0
ddpg_paper_actor_history,1766793914,84.73709663681306,0.5330690201682997,100.11000000000001,0.0,0.0
ddpg_paper_actor_history,1766793914,91.01552589202296,1.667570721318678,100.08000000000001,0.0,0.0
ddpg_paper_actor_history,1766793914,92.0,0.5820323066063458,100.09,0.0,0.0
ddpg_paper_actor_history,1766793914,93.38492128677625,6.850780836826788,100.11000000000001,0.0,0.0
ddpg_paper_actor_history,1766793914,100.62147041610118,3.9277233143312116,99.94000000000001,0.05272303390027844,5.272303390027844
ddpg_paper_actor_history,1766793914,102.0296133166842,0.11600766597841655,99.91000000000001,0.07167902661814196,7.167902661814196
ddpg_paper_actor_history,1766793914,108.0,5.627698385982349,99.99000000000001,0.0,0.0
ddpg_paper_actor_history,1766793914,112.19561755629039,5.276081833132247,100.0,0.0,0.0
ddpg_paper_actor_history,1766793914,114.67599873203058,5.0,100.0,0.0,0.0
ddpg_paper_actor_history,473890442,2.2008441947719493,0.2652468142605669,100.15,0.0,0.0
ddpg_paper_actor_history,473890442,3.093628963508093,0.43450453812548306,100.16000000000001,0.0,0.0
ddpg_paper_actor_history,473890442,7.409511068856534,1.3853113806928343,100.21000000000001,0.0,0.0
ddpg_paper_actor_history,473890442,9.19214747530176,0.5502005037123233,100.19000000000001,0.0,0.0
ddpg_paper_actor_history,473890442,10.0,15.0,100.23,0.0,0.0
ddpg_paper_actor_history,473890442,12.188286270703006,1.628326400756976,100.27000000000001,0.0,0.0
ddpg_paper_actor_history,473890442,18.0,7.001372906240702,100.24000000000001,0.0,0.0
ddpg_paper_actor_history,473890442,24.873603732552095,4.764836805097799,100.23,0.0,0.0
ddpg_paper_actor_history,473890442,26.33578524620217,0.200821417321133,100.21000000000001,0.0,0.0
ddpg_paper_actor_history,473890442,30.0,18.459546188028078,100.17,0.0,0.0
ddpg_paper_actor_history,473890442,37.354272750665146,5.95227647650821,100.12,0.0,0.0
ddpg_paper_actor_history,473890442,38.0,1.817550411393497,100.11000000000001,0.0,0.0
ddpg_paper_actor_history,473890442,40.769297469979485,0.5425209646351121,100.13000000000001,0.0,0.0
ddpg_paper_actor_history,473890442,44.0,0.06044032422091489,100.15,0.0,0.0
ddpg_paper_actor_history,473890442,45.0,2.803265124740457,100.12,0.0,0.0
ddpg_paper_actor_history,473890442,50.23805342347863,7.026830980409844,100.16000000000001,0.0,0.0
ddpg_paper_actor_history,473890442,53.11584735629797,6.482358483888443,100.10000000000001,0.0,0.0
ddpg_paper_actor_history,473890442,60.6776350907628,6.0553576917058125,100.01,0.07831629003422336,7.831629003422336
ddpg_paper_actor_history,473890442,62.07974132595006,3.0,100.01,0.07225604589160639,7.225604589160639
ddpg_paper_actor_history,473890442,64.0,1.0997032868781398,100.03,0.04056932605202235,4.056932605202235
ddpg_paper_actor_history,473890442,66.3669572531176,3.3357615831180025,100.12,0.0,0.0
ddpg_paper_actor_history,473890442,69.60230613678236,2.1407509626378802,100.13000000000001,0.0,0.0
ddpg_paper_actor_history,473890442,73.70787480654334,0.20279736152598277,100.21000000000001,0.0,0.0
ddpg_paper_actor_history,473890442,77.30651020733966,5.636579384701275,100.26,0.0,0.0
ddpg_paper_actor_history,473890442,80.82726932243791,3.2890639567934006,100.32000000000001,0.0,0.0
ddpg_paper_actor_history,166731503,0.0,3.985995255168194,100.12,0.0,0.0
ddpg_paper_actor_history,166731503,2.913822462359021,3.1251997310492063,100.15,0.0,0.0
ddpg_paper_actor_history,166731503,12.519796007150902,0.2354203982247979,100.27000000000001,0.0,0.0
ddpg_paper_actor_history,166731503,13.941604603742432,0.6223135064280622,100.27000000000001,0.0,0.0
ddpg_paper_actor_history,166731503,16.090419875568088,1.4849909021057541,100.30000000000001,0.0,0.0
ddpg_paper_actor_history,166731503,18.0,2.31121681661652,100.24000000000001,0.0,0.0
ddpg_paper_actor_history,166731503,21.46937026221769,3.8449675881753107,100.22000000000001,0.0,0.0
ddpg_paper_actor_history,166731503,28.346890829963062,1.035595204515251,100.21000000000001,0.0,0.0
ddpg_paper_actor_history,166731503,34.0,15.963195203371646,100.17,0.0,0.0
ddpg_paper_actor_history,166731503,37.216872869001804,3.0800289629371003,100.12,0.0,0.0
ddpg_paper_actor_history,166731503,44.0,1.5088149125771586,100.15,0.0,0.0
ddpg_paper_actor_history,166731503,45.0,2.6689301719368146,100.12,0.0,0.0
ddpg_paper_actor_history,166731503,46.0,15.856242487645295,100.13000000000001,0.0,0.0
ddpg_paper_actor_history,166731503,52.16659912785748,1.5589952606108926,100.12,0.0,0.0
ddpg_paper_actor_history,166731503,55.92140112719327,1.8502005015223428,100.15,0.0,0.0
ddpg_paper_actor_history,166731503,56.26839296817596,4.489633283686016,100.16000000000001,0.0,0.0
ddpg_paper_actor_history,166731503,58.798025445465186,1.749309927951995,100.15,0.0,0.0
ddpg_paper_actor_history,166731503,61.22887221375756,0.6594157801565086,100.04,0.006969319993402223,0.6969319993402223
ddpg_paper_actor_history,166731503,76.71325960668283,2.8568492005609296,100.21000000000001,0.0,0.0
ddpg_paper_actor_history,166731503,79.35791373503965,2.202428497316043,100.31,0.0,0.0
ddpg_paper_actor_history,166731503,82.20726039837662,1.2950310938683525,100.30000000000001,0.0,0.0
ddpg_paper_actor_history,166731503,83.2656946852817,19.92057070715087,100.31,0.0,0.0
ddpg_paper_actor_history,166731503,98.4502800467282,1.8855957491577995,100.11000000000001,0.0,0.0
ddpg_paper_actor_history,166731503,101.1582769449388,2.0887059630418743,100.21000000000001,0.0,0.0
ddpg_paper_actor_history,166731503,103.37077678021778,3.0,100.18,0.0,0.0
ddpg_paper_actor_history,13571695,1.0,2.0451078199627766,100.17,0.0,0.0
ddpg_paper_actor_history,13571695,4.628749957837548,1.1077842682481345,100.11000000000001,0.0,0.0
ddpg_paper_actor_history,13571695,10.0,1.0437433032320549,100.11000000000001,0.0,0.0
ddpg_paper_actor_history,13571695,17.381875588432564,5.8004791889852285,99.84,0.1807391642381475,18.07391642381475
ddpg_paper_actor_history,13571695,21.036825503388272,12.072714339726268,99.73,0.27742333593063506,27.742333593063506
ddpg_paper_actor_history,13571695,24.195049799773965,9.64624657727473,99.63000000000001,0.4132685645910783,41.32685645910783
ddpg_paper_actor_history,13571695,29.0,0.07735369631031447,99.71000000000001,0.28896512033642807,28.896512033642807
ddpg_paper_actor_history,13571695,52.67208373466864,1.324981673494452,99.55000000000001,0.137688908088478,13.7688908088478
ddpg_paper_actor_history,13571695,56.25898939784213,10.985031818351775,99.52000000000001,0.00810787304897076,0.810787304897076
ddpg_paper_actor_history,13571695,65.83297346802713,2.280908767161595,99.56,0.0,0.0
ddpg_paper_actor_history,13571695,67.37777884636823,18.0,99.56,0.0,0.0
ddpg_paper_actor_history,13571695,73.55551130341227,4.625297725410949,99.61000000000001,0.0,0.0
ddpg_paper_actor_history,13571695,74.62157429425355,2.0,99.60000000000001,0.0,0.0
ddpg_paper_actor_history,13571695,85.15578680637603,1.1959080950002927,99.66000000000001,0.0,0.0
ddpg_paper_actor_history,13571695,86.0,1.9572281416135502,99.67,0.0,0.0
ddpg_paper_actor_history,13571695,90.76461008112766,7.18662165490716,99.73,0.0,0.0
ddpg_paper_actor_history,13571695,94.58510690320475,11.0,99.66000000000001,0.0,0.0
ddpg_paper_actor_history,13571695,98.30115559890005,1.4614633568069049,99.59,0.0,0.0
ddpg_paper_actor_history,13571695,99.0,0.21757524064681366,99.58000000000001,0.0,0.0
ddpg_paper_actor_history,13571695,101.41044720564422,0.8114264344499924,99.59,0.0,0.0
ddpg_paper_actor_history,13571695,106.11908425698556,1.7692043024054787,99.59,0.0,0.0
ddpg_paper_actor_history,13571695,109.33313609115359,0.9112517118216428,99.57000000000001,0.0,0.0
ddpg_paper_actor_history,13571695,110.0,1.0,99.53,0.0,0.0
ddpg_paper_actor_history,13571695,113.25238243379286,1.0,99.51,0.0,0.0
ddpg_paper_actor_history,1661773068,2.0,1.8160916774250357,100.08000000000001,0.0,0.0
ddpg_paper_actor_history,1661773068,3.0,21.097787371425834,100.10000000000001,0.0,0.0
ddpg_paper_actor_history,1661773068,15.281614605346553,2.331087491033548,100.19000000000001,0.0,0.0
ddpg_paper_actor_history,1661773068,18.034461533363707,0.8609276358721163,100.15,0.0,0.0
ddpg_paper_actor_history,1661773068,20.011709598229206,7.309167506011677,100.23,0.0,0.0
ddpg_paper_actor_history,1661773068,22.035332482310885,0.7600391731675444,100.27000000000001,0.0,0.0
ddpg_paper_actor_history,1661773068,23.928437035825564,1.0177292246568919,100.21000000000001,0.0,0.0
ddpg_paper_actor_history,1661773068,35.0,1.449356923277099,100.28,0.0,0.0
ddpg_paper_actor_history,1661773068,41.52092121537092,7.766501284890177,100.33000000000001,0.0,0.0
ddpg_paper_actor_history,1661773068,48.07837155794558,7.307896174894219,100.44000000000001,0.0,0.0
ddpg_paper_actor_history,1661773068,52.233490228453974,2.5315991523568435,100.46000000000001,0.0,0.0
ddpg_paper_actor_history,1661773068,53.0,4.099265187069335,100.46000000000001,0.0,0.0
ddpg_paper_actor_history,1661773068,56.18978098516412,2.581046356274666,100.44000000000001,0.0,0.0
ddpg_paper_actor_history,1661773068,57.0,4.553039044867033,100.34,0.0,0.0
ddpg_paper_actor_history,1661773068,64.5217816222026,1.8761611610453541,100.37,0.0,0.0
ddpg_paper_actor_history,1661773068,65.0,3.633649260542224,100.38000000000001,0.0,0.0
ddpg_paper_actor_history,1661773068,66.0,1.8373512869737147,100.32000000000001,0.0,0.0
ddpg_paper_actor_history,1661773068,71.0,2.8257297853504473,100.41000000000001,0.0,0.0
ddpg_paper_actor_history,1661773068,75.41664020006881,5.138020743227455,100.43,0.0,0.0
ddpg_paper_actor_history,1661773068,76.94650844805233,0.28572250493385815,100.47000000000001,0.0,0.0
ddpg_paper_actor_history,1661773068,80.45694771700481,4.15680771589461,100.43,0.0,0.0
ddpg_paper_actor_history,1661773068,82.1784637885436,14.000000000000002,100.45,0.0,0.0
ddpg_paper_actor_history,1846147558,1.0,0.35542317233328913,100.14,0.0,0.0
ddpg_paper_actor_history,1846147558,3.0,2.321752212993124,100.16000000000001,0.08497114426295127,8.497114426295127
ddpg_paper_actor_history,1846147558,4.0,0.8012709573199908,100.2,0.0,0.0
ddpg_paper_actor_history,1846147558,6.0,5.063446736221579,100.22000000000001,0.005653274921556317,0.5653274921556317
ddpg_paper_actor_history,1846147558,12.993403567560087,0.6227994788860709,100.27000000000001,0.0,0.0
ddpg_paper_actor_history,1846147558,17.82973895463062,3.2988308973377647,100.27000000000001,0.0,0.0
ddpg_paper_actor_history,1846147558,18.033098691989668,0.5179073995764346,100.24000000000001,0.0,0.0
ddpg_paper_actor_history,1846147558,20.624014753941612,2.226046633427273,100.22000000000001,0.0,0.0
ddpg_paper_actor_history,1846147558,24.527044288095695,2.93655459255728,100.23,0.0,0.0
ddpg_paper_actor_history,1846147558,28.0,1.4342920498888714,100.21000000000001,0.0,0.0
ddpg_paper_actor_history,1846147558,31.0,3.10685744798681,100.19000000000001,0.0,0.0
ddpg_paper_actor_history,1846147558,37.39915505115936,9.292402728266072,100.12,0.036174952137130845,3.6174952137130845
ddpg_paper_actor_history,1846147558,39.278813264543615,8.104278942258187,100.12,0.030166384289216808,3.0166384289216808
ddpg_paper_actor_history,1846147558,43.029831197494985,0.18743751807547238,100.13000000000001,0.0,0.0
ddpg_paper_actor_history,1846147558,45.26223206383247,0.49467763088086036,100.12,0.0,0.0
ddpg_paper_actor_history,1846147558,53.55215091189658,0.04759973397289269,100.10000000000001,0.016523803449004504,1.6523803449004504
ddpg_paper_actor_history,1846147558,54.47287480437486,3.560215707410741,100.13000000000001,0.0,0.0
ddpg_paper_actor_history,1846147558,55.49664499922892,7.713097204930226,100.15,0.0,0.0
ddpg_paper_actor_history,1846147558,56.321405445791555,2.671020149983602,100.16000000000001,0.0,0.0
ddpg_paper_actor_history,1846147558,57.0,1.0645997897193409,100.16000000000001,0.0,0.0
ddpg_paper_actor_history,1846147558,58.0,5.939251878169167,100.15,0.0,0.0
ddpg_paper_actor_history,1846147558,59.0,8.481707893781117,100.13000000000001,0.0,0.0
ddpg_paper_actor_history,1846147558,62.91252673317633,21.456950204177012,100.01,0.07330826076236008,7.330826076236008
ddpg_paper_actor_history,1846147558,63.20574062548654,0.7378055813569709,100.02000000000001,0.05461477543653359,5.461477543653359
ddpg_paper_actor_history,1846147558,64.0,1.93326363667192,100.03,0.03418865667433124,3.418865667433124
ddpg_paper_actor_history,1846147558,65.45504058880752,0.3311983647629293,100.05000000000001,0.01031070610783047,1.031070610783047
ddpg_paper_actor_history,1846147558,70.55575005568285,5.0,100.08000000000001,0.0,0.0
ddpg_paper_actor_history,864635420,0.0,1.1104339942499217,100.12,0.0,0.0
ddpg_paper_actor_history,864635420,2.5178211665452435,8.666492853963316,100.15,0.0,0.0
ddpg_paper_actor_history,864635420,4.20109768461644,0.21086089452976253,100.2,0.0,0.0
ddpg_paper_actor_history,864635420,11.095916235425907,1.9251274219151768,100.24000000000001,0.0,0.0
ddpg_paper_actor_history,864635420,12.0,4.013890830122854,100.27000000000001,0.0,0.0
ddpg_paper_actor_history,864635420,17.0,0.4464777100193187,100.27000000000001,0.0,0.0
ddpg_paper_actor_history,864635420,18.0,0.829063313032707,100.24000000000001,0.0,0.0
ddpg_paper_actor_history,864635420,27.203907295148152,5.286573310251692,100.22000000000001,0.0,0.0
ddpg_paper_actor_history,864635420,29.070140683961856,2.9613071919126934,100.2,0.0,0.0
ddpg_paper_actor_history,864635420,33.28610501870583,1.913564845611013,100.18,0.0,0.0
ddpg_paper_actor_history,864635420,41.11699611440345,0.08689666448217387,100.14,0.0,0.0
ddpg_paper_actor_history,864635420,48.12527276310765,0.9375478471660756,100.12,0.0,0.0
ddpg_paper_actor_history,864635420,49.893400086332065,1.5459737413561272,100.14,0.0,0.0
ddpg_paper_actor_history,864635420,51.250797082799856,21.999999999999993,100.12,0.0,0.0
ddpg_paper_actor_history,864635420,58.73215357416263,1.2696524872295187,100.15,0.0,0.0
ddpg_paper_actor_history,864635420,61.113502779145634,1.2392663884314798,100.04,0.031065668660716028,3.106566866071603
ddpg_paper_actor_history,864635420,63.480963288383286,2.0502056727252875,100.02000000000001,0.042437844715223605,4.2437844715223605
ddpg_paper_actor_history,864635420,66.0,1.891192603789409,100.12,0.0,0.0
ddpg_paper_actor_history,864635420,68.62567567819507,2.677716770142666,100.13000000000001,0.0,0.0
ddpg_paper_actor_history,864635420,69.39162443485733,1.7965838403110228,100.13000000000001,0.0,0.0
ddpg_paper_actor_history,864635420,70.0993623754086,1.5596820709023138,100.08000000000001,0.0,0.0
ddpg_paper_actor_history,864635420,72.0,4.8886819691083,100.17,0.0,0.0
ddpg_paper_actor_history,864635420,73.0,15.007316927291168,100.21000000000001,0.0,0.0
ddpg_paper_actor_history,864635420,74.93302499032964,12.325525345745259,100.16000000000001,0.0,0.0
ddpg_paper_actor_history,864635420,79.21511002361211,3.0,100.31,0.0,0.0
ddpg_paper_actor_history,490782600,0.0,0.06265795218328807,100.12,0.0,0.0
ddpg_paper_actor_history,490782600,3.6781445174288026,5.8558752343502265,100.16000000000001,0.0,0.0
ddpg_paper_actor_history,490782600,5.780768176607737,3.0664842368178244,100.15,0.0,0.0
ddpg_paper_actor_history,490782600,10.121152335603716,3.1348632416581537,100.15,0.0,0.0
ddpg_paper_actor_history,490782600,22.918523548066737,2.7047879914241255,100.13000000000001,0.0,0.0
ddpg_paper_actor_history,490782600,27.009053224785507,0.27521265157079833,100.2,0.0,0.0
ddpg_paper_actor_history,490782600,30.580641612488115,2.127127486677263,100.14,0.0,0.0
ddpg_paper_actor_history,490782600,31.667935894688686,0.7206045682718663,100.11000000000001,0.0,0.0
ddpg_paper_actor_history,490782600,40.81510753443304,0.9432323464803369,100.16000000000001,0.0,0.0
ddpg_paper_actor_history,490782600,42.351079302955455,7.359537809233912,100.16000000000001,0.0,0.0
ddpg_paper_actor_history,490782600,47.19490784818226,1.748185696653476,100.15,0.0,0.0
ddpg_paper_actor_history,490782600,48.0,2.487600830577443,100.13000000000001,0.0,0.0
ddpg_paper_actor_history,490782600,49.29320781972357,3.9038423921871708,100.12,0.0,0.0
ddpg_paper_actor_history,490782600,51.0,2.224404265587447,100.13000000000001,0.0,0.0
ddpg_paper_actor_history,490782600,53.0,5.919827837388155,100.17,0.0,0.0
ddpg_paper_actor_history,490782600,57.40679314860999,3.429886592493381,100.13000000000001,0.0,0.0
ddpg_paper_actor_history,490782600,68.98830467383272,2.0030436007000727,100.01,0.059348475560483394,5.934847556048339
ddpg_paper_actor_history,490782600,69.46045553483671,0.5182303999428028,100.02000000000001,0.040630562041926055,4.0630562041926055
ddpg_paper_actor_history,490782600,76.0,0.2923917366013664,100.03,0.013571389703642467,1.3571389703642467
ddpg_paper_actor_history,490782600,79.31030097841114,0.01949250981455175,100.03,0.013281120385656209,1.3281120385656209
ddpg_paper_actor_history,490782600,80.97220687223682,0.6192966403240445,100.04,0.0,0.0
ddpg_paper_actor_history,490782600,84.57510844800007,0.18842887203930106,100.11000000000001,0.0,0.0
ddpg_paper_actor_history,490782600,87.00674376141872,0.6980039065960695,100.04,0.0,0.0
ddpg_paper_actor_history,490782600,95.0,0.0986820018125685,100.02000000000001,0.0,0.0
ddpg_paper_actor_history,490782600,103.1076954733308,0.4995169578300579,100.0,0.004339352009012032,0.4339352009012032
ddpg_paper_actor_history,490782600,104.21519892424944,2.508217310888041,100.01,0.0,0.0
ddpg_paper_actor_history,490782600,111.0,2.9772113817882575,100.02000000000001,0.0,0.0
ddpg_paper_actor_history,490782600,112.58570527721017,3.4821047689318925,100.0,0.004279083880973644,0.4279083880973644
ddpg_paper_actor_history,1443100545,0.0,1.1166616156280633,100.12,0.0,0.0
ddpg_paper_actor_history,1443100545,5.300113481817172,19.188827574283945,99.96000000000001,0.0,0.0
ddpg_paper_actor_history,1443100545,10.0,0.9081043443452612,100.04,0.0,0.0
ddpg_paper_actor_history,1443100545,11.526002762821339,8.468477292400937,100.14,0.0,0.0
ddpg_paper_actor_history,1443100545,15.3176480557715,0.8241822654250506,100.21000000000001,0.0,0.0
ddpg_paper_actor_history,1443100545,20.629889301149895,9.656449975496335,100.27000000000001,0.0,0.0
ddpg_paper_actor_history,1443100545,28.64799528148368,3.092313727566592,100.25,0.0,0.0
ddpg_paper_actor_history,1443100545,30.464044964764447,3.7301921861478644,100.19000000000001,0.0,0.0
ddpg_paper_actor_history,1443100545,32.84159046685432,0.7366874068068168,100.29,0.0,0.0
ddpg_paper_actor_history,1443100545,34.61359433409016,17.488123198729127,100.38000000000001,0.0,0.0
ddpg_paper_actor_history,1443100545,37.951130599964024,0.041657968999320616,100.43,0.0,0.0
ddpg_paper_actor_history,1443100545,44.74230574947508,2.6085329798430363,100.38000000000001,0.0,0.0
ddpg_paper_actor_history,1443100545,58.45832677331371,0.9350237896709291,100.53,0.0,0.0
ddpg_paper_actor_history,1443100545,59.648449088498644,0.44657887576819844,100.53,0.0,0.0
ddpg_paper_actor_history,1443100545,63.22544732487442,0.3689988200479606,100.39,0.0,0.0
ddpg_paper_actor_history,1443100545,68.65262626429563,4.273308682121412,100.43,0.0,0.0
ddpg_paper_actor_history,1443100545,74.00857920619933,4.098798961544228,100.32000000000001,0.0,0.0
ddpg_paper_actor_history,1443100545,75.0,11.940513425933295,100.32000000000001,0.0,0.0
ddpg_paper_actor_history,1443100545,77.36961024417792,0.08296345566940758,100.34,0.0,0.0
ddpg_paper_actor_history,1443100545,78.93645710872622,0.7159713076174465,100.36000000000001,0.0,0.0
ddpg_paper_actor_history,1443100545,80.00506710402634,2.6026694771996266,100.36000000000001,0.0,0.0
ddpg_paper_actor_history,1443100545,81.51682989479535,1.8745076464506047,100.33000000000001,0.0,0.0
ddpg_paper_actor_history,1443100545,82.0,2.0,100.34,0.0,0.0
ddpg_paper_actor_history,1443100545,83.0,2.0,100.4,0.0,0.0
ddpg_paper_actor_history,1498712734,0.0,1.8620639266430634,100.12,0.0,0.0
ddpg_paper_actor_history,1498712734,3.0,12.185303432590544,100.12,0.0,0.0
ddpg_paper_actor_history,1498712734,9.0,1.8870819120219018,100.11000000000001,0.0,0.0
ddpg_paper_actor_history,1498712734,19.22570783860507,24.81709528437517,100.04,0.0,0.0
ddpg_paper_actor_history,1498712734,21.775246891687065,0.5835029830772384,100.04,0.0,0.0
ddpg_paper_actor_history,1498712734,29.0,9.00772417143967,99.99000000000001,0.0,0.0
ddpg_paper_actor_history,1498712734,30.229522465323175,1.8125263661430988,99.88000000000001,0.03515904746919318,3.5159047469193183
ddpg_paper_actor_history,1498712734,32.47444817102804,7.504152267401033,99.88000000000001,0.04728852418936924,4.728852418936924
ddpg_paper_actor_history,1498712734,34.853153212833234,0.7740647439715341,100.08000000000001,0.0,0.0
ddpg_paper_actor_history,1498712734,35.79503865600458,2.615941769946812,100.15,0.0,0.0
ddpg_paper_actor_history,1498712734,38.58960225595289,0.155192656014056,100.12,0.0,0.0
ddpg_paper_actor_history,1498712734,40.0,7.268436456409323,100.11000000000001,0.0,0.0
ddpg_paper_actor_history,1498712734,43.02673625306894,1.2013059015173044,100.17,0.0,0.0
ddpg_paper_actor_history,1498712734,60.0,4.521085329202466,100.45,0.0,0.0
ddpg_paper_actor_history,1498712734,64.13955817191669,2.54487976298772,100.37,0.0,0.0
ddpg_paper_actor_history,1498712734,65.8111982251143,0.23040392691445677,100.33000000000001,0.0,0.0
ddpg_paper_actor_history,1498712734,67.0,3.9636064355532827,100.30000000000001,0.0,0.0
ddpg_paper_actor_history,1498712734,68.0,2.6017932047104093,100.44000000000001,0.0,0.0
ddpg_paper_actor_history,1498712734,69.0,0.7806308430341351,100.55000000000001,0.0,0.0
ddpg_paper_actor_history,1498712734,71.0,0.04910642552021094,100.42,0.0,0.0
ddpg_paper_actor_history,1498712734,72.92544051764358,1.5640659797313259,100.41000000000001,0.0,0.0
ddpg_paper_actor_history,1498712734,77.75679878249292,4.114007607350375,100.58000000000001,0.0,0.0
ddpg_paper_actor_history,1498712734,78.03312816717893,1.6079717401042515,100.59,0.0,0.0
ddpg_paper_actor_history,1498712734,79.0,6.0,100.59,0.0,0.0
ddpg_paper_actor_history,1177996475,1.0,1.1965061637119723,100.13000000000001,0.0,0.0
ddpg_paper_actor_history,1177996475,8.0,1.2013798160304274,99.94000000000001,0.0,0.0
ddpg_paper_actor_history,1177996475,13.737152507180385,0.7633573703743955,100.07000000000001,0.0,0.0
ddpg_paper_actor_history,1177996475,17.346667614883653,9.15447666615767,100.10000000000001,0.0,0.0
ddpg_paper_actor_history,1177996475,19.53604351363927,6.2097341420319125,100.10000000000001,0.0,0.0
ddpg_paper_actor_history,1177996475,20.64483922122277,1.085252593390901,100.08000000000001,0.0,0.0
ddpg_paper_actor_history,1177996475,22.35711548553619,22.533942310424518,100.11000000000001,0.0,0.0
ddpg_paper_actor_history,1177996475,28.241784584074875,6.527988864501225,100.28,0.0,0.0
ddpg_paper_actor_history,1177996475,32.0,2.376654263584782,100.25,0.0,0.0
ddpg_paper_actor_history,1177996475,37.12948464355524,3.2463021926876423,100.25,0.0,0.0
ddpg_paper_actor_history,1177996475,38.0,13.71275538232048,100.28,0.0,0.0
ddpg_paper_actor_history,1177996475,39.52235594772665,1.072061280871537,100.27000000000001,0.0,0.0
ddpg_paper_actor_history,1177996475,40.792010977666045,0.684037314501595,100.24000000000001,0.0,0.0
ddpg_paper_actor_history,1177996475,42.56479647984087,2.9910191683135223,100.23,0.0,0.0
ddpg_paper_actor_history,1177996475,49.00230896154937,0.13207835659346173,100.16000000000001,0.0,0.0
ddpg_paper_actor_history,1177996475,50.0,0.0353102293919923,100.14,0.0,0.0
ddpg_paper_actor_history,1177996475,53.31431346425903,5.027166674929375,100.05000000000001,0.0,0.0
ddpg_paper_actor_history,1177996475,55.98442045970292,4.038617000408855,100.06,0.0,0.0
ddpg_paper_actor_history,1177996475,56.983731754327145,1.5384810478093014,100.01,0.019467973084900336,1.9467973084900336
ddpg_paper_actor_history,1177996475,59.26507862441389,6.587679656268213,100.09,0.0,0.0
ddpg_paper_actor_history,1177996475,60.0,0.4686570104153298,100.11000000000001,0.0,0.0
ddpg_paper_actor_history,1177996475,66.89789993639312,8.018412783223784,100.03,0.0,0.0
ddpg_paper_actor_history,1177996475,69.55998367590614,1.0,100.05000000000001,0.0,0.0
ddpg_paper_actor_history,377754040,0.0,1.0837906491650473,100.12,0.0,0.0
ddpg_paper_actor_history,377754040,1.0,2.8633336706230117,100.15,0.0,0.0
ddpg_paper_actor_history,377754040,3.967786107450033,0.42817575002479535,100.16000000000001,0.0,0.0
ddpg_paper_actor_history,377754040,5.076179093107826,7.947136027733405,100.15,0.0,0.0
ddpg_paper_actor_history,377754040,8.0,10.953759933190927,100.10000000000001,0.0,0.0
ddpg_paper_actor_history,377754040,11.044228345515315,5.332801430826587,100.14,0.0,0.0
ddpg_paper_actor_history,377754040,12.0,1.2829913462619325,100.11000000000001,0.0,0.0
ddpg_paper_actor_history,377754040,18.875604112174905,3.783244164885691,100.10000000000001,0.0,0.0
ddpg_paper_actor_history,377754040,20.54256149547197,2.214923475564715,100.12,0.0,0.0
ddpg_paper_actor_history,377754040,24.134454311844117,1.1214024753030174,100.18,0.0,0.0
ddpg_paper_actor_history,377754040,28.51912193940234,3.2731010597763803,100.22000000000001,0.0,0.0
ddpg_paper_actor_history,377754040,29.645322074963502,3.0781152557977665,100.17,0.0,0.0
ddpg_paper_actor_history,377754040,32.64503415452655,0.7533077699370703,100.13000000000001,0.0,0.0
ddpg_paper_actor_history,377754040,33.27759519307088,8.174879176079914,100.15,0.0,0.0
ddpg_paper_actor_history,377754040,41.96065500044973,0.5657353002910088,100.18,0.0,0.0
ddpg_paper_actor_history,377754040,43.99935353141995,0.7298797928658703,100.15,0.0,0.0
ddpg_paper_actor_history,377754040,46.266647996103565,10.015143008739463,100.13000000000001,0.0,0.0
ddpg_paper_actor_history,377754040,51.23354000207073,3.081121862239991,100.13000000000001,0.0,0.0
ddpg_paper_actor_history,377754040,52.26029428379983,8.701411519535725,100.15,0.0,0.0
ddpg_paper_actor_history,377754040,56.14614227721541,2.443143010573596,100.18,0.0,0.0
ddpg_paper_actor_history,377754040,59.0,1.9937961269844808,100.06,0.0,0.0
ddpg_paper_actor_history,377754040,61.0,0.14450392811243765,100.07000000000001,0.0,0.0
ddpg_paper_actor_history,377754040,63.55782490476666,1.8259176039997964,100.02000000000001,0.0,0.0
ddpg_paper_actor_history,377754040,64.38917378146098,1.1198441661723273,100.01,0.0,0.0
ddpg_paper_actor_history,377754040,68.06028108223178,16.644376077091326,100.01,0.0,0.0
ddpg_paper_actor_history,777786723,5.494373929944044,2.6583428082561205,100.0,0.0,0.0
ddpg_paper_actor_history,777786723,8.3565925060019,8.61040270786607,99.98,0.0,0.0
ddpg_paper_actor_history,777786723,11.0,0.5614883309732205,99.96000000000001,0.0,0.0
ddpg_paper_actor_history,777786723,19.750816179098173,0.8034525635159535,100.07000000000001,0.0,0.0
ddpg_paper_actor_history,777786723,22.09988936206156,11.977777358159969,100.10000000000001,0.0,0.0
ddpg_paper_actor_history,777786723,26.043330887042423,9.044635038276468,100.09,0.0,0.0
ddpg_paper_actor_history,777786723,27.335127902128775,4.045383640681083,100.04,0.0,0.0
ddpg_paper_actor_history,777786723,30.01250653190423,3.318685700607065,100.04,0.0,0.0
ddpg_paper_actor_history,777786723,34.39470622974415,6.9165537247558255,100.01,0.0,0.0
ddpg_paper_actor_history,777786723,41.0,6.0564276558133585,100.06,0.0,0.0
ddpg_paper_actor_history,777786723,45.61297296683615,26.000000000000004,100.09,0.0,0.0
ddpg_paper_actor_history,777786723,54.4484552617745,3.2274457533765863,99.93,0.0,0.0
ddpg_paper_actor_history,777786723,55.0,0.36810743286173797,99.87,0.0,0.0
ddpg_paper_actor_history,777786723,58.79008564715515,2.440189842993317,99.86000000000001,0.005369026942602773,0.5369026942602773
ddpg_paper_actor_history,777786723,60.5984968573108,0.9206295685830925,99.85000000000001,0.02647984260916303,2.647984260916303
ddpg_paper_actor_history,777786723,61.0,11.102945180388945,99.91000000000001,0.0,0.0
ddpg_paper_actor_history,777786723,62.00671794294353,1.0,99.92,0.0,0.0
ddpg_paper_actor_history,305584639,3.444442412668254,19.537088570273273,100.10000000000001,0.0,0.0
ddpg_paper_actor_history,305584639,6.568519549995758,2.260198002348823,100.14,0.0,0.0
ddpg_paper_actor_history,305584639,13.0,1.191213798065079,100.11000000000001,0.0,0.0
ddpg_paper_actor_history,305584639,14.14302584035098,0.27098371554530987,100.16000000000001,0.0,0.0
ddpg_paper_actor_history,305584639,18.501544110629204,0.9671032055229491,100.15,0.0,0.0
ddpg_paper_actor_history,305584639,22.634108021272166,5.909638890003642,100.27000000000001,0.0,0.0
ddpg_paper_actor_history,305584639,23.889784121643245,8.760536743248199,100.21000000000001,0.0,0.0
ddpg_paper_actor_history,305584639,27.76728662657304,1.5126592056436183,100.24000000000001,0.0,0.0
ddpg_paper_actor_history,305584639,32.846357240903714,14.93668694255642,100.21000000000001,0.0,0.0
ddpg_paper_actor_history,305584639,37.92140606169059,0.45194799278221187,100.05000000000001,0.00036159686830217197,0.0361596868302172
ddpg_paper_actor_history,305584639,42.265377308301886,1.0700953863693385,100.36000000000001,0.0,0.0
ddpg_paper_actor_history,305584639,46.971304227686645,0.6772742849246084,100.43,0.0,0.0
ddpg_paper_actor_history,305584639,52.0,10.28396826752352,100.46000000000001,0.0,0.0
ddpg_paper_actor_history,305584639,55.024456186541094,2.263671946619324,100.42,0.0,0.0
ddpg_paper_actor_history,305584639,56.0,15.8021511446699,100.44000000000001,0.0,0.0
ddpg_paper_actor_history,305584639,60.673624215277684,14.0,100.42,0.0,0.0
ddpg_paper_actor_history,1906996800,0.0,3.6669045676848655,100.12,0.0,0.0
ddpg_paper_actor_history,1906996800,2.0,3.0631766185488853,100.15,0.0,0.0
ddpg_paper_actor_history,1906996800,5.446951519696308,2.0,100.0,0.07208905545823541,7.208905545823541
ddpg_paper_actor_history,1906996800,12.014319677949494,3.4512072127483227,99.97000000000001,0.04223216251637041,4.223216251637041
ddpg_paper_actor_history,1906996800,15.0,0.8969689229859772,100.06,0.0,0.0
ddpg_paper_actor_history,1906996800,19.14637716593574,0.5350382455567002,100.03,0.0,0.0
ddpg_paper_actor_history,1906996800,20.0,4.160533598714849,100.06,0.0,0.0
ddpg_paper_actor_history,1906996800,21.750775425808655,2.8206292086240023,100.05000000000001,0.0,0.0
ddpg_paper_actor_history,1906996800,26.302810688880378,1.3793658919973928,100.05000000000001,0.0,0.0
ddpg_paper_actor_history,1906996800,27.0,1.396137075802039,100.09,0.0,0.0
ddpg_paper_actor_history,1906996800,30.89386998416325,2.466726182344305,100.01,0.0,0.0
ddpg_paper_actor_history,1906996800,33.33891886188345,0.4263264066554558,100.14,0.0,0.0
ddpg_paper_actor_history,1906996800,36.601300829652864,10.965985852365554,100.21000000000001,0.0,0.0
ddpg_paper_actor_history,1906996800,38.739058703648574,7.479958994085007,100.2,0.0,0.0
ddpg_paper_actor_history,1906996800,41.10570811198957,8.009881084206086,100.22000000000001,0.0,0.0
ddpg_paper_actor_history,1906996800,42.298734047947136,3.098435390717741,100.2,0.0,0.0
ddpg_paper_actor_history,1906996800,43.38343267956275,2.150861722337125,100.30000000000001,0.0,0.0
ddpg_paper_actor_history,1906996800,45.66186643644466,9.557588564508531,100.31,0.0,0.0
ddpg_paper_actor_history,1906996800,50.25394374018871,3.8519151316453852,100.18,0.0,0.0
ddpg_paper_actor_history,1906996800,61.17929888887783,19.811984124863848,100.36000000000001,0.0,0.0
ddpg_paper_actor_history,1906996800,62.13923244458894,0.1655978868069256,100.33000000000001,0.0,0.0
ddpg_paper_actor_history,1906996800,65.69977141447977,0.900011993843809,100.35000000000001,0.0,0.0
ddpg_paper_actor_history,1906996800,67.65351948283634,0.0005318773723924086,100.27000000000001,0.0,0.0
ddpg_paper_actor_history,1906996800,69.41598109160147,6.116948404407362,100.14,0.0,0.0
ddpg_paper_actor_history,1906996800,75.24505127570063,0.7463468965630359,100.18,0.0,0.0
ddpg_paper_actor_history,61127876,1.0,0.23850116269165075,100.10000000000001,0.0,0.0
ddpg_paper_actor_history,61127876,2.3547192069280083,1.1330170507946815,100.10000000000001,0.0,0.0
ddpg_paper_actor_history,61127876,3.1564448197980863,0.30786563631854935,100.05000000000001,0.0,0.0
ddpg_paper_actor_history,61127876,7.6434440273670585,3.092627877793346,99.97000000000001,0.0,0.0
ddpg_paper_actor_history,61127876,8.806629868170836,8.100543446101545,99.98,0.0,0.0
ddpg_paper_actor_history,61127876,12.816909039300397,3.356167743795212,99.93,0.0,0.0
ddpg_paper_actor_history,61127876,14.112351115114596,1.2875114139570707,99.96000000000001,0.0,0.0
ddpg_paper_actor_history,61127876,15.0,1.7970242348232355,99.97000000000001,0.0,0.0
ddpg_paper_actor_history,61127876,16.680157199439616,0.5990769910322,99.98,0.0,0.0
ddpg_paper_actor_history,61127876,17.232735337019907,3.288133786780315,99.98,0.0,0.0
ddpg_paper_actor_history,61127876,18.997520728493992,18.341340822727755,100.02000000000001,0.0,0.0
ddpg_paper_actor_history,61127876,23.72339281422751,4.118981450975594,100.13000000000001,0.0,0.0
ddpg_paper_actor_history,61127876,24.052401992886345,5.227910850838034,100.11000000000001,0.0,0.0
ddpg_paper_actor_history,61127876,25.0,2.9537869579689655,100.09,0.0,0.0
ddpg_paper_actor_history,61127876,33.0,10.013372895048658,100.04,0.0,0.0
ddpg_paper_actor_history,61127876,36.866271094463706,1.913077695269303,100.03,0.0,0.0
ddpg_paper_actor_history,61127876,37.44357109229489,1.372680859417958,100.03,0.0,0.0
ddpg_paper_actor_history,61127876,38.44699586645209,2.241998688237363,100.05000000000001,0.0,0.0
ddpg_paper_actor_history,61127876,40.264176422027084,0.9578911465797485,100.02000000000001,0.0,0.0
ddpg_paper_actor_history,61127876,45.751275492846396,3.341544146639814,100.09,0.0,0.0
ddpg_paper_actor_history,61127876,46.8134152630924,0.0794426942797935,100.08000000000001,0.0,0.0
ddpg_paper_actor_history,61127876,57.85974403826182,0.44969409441971264,99.87,0.02664105174682163,2.664105174682163
ddpg_paper_actor_history,61127876,63.0,1.7897778471452208,99.98,0.0,0.0
ddpg_paper_actor_history,61127876,64.1338855349431,1.6411678256843658,100.2,0.0,0.0
ddpg_paper_actor_history,61127876,65.38080977849187,15.88213923549771,100.22000000000001,0.0,0.0
ddpg_paper_actor_history,61127876,69.0,6.0,100.49000000000001,0.0,0.0
ddpg_paper_actor_history,347568478,0.0,5.6307300260376945,100.12,0.0,0.0
ddpg_paper_actor_history,347568478,3.245800758563276,1.6717738893733236,100.12,0.0,0.0
ddpg_paper_actor_history,347568478,4.156987505066592,2.0,100.11000000000001,0.0,0.0
ddpg_paper_actor_history,347568478,7.268184017779378,0.12433095013158252,100.12,0.0,0.0
ddpg_paper_actor_history,347568478,9.909782879832791,1.8968655059192359,100.12,0.0,0.0
ddpg_paper_actor_history,347568478,10.228435959589401,0.8333019319847557,100.11000000000001,0.0,0.0
ddpg_paper_actor_history,347568478,12.245522796876676,2.025842203612378,100.04,0.0,0.0
ddpg_paper_actor_history,347568478,13.09193943234458,1.7552265866919168,100.01,0.0,0.0
ddpg_paper_actor_history,347568478,27.381505560463822,2.9151224611910855,99.7,0.008347739211572502,0.8347739211572502
ddpg_paper_actor_history,347568478,28.0,2.4288258827239018,99.71000000000001,0.0,0.0
ddpg_paper_actor_history,347568478,32.166598565005636,2.2483866481588293,99.53,0.15206193944673885,15.206193944673885
ddpg_paper_actor_history,347568478,39.0,0.4976681866818169,99.52000000000001,0.16037119497953256,16.037119497953256
ddpg_paper_actor_history,347568478,44.0,3.1739101693467697,99.46000000000001,0.18785060445576107,18.785060445576107
ddpg_paper_actor_history,347568478,46.38972369272626,1.0,99.41000000000001,0.23141541874359461,23.14154187435946
ddpg_paper_actor_history,347568478,47.28981265538168,14.0,99.5,0.1282885500528721,12.82885500528721
ddpg_paper_actor_history,347568478,57.0,1.8079660911049849,99.51,0.013073209759326687,1.3073209759326687
ddpg_paper_actor_history,347568478,58.0,6.370149482430386,99.51,0.0,0.0
ddpg_paper_actor_history,347568478,68.44696995266483,13.432754937669102,99.49000000000001,0.0,0.0
ddpg_paper_actor_history,347568478,84.87529865428024,1.2805157453958371,99.66000000000001,0.0,0.0
ddpg_paper_actor_history,347568478,88.3043644935986,1.4083761000820019,99.66000000000001,0.0,0.0
ddpg_paper_actor_history,347568478,96.48624505284752,1.1675291350237194,99.59,0.0,0.0
ddpg_paper_actor_history,347568478,98.20642779399546,0.34741158175733877,99.59,0.0,0.0
ddpg_paper_actor_history,347568478,102.8454496074516,3.101821265018955,99.63000000000001,0.0,0.0
ddpg_paper_actor_history,347568478,104.73541995685791,12.561158060436389,99.59,0.0,0.0
ddpg_paper_actor_history,703885857,0.0,1.5750456931823913,100.12,0.0,0.0
ddpg_paper_actor_history,703885857,3.963629862241679,3.852627129678683,100.12,0.0,0.0
ddpg_paper_actor_history,703885857,5.964342941193874,2.6594604061822067,100.13000000000001,0.0,0.0
ddpg_paper_actor_history,703885857,7.105430512382162,0.9118497405895977,100.12,0.0,0.0
ddpg_paper_actor_history,703885857,12.27104840153064,3.504438451393046,100.04,0.0,0.0
ddpg_paper_actor_history,703885857,14.0,5.468554752257189,99.96000000000001,0.0,0.0
ddpg_paper_actor_history,703885857,15.0,5.001967799859263,99.88000000000001,0.0194390325416407,1.94390325416407
ddpg_paper_actor_history,703885857,17.272520058112477,2.0867855049999524,99.84,0.07563713128605798,7.563713128605798
ddpg_paper_actor_history,703885857,20.727894813961967,13.043187439290428,99.81,0.08283579318636214,8.283579318636214
ddpg_paper_actor_history,703885857,25.08065453042425,9.55621001486867,99.68,0.22219464017037183,22.219464017037183
ddpg_paper_actor_history,703885857,29.093422527085718,4.70750233861142,99.71000000000001,0.16218788971914933,16.218788971914933
ddpg_paper_actor_history,703885857,37.80758127270822,0.8860518437318519,99.51,0.30164861063089177,30.164861063089177
ddpg_paper_actor_history,703885857,44.480895565305545,6.218133734107571,99.46000000000001,0.2839591330331501,28.395913303315012
ddpg_paper_actor_history,703885857,45.0,5.272236212773246,99.43,0.30381267543118895,30.381267543118895
ddpg_paper_actor_history,703885857,61.23284211614784,6.0,99.47000000000001,0.0883586958679814,8.83586958679814
ddpg_paper_actor_history,703885857,66.92159879926959,0.5379449324967692,99.59,0.0,0.0
ddpg_paper_actor_history,703885857,67.66027793856681,3.1867213171668003,99.56,0.0,0.0
ddpg_paper_actor_history,703885857,73.39595685671924,9.078890329781196,99.61000000000001,0.0,0.0
ddpg_paper_actor_history,703885857,75.26138508207649,0.965130166226484,99.60000000000001,0.0,0.0
ddpg_paper_actor_history,703885857,77.57718343936293,0.9142037942571385,99.56,0.0,0.0
ddpg_paper_actor_history,703885857,79.22162396110276,1.4078762362025024,99.53,0.0,0.0
ddpg_paper_actor_history,703885857,84.23408251535781,1.6199333314015403,99.66000000000001,0.0,0.0
ddpg_paper_actor_history,703885857,85.69838304836549,1.0330265387819488,99.66000000000001,0.0,0.0
ddpg_paper_actor_history,703885857,89.82900425100101,1.5153373498339464,99.65,0.0,0.0
ddpg_paper_actor_history,703885857,93.0,0.6996472580327168,99.66000000000001,0.0,0.0
ddpg_paper_actor_history,703885857,94.0,6.0,99.66000000000001,0.0,0.0
ddpg_paper_actor_history,703885857,96.84382965394856,2.0,99.59,0.0,0.0
ddpg_paper_actor_history,403339875,0.0,7.870268268570355,100.12,0.0,0.0
ddpg_paper_actor_history,403339875,8.933490815199908,0.20699615487302514,100.16000000000001,0.0,0.0
ddpg_paper_actor_history,403339875,11.0,0.11919548019346307,100.09,0.0,0.0
ddpg_paper_actor_history,403339875,12.782247885848822,7.578437716936051,100.07000000000001,0.0,0.0
ddpg_paper_actor_history,403339875,15.401198614535984,5.9749342777069625,100.19000000000001,0.0,0.0
ddpg_paper_actor_history,403339875,21.24358000724005,2.9840768939054865,100.19000000000001,0.0,0.0
ddpg_paper_actor_history,403339875,25.881355620112835,0.689508889117797,100.27000000000001,0.0,0.0
ddpg_paper_actor_history,403339875,27.205022183614588,2.131661026151827,100.24000000000001,0.0,0.0
ddpg_paper_actor_history,403339875,30.0,1.7616290515556379,100.22000000000001,0.0,0.0
ddpg_paper_actor_history,403339875,31.0,3.5330663111149594,100.21000000000001,0.0,0.0
ddpg_paper_actor_history,403339875,32.0,2.9777346433843146,100.21000000000001,0.0,0.0
ddpg_paper_actor_history,403339875,34.90834616297347,2.205728081019994,100.27000000000001,0.0,0.0
ddpg_paper_actor_history,403339875,36.02011075960795,6.165780324620849,100.32000000000001,0.0,0.0
ddpg_paper_actor_history,403339875,37.60416211985651,1.2654859917400603,100.05000000000001,0.0,0.0
ddpg_paper_actor_history,403339875,38.47052021454867,2.552018498822521,99.92,0.10769001517589061,10.76900151758906
ddpg_paper_actor_history,403339875,43.1377676006564,1.4486577499799262,100.38000000000001,0.0,0.0
ddpg_paper_actor_history,403339875,46.267107962121656,3.910910714063804,100.43,0.0,0.0
ddpg_paper_actor_history,403339875,51.26898958228245,6.158062612889109,100.48,0.0,0.0
ddpg_paper_actor_history,403339875,52.0,0.9168425736440834,100.46000000000001,0.0,0.0
ddpg_paper_actor_history,403339875,59.33424717472231,3.52539818072734,100.41000000000001,0.0,0.0
ddpg_paper_actor_history,403339875,60.86479186254009,7.607599909891853,100.42,0.0,0.0
ddpg_paper_actor_history,403339875,65.39734387780689,5.0008812084649605,100.38000000000001,0.0,0.0
ddpg_paper_actor_history,403339875,68.84937245305503,1.1332384728237301,100.32000000000001,0.0,0.0
ddpg_paper_actor_history,403339875,73.0,1.4964297095917487,100.41000000000001,0.0,0.0
ddpg_paper_actor_history,403339875,79.29954544523395,1.69581768881285,100.46000000000001,0.0,0.0
ddpg_paper_actor_history,403339875,80.97363386141413,3.1210976053188824,100.43,0.0,0.0
ddpg_paper_actor_history,403339875,86.79635844978851,0.3972214735286432,100.5,0.0,0.0
ddpg_paper_actor_history,403339875,89.6748794200924,14.223030995680862,100.49000000000001,0.0,0.0
ddpg_paper_actor_history,403339875,96.21421346719855,1.0,100.48,0.0,0.0
ddpg_paper_actor_history,149372970,1.8881992181117524,2.631983132286585,100.10000000000001,0.0,0.0
ddpg_paper_actor_history,149372970,8.0,0.3651805452457629,100.0,0.0032430342645710653,0.3243034264571065
ddpg_paper_actor_history,149372970,10.371297462754193,0.7571817855397798,100.04,0.0,0.0
ddpg_paper_actor_history,149372970,11.582225164513485,2.4671152297708585,100.14,0.0,0.0
ddpg_paper_actor_history,149372970,12.246781350547558,10.09466263529907,100.17,0.0,0.0
ddpg_paper_actor_history,149372970,18.0,1.0213689864789774,100.28,0.0,0.0
ddpg_paper_actor_history,149372970,21.39053932827529,0.5542284119707501,100.25,0.0,0.0
ddpg_paper_actor_history,149372970,26.0,4.720391982059198,100.26,0.0,0.0
ddpg_paper_actor_history,149372970,30.240023162361148,8.162979497169736,100.19000000000001,0.03874838098047917,3.874838098047917
ddpg_paper_actor_history,149372970,34.69947737214319,9.83086475430588,100.38000000000001,0.0,0.0
ddpg_paper_actor_history,149372970,36.43862006323685,0.1314339440416099,100.39,0.0,0.0
ddpg_paper_actor_history,149372970,42.18359551828546,0.791954238697424,100.46000000000001,0.0,0.0
ddpg_paper_actor_history,149372970,44.33539634322834,0.22191411366148645,100.38000000000001,0.0,0.0
ddpg_paper_actor_history,149372970,48.04626698249025,12.329067621288885,100.43,0.0,0.0
ddpg_paper_actor_history,149372970,49.0,3.290978723430064,100.48,0.0,0.0
ddpg_paper_actor_history,149372970,50.0,0.8227592437879534,100.51,0.0,0.0
ddpg_paper_actor_history,149372970,51.99850396081366,1.4011509077337436,100.5,0.0,0.0
ddpg_paper_actor_history,149372970,52.94574044665372,3.2551785277907914,100.49000000000001,0.0,0.0
ddpg_paper_actor_history,149372970,53.553366180403664,14.38234809940296,100.5,0.0,0.0
ddpg_paper_actor_history,149372970,54.23127299309693,9.591434555206789,100.56,0.0,0.0
ddpg_paper_actor_history,149372970,56.46019212848379,5.0,100.55000000000001,0.0,0.0
ddpg_paper_actor_history,149372970,61.92483818052861,7.0,100.48,0.0,0.0
ddpg_paper_actor_history,149372970,65.95715945942658,0.32811062168626104,100.46000000000001,0.0,0.0
ddpg_paper_actor_history,1225951174,1.9632976165014602,0.6193007169728537,100.10000000000001,0.0,0.0
ddpg_paper_actor_history,1225951174,2.4637023111265695,1.762515666232472,100.10000000000001,0.0,0.0
ddpg_paper_actor_history,1225951174,5.0,0.8417152054976229,100.0,0.0,0.0
ddpg_paper_actor_history,1225951174,6.0,1.0445831073548986,100.0,0.0,0.0
ddpg_paper_actor_history,1225951174,7.202352093683308,2.2896419925305462,99.97000000000001,0.0,0.0
ddpg_paper_actor_history,1225951174,8.0,0.984988318054612,99.98,0.0,0.0
ddpg_paper_actor_history,1225951174,16.092378584442315,4.839210859272543,99.98,0.0,0.0
ddpg_paper_actor_history,1225951174,21.704370573605495,8.705054479624234,100.07000000000001,0.0,0.0
ddpg_paper_actor_history,1225951174,23.921316695792477,0.40876086641662057,100.13000000000001,0.0,0.0
ddpg_paper_actor_history,1225951174,25.343889283653414,7.765550718878102,100.09,0.0,0.0
ddpg_paper_actor_history,1225951174,29.674550551802824,4.153415041917462,100.09,0.0,0.0
ddpg_paper_actor_history,1225951174,38.0,3.3927369220165997,100.05000000000001,0.0,0.0
ddpg_paper_actor_history,1225951174,40.442346408730415,1.0592382609953719,100.02000000000001,0.0,0.0
ddpg_paper_actor_history,1225951174,46.53318302744331,0.4258162359520597,100.08000000000001,0.0,0.0
ddpg_paper_actor_history,1225951174,47.0,0.3807427979797151,100.03,0.0,0.0
ddpg_paper_actor_history,1225951174,56.0,3.5634601109829367,99.89,0.034017299211555496,3.4017299211555496
ddpg_paper_actor_history,1225951174,61.50175520087453,3.348986779465909,99.91000000000001,0.035215127082807385,3.5215127082807385
ddpg_paper_actor_history,1225951174,68.9291746012742,1.248397521010603,100.43,0.0,0.0
ddpg_paper_actor_history,1225951174,70.40795818918134,6.675622024402333,100.57000000000001,0.0,0.0
ddpg_paper_actor_history,1225951174,71.9224125007235,1.0982163129329392,100.57000000000001,0.0,0.0
ddpg_paper_actor_history,1225951174,73.82586284485912,6.306930186303869,100.58000000000001,0.0,0.0
ddpg_paper_actor_history,1225951174,82.92550855628163,5.745933376451684,100.43,0.0,0.0
ddpg_paper_actor_history,1225951174,98.57726357288192,0.10233040969061113,100.61000000000001,0.0,0.0
ddpg_paper_actor_history,1225951174,100.1781930731679,1.4202543558146459,100.64,0.0,0.0
ddpg_paper_actor_history,1225951174,106.42821344683631,3.2032398538141127,100.65,0.0,0.0
ddpg_paper_actor_history,1225951174,107.71919282904074,1.8863061443174223,100.64,0.0,0.0
ddpg_paper_actor_history,1225951174,111.87532868373869,18.968092846637916,100.47000000000001,0.0,0.0
ddpg_paper_actor_history,1225951174,113.16262901360176,6.544785119255986,100.59,0.0,0.0
ddpg_paper_actor_history,1225951174,115.39171666941238,1.0,100.72000000000001,0.0,0.0
ddpg_paper_actor_history,1090959807,0.0,5.107842503569304,100.12,0.0,0.0
ddpg_paper_actor_history,1090959807,1.0,1.7445361493229554,100.14,0.0,0.0
ddpg_paper_actor_history,1090959807,4.38193679589698,1.9224328587360884,100.18,0.0,0.0
ddpg_paper_actor_history,1090959807,6.341465710094361,2.377247086326726,100.15,0.0,0.0
ddpg_paper_actor_history,1090959807,8.20093649587421,5.521466068738526,100.11000000000001,0.1751769415427873,17.51769415427873
ddpg_paper_actor_history,1090959807,11.52178539929567,1.2799517108035194,100.16000000000001,0.0,0.0
ddpg_paper_actor_history,1090959807,13.039812493310633,5.165254299272206,100.18,0.0,0.0
ddpg_paper_actor_history,1090959807,15.317109913542954,1.777717938648117,99.99000000000001,0.025024236843051995,2.5024236843051995
ddpg_paper_actor_history,1090959807,18.13189624690727,1.0,99.95,0.057461433588443356,5.746143358844336
ddpg_paper_actor_history,1090959807,39.68343950027463,2.3141239365193007,99.92,0.10326979124707236,10.326979124707236
ddpg_paper_actor_history,1090959807,43.505562818021495,23.754940817594626,99.94000000000001,0.07696061732498549,7.696061732498549
ddpg_paper_actor_history,1090959807,47.04449730169541,8.823910597741648,99.91000000000001,0.0680628634515017,6.80628634515017
ddpg_paper_actor_history,1090959807,49.48916230576794,6.073772803591826,99.87,0.07197509407245661,7.197509407245661
ddpg_paper_actor_history,1090959807,51.65075145416564,2.4389211417281196,99.86000000000001,0.06760022110718467,6.760022110718467
ddpg_paper_actor_history,1090959807,57.4762637900393,4.8765946060058605,99.89,0.0,0.0
ddpg_paper_actor_history,1090959807,63.49667855616107,3.057647240220023,99.91000000000001,0.0,0.0
ddpg_paper_actor_history,1090959807,67.03507878625706,1.0286991399727687,99.94000000000001,0.0,0.0
ddpg_paper_actor_history,1090959807,68.0,15.009303318519589,99.93,0.0,0.0
ddpg_paper_actor_history,1090959807,71.0,0.29201177759169916,99.92,0.0,0.0
ddpg_paper_actor_history,1090959807,73.03586831936488,1.0311132309773308,99.94000000000001,0.0,0.0
ddpg_paper_actor_history,1090959807,75.36870134806877,1.5749691910170847,99.96000000000001,0.0,0.0
ddpg_paper_actor_history,1090959807,77.07971028561485,3.0,99.96000000000001,0.0,0.0
ddpg_paper_actor_history,1139004766,0.0,1.3702413968870764,100.12,0.0,0.0
ddpg_paper_actor_history,1139004766,1.7838659167142517,0.24726620903278582,100.13000000000001,0.0,0.0
ddpg_paper_actor_history,1139004766,2.5443675462826127,3.4490382661180887,100.04,0.0,0.0
ddpg_paper_actor_history,1139004766,3.7205146519094274,0.1301427875321101,99.96000000000001,0.0,0.0
ddpg_paper_actor_history,1139004766,14.030463545359419,1.0901725619963936,100.12,0.0,0.0
ddpg_paper_actor_history,1139004766,16.341361433631583,12.655703516595079,100.09,0.0,0.0
ddpg_paper_actor_history,1139004766,17.218954737331813,6.044042300533132,100.10000000000001,0.0,0.0
ddpg_paper_actor_history,1139004766,19.464224568123498,0.927862697712213,100.10000000000001,0.0,0.0
ddpg_paper_actor_history,1139004766,20.511755998068743,2.3565660469842116,100.08000000000001,0.0,0.0
ddpg_paper_actor_history,1139004766,24.091945526759478,0.06255041754583596,100.16000000000001,0.0,0.0
ddpg_paper_actor_history,1139004766,26.0,2.1551877543253832,100.28,0.0,0.0
ddpg_paper_actor_history,1139004766,33.0,0.7228168264278918,100.24000000000001,0.0,0.0
ddpg_paper_actor_history,1139004766,37.0,2.9240071954398603,100.25,0.0,0.0
ddpg_paper_actor_history,1139004766,38.0,7.07227801432575,100.28,0.0,0.0
ddpg_paper_actor_history,1139004766,41.71268038415106,0.47430104818625207,100.23,0.0,0.0
ddpg_paper_actor_history,1139004766,43.0,23.0,100.2,0.0,0.0
ddpg_paper_actor_history,1139004766,44.0,0.12115757189239423,100.2,0.0,0.0
ddpg_paper_actor_history,1139004766,47.0,4.262513145161453,100.15,0.0,0.0
ddpg_paper_actor_history,1139004766,48.0,0.2934587928567554,100.14,0.0,0.0
ddpg_paper_actor_history,1139004766,49.54317446162863,0.2872595496545653,100.16000000000001,0.0,0.0
ddpg_paper_actor_history,1139004766,52.28602659567508,1.010028261260604,100.05000000000001,0.0,0.0
ddpg_paper_actor_history,1139004766,55.0,3.1423213091084206,100.06,0.0,0.0
ddpg_paper_actor_history,1139004766,57.726083117963526,1.0232975626912642,100.05000000000001,0.0,0.0
ddpg_paper_actor_history,1139004766,58.437855991449936,1.190762576108024,100.07000000000001,0.0,0.0
ddpg_paper_actor_history,1139004766,61.04809896825241,0.1268768852747383,100.12,0.0,0.0
ddpg_paper_actor_history,1139004766,62.0,2.0140098196646377,100.05000000000001,0.0,0.0
ddpg_paper_actor_history,1139004766,63.0,5.568082771331843,100.07000000000001,0.0,0.0
ddpg_paper_actor_history,1139004766,69.10707427126208,3.513686823398413,100.05000000000001,0.0,0.0
ddpg_paper_actor_history,1139004766,74.4093733339796,4.379350333984539,100.03,0.0,0.0
ddpg_paper_actor_history,1139004766,75.0,1.73984379744109,99.96000000000001,0.0,0.0
ddpg_paper_actor_history,1139004766,77.0,2.6772932242701475,100.04,0.0,0.0
ddpg_paper_actor_history,1139004766,78.0,3.0,100.03,0.0,0.0
ddpg_paper_actor_history,78312607,0.0,2.0584599394568843,100.12,0.0,0.0
ddpg_paper_actor_history,78312607,2.4667428562618468,1.2473381752138453,100.16000000000001,0.0,0.0
ddpg_paper_actor_history,78312607,3.0,7.292139057057737,100.17,0.0,0.0
ddpg_paper_actor_history,78312607,8.0,1.5295744922393628,100.11000000000001,0.0,0.0
ddpg_paper_actor_history,78312607,9.314488659239283,1.4436129157369093,100.09,0.0,0.0
ddpg_paper_actor_history,78312607,19.37670600918019,6.986554137527136,99.81,0.12015124918339382,12.015124918339382
ddpg_paper_actor_history,78312607,21.51789432052787,6.712370455356602,99.88000000000001,0.017773721313986357,1.7773721313986357
ddpg_paper_actor_history,78312607,22.018501371117164,0.5195650019255758,99.87,0.0003114574217875088,0.03114574217875088
ddpg_paper_actor_history,78312607,26.0457909493999,0.36693923978163856,99.81,0.06796879745488127,6.796879745488127
ddpg_paper_actor_history,78312607,31.09507351391329,4.322269037299004,99.85000000000001,0.04292775937069848,4.292775937069848
ddpg_paper_actor_history,78312607,34.98260004413471,1.1361830665825012,99.94000000000001,0.0,0.0
ddpg_paper_actor_history,78312607,37.7743467778193,1.0211831171698118,99.88000000000001,0.0,0.0
ddpg_paper_actor_history,78312607,40.825381615714896,4.902412217568084,99.94000000000001,0.0,0.0
ddpg_paper_actor_history,78312607,42.82719522368578,6.867490337187067,99.96000000000001,0.0,0.0
ddpg_paper_actor_history,78312607,47.71059206567308,0.4371981632077622,99.91000000000001,0.0,0.0
ddpg_paper_actor_history,78312607,50.679808541742496,3.1518992839091737,99.89,0.0,0.0
ddpg_paper_actor_history,78312607,59.17168666669567,0.1764751999377343,99.92,0.0,0.0
ddpg_paper_actor_history,78312607,66.54410102174992,0.05470633757612514,99.88000000000001,0.0,0.0
ddpg_paper_actor_history,78312607,67.48175024873656,10.716998358196868,99.94000000000001,0.0,0.0
ddpg_paper_actor_history,78312607,69.82698392368346,3.491366291445041,99.91000000000001,0.0,0.0
ddpg_paper_actor_history,78312607,71.5956056628143,4.081932977718679,99.92,0.0,0.0
ddpg_paper_actor_history,78312607,76.83355950613281,10.202108732629506,99.94000000000001,0.0,0.0
ddpg_paper_actor_history,78312607,83.0,0.6459187014716572,100.04,0.0,0.0
ddpg_paper_actor_history,78312607,84.0,3.0395395925447324,100.02000000000001,0.0,0.0
ddpg_paper_actor_history,78312607,94.30750850361468,3.7865397842188724,100.18,0.0,0.0
ddpg_paper_actor_history,78312607,104.0,0.11787528049722171,100.04,0.0,0.0
ddpg_paper_actor_history,78312607,106.0654929994207,3.0070756952530626,100.12,0.0,0.0
ddpg_paper_actor_history,78312607,108.0,10.0,100.10000000000001,0.0,0.0
ddpg_paper_actor_history,1033510371,3.0766736344974697,4.0484418491015575,100.05000000000001,0.0,0.0
ddpg_paper_actor_history,1033510371,8.018695446275013,10.065387037879844,99.98,0.0,0.0
ddpg_paper_actor_history,1033510371,9.0,1.4270924769775948,99.93,0.0,0.0
ddpg_paper_actor_history,1033510371,17.0,4.909544324237139,99.98,0.0,0.0
ddpg_paper_actor_history,1033510371,22.00908041613002,6.387387512470135,100.10000000000001,0.0,0.0
ddpg_paper_actor_history,1033510371,26.82689558586563,2.581785279242325,100.09,0.0,0.0
ddpg_paper_actor_history,1033510371,28.67567465283,17.30781696992682,100.10000000000001,0.0,0.0
ddpg_paper_actor_history,1033510371,30.97173613176189,3.879820666719265,100.04,0.0,0.0
ddpg_paper_actor_history,1033510371,33.507502233336844,11.635671629536505,100.04,0.0,0.0
ddpg_paper_actor_history,1033510371,39.45044883733568,3.217839394755185,100.04,0.0,0.0
ddpg_paper_actor_history,1033510371,44.909423657815545,2.354349332933025,100.03,0.0,0.0
ddpg_paper_actor_history,1033510371,47.01777664136932,14.26395982363638,100.03,0.0,0.0
ddpg_paper_actor_history,1033510371,49.70616924204911,2.940734630747226,99.98,0.0,0.0
ddpg_paper_actor_history,1033510371,51.23378193904475,8.20060631643142,100.0,0.0,0.0
ddpg_paper_actor_history,1033510371,61.27270591453188,0.25936734690169216,99.91000000000001,0.0,0.0
ddpg_paper_actor_history,1033510371,66.0,6.0,100.31,0.0,0.0
ddpg_paper_actor_history,2102468923,0.0,3.9463194717902517,100.12,0.0,0.0
ddpg_paper_actor_history,2102468923,2.8261386960350743,7.337861590434219,100.16000000000001,0.0,0.0
ddpg_paper_actor_history,2102468923,6.06364829411743,4.7203917701644205,100.15,0.0,0.0
ddpg_paper_actor_history,2102468923,7.974780890824999,0.2496179746503237,100.18,0.0,0.0
ddpg_paper_actor_history,2102468923,11.882614737225962,0.7152465059676645,100.16000000000001,0.0,0.0
ddpg_paper_actor_history,2102468923,13.711334589789772,4.507201256689529,100.18,0.0,0.0
ddpg_paper_actor_history,2102468923,17.514084976186265,14.434589491450192,99.96000000000001,0.0,0.0
ddpg_paper_actor_history,2102468923,29.469893389997136,4.011513534254442,99.86000000000001,0.007323509846315801,0.7323509846315801
ddpg_paper_actor_history,2102468923,31.65590604594135,2.7504837422213635,99.85000000000001,0.0,0.0
ddpg_paper_actor_history,2102468923,34.643969483859166,6.235110685920854,99.94000000000001,0.0,0.0
ddpg_paper_actor_history,2102468923,35.948705527714765,1.539252994784878,99.94000000000001,0.0,0.0
ddpg_paper_actor_history,2102468923,40.57375806906411,0.3275961323001493,99.94000000000001,0.0,0.0
ddpg_paper_actor_history,2102468923,46.106258774325674,3.0655609075285075,99.91000000000001,0.0,0.0
ddpg_paper_actor_history,2102468923,54.2050003323795,18.64194270325028,99.95,0.0,0.0
ddpg_paper_actor_history,2102468923,62.17065776535585,0.9421378795753842,99.91000000000001,0.0,0.0
ddpg_paper_actor_history,2102468923,63.09185044162329,0.373058317514129,99.91000000000001,0.0,0.0
ddpg_paper_actor_history,2102468923,65.0,1.242908920365751,99.89,0.0,0.0
ddpg_paper_actor_history,2102468923,66.0,14.471434197731487,99.88000000000001,0.0,0.0
ddpg_paper_actor_history,2102468923,67.699094216289,3.177501826508186,99.94000000000001,0.0,0.0
ddpg_paper_actor_history,2102468923,74.22658938644211,0.7328940415311678,99.96000000000001,0.0,0.0
ddpg_paper_actor_history,2102468923,75.65744492430115,1.9160769959068324,99.96000000000001,0.0,0.0
ddpg_paper_actor_history,2102468923,80.33981911896097,2.1581518917434503,100.02000000000001,0.0,0.0
ddpg_paper_actor_history,2102468923,81.0,2.0,100.05000000000001,0.0,0.0
ddpg_paper_actor_history,1290731514,0.0,0.94728105612077,100.12,0.0,0.0
ddpg_paper_actor_history,1290731514,5.241700160230915,22.857319965468374,99.97000000000001,0.02991800564623759,2.991800564623759
ddpg_paper_actor_history,1290731514,11.162665318563052,0.7687489061414257,100.09,0.0,0.0
ddpg_paper_actor_history,1290731514,12.0,9.77379681905336,100.04,0.0,0.0
ddpg_paper_actor_history,1290731514,13.0,0.16951937923397592,100.07000000000001,0.0,0.0
ddpg_paper_actor_history,1290731514,14.0,1.7898729801331255,100.12,0.0,0.0
ddpg_paper_actor_history,1290731514,15.094030416317176,7.037417646237518,100.08000000000001,0.0,0.0
ddpg_paper_actor_history,1290731514,17.053059686028202,2.1315124669353147,100.10000000000001,0.0,0.0
ddpg_paper_actor_history,1290731514,19.075347140059577,5.551659129161077,100.10000000000001,0.0,0.0
ddpg_paper_actor_history,1290731514,20.0,0.04478959202462712,100.08000000000001,0.01579959130637576,1.579959130637576
ddpg_paper_actor_history,1290731514,22.0151412648952,0.5908108197897184,100.11000000000001,0.0,0.0
ddpg_paper_actor_history,1290731514,23.0,0.03036016725665297,100.15,0.0,0.0
ddpg_paper_actor_history,1290731514,28.225649427331884,2.417149039164018,100.28,0.0,0.0
ddpg_paper_actor_history,1290731514,33.01775418129376,3.2505910066580888,100.24000000000001,0.0,0.0
ddpg_paper_actor_history,1290731514,34.0,1.6384362404528845,100.21000000000001,0.0,0.0
ddpg_paper_actor_history,1290731514,43.20772289178928,0.5330506310454339,100.2,0.0,0.0
ddpg_paper_actor_history,1290731514,51.0,16.55385194538868,100.10000000000001,0.0,0.0
ddpg_paper_actor_history,1290731514,54.949397064424076,2.0,100.07000000000001,0.013235934065306765,1.3235934065306765
ddpg_paper_actor_history,1290731514,58.354237768501996,3.2881299505087673,100.07000000000001,0.006226364602468948,0.6226364602468948
ddpg_paper_actor_history,1290731514,59.17231184391264,0.8504799130081853,100.09,0.0,0.0
ddpg_paper_actor_history,1290731514,60.550755388072425,0.8123645503450406,100.11000000000001,0.0,0.0
ddpg_paper_actor_history,1290731514,64.18540390907384,6.0,100.06,0.015760112573588003,1.5760112573588003
ddpg_paper_actor_history,1290731514,67.53162770329472,0.9043894617224075,100.02000000000001,0.049374078406117405,4.9374078406117405
ddpg_paper_actor_history,1290731514,68.35413725058851,6.73240785157602,100.01,0.04765900473358897,4.765900473358897
ddpg_paper_actor_history,1290731514,69.72679807331008,3.0,100.05000000000001,0.00018101016520688518,0.018101016520688518
ddpg_paper_actor_history,914900708,2.084388952625706,2.0569442735120886,100.11000000000001,0.0,0.0
ddpg_paper_actor_history,914900708,3.526047169228758,1.3334874980718003,100.16000000000001,0.0,0.0
ddpg_paper_actor_history,914900708,4.5412760088468,2.7544705751136913,100.14,0.0,0.0
ddpg_paper_actor_history,914900708,8.180001896195385,3.068891044904607,100.10000000000001,0.0,0.0
ddpg_paper_actor_history,914900708,9.107930492080373,3.248467016877789,100.14,0.0,0.0
ddpg_paper_actor_history,914900708,12.0,5.801734188986729,100.11000000000001,0.0,0.0
ddpg_paper_actor_history,914900708,15.346581036628754,2.7566363166623593,100.14,0.0,0.0
ddpg_paper_actor_history,914900708,17.0,6.081680162677484,100.13000000000001,0.0,0.0
ddpg_paper_actor_history,914900708,19.391878305256288,7.018948948909607,100.09,0.0,0.0
ddpg_paper_actor_history,914900708,23.286452614406063,10.360164842393592,100.13000000000001,0.0,0.0
ddpg_paper_actor_history,914900708,25.8153435311893,0.008944416336090666,100.18,0.0,0.0
ddpg_paper_actor_history,914900708,27.100505297826984,1.2451713938030093,100.2,0.0,0.0
ddpg_paper_actor_history,914900708,31.257442646516136,0.07134271951400814,100.11000000000001,0.0,0.0
ddpg_paper_actor_history,914900708,32.40055381081583,22.174086774816896,100.13000000000001,0.0,0.0
ddpg_paper_actor_history,914900708,44.35114428527095,1.8390681508706677,100.09,0.0,0.0
ddpg_paper_actor_history,914900708,45.41459081321804,4.042350983933043,100.10000000000001,0.0,0.0
ddpg_paper_actor_history,914900708,47.305802190632114,0.07859600563217231,100.15,0.0,0.0
ddpg_paper_actor_history,914900708,53.260854989534415,0.7367640553489105,100.17,0.0,0.0
ddpg_paper_actor_history,914900708,58.0,1.3764145513680002,100.09,0.0,0.0
ddpg_paper_actor_history,914900708,59.53757414318311,0.2548720100680374,100.06,0.0,0.0
ddpg_paper_actor_history,914900708,63.486202546730766,2.0273731738119896,100.02000000000001,0.017197066945584538,1.7197066945584538
ddpg_paper_actor_history,914900708,69.4067418887785,3.334047031225668,100.02000000000001,0.0,0.0
ddpg_paper_actor_history,914900708,76.44495999184659,1.1171029322353574,100.03,0.0,0.0
ddpg_paper_actor_history,914900708,78.07666225872455,6.317528261585811,100.07000000000001,0.0,0.0
ddpg_paper_actor_history,914900708,84.09102213208965,6.409362795297709,100.11000000000001,0.0,0.0
ddpg_paper_actor_history,914900708,85.0,0.22476028779150448,100.09,0.0,0.0
ddpg_paper_actor_history,914900708,86.46250566843403,0.0783029113515642,100.05000000000001,0.0,0.0
ddpg_paper_actor_history,914900708,88.17136108394254,2.4920967289569353,100.08000000000001,0.0,0.0
ddpg_paper_actor_history,914900708,90.0,1.0,100.07000000000001,0.0,0.0
td3_verified_history,941637108,4.833172677759208,30.0,99.97000000000001,0.0,0.0
td3_verified_history,941637108,7.850945270725932,0.507984035034146,100.02000000000001,0.0,0.0
td3_verified_history,941637108,11.32850107605803,5.808450793759958,99.95,0.0,0.0
td3_verified_history,941637108,14.0,5.661484435576979,100.04,0.0,0.0
td3_verified_history,941637108,15.0,2.0202205843744148,99.99,0.0,0.0
td3_verified_history,941637108,20.0,3.3278832899685384,100.06,0.0,0.0
td3_verified_history,941637108,21.79900710196823,3.425697160987365,100.05000000000001,0.0,0.0
td3_verified_history,941637108,28.049406659275984,4.037703599799892,100.08000000000001,0.0,0.0
td3_verified_history,941637108,29.0,14.224563756937755,100.03,0.0,0.0
td3_verified_history,941637108,34.05801514376486,15.625983101192071,100.2,0.0,0.0
td3_verified_history,941637108,38.201925058789044,7.4802565451592145,100.19,0.0,0.0
td3_verified_history,941637108,39.89854604602405,4.654546273280425,100.19,0.0,0.0
td3_verified_history,941637108,40.970700866664515,2.9982624902500192,100.25,0.0,0.0
td3_verified_history,1636696007,3.128441881145111,0.942807215661001,100.16000000000001,0.0,0.0
td3_verified_history,1636696007,8.0,0.6156384715434441,100.10000000000001,0.0,0.0
td3_verified_history,1636696007,9.00532705528518,1.1401588720257907,100.14,0.0,0.0
td3_verified_history,1636696007,12.900138696583282,6.749335549494065,100.07000000000001,0.0,0.0
td3_verified_history,1636696007,18.889734392550714,2.7749756540381845,100.10000000000001,0.0,0.0
td3_verified_history,1636696007,20.36340561206951,8.432740608721504,100.12,0.0,0.0
td3_verified_history,1636696007,22.133958688541572,10.538067811740671,100.10000000000001,0.0,0.0
td3_verified_history,1636696007,25.52811868940315,3.67462465372237,100.18,0.0,0.0
td3_verified_history,1636696007,26.386297136180385,0.41714265417836194,100.21000000000001,0.0,0.0
td3_verified_history,1636696007,43.54037756671113,11.125634323518398,100.15,0.0,0.0
td3_verified_history,1636696007,46.67423543389241,4.735047103301199,100.09,0.0,0.0
td3_verified_history,1636696007,48.12303826968871,0.058212011139777725,100.13000000000001,0.0,0.0
td3_verified_history,1636696007,50.0351871804837,8.741354537566854,100.14,0.0,0.0
td3_verified_history,1636696007,51.0,2.8827125993342997,100.13000000000001,0.0,0.0
td3_verified_history,1636696007,52.516961343540835,1.784246460432341,100.15,0.0,0.0
td3_verified_history,1636696007,59.22059804656721,3.0,100.06,0.032684316096663224,3.2684316096663224
td3_verified_history,1636696007,60.06005924368027,3.0,100.05000000000001,0.035941918584939,3.5941918584939003
td3_verified_history,1636696007,65.0,1.8707797912978985,100.04,0.040590518012422194,4.059051801242219
td3_verified_history,1636696007,71.58613039470632,1.0,100.04,0.03319684060397776,3.319684060397776
td3_verified_history,1636696007,73.06209179850626,0.5188181738725711,100.05000000000001,0.020785093098311336,2.0785093098311336
td3_verified_history,1636696007,75.4015240978307,2.15757465413461,100.02000000000001,0.043613176927749464,4.361317692774946
td3_verified_history,1636696007,76.93713617404276,0.5170503536251716,100.03,0.02785548426321327,2.785548426321327
td3_verified_history,1636696007,84.0,12.776712732286015,100.11000000000001,0.0,0.0
td3_verified_history,1636696007,106.0,3.0,99.99000000000001,0.03960452479404353,3.9604524794043527
td3_verified_history,1042648672,0.0,9.149080256496227,100.12,0.0,0.0
td3_verified_history,1042648672,2.251252016195324,1.5179081019632878,100.10000000000001,0.0,0.0
td3_verified_history,1042648672,3.0,26.493579657453484,100.05000000000001,0.0,0.0
td3_verified_history,1042648672,4.1057433046018605,0.6965626456824265,99.99000000000001,0.0,0.0
td3_verified_history,1042648672,5.009285281311853,1.9108375296583415,100.0,0.0,0.0
td3_verified_history,1042648672,7.258819053249225,20.485853188250182,99.97000000000001,0.0,0.0
td3_verified_history,1042648672,16.0,1.0039307002895812,99.92999999999999,0.0,0.0
td3_verified_history,1042648672,17.0,1.3725161980354008,99.9,0.0,0.0
td3_verified_history,1042648672,23.368930900168703,27.000000000000004,100.11,0.0,0.0
td3_verified_history,1042648672,28.281273296272538,1.0,100.01,0.0,0.0
td3_verified_history,1042648672,30.53005848327493,2.5156905243724452,100.01,0.0,0.0
td3_verified_history,1042648672,34.0,3.9235965234428942,100.01,0.0,0.0
td3_verified_history,1042648672,40.35708463308231,1.0,100.02000000000001,0.0,0.0
td3_verified_history,1042648672,44.0,1.0,99.96,0.002381543343645376,0.2381543343645376
td3_verified_history,385688959,0.0,2.6649559805033487,100.12,0.0,0.0
td3_verified_history,385688959,3.0314474900517583,2.3437328427517787,100.12,0.0,0.0
td3_verified_history,385688959,6.0,5.730338061222881,100.08000000000001,0.0,0.0
td3_verified_history,385688959,7.0,0.8208438640341276,100.02000000000001,0.0,0.0
td3_verified_history,385688959,8.716059228401027,0.9981824077255707,100.0,0.0,0.0
td3_verified_history,385688959,9.025808789162786,1.3264829420997313,99.98,0.0,0.0
td3_verified_history,385688959,16.743700463085283,1.7447032326334062,100.06,0.0,0.0
td3_verified_history,385688959,20.935653027169998,1.6610671066749962,100.06,0.0,0.0
td3_verified_history,385688959,22.137020947687027,1.808389383722982,100.05000000000001,0.0,0.0
td3_verified_history,385688959,27.32266125695364,1.0,100.01,0.0,0.0
td3_verified_history,385688959,30.406304259259,5.199821132251616,100.01,0.0,0.0
td3_verified_history,385688959,34.07879905740212,1.2398724631721352,100.2,0.0,0.0
td3_verified_history,385688959,36.42070671872912,1.6572345819436247,100.21000000000001,0.0,0.0
td3_verified_history,385688959,38.34408620474081,0.8918004309335991,100.12,0.0,0.0
td3_verified_history,385688959,40.69130058033105,1.5627140772267256,100.26,0.0,0.0
td3_verified_history,385688959,44.17736372605189,1.1031580986600669,100.27000000000001,0.0,0.0
td3_verified_history,385688959,48.14912918425693,3.371337652011003,100.30000000000001,0.0,0.0
td3_verified_history,385688959,49.27896421615502,1.4714201980875987,100.24000000000001,0.0,0.0
td3_verified_history,385688959,50.53951464942573,0.017680194170800467,100.18,0.0,0.0
td3_verified_history,385688959,53.51063869742633,0.14211604500818256,100.17,0.0,0.0
td3_verified_history,385688959,56.009939791391176,17.76424333614212,100.21000000000001,0.0,0.0
td3_verified_history,385688959,57.477192089077754,0.6546079378167456,100.29,0.0,0.0
td3_verified_history,385688959,59.910248197656124,0.022583859475807766,100.33000000000001,0.0,0.0
td3_verified_history,385688959,60.42683731361334,2.089263423034298,100.31,0.0,0.0
td3_verified_history,385688959,61.43246184328709,0.6810671389316586,100.36000000000001,0.0,0.0
td3_verified_history,385688959,65.808901144161,1.298859378078126,100.35000000000001,0.0,0.0
td3_verified_history,385688959,73.33423015368751,2.0,100.17,0.0,0.0
td3_verified_history,385688959,76.70643564864702,3.7600844205529556,100.21000000000001,0.0,0.0
td3_verified_history,385688959,77.81416263118405,11.950472111104164,100.22000000000001,0.0,0.0
td3_verified_history,385688959,88.119842214203,2.966921617967511,100.22,0.0,0.0
td3_verified_history,385688959,90.25416411463493,5.0,100.23,0.0,0.0
td3_verified_history,385688959,92.88788418344153,0.6424504123218476,100.29,0.0,0.0
td3_verified_history,385688959,98.71464779197468,1.6389833283848436,100.24000000000001,0.0,0.0
td3_verified_history,385688959,103.06332493663884,0.13950645602415387,100.37,0.0,0.0
td3_verified_history,385688959,104.49769879781387,0.537249654417282,100.35000000000001,0.0,0.0
td3_verified_history,385688959,112.24505439691002,3.946355395199364,100.42,0.0,0.0
td3_verified_history,894371145,1.046475783545694,9.920060156529054,100.14,0.0,0.0
td3_verified_history,894371145,3.0,4.94691961048782,100.08000000000001,0.0,0.0
td3_verified_history,894371145,4.0,0.11260661352922119,100.2,0.0,0.0
td3_verified_history,894371145,6.0,9.64899149893133,100.22000000000001,0.0,0.0
td3_verified_history,894371145,15.503359985787732,3.967994904437329,100.28,0.0,0.0
td3_verified_history,894371145,18.176609552558382,6.911181885800064,100.24000000000001,0.0,0.0
td3_verified_history,894371145,29.870457972106042,1.4076913656942143,100.2,0.0,0.0
td3_verified_history,894371145,30.7881527716152,3.2383698337075097,100.17,0.0,0.0
td3_verified_history,894371145,31.171846749231214,0.4986113633296675,100.19000000000001,0.0,0.0
td3_verified_history,894371145,41.31625009854176,2.846537233076014,100.14,0.0,0.0
td3_verified_history,894371145,44.21136105036844,0.05330202327726308,100.15,0.0,0.0
td3_verified_history,894371145,46.788562582552174,1.69007094505907,100.13000000000001,0.0,0.0
td3_verified_history,894371145,47.97414589662745,3.5721403939160314,100.12,0.0,0.0
td3_verified_history,894371145,56.42108562544586,6.932119190366448,100.16000000000001,0.0,0.0
td3_verified_history,894371145,58.334471539688295,5.158852625335869,100.15,0.0,0.0
td3_verified_history,894371145,60.25515493187573,2.1815576348753027,100.01,0.012577669103436051,1.257766910343605
td3_verified_history,894371145,65.43923311701928,2.0788570917567593,100.05000000000001,0.0,0.0
td3_verified_history,894371145,68.54284473456441,3.80142993118323,100.13000000000001,0.0,0.0
td3_verified_history,894371145,72.49931084580825,5.0029557625217596,100.17,0.0,0.0
td3_verified_history,894371145,76.54602160783021,1.9516056463888956,100.21000000000001,0.0,0.0
td3_verified_history,894371145,80.85385298659135,3.2350016310079988,100.32000000000001,0.0,0.0
td3_verified_history,894371145,82.0,0.6973844534183509,100.30000000000001,0.0,0.0
td3_verified_history,894371145,83.16637465882752,3.8748181267280786,100.28,0.0,0.0
td3_verified_history,894371145,85.60856831963991,0.5510980525249705,100.28,0.0,0.0
td3_verified_history,894371145,88.26195267421917,2.817429363738322,100.21000000000001,0.0,0.0
td3_verified_history,894371145,90.48626764648598,2.6581579877788335,100.19000000000001,0.0,0.0
td3_verified_history,894371145,93.2903211954232,2.3308663407523516,100.21000000000001,0.0,0.0
td3_verified_history,894371145,94.0,2.0773210356790415,100.23,0.0,0.0
td3_verified_history,894371145,95.0,5.0,100.29,0.0,0.0
td3_verified_history,1033804152,0.0,5.155805364383519,100.12,0.0,0.0
td3_verified_history,1033804152,5.552764820334224,6.335202963247481,99.97000000000001,0.0,0.0
td3_verified_history,1033804152,14.974182292029653,2.931896624900756,100.12,0.0,0.0
td3_verified_history,1033804152,21.0,7.644317208655753,100.14,0.0,0.0
td3_verified_history,1033804152,22.0,30.000000000000007,100.11000000000001,0.0,0.0
td3_verified_history,1033804152,28.042784964354837,19.3188680313045,100.28,0.0,0.0
td3_verified_history,1033804152,32.624508897010635,1.1591589638965865,100.25,0.0,0.0
td3_verified_history,1033804152,33.783827514536114,1.7591595789716943,100.24000000000001,0.0,0.0
td3_verified_history,1033804152,35.949573092171505,18.0,100.22,0.0,0.0
td3_verified_history,1033804152,40.22735040511439,7.0,100.2,0.0,0.0
td3_verified_history,175432,9.0,1.8245093170539293,100.14,0.0,0.0
td3_verified_history,175432,14.845980763407786,2.3514050776867217,100.17,0.0,0.0
td3_verified_history,175432,22.47319741236603,3.7169635801189864,100.13000000000001,0.0,0.0
td3_verified_history,175432,24.140097156134274,0.09392741060876242,100.18,0.0,0.0
td3_verified_history,175432,28.46588281351713,7.150072672349425,100.22000000000001,0.0,0.0
td3_verified_history,175432,29.35157115974773,0.7635747900175792,100.17,0.0,0.0
td3_verified_history,175432,31.16902835689716,4.473033334298797,100.11000000000001,0.0,0.0
td3_verified_history,175432,32.498587983399176,1.7969416943156897,100.12,0.0,0.0
td3_verified_history,175432,34.04191816844957,2.4744700803996196,100.15,0.0,0.0
td3_verified_history,175432,37.0,3.9763846168444665,100.14,0.0,0.0
td3_verified_history,175432,43.042388357771465,13.466011039829358,100.15,0.0,0.0
td3_verified_history,175432,45.4308135484367,3.1106470571157248,100.10000000000001,0.0,0.0
td3_verified_history,175432,47.53912782336407,0.2554289764479404,100.15,0.0,0.0
td3_verified_history,175432,48.06621373105177,9.734005728085407,100.13000000000001,0.0,0.0
td3_verified_history,175432,50.0,0.918446864227215,100.14,0.0,0.0
td3_verified_history,175432,51.0,2.5746726502413844,100.13000000000001,0.0,0.0
td3_verified_history,175432,54.67936352560143,1.8719494461956687,100.15,0.0,0.0
td3_verified_history,175432,59.04421145228739,0.5828358698061245,100.06,0.0,0.0
td3_verified_history,175432,60.0,3.2226361141828983,100.05000000000001,0.0,0.0
td3_verified_history,175432,61.58639475791021,2.5264352941139565,100.07000000000001,0.0,0.0
td3_verified_history,175432,64.0,0.1452297444737313,100.01,0.0,0.0
td3_verified_history,175432,70.65954810579021,3.0,100.02000000000001,0.0,0.0
td3_verified_history,175432,79.0,3.409102018994204,100.03,0.0,0.0
td3_verified_history,175432,80.35198894507857,4.368636008276541,100.04,0.0,0.0
td3_verified_history,175432,81.96860101706054,0.7952697874461934,100.10000000000001,0.0,0.0
td3_verified_history,175432,83.0,2.967261039557211,100.11000000000001,0.0,0.0
td3_verified_history,175432,87.24639603258146,4.0,100.04,0.0,0.0
td3_verified_history,175432,91.1797138922185,2.087113414279583,100.08000000000001,0.0,0.0
td3_verified_history,175432,99.13529451644864,5.281097757818651,100.01,0.0,0.0
td3_verified_history,175432,100.43204315709752,7.0,99.92,0.06593096406942323,6.593096406942323
td3_verified_history,2088018535,0.0,0.030612628228823824,100.12,0.0,0.0
td3_verified_history,2088018535,1.6325915399389999,0.29214869474215277,100.02000000000001,0.08056410174890516,8.056410174890516
td3_verified_history,2088018535,4.607309937927113,1.8121185612122623,99.99000000000001,0.02684747226552986,2.684747226552986
td3_verified_history,2088018535,5.29317108170565,2.0180385763043645,100.0,0.0,0.0
td3_verified_history,2088018535,6.845156078424555,0.2955820452987332,100.0,0.0,0.0
td3_verified_history,2088018535,9.0,2.6293236556505004,99.93,0.03716259233264907,3.716259233264907
td3_verified_history,2088018535,10.06988054049073,4.838010516139485,99.96000000000001,0.002319878891015037,0.2319878891015037
td3_verified_history,2088018535,11.0,1.0452115936778053,99.96000000000001,0.0,0.0
td3_verified_history,2088018535,22.72502335468732,0.5510119937523272,100.10000000000001,0.0,0.0
td3_verified_history,2088018535,23.581793863795248,10.988237465661255,100.13000000000001,0.0,0.0
td3_verified_history,2088018535,28.091341532062152,1.7376613940294097,100.10000000000001,0.0,0.0
td3_verified_history,2088018535,37.17333218087668,4.276852222494794,100.03,0.0,0.0
td3_verified_history,2088018535,42.907849066285884,3.998910010896463,100.03,0.0,0.0
td3_verified_history,2088018535,50.89142564424386,0.7954280840554344,99.99000000000001,0.0,0.0
td3_verified_history,2088018535,58.0,12.00648270247735,99.86000000000001,0.048678030727288046,4.867803072728805
td3_verified_history,2088018535,60.24051041762306,9.538606225249154,99.85000000000001,0.05245649110426598,5.245649110426598
td3_verified_history,2088018535,61.00582363094107,17.781838644508966,99.91000000000001,0.0,0.0
td3_verified_history,2088018535,69.4718227349343,4.8892262172583525,100.49000000000001,0.0,0.0
td3_verified_history,2088018535,77.0,8.212796652193834,100.41000000000001,0.0,0.0
td3_verified_history,2088018535,78.0,0.19237759773813845,100.38000000000001,0.0,0.0
td3_verified_history,2088018535,83.6474745023527,5.1184466577557295,100.37,0.0,0.0
td3_verified_history,2088018535,88.0,6.0,100.53,0.0,0.0
td3_verified_history,934906098,1.152803256358284,2.075030047855738,100.17,0.0,0.0
td3_verified_history,934906098,10.019825510518837,2.1661732668320584,100.11000000000001,0.0,0.0
td3_verified_history,934906098,15.0,1.005268647641333,99.88000000000001,0.10598139322137001,10.598139322137001
td3_verified_history,934906098,16.574972444261643,2.2168871961295764,99.84,0.12632169174874264,12.632169174874264
td3_verified_history,934906098,25.1611789842758,0.2331173925896423,99.68,0.2174317404980428,21.74317404980428
td3_verified_history,934906098,27.780417828475386,4.915347261772228,99.7,0.13467638549957428,13.467638549957428
td3_verified_history,934906098,28.025970680371813,2.828124030201219,99.71000000000001,0.08868097199535896,8.868097199535896
td3_verified_history,934906098,29.468492415673715,3.8311848913654147,99.71000000000001,0.0653587718253732,6.53587718253732
td3_verified_history,934906098,35.25404879437568,2.0,99.53,0.2337820673378559,23.37820673378559
td3_verified_history,934906098,38.779656503973435,13.74092813392799,99.53,0.19752043911491057,19.752043911491057
td3_verified_history,934906098,48.18954397488209,2.1618691443198226,99.52000000000001,0.1345671053770019,13.45671053770019
td3_verified_history,934906098,57.489161617993226,1.5290901099335823,99.51,0.053540004685473264,5.354000468547326
td3_verified_history,934906098,63.34097332682488,4.723646135833981,99.53,0.0,0.0
td3_verified_history,934906098,64.0,18.073863667495907,99.57000000000001,0.0,0.0
td3_verified_history,934906098,67.79433651465352,1.4316133317545223,99.56,0.0,0.0
td3_verified_history,934906098,72.24592487657272,1.2558571348558476,99.54,0.0,0.0
td3_verified_history,934906098,76.07379145590482,2.1672115786641446,99.58000000000001,0.0,0.0
td3_verified_history,934906098,80.68616739750769,2.070914033823548,99.59,0.0,0.0
td3_verified_history,934906098,86.0,16.80862308493942,99.67,0.0,0.0
td3_verified_history,934906098,89.53722692022832,2.049683216895499,99.65,0.0,0.0
td3_verified_history,934906098,91.01336207963095,2.0,99.67,0.0,0.0
td3_verified_history,934906098,92.0,2.0,99.66000000000001,0.0,0.0
td3_verified_history,934906098,95.0,1.0,99.64,0.0,0.0
td3_verified_history,934906098,102.0,4.871210793811166,99.63000000000001,0.0,0.0
td3_verified_history,934906098,105.72232675077372,1.2124798571549475,99.60000000000001,0.0,0.0
td3_verified_history,934906098,117.12761213651257,1.0,99.47000000000001,0.0,0.0
td3_verified_history,974530509,2.1107402672764515,9.373258248793764,100.15,0.0,0.0
td3_verified_history,974530509,4.0,3.0127021391274367,100.2,0.0,0.0
td3_verified_history,974530509,5.684196446527098,2.005046686728957,100.22000000000001,0.0,0.0
td3_verified_history,974530509,7.859779726062351,7.394668936126898,100.21000000000001,0.0,0.0
td3_verified_history,974530509,9.188470757917635,2.6280723510240134,100.19000000000001,0.0,0.0
td3_verified_history,974530509,10.0,3.009982606433348,100.23,0.0,0.0
td3_verified_history,974530509,11.0,1.0,100.16000000000001,0.0,0.0
td3_verified_history,974530509,13.79663408874508,1.346777614184449,100.18,0.0,0.0
td3_verified_history,974530509,15.16863061928587,0.03282515577658002,100.28,0.0,0.0
td3_verified_history,974530509,25.287957229032763,3.1915415416521395,100.21000000000001,0.0,0.0
td3_verified_history,974530509,29.996069223777212,1.3924209303765365,100.2,0.0,0.0
td3_verified_history,974530509,31.297629787633525,9.984557002471943,100.19000000000001,0.0,0.0
td3_verified_history,974530509,37.71287848589485,7.4452633540907245,100.12,0.024621632709525443,2.4621632709525443
td3_verified_history,974530509,41.20690276091447,5.6057407504743795,100.14,0.0,0.0
td3_verified_history,974530509,43.1347331296396,0.8038953426522824,100.12,0.027286175548894676,2.7286175548894676
td3_verified_history,974530509,46.67859036656446,0.8667498824754166,100.13000000000001,0.00687864260628146,0.687864260628146
td3_verified_history,974530509,52.332531514174775,0.3407969224644126,100.12,0.01963347867879861,1.963347867879861
td3_verified_history,974530509,53.71269634860503,9.019949856486585,100.10000000000001,0.03092450579281092,3.092450579281092
td3_verified_history,974530509,54.204314685232575,2.0,100.13000000000001,0.0,0.0
td3_verified_history,974530509,57.8071606183734,2.1780839635702796,100.16000000000001,0.0,0.0
td3_verified_history,974530509,60.318377397850796,9.731765455602282,100.01,0.13773090855976022,13.773090855976022
td3_verified_history,974530509,64.0,1.7271064620890368,100.03,0.14437592480160788,14.437592480160788
td3_verified_history,974530509,72.0,2.1816187075051428,100.17,0.0,0.0
td3_verified_history,974530509,73.98097109128706,4.6894341980494465,100.21000000000001,0.0,0.0
td3_verified_history,974530509,74.57482392170209,3.3887859737809607,100.16000000000001,0.0,0.0
td3_verified_history,974530509,79.0338285912812,3.6103697188515627,100.3,0.0,0.0
td3_verified_history,974530509,95.61140709286411,2.0,100.29,0.0,0.0
td3_verified_history,1808942885,0.0,0.9041429907059726,100.12,0.0,0.0
td3_verified_history,1808942885,8.91983350039751,2.1818212099489234,100.16000000000001,0.0,0.0
td3_verified_history,1808942885,10.185524403563752,5.5387908104775665,100.12,0.0,0.0
td3_verified_history,1808942885,13.43361174729077,7.213237548714401,100.11000000000001,0.0,0.0
td3_verified_history,1808942885,17.0,0.5778302961184788,100.17,0.0,0.0
td3_verified_history,1808942885,18.36152852392711,2.7691196003877643,100.15,0.0,0.0
td3_verified_history,1808942885,20.26239963743784,6.4832090131709705,100.23,0.0,0.0
td3_verified_history,1808942885,22.558439305967298,2.1559651261539035,100.27000000000001,0.0,0.0
td3_verified_history,1808942885,23.0,8.807838510372695,100.17,0.0,0.0
td3_verified_history,1808942885,24.0,0.7902401330730079,100.27000000000001,0.0,0.0
td3_verified_history,1808942885,25.774393731517385,2.9083942652217223,100.27000000000001,0.0,0.0
td3_verified_history,1808942885,26.915455875104378,4.631389585378306,100.22000000000001,0.0,0.0
td3_verified_history,1808942885,29.12258742247967,0.6309668576966779,100.21000000000001,0.0,0.0
td3_verified_history,1808942885,30.0,2.420167795666484,100.22000000000001,0.0,0.0
td3_verified_history,1808942885,31.0,5.8898004099775845,100.21000000000001,0.0,0.0
td3_verified_history,1808942885,33.40989681521423,16.85760918754943,100.19,0.0,0.0
td3_verified_history,1808942885,34.192059756513025,1.3754022634291976,100.26,0.0,0.0
td3_verified_history,1808942885,44.14283493640243,1.5214571279935714,100.36000000000001,0.0,0.0
td3_verified_history,1808942885,45.0,8.81358078547274,100.5,0.0,0.0
td3_verified_history,1808942885,46.03348508557033,0.6343929619734726,100.43,0.0,0.0
td3_verified_history,1808942885,48.0,0.9360725395863176,100.44000000000001,0.0,0.0
td3_verified_history,1808942885,50.0,9.275681143518053,100.49000000000001,0.0,0.0
td3_verified_history,1808942885,52.19668973426783,0.5665352305223698,100.46000000000001,0.0,0.0
td3_verified_history,1808942885,53.0,4.880943063033163,100.46000000000001,0.0,0.0
td3_verified_history,1808942885,54.46419661859361,1.0,100.4,0.0,0.0
td3_verified_history,1476250514,2.3658338283639386,0.8325957866039291,100.10000000000001,0.0,0.0
td3_verified_history,1476250514,7.131217952703841,4.78000576961489,100.02,0.005869578828679778,0.5869578828679778
td3_verified_history,1476250514,8.456298211043658,2.366986900671603,100.08000000000001,0.0,0.0
td3_verified_history,1476250514,9.348064419379522,1.1242375066473982,100.11000000000001,0.0,0.0
td3_verified_history,1476250514,17.43421971016054,3.4847728054171228,100.06,0.0,0.0
td3_verified_history,1476250514,18.459460535337158,7.456960102718098,100.08,0.0,0.0
td3_verified_history,1476250514,24.01547182955665,0.5511699426430416,100.05000000000001,0.0,0.0
td3_verified_history,1476250514,37.0,2.8066681565054803,100.16000000000001,0.0,0.0
td3_verified_history,1476250514,40.0,4.123329255003734,100.11000000000001,0.0,0.0
td3_verified_history,1476250514,42.0,1.8473157279731731,100.12,0.0,0.0
td3_verified_history,1476250514,43.0,0.2714089962031936,100.17,0.0,0.0
td3_verified_history,1476250514,44.0,9.884505092088302,100.2,0.0,0.0
td3_verified_history,1476250514,45.05441904751825,4.79775516601747,100.06,0.0,0.0
td3_verified_history,1476250514,46.1522351262828,6.334165372033846,100.13000000000001,0.0,0.0
td3_verified_history,1476250514,48.10924722835247,3.1980057013190466,100.18,0.0,0.0
td3_verified_history,1476250514,49.653679009323064,4.071970396314247,100.15,0.0,0.0
td3_verified_history,1476250514,52.081921192073416,7.110289202573909,100.24000000000001,0.0,0.0
td3_verified_history,1476250514,55.63906589382608,1.2187545309871255,100.23,0.0,0.0
td3_verified_history,1476250514,57.12872338929236,3.056383973512007,100.37,0.0,0.0
td3_verified_history,1476250514,59.22457996588332,2.1089255885455835,100.42,0.0,0.0
td3_verified_history,1476250514,60.648844387662415,2.0101439822942604,100.45,0.0,0.0
td3_verified_history,1476250514,62.09960409430757,0.3592937778281993,100.42,0.0,0.0
td3_verified_history,1476250514,66.18926017654012,0.11927296512236613,100.31,0.0,0.0
td3_verified_history,1476250514,67.24224530114782,3.940206667546938,100.30000000000001,0.0,0.0
td3_verified_history,1476250514,68.0,22.0,100.44000000000001,0.0,0.0
td3_verified_history,359707709,2.0,3.3970505535402413,100.10000000000001,0.0,0.0
td3_verified_history,359707709,4.851100436855621,20.031405289727793,100.08000000000001,0.0,0.0
td3_verified_history,359707709,7.983384584964588,19.21275992476639,100.07000000000001,0.0,0.0
td3_verified_history,359707709,9.75199689540287,2.630640167933157,100.07000000000001,0.0,0.0
td3_verified_history,359707709,11.954192483892946,19.31499620606016,99.97999999999999,0.0,0.0
td3_verified_history,359707709,15.531412572930815,5.199700763811106,100.01,0.0,0.0
td3_verified_history,359707709,17.0,3.4514303372473174,100.03999999999999,0.0,0.0
td3_verified_history,359707709,21.664432446660157,3.066384509338943,99.99,0.0,0.0
td3_verified_history,359707709,24.11251724981471,2.51067757805823,99.99000000000001,0.0,0.0
td3_verified_history,359707709,25.0,4.124622467401121,100.01,0.0,0.0
td3_verified_history,359707709,26.96394133660215,9.64329586315252,99.94,0.0,0.0
td3_verified_history,359707709,31.302741961501997,1.231327862638287,99.94000000000001,0.0,0.0
td3_verified_history,359707709,37.10013576108161,6.0,100.09,0.0,0.0
td3_verified_history,856896044,2.0,0.6398563600814913,100.04,0.0,0.0
td3_verified_history,856896044,3.3262271218768378,0.8197111871021519,99.96000000000001,0.0,0.0
td3_verified_history,856896044,4.184437030693002,1.0,99.85000000000001,0.0,0.0
td3_verified_history,856896044,12.935826675151405,12.034969137201912,100.04,0.0,0.0
td3_verified_history,856896044,14.05973659695754,0.17370873588759372,100.1,0.0,0.0
td3_verified_history,856896044,17.892321595503624,10.135850947621059,100.10000000000001,0.0,0.0
td3_verified_history,856896044,20.84579823850992,4.1010085640126395,100.08000000000001,0.0,0.0
td3_verified_history,856896044,22.264967933203984,7.0,100.09,0.0,0.0
td3_verified_history,856896044,23.559822304160832,10.186281600913125,100.15,0.0,0.0
td3_verified_history,856896044,25.433103291463215,4.168149177976534,100.29,0.0,0.0
td3_verified_history,856896044,26.0,11.0,100.22999999999999,0.0,0.0
td3_verified_history,856896044,30.827695093777425,0.09788659170888503,100.15,0.0,0.0
td3_verified_history,856896044,32.28598889254129,1.1241203702074873,100.25,0.0,0.0
td3_verified_history,856896044,33.0,0.41265818657099085,100.24000000000001,0.0,0.0
td3_verified_history,856896044,34.0,10.337833514714019,100.21000000000001,0.0,0.0
td3_verified_history,856896044,35.0,0.7660408678400416,100.24000000000001,0.0,0.0
td3_verified_history,856896044,39.0,14.956541546362281,100.27000000000001,0.0,0.0
td3_verified_history,856896044,40.0,4.657916930165494,100.18,0.0,0.0
td3_verified_history,856896044,47.89026877849588,1.5530515558197997,100.15,0.0,0.0
td3_verified_history,856896044,51.0,0.5840010759383352,100.10000000000001,0.0,0.0
td3_verified_history,856896044,52.2061635750431,3.1236135251119514,99.94000000000001,0.12159469794887912,12.159469794887912
td3_verified_history,856896044,53.174377671003874,1.0,99.98,0.07403523922519639,7.403523922519639
td3_verified_history,477028847,7.490352839867095,0.5450163352862023,100.21000000000001,0.0,0.0
td3_verified_history,477028847,9.0,1.3278433287189038,100.19000000000001,0.0,0.0
td3_verified_history,477028847,10.0,0.48847962876933676,100.23,0.0,0.0
td3_verified_history,477028847,11.371351482605116,4.560190302034932,100.24000000000001,0.0,0.0
td3_verified_history,477028847,21.0,0.04080177322820347,100.22000000000001,0.0,0.0
td3_verified_history,477028847,26.219249029588205,4.592908227651114,100.21000000000001,0.0,0.0
td3_verified_history,477028847,28.552880049588875,1.6139036073810356,100.21000000000001,0.0,0.0
td3_verified_history,477028847,32.516807717805015,1.1559574499974214,100.19000000000001,0.0,0.0
td3_verified_history,477028847,33.0,0.3117928412625165,100.18,0.0,0.0
td3_verified_history,477028847,34.26716960305724,2.798213235558323,100.17,0.0,0.0
td3_verified_history,477028847,39.40913941941712,1.654600118756223,100.12,0.014385905746294725,1.4385905746294725
td3_verified_history,477028847,40.0,2.4906702409392922,100.13000000000001,0.0,0.0
td3_verified_history,477028847,45.72796872599196,1.0489427609968685,100.12,0.0,0.0
td3_verified_history,477028847,47.326445111185855,6.0004636801489415,100.13000000000001,0.0,0.0
td3_verified_history,477028847,49.42116730790226,1.294238692943995,100.14,0.0,0.0
td3_verified_history,477028847,54.4216500151279,2.144577079833528,100.13000000000001,0.0,0.0
td3_verified_history,477028847,58.0,2.0114835419976353,100.15,0.0,0.0
td3_verified_history,477028847,69.03068659422884,22.637723069669306,100.13000000000001,0.0,0.0
td3_verified_history,477028847,71.81542997687065,19.394559623565925,100.12,0.0,0.0
td3_verified_history,477028847,79.41092966646765,11.817796034677752,100.31,0.0,0.0
td3_verified_history,477028847,84.35661343533768,0.6816141335244228,100.27000000000001,0.0,0.0
td3_verified_history,477028847,89.89006053297182,1.3424104937467876,100.2,0.0,0.0
td3_verified_history,477028847,92.03281706038419,3.59596782751203,100.22000000000001,0.0,0.0
td3_verified_history,477028847,95.34685387042668,3.0604175910533624,100.29,0.0,0.0
td3_verified_history,477028847,96.0,2.703495706479958,100.31,0.0,0.0
td3_verified_history,2091387315,0.0,5.271315677259031,100.12,0.0,0.0
td3_verified_history,2091387315,1.0,7.620780884032186,100.15,0.0,0.0
td3_verified_history,2091387315,11.795646164203381,1.2811637772914883,99.97,0.007672807768855705,0.7672807768855705
td3_verified_history,2091387315,13.598840007271695,1.0709389631642579,100.03,0.0,0.0
td3_verified_history,2091387315,16.34597091616136,1.994021154292303,100.00999999999999,0.0,0.0
td3_verified_history,2091387315,21.769340466404863,10.548890482279315,100.04,0.0,0.0
td3_verified_history,2091387315,24.60644865899391,1.6758472919412772,100.04,0.0,0.0
td3_verified_history,2091387315,27.0,0.44695912318068765,100.09,0.0,0.0
td3_verified_history,2091387315,33.43908952329882,3.54380587165996,100.14,0.0,0.0
td3_verified_history,2091387315,43.26023919915412,4.223764052450913,100.30000000000001,0.0,0.0
td3_verified_history,2091387315,45.0,0.7739441487109899,100.31,0.0,0.0
td3_verified_history,2091387315,46.0,15.0,100.24,0.0,0.0
td3_verified_history,2091387315,50.46265014219302,8.501436031995592,100.18,0.0,0.0
td3_verified_history,2091387315,57.11226856916805,6.11500888244005,100.29,0.0,0.0
td3_verified_history,2091387315,60.267706255652804,2.3832297084652865,100.31,0.0,0.0
td3_verified_history,2091387315,65.0,1.5351321627217833,100.35000000000001,0.0,0.0
td3_verified_history,2091387315,68.0,1.7719512076748916,100.27000000000001,0.0,0.0
td3_verified_history,2091387315,74.4870010058418,1.7093154443318557,100.2,0.0,0.0
td3_verified_history,2091387315,77.32971709624377,0.01846301719863072,100.22000000000001,0.0,0.0
td3_verified_history,2091387315,78.0,1.612382852895823,100.27000000000001,0.0,0.0
td3_verified_history,2091387315,84.0,6.731031778501192,100.24000000000001,0.0,0.0
td3_verified_history,2091387315,92.60126482846736,5.076158033239316,100.29,0.0,0.0
td3_verified_history,2091387315,95.13012809461708,0.6891862827597219,100.29,0.0,0.0
td3_verified_history,2091387315,101.1152476325667,3.6766697586434556,100.31,0.0,0.0
td3_verified_history,2091387315,102.0,0.4153235613158016,100.32000000000001,0.0,0.0
td3_verified_history,2091387315,103.0,2.9014916363918966,100.37,0.0,0.0
td3_verified_history,2091387315,106.75827301058096,3.0,100.41000000000001,0.0,0.0
td3_verified_history,600114455,2.222130509351705,0.27660423753584323,100.15,0.0,0.0
td3_verified_history,600114455,10.077298665521885,4.198774725633863,99.94000000000001,0.019796086125609236,1.9796086125609236
td3_verified_history,600114455,15.102409035654604,11.392801931531334,100.03999999999999,0.0,0.0
td3_verified_history,600114455,19.91487518435452,1.5938545830954012,100.03,0.0,0.0
td3_verified_history,600114455,21.98493895801618,3.1594666258989,100.01,0.0,0.0
td3_verified_history,600114455,22.412695530717638,11.579932548109602,100.05000000000001,0.0,0.0
td3_verified_history,600114455,28.341243054612605,14.436302740893966,100.08000000000001,0.0,0.0
td3_verified_history,600114455,31.165774792286737,13.684748370478863,100.11000000000001,0.0,0.0
td3_verified_history,600114455,36.25753996011453,1.040440998164951,100.21000000000001,0.0,0.0
td3_verified_history,600114455,37.95181277632223,9.833716397255031,100.19000000000001,0.0,0.0
td3_verified_history,600114455,40.0,1.3409746453838958,100.26,0.0,0.0
td3_verified_history,600114455,47.215808502342405,27.0,100.32000000000001,0.0,0.0
td3_verified_history,130407267,0.0,2.872610903994753,100.12,0.0,0.0
td3_verified_history,130407267,3.0583404537878742,1.5363920969424805,100.05,0.08293062754329128,8.293062754329128
td3_verified_history,130407267,8.60476970936445,5.963548819981657,100.13000000000001,0.0,0.0
td3_verified_history,130407267,19.544095541144223,7.142954895770548,99.83000000000001,0.17243214594607537,17.243214594607537
td3_verified_history,130407267,38.310707708024644,5.517152301181556,99.53,0.10574722760001976,10.574722760001976
td3_verified_history,130407267,40.48968155209234,3.9636277184111384,99.54,0.061576542222837816,6.157654222283782
td3_verified_history,130407267,43.138742600723845,0.3718346706409008,99.46000000000001,0.09879126373802194,9.879126373802194
td3_verified_history,130407267,45.2427984553993,7.419165355282414,99.43,0.15471641433855154,15.471641433855154
td3_verified_history,130407267,49.363229743155834,3.948788206255238,99.56,0.008353272326928618,0.8353272326928618
td3_verified_history,130407267,56.905232745753636,10.867245106747928,99.52000000000001,0.0018426119509769023,0.18426119509769023
td3_verified_history,130407267,61.465855371734854,0.5196103434509421,99.47000000000001,0.014476053148513301,1.4476053148513301
td3_verified_history,130407267,63.995671309883086,23.409986550800024,99.53,0.0,0.0
td3_verified_history,130407267,65.86173780846273,1.0,99.56,0.0,0.0
td3_verified_history,130407267,66.10160914715995,0.8572465042728812,99.53999999999999,0.0,0.0
td3_verified_history,130407267,67.05666530931343,4.0,99.56,0.0,0.0
td3_verified_history,130407267,70.0,2.0,99.5,0.0,0.0
td3_verified_history,130407267,82.0,1.329955777388659,99.61000000000001,0.0,0.0
td3_verified_history,130407267,86.0,2.918131146158885,99.57,0.0,0.0
td3_verified_history,130407267,88.0,1.1012188270579195,99.65,0.0,0.0
td3_verified_history,130407267,90.6964476307102,3.2840401820982636,99.72,0.0,0.0
td3_verified_history,130407267,96.02739450280065,2.67169636532964,99.59,0.0,0.0
td3_verified_history,130407267,98.2953567232383,2.944653713515743,99.59,0.0,0.0
td3_verified_history,130407267,106.69788572349347,1.0,99.59,0.0,0.0
td3_verified_history,130407267,113.25940455604324,1.0,99.51,0.0,0.0
td3_verified_history,1707786086,0.0,0.29953655750972996,100.12,0.0,0.0
td3_verified_history,1707786086,1.0,1.834760145462494,100.13000000000001,0.0,0.0
td3_verified_history,1707786086,3.0496483718699485,4.686185993954809,99.91,0.07475805192927965,7.4758051929279645
td3_verified_history,1707786086,7.0,1.666503866493464,99.97000000000001,0.0,0.0
td3_verified_history,1707786086,10.013726631223863,0.311042219898094,100.16000000000001,0.0,0.0
td3_verified_history,1707786086,13.479588928493136,1.0615862820477628,100.07000000000001,0.0,0.0
td3_verified_history,1707786086,16.633827145650837,1.2142601618074291,100.09,0.0,0.0
td3_verified_history,1707786086,18.0,0.8567971088566727,100.10000000000001,0.0,0.0
td3_verified_history,1707786086,26.0,1.1555292246235784,100.28,0.0,0.0
td3_verified_history,1707786086,28.0,0.29355569681104965,100.28,0.0,0.0
td3_verified_history,1707786086,32.0,5.418184998006939,100.25,0.0,0.0
td3_verified_history,1707786086,34.0,1.893531909175497,100.21000000000001,0.0,0.0
td3_verified_history,1707786086,35.0,0.48532206238909315,100.24000000000001,0.0,0.0
td3_verified_history,1707786086,36.0,2.236467402659386,100.22000000000001,0.0,0.0
td3_verified_history,1707786086,37.0,1.0,100.25,0.0,0.0
td3_verified_history,1707786086,43.0,2.882801426099643,100.2,0.0,0.0
td3_verified_history,1707786086,44.0,0.2016864919054735,100.2,0.0,0.0
td3_verified_history,1707786086,45.11098097875819,3.3353984776249543,100.21000000000001,0.0,0.0
td3_verified_history,1707786086,48.331175449608416,2.9656975903626375,100.14,0.0,0.0
td3_verified_history,1707786086,49.13580686220019,4.810188699909276,100.16000000000001,0.0,0.0
td3_verified_history,1707786086,50.089072385261105,0.09429874124878346,100.14,0.0,0.0
td3_verified_history,1707786086,51.0,2.5596349621438845,100.10000000000001,0.0,0.0
td3_verified_history,1707786086,56.54124726759958,15.330154338438854,100.01,0.0,0.0
td3_verified_history,1707786086,57.627044450697326,0.22120701816538496,100.05000000000001,0.0,0.0
td3_verified_history,1707786086,67.6101183892322,1.4491004376407333,100.02000000000001,0.0,0.0
td3_verified_history,1707786086,68.2460382986287,8.296255257424296,100.01,0.0,0.0
td3_verified_history,1707786086,70.0,0.22355744699367824,100.02000000000001,0.0,0.0
td3_verified_history,1707786086,73.0,2.1564860363831966,100.04,0.0,0.0
td3_verified_history,1707786086,76.04849226601723,4.223648750203421,100.0,0.0,0.0
td3_verified_history,1707786086,78.44456232810826,9.230564872612936,100.03,0.0,0.0
td3_verified_history,1707786086,82.37751407419265,7.989048154507716,100.01,0.0,0.0
td3_verified_history,1707786086,88.18487913953825,0.030540482558359727,100.10000000000001,0.0,0.0
td3_verified_history,1707786086,93.17866684268164,9.0,100.2,0.0,0.0
td3_verified_history,1234640717,0.0,4.316347859403454,100.12,0.0,0.0
td3_verified_history,1234640717,5.0,1.013779722515624,100.17,0.0,0.0
td3_verified_history,1234640717,10.814057605951525,2.066910551059144,100.12,0.0,0.0
td3_verified_history,1234640717,16.0,5.9276496866321065,99.96000000000001,0.07959140009600674,7.959140009600674
td3_verified_history,1234640717,19.350594752669334,3.9331752828203874,99.81,0.20199853261769363,20.199853261769363
td3_verified_history,1234640717,27.0,7.445846296608299,99.81,0.18369249925456188,18.369249925456188
td3_verified_history,1234640717,28.082560637889156,19.447982029021155,99.79,0.2368657378071788,23.68657378071788
td3_verified_history,1234640717,36.21380942070972,2.4718789743217844,99.91000000000001,0.06639006023331717,6.639006023331717
td3_verified_history,1234640717,38.0,1.801319920220356,99.88000000000001,0.050512088477560724,5.051208847756072
td3_verified_history,1234640717,42.3912909448801,5.202762797603965,99.96000000000001,0.0,0.0
td3_verified_history,1234640717,43.87340705837923,0.1975196089251821,99.94000000000001,0.0,0.0
td3_verified_history,1234640717,44.66460786704145,4.5695122252325975,99.94000000000001,0.0,0.0
td3_verified_history,1234640717,48.006865718289106,13.55912754620527,99.87,0.0,0.0
td3_verified_history,1234640717,61.75435860398675,1.0,99.9,0.0,0.0
td3_verified_history,1234640717,65.0,5.630736415139331,99.89,0.0,0.0
td3_verified_history,1234640717,67.0,4.0,99.94000000000001,0.0,0.0
td3_verified_history,1234640717,74.77716942760883,3.2309611580954796,99.89,0.0,0.0
td3_verified_history,1234640717,76.15532175540243,5.0,99.94000000000001,0.0,0.0
td3_verified_history,1234640717,82.02313628976032,2.5455110957175644,99.94,0.0,0.0
td3_verified_history,1234640717,83.62391811593479,4.6099204859366685,100.03,0.0,0.0
td3_verified_history,1234640717,87.727744822608,2.0,99.92,0.0,0.0
td3_verified_history,547092092,0.0,5.667025943670531,100.12,0.0,0.0
td3_verified_history,547092092,2.0,5.2054790586216555,100.14,0.0,0.0
td3_verified_history,547092092,3.8754938921532385,0.037206018202305124,100.12,0.0,0.0
td3_verified_history,547092092,6.019371880634971,4.988345237788488,100.12,0.0,0.0
td3_verified_history,547092092,13.861916797720102,5.712789367399815,100.01,0.0,0.0
td3_verified_history,547092092,14.649229010194983,1.9969978905554522,99.96000000000001,0.0,0.0
td3_verified_history,547092092,17.06820053374438,2.9003416824409065,99.84,0.0,0.0
td3_verified_history,547092092,20.369389669295053,1.2395825355569625,99.81,0.0,0.0
td3_verified_history,547092092,23.28925021995089,17.294868575599413,99.69000000000001,0.09847567575826588,9.847567575826588
td3_verified_history,547092092,25.713383542621838,1.0762630058731613,99.68,0.09428816587069377,9.428816587069377
td3_verified_history,547092092,28.297692800772975,2.796493595841775,99.71000000000001,0.09145166180378794,9.145166180378794
td3_verified_history,547092092,33.0967615841887,17.65621118274127,99.54,0.17013431051674388,17.013431051674388
td3_verified_history,547092092,40.2769717852603,0.35081781556755076,99.54,0.0,0.0
td3_verified_history,547092092,42.102876964989235,1.5576924426520873,99.49000000000001,0.0,0.0
td3_verified_history,547092092,47.81864534128082,0.2848542247708449,99.5,0.0,0.0
td3_verified_history,547092092,49.59949082957511,0.3768061093682737,99.58000000000001,0.0,0.0
td3_verified_history,547092092,51.00190830261627,4.561810943970853,99.54,0.0,0.0
td3_verified_history,547092092,52.0,0.8852161313748711,99.55000000000001,0.0,0.0
td3_verified_history,547092092,56.11500145876549,0.9300652044179656,99.52000000000001,0.0,0.0
td3_verified_history,547092092,58.42982231842898,1.7977338677549444,99.51,0.0,0.0
td3_verified_history,547092092,59.02455243155877,4.068067665504019,99.5,0.0,0.0
td3_verified_history,547092092,63.16662373394602,1.0,99.53,0.0,0.0
td3_verified_history,547092092,70.0,8.0,99.5,0.0,0.0
td3_verified_history,547092092,77.0,7.680213910363958,99.56,0.0,0.0
td3_verified_history,547092092,83.06776744579133,1.0,99.66,0.0,0.0
td3_verified_history,129130662,5.191762301235622,4.294701333899092,100.08,0.0071082776367887845,0.7108277636788785
td3_verified_history,129130662,7.226563709845333,3.541484617550439,100.11000000000001,0.0,0.0
td3_verified_history,129130662,12.237261699131535,1.539733501535387,100.11000000000001,0.0,0.0
td3_verified_history,129130662,15.544810461720154,6.29026445985763,100.14,0.0,0.0
td3_verified_history,129130662,18.402075571838573,3.6240052662016273,100.02000000000001,0.0038605572500500784,0.38605572500500784
td3_verified_history,129130662,19.0,9.257204502042207,100.09,0.0,0.0
td3_verified_history,129130662,20.81914247888721,1.4709822287163983,100.12,0.0,0.0
td3_verified_history,129130662,21.653878195807586,5.877799690198788,100.09,0.0,0.0
td3_verified_history,129130662,22.67372961572859,0.8462276958319979,100.13000000000001,0.0,0.0
td3_verified_history,129130662,23.0,1.6412618746283407,100.13000000000001,0.0,0.0
td3_verified_history,129130662,24.0,2.0769426118395717,100.17,0.0,0.0
td3_verified_history,129130662,25.0,3.1822867451000354,100.18,0.0,0.0
td3_verified_history,129130662,26.402470411016253,3.0,100.11,0.0,0.0
td3_verified_history,129130662,28.58515768921108,6.6854030374365845,100.17,0.0,0.0
td3_verified_history,129130662,31.303994409441984,1.6335220859610118,100.11000000000001,0.0,0.0
td3_verified_history,129130662,35.025058713541526,0.290777393944996,100.17,0.0,0.0
td3_verified_history,129130662,36.0,5.5030538826444495,100.18,0.0,0.0
td3_verified_history,129130662,37.0,4.546852656805419,100.15,0.0,0.0
td3_verified_history,129130662,38.0,1.0417554256934005,100.16000000000001,0.0,0.0
td3_verified_history,129130662,39.68196247437163,1.029571651432736,100.1,0.0,0.0
td3_verified_history,129130662,43.90839907260075,5.419885376256374,100.15,0.0,0.0
td3_verified_history,129130662,44.77883303375528,6.570400966895622,100.09,0.0,0.0
td3_verified_history,129130662,48.22256808401404,1.3986007189373992,100.12,0.0,0.0
td3_verified_history,129130662,49.092697041075674,9.02202155148312,100.1,0.0,0.0
td3_verified_history,129130662,50.64810620974899,2.743222721250488,100.08,0.0,0.0
td3_verified_history,129130662,51.59511710784214,7.0,100.11,0.0,0.0
td3_verified_history,869874735,0.0,0.021635142585359035,100.12,0.0,0.0
td3_verified_history,869874735,3.877683053541065,1.0986152391295683,100.05000000000001,0.0,0.0
td3_verified_history,869874735,4.738172701488425,7.5419158875237144,99.99000000000001,0.0,0.0
td3_verified_history,869874735,7.488469889898642,0.2169771218716698,99.97000000000001,0.0,0.0
td3_verified_history,869874735,10.0,4.364645790411391,99.96000000000001,0.0,0.0
td3_verified_history,869874735,13.0,6.469338938804282,99.93,0.0,0.0
td3_verified_history,869874735,17.751602251761348,2.9949714583127545,99.89,0.0,0.0
td3_verified_history,869874735,19.25137027959726,4.878297981614019,100.07000000000001,0.0,0.0
td3_verified_history,869874735,21.959450035618836,2.093858302111159,100.07000000000001,0.0,0.0
td3_verified_history,869874735,28.90847525127706,10.802822040940995,100.10000000000001,0.0,0.0
td3_verified_history,869874735,37.98390145521455,2.5036886090986026,100.03,0.0,0.0
td3_verified_history,869874735,39.394389513781036,0.6556333448539811,100.04,0.0,0.0
td3_verified_history,869874735,40.26563699115348,0.09190665700895087,100.02000000000001,0.0,0.0
td3_verified_history,869874735,46.15606454390437,9.677947000390802,100.06,0.0,0.0
td3_verified_history,869874735,48.1650558828992,1.102468509566325,100.02000000000001,0.0,0.0
td3_verified_history,869874735,49.15383065679711,21.954835725263216,99.97,0.0,0.0
td3_verified_history,869874735,52.99800970829413,7.8400615964776055,99.94000000000001,0.0,0.0
td3_verified_history,869874735,56.53695693084858,1.4627204647298206,99.82,0.10072489080710056,10.072489080710056
td3_verified_history,869874735,57.0,0.001397279779015187,99.86,0.04776618755295203,4.776618755295203
td3_verified_history,869874735,83.0,1.010830418183698,100.37,0.0,0.0
td3_verified_history,869874735,84.0,0.10825906283639483,100.43,0.0,0.0
td3_verified_history,869874735,86.31922518417953,1.4433825784943315,100.45,0.0,0.0
td3_verified_history,869874735,88.1145362848727,1.1019818882854078,100.53,0.0,0.0
td3_verified_history,869874735,90.17897347501452,7.871192296967771,100.62,0.0,0.0
td3_verified_history,869874735,91.93679374909591,1.8787068045940893,100.59,0.0,0.0
td3_verified_history,2659191,2.5488718883571893,0.46568813274332027,100.16000000000001,0.0,0.0
td3_verified_history,2659191,4.0,1.0,100.08,0.0915085248889369,9.15085248889369
td3_verified_history,2659191,11.129483312111901,0.16006673884625416,100.16000000000001,0.0,0.0
td3_verified_history,2659191,12.93349504684376,3.0765896195294333,100.17,0.0,0.0
td3_verified_history,2659191,14.147143502723425,14.643375262778475,100.13000000000001,0.0,0.0
td3_verified_history,2659191,16.823673034176966,1.3129899825966553,99.96000000000001,0.12097926495074773,12.097926495074773
td3_verified_history,2659191,18.619495194839402,1.2660229286958615,99.95,0.09837990919629647,9.837990919629647
td3_verified_history,2659191,19.269800075614192,2.30816881388562,99.81,0.3236664899783932,32.36664899783932
td3_verified_history,2659191,21.137865648639487,7.343609952729128,99.88000000000001,0.2334517918320813,23.34517918320813
td3_verified_history,2659191,23.59577905191461,1.2823493922210463,99.85000000000001,0.2055180086938293,20.55180086938293
td3_verified_history,2659191,26.375477895871125,7.308373622616454,99.81,0.17814481874407306,17.814481874407306
td3_verified_history,2659191,31.588402957269906,1.214777571666501,99.85000000000001,0.16072715575694474,16.072715575694474
td3_verified_history,2659191,35.248377579240966,0.2976391018936154,99.94000000000001,0.0,0.0
td3_verified_history,2659191,36.0,1.1084331616005263,99.91000000000001,0.0,0.0
td3_verified_history,2659191,37.52919287354841,1.787145979612581,99.88000000000001,0.0,0.0
td3_verified_history,2659191,38.30923127576004,1.367788324821505,99.88000000000001,0.0,0.0
td3_verified_history,2659191,41.11351418178254,5.407192874703749,99.95,0.0,0.0
td3_verified_history,2659191,59.15855802687642,3.9994594061591333,99.92,0.0,0.0
td3_verified_history,2659191,60.42530351506503,1.5996311508090513,99.9,0.0,0.0
td3_verified_history,2659191,65.26328278146515,6.199239619215298,99.89,0.0,0.0
td3_verified_history,2659191,69.0,9.0,99.91000000000001,0.0,0.0
td3_verified_history,2659191,73.0,0.8798102436942854,99.9,0.0,0.0
td3_verified_history,2659191,74.0,4.308937843631428,99.96000000000001,0.0,0.0
td3_verified_history,2659191,75.0,2.2838990337548744,99.93,0.0,0.0
td3_verified_history,2659191,88.04599638210856,1.3210649306526703,100.01,0.0,0.0
td3_verified_history,2659191,89.0,7.169718668563325,100.01,0.0,0.0
td3_verified_history,2659191,90.0,0.8447400521145536,100.06,0.0,0.0
td3_verified_history,2659191,91.0,0.2093927550768297,100.16,0.0,0.0
td3_verified_history,2659191,92.20954727617857,2.8290452667140085,100.10000000000001,0.0,0.0
td3_verified_history,2659191,99.0,4.916545022047001,100.16,0.0,0.0
td3_verified_history,2659191,104.95046255421649,0.8282066586469503,100.04,0.0,0.0
td3_verified_history,2659191,109.15724620873839,1.6696229466359855,99.99000000000001,0.0,0.0
td3_verified_history,1388619451,0.0,11.263640549783235,100.12,0.0,0.0
td3_verified_history,1388619451,7.751798531836773,3.7551237096503125,99.97000000000001,0.015468689075760267,1.5468689075760267
td3_verified_history,1388619451,8.61563592719201,2.419623078711662,99.97,0.05141718817860408,5.141718817860408
td3_verified_history,1388619451,14.751582650771304,5.789200724334971,99.94,0.0,0.0
td3_verified_history,1388619451,15.573295102260172,8.656396035853854,99.97000000000001,0.0,0.0
td3_verified_history,1388619451,16.9038757543164,5.800472015368658,99.98,0.0,0.0
td3_verified_history,1388619451,21.0,0.16367987872892087,100.02,0.0,0.0
td3_verified_history,1388619451,23.389080407027528,17.161872970661435,100.13000000000001,0.0,0.0
td3_verified_history,1388619451,29.80193611999987,0.7867005119677319,100.06,0.0,0.0
td3_verified_history,1388619451,34.20661107571408,2.469916382082064,100.01,0.017111907078430022,1.7111907078430022
td3_verified_history,1388619451,35.0,6.487489006566559,100.01,0.013637883271755413,1.3637883271755413
td3_verified_history,1388619451,36.0,1.3541551606774302,100.03,0.0,0.0
td3_verified_history,1388619451,42.122763722015335,21.64056952583022,100.03,0.0,0.0
td3_verified_history,1388619451,45.0,0.9311998751344349,100.09,0.0,0.0
td3_verified_history,1388619451,56.93438962709971,0.7589261440731461,99.88,0.07693606482641258,7.693606482641258
td3_verified_history,1388619451,58.30698006162888,1.939810367064312,99.83000000000001,0.15265591883900242,15.265591883900242
td3_verified_history,1388619451,66.3630618222087,8.0,100.31,0.0,0.0
td3_verified_history,1896247783,2.9299084790990992,2.129084863095614,100.10000000000001,0.0,0.0
td3_verified_history,1896247783,4.147176228070516,4.340835512266196,99.99000000000001,0.0,0.0
td3_verified_history,1896247783,5.0,4.106102926086488,100.0,0.0,0.0
td3_verified_history,1896247783,15.0,4.535308298148689,99.97000000000001,0.0,0.0
td3_verified_history,1896247783,16.0,24.255424557234793,99.98,0.0,0.0
td3_verified_history,1896247783,20.0,5.317357280680721,100.07000000000001,0.0,0.0
td3_verified_history,1896247783,22.728038645675937,6.564444750907642,100.10000000000001,0.0,0.0
td3_verified_history,1896247783,23.622850096071673,2.445326839509512,100.13000000000001,0.0,0.0
td3_verified_history,1896247783,26.129706798563628,9.307098902265954,100.09,0.0,0.0
td3_verified_history,1896247783,28.26548015413669,0.06958266139326216,100.10000000000001,0.0,0.0
td3_verified_history,1896247783,30.41428089116456,0.9703735862914429,100.04,0.0,0.0
td3_verified_history,1896247783,32.790865195698906,1.0561729098968957,100.01,0.0,0.0
td3_verified_history,1896247783,35.60345467621133,2.465376956822391,100.01,0.0,0.0
td3_verified_history,1896247783,36.35859369060284,0.05678854100277647,100.03,0.0,0.0
td3_verified_history,1896247783,47.02730811245188,2.4647407632443654,100.03,0.0,0.0
td3_verified_history,1896247783,48.0,9.889978495452262,100.02000000000001,0.0,0.0
td3_verified_history,1896247783,55.59581823865524,1.9740342991920037,99.85,0.014959591588507237,1.4959591588507237
td3_verified_history,1896247783,63.409270232105946,3.1186827656606595,99.86,0.0,0.0
td3_verified_history,1896247783,64.0,1.579769856320643,100.2,0.0,0.0
td3_verified_history,1896247783,75.22473918460588,1.9239234246223376,100.59,0.0,0.0
td3_verified_history,1896247783,78.0381768121796,1.8471298986757567,100.38000000000001,0.0,0.0
td3_verified_history,1896247783,80.0,0.03198559970415593,100.45,0.0,0.0
td3_verified_history,1896247783,82.0,5.115279908517337,100.43,0.0,0.0
td3_verified_history,1896247783,83.29213395736119,0.28855505283822164,100.37,0.0,0.0
td3_verified_history,1896247783,85.19170146963623,4.0,100.46000000000001,0.0,0.0
td3_verified_history,1565021161,0.0,2.7537223484686897,100.12,0.0,0.0
td3_verified_history,1565021161,4.936127419677248,1.5233555015385694,100.08000000000001,0.0,0.0
td3_verified_history,1565021161,9.286880243793874,0.27100584900208113,100.11000000000001,0.0,0.0
td3_verified_history,1565021161,14.703261944958598,1.7643850695333836,99.99000000000001,0.0071046788593349675,0.7104678859334967
td3_verified_history,1565021161,15.393514110419044,3.420318626911781,100.01,0.0,0.0
td3_verified_history,1565021161,17.61465125943933,1.2049888008662055,100.06,0.0,0.0
td3_verified_history,1565021161,18.0,0.27759467507039515,100.09,0.0,0.0
td3_verified_history,1565021161,19.622063049656237,1.3906485789530107,100.04,0.0,0.0
td3_verified_history,1565021161,20.0,1.8667218661120861,100.09,0.0,0.0
td3_verified_history,1565021161,22.084283661303193,0.7408416589648411,100.07000000000001,0.0,0.0
td3_verified_history,1565021161,33.28260976554585,0.550017395845718,100.04,0.0,0.0
td3_verified_history,1565021161,40.48004810922298,1.9805424603572697,100.11000000000001,0.0,0.0
td3_verified_history,1565021161,45.2342977845498,7.592909057169769,100.10000000000001,0.0,0.0
td3_verified_history,1565021161,46.0,0.6684082028735079,100.13000000000001,0.0,0.0
td3_verified_history,1565021161,47.22456565225363,1.7465969582761816,100.17,0.0,0.0
td3_verified_history,1565021161,48.0,1.3384717473909953,100.18,0.0,0.0
td3_verified_history,1565021161,54.76473244970201,10.495628476797798,100.22000000000001,0.0,0.0
td3_verified_history,1565021161,61.01619708073026,9.910492172488715,100.45,0.0,0.0
td3_verified_history,1565021161,63.90983544845339,0.8081275351170784,100.45,0.0,0.0
td3_verified_history,1565021161,64.093876050347,5.753098136237088,100.37,0.0,0.0
td3_verified_history,1565021161,66.02259281926263,2.647044107287437,100.31,0.0,0.0
td3_verified_history,1565021161,69.85808985590864,6.997474236136087,100.55000000000001,0.0,0.0
td3_verified_history,1565021161,70.82931721186364,0.34203660520374524,100.46000000000001,0.0,0.0
td3_verified_history,1565021161,71.33842142159943,0.6725908460169945,100.42,0.0,0.0
td3_verified_history,1565021161,73.46853477458194,3.5765819423888203,100.45,0.0,0.0
td3_verified_history,1565021161,81.0,2.7935952808887095,100.54,0.0,0.0
td3_verified_history,1565021161,84.80129219058666,0.3111837725501253,100.46000000000001,0.0,0.0
td3_verified_history,1565021161,90.17819236375601,2.5337444918562273,100.16000000000001,0.0,0.0
td3_verified_history,1565021161,96.68208936462703,4.241534945043671,100.19000000000001,0.0,0.0
td3_verified_history,1565021161,97.34390467425268,0.01570748965193125,100.09,0.0,0.0
td3_verified_history,1565021161,99.68786415523144,0.3626521965538487,99.99000000000001,0.0,0.0
td3_verified_history,1565021161,100.16200828514134,11.17665437671529,100.04,0.0,0.0
td3_verified_history,1565021161,102.5212935441738,1.6914370652417439,99.93,0.0,0.0
td3_verified_history,1565021161,109.55846798912891,0.8875184818643052,100.13,0.0,0.0
td3_verified_history,1565021161,110.0,2.7335549333666016,100.16,0.0,0.0
td3_verified_history,1565021161,112.601526506623,2.0,100.03000000000002,0.0,0.0
td3_verified_history,1254099581,0.0,2.157005214829234,100.05,0.0,0.0
td3_verified_history,1254099581,1.0,0.14315434857367076,100.15,0.0,0.0
td3_verified_history,1254099581,3.4759841497191415,12.950431504884689,100.12,0.0,0.0
td3_verified_history,1254099581,4.0,1.9149095493201351,99.97000000000001,0.0,0.0
td3_verified_history,1254099581,5.680284290409089,4.444691922208922,99.99,0.0,0.0
td3_verified_history,1254099581,8.54920031994174,1.5158350380412149,100.0,0.0,0.0
td3_verified_history,1254099581,9.066815913204449,1.0353061093132654,99.98,0.0,0.0
td3_verified_history,1254099581,14.195428398116224,2.339243171296945,100.04,0.0,0.0
td3_verified_history,1254099581,24.50876647393862,2.511092229312788,100.03,0.0,0.0
td3_verified_history,1254099581,28.527719548573874,0.2975999903629184,100.08000000000001,0.0,0.0
td3_verified_history,1254099581,32.37427292595876,1.9816412072598997,100.05000000000001,0.0,0.0
td3_verified_history,1254099581,33.46389568013019,2.616745101959658,100.13,0.0,0.0
td3_verified_history,1254099581,38.0,2.305678450602881,100.2,0.0,0.0
td3_verified_history,1254099581,41.37622702746877,0.8830307102831225,100.22000000000001,0.0,0.0
td3_verified_history,1254099581,49.33057059130391,2.862583331182237,100.24000000000001,0.0,0.0
td3_verified_history,1254099581,50.40515153200102,2.2979249134991693,100.18,0.0,0.0
td3_verified_history,1254099581,52.1204021440635,7.318617244578349,100.21000000000001,0.0,0.0
td3_verified_history,1254099581,53.773785739024305,2.430195445038609,100.17,0.0,0.0
td3_verified_history,1254099581,60.32323343393285,1.8493873036222166,100.31,0.0,0.0
td3_verified_history,1254099581,62.962782996738596,4.234435723966657,100.33000000000001,0.0,0.0
td3_verified_history,1254099581,69.31164577274878,3.294166704708404,100.14,0.0,0.0
td3_verified_history,1254099581,70.75970318079837,4.062050255528675,100.15,0.0,0.0
td3_verified_history,1254099581,73.27771033319371,0.11348385172714526,100.17,0.0,0.0
td3_verified_history,1254099581,76.46174894200854,1.049223986319861,100.19,0.0,0.0
td3_verified_history,1254099581,77.4902371827109,1.9014363179121474,100.22000000000001,0.0,0.0
td3_verified_history,1254099581,78.0,0.7956628397006165,100.27000000000001,0.0,0.0
td3_verified_history,1254099581,83.0,4.955483752770931,100.27000000000001,0.0,0.0
td3_verified_history,1254099581,84.0,3.4082922450537154,100.24000000000001,0.0,0.0
td3_verified_history,1254099581,85.0,5.912475253632633,100.22000000000001,0.0,0.0
td3_verified_history,1254099581,86.0,3.2317713827461096,100.21000000000001,0.0,0.0
td3_verified_history,1254099581,87.0,6.295120177143651,100.22000000000001,0.0,0.0
td3_verified_history,1254099581,88.19163443556705,3.4839398661779075,100.23,0.0,0.0
td3_verified_history,1254099581,92.0,2.967772430480994,100.28,0.0,0.0
td3_verified_history,319884394,9.631703435657649,2.5324518495770296,100.0,0.0,0.0
td3_verified_history,319884394,10.90012057433717,1.2533341561120617,100.16000000000001,0.0,0.0
td3_verified_history,319884394,13.022623802394444,1.293346650696195,100.07000000000001,0.0,0.0
td3_verified_history,319884394,16.866631675676295,0.46438608242344115,100.09,0.0,0.0
td3_verified_history,319884394,19.756212958612977,3.73096632529463,100.10000000000001,0.0,0.0
td3_verified_history,319884394,21.016666406833217,1.903340871703333,100.14,0.0,0.0
td3_verified_history,319884394,28.243755391423353,2.0236530243976416,100.28,0.0,0.0
td3_verified_history,319884394,29.0,2.1104364577106565,100.26,0.0,0.0
td3_verified_history,319884394,30.0,0.2131545190519595,100.23,0.0,0.0
td3_verified_history,319884394,35.05713199211558,0.4672603676183128,100.24000000000001,0.0,0.0
td3_verified_history,319884394,42.24448636717329,0.7638241545332859,100.23,0.0,0.0
td3_verified_history,319884394,43.0,0.22349639169832877,100.2,0.0,0.0
td3_verified_history,319884394,45.862986833557564,1.5499856824996399,100.21000000000001,0.0,0.0
td3_verified_history,319884394,46.91566214561476,6.3730545771228115,100.2,0.0,0.0
td3_verified_history,319884394,48.687688493309565,6.479753417330617,100.14,0.0,0.0
td3_verified_history,319884394,51.902556102827745,2.6391185908986623,100.10000000000001,0.0,0.0
td3_verified_history,319884394,56.2485161385167,27.697796668874105,100.01,0.0,0.0
td3_verified_history,319884394,68.10092550081704,1.0488957629725029,100.01,0.0,0.0
td3_verified_history,319884394,71.0,0.7992092992094364,100.06,0.0,0.0
td3_verified_history,319884394,72.0,0.8973757632460394,100.01,0.0,0.0
td3_verified_history,319884394,73.0,2.6600176607914503,100.04,0.0,0.0
td3_verified_history,319884394,74.0,3.8277022072437084,100.03,0.0,0.0
td3_verified_history,319884394,76.38682324126773,1.0,100.0,0.0,0.0
td3_verified_history,319884394,82.0,3.842287110472202,100.07000000000001,0.0,0.0
td3_verified_history,319884394,83.0,0.482727894030178,100.07000000000001,0.0,0.0
td3_verified_history,319884394,85.0,0.3622496210179952,100.02000000000001,0.0,0.0
td3_verified_history,319884394,88.85600825472082,0.6580340820134644,100.11000000000001,0.0,0.0
td3_verified_history,319884394,90.1069352851977,1.6529851899999857,100.15,0.0,0.0
td3_verified_history,319884394,91.5138222439246,10.40726513422026,100.18,0.0,0.0
td3_verified_history,319884394,93.64217805682517,2.917504138077433,100.2,0.0,0.0
td3_verified_history,319884394,94.15518527360922,7.0,100.26,0.0,0.0
td3_verified_history,257706682,4.0,4.6622832064386195,100.02000000000001,0.0,0.0
td3_verified_history,257706682,7.0,0.6217392712885346,100.04,0.0,0.0
td3_verified_history,257706682,13.588558750092371,1.7868494038111873,100.19000000000001,0.0,0.0
td3_verified_history,257706682,17.35973298454317,1.090019664979827,100.12,0.0,0.0
td3_verified_history,257706682,20.194419612401834,1.0378313511881032,100.27000000000001,0.0,0.0
td3_verified_history,257706682,23.0,1.8933533232173736,100.28,0.0,0.0
td3_verified_history,257706682,24.0,1.6514110221143252,100.28,0.0,0.0
td3_verified_history,257706682,25.0,3.3794752344914434,100.25,0.0,0.0
td3_verified_history,257706682,30.139347706390346,1.1467093015953154,100.19000000000001,0.0,0.0
td3_verified_history,257706682,31.0,2.2581497958105325,100.22000000000001,0.0,0.0
td3_verified_history,257706682,37.18662339550442,6.062455617161341,100.43,0.0,0.0
td3_verified_history,257706682,38.0,1.6952331677365453,100.38000000000001,0.0,0.0
td3_verified_history,257706682,39.0,1.0,100.32000000000001,0.0,0.0
td3_verified_history,257706682,43.79896439439764,28.280337831180212,100.39,0.0,0.0
td3_verified_history,257706682,55.38753395228309,2.6301271480182296,100.55000000000001,0.0,0.0
td3_verified_history,257706682,57.0,0.11836875577876727,100.51,0.0,0.0
td3_verified_history,257706682,62.31996072380556,3.7827884679288273,100.37,0.0,0.0
td3_verified_history,257706682,64.0,7.666794960908172,100.44000000000001,0.0,0.0
td3_verified_history,257706682,67.41354698827051,3.0227378874144093,100.46000000000001,0.0,0.0
td3_verified_history,257706682,72.25921588850994,1.1547843246344922,100.32000000000001,0.0,0.0
td3_verified_history,257706682,73.0,6.839400759616216,100.26,0.0,0.0
td3_verified_history,257706682,76.83672119596176,0.31876431513113584,100.35000000000001,0.0,0.0
td3_verified_history,257706682,83.05097574530176,0.5650536767751557,100.4,0.0,0.0
td3_verified_history,257706682,88.54123982849272,1.5422676958035715,100.33000000000001,0.0,0.0
td3_verified_history,257706682,93.1217400890431,2.0,100.32000000000001,0.0,0.0
td3_verified_history,257706682,94.27855809152017,2.5204220483394666,100.37,0.0,0.0
td3_verified_history,257706682,103.4312858579539,1.4992700328227533,100.51,0.0,0.0
td3_verified_history,257706682,105.32805889968022,1.4303598025574562,100.58000000000001,0.0,0.0
td3_verified_history,257706682,111.09020475942522,0.32568005022832786,100.57000000000001,0.0,0.0
td3_verified_history,257706682,113.25723658991494,2.1497878985653203,100.52000000000001,0.0,0.0
td3_verified_history,587003630,0.0,7.103114479727095,100.12,0.0,0.0
td3_verified_history,587003630,5.626382194409819,12.130439021377809,100.09,0.0,0.0
td3_verified_history,587003630,10.0,4.904555380319131,100.14,0.03724622254625842,3.7246222546258423
td3_verified_history,587003630,18.0,2.2113998016196446,100.06,0.034938547319654845,3.4938547319654845
td3_verified_history,587003630,20.23365852717501,2.7554459056952965,100.09,0.0015513206489288223,0.15513206489288223
td3_verified_history,587003630,21.654776519090664,5.094078724518185,100.04,0.07473902081970607,7.473902081970607
td3_verified_history,587003630,22.370610891261084,1.1412742719324576,100.07000000000001,0.022611073828571193,2.2611073828571193
td3_verified_history,587003630,23.93479894200229,0.026726027222089277,100.03999999999999,0.030374637861498854,3.0374637861498854
td3_verified_history,587003630,31.45470040725051,3.396045139164684,99.94000000000001,0.09652423484293138,9.652423484293138
td3_verified_history,587003630,32.17924025677475,5.7023727470746675,99.88000000000001,0.1587997607029621,15.879976070296209
td3_verified_history,587003630,39.39021801296464,6.0336322566920195,100.11000000000001,0.0,0.0
td3_verified_history,587003630,41.60987005253908,7.056869277301084,100.04,0.021875764193808322,2.1875764193808322
td3_verified_history,587003630,44.34684034586669,1.0,100.13,0.0,0.0
td3_verified_history,587003630,49.95763150552822,1.51970377109393,100.15,0.0,0.0
td3_verified_history,587003630,51.67831826370089,1.900434399311915,100.21000000000001,0.0,0.0
td3_verified_history,587003630,55.161752344820144,1.6010844107355473,100.23,0.0,0.0
td3_verified_history,587003630,56.0,0.34744820575356544,100.25,0.0,0.0
td3_verified_history,587003630,61.25463077624954,7.794987496838914,100.45,0.0,0.0
td3_verified_history,587003630,66.49047503476054,2.99953768112104,100.31,0.0,0.0
td3_verified_history,587003630,69.2469318139092,0.9252569783734774,100.55000000000001,0.0,0.0
td3_verified_history,587003630,70.39516702653452,1.511006559906133,100.46000000000001,0.0,0.0
td3_verified_history,587003630,74.4954956536351,1.9445715170692037,100.47000000000001,0.0,0.0
td3_verified_history,587003630,77.85527746798208,1.1491085063795032,100.58000000000001,0.0,0.0
td3_verified_history,587003630,79.20721965136607,0.6102989048693644,100.59,0.0,0.0
td3_verified_history,587003630,85.49280195405873,7.656298580672189,100.38000000000001,0.0,0.0
td3_verified_history,587003630,89.51923247865453,0.457322303285147,100.32000000000001,0.0,0.0
td3_verified_history,587003630,96.0921078745099,1.6331414521969232,100.19000000000001,0.0,0.0
td3_verified_history,587003630,98.0,4.659123493692563,100.03,0.04292476027356429,4.292476027356429
td3_verified_history,587003630,99.0,1.0,99.99000000000001,0.06801318130236211,6.801318130236211
td3_verified_history,587003630,103.83602808922895,1.0,99.98,0.03213980512650494,3.213980512650494
td3_verified_history,587003630,114.10191236427265,0.9481505785530842,100.24,0.0,0.0
td3_verified_history,587003630,116.58511006937074,1.0,100.22000000000001,0.0,0.0
td3_verified_history,653436395,0.0,2.5096425836359795,100.12,0.0,0.0
td3_verified_history,653436395,3.1624133546397064,3.854509632776664,100.10000000000001,0.0,0.0
td3_verified_history,653436395,4.761274503618802,0.11444035693621546,100.01,0.06177877130903653,6.177877130903653
td3_verified_history,653436395,6.0,1.0201392554023037,100.14,0.0,0.0
td3_verified_history,653436395,15.750802486457728,9.192707901903155,100.19000000000001,0.0,0.0
td3_verified_history,653436395,17.937277966478717,0.6418510454829889,100.17,0.0,0.0
td3_verified_history,653436395,20.0,1.879399853998404,100.23,0.0,0.0
td3_verified_history,653436395,23.53464296774463,1.648169277583849,100.21000000000001,0.0,0.0
td3_verified_history,653436395,33.13361705951051,4.429973609959685,100.23,0.0,0.0
td3_verified_history,653436395,34.0,6.747999744905837,100.27000000000001,0.0,0.0
td3_verified_history,653436395,36.40102286265215,1.0511154986269657,100.32000000000001,0.0,0.0
td3_verified_history,653436395,43.805938514796075,3.4589204916876404,100.38000000000001,0.0,0.0
td3_verified_history,653436395,44.36136869823045,4.253625448425647,100.36000000000001,0.0,0.0
td3_verified_history,653436395,45.0,2.31422420599662,100.5,0.0,0.0
td3_verified_history,653436395,46.86510096770721,2.805286112910049,100.43,0.0,0.0
td3_verified_history,653436395,47.2317881704588,0.7778881327774747,100.5,0.0,0.0
td3_verified_history,653436395,52.0,1.2125266153323373,100.46000000000001,0.0,0.0
td3_verified_history,653436395,60.50082395525267,1.765712444954357,100.42,0.0,0.0
td3_verified_history,653436395,61.0,13.105139130705048,100.39,0.0,0.0
td3_verified_history,653436395,63.02564245747351,3.0,100.36,0.0,0.0
td3_verified_history,653436395,65.79759198479618,2.1062388013557087,100.38000000000001,0.0,0.0
td3_verified_history,653436395,68.49971875408103,1.2532560251155482,100.32000000000001,0.0,0.0
td3_verified_history,653436395,70.43980490680433,5.22399554936405,100.34,0.0,0.0
td3_verified_history,653436395,73.13344266778984,1.668461285835145,100.41000000000001,0.0,0.0
td3_verified_history,653436395,75.97183165344977,3.5345850099166802,100.43,0.0,0.0
td3_verified_history,653436395,76.55045039009323,0.7062923974838213,100.47000000000001,0.0,0.0
td3_verified_history,653436395,77.0,9.7058194006682,100.46000000000001,0.0,0.0
td3_verified_history,653436395,78.0,0.20870907930119528,100.46000000000001,0.0,0.0
td3_verified_history,653436395,81.0863595005321,1.546514928058652,100.48,0.0,0.0
td3_verified_history,653436395,82.0,6.0842087055512755,100.45,0.0,0.0
td3_verified_history,653436395,83.0,2.0,100.47000000000001,0.0,0.0
td3_verified_history,823497974,0.0,0.43285183911425035,100.11,0.0,0.0
td3_verified_history,823497974,4.224048770389382,0.43660005166607296,100.14,0.0,0.0
td3_verified_history,823497974,5.0,1.7580690983549,100.15,0.0,0.0
td3_verified_history,823497974,6.0,5.210473569922149,100.04,0.0,0.0
td3_verified_history,823497974,8.937412513436112,11.900052469921942,100.10000000000001,0.0,0.0
td3_verified_history,823497974,15.794958387559873,0.880467329508441,100.14,0.0,0.0
td3_verified_history,823497974,26.0,0.09818928777512831,100.21000000000001,0.0,0.0
td3_verified_history,823497974,31.177960320592017,10.942369841388164,100.08000000000001,0.0,0.0
td3_verified_history,823497974,33.54073922845447,4.428015901593122,100.14,0.0,0.0
td3_verified_history,823497974,35.198740909900415,0.4913926185734764,100.14,0.0,0.0
td3_verified_history,823497974,36.0,8.941361862260786,100.18,0.0,0.0
td3_verified_history,823497974,41.0,2.296458530414391,100.18,0.0,0.0
td3_verified_history,823497974,42.0,1.7162958356814713,100.16000000000001,0.0,0.0
td3_verified_history,823497974,43.40822476624321,2.928238313714415,100.15,0.0,0.0
td3_verified_history,823497974,48.0,1.0386224487192903,100.13000000000001,0.0,0.0
td3_verified_history,823497974,50.01350369745084,0.4432311612635157,100.14,0.0,0.0
td3_verified_history,823497974,51.0,3.531962456452207,100.13000000000001,0.0,0.0
td3_verified_history,823497974,56.15979638518981,0.8428892681571967,100.18,0.0,0.0
td3_verified_history,823497974,57.0,0.2877130989507697,100.11,0.0,0.0
td3_verified_history,823497974,62.414478828435314,6.0,100.06,0.0,0.0
td3_verified_history,823497974,67.4942973986708,0.4265588778228623,100.02000000000001,0.0,0.0
td3_verified_history,823497974,74.73420434763905,1.409797100686885,100.06,0.0,0.0
td3_verified_history,823497974,77.11842031263132,0.6394906039434947,100.03,0.0,0.0
td3_verified_history,823497974,78.0,0.3755283268233427,100.07000000000001,0.0,0.0
td3_verified_history,823497974,80.0,2.6980362010976533,100.04,0.0,0.0
td3_verified_history,823497974,84.40346484230206,0.16062472909538866,100.11000000000001,0.0,0.0
td3_verified_history,823497974,86.56910583448476,14.196971719784267,100.05000000000001,0.0,0.0
td3_verified_history,823497974,99.61528811445856,4.169930412232844,99.96,0.03227255659612638,3.227255659612638
td3_verified_history,823497974,100.00867548411226,3.0621543502548665,99.94000000000001,0.05255485669299276,5.255485669299276
td3_verified_history,823497974,102.0,1.9951795954779314,99.91000000000001,0.08424393173932287,8.424393173932287
td3_verified_history,823497974,103.07917992750701,3.0404291074990377,100.0,0.0,0.0
td3_verified_history,823497974,106.25199271621904,2.1589653638314616,99.99000000000001,0.0,0.0
td3_verified_history,823497974,108.54608932873538,1.0,99.97,0.02060435702648533,2.060435702648533
td3_verified_history,613839703,11.0,9.045080870309492,100.03,0.0,0.0
td3_verified_history,613839703,14.022802075619818,2.8983116283049224,100.05000000000001,0.0,0.0
td3_verified_history,613839703,16.0,21.631488074263224,100.02000000000001,0.0,0.0
td3_verified_history,613839703,18.93698316502441,5.589901123183688,100.08,0.0,0.0
td3_verified_history,613839703,21.316849190241896,1.766406752745108,100.02,0.0,0.0
td3_verified_history,613839703,24.0,3.408751960831488,100.02000000000001,0.0,0.0
td3_verified_history,613839703,26.098052429039047,9.729210972765273,99.95,0.0,0.0
td3_verified_history,613839703,29.830485022895544,1.9125770105829312,99.99000000000001,0.0,0.0
td3_verified_history,613839703,32.0,1.3357925975127494,99.88000000000001,0.01102546153722983,1.102546153722983
td3_verified_history,613839703,34.0,1.8703682775893702,100.08000000000001,0.0,0.0
td3_verified_history,613839703,35.0,3.0896874657456173,100.15,0.0,0.0
td3_verified_history,613839703,37.0,1.6641713793006523,100.15,0.0,0.0
td3_verified_history,613839703,40.369309037861655,2.4014202681082804,100.10000000000001,0.0,0.0
td3_verified_history,613839703,41.0,1.0133972848346413,100.04,0.0,0.0
td3_verified_history,613839703,43.0278152276426,1.2745544665449742,100.17,0.0,0.0
td3_verified_history,613839703,48.77441603271301,0.20814782517730102,100.09,0.0,0.0
td3_verified_history,613839703,50.597659566662685,8.111870156307836,100.22,0.0,0.0
td3_verified_history,613839703,52.13333271377846,3.5346923592050223,100.21000000000001,0.0,0.0
td3_verified_history,613839703,54.45488727951133,7.164583259548058,100.14000000000001,0.0,0.0
td3_verified_history,613839703,65.0,3.9540682731524166,100.32000000000001,0.0,0.0
td3_verified_history,613839703,76.08306199543115,0.5690634995251331,100.56,0.0,0.0
td3_verified_history,613839703,79.43686342067802,0.0024561235121539904,100.59,0.0,0.0
td3_verified_history,613839703,87.93730741725504,1.7155633540865924,100.3,0.0,0.0
td3_verified_history,613839703,90.04534310743176,1.3882269656093937,100.14,0.0,0.0
td3_verified_history,613839703,92.98764751185536,2.0,100.18,0.0,0.0
td3_verified_history,613839703,93.79190725692897,1.0,100.11,0.0,0.0
td3_verified_history,613839703,95.03088286074548,1.0,100.14,0.0,0.0
td3_verified_history,740004418,0.0,15.753416349536785,100.12,0.0,0.0
td3_verified_history,740004418,6.063480013471804,3.8790746146914583,100.12,0.0,0.0
td3_verified_history,740004418,9.840213208637849,2.4209112716047527,100.12,0.0,0.0
td3_verified_history,740004418,10.318579856671663,4.052122419500006,100.11000000000001,0.0,0.0
td3_verified_history,740004418,15.0,1.3843881624393195,99.87,0.10125747582102917,10.125747582102917
td3_verified_history,740004418,17.87493525672498,1.8357393260948833,99.84,0.12791404921165395,12.791404921165395
td3_verified_history,740004418,23.335822309561582,2.2197733836808102,99.69000000000001,0.25089744536482783,25.089744536482783
td3_verified_history,740004418,25.77519428255051,3.1100128630506547,99.68,0.148438426511035,14.8438426511035
td3_verified_history,740004418,28.790731076725653,11.677113156921319,99.71000000000001,0.018386646940314222,1.8386646940314222
td3_verified_history,740004418,29.83498710473117,7.272428446882927,99.63000000000001,0.0,0.0
td3_verified_history,740004418,38.0,0.4846062795295005,99.53,0.0,0.0
td3_verified_history,740004418,39.0,6.966775552044172,99.52000000000001,0.0,0.0
td3_verified_history,740004418,41.87053511560346,2.146084350306298,99.48,0.0,0.0
td3_verified_history,740004418,49.028820978276855,7.183020501365238,99.58000000000001,0.0,0.0
td3_verified_history,740004418,53.22952816834719,5.0,99.49000000000001,0.0,0.0
td3_verified_history,740004418,60.795515160028096,2.432241315364213,99.46000000000001,0.0,0.0
td3_verified_history,740004418,61.127208625087384,1.0,99.47000000000001,0.0,0.0
td3_verified_history,740004418,65.0,3.0,99.56,0.0,0.0
td3_verified_history,740004418,71.67894451247889,7.4206967545337985,99.54,0.0,0.0
td3_verified_history,740004418,72.76490864763106,2.0,99.54,0.0,0.0
td3_verified_history,740004418,84.94100852647529,1.0,99.57000000000001,0.0,0.0
td3_verified_history,740004418,87.06052987307206,4.765041056677427,99.65,0.0,0.0
td3_verified_history,740004418,109.4987288157386,2.0,99.57000000000001,0.0,0.0
td3_verified_history,1875934291,1.7195188055363106,0.7207891843471693,100.14,0.0,0.0
td3_verified_history,1875934291,2.5245395081608013,1.1178635523797047,100.10000000000001,0.0,0.0
td3_verified_history,1875934291,6.0,5.542023915674304,100.05000000000001,0.0,0.0
td3_verified_history,1875934291,7.058167460626537,3.529607865268697,100.07000000000001,0.0,0.0
td3_verified_history,1875934291,18.022268354897438,4.367930983449204,100.07,0.0,0.0
td3_verified_history,1875934291,20.97563747087178,0.31667926597876184,100.03999999999999,0.0,0.0
td3_verified_history,1875934291,24.085832059108164,0.6896828998337247,100.05000000000001,0.0,0.0
td3_verified_history,1875934291,27.274016970179062,4.346349570527687,99.95,0.0,0.0
td3_verified_history,1875934291,28.0,1.0803989543195687,99.97000000000001,0.0,0.0
td3_verified_history,1875934291,29.0,2.9077412142580714,99.99000000000001,0.0,0.0
td3_verified_history,1875934291,30.0,1.8704721148080556,99.88000000000001,0.02665054769219921,2.665054769219921
td3_verified_history,1875934291,31.0,3.9957349033361105,99.94000000000001,0.0,0.0
td3_verified_history,1875934291,33.095396921762514,7.823193356160936,100.04,0.0,0.0
td3_verified_history,1875934291,42.244124951469544,8.488353550345154,100.08,0.0,0.0
td3_verified_history,1875934291,45.13303851527908,3.2463665261976,100.10000000000001,0.0,0.0
td3_verified_history,1875934291,53.0,0.23774750084679655,100.24000000000001,0.0,0.0
td3_verified_history,1875934291,56.70311573771575,5.974169823993863,100.25,0.0,0.0
td3_verified_history,1875934291,60.38286289552247,2.1977056254094554,100.45,0.0,0.0
td3_verified_history,1875934291,67.47576268570208,4.980622606102236,100.30000000000001,0.0,0.0
td3_verified_history,1875934291,68.48496164831093,1.9385521670272623,100.44000000000001,0.0,0.0
td3_verified_history,1875934291,70.59129141172124,10.850734903132025,100.46000000000001,0.0,0.0
td3_verified_history,1875934291,72.29070705265002,0.4440172675648028,100.41000000000001,0.0,0.0
td3_verified_history,1875934291,73.66476752004955,1.8295336884912132,100.45,0.0,0.0
td3_verified_history,1875934291,74.09329884373022,3.1265068364696873,100.47000000000001,0.0,0.0
td3_verified_history,1875934291,75.0,2.8117302936840383,100.52000000000001,0.0,0.0
td3_verified_history,1875934291,79.72473167201193,1.7125642071809901,100.59,0.0,0.0
td3_verified_history,1875934291,81.9714316839256,0.7290288613828177,100.54,0.0,0.0
td3_verified_history,1875934291,83.59828771666658,0.9035882437649463,100.47000000000001,0.0,0.0
td3_verified_history,1875934291,88.29033657545457,7.430292390432866,100.32000000000001,0.0,0.0
td3_verified_history,1875934291,92.82402511322942,4.0,100.22000000000001,0.0,0.0
td3_verified_history,1766793914,0.0,9.35753069074279,100.12,0.0,0.0
td3_verified_history,1766793914,7.633208034649005,9.378908941743886,100.11000000000001,0.0,0.0
td3_verified_history,1766793914,19.68304700126621,2.633115294776703,100.09,0.0,0.0
td3_verified_history,1766793914,32.073718148221225,4.465304590911247,100.13000000000001,0.0,0.0
td3_verified_history,1766793914,33.183758217629276,2.02956553281225,100.15,0.0,0.0
td3_verified_history,1766793914,37.0,0.579663162400103,100.16000000000001,0.0,0.0
td3_verified_history,1766793914,40.52078315361494,2.050201543998166,100.16000000000001,0.0,0.0
td3_verified_history,1766793914,43.55104183823679,2.0,100.13,0.0,0.0
td3_verified_history,1766793914,46.39070412501037,2.1362818394298,100.13000000000001,0.0,0.0
td3_verified_history,1766793914,50.402873606358924,0.6648596258920172,100.11999999999999,0.0,0.0
td3_verified_history,1766793914,59.27949413400398,12.605114414394997,100.06,0.0,0.0
td3_verified_history,1766793914,64.17169236441194,0.6559055349538332,100.01,0.025147947607408128,2.5147947607408128
td3_verified_history,1766793914,67.06482170865348,7.125092794697147,100.02000000000001,0.015064850528048623,1.5064850528048623
td3_verified_history,1766793914,68.00198240594042,0.39634342991559945,100.01,0.020212890692135943,2.0212890692135943
td3_verified_history,1766793914,69.82434934044267,1.8384767454403352,100.02000000000001,0.0027105518729086953,0.2710551872908695
td3_verified_history,1766793914,70.97605228495831,5.5070238976585255,100.02000000000001,0.0,0.0
td3_verified_history,1766793914,73.4945932838054,5.806294240715378,100.05000000000001,0.0,0.0
td3_verified_history,1766793914,79.59804899853714,1.3328173799408414,100.03,0.0,0.0
td3_verified_history,1766793914,84.73709663681306,0.5330690201682997,100.11000000000001,0.0,0.0
td3_verified_history,1766793914,91.01552589202296,2.0943814093993662,100.07000000000001,0.0,0.0
td3_verified_history,1766793914,92.0,0.5820323066063458,100.09,0.0,0.0
td3_verified_history,1766793914,93.38492128677625,6.850780836826788,100.11000000000001,0.0,0.0
td3_verified_history,1766793914,108.0,5.627698385982349,99.99000000000001,0.0,0.0
td3_verified_history,1766793914,112.19561755629039,5.276081833132247,100.0,0.0,0.0
td3_verified_history,1766793914,119.0,0.14022946783554527,100.02000000000001,0.0,0.0
td3_verified_history,473890442,2.2008441947719493,0.2652468142605669,100.15,0.0,0.0
td3_verified_history,473890442,3.093628963508093,0.43450453812548306,100.16000000000001,0.0,0.0
td3_verified_history,473890442,7.409511068856534,1.3853113806928343,100.21000000000001,0.0,0.0
td3_verified_history,473890442,9.19214747530176,0.5502005037123233,100.19000000000001,0.0,0.0
td3_verified_history,473890442,10.0,16.0,100.23,0.0,0.0
td3_verified_history,473890442,12.188286270703006,1.628326400756976,100.27000000000001,0.0,0.0
td3_verified_history,473890442,18.0,7.001372906240702,100.24000000000001,0.0,0.0
td3_verified_history,473890442,24.873603732552095,4.764836805097799,100.23,0.0,0.0
td3_verified_history,473890442,26.33578524620217,0.8953989467968853,100.2,0.0,0.0
td3_verified_history,473890442,30.0,18.459546188028078,100.17,0.0,0.0
td3_verified_history,473890442,37.354272750665146,5.95227647650821,100.12,0.0,0.0
td3_verified_history,473890442,38.0,1.817550411393497,100.11000000000001,0.0,0.0
td3_verified_history,473890442,40.769297469979485,1.5898795051020538,100.11,0.0,0.0
td3_verified_history,473890442,44.0,0.9232410296360211,100.13,0.0,0.0
td3_verified_history,473890442,45.0,3.222002564668167,100.11,0.0,0.0
td3_verified_history,473890442,50.23805342347863,7.612292904503368,100.15,0.0,0.0
td3_verified_history,473890442,53.11584735629797,6.482358483888443,100.10000000000001,0.0,0.0
td3_verified_history,473890442,60.6776350907628,6.280980975838536,99.95,0.13831629003422563,13.831629003422563
td3_verified_history,473890442,64.0,1.0997032868781398,100.03,0.04056932605202235,4.056932605202235
td3_verified_history,473890442,69.60230613678236,3.7977977214660785,100.07000000000001,0.0,0.0
td3_verified_history,473890442,73.70787480654334,0.4056615933900771,100.2,0.0,0.0
td3_verified_history,473890442,77.30651020733966,5.636579384701275,100.26,0.0,0.0
td3_verified_history,473890442,80.82726932243791,3.0,100.31,0.0,0.0
td3_verified_history,166731503,0.0,4.466528448836904,100.11,0.0,0.0
td3_verified_history,166731503,2.913822462359021,3.1251997310492063,100.15,0.0,0.0
td3_verified_history,166731503,12.519796007150902,0.2354203982247979,100.27000000000001,0.0,0.0
td3_verified_history,166731503,13.941604603742432,0.6223135064280622,100.27000000000001,0.0,0.0
td3_verified_history,166731503,16.090419875568088,1.4849909021057541,100.30000000000001,0.0,0.0
td3_verified_history,166731503,18.0,2.31121681661652,100.24000000000001,0.0,0.0
td3_verified_history,166731503,21.46937026221769,3.8449675881753107,100.22000000000001,0.0,0.0
td3_verified_history,166731503,28.346890829963062,1.035595204515251,100.21000000000001,0.0,0.0
td3_verified_history,166731503,34.0,15.963195203371646,100.17,0.0,0.0
td3_verified_history,166731503,37.216872869001804,3.0800289629371003,100.12,0.0,0.0
td3_verified_history,166731503,44.0,1.5088149125771586,100.15,0.0,0.0
td3_verified_history,166731503,45.0,2.6689301719368146,100.12,0.0,0.0
td3_verified_history,166731503,46.0,15.856242487645295,100.13000000000001,0.0,0.0
td3_verified_history,166731503,52.16659912785748,1.5589952606108926,100.12,0.0,0.0
td3_verified_history,166731503,55.92140112719327,1.8502005015223428,100.15,0.0,0.0
td3_verified_history,166731503,56.26839296817596,4.489633283686016,100.16000000000001,0.0,0.0
td3_verified_history,166731503,58.798025445465186,1.749309927951995,100.15,0.0,0.0
td3_verified_history,166731503,61.22887221375756,0.6594157801565086,100.04,0.006969319993402223,0.6969319993402223
td3_verified_history,166731503,76.71325960668283,2.8568492005609296,100.21000000000001,0.0,0.0
td3_verified_history,166731503,79.35791373503965,2.202428497316043,100.31,0.0,0.0
td3_verified_history,166731503,82.20726039837662,1.2950310938683525,100.30000000000001,0.0,0.0
td3_verified_history,166731503,83.2656946852817,19.92057070715087,100.31,0.0,0.0
td3_verified_history,166731503,98.4502800467282,1.0,100.11000000000001,0.0,0.0
td3_verified_history,166731503,101.1582769449388,2.186690133301476,100.2,0.0,0.0
td3_verified_history,166731503,103.37077678021778,4.0,100.17,0.0,0.0
td3_verified_history,13571695,1.0,2.0451078199627766,100.17,0.0,0.0
td3_verified_history,13571695,4.628749957837548,1.1077842682481345,100.11000000000001,0.0,0.0
td3_verified_history,13571695,10.0,1.0437433032320549,100.11000000000001,0.0,0.0
td3_verified_history,13571695,17.381875588432564,5.8004791889852285,99.84,0.1807391642381475,18.07391642381475
td3_verified_history,13571695,21.036825503388272,12.072714339726268,99.73,0.27742333593063506,27.742333593063506
td3_verified_history,13571695,24.195049799773965,9.64624657727473,99.63000000000001,0.4132685645910783,41.32685645910783
td3_verified_history,13571695,29.0,0.07735369631031447,99.71000000000001,0.28896512033642807,28.896512033642807
td3_verified_history,13571695,52.67208373466864,1.324981673494452,99.55000000000001,0.137688908088478,13.7688908088478
td3_verified_history,13571695,56.25898939784213,10.985031818351775,99.52000000000001,0.00810787304897076,0.810787304897076
td3_verified_history,13571695,65.83297346802713,2.280908767161595,99.56,0.0,0.0
td3_verified_history,13571695,67.37777884636823,17.0,99.56,0.0,0.0
td3_verified_history,13571695,73.55551130341227,4.625297725410949,99.61000000000001,0.0,0.0
td3_verified_history,13571695,85.15578680637603,1.1959080950002927,99.66000000000001,0.0,0.0
td3_verified_history,13571695,86.0,1.9572281416135502,99.67,0.0,0.0
td3_verified_history,13571695,90.76461008112766,7.18662165490716,99.73,0.0,0.0
td3_verified_history,13571695,94.58510690320475,12.716937671986877,99.66000000000001,0.0,0.0
td3_verified_history,13571695,98.30115559890005,1.4614633568069049,99.59,0.0,0.0
td3_verified_history,13571695,101.41044720564422,0.9618878317661231,99.58,0.0,0.0
td3_verified_history,13571695,106.11908425698556,1.7692043024054787,99.59,0.0,0.0
td3_verified_history,13571695,109.33313609115359,1.0,99.55,0.0,0.0
td3_verified_history,13571695,110.0,1.0,99.53,0.0,0.0
td3_verified_history,13571695,113.25238243379286,1.0,99.51,0.0,0.0
td3_verified_history,1661773068,2.0,1.8160916774250357,100.08000000000001,0.0,0.0
td3_verified_history,1661773068,3.0,21.097787371425834,100.10000000000001,0.0,0.0
td3_verified_history,1661773068,9.458239199162406,0.44344223792247706,100.11,0.0,0.0
td3_verified_history,1661773068,13.0,0.22860731003879076,100.09,0.0,0.0
td3_verified_history,1661773068,15.281614605346553,2.331087491033548,100.19000000000001,0.0,0.0
td3_verified_history,1661773068,16.814165024346423,0.33161640971654915,100.06,0.0,0.0
td3_verified_history,1661773068,18.034461533363707,0.8609276358721163,100.15,0.0,0.0
td3_verified_history,1661773068,20.011709598229206,7.309167506011677,100.23,0.0,0.0
td3_verified_history,1661773068,22.035332482310885,0.7600391731675444,100.27000000000001,0.0,0.0
td3_verified_history,1661773068,23.928437035825564,1.0177292246568919,100.21000000000001,0.0,0.0
td3_verified_history,1661773068,35.0,1.449356923277099,100.28,0.0,0.0
td3_verified_history,1661773068,41.52092121537092,7.766501284890177,100.33000000000001,0.0,0.0
td3_verified_history,1661773068,48.07837155794558,7.307896174894219,100.44000000000001,0.0,0.0
td3_verified_history,1661773068,52.233490228453974,2.5315991523568435,100.46000000000001,0.0,0.0
td3_verified_history,1661773068,53.0,4.099265187069335,100.46000000000001,0.0,0.0
td3_verified_history,1661773068,56.18978098516412,2.581046356274666,100.44000000000001,0.0,0.0
td3_verified_history,1661773068,57.0,4.553039044867033,100.34,0.0,0.0
td3_verified_history,1661773068,61.1510736592379,0.1976878478818641,100.36,0.0,0.0
td3_verified_history,1661773068,64.5217816222026,1.8761611610453541,100.37,0.0,0.0
td3_verified_history,1661773068,65.0,3.633649260542224,100.38000000000001,0.0,0.0
td3_verified_history,1661773068,66.0,1.8373512869737147,100.32000000000001,0.0,0.0
td3_verified_history,1661773068,68.25045062350875,3.8518009413561525,100.23,0.0,0.0
td3_verified_history,1661773068,70.15094506600641,3.069519261733438,100.26,0.0,0.0
td3_verified_history,1661773068,71.0,2.8257297853504473,100.41000000000001,0.0,0.0
td3_verified_history,1661773068,75.41664020006881,5.138020743227455,100.43,0.0,0.0
td3_verified_history,1661773068,76.94650844805233,2.1526657036039265,100.43,0.0,0.0
td3_verified_history,1661773068,80.45694771700481,4.15680771589461,100.43,0.0,0.0
td3_verified_history,1661773068,82.1784637885436,4.0,100.45,0.0,0.0
td3_verified_history,1846147558,1.0,0.35542317233328913,100.14,0.0,0.0
td3_verified_history,1846147558,3.0,2.321752212993124,100.16000000000001,0.08497114426295127,8.497114426295127
td3_verified_history,1846147558,4.0,0.8012709573199908,100.2,0.0,0.0
td3_verified_history,1846147558,6.0,5.063446736221579,100.22000000000001,0.005653274921556317,0.5653274921556317
td3_verified_history,1846147558,12.993403567560087,0.6227994788860709,100.27000000000001,0.0,0.0
td3_verified_history,1846147558,17.82973895463062,3.2988308973377647,100.27000000000001,0.0,0.0
td3_verified_history,1846147558,18.033098691989668,0.5179073995764346,100.24000000000001,0.0,0.0
td3_verified_history,1846147558,20.624014753941612,2.226046633427273,100.22000000000001,0.0,0.0
td3_verified_history,1846147558,24.527044288095695,2.93655459255728,100.23,0.0,0.0
td3_verified_history,1846147558,28.0,1.4342920498888714,100.21000000000001,0.0,0.0
td3_verified_history,1846147558,31.0,5.477861793846464,100.15,0.01754434637854274,1.7544346378542741
td3_verified_history,1846147558,35.10373914709184,0.31572797030847377,100.17,0.0,0.0
td3_verified_history,1846147558,37.39915505115936,9.292402728266072,100.12,0.036174952137130845,3.6174952137130845
td3_verified_history,1846147558,39.278813264543615,8.763341716228776,100.11,0.040166384289221924,4.016638428922192
td3_verified_history,1846147558,43.029831197494985,0.18743751807547238,100.13000000000001,0.0,0.0
td3_verified_history,1846147558,45.26223206383247,0.49467763088086036,100.12,0.0,0.0
td3_verified_history,1846147558,53.55215091189658,0.04759973397289269,100.10000000000001,0.016523803449004504,1.6523803449004504
td3_verified_history,1846147558,54.47287480437486,3.560215707410741,100.13000000000001,0.0,0.0
td3_verified_history,1846147558,55.49664499922892,7.713097204930226,100.15,0.0,0.0
td3_verified_history,1846147558,56.321405445791555,2.671020149983602,100.16000000000001,0.0,0.0
td3_verified_history,1846147558,57.0,1.0645997897193409,100.16000000000001,0.0,0.0
td3_verified_history,1846147558,58.0,5.939251878169167,100.15,0.0,0.0
td3_verified_history,1846147558,59.0,8.870658044006717,100.12,0.0,0.0
td3_verified_history,1846147558,62.91252673317633,1.0,100.01,0.07330826076236008,7.330826076236008
td3_verified_history,1846147558,64.0,1.93326363667192,100.03,0.03418865667433124,3.418865667433124
td3_verified_history,1846147558,65.45504058880752,0.3311983647629293,100.05000000000001,0.01031070610783047,1.031070610783047
td3_verified_history,1846147558,70.55575005568285,7.86663192115213,100.08000000000001,0.0,0.0
td3_verified_history,1846147558,75.48748064636018,5.404246137761071,100.17,0.0,0.0
td3_verified_history,1846147558,78.94446336597939,4.201030871233826,100.26,0.0,0.0
td3_verified_history,1846147558,80.73703282440844,0.4599081367028384,100.3,0.0,0.0
td3_verified_history,1846147558,81.30164812959539,1.4237596375971473,100.25,0.0,0.0
td3_verified_history,1846147558,82.00478363375512,1.6186991949347798,100.29,0.0,0.0
td3_verified_history,1846147558,83.0,1.0,100.31,0.0,0.0
td3_verified_history,864635420,0.0,1.1104339942499217,100.12,0.0,0.0
td3_verified_history,864635420,2.5178211665452435,8.666492853963316,100.15,0.0,0.0
td3_verified_history,864635420,4.20109768461644,0.21086089452976253,100.2,0.0,0.0
td3_verified_history,864635420,11.095916235425907,1.9251274219151768,100.24000000000001,0.0,0.0
td3_verified_history,864635420,12.0,4.013890830122854,100.27000000000001,0.0,0.0
td3_verified_history,864635420,17.0,0.4464777100193187,100.27000000000001,0.0,0.0
td3_verified_history,864635420,18.0,0.829063313032707,100.24000000000001,0.0,0.0
td3_verified_history,864635420,27.203907295148152,5.286573310251692,100.22000000000001,0.0,0.0
td3_verified_history,864635420,29.070140683961856,2.9613071919126934,100.2,0.0,0.0
td3_verified_history,864635420,33.28610501870583,1.913564845611013,100.18,0.0,0.0
td3_verified_history,864635420,41.11699611440345,0.08689666448217387,100.14,0.0,0.0
td3_verified_history,864635420,48.12527276310765,0.9375478471660756,100.12,0.0,0.0
td3_verified_history,864635420,49.893400086332065,1.5459737413561272,100.14,0.0,0.0
td3_verified_history,864635420,51.250797082799856,25.72711065843913,100.11,0.0,0.0
td3_verified_history,864635420,58.73215357416263,1.2696524872295187,100.15,0.0,0.0
td3_verified_history,864635420,61.113502779145634,1.0,100.04,0.031065668660716028,3.106566866071603
td3_verified_history,864635420,63.480963288383286,2.0502056727252875,100.02000000000001,0.042437844715223605,4.2437844715223605
td3_verified_history,864635420,66.0,1.891192603789409,100.12,0.0,0.0
td3_verified_history,864635420,67.0,0.3263178622026859,100.12,0.0,0.0
td3_verified_history,864635420,68.62567567819507,2.677716770142666,100.13000000000001,0.0,0.0
td3_verified_history,864635420,69.39162443485733,1.7965838403110228,100.13000000000001,0.0,0.0
td3_verified_history,864635420,70.0993623754086,1.5596820709023138,100.08000000000001,0.0,0.0
td3_verified_history,864635420,72.0,4.8886819691083,100.17,0.0,0.0
td3_verified_history,864635420,73.0,15.007316927291168,100.21000000000001,0.0,0.0
td3_verified_history,864635420,78.0146060794245,0.14236288458152507,100.25,0.0,0.0
td3_verified_history,864635420,79.21511002361211,9.410713029079492,100.31,0.0,0.0
td3_verified_history,864635420,80.31461949068444,1.5331252471128607,100.32000000000001,0.0,0.0
td3_verified_history,490782600,0.0,0.06265795218328807,100.12,0.0,0.0
td3_verified_history,490782600,3.6781445174288026,5.8558752343502265,100.16000000000001,0.0,0.0
td3_verified_history,490782600,5.780768176607737,3.0664842368178244,100.15,0.0,0.0
td3_verified_history,490782600,10.121152335603716,3.1348632416581537,100.15,0.0,0.0
td3_verified_history,490782600,19.0,1.4572224226386967,100.01,0.0,0.0
td3_verified_history,490782600,22.918523548066737,2.7047879914241255,100.13000000000001,0.0,0.0
td3_verified_history,490782600,27.009053224785507,0.27521265157079833,100.2,0.0,0.0
td3_verified_history,490782600,30.580641612488115,2.127127486677263,100.14,0.0,0.0
td3_verified_history,490782600,31.667935894688686,0.7206045682718663,100.11000000000001,0.0,0.0
td3_verified_history,490782600,40.81510753443304,0.9432323464803369,100.16000000000001,0.0,0.0
td3_verified_history,490782600,42.351079302955455,7.641890982352956,100.15,0.0,0.0
td3_verified_history,490782600,47.19490784818226,1.748185696653476,100.15,0.0,0.0
td3_verified_history,490782600,48.0,2.487600830577443,100.13000000000001,0.0,0.0
td3_verified_history,490782600,49.29320781972357,3.9038423921871708,100.12,0.0,0.0
td3_verified_history,490782600,51.0,2.224404265587447,100.13000000000001,0.0,0.0
td3_verified_history,490782600,53.0,5.919827837388155,100.17,0.0,0.0
td3_verified_history,490782600,57.40679314860999,3.429886592493381,100.13000000000001,0.0,0.0
td3_verified_history,490782600,68.98830467383272,2.0030436007000727,100.01,0.059348475560483394,5.934847556048339
td3_verified_history,490782600,69.46045553483671,0.5182303999428028,100.02000000000001,0.040630562041926055,4.0630562041926055
td3_verified_history,490782600,76.0,0.2923917366013664,100.03,0.013571389703642467,1.3571389703642467
td3_verified_history,490782600,79.31030097841114,0.01949250981455175,100.03,0.013281120385656209,1.3281120385656209
td3_verified_history,490782600,80.97220687223682,0.6192966403240445,100.04,0.0,0.0
td3_verified_history,490782600,84.57510844800007,0.18842887203930106,100.11000000000001,0.0,0.0
td3_verified_history,490782600,87.00674376141872,0.6980039065960695,100.04,0.0,0.0
td3_verified_history,490782600,95.0,0.0986820018125685,100.02000000000001,0.0,0.0
td3_verified_history,490782600,103.1076954733308,0.4995169578300579,100.0,0.004339352009012032,0.4339352009012032
td3_verified_history,490782600,104.21519892424944,2.0,100.01,0.0,0.0
td3_verified_history,490782600,111.0,3.5330052214802845,100.0,0.01007414741590651,1.007414741590651
td3_verified_history,490782600,112.58570527721017,3.4821047689318925,100.0,0.004279083880973644,0.4279083880973644
td3_verified_history,1443100545,0.0,1.1166616156280633,100.12,0.0,0.0
td3_verified_history,1443100545,5.300113481817172,19.188827574283945,99.96000000000001,0.0,0.0
td3_verified_history,1443100545,10.0,2.6219793456515985,99.97,0.0,0.0
td3_verified_history,1443100545,11.526002762821339,9.624440508507343,100.11999999999999,0.0,0.0
td3_verified_history,1443100545,15.3176480557715,0.8241822654250506,100.21000000000001,0.0,0.0
td3_verified_history,1443100545,20.629889301149895,9.656449975496335,100.27000000000001,0.0,0.0
td3_verified_history,1443100545,25.0,2.8881601654698166,100.17999999999999,0.0,0.0
td3_verified_history,1443100545,28.64799528148368,3.092313727566592,100.25,0.0,0.0
td3_verified_history,1443100545,30.464044964764447,3.7301921861478644,100.19000000000001,0.0,0.0
td3_verified_history,1443100545,32.84159046685432,1.3510494265304294,100.28,0.0,0.0
td3_verified_history,1443100545,34.61359433409016,17.488123198729127,100.38000000000001,0.0,0.0
td3_verified_history,1443100545,37.951130599964024,0.041657968999320616,100.43,0.0,0.0
td3_verified_history,1443100545,43.0,3.1526193810947154,100.28,0.0,0.0
td3_verified_history,1443100545,44.74230574947508,2.6085329798430363,100.38000000000001,0.0,0.0
td3_verified_history,1443100545,58.45832677331371,0.9350237896709291,100.53,0.0,0.0
td3_verified_history,1443100545,59.648449088498644,0.44657887576819844,100.53,0.0,0.0
td3_verified_history,1443100545,63.22544732487442,0.3689988200479606,100.39,0.0,0.0
td3_verified_history,1443100545,68.65262626429563,4.273308682121412,100.43,0.0,0.0
td3_verified_history,1443100545,74.00857920619933,4.098798961544228,100.32000000000001,0.0,0.0
td3_verified_history,1443100545,75.0,6.0,100.32000000000001,0.0,0.0
td3_verified_history,1443100545,78.93645710872622,0.7159713076174465,100.36000000000001,0.0,0.0
td3_verified_history,1443100545,80.00506710402634,2.6026694771996266,100.36000000000001,0.0,0.0
td3_verified_history,1443100545,81.51682989479535,1.8745076464506047,100.33000000000001,0.0,0.0
td3_verified_history,1443100545,82.0,1.0,100.34,0.0,0.0
td3_verified_history,1498712734,0.0,1.8620639266430634,100.12,0.0,0.0
td3_verified_history,1498712734,3.0,12.185303432590544,100.12,0.0,0.0
td3_verified_history,1498712734,9.0,1.8870819120219018,100.11000000000001,0.0,0.0
td3_verified_history,1498712734,19.22570783860507,24.81709528437517,100.04,0.0,0.0
td3_verified_history,1498712734,21.775246891687065,0.5835029830772384,100.04,0.0,0.0
td3_verified_history,1498712734,29.0,9.00772417143967,99.99000000000001,0.0,0.0
td3_verified_history,1498712734,30.229522465323175,1.8125263661430988,99.88000000000001,0.03515904746919318,3.5159047469193183
td3_verified_history,1498712734,32.47444817102804,7.504152267401033,99.88000000000001,0.04728852418936924,4.728852418936924
td3_verified_history,1498712734,34.853153212833234,3.12247689983733,100.02000000000001,0.0,0.0
td3_verified_history,1498712734,35.79503865600458,2.9128315516186127,100.14,0.0,0.0
td3_verified_history,1498712734,38.58960225595289,0.155192656014056,100.12,0.0,0.0
td3_verified_history,1498712734,40.0,7.268436456409323,100.11000000000001,0.0,0.0
td3_verified_history,1498712734,43.02673625306894,1.2013059015173044,100.17,0.0,0.0
td3_verified_history,1498712734,44.379776530892464,1.2669291571241243,100.14999999999999,0.0,0.0
td3_verified_history,1498712734,60.0,4.521085329202466,100.45,0.0,0.0
td3_verified_history,1498712734,64.13955817191669,2.54487976298772,100.37,0.0,0.0
td3_verified_history,1498712734,65.8111982251143,0.23040392691445677,100.33000000000001,0.0,0.0
td3_verified_history,1498712734,67.0,3.9636064355532827,100.30000000000001,0.0,0.0
td3_verified_history,1498712734,68.0,2.6017932047104093,100.44000000000001,0.0,0.0
td3_verified_history,1498712734,69.0,0.7806308430341351,100.55000000000001,0.0,0.0
td3_verified_history,1498712734,71.0,2.0436837312864244,100.38,0.0,0.0
td3_verified_history,1498712734,72.92544051764358,1.5640659797313259,100.41000000000001,0.0,0.0
td3_verified_history,1498712734,77.75679878249292,4.114007607350375,100.58000000000001,0.0,0.0
td3_verified_history,1498712734,78.03312816717893,1.6079717401042515,100.59,0.0,0.0
td3_verified_history,1177996475,1.0,1.1965061637119723,100.13000000000001,0.0,0.0
td3_verified_history,1177996475,8.0,1.2013798160304274,99.94000000000001,0.0,0.0
td3_verified_history,1177996475,13.737152507180385,0.7633573703743955,100.07000000000001,0.0,0.0
td3_verified_history,1177996475,17.346667614883653,9.15447666615767,100.10000000000001,0.0,0.0
td3_verified_history,1177996475,19.53604351363927,6.462942108949214,100.09,0.0,0.0
td3_verified_history,1177996475,20.64483922122277,1.085252593390901,100.08000000000001,0.0,0.0
td3_verified_history,1177996475,22.35711548553619,22.533942310424518,100.11000000000001,0.0,0.0
td3_verified_history,1177996475,28.241784584074875,6.527988864501225,100.28,0.0,0.0
td3_verified_history,1177996475,32.0,2.376654263584782,100.25,0.0,0.0
td3_verified_history,1177996475,37.12948464355524,3.2463021926876423,100.25,0.0,0.0
td3_verified_history,1177996475,38.0,13.71275538232048,100.28,0.0,0.0
td3_verified_history,1177996475,39.52235594772665,1.072061280871537,100.27000000000001,0.0,0.0
td3_verified_history,1177996475,40.792010977666045,0.684037314501595,100.24000000000001,0.0,0.0
td3_verified_history,1177996475,42.56479647984087,3.2137227067274052,100.22,0.0,0.0
td3_verified_history,1177996475,48.0,0.3234867788644704,100.11999999999999,0.0,0.0
td3_verified_history,1177996475,49.00230896154937,0.4820979528211311,100.15,0.0,0.0
td3_verified_history,1177996475,50.0,0.0353102293919923,100.14,0.0,0.0
td3_verified_history,1177996475,53.31431346425903,5.027166674929375,100.05000000000001,0.0,0.0
td3_verified_history,1177996475,55.98442045970292,4.038617000408855,100.06,0.0,0.0
td3_verified_history,1177996475,59.26507862441389,6.587679656268213,100.09,0.0,0.0
td3_verified_history,1177996475,66.89789993639312,1.0,100.03,0.0,0.0
td3_verified_history,1177996475,77.9628616602935,3.0,100.04,0.0,0.0
td3_verified_history,1177996475,82.312097074279,6.0,99.98,0.0,0.0
td3_verified_history,377754040,0.0,1.0837906491650473,100.12,0.0,0.0
td3_verified_history,377754040,1.0,2.8633336706230117,100.15,0.0,0.0
td3_verified_history,377754040,3.967786107450033,0.42817575002479535,100.16000000000001,0.0,0.0
td3_verified_history,377754040,5.076179093107826,7.947136027733405,100.15,0.0,0.0
td3_verified_history,377754040,7.1421802567609625,0.516210385611321,100.05000000000001,0.0,0.0
td3_verified_history,377754040,8.0,10.953759933190927,100.10000000000001,0.0,0.0
td3_verified_history,377754040,11.044228345515315,5.800194532223756,100.13,0.0,0.0
td3_verified_history,377754040,12.0,1.2829913462619325,100.11000000000001,0.0,0.0
td3_verified_history,377754040,13.0,1.86797978068501,100.05,0.0,0.0
td3_verified_history,377754040,18.875604112174905,3.783244164885691,100.10000000000001,0.0,0.0
td3_verified_history,377754040,20.54256149547197,4.220683174526693,100.09,0.0,0.0
td3_verified_history,377754040,24.134454311844117,1.1214024753030174,100.18,0.0,0.0
td3_verified_history,377754040,26.050932611897434,2.0,100.13000000000001,0.0,0.0
td3_verified_history,377754040,27.536340962384813,2.0,100.14,0.0,0.0
td3_verified_history,377754040,28.51912193940234,3.2731010597763803,100.22000000000001,0.0,0.0
td3_verified_history,377754040,29.645322074963502,3.0781152557977665,100.17,0.0,0.0
td3_verified_history,377754040,32.64503415452655,0.7533077699370703,100.13000000000001,0.0,0.0
td3_verified_history,377754040,33.27759519307088,8.174879176079914,100.15,0.0,0.0
td3_verified_history,377754040,41.96065500044973,0.5657353002910088,100.18,0.0,0.0
td3_verified_history,377754040,43.99935353141995,0.7298797928658703,100.15,0.0,0.0
td3_verified_history,377754040,46.266647996103565,10.015143008739463,100.13000000000001,0.0,0.0
td3_verified_history,377754040,49.40923492320736,0.3822626994601598,100.1,0.0,0.0
td3_verified_history,377754040,51.23354000207073,3.081121862239991,100.13000000000001,0.0,0.0
td3_verified_history,377754040,52.26029428379983,8.701411519535725,100.15,0.0,0.0
td3_verified_history,377754040,56.14614227721541,2.443143010573596,100.18,0.0,0.0
td3_verified_history,377754040,59.0,1.9937961269844808,100.06,0.0,0.0
td3_verified_history,377754040,61.0,1.2521257154686638,100.0,0.0,0.0
td3_verified_history,377754040,62.0,0.3349013884811164,100.03,0.0,0.0
td3_verified_history,377754040,68.06028108223178,9.0,99.92,0.049951244286859264,4.995124428685926
td3_verified_history,777786723,5.494373929944044,2.6583428082561205,100.0,0.0,0.0
td3_verified_history,777786723,8.3565925060019,8.61040270786607,99.98,0.0,0.0
td3_verified_history,777786723,11.0,0.5614883309732205,99.96000000000001,0.0,0.0
td3_verified_history,777786723,19.750816179098173,0.8034525635159535,100.07000000000001,0.0,0.0
td3_verified_history,777786723,22.09988936206156,11.977777358159969,100.10000000000001,0.0,0.0
td3_verified_history,777786723,26.043330887042423,9.044635038276468,100.09,0.0,0.0
td3_verified_history,777786723,27.335127902128775,4.045383640681083,100.04,0.0,0.0
td3_verified_history,777786723,30.01250653190423,3.4451169743257597,100.03,0.0,0.0
td3_verified_history,777786723,32.0,0.07781766139736812,99.96,0.0,0.0
td3_verified_history,777786723,34.39470622974415,6.9165537247558255,100.01,0.0,0.0
td3_verified_history,777786723,41.0,7.166726307515939,100.03999999999999,0.0,0.0
td3_verified_history,777786723,45.61297296683615,27.60197210797057,100.09,0.0,0.0
td3_verified_history,777786723,55.0,0.5451558878876288,99.86,0.006185469303275681,0.6185469303275681
td3_verified_history,777786723,58.79008564715515,1.0,99.86000000000001,0.005369026942602773,0.5369026942602773
td3_verified_history,777786723,60.5984968573108,1.3255765714617131,99.84,0.036479842609168145,3.6479842609168145
td3_verified_history,777786723,62.00671794294353,1.9147326507202695,99.92,0.0,0.0
td3_verified_history,777786723,65.0,3.414526487080024,100.21000000000001,0.0,0.0
td3_verified_history,777786723,66.0,5.605791641777587,100.21,0.0,0.0
td3_verified_history,777786723,71.70234569160172,1.331854696654973,100.57000000000001,0.0,0.0
td3_verified_history,777786723,72.03420268130041,0.9297497761639482,100.66000000000001,0.0,0.0
td3_verified_history,777786723,75.56478008673074,1.0,100.59,0.0,0.0
td3_verified_history,305584639,3.444442412668254,19.537088570273273,100.10000000000001,0.0,0.0
td3_verified_history,305584639,6.568519549995758,2.260198002348823,100.14,0.0,0.0
td3_verified_history,305584639,13.0,1.191213798065079,100.11000000000001,0.0,0.0
td3_verified_history,305584639,14.14302584035098,0.27098371554530987,100.16000000000001,0.0,0.0
td3_verified_history,305584639,18.501544110629204,0.9671032055229491,100.15,0.0,0.0
td3_verified_history,305584639,22.634108021272166,5.909638890003642,100.27000000000001,0.0,0.0
td3_verified_history,305584639,23.889784121643245,8.760536743248199,100.21000000000001,0.0,0.0
td3_verified_history,305584639,27.76728662657304,1.5126592056436183,100.24000000000001,0.0,0.0
td3_verified_history,305584639,31.862840714628486,2.1036333335879274,100.12,0.0,0.0
td3_verified_history,305584639,32.846357240903714,15.390370035419636,100.2,0.0,0.0
td3_verified_history,305584639,35.0,0.24098727267149556,100.2,0.0,0.0
td3_verified_history,305584639,37.92140606169059,0.45194799278221187,100.05000000000001,0.00036159686830217197,0.0361596868302172
td3_verified_history,305584639,40.322522753434264,0.22809817671302407,100.25,0.0,0.0
td3_verified_history,305584639,42.265377308301886,1.0700953863693385,100.36000000000001,0.0,0.0
td3_verified_history,305584639,46.971304227686645,0.6772742849246084,100.43,0.0,0.0
td3_verified_history,305584639,52.0,10.28396826752352,100.46000000000001,0.0,0.0
td3_verified_history,305584639,55.024456186541094,2.263671946619324,100.42,0.0,0.0
td3_verified_history,305584639,56.0,15.8021511446699,100.44000000000001,0.0,0.0
td3_verified_history,305584639,60.673624215277684,11.0,100.39,0.0,0.0
td3_verified_history,1906996800,0.0,3.6669045676848655,100.12,0.0,0.0
td3_verified_history,1906996800,2.0,3.0631766185488853,100.15,0.0,0.0
td3_verified_history,1906996800,5.446951519696308,2.0,99.97,0.10208905545823654,10.208905545823654
td3_verified_history,1906996800,12.014319677949494,3.4512072127483227,99.97000000000001,0.04223216251637041,4.223216251637041
td3_verified_history,1906996800,15.0,0.8969689229859772,100.06,0.0,0.0
td3_verified_history,1906996800,19.14637716593574,0.5350382455567002,100.03,0.0,0.0
td3_verified_history,1906996800,20.0,5.478060847028773,100.03999999999999,0.0,0.0
td3_verified_history,1906996800,21.750775425808655,2.8206292086240023,100.05000000000001,0.0,0.0
td3_verified_history,1906996800,26.302810688880378,1.3793658919973928,100.05000000000001,0.0,0.0
td3_verified_history,1906996800,27.0,1.396137075802039,100.09,0.0,0.0
td3_verified_history,1906996800,30.89386998416325,2.466726182344305,100.01,0.0,0.0
td3_verified_history,1906996800,33.33891886188345,0.4263264066554558,100.14,0.0,0.0
td3_verified_history,1906996800,36.601300829652864,10.965985852365554,100.21000000000001,0.0,0.0
td3_verified_history,1906996800,38.739058703648574,7.479958994085007,100.2,0.0,0.0
td3_verified_history,1906996800,41.10570811198957,8.009881084206086,100.22000000000001,0.0,0.0
td3_verified_history,1906996800,42.298734047947136,3.098435390717741,100.2,0.0,0.0
td3_verified_history,1906996800,43.38343267956275,2.150861722337125,100.30000000000001,0.0,0.0
td3_verified_history,1906996800,45.66186643644466,9.557588564508531,100.31,0.0,0.0
td3_verified_history,1906996800,50.25394374018871,5.001307790281311,100.16,0.0,0.0
td3_verified_history,1906996800,61.17929888887783,19.811984124863848,100.36000000000001,0.0,0.0
td3_verified_history,1906996800,62.13923244458894,0.1655978868069256,100.33000000000001,0.0,0.0
td3_verified_history,1906996800,63.0,3.724534318604619,100.25,0.0,0.0
td3_verified_history,1906996800,65.69977141447977,1.1539129831527184,100.32000000000001,0.0,0.0
td3_verified_history,1906996800,67.65351948283634,0.44607393308189336,100.25,0.0,0.0
td3_verified_history,61127876,1.0,0.23850116269165075,100.10000000000001,0.0,0.0
td3_verified_history,61127876,2.3547192069280083,1.1330170507946815,100.10000000000001,0.0,0.0
td3_verified_history,61127876,3.1564448197980863,0.30786563631854935,100.05000000000001,0.0,0.0
td3_verified_history,61127876,7.6434440273670585,3.092627877793346,99.97000000000001,0.0,0.0
td3_verified_history,61127876,8.806629868170836,8.100543446101545,99.98,0.0,0.0
td3_verified_history,61127876,12.816909039300397,3.356167743795212,99.93,0.0,0.0
td3_verified_history,61127876,14.112351115114596,1.2875114139570707,99.96000000000001,0.0,0.0
td3_verified_history,61127876,15.0,1.7970242348232355,99.97000000000001,0.0,0.0
td3_verified_history,61127876,16.680157199439616,0.5990769910322,99.98,0.0,0.0
td3_verified_history,61127876,17.232735337019907,3.288133786780315,99.98,0.0,0.0
td3_verified_history,61127876,18.997520728493992,18.341340822727755,100.02000000000001,0.0,0.0
td3_verified_history,61127876,23.72339281422751,4.118981450975594,100.13000000000001,0.0,0.0
td3_verified_history,61127876,24.052401992886345,5.227910850838034,100.11000000000001,0.0,0.0
td3_verified_history,61127876,25.0,2.9537869579689655,100.09,0.0,0.0
td3_verified_history,61127876,31.198738460925796,1.0993377662270718,100.01,0.0,0.0
td3_verified_history,61127876,32.43243344666908,0.10498967017064875,100.0,0.0,0.0
td3_verified_history,61127876,33.0,10.013372895048658,100.04,0.0,0.0
td3_verified_history,61127876,36.866271094463706,1.913077695269303,100.03,0.0,0.0
td3_verified_history,61127876,37.44357109229489,1.372680859417958,100.03,0.0,0.0
td3_verified_history,61127876,38.44699586645209,3.6570577175325343,100.02000000000001,0.0,0.0
td3_verified_history,61127876,40.264176422027084,0.9578911465797485,100.02000000000001,0.0,0.0
td3_verified_history,61127876,45.751275492846396,5.110143317187362,100.03999999999999,0.0,0.0
td3_verified_history,61127876,46.8134152630924,0.24206074151938733,100.07000000000001,0.0,0.0
td3_verified_history,61127876,57.85974403826182,0.44969409441971264,99.87,0.02664105174682163,2.664105174682163
td3_verified_history,61127876,63.0,2.0962636544902837,99.97,0.0,0.0
td3_verified_history,61127876,64.1338855349431,1.6411678256843658,100.2,0.0,0.0
td3_verified_history,61127876,65.38080977849187,16.643082843474016,100.2,0.0,0.0
td3_verified_history,347568478,0.0,5.6307300260376945,100.12,0.0,0.0
td3_verified_history,347568478,3.245800758563276,1.6717738893733236,100.12,0.0,0.0
td3_verified_history,347568478,4.156987505066592,1.0,100.10000000000001,0.0,0.0
td3_verified_history,347568478,7.268184017779378,0.12433095013158252,100.12,0.0,0.0
td3_verified_history,347568478,9.909782879832791,1.8968655059192359,100.12,0.0,0.0
td3_verified_history,347568478,10.228435959589401,0.8333019319847557,100.11000000000001,0.0,0.0
td3_verified_history,347568478,12.245522796876676,2.025842203612378,100.04,0.0,0.0
td3_verified_history,347568478,13.09193943234458,5.0,99.94,0.0,0.0
td3_verified_history,347568478,27.381505560463822,2.9151224611910855,99.7,0.008347739211572502,0.8347739211572502
td3_verified_history,347568478,28.0,2.4288258827239018,99.71000000000001,0.0,0.0
td3_verified_history,347568478,32.166598565005636,2.2483866481588293,99.53,0.15206193944673885,15.206193944673885
td3_verified_history,347568478,39.0,0.4976681866818169,99.52000000000001,0.16037119497953256,16.037119497953256
td3_verified_history,347568478,44.0,1.0,99.46000000000001,0.18785060445576107,18.785060445576107
td3_verified_history,347568478,47.28981265538168,17.0,99.5,0.1282885500528721,12.82885500528721
td3_verified_history,347568478,57.0,1.8079660911049849,99.51,0.013073209759326687,1.3073209759326687
td3_verified_history,347568478,58.0,6.370149482430386,99.51,0.0,0.0
td3_verified_history,347568478,68.44696995266483,13.432754937669102,99.49000000000001,0.0,0.0
td3_verified_history,347568478,84.87529865428024,1.2805157453958371,99.66000000000001,0.0,0.0
td3_verified_history,347568478,88.3043644935986,1.4083761000820019,99.66000000000001,0.0,0.0
td3_verified_history,347568478,96.48624505284752,1.1675291350237194,99.59,0.0,0.0
td3_verified_history,347568478,98.20642779399546,0.34741158175733877,99.59,0.0,0.0
td3_verified_history,347568478,102.8454496074516,3.101821265018955,99.63000000000001,0.0,0.0
td3_verified_history,347568478,104.73541995685791,12.561158060436389,99.59,0.0,0.0
td3_verified_history,703885857,0.0,1.0,100.03,0.0,0.0
td3_verified_history,703885857,3.963629862241679,3.852627129678683,100.12,0.0,0.0
td3_verified_history,703885857,5.964342941193874,2.6594604061822067,100.13000000000001,0.0,0.0
td3_verified_history,703885857,7.105430512382162,0.9118497405895977,100.12,0.0,0.0
td3_verified_history,703885857,9.0,1.0849198106669098,100.05,0.0,0.0
td3_verified_history,703885857,12.27104840153064,3.504438451393046,100.04,0.0,0.0
td3_verified_history,703885857,14.0,5.468554752257189,99.96000000000001,0.0,0.0
td3_verified_history,703885857,15.0,5.001967799859263,99.88000000000001,0.0194390325416407,1.94390325416407
td3_verified_history,703885857,17.272520058112477,2.0867855049999524,99.84,0.07563713128605798,7.563713128605798
td3_verified_history,703885857,20.727894813961967,13.043187439290428,99.81,0.08283579318636214,8.283579318636214
td3_verified_history,703885857,25.08065453042425,6.0,99.68,0.22219464017037183,22.219464017037183
td3_verified_history,703885857,29.093422527085718,4.70750233861142,99.71000000000001,0.16218788971914933,16.218788971914933
td3_verified_history,703885857,44.480895565305545,6.218133734107571,99.46000000000001,0.2839591330331501,28.395913303315012
td3_verified_history,703885857,61.23284211614784,1.0,99.47000000000001,0.0883586958679814,8.83586958679814
td3_verified_history,703885857,66.92159879926959,0.5379449324967692,99.59,0.0,0.0
td3_verified_history,703885857,67.66027793856681,3.1867213171668003,99.56,0.0,0.0
td3_verified_history,703885857,70.59602626980192,0.3589689272165238,99.5,0.0,0.0
td3_verified_history,703885857,73.39595685671924,9.078890329781196,99.61000000000001,0.0,0.0
td3_verified_history,703885857,75.26138508207649,0.965130166226484,99.60000000000001,0.0,0.0
td3_verified_history,703885857,77.57718343936293,0.9142037942571385,99.56,0.0,0.0
td3_verified_history,703885857,79.22162396110276,1.4078762362025024,99.53,0.0,0.0
td3_verified_history,703885857,84.23408251535781,1.6199333314015403,99.66000000000001,0.0,0.0
td3_verified_history,703885857,85.69838304836549,1.0330265387819488,99.66000000000001,0.0,0.0
td3_verified_history,703885857,89.82900425100101,3.4928596642078595,99.57000000000001,0.0,0.0
td3_verified_history,703885857,93.0,0.6996472580327168,99.66000000000001,0.0,0.0
td3_verified_history,703885857,94.0,12.0,99.66000000000001,0.0,0.0
td3_verified_history,703885857,96.84382965394856,7.628686220571783,99.59,0.0,0.0
td3_verified_history,403339875,0.0,7.870268268570355,100.12,0.0,0.0
td3_verified_history,403339875,8.933490815199908,0.20699615487302514,100.16000000000001,0.0,0.0
td3_verified_history,403339875,11.0,0.11919548019346307,100.09,0.0,0.0
td3_verified_history,403339875,12.782247885848822,7.578437716936051,100.07000000000001,0.0,0.0
td3_verified_history,403339875,15.401198614535984,5.9749342777069625,100.19000000000001,0.0,0.0
td3_verified_history,403339875,21.24358000724005,2.9840768939054865,100.19000000000001,0.0,0.0
td3_verified_history,403339875,25.881355620112835,0.689508889117797,100.27000000000001,0.0,0.0
td3_verified_history,403339875,27.205022183614588,2.131661026151827,100.24000000000001,0.0,0.0
td3_verified_history,403339875,30.0,1.7616290515556379,100.22000000000001,0.0,0.0
td3_verified_history,403339875,31.0,3.5330663111149594,100.21000000000001,0.0,0.0
td3_verified_history,403339875,32.0,2.9777346433843146,100.21000000000001,0.0,0.0
td3_verified_history,403339875,34.90834616297347,2.205728081019994,100.27000000000001,0.0,0.0
td3_verified_history,403339875,36.02011075960795,6.165780324620849,100.32000000000001,0.0,0.0
td3_verified_history,403339875,37.60416211985651,1.2654859917400603,100.05000000000001,0.0,0.0
td3_verified_history,403339875,38.47052021454867,2.552018498822521,99.92,0.10769001517589061,10.76900151758906
td3_verified_history,403339875,43.1377676006564,1.4486577499799262,100.38000000000001,0.0,0.0
td3_verified_history,403339875,46.267107962121656,3.910910714063804,100.43,0.0,0.0
td3_verified_history,403339875,51.26898958228245,6.158062612889109,100.48,0.0,0.0
td3_verified_history,403339875,52.0,1.6391822030080732,100.45,0.0,0.0
td3_verified_history,403339875,59.33424717472231,3.52539818072734,100.41000000000001,0.0,0.0
td3_verified_history,403339875,60.86479186254009,7.607599909891853,100.42,0.0,0.0
td3_verified_history,403339875,65.39734387780689,5.0008812084649605,100.38000000000001,0.0,0.0
td3_verified_history,403339875,68.84937245305503,1.1332384728237301,100.32000000000001,0.0,0.0
td3_verified_history,403339875,73.0,1.4964297095917487,100.41000000000001,0.0,0.0
td3_verified_history,403339875,78.0,0.18769481944685207,100.37,0.0,0.0
td3_verified_history,403339875,79.29954544523395,1.69581768881285,100.46000000000001,0.0,0.0
td3_verified_history,403339875,80.97363386141413,3.1210976053188824,100.43,0.0,0.0
td3_verified_history,403339875,86.79635844978851,0.3972214735286432,100.5,0.0,0.0
td3_verified_history,403339875,89.6748794200924,14.0,100.49000000000001,0.0,0.0
td3_verified_history,149372970,1.8881992181117524,2.631983132286585,100.10000000000001,0.0,0.0
td3_verified_history,149372970,8.0,0.8465499791892722,99.99,0.013243034264576181,1.3243034264576181
td3_verified_history,149372970,10.371297462754193,0.7571817855397798,100.04,0.0,0.0
td3_verified_history,149372970,11.582225164513485,6.0,100.08,0.0,0.0
td3_verified_history,149372970,12.246781350547558,6.0,100.16,0.0,0.0
td3_verified_history,149372970,15.401955590687646,2.0,100.11,0.0,0.0
td3_verified_history,149372970,18.0,1.0213689864789774,100.28,0.0,0.0
td3_verified_history,149372970,21.39053932827529,0.5542284119707501,100.25,0.0,0.0
td3_verified_history,149372970,26.0,4.720391982059198,100.26,0.0,0.0
td3_verified_history,149372970,30.240023162361148,8.162979497169736,100.19000000000001,0.03874838098047917,3.874838098047917
td3_verified_history,149372970,34.69947737214319,9.83086475430588,100.38000000000001,0.0,0.0
td3_verified_history,149372970,42.18359551828546,0.791954238697424,100.46000000000001,0.0,0.0
td3_verified_history,149372970,44.33539634322834,0.22191411366148645,100.38000000000001,0.0,0.0
td3_verified_history,149372970,48.04626698249025,12.329067621288885,100.43,0.0,0.0
td3_verified_history,149372970,49.0,3.290978723430064,100.48,0.0,0.0
td3_verified_history,149372970,50.0,0.8227592437879534,100.51,0.0,0.0
td3_verified_history,149372970,51.99850396081366,1.4011509077337436,100.5,0.0,0.0
td3_verified_history,149372970,52.94574044665372,3.0,100.48,0.0,0.0
td3_verified_history,149372970,53.553366180403664,14.38234809940296,100.5,0.0,0.0
td3_verified_history,149372970,54.23127299309693,9.591434555206789,100.56,0.0,0.0
td3_verified_history,149372970,56.46019212848379,8.227654573143603,100.55000000000001,0.0,0.0
td3_verified_history,149372970,61.92483818052861,2.0,100.48,0.0,0.0
td3_verified_history,149372970,65.95715945942658,0.32811062168626104,100.46000000000001,0.0,0.0
td3_verified_history,149372970,69.08734224949188,1.0,100.38,0.0,0.0
td3_verified_history,1225951174,1.9632976165014602,0.6193007169728537,100.10000000000001,0.0,0.0
td3_verified_history,1225951174,2.4637023111265695,1.762515666232472,100.10000000000001,0.0,0.0
td3_verified_history,1225951174,5.0,0.8417152054976229,100.0,0.0,0.0
td3_verified_history,1225951174,6.0,1.0445831073548986,100.0,0.0,0.0
td3_verified_history,1225951174,7.202352093683308,2.2896419925305462,99.97000000000001,0.0,0.0
td3_verified_history,1225951174,8.0,0.984988318054612,99.98,0.0,0.0
td3_verified_history,1225951174,16.092378584442315,4.839210859272543,99.98,0.0,0.0
td3_verified_history,1225951174,21.704370573605495,8.705054479624234,100.07000000000001,0.0,0.0
td3_verified_history,1225951174,23.921316695792477,0.40876086641662057,100.13000000000001,0.0,0.0
td3_verified_history,1225951174,25.343889283653414,7.765550718878102,100.09,0.0,0.0
td3_verified_history,1225951174,29.674550551802824,4.153415041917462,100.09,0.0,0.0
td3_verified_history,1225951174,38.0,4.836498770498042,100.0,0.0,0.0
td3_verified_history,1225951174,40.442346408730415,1.0592382609953719,100.02000000000001,0.0,0.0
td3_verified_history,1225951174,46.53318302744331,0.4258162359520597,100.08000000000001,0.0,0.0
td3_verified_history,1225951174,47.0,0.3807427979797151,100.03,0.0,0.0
td3_verified_history,1225951174,56.0,3.5634601109829367,99.89,0.034017299211555496,3.4017299211555496
td3_verified_history,1225951174,61.50175520087453,3.348986779465909,99.91000000000001,0.035215127082807385,3.5215127082807385
td3_verified_history,1225951174,68.9291746012742,1.248397521010603,100.43,0.0,0.0
td3_verified_history,1225951174,70.40795818918134,6.675622024402333,100.57000000000001,0.0,0.0
td3_verified_history,1225951174,71.9224125007235,1.0982163129329392,100.57000000000001,0.0,0.0
td3_verified_history,1225951174,73.82586284485912,6.306930186303869,100.58000000000001,0.0,0.0
td3_verified_history,1225951174,82.92550855628163,5.745933376451684,100.43,0.0,0.0
td3_verified_history,1225951174,98.57726357288192,0.10233040969061113,100.61000000000001,0.0,0.0
td3_verified_history,1225951174,100.1781930731679,1.4202543558146459,100.64,0.0,0.0
td3_verified_history,1225951174,106.42821344683631,3.2032398538141127,100.65,0.0,0.0
td3_verified_history,1225951174,107.71919282904074,1.8863061443174223,100.64,0.0,0.0
td3_verified_history,1225951174,111.87532868373869,18.968092846637916,100.47000000000001,0.0,0.0
td3_verified_history,1225951174,113.16262901360176,6.0,100.59,0.0,0.0
td3_verified_history,1090959807,0.0,5.107842503569304,100.12,0.0,0.0
td3_verified_history,1090959807,1.0,1.7445361493229554,100.14,0.0,0.0
td3_verified_history,1090959807,4.38193679589698,1.9224328587360884,100.18,0.0,0.0
td3_verified_history,1090959807,6.341465710094361,2.377247086326726,100.15,0.0,0.0
td3_verified_history,1090959807,8.20093649587421,6.620880029788475,100.02000000000001,0.2651769415427907,26.51769415427907
td3_verified_history,1090959807,11.52178539929567,1.7364661752131079,100.15,0.0,0.0
td3_verified_history,1090959807,13.039812493310633,5.165254299272206,100.18,0.0,0.0
td3_verified_history,1090959807,15.317109913542954,2.32718962225285,99.98,0.03502423684305711,3.502423684305711
td3_verified_history,1090959807,18.13189624690727,1.0,99.94,0.06746143358844847,6.746143358844847
td3_verified_history,1090959807,39.68343950027463,2.3141239365193007,99.92,0.10326979124707236,10.326979124707236
td3_verified_history,1090959807,43.505562818021495,24.377149202654877,99.92,0.09696061732499572,9.696061732499572
td3_verified_history,1090959807,47.04449730169541,8.823910597741648,99.91000000000001,0.0680628634515017,6.80628634515017
td3_verified_history,1090959807,49.48916230576794,6.073772803591826,99.87,0.07197509407245661,7.197509407245661
td3_verified_history,1090959807,51.65075145416564,2.4389211417281196,99.86000000000001,0.06760022110718467,6.760022110718467
td3_verified_history,1090959807,57.4762637900393,4.8765946060058605,99.89,0.0,0.0
td3_verified_history,1090959807,63.49667855616107,3.057647240220023,99.91000000000001,0.0,0.0
td3_verified_history,1090959807,67.03507878625706,1.6208069404591636,99.87,0.0,0.0
td3_verified_history,1090959807,68.0,2.0,99.93,0.0,0.0
td3_verified_history,1090959807,71.0,0.29201177759169916,99.92,0.0,0.0
td3_verified_history,1090959807,73.03586831936488,1.0311132309773308,99.94000000000001,0.0,0.0
td3_verified_history,1090959807,77.07971028561485,6.0,99.96000000000001,0.0,0.0
td3_verified_history,1090959807,79.61001563350243,0.713379491571821,99.95,0.0,0.0
td3_verified_history,1090959807,81.34978386331207,4.0,99.98,0.0,0.0
td3_verified_history,1090959807,84.38692061315736,0.8300149789733786,100.02000000000001,0.0,0.0
td3_verified_history,1090959807,88.67331284281664,2.3960327133136374,99.9,0.0,0.0
td3_verified_history,1090959807,90.05396020818696,1.0,99.97,0.0,0.0
td3_verified_history,1139004766,0.0,1.3702413968870764,100.12,0.0,0.0
td3_verified_history,1139004766,1.7838659167142517,0.24726620903278582,100.13000000000001,0.0,0.0
td3_verified_history,1139004766,2.5443675462826127,3.4490382661180887,100.04,0.0,0.0
td3_verified_history,1139004766,3.7205146519094274,0.1301427875321101,99.96000000000001,0.0,0.0
td3_verified_history,1139004766,14.030463545359419,1.0901725619963936,100.12,0.0,0.0
td3_verified_history,1139004766,16.341361433631583,12.655703516595079,100.09,0.0,0.0
td3_verified_history,1139004766,17.218954737331813,6.044042300533132,100.10000000000001,0.0,0.0
td3_verified_history,1139004766,19.464224568123498,0.927862697712213,100.10000000000001,0.0,0.0
td3_verified_history,1139004766,20.511755998068743,2.3565660469842116,100.08000000000001,0.0,0.0
td3_verified_history,1139004766,23.0,0.5791326028489747,100.13,0.0,0.0
td3_verified_history,1139004766,24.091945526759478,0.06255041754583596,100.16000000000001,0.0,0.0
td3_verified_history,1139004766,26.0,2.1551877543253832,100.28,0.0,0.0
td3_verified_history,1139004766,33.0,0.7228168264278918,100.24000000000001,0.0,0.0
td3_verified_history,1139004766,37.0,2.9240071954398603,100.25,0.0,0.0
td3_verified_history,1139004766,38.0,7.07227801432575,100.28,0.0,0.0
td3_verified_history,1139004766,41.71268038415106,0.47430104818625207,100.23,0.0,0.0
td3_verified_history,1139004766,43.0,28.01729032312252,100.2,0.0,0.0
td3_verified_history,1139004766,44.0,0.12115757189239423,100.2,0.0,0.0
td3_verified_history,1139004766,47.0,4.703427806614721,100.14,0.0,0.0
td3_verified_history,1139004766,48.0,0.2934587928567554,100.14,0.0,0.0
td3_verified_history,1139004766,49.54317446162863,1.601498970299562,100.12,0.0,0.0
td3_verified_history,1139004766,52.28602659567508,2.207396815702719,100.01,0.029610264344711368,2.961026434471137
td3_verified_history,1139004766,53.325598911397236,0.7227246854258161,100.02000000000001,0.016511360383631768,1.6511360383631768
td3_verified_history,1139004766,57.726083117963526,1.0232975626912642,100.05000000000001,0.0,0.0
td3_verified_history,1139004766,58.437855991449936,1.190762576108024,100.07000000000001,0.0,0.0
td3_verified_history,1139004766,61.04809896825241,0.1268768852747383,100.12,0.0,0.0
td3_verified_history,1139004766,62.0,2.9537120558761543,100.0,0.0,0.0
td3_verified_history,1139004766,63.0,5.90147793833522,100.05,0.0,0.0
td3_verified_history,1139004766,64.0,0.08697274017643031,99.99,0.0,0.0
td3_verified_history,1139004766,74.4093733339796,3.0,100.00999999999999,0.0,0.0
td3_verified_history,1139004766,77.0,2.6772932242701475,100.04,0.0,0.0
td3_verified_history,1139004766,78.0,3.0,99.99,0.0,0.0
td3_verified_history,78312607,0.0,2.0584599394568843,100.12,0.0,0.0
td3_verified_history,78312607,2.4667428562618468,1.2473381752138453,100.16000000000001,0.0,0.0
td3_verified_history,78312607,3.0,7.292139057057737,100.17,0.0,0.0
td3_verified_history,78312607,8.0,1.5295744922393628,100.11000000000001,0.0,0.0
td3_verified_history,78312607,9.314488659239283,1.4436129157369093,100.09,0.0,0.0
td3_verified_history,78312607,19.37670600918019,6.986554137527136,99.81,0.12015124918339382,12.015124918339382
td3_verified_history,78312607,21.51789432052787,6.712370455356602,99.88000000000001,0.017773721313986357,1.7773721313986357
td3_verified_history,78312607,22.018501371117164,0.5195650019255758,99.87,0.0003114574217875088,0.03114574217875088
td3_verified_history,78312607,26.0457909493999,0.36693923978163856,99.81,0.06796879745488127,6.796879745488127
td3_verified_history,78312607,31.09507351391329,4.322269037299004,99.85000000000001,0.04292775937069848,4.292775937069848
td3_verified_history,78312607,34.98260004413471,1.1361830665825012,99.94000000000001,0.0,0.0
td3_verified_history,78312607,37.7743467778193,1.0211831171698118,99.88000000000001,0.0,0.0
td3_verified_history,78312607,40.825381615714896,6.71798599798052,99.87,0.0,0.0
td3_verified_history,78312607,42.82719522368578,6.867490337187067,99.96000000000001,0.0,0.0
td3_verified_history,78312607,47.71059206567308,0.4371981632077622,99.91000000000001,0.0,0.0
td3_verified_history,78312607,50.679808541742496,3.1518992839091737,99.89,0.0,0.0
td3_verified_history,78312607,59.17168666669567,0.1764751999377343,99.92,0.0,0.0
td3_verified_history,78312607,66.54410102174992,0.05470633757612514,99.88000000000001,0.0,0.0
td3_verified_history,78312607,67.48175024873656,10.716998358196868,99.94000000000001,0.0,0.0
td3_verified_history,78312607,69.82698392368346,3.491366291445041,99.91000000000001,0.0,0.0
td3_verified_history,78312607,71.5956056628143,4.081932977718679,99.92,0.0,0.0
td3_verified_history,78312607,76.83355950613281,10.202108732629506,99.94000000000001,0.0,0.0
td3_verified_history,78312607,83.0,0.6459187014716572,100.04,0.0,0.0
td3_verified_history,78312607,84.0,3.0395395925447324,100.02000000000001,0.0,0.0
td3_verified_history,78312607,94.30750850361468,3.7865397842188724,100.18,0.0,0.0
td3_verified_history,78312607,104.0,0.11787528049722171,100.04,0.0,0.0
td3_verified_history,78312607,106.0654929994207,3.0070756952530626,100.12,0.0,0.0
td3_verified_history,78312607,108.0,1.0,100.09,0.0,0.0
td3_verified_history,78312607,112.01827758103197,4.340455911525302,100.17,0.0,0.0
td3_verified_history,78312607,113.0,1.7293615159775442,100.17,0.0,0.0
td3_verified_history,78312607,114.0,1.0,100.21000000000001,0.0,0.0
td3_verified_history,1033510371,0.0,0.28654168984509154,100.06,0.0,0.0
td3_verified_history,1033510371,3.0766736344974697,4.0484418491015575,100.05000000000001,0.0,0.0
td3_verified_history,1033510371,8.018695446275013,10.065387037879844,99.98,0.0,0.0
td3_verified_history,1033510371,9.0,2.68245806421051,99.91,0.0,0.0
td3_verified_history,1033510371,17.0,4.909544324237139,99.98,0.0,0.0
td3_verified_history,1033510371,22.00908041613002,6.387387512470135,100.10000000000001,0.0,0.0
td3_verified_history,1033510371,25.0,2.3370530410688644,100.01,0.0,0.0
td3_verified_history,1033510371,26.82689558586563,2.7497337029522986,100.07,0.0,0.0
td3_verified_history,1033510371,28.67567465283,17.30781696992682,100.10000000000001,0.0,0.0
td3_verified_history,1033510371,30.97173613176189,3.879820666719265,100.04,0.0,0.0
td3_verified_history,1033510371,33.507502233336844,12.0,100.02,0.0,0.0
td3_verified_history,1033510371,39.45044883733568,3.217839394755185,100.04,0.0,0.0
td3_verified_history,1033510371,44.909423657815545,2.8540005719884416,100.02,0.0,0.0
td3_verified_history,1033510371,47.01777664136932,14.26395982363638,100.03,0.0,0.0
td3_verified_history,1033510371,51.23378193904475,8.20060631643142,100.0,0.0,0.0
td3_verified_history,1033510371,64.25303678606384,0.41533298288429854,100.16,0.0,0.0
td3_verified_history,1033510371,66.0,4.0,100.31,0.0,0.0
td3_verified_history,2102468923,0.0,3.9463194717902517,100.12,0.0,0.0
td3_verified_history,2102468923,2.8261386960350743,7.337861590434219,100.16000000000001,0.0,0.0
td3_verified_history,2102468923,6.06364829411743,4.7203917701644205,100.15,0.0,0.0
td3_verified_history,2102468923,7.974780890824999,0.2496179746503237,100.18,0.0,0.0
td3_verified_history,2102468923,11.882614737225962,0.7152465059676645,100.16000000000001,0.0,0.0
td3_verified_history,2102468923,13.711334589789772,4.507201256689529,100.18,0.0,0.0
td3_verified_history,2102468923,17.514084976186265,14.434589491450192,99.96000000000001,0.0,0.0
td3_verified_history,2102468923,29.469893389997136,4.264703084167505,99.84,0.027323509846326033,2.7323509846326033
td3_verified_history,2102468923,31.65590604594135,2.7504837422213635,99.85000000000001,0.0,0.0
td3_verified_history,2102468923,34.643969483859166,6.748542067157297,99.93,0.0,0.0
td3_verified_history,2102468923,35.948705527714765,1.539252994784878,99.94000000000001,0.0,0.0
td3_verified_history,2102468923,40.57375806906411,0.3275961323001493,99.94000000000001,0.0,0.0
td3_verified_history,2102468923,44.408935809813634,0.18204145620876844,99.88000000000001,0.0,0.0
td3_verified_history,2102468923,46.106258774325674,3.0655609075285075,99.91000000000001,0.0,0.0
td3_verified_history,2102468923,54.2050003323795,18.64194270325028,99.95,0.0,0.0
td3_verified_history,2102468923,63.09185044162329,0.373058317514129,99.91000000000001,0.0,0.0
td3_verified_history,2102468923,65.0,2.3334969172393154,99.86999999999999,0.0,0.0
td3_verified_history,2102468923,66.0,14.471434197731487,99.88000000000001,0.0,0.0
td3_verified_history,2102468923,74.22658938644211,2.6238072261305208,99.92,0.0,0.0
td3_verified_history,2102468923,80.33981911896097,2.0,99.95,0.0,0.0
td3_verified_history,2102468923,81.0,4.0,100.03,0.0,0.0
td3_verified_history,1290731514,0.0,0.94728105612077,100.12,0.0,0.0
td3_verified_history,1290731514,5.241700160230915,22.857319965468374,99.97000000000001,0.02991800564623759,2.991800564623759
td3_verified_history,1290731514,11.162665318563052,0.7687489061414257,100.09,0.0,0.0
td3_verified_history,1290731514,12.0,10.196764891713382,100.03,0.0,0.0
td3_verified_history,1290731514,13.0,0.16951937923397592,100.07000000000001,0.0,0.0
td3_verified_history,1290731514,14.0,1.7898729801331255,100.12,0.0,0.0
td3_verified_history,1290731514,15.094030416317176,7.037417646237518,100.08000000000001,0.0,0.0
td3_verified_history,1290731514,17.053059686028202,2.1315124669353147,100.10000000000001,0.0,0.0
td3_verified_history,1290731514,19.075347140059577,5.551659129161077,100.10000000000001,0.0,0.0
td3_verified_history,1290731514,22.0151412648952,3.241448004341398,100.03000000000002,0.037719242744728376,3.7719242744728376
td3_verified_history,1290731514,23.0,0.7522715097167736,100.13,0.0,0.0
td3_verified_history,1290731514,28.225649427331884,2.417149039164018,100.28,0.0,0.0
td3_verified_history,1290731514,33.01775418129376,3.2505910066580888,100.24000000000001,0.0,0.0
td3_verified_history,1290731514,34.0,1.6384362404528845,100.21000000000001,0.0,0.0
td3_verified_history,1290731514,43.20772289178928,0.5330506310454339,100.2,0.0,0.0
td3_verified_history,1290731514,51.0,16.55385194538868,100.10000000000001,0.0,0.0
td3_verified_history,1290731514,54.949397064424076,1.0,100.07000000000001,0.013235934065306765,1.3235934065306765
td3_verified_history,1290731514,59.17231184391264,0.8504799130081853,100.09,0.0,0.0
td3_verified_history,1290731514,60.550755388072425,0.8123645503450406,100.11000000000001,0.0,0.0
td3_verified_history,1290731514,67.53162770329472,0.9043894617224075,100.02000000000001,0.049374078406117405,4.9374078406117405
td3_verified_history,1290731514,68.35413725058851,6.73240785157602,100.01,0.04765900473358897,4.765900473358897
td3_verified_history,1290731514,69.72679807331008,9.0,100.05000000000001,0.00018101016520688518,0.018101016520688518
td3_verified_history,914900708,2.084388952625706,2.0569442735120886,100.11000000000001,0.0,0.0
td3_verified_history,914900708,3.526047169228758,1.3334874980718003,100.16000000000001,0.0,0.0
td3_verified_history,914900708,4.5412760088468,2.7544705751136913,100.14,0.0,0.0
td3_verified_history,914900708,8.180001896195385,3.068891044904607,100.10000000000001,0.0,0.0
td3_verified_history,914900708,9.107930492080373,3.248467016877789,100.14,0.0,0.0
td3_verified_history,914900708,12.0,5.801734188986729,100.11000000000001,0.0,0.0
td3_verified_history,914900708,15.346581036628754,4.543707690866212,100.11,0.0,0.0
td3_verified_history,914900708,17.0,6.081680162677484,100.13000000000001,0.0,0.0
td3_verified_history,914900708,19.391878305256288,8.732946029585007,100.06,0.0,0.0
td3_verified_history,914900708,23.286452614406063,12.933898708303246,100.09,0.0,0.0
td3_verified_history,914900708,25.8153435311893,0.5185637385779004,100.17,0.0,0.0
td3_verified_history,914900708,27.100505297826984,1.2451713938030093,100.2,0.0,0.0
td3_verified_history,914900708,31.257442646516136,0.07134271951400814,100.11000000000001,0.0,0.0
td3_verified_history,914900708,32.40055381081583,18.000000000000004,100.12,0.0,0.0
td3_verified_history,914900708,38.93805702905918,0.6061077917078181,100.13000000000001,0.0,0.0
td3_verified_history,914900708,44.35114428527095,1.8390681508706677,100.09,0.0,0.0
td3_verified_history,914900708,45.41459081321804,4.560014049698142,99.99000000000001,0.046623098057537504,4.66230980575375
td3_verified_history,914900708,47.305802190632114,0.07859600563217231,100.15,0.0,0.0
td3_verified_history,914900708,53.260854989534415,0.7367640553489105,100.17,0.0,0.0
td3_verified_history,914900708,58.0,1.4538967705030148,100.08,0.0,0.0
td3_verified_history,914900708,59.53757414318311,0.2548720100680374,100.06,0.0,0.0
td3_verified_history,914900708,63.486202546730766,2.361573749213696,99.92,0.11719706694559306,11.719706694559306
td3_verified_history,914900708,76.44495999184659,1.1171029322353574,100.03,0.0,0.0
td3_verified_history,914900708,78.07666225872455,6.317528261585811,100.07000000000001,0.0,0.0
td3_verified_history,914900708,84.09102213208965,6.409362795297709,100.11000000000001,0.0,0.0
td3_verified_history,914900708,85.0,0.3694459478768775,100.08,0.0,0.0
td3_verified_history,914900708,86.46250566843403,0.0783029113515642,100.05000000000001,0.0,0.0
td3_verified_history,914900708,90.0,2.4114332240638654,100.06,0.0,0.0
td3_verified_history,914900708,101.6170220128233,1.0,99.93,0.0505001883675078,5.05001883675078
