policy,env_seed,objective,auction_value,opening_inventory,final_inventory,cancels
original,1202632574,3.4567000178972944,-0.15791754731701263,13.061143661091123,13.178713967544287,9
diagnostic_auction_transfer,1202632574,3.7740156406872103,0.15939807547288268,13.061143661091123,11.921143661091087,0
original,2124558654,-46.244741074703256,-9.094947017729283e-15,32.805012019614566,32.80501201961458,0
diagnostic_auction_transfer,2124558654,-43.53172282021407,2.713018254488755,32.805012019614566,29.174670908267235,2
original,1714748616,8.024295314007457,-0.13614824552385335,0.6587023010477111,0.4864079756924574,11
diagnostic_auction_transfer,1714748616,7.611599019670751,-0.5488445398616268,0.6587023010477111,-2.664187006308394,1
original,1898011230,22.985207386140992,-0.35683186598913424,0.45797673910504955,0.4504767391050386,19
diagnostic_auction_transfer,1898011230,23.155457072432643,-0.18658217969687416,0.45797673910504955,0.7969009432850118,10
original,767118193,40.32125396158433,-0.15042097483419753,0.3035302227832233,-2.618432982735864,14
diagnostic_auction_transfer,767118193,39.0609745264187,-1.4107004099998262,0.3035302227832233,-11.591469777216581,11
original,1003775508,4.976716390415786,0.17172838388853578,0.8542907438028919,-2.1632092561974847,0
diagnostic_auction_transfer,1003775508,4.9165466646736835,0.1115586581480317,0.8542907438028919,-1.0321265507830673,2
original,539531727,4.29189211315644,-0.057037842432509686,0.2834963462904909,0.21599634629043862,5
diagnostic_auction_transfer,539531727,4.362073903599011,0.013143948008893468,0.2834963462904909,0.603030404561475,0
original,1573914570,19.99901704404242,-0.13245923410460095,0.10650462760376911,-1.0076801154956976,3
diagnostic_auction_transfer,1573914570,19.446734332449356,-0.6847419456986298,0.10650462760376911,-3.9955817782688596,14
original,651671679,37.31326498641413,-0.2610676408853303,8.230766410249814,8.206207848614378,12
diagnostic_auction_transfer,651671679,37.156398373197945,-0.41793425410256313,8.230766410249814,8.243266410249815,24
original,1245736900,7.0408015576576295,-0.0014688500382617799,0.23430279181778246,0.4889658976966196,2
diagnostic_auction_transfer,1245736900,6.372680358875139,-0.6695900488206118,0.23430279181778246,-4.890415082872859,1
original,437248997,11.466878339538551,-0.0005991371226512499,0.8752999704045266,1.5127999704045738,4
diagnostic_auction_transfer,437248997,11.316779515867227,-0.15069796079315162,0.8752999704045266,-0.46470002959541823,2
original,65203010,-83.86544997863965,1.027853742965007,38.85147989044414,37.46647989044451,6
diagnostic_auction_transfer,65203010,-80.2202573817128,4.673046339891487,38.85147989044414,32.35626782790271,2
original,1677984384,-12.791157136254798,0.002979056899056017,3.7357335445962008,3.6807335445962,0
diagnostic_auction_transfer,1677984384,-12.72158522325706,0.07255096989690252,3.7357335445962008,1.4786867841705416,0
original,1783535484,-1.8635813150330842,1.2289940916072228,18.817902082666123,11.869478797557678,0
diagnostic_auction_transfer,1783535484,-1.8262086906038586,1.266366716035229,18.817902082666123,10.499254944939057,13
original,735439411,-20.766591702357623,-0.2537533149194082,17.662541776857168,17.81504177685715,11
diagnostic_auction_transfer,735439411,-19.51715059627383,0.9956877911632228,17.662541776857168,7.592066552229728,8
original,159187088,-6.240679352081323,-0.4888360706034767,0.5339132855398816,1.0957468142061562,20
diagnostic_auction_transfer,159187088,-6.0343469584024705,-0.2825036769263588,0.5339132855398816,0.7580950154697238,18
original,1695559284,-30.539386588546087,-0.775055168537166,24.145209440069706,24.424928763878242,29
diagnostic_auction_transfer,1695559284,-31.613149378955285,-1.8488179589461977,24.145209440069706,25.650810323957504,0
original,1735530327,-23.163812208653447,-0.2761799871714482,27.227120104006417,27.54962010400714,3
diagnostic_auction_transfer,1735530327,-18.516193491637043,4.37143872984645,27.227120104006417,21.532120104006257,0
original,1680799361,-10.250752894303329,-0.09360551986426968,9.525233292195935,9.690233292196034,2
diagnostic_auction_transfer,1680799361,-10.56052574678182,-0.40337837234207113,9.525233292195935,10.73023329219653,6
original,560780911,-3.541060394976667,-0.1341956211773743,0.6546423622988868,0.48079112942457497,8
diagnostic_auction_transfer,560780911,-3.5264494109669866,-0.11958463716643081,0.6546423622988868,1.2296423622989394,7
original,1247136764,22.589021919850705,-0.07321813060511877,13.982829569763794,13.97300194340461,4
diagnostic_auction_transfer,1247136764,22.617842997606147,-0.04439705284941665,13.982829569763794,14.000329569763796,2
original,1770963861,-36.378392978382074,-0.0018534178690886647,0.9186046828950793,0.7765621646192413,0
diagnostic_auction_transfer,1770963861,-36.511841440531846,-0.13530188001853935,0.9186046828950793,-1.1773510260339872,5
original,1877734138,7.805260142089707,0.0014797088183079133,0.2859910653321691,0.7513277720481741,1
diagnostic_auction_transfer,1877734138,7.6094401029736725,-0.19434033029814313,0.2859910653321691,-2.8915089346680265,3
original,80487468,-62.06612855746373,-0.5453147583355525,36.34758754399239,36.79847428040105,12
diagnostic_auction_transfer,80487468,-57.50606840889515,4.014745390232033,36.34758754399239,30.288159093034814,4
original,1828126960,26.873383137373928,0.1492697005208253,17.817117850776455,16.521247770507244,17
diagnostic_auction_transfer,1828126960,26.50365757550602,-0.22045586134552048,17.817117850776455,17.787247799613947,11
original,1979006041,-17.545814764846394,0.01057395098049594,0.9069886864714221,1.6294886864719,0
diagnostic_auction_transfer,1979006041,-18.13683216046609,-0.5804434446393143,0.9069886864714221,-4.819974693190882,11
original,1405686337,13.517717700016274,0.028364752967933792,11.950044492811799,11.808276047359017,1
diagnostic_auction_transfer,1405686337,12.214737624250542,-1.2746153227977628,11.950044492811799,14.923040975074473,0
original,1002042369,15.5651262190879,-0.014722348386994735,0.7016967925093809,0.640340962329471,1
diagnostic_auction_transfer,1002042369,15.60905542123469,0.029206853758355175,0.7016967925093809,-2.5133032074907073,1
original,1195216106,34.78039025156271,-0.3740997457723622,0.3937148970468627,0.4061846838481664,21
diagnostic_auction_transfer,1195216106,34.71596168499534,-0.4385283123397343,0.3937148970468627,0.7796426451458633,28
original,644499193,-43.539189738258465,-6.829349688117646,38.922545116496075,47.23504511649632,0
diagnostic_auction_transfer,644499193,-39.994317481624925,-3.2844774314840945,38.922545116496075,43.16631942912464,4
original,1300737978,4.468555241925716,0.11569046823179835,21.506727033604207,20.56672703360412,17
diagnostic_auction_transfer,1300737978,4.851293113840255,0.498428340146024,21.506727033604207,20.396727033604186,0
original,1073351039,12.149326770826168,-0.10498552552866415,0.8159283914620801,-1.81157160853783,0
diagnostic_auction_transfer,1073351039,12.23437197888554,-0.019940317471119143,0.8159283914620801,-0.06907160853784089,0
original,2137582184,-4.482250479038034,0.48601294908442827,16.932449686083856,14.397449686083917,1
diagnostic_auction_transfer,2137582184,-4.624613931008968,0.34364949711371223,16.932449686083856,14.879949686083965,6
original,1676359236,-9.819369218613778,-0.2629212682168514,0.4377683260367746,-3.3322316739637277,2
diagnostic_auction_transfer,1676359236,-9.865417353459252,-0.30896940306360865,0.4377683260367746,-2.2822316739635777,16
original,723651683,15.614839730019659,-0.07480871883127414,2.518809796643467,2.3284505042279475,5
diagnostic_auction_transfer,723651683,15.686706447391327,-0.002942001458858217,2.518809796643467,2.460215566013834,0
original,1419637598,-29.3202105286718,-0.4082417530560444,11.51521341570934,11.852713415709356,13
diagnostic_auction_transfer,1419637598,-27.317938534601318,1.594030241014688,11.51521341570934,4.0202134157099465,12
original,1075391219,21.91648195439353,-0.39020216928270496,0.7512973137825725,0.7635998282494797,22
diagnostic_auction_transfer,1075391219,21.073511069955945,-1.2331730537212997,0.7512973137825725,-7.2281509838248805,9
original,477512663,-3.4599923323273476,-0.13250531581187786,0.4203133794968892,0.5306030228061713,9
diagnostic_auction_transfer,477512663,-3.335992332329167,-0.00850531581187349,0.4203133794968892,0.5306030228062026,3
original,1134358697,-152.39299590327295,-0.1300192126893851,53.3964395772161,53.551439577216115,2
diagnostic_auction_transfer,1134358697,-152.35536251362493,-0.09238582303936119,53.3964395772161,53.23766503368625,11
original,1084076430,28.519614028288018,-0.06504610120299845,6.042270326352494,5.56801518106658,2
diagnostic_auction_transfer,1084076430,28.363617224583635,-0.22104290490733144,6.042270326352494,5.872303074021189,15
original,707212436,22.168108406954172,-0.264824289264739,0.370901465767119,0.3144353537590777,19
diagnostic_auction_transfer,707212436,21.507119136279396,-0.9258135599384675,0.370901465767119,-5.089098534234185,1
original,1876244211,-2.178089854576366,-0.010329180915687275,25.035120621086136,25.08645447971275,0
diagnostic_auction_transfer,1876244211,-1.551889136785042,0.6158715368748624,25.035120621086136,8.79383434057171,1
original,1130414172,-34.924047601900305,0.0026824259777127185,0.5441776282588222,0.4066776282587945,0
diagnostic_auction_transfer,1130414172,-35.29773002787785,-0.37099999999999983,0.5441776282588222,0.5441776282587973,22
original,1202113902,12.996063077668069,-0.18413593631705943,0.7406273658810107,0.7156273658810246,11
diagnostic_auction_transfer,1202113902,11.387840651488572,-1.792358362499259,0.7406273658810107,-10.577208879211112,0
original,1903116756,12.04570799441216,-0.049854056851206086,0.969356618928586,0.9668981134335504,2
diagnostic_auction_transfer,1903116756,12.127606816056568,0.0320447647920019,0.969356618928586,-2.3906433810715546,1
original,422761302,43.90116917432289,-0.12034409994242945,0.6333550999281101,1.2076245956590568,10
diagnostic_auction_transfer,422761302,43.97453783522871,-0.04697543903653537,0.6333550999281101,1.2795067201157124,7
original,716995144,-26.470768626427507,1.257799555368982,43.14077162645003,41.60204366499627,0
diagnostic_auction_transfer,716995144,-17.154986288367247,10.573581893430005,43.14077162645003,27.203271626451706,0
original,2053878917,23.238278321453627,-0.7580659798009177,0.0008913524648193061,-3.481608647535669,2
diagnostic_auction_transfer,2053878917,22.26999081789885,-1.7263534833538925,0.0008913524648193061,-6.566608647535819,14
original,581815267,-19.45439101922615,-0.49430850497547746,0.3328653086571052,0.8553653086571309,24
diagnostic_auction_transfer,581815267,-19.316320635276053,-0.3562381210247187,0.3328653086571052,0.417865308657106,25
original,152599839,-19.44767403465353,1.4486930444800745,22.2144457450307,20.504445745030683,0
diagnostic_auction_transfer,152599839,-20.781489637537344,0.11487744159684563,22.2144457450307,22.05694574503071,2
original,1477827732,-37.29548735181736,-0.0054448205508428275,5.773032203379216,5.785532203379191,2
diagnostic_auction_transfer,1477827732,-37.48216234012372,-0.19211980885616672,5.773032203379216,4.680532203379261,10
original,1508169003,2.75424690206593,0.8804013852587936,15.636548174502082,12.738071066807308,0
diagnostic_auction_transfer,1508169003,4.324181394783282,2.4503358779765043,15.636548174502082,3.4184945055933085,0
original,766716989,23.3174812618875,-0.15692277400658894,5.9035675612949206,7.167434817559256,2
diagnostic_auction_transfer,766716989,23.587685405658338,0.11328136976465004,5.9035675612949206,4.5660675612948385,0
original,1152958808,-93.06354972337087,-0.22687495977377464,42.84995977378477,42.89995977378476,14
diagnostic_auction_transfer,1152958808,-81.40495723549837,11.43171752809895,42.84995977378477,28.80010203450483,4
original,99383184,-15.02259593597864,-0.40444165244160335,28.03618255806677,28.201182558066737,17
diagnostic_auction_transfer,99383184,-8.58802968317809,6.030124600360381,28.03618255806677,12.838107222549766,5
original,1884479183,29.147707748056213,-0.02465664040113684,0.4928590749717898,0.6603590749715806,2
diagnostic_auction_transfer,1884479183,29.139787557169118,-0.03257683128917771,0.4928590749717898,-1.197695345636498,10
original,750706178,-11.292706315197108,-0.043570268950138755,0.3810971162441774,-1.1540816313537712,1
diagnostic_auction_transfer,750706178,-11.47289994256405,-0.22376389631622232,0.3810971162441774,-3.1303063338140995,3
original,1817682476,-9.834272883369527,-0.10568379257858458,15.583428785708847,15.518428785708867,6
diagnostic_auction_transfer,1817682476,-8.865746836569512,0.8628422542204703,15.583428785708847,11.127635239290571,5
original,1042990304,17.75061480232602,-0.20236304460363713,0.1017968216228553,-0.07405491118690702,17
diagnostic_auction_transfer,1042990304,15.06334067363369,-2.8896371732960806,0.1017968216228553,-9.443203015193797,11
original,1108039791,1.9078021435900983,0.23752063582130115,24.125557926689993,23.458057926690014,0
diagnostic_auction_transfer,1108039791,3.7086433913137444,2.038361883544934,24.125557926689993,17.166900277126945,0
original,1425572694,-9.316252411054919,0.0003835819653361071,0.7333916798505413,1.1808916798504576,0
diagnostic_auction_transfer,1425572694,-9.402792904800894,-0.08615691178068471,0.7333916798505413,3.527206199430563,5
original,1735557126,14.448349632871283,-0.06873997176902058,0.7477052124899615,0.5284846879543876,7
diagnostic_auction_transfer,1735557126,13.7508379602735,-0.7662516443677808,0.7477052124899615,-5.33823247845352,0
original,1353732788,6.897652014513992,-0.01678680416002862,0.882119028652042,0.8996190286520687,1
diagnostic_auction_transfer,1353732788,6.847210087488063,-0.0672287311860467,0.882119028652042,-0.7593472538231714,2
original,940329249,13.723255221090719,-0.22033358350606352,0.8280840242532292,0.840584024253249,10
diagnostic_auction_transfer,940329249,13.729535197963814,-0.21405360663283182,0.8280840242532292,1.308084024253378,16
original,371140811,-37.44723622174309,-7.958078640513123e-15,29.217433905009244,29.21743390500926,0
diagnostic_auction_transfer,371140811,-37.50013722923565,-0.05290100749318871,29.217433905009244,28.6600735257997,12
original,1927074785,-7.425708913265498,-0.12496707545323285,0.37082710947724706,-1.2210624359467162,0
diagnostic_auction_transfer,1927074785,-7.508904071103783,-0.20816223329127126,0.37082710947724706,-0.9280860772923982,10
original,357676500,46.74067064975997,-0.29736257823889917,12.967185603969199,12.952318791095365,15
diagnostic_auction_transfer,357676500,47.29135551040764,0.25332228240776633,12.967185603969199,12.28720595100958,0
original,1956460483,-25.802261305855204,-0.5283253071283147,34.4689102535541,34.94537872128466,8
diagnostic_auction_transfer,1956460483,-24.65222717826512,0.6217088204625654,34.4689102535541,33.58891025355408,2
original,950659910,14.854994126175875,-0.0677231565129104,0.7794692227191149,0.33484098332902096,3
diagnostic_auction_transfer,950659910,14.806934831793612,-0.11578245089515901,0.7794692227191149,-0.43642285267213676,5
original,1929821862,-50.483447623577796,-0.45571307354674584,32.68968692411646,33.087186924116494,21
diagnostic_auction_transfer,1929821862,-45.6515581107545,4.3761764392761355,32.68968692411646,22.735470144555276,5
original,1530964271,12.040566537830735,-0.315879607564109,18.18275613823566,18.194979053643277,19
diagnostic_auction_transfer,1530964271,12.83259835102654,0.47615220563131944,18.18275613823566,7.122201705776799,0
original,1039561123,0.08279400769941248,0.014406242630665896,42.59784661526636,42.56284661526638,0
diagnostic_auction_transfer,1039561123,2.1278727423738175,2.0594849773054125,42.59784661526636,36.70111517727477,1
original,2033770822,-58.8299463612409,2.177457932674799,44.052617518942256,41.84895391576726,1
diagnostic_auction_transfer,2033770822,-52.47186480794434,8.535539485971613,44.052617518942256,34.64124225341012,0
original,1995875399,5.224012320679986,-0.05220917405419123,0.04996665718486781,-2.2854789590476114,0
diagnostic_auction_transfer,1995875399,5.085373436574104,-0.19084805815825479,0.04996665718486781,-3.897088975460492,4
original,531993114,-25.55746574048498,-0.01079097676444422,4.468720955551319,4.508720955551338,0
diagnostic_auction_transfer,531993114,-25.63550897897524,-0.08883421525555804,4.468720955551319,4.743720955551426,3
original,1047986578,12.334628468213172,-0.9164107681585782,0.432592524310337,-5.074163752456437,0
diagnostic_auction_transfer,1047986578,11.984785869381646,-1.2662533669905816,0.432592524310337,-6.321581176919616,9
original,579771905,25.086188717331712,-0.272,0.8990419261622264,0.8990419261622291,18
diagnostic_auction_transfer,579771905,24.907610849002783,-0.45057786832744684,0.8990419261622264,1.2190419261622791,24
original,1372588245,-14.102159175467218,-1.4422038758062228,2.3097868465446965,5.434144204898882,2
diagnostic_auction_transfer,1372588245,-13.33128396846821,-0.6713286688069913,2.3097868465446965,3.6922868465447896,9
original,320685970,-23.795997696242605,0.11975184672170451,17.775307786940644,17.475307786940512,4
diagnostic_auction_transfer,320685970,-21.85410959029382,2.061639952670616,17.775307786940644,12.30030778693897,6
original,1363750732,6.076664391640387,0.012060710562371128,0.9917823294197206,0.9367823294196773,0
diagnostic_auction_transfer,1363750732,6.015351485554981,-0.04925219552275609,0.9917823294197206,1.119554772094932,3
original,1574666743,59.542561526627225,-0.3396168471774584,0.9081528225412399,0.8581528225412329,22
diagnostic_auction_transfer,1574666743,59.63126167334112,-0.2509167004638134,0.9081528225412399,-3.9314085180891363,16
original,1569991180,-66.47261418662623,-0.1385717882230774,14.727911747237371,14.762911747237409,9
diagnostic_auction_transfer,1569991180,-65.85707177159352,0.4769706268088852,14.727911747237371,13.542409509418928,8
original,376784156,-23.688487766105876,0.3219359637260731,10.591104337571025,8.009449006890968,10
diagnostic_auction_transfer,376784156,-24.02185843187982,-0.011434702049396894,10.591104337571025,9.645295543271748,17
original,930460386,20.367803536107,-0.3119255618826302,0.7961189638237727,2.590204746842245,0
diagnostic_auction_transfer,930460386,20.983698054583755,0.30396895659326256,0.7961189638237727,-1.776727535465291,3
original,228034093,-10.317438632438009,-0.06709700480471673,0.07791913057866395,0.17541913057884173,5
diagnostic_auction_transfer,228034093,-10.732698513720019,-0.4823568860876099,0.07791913057866395,0.3029191305786654,27
original,617281634,6.4331400806537165,0.09978228814658309,0.989824287340312,2.0761820421154624,2
diagnostic_auction_transfer,617281634,6.478726998686542,0.14536920617992127,0.989824287340312,2.842441644540334,3
original,871908029,16.277328237394233,-0.016192322142842407,0.9979575876574671,2.8679469280915755,0
diagnostic_auction_transfer,871908029,16.290063559883233,-0.003456999654669099,0.9979575876574671,2.2731407046959697,0
original,1871181429,-0.10566888257962684,-0.00028025963804998366,4.885211447783547,4.872711447783505,0
diagnostic_auction_transfer,1871181429,-0.14190329416051747,-0.0365146712211485,4.885211447783547,3.787711447783604,0
original,1034487167,3.4061788813710168,-1.1676793990561323,0.7643401689593787,4.016575033474586,2
diagnostic_auction_transfer,1034487167,4.3158703908709715,-0.25798788955661267,0.7643401689593787,1.3886811233822662,8
original,418523138,21.078776805438107,-0.2325746250688084,7.566850358066375,7.496937726236101,11
diagnostic_auction_transfer,418523138,22.10751136190498,0.7961599313986495,7.566850358066375,3.046692577780962,0
original,413849587,33.508428317667004,-0.018630829719574457,4.573215035798583,4.530715035798624,1
diagnostic_auction_transfer,413849587,33.45583257344334,-0.07122657394392508,4.573215035798583,4.145715035798633,2
original,1767142361,18.600196775679276,-0.08271668797957084,0.9698344416416802,0.9551165594583276,5
diagnostic_auction_transfer,1767142361,18.383669442548435,-0.2992440211104104,0.9698344416416802,0.982334441641675,15
original,73968934,-19.26260028468301,0.03642911192872403,14.98764925090856,14.782649250908563,0
diagnostic_auction_transfer,73968934,-18.60662282207658,0.6924065745380154,14.98764925090856,7.018421132716272,6
original,1476768142,30.079678633315794,-0.11207729626018034,0.5603929434970354,0.46289294349703436,9
diagnostic_auction_transfer,1476768142,30.120635038784766,-0.07112089079155416,0.5603929434970354,-4.021370294258331,6
original,2006540029,40.79632966086866,-0.3590814478633403,0.1499880082834011,-0.6750119917166488,12
diagnostic_auction_transfer,2006540029,40.982045785582734,-0.17336532314948055,0.1499880082834011,-0.15501199171661728,13
original,1083134953,-27.985072247560907,-1.0450200620940182,0.6303794788484538,3.0678794788488757,6
diagnostic_auction_transfer,1083134953,-27.04174053595595,-0.10168835048868097,0.6303794788484538,0.7753794788485164,6
original,1978568123,-6.813158889624436,-0.2825003962849746,0.8506068817722792,0.8781068817722737,18
diagnostic_auction_transfer,1978568123,-7.300920549759019,-0.7702620564184096,0.8506068817722792,5.093106881772604,2
original,598782939,20.483963120027823,-0.04156836508259207,0.10697258125836129,-0.34309058454159724,0
diagnostic_auction_transfer,598782939,20.421930750914722,-0.10360073419502402,0.10697258125836129,0.22697258125833564,10
original,696026687,7.182991079806438,2.997602166487923e-16,0.9109376528124074,0.9109376528123909,0
diagnostic_auction_transfer,696026687,7.138064398370734,-0.04492668143545139,0.9109376528124074,1.024499902687358,3
original,1849470620,30.51915466913429,-0.38169919115932477,0.7905146372969938,0.8030146372970179,20
diagnostic_auction_transfer,1849470620,30.535760919776852,-0.3650929405180486,0.7905146372969938,1.2705146372969232,20
original,452614947,-7.464844117937679,0.09170738558253357,0.05419469581421765,-2.603305304185938,0
diagnostic_auction_transfer,452614947,-7.645612653754625,-0.08906115023584654,0.05419469581421765,-7.187388238929614,1
original,1951337700,20.72708136668656,-0.009071897844613125,2.2203912837639592,2.1753912837639895,5
diagnostic_auction_transfer,1951337700,20.938446069060966,0.20229280453005785,2.2203912837639592,1.3428912837639935,10
original,673927504,5.780234857264269,-0.05000952728031638,12.81615693358502,12.868656933585108,5
diagnostic_auction_transfer,673927504,4.745509594055876,-1.084734790488079,12.81615693358502,14.406156933585144,0
original,1397290030,2.2705558975547375,-0.024448491529996376,0.48959039167307594,0.4295903916730621,2
diagnostic_auction_transfer,1397290030,2.3789922056849764,0.08398781660072548,0.48959039167307594,0.7382801185860322,0
original,1358237755,25.91629142298088,-0.38871381583789605,0.04249880040478615,0.05234972088866246,22
diagnostic_auction_transfer,1358237755,25.87609181922425,-0.42891341959317486,0.04249880040478615,0.2688819284329246,29
original,1674080591,22.87681354097383,0.010827269696154603,0.485130175833703,1.8899835714400601,1
diagnostic_auction_transfer,1674080591,22.762207845468946,-0.10377842580842489,0.485130175833703,-1.5598698241668583,0
original,73040308,-0.610965901618598,0.008041590846910657,0.8614341907212975,1.0064341907212944,1
diagnostic_auction_transfer,73040308,-1.0660939545842942,-0.44708646211761593,0.8614341907212975,-1.9222716059283926,0
original,616698250,-7.990755925212519,0.2998299988207423,5.418404192595403,4.478404192595583,0
diagnostic_auction_transfer,616698250,-8.481176586993168,-0.19059066295847937,5.418404192595403,5.900904192595224,2
original,1968475116,15.65277626622667,-0.04280105259023673,0.41540165661010064,0.7954016566100828,1
diagnostic_auction_transfer,1968475116,15.57002244896274,-0.12555486985656072,0.41540165661010064,1.5429016566100886,1
original,1318820895,36.74192205510775,-0.3294177351208902,0.3485540659259243,0.2885540659259167,22
diagnostic_auction_transfer,1318820895,36.768436145409964,-0.30290364481919657,0.3485540659259243,-2.9739459340737344,11
original,1661063413,5.221251201348392,0.28179036353373405,1.5282310384191646,0.4432310384190776,0
diagnostic_auction_transfer,1661063413,5.207205646212952,0.2677448083987233,1.5282310384191646,-0.031768961580938004,13
original,384727916,-15.490315855790422,0.019990532916587513,39.52917891824776,39.42751026269286,7
diagnostic_auction_transfer,384727916,-14.11038338948313,1.399922999223847,39.52917891824776,37.06667891824753,4
original,1327329833,-18.632775030270658,0.3452178879335099,37.62540347068463,37.04290347068458,1
diagnostic_auction_transfer,1327329833,-9.819223767194083,9.158769151010773,37.62540347068463,11.694509840350047,0
original,1997384922,-95.61250752134383,0.2027707518539109,43.56334854534095,43.28334854534095,7
diagnostic_auction_transfer,1997384922,-92.70471085969429,3.1105674135047905,43.56334854534095,39.496069139991384,10
original,1004908443,29.512075381987867,0.02869368131453339,0.020931864959663926,-0.8978214884351385,0
diagnostic_auction_transfer,1004908443,29.48840466303494,0.005022962360892724,0.020931864959663926,-3.8925827238768242,0
original,154363515,28.966762106211135,-0.02653446626806363,0.721089687072265,0.7161567467787379,1
diagnostic_auction_transfer,154363515,29.087149538321846,0.0938529658413538,0.721089687072265,-0.6528532674463416,1
original,2014446275,11.497288607024517,-0.006611935164031784,15.493353107082058,15.411673589238202,0
diagnostic_auction_transfer,2014446275,11.316101828944092,-0.18779871324517072,15.493353107082058,14.047194240664146,4
original,1304474003,-13.61209514639493,0.16434576598500664,23.27408834652644,22.699088346526526,8
diagnostic_auction_transfer,1304474003,-11.849356508329969,1.927084404049582,23.27408834652644,19.38947316057312,7
original,1150463758,31.820368332861925,-0.2178385591629066,0.6904002325258887,0.5104002325258663,14
diagnostic_auction_transfer,1150463758,31.205769627555554,-0.8324372644673501,0.6904002325258887,-2.6495997674746525,19
original,722704839,-2.83647273300741,0.1664070132952551,35.41659715907349,34.946597159073576,1
diagnostic_auction_transfer,722704839,-2.904481889795939,0.09839785650533289,35.41659715907349,34.519097159073574,22
original,2067026967,10.031028998542487,-0.03529240750382048,2.7333082839165996,3.4183739721620503,0
diagnostic_auction_transfer,2067026967,10.077554042865682,0.011232636818949286,2.7333082839165996,2.465808283916679,0
original,1900202723,3.7994873142486836,-0.0011361710108156314,11.984982030870412,11.62693433993318,5
diagnostic_auction_transfer,1900202723,4.16232340608633,0.36169992082715247,11.984982030870412,10.594035505788206,2
original,1729566117,14.142776420044807,0.10381321441446811,0.7741439918522417,1.4766439918522127,9
diagnostic_auction_transfer,1729566117,13.835677182691706,-0.20328602293917453,0.7741439918522417,0.28835386126292206,12
original,263165174,6.298886827012713,-0.5186214031881162,0.029904911203246343,-2.3340543056748397,5
diagnostic_auction_transfer,263165174,5.856117518445243,-0.9613907117547079,0.029904911203246343,-3.84247998560682,12
original,1798040284,3.70194834805186,-0.1279633060233131,10.286876675293385,10.580719385402348,1
diagnostic_auction_transfer,1798040284,3.7429492598872542,-0.08696239418756264,10.286876675293385,10.490168868761959,0
original,1719712801,-3.4293740791365526,-0.2947740501007462,29.011093080405345,29.353593080405286,6
diagnostic_auction_transfer,1719712801,0.07170427361576337,3.206304302651821,29.011093080405345,21.858593080405733,2
original,1937508014,10.400318105351104,0.002096747979410167,6.488321263138829,6.3758448043068014,0
diagnostic_auction_transfer,1937508014,10.137512970011047,-0.2607083873584418,6.488321263138829,5.2817853006406486,15
original,1554146986,4.272480443347728,-0.047943628795376586,20.283988470376556,19.99648847037664,12
diagnostic_auction_transfer,1554146986,4.568975147624211,0.24855107548001665,20.283988470376556,19.743988470376653,0
original,736551086,-51.48562161467443,-1.9332965297607048,9.856434354850691,16.575318485798643,6
diagnostic_auction_transfer,736551086,-49.613842969131774,-0.061517884217672604,9.856434354850691,9.858934354850353,9
original,1934617883,-142.41111860781223,5.350534249994789,50.25974762276732,44.966105656404835,1
diagnostic_auction_transfer,1934617883,-148.02840841529044,-0.26675555748389135,50.25974762276732,50.469306278773175,2
original,1866589806,9.200928260593505,0.08202597596043477,0.3200562068686992,-0.26348567316348426,0
diagnostic_auction_transfer,1866589806,9.374858395976693,0.25595611134223617,0.3200562068686992,-4.2824437931311286,13
original,1550772836,-3.2256471344539293,-0.1968115157513591,0.708406720755022,-0.08567194472280859,4
diagnostic_auction_transfer,1550772836,-3.4330657628684773,-0.4042301441640368,0.708406720755022,0.5753683512908692,21
original,805140357,-15.208693899166693,-0.1637866068450306,24.482408568647898,24.6974085686477,0
diagnostic_auction_transfer,805140357,-7.560277549834836,7.484629742487072,24.482408568647898,12.368364829431282,1
original,1235318337,27.94085954405661,0.11039129427710505,0.9063271153698338,2.1016615268882894,5
diagnostic_auction_transfer,1235318337,27.876036872548998,0.04556862277063717,0.9063271153698338,1.4523890774664883,5
original,1071155847,0.05429970833314439,0.0013640696034371061,1.8232490357385558,1.7937042358849247,0
diagnostic_auction_transfer,1071155847,0.027582153411922723,-0.025353485317597315,1.8232490357385558,1.2882490357385503,3
original,1562674616,25.573902350229986,-0.2311796375000209,0.606812499898794,0.5968124998987996,12
diagnostic_auction_transfer,1562674616,25.588228612995252,-0.21685337473187638,0.606812499898794,0.619132647622786,12
original,139719931,4.212159470215217,-0.17317489396553445,0.962553017232608,0.862553017232619,12
diagnostic_auction_transfer,139719931,3.5738962701069843,-0.8114380940719068,0.962553017232608,-5.110272658102824,1
original,1665521694,6.236142407770631,-0.2725613143136396,0.8541582206304952,-0.47530508331725674,6
diagnostic_auction_transfer,1665521694,6.097208766827573,-0.4114949552557405,0.8541582206304952,-0.7713229722107979,12
original,2116675256,13.585819758363128,-0.11632270217396226,0.3864348709763732,-0.8435651290233892,0
diagnostic_auction_transfer,2116675256,12.958172833743435,-0.7439696267941929,0.3864348709763732,-5.0560651290233665,0
original,1119937587,16.3295233165699,-0.04200109793317193,0.7004964633317883,0.5529964633318554,3
diagnostic_auction_transfer,1119937587,15.798403580013694,-0.5731208344909665,0.7004964633317883,-4.912003536667854,0
original,1420634725,-38.79708856026728,0.9446596063571944,23.63052705261876,21.770527052619133,8
diagnostic_auction_transfer,1420634725,-37.748452571757156,1.9932955948665985,23.63052705261876,20.010355128857988,3
original,1565636724,10.012112673326389,-0.13652428582316278,0.17075604767720165,-2.4267439523226697,0
diagnostic_auction_transfer,1565636724,9.850742138569085,-0.2978948205797091,0.17075604767720165,-0.8992439523227873,20
original,1065222117,21.164619382512893,-0.06066987343469117,0.14266485002370644,-0.5023351499762292,5
diagnostic_auction_transfer,1065222117,21.05687373986805,-0.16841551607935223,0.14266485002370644,-1.2173351499762326,12
original,1152188745,-10.740191964007185,-0.1798970299450396,0.9782384781866114,1.3907384781865995,8
diagnostic_auction_transfer,1152188745,-10.799409944887906,-0.2391150108258337,0.9782384781866114,1.1482384781865962,19
original,1537392607,18.597268364693505,-0.10776351266354724,0.41588738218597143,-1.177797181278669,0
diagnostic_auction_transfer,1537392607,17.465422882238215,-1.2396089951171887,0.41588738218597143,-7.856612617813131,8
original,227851923,-17.101945320036926,-0.266010344075761,13.042352149623284,13.602352149623215,4
diagnostic_auction_transfer,227851923,-15.83814861765497,0.9977863583080806,13.042352149623284,8.8971808781441,4
original,2052732323,20.742897223460698,-0.1136066677939837,0.7161475860381188,0.45114758603817506,2
diagnostic_auction_transfer,2052732323,20.41789026012918,-0.4386136311245757,0.7161475860381188,-0.4463524139617441,0
original,200203989,-21.775838762418672,0.5404370754178895,32.751685246266305,31.651685246266258,10
diagnostic_auction_transfer,200203989,-20.99269777244912,1.3235780653862028,32.751685246266305,30.389185246266102,3
original,1684247968,13.001493543708992,-0.3335138777817273,0.06263579808110364,0.017635798081109044,25
diagnostic_auction_transfer,1684247968,12.745218170654393,-0.5897892508353936,0.06263579808110364,-2.4223642019190166,4
original,279513966,-14.583495716971633,-0.049446717418214055,23.19209631173814,23.227096311738133,1
diagnostic_auction_transfer,279513966,-12.806827114071,1.7272218854818402,23.19209631173814,19.914842163859156,6
original,1526387066,22.155085414791053,-0.2761124370759291,0.185728787220782,1.5824787767313189,0
diagnostic_auction_transfer,1526387066,22.393151026991845,-0.03804682487666114,0.185728787220782,0.379887837284773,1
original,157374347,-55.20308301435676,-0.880067587587598,36.33195319769123,37.466953197691225,19
diagnostic_auction_transfer,157374347,-49.59781991234862,4.725195514421515,36.33195319769123,26.411953197692192,1
original,393382022,-54.589086662227764,-0.02323329915559574,10.003482068310575,9.970982068310565,7
diagnostic_auction_transfer,393382022,-54.802244698091535,-0.2363913350189697,10.003482068310575,9.87098206831055,20
original,798663967,26.380688551405527,-0.04319543918107131,0.788730750680287,0.9632438546640971,0
diagnostic_auction_transfer,798663967,26.2567229505966,-0.16716103999032336,0.788730750680287,1.45102341368231,0
original,1363010260,12.074082648918553,-0.02273639632578763,0.7763370316750127,0.5013370316750585,3
diagnostic_auction_transfer,1363010260,11.998435746480927,-0.09838329876195724,0.7763370316750127,-1.493662968324978,4
original,342382084,0.7493375607500615,-3.5349501104064984e-15,3.8117077779799047,3.811707777979951,0
diagnostic_auction_transfer,342382084,0.37048441034241947,-0.3788531504059144,3.8117077779799047,3.662896105623365,24
original,169504417,34.83168832204023,-0.25790106238008875,0.31681778318825593,0.28222263664197345,12
diagnostic_auction_transfer,169504417,34.733670529475205,-0.35591885494634284,0.31681778318825593,-0.33125448729813367,8
original,114091129,27.76802902232315,-0.13811861342582213,0.07969708655473084,-0.634663894093354,4
diagnostic_auction_transfer,114091129,26.88794059746955,-1.0182070382804114,0.07969708655473084,-4.709897589878576,12
original,1851215889,17.421452983863638,-0.3606463104398859,0.4259270036157119,0.4407484363943442,19
diagnostic_auction_transfer,1851215889,17.359253969706813,-0.4228453245973743,0.4259270036157119,-0.30157299638407586,26
original,1559728228,27.92131566913693,-0.24698924406406633,0.6479096925042711,1.2879096925041318,17
diagnostic_auction_transfer,1559728228,28.059847871320937,-0.10845704187765595,0.6479096925042711,-0.23697899319443771,8
original,479786295,-50.97258062757002,0.23198604319577243,28.032819249324007,27.71281924932388,5
diagnostic_auction_transfer,479786295,-51.35648859611753,-0.15192192535116344,28.032819249324007,27.942819249323936,19
original,419993758,4.8776746796002,0.019654287748610617,8.153134167181236,8.28813416718126,0
diagnostic_auction_transfer,419993758,4.209617824859281,-0.6484025669917267,8.153134167181236,5.788321758593343,20
original,782326312,30.450988012407368,-0.3775949523367602,0.37355934704049787,0.3860593470404985,20
diagnostic_auction_transfer,782326312,30.483492795012,-0.3450901697315864,0.37355934704049787,0.8535593470404037,20
original,76023496,25.17782229401923,-0.1573071412106105,0.7401787438431597,1.0506127886595165,16
diagnostic_auction_transfer,76023496,25.163128099814827,-0.17200133541642268,0.7401787438431597,1.0335270877249378,8
original,700133142,6.40577496985001,-0.16754776189194057,0.11649251737291877,-1.6335074826270368,1
diagnostic_auction_transfer,700133142,5.587380586520263,-0.9859421452212851,0.11649251737291877,-6.591309876013925,2
original,157914983,36.708546738928284,-0.02411145989442745,0.7498789751506933,0.5598789751506752,0
diagnostic_auction_transfer,157914983,36.48016613490833,-0.25249206391334733,0.7498789751506933,-0.26038698807427596,14
original,1301437821,-57.484556891520846,-4.547473508864641e-15,38.6693098422614,38.669309842261406,0
diagnostic_auction_transfer,1301437821,-56.79024793404553,0.6943089574761375,38.6693098422614,37.86930984226145,2
original,1256179397,-24.277303798061432,-0.08973211761247318,0.034632353424527196,-3.5428676465757354,0
diagnostic_auction_transfer,1256179397,-24.537681628938028,-0.35010994848781696,0.034632353424527196,-4.267867646575726,20
original,210325079,18.57689435893131,-0.17294601539593288,0.6721949821291986,2.08473561386415,2
diagnostic_auction_transfer,210325079,18.966556127339995,0.21671575301254387,0.6721949821291986,-3.602720942185358,0
original,586685917,41.01061400691089,0.009308135207233767,0.46674919211702104,2.557404939097146,3
diagnostic_auction_transfer,586685917,40.937868740716496,-0.06343713098671837,0.46674919211702104,1.461817960842959,11
original,32633702,-30.451299175320074,0.0692693907187486,3.237560329280143,8.401729090383135,1
diagnostic_auction_transfer,32633702,-30.893106839156715,-0.37253827311655063,3.237560329280143,0.9775603292799322,18
original,665974719,26.70206257792259,-0.5124272290975589,0.8389749890039582,2.7650982011699083,0
diagnostic_auction_transfer,665974719,26.791835760895943,-0.4226540461227449,0.8389749890039582,2.4181790616279866,1
original,1777095753,40.248898200261856,-0.21949041749227743,0.9155475353266525,0.8009770558612339,20
diagnostic_auction_transfer,1777095753,40.08771566106413,-0.38067295669076107,0.9155475353266525,1.1855475353266662,27
original,1633276083,11.907109368409312,-0.31906853768786875,23.767900751498914,23.7804007514989,14
diagnostic_auction_transfer,1633276083,14.557848999336873,2.3316710932404994,23.767900751498914,11.815702397341061,2
original,1943121152,26.070026035870814,0.0033194601853131014,0.35108367801387885,-1.1264163219864738,0
diagnostic_auction_transfer,1943121152,25.981487315169097,-0.08521926051548771,0.35108367801387885,-2.958916321986594,2
original,127033848,-61.71076444969693,0.9223409755586912,14.852998033542136,12.127660626912828,3
diagnostic_auction_transfer,127033848,-59.64875174801182,2.9843536772433295,14.852998033542136,-1.1616528747070625,2
original,587309302,8.044204647966277,0.08932387595801511,0.4661937979003312,-0.5338062020997327,0
diagnostic_auction_transfer,587309302,8.029785798321559,0.07490502631288354,0.4661937979003312,-3.5138062020998504,14
original,124760402,6.749338622921542,0.04063222513307273,0.5750656164614867,-1.0073796600692604,0
diagnostic_auction_transfer,124760402,6.661844625269398,-0.04686177251985896,0.5750656164614867,-2.591821672530283,4
original,1030927555,6.701079540359057,0.36884875250587357,0.8579661896312416,-0.8153798841660369,0
diagnostic_auction_transfer,1030927555,6.9186849795167795,0.5864541916641376,0.8579661896312416,-2.112033810368885,0
original,389818986,-45.563428167126624,3.876480659272172,52.759486965448325,49.5344869654477,1
diagnostic_auction_transfer,389818986,-33.72066898664693,15.719239839752134,52.759486965448325,38.353038405789526,0
original,68390341,-40.36004504739771,0.21314415750474086,42.14568465658338,41.673184656583345,8
diagnostic_auction_transfer,68390341,-36.942564356629646,3.6306248482729457,42.14568465658338,37.17404599585529,10
original,352508899,-38.18023929178129,0.2673549440801472,9.613358996544491,7.561271509488806,1
diagnostic_auction_transfer,352508899,-38.143659712763196,0.3039345230979216,9.613358996544491,-1.2691410034557524,10
original,1708266319,-26.77129537676605,0.018973399214324223,27.095475222642804,26.96874004458587,3
diagnostic_auction_transfer,1708266319,-23.921588157377855,2.8686806186029923,27.095475222642804,15.014828482424843,6
original,1576190945,-0.9499268079520924,-1.4478989944155631,17.04447342892786,19.227739872489686,1
diagnostic_auction_transfer,1576190945,0.9683195543812473,0.4703473679194583,17.04447342892786,16.301973428928044,0
original,1616490127,10.620908220481986,-0.23440362224776917,5.894967664007822,6.278148442049906,0
diagnostic_auction_transfer,1616490127,9.934775596064243,-0.9205362466651634,5.894967664007822,6.757122131805396,26
original,1129916971,-13.167971441634457,-0.14984404589654418,0.9488132950162651,1.083813295016249,6
diagnostic_auction_transfer,1129916971,-14.875833622666814,-1.8577062269288027,0.9488132950162651,10.441654189247089,3
original,349293115,35.111297743699716,-0.006851309805617339,0.015369064961063827,0.8278690649610669,0
diagnostic_auction_transfer,349293115,35.10779558429469,-0.01035346921063395,0.015369064961063827,0.4853690649610587,1
original,1421917339,24.95380456367051,-0.03301852223652152,0.8309269043516423,1.0209269043514126,1
diagnostic_auction_transfer,1421917339,25.06185454206996,0.07503145616288173,0.8309269043516423,-1.408245253800993,1
original,1080472503,26.625946199230803,-0.7093366087174534,0.5317861218688336,2.34848293456877,1
diagnostic_auction_transfer,1080472503,27.2233913858981,-0.11189142205011521,0.5317861218688336,-0.268213878131101,26
original,1001480616,8.577113241796246,-0.05388473647279699,0.4674858049825019,0.294985804982554,0
diagnostic_auction_transfer,1001480616,8.51786787606544,-0.11313010220410928,0.4674858049825019,0.10748580498256821,0
original,997026567,5.881867975885875,-0.2739549448886606,13.385420093391431,13.353011798504415,22
diagnostic_auction_transfer,997026567,6.1426257354070835,-0.01319718536685896,13.385420093391431,12.960023381727977,6
original,1762135670,2.9032844963511453,-0.06210160634265299,0.7360880260674492,0.6260880260674151,7
diagnostic_auction_transfer,1762135670,2.962112279804741,-0.00327382288826785,0.7360880260674492,0.7135880260674385,0
original,430783188,5.200664734542293,0.26019870985257376,13.426626131396489,12.653629751432145,5
diagnostic_auction_transfer,430783188,5.775890229308162,0.8354242046171657,13.426626131396489,11.289126131396559,9
original,300735265,-39.51507652279815,-0.1900559438314236,32.15460328447047,32.32710328447047,5
diagnostic_auction_transfer,300735265,-48.98506399851598,-9.660043419549837,32.15460328447047,40.85647650126546,0
original,1472242479,10.442221056490428,-0.18129948605249835,0.8692734275496292,1.2992141169358353,0
diagnostic_auction_transfer,1472242479,10.115951236305488,-0.5075693062370815,0.8692734275496292,1.2669580339440438,23
original,1570355073,27.670551427432493,-0.022806556675323192,0.27310746529619223,0.20060746529617246,3
diagnostic_auction_transfer,1570355073,27.412327703553448,-0.28103028055525453,0.27310746529619223,-0.5268925347037627,17
original,1761334961,1.9788502282392595,-0.015809487253446653,0.4763516377503123,0.4961028406618555,3
diagnostic_auction_transfer,1761334961,1.5931958002830875,-0.40146391520781766,0.4763516377503123,-3.3182725773702737,3
original,1564796171,4.481398160060922,-0.5996680334043039,4.652710641018572,6.6959648058923396,0
diagnostic_auction_transfer,1564796171,4.139916100757858,-0.9411500927080136,4.652710641018572,7.748478053786894,0
original,7534221,27.66985654561202,-0.05727484124949348,0.882001887128979,0.8919099615195683,2
diagnostic_auction_transfer,7534221,27.61608659742781,-0.11104478943208121,0.882001887128979,0.6020018871290176,14
original,1025373908,-54.00352789516481,0.09217772620460452,38.806035056731275,38.62603505673077,8
diagnostic_auction_transfer,1025373908,-50.980105634724566,3.115599986644397,38.806035056731275,34.26025756147796,2
original,1187409346,-45.606473733929235,-0.7422625673439878,44.36691590488232,44.86941590488222,22
diagnostic_auction_transfer,1187409346,-41.72593482874811,3.138276337838714,44.36691590488232,40.28691590488193,2
original,1806972063,20.188270319017573,0.00044084848842498734,3.100614493418476,3.1030916861017985,0
diagnostic_auction_transfer,1806972063,20.20623290145084,0.018403430921122677,3.100614493418476,3.20461943389365,0
original,444013009,7.517844483071135,-0.008696624517451994,4.880749034899452,4.905749034899479,0
diagnostic_auction_transfer,444013009,7.624298084111142,0.09775697652307756,4.880749034899452,4.597214374331603,0
original,887794974,38.86862721019741,-0.0011170028744915345,0.609963323134636,0.6050609572588309,0
diagnostic_auction_transfer,887794974,38.86884024241264,-0.0009039706585163391,0.609963323134636,0.6499633231346125,4
original,222231751,17.861371001074957,0.08863045311983159,0.5995195211567506,0.025900023360409086,1
diagnostic_auction_transfer,222231751,18.32544376964617,0.5527032216913579,0.5995195211567506,-6.115480478843521,3
original,781752649,21.549735185642284,-0.76460624915519,0.11268293507242788,-5.012317064928283,1
diagnostic_auction_transfer,781752649,21.975736104323424,-0.33860533047248104,0.11268293507242788,-1.8298170649279761,14
original,252934894,50.71450021810166,-0.3091750432381345,0.8831306020419163,1.4410510029424781,21
diagnostic_auction_transfer,252934894,50.65562941758383,-0.36804584375537075,0.8831306020419163,1.1201548980171208,27
original,82994874,9.950727402458641,-0.007943688285891759,0.5740945065161753,-0.45298669991740903,5
diagnostic_auction_transfer,82994874,9.962215803921696,0.0035447131776162573,0.5740945065161753,0.48680565335387777,0
original,1015210948,10.686556326018462,-0.22040273840662003,0.20932652453743117,-0.9305696711147657,1
diagnostic_auction_transfer,1015210948,10.553536796962772,-0.35342226746194655,0.20932652453743117,-1.612170696817762,0
original,858011393,10.825286510110942,-0.0004669235598060975,14.164798073077819,14.137298073077815,0
diagnostic_auction_transfer,858011393,10.790126743424718,-0.035626690245422074,14.164798073077819,15.974798073077537,1
original,1640616642,27.41323442977723,-0.27037899932984305,0.8952682685349913,0.8432435937305317,13
diagnostic_auction_transfer,1640616642,27.255833375453445,-0.42778005365370686,0.8952682685349913,0.9052682685349875,26
original,131915791,-43.227490385334725,0.3680176526599007,33.90951017732297,33.159510177322886,7
diagnostic_auction_transfer,131915791,-43.30189999979306,0.2936080382011734,33.90951017732297,33.36227379877459,6
original,2018299534,24.86791904786313,-0.40762327146060673,0.01764497910843943,0.0028604055240385104,28
diagnostic_auction_transfer,2018299534,24.204599020915538,-1.0709432984066496,0.01764497910843943,-5.74235502089119,5
original,353947456,-137.27214587056858,-9.273863109136444,41.64807917855715,49.56036180217863,0
diagnostic_auction_transfer,353947456,-121.39195729043514,6.606325470996454,41.64807917855715,34.96165917474899,7
original,1727886855,13.287251402899084,0.03067415354461334,2.8921633071527424,2.6475471849225123,0
diagnostic_auction_transfer,1727886855,13.46692976995792,0.21035252060197362,2.8921633071527424,0.2221633071525666,2
original,260921087,4.3593486521302935,-0.033762418071845685,5.0103913115943755,5.4112900923988265,0
diagnostic_auction_transfer,260921087,4.445512123023241,0.05240105282138005,5.0103913115943755,4.2928913115944045,0
original,627982734,35.86422517603051,-0.2705257165759795,0.4815079482297051,0.4399565486420843,19
diagnostic_auction_transfer,627982734,35.48630613179096,-0.6484447608144626,0.4815079482297051,-4.168492051768876,14
original,2142033759,-3.4688156122145775,-0.02797519395463021,0.8157530150570977,0.8830123563288291,1
diagnostic_auction_transfer,2142033759,-3.5887185870846783,-0.14787816882295582,0.8157530150570977,1.0895445353883741,11
original,1585972158,-3.7254022979996986,-0.0025339399566216706,0.9617079403982842,0.9142079403982786,1
diagnostic_auction_transfer,1585972158,-4.140821914206525,-0.4179535561629625,0.9617079403982842,0.16391843148465957,22
original,311130523,39.42497903863601,-0.28169939560156715,3.7225611903115805,3.7102047034335657,12
diagnostic_auction_transfer,311130523,39.28137123143872,-0.42530720279757855,3.7225611903115805,3.7350611903115913,25
original,941536589,-4.318167395612537,2.2737367544323206e-15,17.142815525711967,17.14281552571196,0
diagnostic_auction_transfer,941536589,-2.8059430605843056,1.5122243350273539,17.142815525711967,13.930315525711222,0
original,1613287925,-5.151442580056298,-0.6276662996516008,0.79736978211983,-6.925130217880416,0
diagnostic_auction_transfer,1613287925,-4.675317960765041,-0.1515416803605427,0.79736978211983,-2.72763021788023,1
original,1412821030,7.8158077029972,0.08371713034424243,25.22708189289034,24.829500128387266,0
diagnostic_auction_transfer,1412821030,8.422805065866267,0.6907144932142976,25.22708189289034,9.082081892889956,1
original,235131514,25.8766740541756,-0.15430140262028003,0.8245647760001305,1.4411425365692574,7
diagnostic_auction_transfer,235131514,26.032329817877592,0.0013543610820023662,0.8245647760001305,0.7870647760000802,0
original,380105518,-50.1168389315837,-3.0866024705139097,32.26924416083328,37.94549566620842,11
diagnostic_auction_transfer,380105518,-47.03568706608155,-0.005450605010115989,32.26924416083328,31.954680310725166,15
original,1398681126,16.454437749880075,0.0031474864068179007,11.68840981832065,11.666483592072671,0
diagnostic_auction_transfer,1398681126,16.515937252193346,0.06464698872147544,11.68840981832065,10.510909818320481,7
original,975999625,-2.1690435883162626,0.002068023882804273,0.4177922414811235,-1.2972077585193011,0
diagnostic_auction_transfer,975999625,-2.431816549593069,-0.2607049373926418,0.4177922414811235,-4.82583360033529,8
original,944543555,11.438584227052944,-0.06776355507812123,0.1981300146022562,0.6263498096951245,0
diagnostic_auction_transfer,944543555,11.881683005480065,0.37533522334822134,0.1981300146022562,-4.774622340500166,12
original,2052420991,25.312018604945763,-0.1218982778054627,0.0021651287613622117,-0.027526458705309755,12
diagnostic_auction_transfer,2052420991,24.914107005650493,-0.5198098771013425,0.0021651287613622117,-4.526980754211204,15
original,1745043119,-17.585566852427135,0.21570579816844954,25.560747846292045,25.180933204720475,4
diagnostic_auction_transfer,1745043119,-15.147577882459803,2.6536947681364813,25.560747846292045,20.758247846291823,2
original,2016234106,4.7932124476183375,-0.08522378048356445,0.7978636704965538,-1.1571363295029284,0
diagnostic_auction_transfer,2016234106,4.783380984194496,-0.09505524390729875,0.7978636704965538,-1.23834253079088,1
original,221812754,-6.304024962337731,0.09651197392951313,31.005461682970093,30.71046168297013,0
diagnostic_auction_transfer,221812754,-3.9143561501785484,2.486180786088747,31.005461682970093,12.251050186679471,0
original,1174196672,29.067853248182796,-0.1336093273760035,0.08987788388132856,0.03392458585262949,7
diagnostic_auction_transfer,1174196672,29.18636859243525,-0.015093983124522828,0.08987788388132856,0.12237788388131499,2
original,1415747514,19.180159333045154,0.5862024098691447,23.38230602002558,20.72380043488585,16
diagnostic_auction_transfer,1415747514,18.833070243470527,0.23911332029505622,23.38230602002558,21.722390697841604,17
original,1490883619,7.268221235226152,1.2064710915936683,18.77546083513664,16.880150967833835,0
diagnostic_auction_transfer,1490883619,11.555702033950707,5.493951890318762,18.77546083513664,8.688063977926483,0
original,219250727,4.331665503376016,-0.025612604439564274,0.46040632145634675,0.6301325627529138,0
diagnostic_auction_transfer,219250727,4.509401809871847,0.15212370205795034,0.46040632145634675,-0.9795936785436998,2
original,1100981710,49.83277127131689,-0.2550190656618875,0.3396962170111806,0.29032543070274486,11
diagnostic_auction_transfer,1100981710,49.73044828966815,-0.3573420473108512,0.3396962170111806,0.3421962170111774,23
original,63486663,-15.564142191322674,-0.09799999999993747,26.008710042115524,26.0087100421154,4
diagnostic_auction_transfer,63486663,-11.265934714941222,4.200207476379159,26.008710042115524,14.87371004211536,3
original,749359880,2.9194218658067523,-0.052362295114257024,0.7527288504435035,0.5385420006249315,4
diagnostic_auction_transfer,749359880,2.6595265421447403,-0.31225761877401076,0.7527288504435035,-1.260789339040178,0
original,754456382,16.914848845385375,-0.23875366026243153,16.508391049716053,16.52089104971606,10
diagnostic_auction_transfer,754456382,17.52954618090732,0.37594367525786376,16.508391049716053,12.894580619156715,0
original,2006146310,-12.813064552323207,-0.030149680168912715,0.678540263030996,1.1280642833528916,3
diagnostic_auction_transfer,2006146310,-12.90450703817922,-0.12159216602479023,0.678540263030996,1.0382681343142275,6
original,1758561668,9.909503455480117,-0.08354225328748334,17.145453549247264,16.980453549247258,10
diagnostic_auction_transfer,1758561668,11.162583423510881,1.1695377147429844,17.145453549247264,10.527953549246593,0
original,1500424989,26.249062473179766,-0.005763496034100644,0.8456638236220186,0.5489450935267017,1
diagnostic_auction_transfer,1500424989,25.875252376037576,-0.37957359317669315,0.8456638236220186,0.9656638236220338,26
original,1703367621,20.81955235159423,-0.00111171327900116,5.2763398103377455,5.259142652582062,0
diagnostic_auction_transfer,1703367621,20.81471818922257,-0.005945875650794567,5.2763398103377455,5.763839810337804,4
original,1834077160,8.423062363913232,-0.03162084809828878,6.099240491438664,6.109240491438671,1
diagnostic_auction_transfer,1834077160,8.479073936771272,0.024390724759517646,6.099240491438664,5.171730730532722,20
original,1694527304,2.9258885683617786,-0.04563453775762452,0.893168384168078,0.9006683841680836,7
diagnostic_auction_transfer,1694527304,1.3849565500180758,-1.586566556101165,0.893168384168078,-5.236831615832587,5
original,380886787,10.428004452249004,-0.014490357431297568,0.6215328542452738,1.3559851768035254,5
diagnostic_auction_transfer,380886787,10.344896480907215,-0.09759832877417227,0.6215328542452738,-1.7452330276248929,0
original,947121161,1.9276732483170544,-0.4323810033567441,13.309066855634413,14.515990271883828,0
diagnostic_auction_transfer,947121161,2.8920996235748344,0.5320453719002399,13.309066855634413,11.697109868469344,0
original,1102142103,-8.14703724436857,-1.910488405351203,26.94286275974457,29.542678154162704,0
diagnostic_auction_transfer,1102142103,-6.4595277253679875,-0.22297888635054552,26.94286275974457,27.20286275974439,2
original,1707251186,15.560800733042555,-0.12822049185679008,17.657955525775392,17.483990899227503,15
diagnostic_auction_transfer,1707251186,16.394483221142515,0.7054619962413364,17.657955525775392,13.212955525776003,0
original,322886563,17.617403001818865,-0.19012057598367216,0.362240688033836,0.3202034032859011,16
diagnostic_auction_transfer,322886563,17.544243340170464,-0.26328023763110203,0.362240688033836,-0.9185359970327749,0
original,960450037,-57.26096433000001,-0.5476219275102593,39.778760296140014,40.033760296139945,24
diagnostic_auction_transfer,960450037,-50.767780616092395,5.9455617863965475,39.778760296140014,31.44091971678735,8
original,105718252,26.78503618664546,-0.3235916805212316,0.6125238435532481,0.5708203056018822,23
diagnostic_auction_transfer,105718252,26.595531676922352,-0.5130961902450744,0.6125238435532481,-4.099976156446443,11
original,1097465716,13.949377558652554,0.008250306290594629,1.09215977226539,0.9211790065387996,1
diagnostic_auction_transfer,1097465716,14.26343719279999,0.32230994043616595,1.09215977226539,-7.045340227734123,1
original,20498688,-2.083073391415996,-0.806083881694218,4.17292933628687,5.219662391618708,17
diagnostic_auction_transfer,20498688,-1.7260868231607773,-0.4490973134395424,4.17292933628687,4.741612080889851,11
original,1853821439,14.280876929810532,0.04883977161618169,0.7126738206203953,0.9401738206203913,1
diagnostic_auction_transfer,1853821439,14.17634417315998,-0.05569298503494729,0.7126738206203953,0.8701738206204053,9
original,696214953,-68.00648414171522,-0.5278783051100784,37.84367998315532,38.406765090899064,4
diagnostic_auction_transfer,696214953,-63.881025198256495,3.5975806383493385,37.84367998315532,32.94367998315516,1
original,1343220472,39.59176603362074,-0.19638647440565024,0.2394127043440477,0.2469127043440118,10
diagnostic_auction_transfer,1343220472,40.00435676793806,0.21620425991401082,0.2394127043440477,-1.11036622334132,1
original,1779397040,41.03837490535858,-0.42464064424428016,0.6982212213997485,0.7082212213997421,27
diagnostic_auction_transfer,1779397040,41.16022756852746,-0.30278798107516636,0.6982212213997485,-1.2450240152142455,11
original,1504367768,-68.54825672115747,0.006656387127634864,0.6967786052631055,0.7192786052631304,0
diagnostic_auction_transfer,1504367768,-68.77791637902328,-0.22300327073861917,0.6967786052631055,0.6596600195461282,15
original,715338238,16.935176982744625,-0.07811482543742702,0.3538860981456793,-1.8686139018545225,0
diagnostic_auction_transfer,715338238,15.971994373718385,-1.041297434462777,0.3538860981456793,-9.126559466099575,2
original,171778411,-22.20957016206563,-0.09322837183959364,9.24160080571454,9.648880884402626,0
diagnostic_auction_transfer,171778411,-21.474731981810482,0.641609808414408,9.24160080571454,5.6166008057140075,8
original,1366819888,19.894778536168793,0.18878199113371755,0.18193899625524068,-2.843994670514406,2
diagnostic_auction_transfer,1366819888,19.84412853915595,0.13813199412117444,0.18193899625524068,-6.083462456940518,4
original,1351035726,0.7596092853360327,-0.15147724532368334,0.23815956596349963,0.258061776452695,14
diagnostic_auction_transfer,1351035726,0.7876092853360328,-0.12347724532368255,0.23815956596349963,0.25806177645269146,13
original,1728468951,49.22998151758326,0.00535408444126578,12.306134117893677,12.288634117893665,0
diagnostic_auction_transfer,1728468951,49.65621718103117,0.43158974789008775,12.306134117893677,10.74113411789363,4
original,7731907,-21.529796011469404,-0.23207317557362755,12.418138948673075,12.430366015868604,10
diagnostic_auction_transfer,7731907,-19.52121683159228,1.7765060043044691,12.418138948673075,8.818138948673038,18
original,1465498801,17.18573597973084,-0.17607947092536924,0.07593024875477283,0.06093024875482178,10
diagnostic_auction_transfer,1465498801,16.78537438146265,-0.5764410691940622,0.07593024875477283,-1.694069751245099,24
original,1128209802,7.560982562639452,-0.16181646326947796,22.858573505884564,23.23408172739814,0
diagnostic_auction_transfer,1128209802,8.14628857835833,0.4234895524482634,22.858573505884564,21.811073505884604,4
original,1395328914,12.947958747065575,-0.2287813399845835,0.6449165222771143,1.2274165222772702,1
diagnostic_auction_transfer,1395328914,12.794403914021169,-0.38233617302908846,0.6449165222771143,1.3274165222771401,10
original,737379629,22.34943575683469,-0.08264477120623796,0.9768856512830411,1.0955150728180625,4
diagnostic_auction_transfer,737379629,22.3302191877327,-0.10186134030560312,0.9768856512830411,-1.5331143487164187,7
original,1949742542,23.95469051659122,0.05164296528586616,0.14931994226870415,-0.5185581258807456,3
diagnostic_auction_transfer,1949742542,23.926270865313693,0.023223314009817253,0.14931994226870415,-2.0517670607980385,12
original,2020720309,-4.533881967531217,1.6627360516609848,37.31396967955001,35.13912501390518,0
diagnostic_auction_transfer,2020720309,-0.6002090587368158,5.596408960455719,37.31396967955001,29.271469679549863,0
original,779313321,30.204821777438138,1.1368683772161603e-15,19.32537574342217,19.325375743422168,0
diagnostic_auction_transfer,779313321,30.109653222383944,-0.0951685550552658,19.32537574342217,19.665375743422153,0
original,1915380775,-10.589886208685686,0.32993034821272044,0.8878632503998034,2.4228632503997725,2
diagnostic_auction_transfer,1915380775,-12.429623293477325,-1.5098067365779901,0.8878632503998034,-4.406282665009908,0
original,1460519144,21.6667721789245,0.18549684126295388,12.012334699860972,11.264834699860906,6
diagnostic_auction_transfer,1460519144,22.7725427016514,1.2912673639892718,12.012334699860972,8.13604539418055,17
original,2074807571,-60.87711510973395,-0.04718084821033189,32.86418019129553,32.919180191295425,0
diagnostic_auction_transfer,2074807571,-60.33442928875615,0.49550497276812994,32.86418019129553,32.27168019129401,2
original,900123003,-25.416338548449993,0.16284312733723477,3.7768965457255916,5.294396545725675,1
diagnostic_auction_transfer,900123003,-25.34401581023532,0.23516586555261168,3.7768965457255916,6.406891311504603,1
original,1135692563,-92.08972869324037,-9.48204454686678,28.261368171195272,40.86886817119512,4
diagnostic_auction_transfer,1135692563,-80.90598203522727,1.7017021111454027,28.261368171195272,25.09386817119495,2
original,2043361052,42.50236531586969,-0.2419762563278971,0.6225730126607232,0.76213583720809,19
diagnostic_auction_transfer,2043361052,42.178270964318486,-0.5660706078783264,0.6225730126607232,-3.4124269873396984,8
original,843333442,1.672883162401903,0.13805109749982028,0.5038213438889443,1.1363213438889872,7
diagnostic_auction_transfer,843333442,1.857619720514816,0.322787655612319,0.5038213438889443,1.7088213438890811,0
original,353417389,-27.846342458922972,-0.4393496131845988,27.774159879870652,28.321659879870676,7
diagnostic_auction_transfer,353417389,-20.25650668760203,7.150486158136035,27.774159879870652,13.949853298052519,0
original,424808910,-1.4665124548350845,0.0999674461247575,0.3516071044000313,-0.04339289559994941,0
diagnostic_auction_transfer,424808910,-1.5634734725421722,0.0030064284175900305,0.3516071044000313,0.1516071044000793,2
original,2110665949,-26.795127605855857,0.15691936075044627,8.689435901973084,6.7769359019732605,1
diagnostic_auction_transfer,2110665949,-26.739704041580737,0.2123429250254021,8.689435901973084,4.87693590197377,8
original,1490100063,-61.32924896983878,0.16713620544953384,20.926312042177997,20.156312042178012,10
diagnostic_auction_transfer,1490100063,-59.022370129326866,2.4740150459616386,20.926312042177997,7.036150944470455,2
original,1736585178,-7.470747495437825,0.22503105739837195,0.7483895704696408,2.30005261057212,7
diagnostic_auction_transfer,1736585178,-7.790256080444466,-0.09447752760804792,0.7483895704696408,0.32838957046973194,5
original,863893592,12.565676344026098,0.0264338344625992,22.149132634672114,22.018059182791156,0
diagnostic_auction_transfer,863893592,12.540246828618617,0.0010043190563218808,22.149132634672114,22.144183620702748,0
original,2046270410,19.168182904147436,-0.08214479249490592,0.7455025419907884,1.2687466858773795,6
diagnostic_auction_transfer,2046270410,19.254135072897995,0.0038073762543369798,0.7455025419907884,0.8315855648109678,0
original,117517725,14.093141015448857,-0.20991166403380773,24.140406135262097,24.152906135262082,14
diagnostic_auction_transfer,117517725,14.042744968434196,-0.26030771104810757,24.140406135262097,24.11571625668693,13
original,940815950,24.25250574846972,-0.03333716672505754,0.8777952187269307,0.5385148608277976,2
diagnostic_auction_transfer,940815950,24.204998424996198,-0.08084449019591339,0.8777952187269307,-0.21101077127519519,1
original,1324941331,9.719614627926488,-0.31739215617788097,15.253437580125023,15.208437580125004,17
diagnostic_auction_transfer,1324941331,10.076301393995632,0.039294609891804486,15.253437580125023,14.930937580125057,0
original,64661212,29.397680228444703,-0.05145246625646453,0.8036150259101476,0.8161150259104204,8
diagnostic_auction_transfer,64661212,29.00607909248744,-0.443053602214797,0.8036150259101476,-3.123884974090359,11
original,1854895246,30.050063701838706,-0.21653859464160768,0.5993940888904206,0.5819470522578468,10
diagnostic_auction_transfer,1854895246,30.06337431674117,-0.2032279797377982,0.5993940888904206,0.37526969881785466,10
original,879362092,23.714929032089728,-0.08950508553971175,4.700674287603931,4.490650449342605,2
diagnostic_auction_transfer,879362092,23.48754776807103,-0.3168863495590738,4.700674287603931,3.632522953161813,0
original,155968498,19.611501886797644,-0.01524384872765926,0.46116671268295306,0.39233484399420004,0
diagnostic_auction_transfer,155968498,19.42954873628561,-0.19719699924072298,0.46116671268295306,-0.36383328731700715,0
original,1609379131,-14.235598856879566,-0.17444964180592681,0.7937340870919343,-0.9686507328232694,6
diagnostic_auction_transfer,1609379131,-14.144952204814112,-0.08380298974028569,0.7937340870919343,1.2187340870919199,4
original,1743645655,25.282836141047706,-0.04756455417584919,0.04026087918357746,0.6714599365755866,14
diagnostic_auction_transfer,1743645655,25.19283352916615,-0.13756716605747205,0.04026087918357746,0.3762189395156848,11
original,1345788033,-63.16983506700646,-0.6592076524355236,53.82122446825115,54.272362033358135,15
diagnostic_auction_transfer,1345788033,-60.36877843583808,2.1418489787308013,53.82122446825115,51.82122446825048,4
original,1506410196,18.87554544132811,-0.062159135879026536,0.7104594768842958,-2.002040523115424,0
diagnostic_auction_transfer,1506410196,18.76813677313685,-0.16956780407065272,0.7104594768842958,-3.1195405231152957,2
original,734812811,-27.59301465854474,-0.42056269908900173,31.97670528027119,32.08571291713518,26
diagnostic_auction_transfer,734812811,-26.08778822744913,1.084663732006992,31.97670528027119,29.753551839367212,16
original,2001204334,31.944576382033866,-0.007421305427068679,6.805020208385173,6.787520208385163,0
diagnostic_auction_transfer,2001204334,31.763545865292723,-0.1884518221662257,6.805020208385173,6.365020208385125,0
original,1746508753,-8.69783851244403,0.3473135969343055,17.109695084867397,16.264695084867302,2
diagnostic_auction_transfer,1746508753,-7.893582660048344,1.1515694493282962,17.109695084867397,14.559695084867268,1
original,1607147264,30.68291785585863,-0.14994070729153247,0.8361751516030864,0.8459436691185407,9
diagnostic_auction_transfer,1607147264,29.136503891174915,-1.696354671976631,0.8361751516030864,-3.8713248483970855,0
original,1456005942,37.41879825928573,-0.3552956751762911,4.8098671277485465,4.76753181390947,20
diagnostic_auction_transfer,1456005942,37.48084293742612,-0.29325099703703844,4.8098671277485465,4.750106443137911,16
original,1595538931,30.759523803916995,-0.022922713598046325,0.6521909031266802,0.7313299453729899,1
diagnostic_auction_transfer,1595538931,31.226246576084684,0.4438000585692206,0.6521909031266802,-1.8153090968730243,3
original,2037076975,25.297214643708855,-0.10127030089683488,0.27657977277084456,0.14933070068190682,10
diagnostic_auction_transfer,2037076975,25.451481190611272,0.052996246006061815,0.27657977277084456,0.7138904870678887,2
original,922286724,-10.06340853647735,-0.5203579755831937,15.493833203610365,16.672023803422192,0
diagnostic_auction_transfer,922286724,-8.787354163494664,0.755696397400042,15.493833203610365,13.657447088689322,0
original,699330154,-3.8392445928858017,0.001117463510440747,9.546493263749966,9.553993263749943,0
diagnostic_auction_transfer,699330154,-4.826769915159504,-0.9864078587632266,9.546493263749966,4.626821405004562,1
original,1377232363,7.489942552455456,-1.0054362820645575,0.475612144632251,2.2956121446321216,16
diagnostic_auction_transfer,1377232363,8.177634345331066,-0.3177444891889517,0.475612144632251,1.063555454327414,9
original,987011049,18.188479584933333,-0.40649719523596806,0.6207251581592175,0.6133766107972553,26
diagnostic_auction_transfer,987011049,17.836975677376472,-0.7580011027922876,0.6207251581592175,-4.819274841840754,2
original,808089667,1.2596197568654703,0.2666264054922678,0.4260872113360108,-0.7064176261692574,1
diagnostic_auction_transfer,808089667,0.945566879279781,-0.047426472091787186,0.4260872113360108,-0.24201162643430008,10
original,2015846335,21.764893852988152,0.05983598414656697,0.164142352870428,-0.16835764712947165,0
diagnostic_auction_transfer,2015846335,22.394211892395575,0.6891540235537028,0.164142352870428,-5.118492212000696,0
original,928331244,2.509080927326935,0.5684588336940216,25.27162859914536,23.77762058073043,0
diagnostic_auction_transfer,928331244,5.053090524524297,3.1124684308911568,25.27162859914536,13.736202283697912,1
original,1601489464,-13.785639289631735,-3.6572528282663246,0.8695220249526017,8.128338310170193,7
diagnostic_auction_transfer,1601489464,-10.649929721685954,-0.5215432603214731,0.8695220249526017,1.9145220249524808,10
original,1132032149,21.262914818923235,-0.0127067245041861,0.7898876841551328,0.5977223025218368,0
diagnostic_auction_transfer,1132032149,20.753711083470503,-0.521910459956159,0.7898876841551328,-1.6445894404588648,16
original,1677304860,13.906668058121095,0.014284684003456082,12.702796200312761,12.548386933994369,0
diagnostic_auction_transfer,1677304860,13.981118716817866,0.08873534270089331,12.702796200312761,11.639060020332995,0
original,903878090,28.284286824439384,-0.2819555572586046,0.31549420043236864,0.32795897020027004,18
diagnostic_auction_transfer,903878090,28.13131373867371,-0.43492864302384904,0.31549420043236864,0.6640325957201056,29
original,1377519076,-6.880182322175783,-0.03147934673178079,0.878079840151301,0.8055798401513325,1
diagnostic_auction_transfer,1377519076,-7.131289766669885,-0.2825867912251416,0.878079840151301,-1.3819201598484756,0
original,1943661346,-64.77898572314417,-1.5340550183922808,31.021020783513677,33.471020783513886,2
diagnostic_auction_transfer,1943661346,-62.88679124187134,0.3581394628813622,31.021020783513677,30.358520783514013,2
original,1335631520,49.1731545749132,-0.3678541180266004,18.25459747194732,18.27168349974649,17
diagnostic_auction_transfer,1335631520,50.78903635030243,1.2480276573609423,18.25459747194732,16.22459747194751,0
original,828836110,-34.57901066965193,-0.13700596379442423,0.7853190266696828,0.5553855411538142,12
diagnostic_auction_transfer,828836110,-35.02013508910871,-0.5781303832521496,0.7853190266696828,-0.0924001795470567,29
original,99648600,0.9848513585985837,-0.029198887795777288,0.7012951967665941,-1.2205837776233954,0
diagnostic_auction_transfer,99648600,0.8147699384725501,-0.19928030792312404,0.7012951967665941,-0.48414965760030526,10
original,917213465,-23.811322264530716,1.0101548672282772,35.28607955610549,33.95723535726733,1
diagnostic_auction_transfer,917213465,-16.228535542437875,8.592941589320857,35.28607955610549,21.627824281579493,0
original,1619390795,-4.720837961244009,-0.35973779652500476,3.9022456562585717,3.942245656258545,26
diagnostic_auction_transfer,1619390795,-4.824110017486458,-0.4630098527680341,3.9022456562585717,5.800779102312946,2
original,577669131,27.045845437309698,-0.0633779068857536,0.44469277476395064,0.2783706903128538,5
diagnostic_auction_transfer,577669131,24.54439960139439,-2.564823742801505,0.44469277476395064,-7.325307225235518,1
original,1892892678,-37.08396238503505,-0.334560418008088,18.744079354323688,18.95383297720039,10
diagnostic_auction_transfer,1892892678,-35.0473703490111,1.702031618014946,18.744079354323688,13.944079354323971,8
original,969974631,-11.246372335393495,0.02117304388564796,0.7332127213265807,1.348443814835707,7
diagnostic_auction_transfer,969974631,-11.34524292233504,-0.07769754305577713,0.7332127213265807,0.7706379218060189,4
original,311831982,8.45259712184195,0.6139311096642002,23.29131389186699,21.933813891866965,0
diagnostic_auction_transfer,311831982,9.429333491906032,1.5906674797282818,23.29131389186699,19.58107644734191,0
original,633196901,13.791700390514567,-0.2318648359570723,0.16489394830998094,-2.1151060516900895,2
diagnostic_auction_transfer,633196901,13.700210609197569,-0.32335461727295794,0.16489394830998094,-2.8076060516899357,1
original,131996985,25.470368242284305,-0.31793920980812296,0.30895095938630845,0.29895095938632466,23
diagnostic_auction_transfer,131996985,24.83121188875374,-0.9570955633387686,0.30895095938630845,-5.7710490406145105,1
original,1833479134,-27.414986162942213,1.5878717190607683,35.434545467398706,33.56648371047818,0
diagnostic_auction_transfer,1833479134,-22.255770314091787,6.747087567911386,35.434545467398706,26.811650106945287,0
original,359076107,21.519854306041335,-0.1531842728145994,0.08131812359887647,0.006318123598912706,16
diagnostic_auction_transfer,359076107,19.147038741099372,-2.525999837757963,0.08131812359887647,-8.070035247036321,0
original,335924090,-78.16508850460247,-1.120969013421541,42.326630389075795,43.96371253789024,2
diagnostic_auction_transfer,335924090,-76.64669828364057,0.3974212075422226,42.326630389075795,41.613220821253584,6
original,1257987145,-15.439221286021512,2.0813126222465725,21.610003940227173,17.857708156671777,0
diagnostic_auction_transfer,1257987145,-14.685872191360264,2.834661716907857,21.610003940227173,16.246363885116487,9
original,238493528,-20.296247296457423,-1.2216668392053187,28.33028024163025,29.71778024163034,0
diagnostic_auction_transfer,238493528,-16.14594744799959,2.928633009253013,28.33028024163025,24.760280241629495,1
original,744212987,20.52787077629939,-0.052395984137226244,0.4106321856733359,0.36206165023176523,9
diagnostic_auction_transfer,744212987,17.522206550818726,-3.0580602096194536,0.4106321856733359,-10.741722703474958,1
original,1824030909,24.617153922421895,0.013743591293606954,0.46222013822030306,0.3754422352094084,0
diagnostic_auction_transfer,1824030909,24.701679322902724,0.09826899177422764,0.46222013822030306,-0.4949981904314551,3
original,311014341,56.44900466263947,0.005942656111076532,12.442828178668236,12.425785183441093,0
diagnostic_auction_transfer,311014341,56.50341296131848,0.06035095478971412,12.442828178668236,12.245786714196935,1
original,467222588,-18.46054930601598,-0.416426377891577,0.680358572698637,-3.589641427302057,8
diagnostic_auction_transfer,467222588,-18.52263719096027,-0.4785142628368167,0.680358572698637,-0.11964142730142946,29
original,531443561,-22.789393444559217,2.0252219280130777,31.41111242547676,29.65861242547666,11
diagnostic_auction_transfer,531443561,-26.92799706466537,-2.1133816920918465,31.41111242547676,33.020410956088995,12
original,919122152,1.354434870696638,0.28808670898784694,0.05783125855623439,-1.332168741443681,0
diagnostic_auction_transfer,919122152,1.4868776199500573,0.4205294582424457,0.05783125855623439,-2.4546687414437436,5
original,612233965,1.4776542466524654,-0.08606449543790329,0.4742948383808141,0.1067948383807924,0
diagnostic_auction_transfer,612233965,1.5105723419441641,-0.05314640014495551,0.4742948383808141,0.5040650886032423,3
original,279136832,30.16803745688042,-0.19434223644043697,0.362695761747176,0.3751957617471693,9
diagnostic_auction_transfer,279136832,30.357068374855917,-0.005311318465598805,0.362695761747176,-8.856253197172645,5
original,1274020358,-23.17915591436729,0.03530031878570569,13.459769717162672,12.714769717162751,7
diagnostic_auction_transfer,1274020358,-22.51183900173734,0.702617231415548,13.459769717162672,9.036974357616351,4
original,509774083,-19.49887324407353,0.5288538172325035,11.829111904368887,10.48387234199342,0
diagnostic_auction_transfer,509774083,-20.033971385946273,-0.006244324639194762,11.829111904368887,11.567317291662889,6
original,296914879,-16.661003382725475,-0.04628983916934065,0.17624461552637172,-0.26514724449804555,1
diagnostic_auction_transfer,296914879,-17.1881995792935,-0.5734860357364223,0.17624461552637172,-4.443296131295641,5
original,380340509,-75.4520347205531,-0.4321109085553017,24.301331015794304,24.476331015794333,21
diagnostic_auction_transfer,380340509,-68.14194482083383,6.877978991162719,24.301331015794304,10.806331015794612,3
original,1943476184,35.11729146946386,-0.40233070024269957,2.0521394258289973,2.0447819943817542,26
diagnostic_auction_transfer,1943476184,35.40601361200242,-0.11360855770331414,2.0521394258289973,2.2521394258289735,10
original,1125217916,-104.06829379841362,-0.6591643423825471,38.67843651551553,38.798005854227675,29
diagnostic_auction_transfer,1125217916,-106.64970959573563,-3.240580139703381,38.67843651551553,40.392386918253656,0
original,1938736026,-14.552876994009374,-0.17016230116769415,9.545037060886244,9.811328713565397,3
diagnostic_auction_transfer,1938736026,-14.240905388298685,0.14180930454314844,9.545037060886244,7.785037060886394,27
original,1940157388,-19.561916876365267,0.4877283935655573,10.653761162898604,7.211261162898678,3
diagnostic_auction_transfer,1940157388,-19.395931291963315,0.6537139779677461,10.653761162898604,4.0337611628990455,11
original,1855914678,14.397536654343273,0.10455566115679898,0.17752768863981316,-1.3549723113600214,0
diagnostic_auction_transfer,1855914678,14.415333995073773,0.12235300188865193,0.17752768863981316,-3.4374723113601453,3
original,1051613351,-15.594746743922066,0.06466539997881568,24.33772307529648,23.687723075296645,5
diagnostic_auction_transfer,1051613351,-15.581765911034182,0.0776462328669093,24.33772307529648,23.795223075296743,2
original,1925788965,27.398810170375704,0.009437747751619388,0.8927293167093353,0.9477293167093439,0
diagnostic_auction_transfer,1925788965,27.378700081571665,-0.010672341052624813,0.8927293167093353,1.0352293167093283,6
original,686246359,29.656862944017654,-0.38370044077396953,0.19323523843328871,0.1709913626288197,19
diagnostic_auction_transfer,686246359,29.579988968099308,-0.4605744166916572,0.19323523843328871,-0.18675903160510898,24
original,1960755633,12.896974868018956,-0.13749004577119758,0.11757477226727531,0.08563795414178703,9
diagnostic_auction_transfer,1960755633,12.239115820387694,-0.795349093402286,0.11757477226727531,-5.29492522773414,7
original,972842241,10.370215526894963,-0.028845576568128223,0.10572188064162447,-4.705295232580314,0
diagnostic_auction_transfer,972842241,10.000020148954055,-0.39904095450901755,0.10572188064162447,-7.756575378600395,11
original,1174627525,21.9116387014529,0.09777405524109394,0.38034433000505885,1.7174504712244458,6
diagnostic_auction_transfer,1174627525,21.753550014562773,-0.06031463164898727,0.38034433000505885,0.14534433000495994,2
original,321422727,-28.686094110580996,0.0041934241222929235,0.3122750415666644,0.5290884863163567,3
diagnostic_auction_transfer,321422727,-28.80287584915475,-0.11258831445300128,0.3122750415666644,-0.5809609213309547,2
original,1517941245,22.831140524196808,-0.02169417633675023,0.5507148054070115,0.3357148054070591,2
diagnostic_auction_transfer,1517941245,22.16815383132413,-0.684680869208217,0.5507148054070115,-6.298705591601848,1
original,1787075831,-11.59372520958209,-0.036127122058256314,4.81965819947176,4.984658199471757,5
diagnostic_auction_transfer,1787075831,-11.546365196975932,0.0112328905490338,4.81965819947176,3.779658199471652,12
original,1682813998,4.957569928426029,-0.02707541268655473,6.778213564707627,6.493314208275685,2
diagnostic_auction_transfer,1682813998,4.984623293702067,-2.2047410896000033e-05,6.778213564707627,6.7732976313104984,0
original,1012656582,14.683296606949567,-0.0411713665831179,0.9306057762616291,2.421953661903042,2
diagnostic_auction_transfer,1012656582,14.69607374582153,-0.028394227710692024,0.9306057762616291,0.028280735316091876,2
original,727987664,23.105952926340173,0.00020297453381048006,5.357472890633787,5.504064913708988,0
diagnostic_auction_transfer,727987664,23.105928425867457,0.00017847406140031503,5.357472890633787,5.4503354174035445,0
original,277310391,32.94558211461099,-0.007531470053969093,0.6668240786954129,0.5106513130634667,0
diagnostic_auction_transfer,277310391,32.92130753928983,-0.03180604537475962,0.6668240786954129,0.7143240786953762,6
original,551290549,8.418630471839357,-0.008384402259059735,0.8266322062493856,1.05913220624939,1
diagnostic_auction_transfer,551290549,8.404886956803418,-0.02212791729499846,0.8266322062493856,0.9466322062493822,1
original,2049518179,34.79281218920545,-0.04117743505845566,17.736111293821864,17.748579308866628,2
diagnostic_auction_transfer,2049518179,34.91954243221212,0.08555280794909244,17.736111293821864,17.081111293821767,10
original,509854283,-45.13664040018707,-7.958078640513123e-15,18.11572491221432,18.11572491221434,0
diagnostic_auction_transfer,509854283,-44.363158935801074,0.7734814643869831,18.11572491221432,16.49863141589246,8
original,1710156765,1.0020160987632885,-0.3275571608189968,0.5547110579990004,0.8297110579989826,20
diagnostic_auction_transfer,1710156765,1.2294567617671244,-0.10011649781389681,0.5547110579990004,0.7822110579989796,2
original,1789186992,24.242014052875525,-0.053769992654107604,0.5069448461129582,1.0942616172137716,3
diagnostic_auction_transfer,1789186992,24.087290544806937,-0.20849350072300313,0.5069448461129582,0.596944846112951,14
original,84794743,18.950394705858308,0.24657985742109745,0.018248195319785054,-2.277492001939852,0
diagnostic_auction_transfer,84794743,18.921471125388003,0.21765627695051842,0.018248195319785054,-2.768789493912157,5
original,1487220134,-23.352827403802834,0.8526340037413604,32.80566966222851,31.435788511038574,0
diagnostic_auction_transfer,1487220134,-16.577157311602235,7.628304095942398,32.80566966222851,15.625669662226514,1
original,682327302,-14.255534531715979,-0.2332904483621528,0.3856294295564453,-2.247029570678973,0
diagnostic_auction_transfer,682327302,-14.360313332240018,-0.3380692488866219,0.3856294295564453,-2.139701139130116,10
original,1159224072,-19.860103775031014,-0.21012858409996885,0.7251716643528141,-1.434828335647321,4
diagnostic_auction_transfer,1159224072,-19.70214372287015,-0.0521685319389003,0.7251716643528141,2.0451716643529423,8
original,1153453558,18.598406219061168,0.20910564865714157,0.6701987304674191,-1.647301269532476,0
diagnostic_auction_transfer,1153453558,18.419623750090576,0.030323179687469642,0.6701987304674191,-0.12980126953256654,2
original,1053397382,21.030268190136713,-0.033973248746858115,0.545002378624801,-2.618809771077717,0
diagnostic_auction_transfer,1053397382,20.912629767846468,-0.15161167103837414,0.545002378624801,-4.275340656836745,1
original,1318901348,4.508357064282463,0.000395582153348762,4.495931054266123,4.485996615820108,0
diagnostic_auction_transfer,1318901348,4.493116291906479,-0.014845190221723547,4.495931054266123,4.838431054266097,0
original,45030771,-17.065908209191964,-0.015718773702688156,0.020985390382534774,0.11098539038253552,1
diagnostic_auction_transfer,45030771,-16.980811119697947,0.06937831578943719,0.020985390382534774,2.51348539038261,5
original,590047755,24.28867027433089,-0.05731517869258148,17.579210164578384,17.591411500026297,2
diagnostic_auction_transfer,590047755,24.6511053949816,0.305119941958126,17.579210164578384,16.37671016457833,1
original,1560860869,-27.555061078003504,-0.02,20.058838452859163,20.058838452859163,4
diagnostic_auction_transfer,1560860869,-23.67766240523926,3.8573986727622818,20.058838452859163,13.813838452858928,6
original,1405551450,-31.84323384146285,1.6361749449723628,11.438696779784337,8.920312363645394,7
diagnostic_auction_transfer,1405551450,-31.93941319866127,1.5399955877738853,11.438696779784337,9.117351651600114,1
original,1886439221,-9.114131940725263,-0.9688708091187196,11.235642114826533,14.138684394490918,0
diagnostic_auction_transfer,1886439221,-8.467439649605032,-0.32217851799967134,11.235642114826533,12.258617482770275,0
original,1070146628,1.6519220795062382,0.055403810519316796,0.43678958852760275,-0.16047117886484386,0
diagnostic_auction_transfer,1070146628,1.7239115980093949,0.1273933290237025,0.43678958852760275,-1.5112613799422732,3
original,75433554,14.581684952452871,0.21616006801760634,0.547986184655656,1.5179861846553564,4
diagnostic_auction_transfer,75433554,13.146786168154586,-1.218738716279886,0.547986184655656,-3.4920138153445883,3
original,1558799408,21.171556869816143,-0.052422583319868946,0.3048258763056424,0.6005738993508705,4
diagnostic_auction_transfer,1558799408,21.240413204342097,0.01643375120697295,0.3048258763056424,-2.1176741236939165,9
original,568230291,-16.559669613702475,0.002032050070051801,12.198032497124274,12.18806467418604,0
diagnostic_auction_transfer,568230291,-15.668804680426064,0.8928969833466438,12.198032497124274,0.8380324971236028,4
original,492405674,-17.59388446107014,-1.2958031655205358,20.04840367823404,22.29840367823405,3
diagnostic_auction_transfer,492405674,-16.02988857803042,0.26819271751836454,20.04840367823404,19.53840367823333,0
original,359593592,6.2516652768860155,-1.0545638945631652,14.703028035963214,16.643472914865892,0
diagnostic_auction_transfer,359593592,7.4392143644346636,0.132985192983546,14.703028035963214,14.448028035962961,0
original,299570547,-11.794331224234615,-0.18875254284665274,0.12695778585005257,0.20945778585006947,14
diagnostic_auction_transfer,299570547,-11.724098861495376,-0.11852018010897532,0.12695778585005257,0.8019577858500386,12
original,1329852192,-11.20094560095161,0.39561993053386046,17.404064663077577,16.4815646630774,0
diagnostic_auction_transfer,1329852192,-7.6979024496283115,3.898663081856683,17.404064663077577,4.982707449806721,0
original,767432161,-109.2751089640561,0.43096267922244497,38.16528659145524,37.557442066603265,2
diagnostic_auction_transfer,767432161,-100.31075099723755,9.395320646041867,38.16528659145524,15.590286591455602,2
original,1433818834,19.715137325726815,-0.2759480660724335,0.844726464810492,-1.4832927974329877,1
diagnostic_auction_transfer,1433818834,19.813871410691043,-0.17721398110796804,0.844726464810492,-0.7763819034721633,0
original,2051347241,6.6916816674708,-0.026826151562185818,0.8026719003566285,0.9113032580471755,5
diagnostic_auction_transfer,2051347241,6.730935991172927,0.012428172138629283,0.8026719003566285,0.923642825659352,0
original,1651502692,24.726400795984574,-0.08231106546530509,0.6961473517152541,0.48746943732595793,11
diagnostic_auction_transfer,1651502692,23.6065183627933,-1.2021934986565936,0.6961473517152541,-7.105543711326907,0
original,1682292240,-134.05823506871693,-15.35748650652185,43.047657017293446,54.67265701729432,9
diagnostic_auction_transfer,1682292240,-117.84155743704332,0.8591911251527442,43.047657017293446,42.05440061106844,20
original,635131396,23.084485595955627,0.06732366385271304,0.05633732621211607,0.5399074777080607,1
diagnostic_auction_transfer,635131396,23.007843653162016,-0.009318278941155243,0.05633732621211607,0.0013373262121536555,0
original,437336412,18.685642251618532,0.03295720406076451,6.91134850206565,5.78944932166414,2
diagnostic_auction_transfer,437336412,18.696315087283622,0.04363003972680691,6.91134850206565,6.1970900299887015,0
original,1192672776,9.90740577551566,-0.381406732948945,0.31021414514155765,-3.1522858548584587,1
diagnostic_auction_transfer,1192672776,9.84437593478661,-0.4444365736777397,0.31021414514155765,-0.4897858548584928,21
original,480473980,-10.824848610667742,-0.01890482870556087,0.8808732452139196,0.9533732452139247,2
diagnostic_auction_transfer,480473980,-10.769682151541783,0.03626163041930204,0.8808732452139196,1.2133732452137025,0
original,962252385,-37.386808804854624,-7.906959442014464,50.020932330198136,57.23093233019801,12
diagnostic_auction_transfer,962252385,-39.78932000069516,-10.309470637854146,50.020932330198136,59.26593233019859,3
original,666160977,38.11316725934102,-0.02260428032486147,1.5479288863173224,1.4813883328915538,0
diagnostic_auction_transfer,666160977,37.60950345256085,-0.5262680871053739,1.5479288863173224,0.06092399945457383,0
original,2060585026,12.038517362077659,-0.010439372200926394,0.13378037199321113,0.168231458143679,0
diagnostic_auction_transfer,2060585026,12.031463250034266,-0.017493484245066915,0.13378037199321113,-0.3037196280067711,8
original,275392946,17.177928990353326,-0.32897134568085745,0.5536543191428649,0.5036543191428464,24
diagnostic_auction_transfer,275392946,17.249662582146474,-0.257237753887117,0.5536543191428649,0.896728230568407,14
original,1900407461,11.412826248849699,-0.05539170323815207,0.5909432228738041,0.9263000515993237,0
diagnostic_auction_transfer,1900407461,11.465239125393795,-0.002978826694296489,0.5909432228738041,0.5784432228738794,1
original,1601222202,13.448255330198748,-0.21237331094609718,0.23526323428912121,-2.93473676571141,0
diagnostic_auction_transfer,1601222202,13.051055243827095,-0.6095733973184126,0.23526323428912121,-5.427761142100454,12
original,270343955,9.294090804563407,-0.046648951227471806,0.2650699181698428,-0.48493008183057995,0
diagnostic_auction_transfer,270343955,9.100968026936915,-0.23977172885345827,0.2650699181698428,-0.8674300818304133,10
original,298353528,-3.1943242787802943,-1.2793349001925547,21.986890185854705,23.92189018585467,1
diagnostic_auction_transfer,298353528,-0.8258679036288146,1.089121474960053,21.986890185854705,20.114390185855054,7
original,350016834,16.892487935181016,-0.05000525689282203,0.7369832096818527,0.4247388315510999,6
diagnostic_auction_transfer,350016834,16.898652182718486,-0.04384100935686912,0.7369832096818527,-3.7205167903179284,0
original,1411892841,-18.368811298223623,2.842170943040401e-16,5.180738319696459,5.180738319696457,0
diagnostic_auction_transfer,1411892841,-18.070890648024236,0.2979206501978797,5.180738319696459,2.6501489071663604,8
original,1850461026,29.437827321599855,-0.03909681772577034,0.4420184513348886,1.0320184513348591,14
diagnostic_auction_transfer,1850461026,29.498117817547907,0.021193678221187062,0.4420184513348886,0.7720184513349251,4
original,729660505,2.5108076441054052,0.025610677844502147,13.16819596523871,12.800695965238738,0
diagnostic_auction_transfer,729660505,2.538523467528182,0.05332650126602792,13.16819596523871,7.258792398551177,2
original,1598174193,13.286798979774101,-0.42894081152826063,0.7524621029637331,0.7647210946659914,26
diagnostic_auction_transfer,1598174193,13.368989790547966,-0.34675000075274276,0.7524621029637331,-1.3100378970363717,21
original,1660100628,1.589828966780506,-0.2888324474972959,0.8186362635337332,1.5011362635338923,0
diagnostic_auction_transfer,1660100628,1.6756812387566484,-0.20298017552075737,0.8186362635337332,1.1261362635338035,10
original,874166232,-49.799210654426936,-0.23979144369320463,6.047496062462002,6.7624960624619925,13
diagnostic_auction_transfer,874166232,-49.48686981035375,0.07254940038030916,6.047496062462002,4.782496062461928,14
original,525007933,-20.856747747762974,-0.027940703403072132,0.06583891335864678,0.20833891335864108,2
diagnostic_auction_transfer,525007933,-20.907517958602902,-0.0787109142437024,0.06583891335864678,0.7908389133586513,3
original,1626278242,29.975292263373944,-0.13046160835223986,16.761963318212395,16.699463318212413,11
diagnostic_auction_transfer,1626278242,30.800524478152663,0.6947706064280609,16.761963318212395,11.412403847393911,1
original,453539772,28.252472953758765,-0.4103007305751757,0.612908161508301,0.6276002649403027,23
diagnostic_auction_transfer,453539772,28.26781663328594,-0.39495705104816575,0.612908161508301,-0.17709183849163423,26
original,29667132,18.355834556802478,-0.24217006812216615,0.28151505173461544,0.2937347655227099,10
diagnostic_auction_transfer,29667132,18.5879047427029,-0.010099882220322431,0.28151505173461544,-1.4384849482654367,10
original,2122884215,-5.3223590828343905,-0.15574827223083904,0.980295326509733,1.1166120041314016,13
diagnostic_auction_transfer,2122884215,-5.519107756656204,-0.35249694605342996,0.980295326509733,1.6754995866928848,6
original,1922187059,-24.605841035269368,-0.3596360370011505,4.805221813253084,5.715221813252935,0
diagnostic_auction_transfer,1922187059,-25.14446822352992,-0.8982632252623245,4.805221813253084,6.604926244484583,18
original,1442664565,15.95530485876175,-0.031247136889775814,0.9013272580780125,1.0660685708632494,0
diagnostic_auction_transfer,1442664565,15.981845324789871,-0.004706670862738502,0.9013272580780125,0.2838272580779986,6
original,596443625,28.268634487896207,-0.16957676959135173,0.6142455464574255,-0.6207222921884812,7
diagnostic_auction_transfer,596443625,27.323791216948695,-1.1144200405397715,0.6142455464574255,-6.015754453542711,5
original,1101871379,11.135945847483294,-0.3496328588347763,0.7061190194213509,-2.293880980579164,1
diagnostic_auction_transfer,1101871379,11.273540544276415,-0.21203816204120612,0.7061190194213509,-0.9861050936815743,5
original,828615994,-22.303479789221054,-0.2631157109960888,0.39981333800149343,1.41577053755943,2
diagnostic_auction_transfer,828615994,-22.274922769826645,-0.23455869160234008,0.39981333800149343,1.2146146870250507,5
original,1076876363,9.304628146948906,-0.00022628709609209385,13.440074192196079,13.465074192196063,0
diagnostic_auction_transfer,1076876363,9.254417479217503,-0.05043695482585478,13.440074192196079,13.91507419219609,3
original,1465321994,-148.97823833506857,1.363464281526096,15.829453730946469,10.140836246748314,10
diagnostic_auction_transfer,1465321994,-150.54814031626347,-0.2064376996690208,15.829453730946469,15.221953730946527,23
original,1973961604,-7.34586736512111,-0.41433925991533277,0.5453886748485957,2.0470303385055386,0
diagnostic_auction_transfer,1973961604,-7.148185295575649,-0.2166571903693457,0.5453886748485957,1.1728886748485543,7
original,748579165,45.69224790312877,-0.143876456947778,1.2142819866822805,1.0254629697211017,13
diagnostic_auction_transfer,748579165,45.681872149575945,-0.15425221050131138,1.2142819866822805,1.1918963872652508,17
original,1205199653,-1.0453093374478435,0.2106174505398972,16.668398536836065,16.003398536836126,0
diagnostic_auction_transfer,1205199653,0.44042279412287844,1.6963495821100025,16.668398536836065,10.05416940581226,1
original,684145863,31.857808378154115,-0.27799401000040613,0.9887692028802775,0.9639903979546733,20
diagnostic_auction_transfer,684145863,31.434331905363216,-0.7014704827911931,0.9887692028802775,-2.636230797119798,18
original,576236758,1.9005448551340978,0.29372291376526116,21.10867991680385,20.066179916804167,0
diagnostic_auction_transfer,576236758,2.9054598484290484,1.2986379070609697,21.10867991680385,15.469377804815974,6
original,686847650,3.958831977008044,-0.24599692517289762,18.80640330990998,19.14890330991002,12
diagnostic_auction_transfer,686847650,5.109951978127709,0.9051230759466017,18.80640330990998,15.846403309910158,7
original,812198784,18.584052003824866,0.07779947047769822,0.39295068221881024,2.3279042635705904,1
diagnostic_auction_transfer,812198784,18.397218925903164,-0.10903360744331357,0.39295068221881024,-0.9223428414647792,4
original,1224257351,25.532372480330654,-0.21495268153677427,0.44109897354542227,-2.563036795285414,1
diagnostic_auction_transfer,1224257351,25.38125751268841,-0.3660676491788013,0.44109897354542227,-3.487139413327283,8
original,1270101372,8.452196353959756,-0.14889742746585985,0.010823629443677873,0.025690280614055497,7
diagnostic_auction_transfer,1270101372,8.402498823529088,-0.19859495789635,0.010823629443677873,0.7449372113896938,6
original,1633410136,1.8935523107812868,-0.26081411359784856,5.77537508842164,7.082801237315762,10
diagnostic_auction_transfer,1633410136,2.048201291165993,-0.10616513321260215,5.77537508842164,5.894864616329424,9
original,768568600,16.040022812954877,-0.09944131758939974,0.569697568819322,0.3621975688193224,13
diagnostic_auction_transfer,768568600,14.68482235034448,-1.4546417802014828,0.569697568819322,-9.66923356238893,1
original,589306561,18.396258175544965,-0.17889440680485977,0.687302528762288,1.217302528762234,2
diagnostic_auction_transfer,589306561,18.260275721848284,-0.3148768605003255,0.687302528762288,1.3398025287622257,11
original,943842110,1.869234019164736,-0.0510093374645562,4.715596185392698,5.083087755503124,5
diagnostic_auction_transfer,943842110,1.7170284085981107,-0.20321494803118173,4.715596185392698,4.64309618539271,20
original,1050268402,29.77904994415333,-0.42340169019823376,2.8573709159298346,2.9773709159298694,24
diagnostic_auction_transfer,1050268402,30.139692841194975,-0.06275879315529768,2.8573709159298346,2.0642119450541307,5
original,317577732,-36.09373979249924,2.2453326489268166,19.685061157322693,16.03756115732252,3
diagnostic_auction_transfer,317577732,-31.218168120763394,7.120904320662181,19.685061157322693,4.600236250432639,4
original,1839386508,13.259575925714989,0.04110090989653289,17.52303098646796,17.325530986468003,1
diagnostic_auction_transfer,1839386508,13.472519589669078,0.25404457385026963,17.52303098646796,16.415530986467918,0
original,1551711768,-19.025214715264298,-0.7333546833822412,0.338612852315606,0.8186128523156304,29
diagnostic_auction_transfer,1551711768,-18.69190582028036,-0.4000457883991382,0.338612852315606,0.6436128523156333,20
original,902734756,5.016945987033374,-0.42706534276788344,28.2496307162679,28.26689260299405,27
diagnostic_auction_transfer,902734756,6.264623725542782,0.820612395739796,28.2496307162679,26.06412003723505,22
original,116714441,-2.9424343368153005,0.011723028961234908,2.3574264855315903,3.8649264855317615,0
diagnostic_auction_transfer,116714441,-3.03812934140353,-0.08397197562756019,2.3574264855315903,0.8537438146090528,1
original,687036444,-68.57211495064753,-0.23844494352896137,32.28452242640563,32.60452242640557,3
diagnostic_auction_transfer,687036444,-64.8289693938308,3.5047006132882785,32.28452242640563,25.884764909529938,4
original,759474621,17.19106250597703,-0.32523638944251987,0.7029235440563042,0.8079235440563268,23
diagnostic_auction_transfer,759474621,17.27153970233495,-0.24475919308616162,0.7029235440563042,1.197923544056331,14
original,1473350621,-6.678722307298619,-0.03435098777149405,0.21767207044497638,-0.5123279295547505,1
diagnostic_auction_transfer,1473350621,-7.359846804659736,-0.7154754851317683,0.21767207044497638,-6.615349172357698,1
original,1908625941,-8.741660308598233,0.09662477082754704,0.5148927868454933,0.08739278684540608,0
diagnostic_auction_transfer,1908625941,-9.0104079499083,-0.17212287048305358,0.5148927868454933,1.1873927868454075,1
original,1478274845,24.7793365648716,-0.44837162388047125,0.9190597011781563,0.9390597011781558,29
diagnostic_auction_transfer,1478274845,24.810008455357444,-0.41769973339541144,0.9190597011781563,0.9365597011781546,28
original,1823423186,10.609043638793162,-0.04183737219569412,0.3109374044625923,0.19210859653009754,3
diagnostic_auction_transfer,1823423186,10.169636011370425,-0.48124499961795814,0.3109374044625923,-7.666562595536901,6
original,50948115,31.629838408250333,-0.039434289946202704,0.10133164307308107,0.06904162243307477,5
diagnostic_auction_transfer,50948115,31.32766585571333,-0.34160684248127493,0.10133164307308107,-0.6486782880246165,15
original,389278141,-32.63691045946752,3.132755644744488,35.142792971442105,31.19279297144141,1
diagnostic_auction_transfer,389278141,-30.541985245875654,5.227680858336374,35.142792971442105,28.079677856058137,14
original,1338005382,14.789966456470262,-0.10422158875370896,0.40840815378750506,0.5234081537875048,7
diagnostic_auction_transfer,1338005382,14.607170555532177,-0.2870174896916095,0.40840815378750506,0.9584081537873756,9
original,162934857,22.713118738506367,-0.0008296541943552354,14.687633222571577,14.675133222571572,0
diagnostic_auction_transfer,162934857,22.710611025924184,-0.003337366777426609,14.687633222571577,14.637633222571571,0
original,1543272473,-21.817309788794397,-0.30794318526104325,24.127820164011595,24.266611658887147,13
diagnostic_auction_transfer,1543272473,-16.212267675393417,5.297098928140885,24.127820164011595,7.165320164011934,2
original,415740833,11.412028295711467,0.10191336815268075,0.7532593444914966,1.1290784971812122,0
diagnostic_auction_transfer,415740833,11.254720738896623,-0.055394188662613385,0.7532593444914966,0.8870540471185505,6
original,1981827657,3.933282605733336,-0.024836985173970667,0.8385296520589662,0.8135296520589803,3
diagnostic_auction_transfer,1981827657,2.7842269603686836,-1.173892630538446,0.8385296520589662,-6.423970347941255,4
original,815113826,25.265325960524464,-0.1740716462921164,0.36849554883492885,-0.15150445116507205,12
diagnostic_auction_transfer,815113826,24.89423829360468,-0.545159313210797,0.36849554883492885,-2.026504451165015,14
original,233704819,12.382991114436091,-0.09442172618023795,8.983395582711097,9.143090049869157,0
diagnostic_auction_transfer,233704819,12.126923205412659,-0.3504896352046978,8.983395582711097,9.571906800319429,0
original,505942882,8.226384878374938,-0.0003666430581125424,0.5489203381483918,0.11392033814844282,6
diagnostic_auction_transfer,505942882,8.064482364134172,-0.16226915730134595,0.5489203381483918,-6.861517047829508,7
original,1955114306,-10.848000201131825,1.7208894423770438,22.722778185893418,19.926492991513342,2
diagnostic_auction_transfer,1955114306,-8.539837726833301,4.029051916675142,22.722778185893418,15.707186323542203,0
original,406307240,-26.664452023510925,-0.00721304751207133,30.49095822675774,30.134564157238128,9
diagnostic_auction_transfer,406307240,-26.696403365524155,-0.03916438952645465,30.49095822675774,30.161741194732578,13
original,297398100,-14.047972914213032,-3.201586618766707,16.81282158356032,20.562821583559945,0
diagnostic_auction_transfer,297398100,-9.528376250596398,1.3180100448497294,16.81282158356032,15.017821583560426,9
original,1677993417,-10.230842673828011,-9.592326932761353e-16,5.278904459979017,5.278904459979026,0
diagnostic_auction_transfer,1677993417,-10.542436093684008,-0.3115934198565144,5.278904459979017,6.4264044599789845,11
original,1706522628,-1.0876583184824724,0.29390411000366423,0.4148266483233698,-1.7856260296825885,1
diagnostic_auction_transfer,1706522628,-1.6318418846403595,-0.25027945615409347,0.4148266483233698,-0.005173351676607041,18
original,1750170695,-42.34256991924758,-0.4152034985722163,39.50416190740942,39.51916190740941,23
diagnostic_auction_transfer,1750170695,-42.06580124877267,-0.13843482809762678,39.50416190740942,39.55916190740906,3
original,967706433,-1.9835222089646747,0.9719423904047626,21.454730156196433,20.044730156196394,1
diagnostic_auction_transfer,967706433,-4.237353134120401,-1.2818885347517555,21.454730156196433,23.191756397404514,2
original,112327026,12.52843345911073,-0.07361482664323017,0.32708241772530755,1.1832280606545198,2
diagnostic_auction_transfer,112327026,12.481907813804307,-0.12014047194770788,0.32708241772530755,0.7917847534032578,7
original,712311753,21.66157990426515,-0.06004116648311533,0.6592054595908081,0.6717046487685694,2
diagnostic_auction_transfer,712311753,21.954774456028158,0.23315338527983737,0.6592054595908081,-0.8636971235038751,5
original,560059204,-48.864421740313,0.10680318504794059,37.016932576002134,36.602537128010574,14
diagnostic_auction_transfer,560059204,-40.344104292449444,8.62712063291331,37.016932576002134,25.22584404668129,1
original,331505238,16.081178734919604,-0.11308799338678288,0.4349669339211033,0.4449669339211222,10
diagnostic_auction_transfer,331505238,16.274332599322193,0.08006587101672873,0.4349669339211033,0.7124669339210885,0
original,1400626681,12.557262841893074,-0.012266364065301147,3.6611406530178385,3.666140653017828,1
diagnostic_auction_transfer,1400626681,12.639742436694092,0.07021323073603597,3.6611406530178385,0.7543447506325576,0
original,1455088099,5.191400562841999,-0.4149415503700714,0.4282849585244435,-3.4375491589632348,7
diagnostic_auction_transfer,1455088099,5.359989293786102,-0.246352819424431,0.4282849585244435,-1.6643697813449374,8
original,948725809,14.032816551143915,0.27374210767071944,0.9424395612511347,2.2724395612511525,4
diagnostic_auction_transfer,948725809,13.751226466688214,-0.007847976785177497,0.9424395612511347,0.9099395612511909,0
original,1334321890,-29.614464208978678,1.958638901474848,20.179983845220022,16.77998384522019,1
diagnostic_auction_transfer,1334321890,-24.389246941834593,7.183856168617955,20.179983845220022,3.8724838452213532,0
original,1195231827,23.95987145232735,-0.007193577719976772,0.3427364820567078,0.14773648205666312,4
diagnostic_auction_transfer,1195231827,23.978775398017973,0.01171036797059085,0.3427364820567078,-2.7347635179434295,1
original,1873305684,-17.03857577045373,0.004740850389000189,0.6253133345667266,1.8747866252387715,1
diagnostic_auction_transfer,1873305684,-17.03050553527256,0.01281108557140937,0.6253133345667266,1.906968440956024,1
original,1061735198,16.005899048306503,0.08273638109174417,0.24218907564765857,0.9954811511210724,8
diagnostic_auction_transfer,1061735198,16.034062695213304,0.11090002799947452,0.24218907564765857,0.9434506246299124,0
original,595517026,-24.78805729104885,0.1876383414602579,13.2521014027716,12.439524950371485,1
diagnostic_auction_transfer,595517026,-23.619775555234124,1.3559200772731923,13.2521014027716,3.814601402771327,11
original,1158984767,-0.8567657554637449,0.14039274637699137,0.0036279047783267515,-1.4687910651324603,0
diagnostic_auction_transfer,1158984767,-0.780373941925662,0.21678455991470058,0.0036279047783267515,-3.8232578842335863,4
original,1138251086,-13.969647124594518,-0.007000000000000428,0.9270089840840825,0.9270089840841056,1
diagnostic_auction_transfer,1138251086,-14.32792694359581,-0.3652798190009612,0.9270089840840825,0.9121265532556594,18
original,1127796099,-13.0196234327472,-0.43143713007669166,0.6694740922937257,-3.9480259077063296,2
diagnostic_auction_transfer,1127796099,-12.77210845966915,-0.18392215699786724,0.6694740922937257,-1.02746946104019,7
original,318827995,6.602517863061086,0.894060197926932,32.86593818829249,30.973438188292402,7
diagnostic_auction_transfer,318827995,5.894109353333905,0.1856516882002443,32.86593818829249,32.49684063192248,1
original,1141051719,-46.93022945390027,-5.478213077625822,33.70311093718183,38.53811093718213,2
diagnostic_auction_transfer,1141051719,-39.80557584765175,1.646440528622364,33.70311093718183,32.162445655383344,0
original,1613351939,6.738590812563107,0.026153052351995817,0.6967268257705825,0.3242268257705252,0
diagnostic_auction_transfer,1613351939,6.777054696899277,0.06461693669082197,0.6967268257705825,-0.4107731742294316,1
original,220534792,-8.2519598693796,-0.49395134990847733,12.63338425464569,13.545095604235172,0
diagnostic_auction_transfer,220534792,-8.721834255304463,-0.9638257358339217,12.63338425464569,14.208504576439358,10
original,1073074208,28.51660785420304,-0.026105107301771322,0.6090772485233913,0.5490772485233544,2
diagnostic_auction_transfer,1073074208,28.54042595283053,-0.002287008673639873,0.6090772485233913,0.8020228309373509,1
original,330778484,-22.765473608929383,-0.19231840744364742,16.453430138146643,16.97593013814669,2
diagnostic_auction_transfer,330778484,-22.57949371326649,-0.0063385117791769086,16.453430138146643,16.373430138147448,4
original,1240742414,18.30943899662744,-0.24621688653056006,0.9287613926561988,0.8248460941560563,14
diagnostic_auction_transfer,1240742414,18.131371525499866,-0.424284357660599,0.9287613926561988,1.4012613926562119,24
original,774110574,-21.789873706977872,-0.025289804089025127,0.22274736192152034,0.14524736192148957,0
diagnostic_auction_transfer,774110574,-22.119128955648865,-0.35454505276158294,0.22274736192152034,-0.7772526380785418,1
original,1604285164,-42.14182855591814,1.5631940186722204e-15,6.393207540743006,6.393207540742994,0
diagnostic_auction_transfer,1604285164,-42.32881184972303,-0.18698329380613748,6.393207540743006,5.971881392868909,19
original,1566735481,-77.787266169856,-0.186310315765017,21.594089282385028,21.83990708109416,6
diagnostic_auction_transfer,1566735481,-76.99464506187189,0.6063107922181097,21.594089282385028,20.07624896223531,2
original,1639956612,20.389958054890652,-1.1294751976642197,0.8267272625370907,3.9019162427700262,0
diagnostic_auction_transfer,1639956612,21.29037131679847,-0.22906193575621667,0.8267272625370907,1.3246917416568003,3
original,1924822148,14.575587190587914,0.12593954034156585,0.5618131558604063,2.489313155860323,1
diagnostic_auction_transfer,1924822148,14.476946156853453,0.02729850660691169,0.5618131558604063,1.24931315586036,2
original,1300549095,-46.107532010079524,-3.784415490053261,32.452654951991406,37.04022136845688,0
diagnostic_auction_transfer,1300549095,-46.04286883578334,-3.7197523157575385,32.452654951991406,36.95784807586148,3
original,1348315020,-7.884928538997466,-0.30239140678251153,17.74372878040414,18.054138595188817,9
diagnostic_auction_transfer,1348315020,-6.7566813401635235,0.8258557920538112,17.74372878040414,14.29806604741468,4
original,2003358698,-22.530165043019615,-4.2757173686580145,19.50886373440609,27.181181712226106,2
diagnostic_auction_transfer,2003358698,-30.798387824991103,-12.543940150629957,19.50886373440609,37.857090312301736,0
original,1349224839,-6.939307813830076,-0.4273325653924816,19.126433980533847,20.664123757816647,0
diagnostic_auction_transfer,1349224839,-6.270380609410283,0.2415946390280228,19.126433980533847,18.171433980534548,0
original,871728026,29.236827656941735,-0.05999999999999983,0.3289467327532094,0.32894673275318365,5
diagnostic_auction_transfer,871728026,29.153426775677072,-0.1434008812623981,0.3289467327532094,-2.751053267246488,2
original,1389071650,-21.08231688198626,0.4462161841935842,30.48048715439687,29.6404871543974,0
diagnostic_auction_transfer,1389071650,-17.77272411029336,3.7558089558876424,30.48048715439687,22.2447537060321,3
original,999997998,2.067422069984101,-0.780779352329912,4.160200397810385,6.6909918980011645,0
diagnostic_auction_transfer,999997998,2.1737264546745494,-0.6744749676394081,4.160200397810385,6.369446296991545,0
original,2033544227,-11.925949062304083,-0.861302778831442,30.331457262408293,31.21916855883801,17
diagnostic_auction_transfer,2033544227,-5.116168447159386,5.9484778363132405,30.331457262408293,21.716457262407836,0
original,943372103,-1.0975130259405361,1.4942591762159987,25.555894389126237,22.13589438912677,0
diagnostic_auction_transfer,943372103,1.2991428393607127,3.890915041517078,25.555894389126237,14.875894389127087,0
original,618642649,-0.689516449945858,0.0024748310342365,7.302922414411867,7.322922414411857,0
diagnostic_auction_transfer,618642649,-1.1766941016348627,-0.4847028206568846,7.302922414411867,4.655422414411906,5
original,916510938,13.415482707633313,-0.03082669802588956,1.1102901851141098,1.231931839095555,0
diagnostic_auction_transfer,916510938,13.2087218892912,-0.23758751636598716,1.1102901851141098,1.445198731166115,6
original,1734721462,30.089795209191152,-0.12251352126772438,0.6635217856264148,0.7410217856264794,6
diagnostic_auction_transfer,1734721462,30.126824264039005,-0.08548446641954344,0.6635217856264148,0.5722672188033291,8
original,422535859,-34.21861847954364,-0.13648313656347297,28.85273697066914,29.00023697066914,1
diagnostic_auction_transfer,422535859,-38.13952862677524,-4.057393283793463,28.85273697066914,33.04023697066903,0
original,1050637392,17.554333132520618,-0.0506557030492558,0.6781768308500489,0.6931768308500947,6
diagnostic_auction_transfer,1050637392,17.453497923835755,-0.15149091173492082,0.6781768308500489,-5.960218097800255,0
original,163759247,24.0322327294962,-0.31078919197685734,0.578855496622694,0.5513554966226977,20
diagnostic_auction_transfer,163759247,23.6590496856668,-0.6839722358064596,0.578855496622694,-6.289564239459226,3
original,602512486,-28.191786920502146,-0.550744088411798,40.27723752212597,40.649321859552266,13
diagnostic_auction_transfer,602512486,-26.12751494217683,1.5135278899137072,40.27723752212597,37.63918729888025,10
original,1458770560,24.523279354664833,-0.061950701141146716,0.4506193178247173,-0.21938068217526574,6
diagnostic_auction_transfer,1458770560,23.93069268672596,-0.6545373690788704,0.4506193178247173,-5.821880682175272,1
original,1976643750,-105.94755640777358,-18.294850503358887,38.61906713740884,54.99656713740942,5
diagnostic_auction_transfer,1976643750,-87.72893860684528,-0.07623270242938943,38.61906713740884,38.61156713740884,10
