Datetime,CAT,PG,GOOGL,JPM,MSFT
2026-08-03 13:30:00-04:00,824.4549999999999,144.39,374.735,351.275,489.105
2026-08-03 13:31:00-04:00,824.895,144.38,374.70500000000004,351.395,489.21000000000004
2026-08-03 13:32:00-04:00,824.6400000000001,144.495,375.01,351.40999999999997,489.005
2026-08-03 13:33:00-04:00,824.74,144.315,374.94000000000005,351.345,489.105
2026-08-03 13:34:00-04:00,826.005,144.32999999999998,374.89,351.37,488.895
2026-08-03 13:35:00-04:00,826.845,144.31,374.745,351.55499999999995,488.95500000000004
2026-08-03 13:36:00-04:00,826.9300000000001,144.35000000000002,374.725,351.6,488.755
2026-08-03 13:37:00-04:00,827.0899999999999,144.36,374.52,351.7,488.865
2026-08-03 13:38:00-04:00,827.98,144.35000000000002,374.65999999999997,351.655,488.905
2026-08-03 13:39:00-04:00,827.905,144.37,374.69,351.74,489.08000000000004
2026-08-03 13:40:00-04:00,827.51,144.475,374.735,351.815,489.20000000000005
2026-08-03 13:41:00-04:00,827.8599999999999,144.39999999999998,374.81,351.91499999999996,488.685
2026-08-03 13:42:00-04:00,827.5550000000001,144.39499999999998,374.725,352.045,488.55
2026-08-03 13:43:00-04:00,827.99,144.425,374.53999999999996,352.025,488.565
2026-08-03 13:44:00-04:00,828.2,144.445,374.39,351.995,488.75
2026-08-03 13:45:00-04:00,828.73,144.45499999999998,374.56,351.98,488.57
2026-08-03 13:46:00-04:00,829.345,144.55,374.495,351.985,488.595
2026-08-03 13:47:00-04:00,829.98,144.575,374.53999999999996,352.08500000000004,488.81
2026-08-03 13:48:00-04:00,829.475,144.63,374.63,352.095,488.96000000000004
2026-08-03 13:49:00-04:00,830.065,144.66,374.89,352.105,488.70500000000004
2026-08-03 13:50:00-04:00,830.435,144.665,375.02,352.08500000000004,488.935
2026-08-03 13:51:00-04:00,830.605,144.645,374.885,352.08500000000004,488.69000000000005
2026-08-03 13:52:00-04:00,830.585,144.63,374.985,352.1,488.84000000000003
2026-08-03 13:53:00-04:00,830.22,144.56,374.85,351.98,488.83500000000004
2026-08-03 13:54:00-04:00,830.66,144.565,374.69500000000005,352.12,488.78
2026-08-03 13:55:00-04:00,831.0350000000001,144.56,374.64,352.395,488.565
2026-08-03 13:56:00-04:00,831.7,144.53,374.515,352.37,488.32000000000005
2026-08-03 13:57:00-04:00,830.86,144.465,374.46000000000004,352.31,488.28499999999997
2026-08-03 13:58:00-04:00,831.705,144.465,374.135,352.29999999999995,488.39
2026-08-03 13:59:00-04:00,831.47,144.51999999999998,374.03499999999997,352.31,488.47
2026-08-03 14:00:00-04:00,832.065,144.505,374.21000000000004,352.255,487.95500000000004
2026-08-03 14:01:00-04:00,831.6400000000001,144.44,373.95500000000004,352.235,488.22
2026-08-03 14:02:00-04:00,831.0450000000001,144.39499999999998,373.94000000000005,352.195,487.935
2026-08-03 14:03:00-04:00,831.19,144.375,374.145,351.95500000000004,488.73
2026-08-03 14:04:00-04:00,830.98,144.45499999999998,374.135,351.93,488.91999999999996
2026-08-03 14:05:00-04:00,831.67,144.515,374.22,351.94,489.23
2026-08-03 14:06:00-04:00,832.125,144.505,374.33,351.91999999999996,489.365
2026-08-03 14:07:00-04:00,832.5999999999999,144.57999999999998,374.315,351.75,489.325
2026-08-03 14:08:00-04:00,833.305,144.62,374.02,351.6,489.105
2026-08-03 14:09:00-04:00,833.01,144.61,374.17,351.665,489.06
2026-08-03 14:10:00-04:00,833.405,144.68,373.935,351.87,489.04999999999995
2026-08-03 14:11:00-04:00,833.98,144.66500000000002,373.82,351.83000000000004,488.73
2026-08-03 14:12:00-04:00,833.5550000000001,144.685,373.64,351.775,489.12
2026-08-03 14:13:00-04:00,833.3,144.71,373.735,351.815,489.33500000000004
2026-08-03 14:14:00-04:00,832.335,144.62,374.265,351.865,489.49
2026-08-03 14:15:00-04:00,832.235,144.64,374.105,351.89,489.025
2026-08-03 14:16:00-04:00,833.05,144.585,373.94,351.845,489.155
2026-08-03 14:17:00-04:00,833.05,144.51,374.145,351.75,489.33
2026-08-03 14:18:00-04:00,832.6,144.57,374.06,351.775,489.4
2026-08-03 14:19:00-04:00,832.265,144.69,373.865,351.73,489.26
2026-08-03 14:20:00-04:00,831.66,144.67000000000002,373.71000000000004,351.705,489.63
2026-08-03 14:21:00-04:00,830.425,144.71499999999997,373.98,351.595,489.53
2026-08-03 14:22:00-04:00,831.08,144.735,374.23,351.645,489.70000000000005
2026-08-03 14:23:00-04:00,831.215,144.72,374.185,351.56,489.71000000000004
2026-08-03 14:24:00-04:00,831.35,144.70499999999998,374.28,351.595,489.6
2026-08-03 14:25:00-04:00,831.22,144.64,374.015,351.67,489.64
2026-08-03 14:26:00-04:00,830.74,144.695,373.83500000000004,351.62,489.765
2026-08-03 14:27:00-04:00,830.46,144.695,373.70500000000004,351.58500000000004,490.39
2026-08-03 14:28:00-04:00,830.1700000000001,144.72,373.66999999999996,351.44,490.625
2026-08-03 14:29:00-04:00,830.065,144.725,373.62,351.58000000000004,490.595
2026-08-03 14:30:00-04:00,830.25,144.78500000000003,373.62,351.78,490.70500000000004
2026-08-03 14:31:00-04:00,830.28,144.81,373.575,351.54999999999995,490.72
2026-08-03 14:32:00-04:00,829.63,144.75,373.61,351.48,490.57000000000005
2026-08-03 14:33:00-04:00,829.55,144.79000000000002,373.91999999999996,351.405,490.70500000000004
2026-08-03 14:34:00-04:00,829.385,144.775,373.81,351.15,490.33500000000004
2026-08-03 14:35:00-04:00,829.425,144.75,373.79499999999996,351.27,490.15
2026-08-03 14:36:00-04:00,829.85,144.75,373.98,351.33500000000004,490.04499999999996
2026-08-03 14:37:00-04:00,829.47,144.70999999999998,374.11,351.255,489.99
2026-08-03 14:38:00-04:00,829.2950000000001,144.82,374.46000000000004,351.245,490.67999999999995
2026-08-03 14:39:00-04:00,829.635,144.84,374.605,351.245,491.20000000000005
2026-08-03 14:40:00-04:00,828.925,144.725,374.83500000000004,351.39,490.755
2026-08-03 14:41:00-04:00,828.7650000000001,144.64,374.80499999999995,351.565,490.54999999999995
2026-08-03 14:42:00-04:00,829.4649999999999,144.64999999999998,374.925,351.745,490.53
2026-08-03 14:43:00-04:00,829.7049999999999,144.67000000000002,375.20000000000005,351.625,490.74
2026-08-03 14:44:00-04:00,829.595,144.685,375.005,351.64,490.815
2026-08-03 14:45:00-04:00,829.9949999999999,144.7,375.32500000000005,351.625,491.05499999999995
2026-08-03 14:46:00-04:00,829.98,144.69,375.135,351.45500000000004,491.245
2026-08-03 14:47:00-04:00,830.005,144.595,375.26,351.4,491.365
2026-08-03 14:48:00-04:00,829.51,144.59500000000003,375.005,351.4,491.395
2026-08-03 14:49:00-04:00,829.89,144.495,374.96000000000004,351.355,491.405
2026-08-03 14:50:00-04:00,829.77,144.53,375.045,351.34000000000003,491.28499999999997
2026-08-03 14:51:00-04:00,829.145,144.53,375.055,351.125,491.16499999999996
2026-08-03 14:52:00-04:00,829.26,144.58,375.16999999999996,351.13,490.75
2026-08-03 14:53:00-04:00,829.175,144.555,375.04499999999996,350.955,490.82
2026-08-03 14:54:00-04:00,828.865,144.56,375.28999999999996,351.115,490.745
2026-08-03 14:55:00-04:00,828.8,144.57,375.315,351.21000000000004,490.355
2026-08-03 14:56:00-04:00,828.8299999999999,144.565,375.395,351.155,490.055
2026-08-03 14:57:00-04:00,828.9100000000001,144.60500000000002,375.32,351.29999999999995,490.20500000000004
2026-08-03 14:58:00-04:00,829.315,144.635,375.595,351.205,490.265
2026-08-03 14:59:00-04:00,829.275,144.60500000000002,375.635,351.20000000000005,490.1
2026-08-03 15:00:00-04:00,828.915,144.625,375.51,350.94500000000005,489.28
2026-08-03 15:01:00-04:00,829.9,144.69,375.46000000000004,350.97,489.41999999999996
2026-08-03 15:02:00-04:00,830.175,144.675,375.45000000000005,351.005,489.58500000000004
2026-08-03 15:03:00-04:00,830.985,144.635,375.365,351.185,489.33000000000004
2026-08-03 15:04:00-04:00,830.8050000000001,144.64999999999998,375.26,351.20000000000005,489.485
2026-08-03 15:05:00-04:00,829.905,144.825,375.19,351.23,489.385
2026-08-03 15:06:00-04:00,828.55,144.79500000000002,375.29499999999996,351.35,489.46500000000003
2026-08-03 15:07:00-04:00,829.18,144.77499999999998,375.16999999999996,351.395,489.08
2026-08-03 15:08:00-04:00,828.575,144.79000000000002,375.175,351.29499999999996,488.67999999999995
2026-08-03 15:09:00-04:00,828.8050000000001,144.79500000000002,375.32,351.32500000000005,488.45
2026-08-03 15:10:00-04:00,828.6400000000001,144.87,375.055,351.41999999999996,488.735
2026-08-03 15:11:00-04:00,829.4649999999999,144.86,375.14,351.53999999999996,488.515
2026-08-03 15:12:00-04:00,830.175,144.79500000000002,374.79999999999995,351.625,488.39
2026-08-03 15:13:00-04:00,829.495,144.83499999999998,375.0,351.655,488.44
2026-08-03 15:14:00-04:00,828.76,144.88,375.05,351.74,488.52
2026-08-03 15:15:00-04:00,829.13,144.85000000000002,374.96500000000003,351.83000000000004,488.705
2026-08-03 15:16:00-04:00,829.9449999999999,144.885,374.74,351.96000000000004,488.505
2026-08-03 15:17:00-04:00,829.825,144.87,374.645,352.24,488.66999999999996
2026-08-03 15:18:00-04:00,829.69,144.675,374.5,352.37,488.83000000000004
2026-08-03 15:19:00-04:00,829.7149999999999,144.63,374.47,352.125,489.21500000000003
2026-08-03 15:20:00-04:00,829.085,144.51999999999998,374.51,351.99,489.355
2026-08-03 15:21:00-04:00,829.1,144.555,374.47,351.86,488.815
2026-08-03 15:22:00-04:00,828.925,144.505,374.70500000000004,351.80499999999995,489.03999999999996
2026-08-03 15:23:00-04:00,829.415,144.445,374.45500000000004,351.65999999999997,488.99
2026-08-03 15:24:00-04:00,829.5150000000001,144.45499999999998,374.62,351.76,489.75
2026-08-03 15:25:00-04:00,828.88,144.42000000000002,374.625,351.85,490.04499999999996
2026-08-03 15:26:00-04:00,829.2149999999999,144.46499999999997,374.42,351.845,489.58000000000004
2026-08-03 15:27:00-04:00,830.3,144.57999999999998,374.525,351.76,489.94
2026-08-03 15:28:00-04:00,829.71,144.53,374.42,351.725,490.33000000000004
2026-08-03 15:29:00-04:00,829.5699999999999,144.48000000000002,374.235,351.65,490.155
2026-08-03 15:30:00-04:00,830.085,144.445,374.26,351.53999999999996,490.04499999999996
2026-08-03 15:31:00-04:00,829.75,144.485,374.48,351.62,489.89
2026-08-03 15:32:00-04:00,830.085,144.575,374.325,351.76,490.06
2026-08-03 15:33:00-04:00,829.9949999999999,144.66,374.3,351.755,489.765
2026-08-03 15:34:00-04:00,830.46,144.695,374.39,351.83000000000004,489.46000000000004
2026-08-03 15:35:00-04:00,831.105,144.65499999999997,374.345,351.765,489.30499999999995
2026-08-03 15:36:00-04:00,832.05,144.69,374.345,351.84000000000003,489.37
2026-08-03 15:37:00-04:00,830.25,144.79000000000002,374.435,351.82000000000005,489.08
2026-08-03 15:38:00-04:00,830.69,144.91,374.47,351.70000000000005,489.18
2026-08-03 15:39:00-04:00,830.2950000000001,144.815,374.46000000000004,351.625,489.08000000000004
2026-08-03 15:40:00-04:00,831.185,144.85000000000002,374.39,351.625,489.13
2026-08-03 15:41:00-04:00,831.2,144.905,374.475,351.595,489.095
2026-08-03 15:42:00-04:00,831.11,144.85000000000002,374.53,351.62,489.38
2026-08-03 15:43:00-04:00,831.3199999999999,144.75,374.41999999999996,351.66999999999996,489.5
2026-08-03 15:44:00-04:00,831.5450000000001,144.75,374.135,351.635,489.01
2026-08-03 15:45:00-04:00,832.435,144.68,374.165,351.65999999999997,488.94
2026-08-03 15:46:00-04:00,832.8,144.78,374.155,351.735,488.98
2026-08-03 15:47:00-04:00,832.77,144.88,373.81,351.59000000000003,488.935
2026-08-03 15:48:00-04:00,832.34,144.95,373.935,351.495,488.94000000000005
2026-08-03 15:49:00-04:00,832.905,144.89499999999998,373.63,351.655,488.98
2026-08-03 15:50:00-04:00,832.71,144.89499999999998,373.81,351.745,488.185
2026-08-03 15:51:00-04:00,832.745,144.805,373.8,351.80499999999995,488.07000000000005
2026-08-03 15:52:00-04:00,833.31,144.7,374.28499999999997,352.02,488.685
2026-08-03 15:53:00-04:00,832.1700000000001,144.635,374.495,352.355,489.21000000000004
2026-08-03 15:54:00-04:00,831.59,144.585,374.325,352.275,488.065
2026-08-03 15:55:00-04:00,832.515,144.59500000000003,374.375,352.05499999999995,488.58500000000004
2026-08-03 15:56:00-04:00,833.56,144.84,373.94,352.005,488.46500000000003
2026-08-03 15:57:00-04:00,833.39,144.89,373.675,352.2,487.655
2026-08-03 15:58:00-04:00,834.315,144.85000000000002,373.255,352.66499999999996,487.275
2026-08-03 15:59:00-04:00,833.395,144.84,373.705,352.53,487.51
2026-08-03 16:00:00-04:00,831.14,144.975,373.525,352.595,487.635
2026-08-04 13:30:00-04:00,883.8599999999999,147.11,377.595,360.125,495.275
2026-08-04 13:31:00-04:00,885.0,147.095,377.70500000000004,359.94,495.19500000000005
2026-08-04 13:32:00-04:00,884.345,147.14499999999998,377.915,360.0,495.265
2026-08-04 13:33:00-04:00,886.175,147.17000000000002,378.0,360.04499999999996,495.05499999999995
2026-08-04 13:34:00-04:00,886.78,147.18,377.755,359.935,494.78
2026-08-04 13:35:00-04:00,887.52,147.195,377.85,359.97,494.46000000000004
2026-08-04 13:36:00-04:00,887.865,147.27499999999998,377.825,360.13,494.735
2026-08-04 13:37:00-04:00,888.105,147.26999999999998,377.83500000000004,360.305,494.875
2026-08-04 13:38:00-04:00,887.99,147.24,377.935,360.15,494.69
2026-08-04 13:39:00-04:00,887.735,147.215,377.96500000000003,360.135,494.905
2026-08-04 13:40:00-04:00,886.81,147.26999999999998,378.03499999999997,360.135,494.89
2026-08-04 13:41:00-04:00,887.065,147.34500000000003,378.125,360.245,495.37
2026-08-04 13:42:00-04:00,886.605,147.35500000000002,378.16499999999996,360.245,495.545
2026-08-04 13:43:00-04:00,886.45,147.51,378.345,360.28999999999996,495.605
2026-08-04 13:44:00-04:00,886.5150000000001,147.57999999999998,378.505,360.075,495.53499999999997
2026-08-04 13:45:00-04:00,885.925,147.59500000000003,378.585,360.17499999999995,495.7
2026-08-04 13:46:00-04:00,886.2049999999999,147.56,378.56,360.125,495.61
2026-08-04 13:47:00-04:00,886.435,147.52499999999998,378.565,360.36,495.695
2026-08-04 13:48:00-04:00,885.79,147.57999999999998,378.575,360.40999999999997,496.08
2026-08-04 13:49:00-04:00,886.2,147.64499999999998,378.75,360.515,496.18
2026-08-04 13:50:00-04:00,886.3599999999999,147.58,378.505,360.22,496.015
2026-08-04 13:51:00-04:00,884.48,147.585,378.475,359.9,495.91999999999996
2026-08-04 13:52:00-04:00,883.405,147.555,378.52,359.67999999999995,496.04499999999996
2026-08-04 13:53:00-04:00,883.88,147.59,378.395,359.745,496.06
2026-08-04 13:54:00-04:00,884.175,147.565,378.53999999999996,359.66999999999996,496.04999999999995
2026-08-04 13:55:00-04:00,884.0,147.60000000000002,378.505,359.61,495.9
2026-08-04 13:56:00-04:00,884.585,147.615,378.61,359.61,495.99
2026-08-04 13:57:00-04:00,884.1099999999999,147.615,378.77,359.59000000000003,496.0
2026-08-04 13:58:00-04:00,884.5699999999999,147.54500000000002,378.845,359.54999999999995,495.935
2026-08-04 13:59:00-04:00,884.46,147.54500000000002,378.9,359.615,495.9
2026-08-04 14:00:00-04:00,884.0450000000001,147.51999999999998,378.645,359.61,495.6
2026-08-04 14:01:00-04:00,884.0899999999999,147.51,378.5,359.185,495.775
2026-08-04 14:02:00-04:00,884.62,147.565,378.595,359.40999999999997,496.095
2026-08-04 14:03:00-04:00,884.165,147.565,378.775,359.375,496.19
2026-08-04 14:04:00-04:00,883.78,147.52499999999998,378.76,359.265,496.58000000000004
2026-08-04 14:05:00-04:00,882.075,147.625,378.64,359.25,496.21
2026-08-04 14:06:00-04:00,882.375,147.72,378.93,359.74,496.59000000000003
2026-08-04 14:07:00-04:00,881.51,147.67000000000002,379.07,359.67499999999995,496.82000000000005
2026-08-04 14:08:00-04:00,881.9549999999999,147.65499999999997,379.01,359.80499999999995,496.56
2026-08-04 14:09:00-04:00,882.47,147.7,378.885,359.70500000000004,496.32
2026-08-04 14:10:00-04:00,883.585,147.695,378.83000000000004,359.71,496.645
2026-08-04 14:11:00-04:00,882.085,147.71499999999997,379.15,359.71500000000003,496.95500000000004
2026-08-04 14:12:00-04:00,882.26,147.76,379.245,359.65999999999997,496.95000000000005
2026-08-04 14:13:00-04:00,882.5450000000001,147.73000000000002,379.35,359.65,496.59000000000003
2026-08-04 14:14:00-04:00,882.3199999999999,147.71499999999997,379.405,359.665,496.57500000000005
2026-08-04 14:15:00-04:00,882.1949999999999,147.74,379.485,359.77,496.88
2026-08-04 14:16:00-04:00,882.585,147.70999999999998,379.49,359.66999999999996,496.84000000000003
2026-08-04 14:17:00-04:00,882.6300000000001,147.73000000000002,379.55499999999995,359.555,496.74
2026-08-04 14:18:00-04:00,882.36,147.73000000000002,379.235,359.47,496.82
2026-08-04 14:19:00-04:00,882.75,147.805,379.29499999999996,359.54999999999995,497.04499999999996
2026-08-04 14:20:00-04:00,881.51,147.73000000000002,379.48,359.305,497.23
2026-08-04 14:21:00-04:00,881.98,147.745,380.055,359.355,497.16499999999996
2026-08-04 14:22:00-04:00,882.84,147.71499999999997,380.015,359.33000000000004,497.125
2026-08-04 14:23:00-04:00,883.075,147.755,380.025,359.36,497.155
2026-08-04 14:24:00-04:00,882.435,147.755,379.99,359.33000000000004,497.44
2026-08-04 14:25:00-04:00,881.505,147.725,379.75,359.185,497.4
2026-08-04 14:26:00-04:00,882.25,147.70999999999998,379.865,359.14,497.40999999999997
2026-08-04 14:27:00-04:00,883.6,147.66,379.98,359.27,497.21
2026-08-04 14:28:00-04:00,883.13,147.575,380.065,359.225,497.28999999999996
2026-08-04 14:29:00-04:00,883.645,147.57,380.07,359.135,497.28999999999996
2026-08-04 14:30:00-04:00,884.685,147.58499999999998,380.16999999999996,359.23,497.35
2026-08-04 14:31:00-04:00,885.74,147.485,380.22,359.135,497.07
2026-08-04 14:32:00-04:00,885.265,147.55,380.05499999999995,359.31500000000005,496.51
2026-08-04 14:33:00-04:00,885.23,147.54500000000002,380.13,359.38,496.62
2026-08-04 14:34:00-04:00,884.9,147.46499999999997,380.075,359.32500000000005,496.855
2026-08-04 14:35:00-04:00,883.62,147.53,380.08500000000004,359.26,496.95000000000005
2026-08-04 14:36:00-04:00,884.2349999999999,147.54000000000002,380.385,359.275,496.94500000000005
2026-08-04 14:37:00-04:00,884.6,147.55,380.28499999999997,359.13,496.94500000000005
2026-08-04 14:38:00-04:00,884.415,147.56,380.14,359.04499999999996,496.83500000000004
2026-08-04 14:39:00-04:00,883.815,147.59,380.14,358.86,496.61
2026-08-04 14:40:00-04:00,883.915,147.505,379.86,358.975,496.59000000000003
2026-08-04 14:41:00-04:00,883.8,147.51,379.475,358.86,496.18
2026-08-04 14:42:00-04:00,883.8499999999999,147.51,379.73,358.725,496.28999999999996
2026-08-04 14:43:00-04:00,884.1800000000001,147.52499999999998,379.61,358.63,495.95500000000004
2026-08-04 14:44:00-04:00,884.135,147.59,379.53999999999996,358.69,496.245
2026-08-04 14:45:00-04:00,884.4549999999999,147.62,379.615,358.82,496.28
2026-08-04 14:46:00-04:00,885.63,147.57,379.655,358.95000000000005,496.41499999999996
2026-08-04 14:47:00-04:00,886.2850000000001,147.52499999999998,379.775,359.07000000000005,496.38
2026-08-04 14:48:00-04:00,885.5,147.56,379.67499999999995,358.975,496.445
2026-08-04 14:49:00-04:00,884.67,147.64999999999998,379.805,358.995,496.37
2026-08-04 14:50:00-04:00,883.805,147.72,379.62,359.085,496.46000000000004
2026-08-04 14:51:00-04:00,883.21,147.755,379.755,359.145,496.32
2026-08-04 14:52:00-04:00,883.495,147.78500000000003,379.63,359.13,496.385
2026-08-04 14:53:00-04:00,884.2249999999999,147.85000000000002,379.59000000000003,359.065,496.68
2026-08-04 14:54:00-04:00,883.6700000000001,147.825,379.55,359.27,496.54999999999995
2026-08-04 14:55:00-04:00,883.38,147.86,379.425,359.22,496.505
2026-08-04 14:56:00-04:00,884.115,147.92000000000002,379.245,359.125,496.48
2026-08-04 14:57:00-04:00,884.6800000000001,147.865,379.26,359.255,496.5
2026-08-04 14:58:00-04:00,885.095,147.89,379.42499999999995,359.36,496.33000000000004
2026-08-04 14:59:00-04:00,887.1700000000001,147.82,379.46500000000003,359.33000000000004,496.35
2026-08-04 15:00:00-04:00,888.495,147.815,379.5,359.32500000000005,496.28499999999997
2026-08-04 15:01:00-04:00,890.615,147.865,379.63,359.46000000000004,496.32
2026-08-04 15:02:00-04:00,891.48,147.805,379.79499999999996,359.435,496.5
2026-08-04 15:03:00-04:00,891.39,147.84,379.815,359.4,496.275
2026-08-04 15:04:00-04:00,892.31,147.89,379.96000000000004,359.65,496.515
2026-08-04 15:05:00-04:00,891.615,147.93,379.88,359.605,496.225
2026-08-04 15:06:00-04:00,890.7750000000001,147.905,379.895,359.66499999999996,496.62
2026-08-04 15:07:00-04:00,890.67,147.845,379.875,359.745,496.645
2026-08-04 15:08:00-04:00,889.985,147.79000000000002,379.765,359.76,496.66499999999996
2026-08-04 15:09:00-04:00,889.7950000000001,147.78,379.78499999999997,359.685,496.825
2026-08-04 15:10:00-04:00,889.6800000000001,147.82999999999998,379.875,359.625,496.845
2026-08-04 15:11:00-04:00,888.62,147.785,379.88,359.48,497.155
2026-08-04 15:12:00-04:00,887.74,147.715,379.79999999999995,359.485,497.04499999999996
2026-08-04 15:13:00-04:00,886.63,147.79000000000002,379.84000000000003,359.555,497.225
2026-08-04 15:14:00-04:00,887.5350000000001,147.83499999999998,379.91499999999996,359.52,497.695
2026-08-04 15:15:00-04:00,887.13,147.89499999999998,379.94,359.52,497.565
2026-08-04 15:16:00-04:00,887.02,147.81,379.905,359.375,497.375
2026-08-04 15:17:00-04:00,888.26,147.805,379.84000000000003,359.32,497.38
2026-08-04 15:18:00-04:00,888.5799999999999,147.745,379.845,359.35,497.33
2026-08-04 15:19:00-04:00,888.01,147.78,379.65999999999997,359.325,497.30499999999995
2026-08-04 15:20:00-04:00,888.015,147.81,379.75,359.255,497.405
2026-08-04 15:21:00-04:00,888.3499999999999,147.89499999999998,379.565,359.21500000000003,497.525
2026-08-04 15:22:00-04:00,887.75,147.92000000000002,379.57,359.22,497.235
2026-08-04 15:23:00-04:00,887.6949999999999,147.91,379.57,359.32,497.28
2026-08-04 15:24:00-04:00,887.015,147.885,379.655,359.135,496.735
2026-08-04 15:25:00-04:00,886.875,147.89999999999998,379.66499999999996,359.15,496.925
2026-08-04 15:26:00-04:00,885.99,147.91,379.06,359.01,496.98
2026-08-04 15:27:00-04:00,886.3,147.89,378.855,358.87,496.885
2026-08-04 15:28:00-04:00,886.5550000000001,147.87,378.62,358.79999999999995,496.945
2026-08-04 15:29:00-04:00,886.4449999999999,147.91500000000002,378.645,358.6,496.85
2026-08-04 15:30:00-04:00,886.25,147.91,378.745,358.645,496.815
2026-08-04 15:31:00-04:00,886.48,147.885,379.005,359.03,496.94000000000005
2026-08-04 15:32:00-04:00,886.335,148.01999999999998,379.23,358.70000000000005,496.96500000000003
2026-08-04 15:33:00-04:00,885.95,148.005,379.225,358.74,496.89
2026-08-04 15:34:00-04:00,886.375,148.06,379.38,358.53,496.74
2026-08-04 15:35:00-04:00,887.4649999999999,147.94,379.45500000000004,358.64,496.83500000000004
2026-08-04 15:36:00-04:00,886.76,148.02499999999998,379.245,358.405,496.21500000000003
2026-08-04 15:37:00-04:00,887.11,148.12,379.435,358.5,495.885
2026-08-04 15:38:00-04:00,887.51,148.115,379.53999999999996,358.5,495.95500000000004
2026-08-04 15:39:00-04:00,887.0699999999999,148.01,379.765,358.38,496.24
2026-08-04 15:40:00-04:00,885.66,148.10000000000002,379.565,358.35,496.35
2026-08-04 15:41:00-04:00,884.99,148.16,379.7,358.41999999999996,496.485
2026-08-04 15:42:00-04:00,885.345,148.07,379.885,358.51,496.74
2026-08-04 15:43:00-04:00,885.235,148.15499999999997,379.975,358.355,496.78
2026-08-04 15:44:00-04:00,885.25,148.175,380.02,358.395,496.77
2026-08-04 15:45:00-04:00,885.685,148.17000000000002,379.93,358.28999999999996,496.96000000000004
2026-08-04 15:46:00-04:00,885.185,148.06,380.01,358.21000000000004,497.135
2026-08-04 15:47:00-04:00,883.64,148.15499999999997,380.135,358.385,496.78499999999997
2026-08-04 15:48:00-04:00,883.735,148.155,379.99,358.4,496.315
2026-08-04 15:49:00-04:00,883.86,148.14999999999998,379.875,358.275,496.255
2026-08-04 15:50:00-04:00,883.175,148.125,379.65,358.275,496.52
2026-08-04 15:51:00-04:00,883.5350000000001,148.17000000000002,379.15999999999997,358.3,495.03499999999997
2026-08-04 15:52:00-04:00,883.3399999999999,148.22,378.935,358.37,494.975
2026-08-04 15:53:00-04:00,881.89,148.01,378.83,358.345,495.065
2026-08-04 15:54:00-04:00,881.21,147.93,378.69500000000005,358.275,495.22
2026-08-04 15:55:00-04:00,880.73,148.07,378.745,358.32500000000005,494.515
2026-08-04 15:56:00-04:00,880.345,147.95999999999998,378.11,357.95000000000005,492.675
2026-08-04 15:57:00-04:00,880.225,147.97,377.96000000000004,357.97,492.46500000000003
2026-08-04 15:58:00-04:00,879.7349999999999,148.07999999999998,377.775,358.03499999999997,492.64
2026-08-04 15:59:00-04:00,879.835,147.945,378.015,357.68,492.815
2026-08-04 16:00:00-04:00,876.625,147.995,377.775,357.6,492.905
2026-08-05 13:30:00-04:00,890.885,146.18,362.41999999999996,360.105,488.30499999999995
2026-08-05 13:31:00-04:00,891.075,146.23000000000002,362.30499999999995,360.03,488.275
2026-08-05 13:32:00-04:00,891.21,146.17000000000002,362.175,360.04499999999996,488.095
2026-08-05 13:33:00-04:00,892.24,146.14,362.16499999999996,360.16999999999996,488.225
2026-08-05 13:34:00-04:00,892.22,146.16,362.005,360.255,488.21500000000003
2026-08-05 13:35:00-04:00,891.525,146.31,362.19500000000005,360.365,488.345
2026-08-05 13:36:00-04:00,891.7349999999999,146.305,362.095,360.63,488.41999999999996
2026-08-05 13:37:00-04:00,892.1199999999999,146.26,362.02,360.64,488.275
2026-08-05 13:38:00-04:00,891.62,146.29500000000002,362.03999999999996,360.86,488.5
2026-08-05 13:39:00-04:00,891.665,146.29000000000002,361.96000000000004,360.84000000000003,488.365
2026-08-05 13:40:00-04:00,890.7249999999999,146.31,362.12,361.15999999999997,488.31
2026-08-05 13:41:00-04:00,890.98,146.39499999999998,362.29499999999996,361.095,488.145
2026-08-05 13:42:00-04:00,890.8,146.41,362.155,361.125,488.045
2026-08-05 13:43:00-04:00,891.2349999999999,146.39999999999998,361.58500000000004,361.185,488.275
2026-08-05 13:44:00-04:00,891.425,146.39,361.17,361.175,488.52
2026-08-05 13:45:00-04:00,890.46,146.39,360.935,361.19000000000005,488.64
2026-08-05 13:46:00-04:00,890.275,146.37,361.17999999999995,361.15,488.46000000000004
2026-08-05 13:47:00-04:00,889.8199999999999,146.335,361.80499999999995,361.0,488.53999999999996
2026-08-05 13:48:00-04:00,889.875,146.29000000000002,362.27,361.12,488.44500000000005
2026-08-05 13:49:00-04:00,890.0699999999999,146.32,362.29499999999996,361.255,488.69000000000005
2026-08-05 13:50:00-04:00,889.505,146.35000000000002,362.52,361.29999999999995,488.82
2026-08-05 13:51:00-04:00,889.855,146.385,362.26,361.28999999999996,488.64
2026-08-05 13:52:00-04:00,889.87,146.385,362.53999999999996,361.29499999999996,489.04
2026-08-05 13:53:00-04:00,889.875,146.40499999999997,362.41499999999996,361.26,488.75
2026-08-05 13:54:00-04:00,889.435,146.42000000000002,362.895,361.19,489.05499999999995
2026-08-05 13:55:00-04:00,889.14,146.44,362.775,361.24,489.03
2026-08-05 13:56:00-04:00,889.5150000000001,146.435,362.6,361.275,488.81
2026-08-05 13:57:00-04:00,889.745,146.445,362.935,361.37,488.91499999999996
2026-08-05 13:58:00-04:00,889.7950000000001,146.41,362.895,361.28999999999996,488.945
2026-08-05 13:59:00-04:00,889.9200000000001,146.43,362.905,360.99,488.725
2026-08-05 14:00:00-04:00,889.45,146.43,362.59,360.95000000000005,488.78999999999996
2026-08-05 14:01:00-04:00,889.055,146.49,363.16499999999996,360.90999999999997,488.735
2026-08-05 14:02:00-04:00,888.61,146.51,363.495,360.76,488.74
2026-08-05 14:03:00-04:00,888.855,146.51,364.095,360.725,488.82
2026-08-05 14:04:00-04:00,888.56,146.54500000000002,363.99,360.935,489.03
2026-08-05 14:05:00-04:00,888.94,146.585,364.73,360.98,489.11
2026-08-05 14:06:00-04:00,888.94,146.51,364.565,361.02,489.29499999999996
2026-08-05 14:07:00-04:00,888.345,146.52499999999998,364.725,360.99,487.96000000000004
2026-08-05 14:08:00-04:00,888.03,146.60000000000002,364.65999999999997,360.975,487.32
2026-08-05 14:09:00-04:00,888.0,146.61,364.69,360.885,488.845
2026-08-05 14:10:00-04:00,888.27,146.58499999999998,364.48,360.93,489.12
2026-08-05 14:11:00-04:00,888.185,146.585,364.35,360.855,489.35
2026-08-05 14:12:00-04:00,888.275,146.57,364.33500000000004,361.0,489.46000000000004
2026-08-05 14:13:00-04:00,888.0550000000001,146.625,363.97,360.97,489.57000000000005
2026-08-05 14:14:00-04:00,888.075,146.665,363.605,360.885,489.5
2026-08-05 14:15:00-04:00,887.23,146.70999999999998,363.685,360.66499999999996,490.16999999999996
2026-08-05 14:16:00-04:00,887.795,146.57999999999998,363.98,360.70500000000004,489.83
2026-08-05 14:17:00-04:00,887.8399999999999,146.575,363.40999999999997,360.78,490.16999999999996
2026-08-05 14:18:00-04:00,887.8900000000001,146.64499999999998,362.85,360.82500000000005,489.88
2026-08-05 14:19:00-04:00,888.465,146.68,362.845,360.895,489.69
2026-08-05 14:20:00-04:00,888.36,146.61,363.1,360.78999999999996,490.115
2026-08-05 14:21:00-04:00,887.925,146.57,362.895,360.70000000000005,490.075
2026-08-05 14:22:00-04:00,888.1800000000001,146.60000000000002,362.78,360.61,489.955
2026-08-05 14:23:00-04:00,888.0550000000001,146.70499999999998,363.03999999999996,360.54499999999996,489.96000000000004
2026-08-05 14:24:00-04:00,888.3050000000001,146.69,363.065,360.65999999999997,489.735
2026-08-05 14:25:00-04:00,888.02,146.7,363.32,360.67499999999995,489.75
2026-08-05 14:26:00-04:00,888.1400000000001,146.725,363.395,360.735,489.87
2026-08-05 14:27:00-04:00,888.2950000000001,146.70999999999998,362.875,360.72,489.355
2026-08-05 14:28:00-04:00,888.335,146.66500000000002,362.84000000000003,360.53499999999997,489.58500000000004
2026-08-05 14:29:00-04:00,888.145,146.695,362.875,360.45500000000004,489.725
2026-08-05 14:30:00-04:00,888.675,146.695,362.64,360.42,489.77
2026-08-05 14:31:00-04:00,888.1500000000001,146.64,362.53999999999996,360.495,489.615
2026-08-05 14:32:00-04:00,887.47,146.68,362.28,360.3,489.35
2026-08-05 14:33:00-04:00,886.9200000000001,146.72,362.36,360.38,489.605
2026-08-05 14:34:00-04:00,886.9000000000001,146.74,362.54499999999996,360.405,489.53
2026-08-05 14:35:00-04:00,886.91,146.675,362.765,360.345,489.565
2026-08-05 14:36:00-04:00,887.495,146.66,362.78999999999996,360.5,489.27
2026-08-05 14:37:00-04:00,887.025,146.64,362.78,360.61,489.25
2026-08-05 14:38:00-04:00,887.0350000000001,146.64499999999998,362.575,360.415,489.265
2026-08-05 14:39:00-04:00,887.145,146.65499999999997,362.55499999999995,360.46500000000003,489.37
2026-08-05 14:40:00-04:00,886.47,146.70499999999998,362.365,360.38,489.37
2026-08-05 14:41:00-04:00,886.365,146.715,362.41499999999996,360.485,489.70000000000005
2026-08-05 14:42:00-04:00,885.535,146.76,362.255,360.365,489.615
2026-08-05 14:43:00-04:00,885.7049999999999,146.78,362.225,360.45000000000005,489.735
2026-08-05 14:44:00-04:00,885.635,146.735,361.80499999999995,360.52,489.785
2026-08-05 14:45:00-04:00,885.815,146.7,361.78,360.46500000000003,489.83500000000004
2026-08-05 14:46:00-04:00,886.515,146.66,362.45500000000004,360.645,489.99
2026-08-05 14:47:00-04:00,887.1600000000001,146.74,362.025,360.73,489.96000000000004
2026-08-05 14:48:00-04:00,887.165,146.75,361.78,360.65999999999997,489.95000000000005
2026-08-05 14:49:00-04:00,886.7,146.715,361.98,360.69500000000005,489.985
2026-08-05 14:50:00-04:00,886.6949999999999,146.71499999999997,361.92999999999995,360.78999999999996,489.83
2026-08-05 14:51:00-04:00,887.11,146.76999999999998,362.315,360.67499999999995,490.07500000000005
2026-08-05 14:52:00-04:00,887.01,146.76,362.185,360.61,489.91999999999996
2026-08-05 14:53:00-04:00,887.03,146.695,362.15,360.56,490.025
2026-08-05 14:54:00-04:00,886.6700000000001,146.72,362.29999999999995,360.33000000000004,490.235
2026-08-05 14:55:00-04:00,886.885,146.76,361.935,360.475,490.25
2026-08-05 14:56:00-04:00,886.1500000000001,146.82999999999998,361.78499999999997,360.445,490.15999999999997
2026-08-05 14:57:00-04:00,886.06,146.825,361.595,360.41499999999996,490.19000000000005
2026-08-05 14:58:00-04:00,885.9300000000001,146.815,361.58000000000004,360.35,490.225
2026-08-05 14:59:00-04:00,886.19,146.775,361.435,360.33000000000004,490.12
2026-08-05 15:00:00-04:00,886.375,146.78,361.45500000000004,360.17499999999995,489.875
2026-08-05 15:01:00-04:00,886.3299999999999,146.69,361.33500000000004,360.115,489.9
2026-08-05 15:02:00-04:00,886.365,146.72,361.38,360.25,489.83000000000004
2026-08-05 15:03:00-04:00,886.6700000000001,146.73000000000002,361.355,360.22,489.73
2026-08-05 15:04:00-04:00,886.915,146.66,361.1,360.36,489.685
2026-08-05 15:05:00-04:00,887.025,146.7,361.44500000000005,360.27,489.885
2026-08-05 15:06:00-04:00,887.0,146.72500000000002,361.55999999999995,360.18,490.075
2026-08-05 15:07:00-04:00,886.78,146.72,361.21500000000003,360.125,489.9
2026-08-05 15:08:00-04:00,886.8050000000001,146.685,361.5,360.20500000000004,490.25
2026-08-05 15:09:00-04:00,886.31,146.60000000000002,361.78,360.31,490.295
2026-08-05 15:10:00-04:00,886.305,146.60000000000002,361.41499999999996,360.255,490.365
2026-08-05 15:11:00-04:00,886.26,146.60500000000002,361.53999999999996,360.125,490.48
2026-08-05 15:12:00-04:00,886.405,146.66,361.565,360.07500000000005,490.58500000000004
2026-08-05 15:13:00-04:00,886.9300000000001,146.59,361.515,359.995,490.685
2026-08-05 15:14:00-04:00,887.4300000000001,146.64,361.565,360.14,490.78999999999996
2026-08-05 15:15:00-04:00,887.755,146.68,361.22,359.98,490.815
2026-08-05 15:16:00-04:00,887.655,146.64999999999998,361.63,359.90999999999997,490.65999999999997
2026-08-05 15:17:00-04:00,887.825,146.63,361.83000000000004,359.93,490.8
2026-08-05 15:18:00-04:00,888.165,146.61,361.975,359.84000000000003,490.88
2026-08-05 15:19:00-04:00,888.24,146.615,362.185,359.85,490.975
2026-08-05 15:20:00-04:00,887.61,146.675,362.33000000000004,359.69500000000005,490.895
2026-08-05 15:21:00-04:00,887.265,146.55,362.08000000000004,359.82500000000005,490.74
2026-08-05 15:22:00-04:00,887.54,146.57,362.05499999999995,359.765,490.425
2026-08-05 15:23:00-04:00,887.485,146.59,361.94,359.69000000000005,490.34000000000003
2026-08-05 15:24:00-04:00,887.6949999999999,146.555,361.95500000000004,359.57500000000005,490.66999999999996
2026-08-05 15:25:00-04:00,886.575,146.51,362.41499999999996,359.78,490.625
2026-08-05 15:26:00-04:00,886.0799999999999,146.47,362.15,359.86,490.49
2026-08-05 15:27:00-04:00,886.85,146.44,361.96000000000004,359.70500000000004,490.55
2026-08-05 15:28:00-04:00,886.97,146.465,361.80999999999995,359.745,490.29499999999996
2026-08-05 15:29:00-04:00,887.165,146.47,361.655,359.78,489.745
2026-08-05 15:30:00-04:00,886.485,146.59500000000003,361.83,359.85,489.89
2026-08-05 15:31:00-04:00,885.3299999999999,146.625,361.94500000000005,359.82,490.04499999999996
2026-08-05 15:32:00-04:00,885.495,146.64999999999998,361.87,359.79999999999995,489.79999999999995
2026-08-05 15:33:00-04:00,885.25,146.61,362.42499999999995,359.86,489.87
2026-08-05 15:34:00-04:00,884.74,146.64,362.22,359.84000000000003,489.70500000000004
2026-08-05 15:35:00-04:00,885.48,146.72500000000002,362.095,360.06,490.265
2026-08-05 15:36:00-04:00,884.37,146.73000000000002,362.03499999999997,360.03499999999997,490.665
2026-08-05 15:37:00-04:00,884.375,146.695,362.03,360.08500000000004,490.7
2026-08-05 15:38:00-04:00,884.315,146.72500000000002,362.135,359.985,490.14
2026-08-05 15:39:00-04:00,884.815,146.63,362.19,360.12,489.9
2026-08-05 15:40:00-04:00,884.37,146.67000000000002,362.47,360.24,490.05499999999995
2026-08-05 15:41:00-04:00,884.2249999999999,146.695,362.53999999999996,360.30499999999995,490.14
2026-08-05 15:42:00-04:00,883.4200000000001,146.74,362.485,360.28,490.21500000000003
2026-08-05 15:43:00-04:00,882.9549999999999,146.845,362.445,360.355,490.125
2026-08-05 15:44:00-04:00,881.8299999999999,146.84,362.84000000000003,360.34000000000003,490.46500000000003
2026-08-05 15:45:00-04:00,880.6949999999999,147.02499999999998,362.68,360.055,490.51
2026-08-05 15:46:00-04:00,880.255,147.055,361.91999999999996,360.105,491.025
2026-08-05 15:47:00-04:00,879.06,147.10500000000002,361.525,359.975,491.23
2026-08-05 15:48:00-04:00,878.875,147.07,361.32500000000005,360.02,491.41499999999996
2026-08-05 15:49:00-04:00,878.6700000000001,147.055,361.395,360.01,490.85
2026-08-05 15:50:00-04:00,879.835,147.07,361.885,360.19500000000005,490.80999999999995
2026-08-05 15:51:00-04:00,878.95,146.97,362.05499999999995,360.12,490.235
2026-08-05 15:52:00-04:00,878.52,147.135,361.71000000000004,360.13,490.58000000000004
2026-08-05 15:53:00-04:00,878.1,147.265,361.98,360.08500000000004,490.765
2026-08-05 15:54:00-04:00,878.325,147.28,361.91499999999996,360.095,490.43
2026-08-05 15:55:00-04:00,878.085,147.20999999999998,362.315,360.01,490.145
2026-08-05 15:56:00-04:00,875.9549999999999,147.17000000000002,362.85,359.605,488.91499999999996
2026-08-05 15:57:00-04:00,874.675,147.10000000000002,362.52,359.68,488.53499999999997
2026-08-05 15:58:00-04:00,872.4300000000001,147.09500000000003,362.56,359.815,488.315
2026-08-05 15:59:00-04:00,872.075,146.84,362.685,359.64,488.09000000000003
2026-08-05 16:00:00-04:00,871.5550000000001,146.79500000000002,362.41999999999996,359.21000000000004,487.475
2026-08-06 13:30:00-04:00,869.4449999999999,145.515,357.84000000000003,355.09000000000003,496.41999999999996
2026-08-06 13:31:00-04:00,869.385,145.52499999999998,358.08500000000004,355.17499999999995,496.56
2026-08-06 13:32:00-04:00,869.96,145.56,358.0,355.32000000000005,496.55
2026-08-06 13:33:00-04:00,870.095,145.54000000000002,358.28,355.425,496.425
2026-08-06 13:34:00-04:00,869.85,145.625,358.235,355.365,495.68
2026-08-06 13:35:00-04:00,870.04,145.615,358.265,355.435,495.845
2026-08-06 13:36:00-04:00,869.73,145.60500000000002,358.31,355.67,496.205
2026-08-06 13:37:00-04:00,869.11,145.64999999999998,358.385,355.57000000000005,495.925
2026-08-06 13:38:00-04:00,869.085,145.63,358.255,355.58,495.845
2026-08-06 13:39:00-04:00,869.125,145.69,358.1,355.475,495.73
2026-08-06 13:40:00-04:00,868.88,145.76,358.17499999999995,355.65,495.54999999999995
2026-08-06 13:41:00-04:00,868.19,145.765,358.125,355.605,495.73
2026-08-06 13:42:00-04:00,867.465,145.77499999999998,358.115,355.89,495.67
2026-08-06 13:43:00-04:00,867.825,145.765,358.11,355.86,495.95500000000004
2026-08-06 13:44:00-04:00,867.825,145.835,357.91499999999996,355.775,496.025
2026-08-06 13:45:00-04:00,867.77,145.8,357.86,355.74,496.145
2026-08-06 13:46:00-04:00,868.26,145.79000000000002,358.02,355.77,496.14
2026-08-06 13:47:00-04:00,868.5,145.825,358.145,355.85,496.185
2026-08-06 13:48:00-04:00,868.825,145.865,358.08500000000004,355.655,496.19
2026-08-06 13:49:00-04:00,868.1099999999999,145.815,358.15999999999997,355.71,495.95000000000005
2026-08-06 13:50:00-04:00,867.665,145.865,358.12,355.76,496.14
2026-08-06 13:51:00-04:00,867.745,145.91,358.07,356.2,496.05999999999995
2026-08-06 13:52:00-04:00,867.9300000000001,145.885,358.095,356.29,496.055
2026-08-06 13:53:00-04:00,867.9449999999999,145.985,358.225,356.215,496.1
2026-08-06 13:54:00-04:00,868.935,146.055,358.075,356.07,496.005
2026-08-06 13:55:00-04:00,868.845,146.03500000000003,358.03999999999996,356.05,496.15999999999997
2026-08-06 13:56:00-04:00,869.075,146.075,358.01,356.11,496.06
2026-08-06 13:57:00-04:00,868.39,146.16,357.875,356.12,496.275
2026-08-06 13:58:00-04:00,868.7249999999999,146.165,357.94,356.155,496.235
2026-08-06 13:59:00-04:00,868.535,146.16500000000002,357.69000000000005,356.265,495.995
2026-08-06 14:00:00-04:00,868.5899999999999,146.165,357.65999999999997,356.20000000000005,495.89
2026-08-06 14:01:00-04:00,868.7,146.07,357.645,356.285,496.365
2026-08-06 14:02:00-04:00,868.3299999999999,146.175,357.73,356.395,496.065
2026-08-06 14:03:00-04:00,868.04,146.225,357.71000000000004,356.32,496.505
2026-08-06 14:04:00-04:00,867.53,146.27499999999998,357.73,356.27,496.83500000000004
2026-08-06 14:05:00-04:00,867.4100000000001,146.35000000000002,357.475,356.16,496.78499999999997
2026-08-06 14:06:00-04:00,866.8399999999999,146.38,357.475,356.09000000000003,496.885
2026-08-06 14:07:00-04:00,866.385,146.415,357.325,356.025,496.78499999999997
2026-08-06 14:08:00-04:00,866.875,146.41500000000002,357.25,356.12,496.81
2026-08-06 14:09:00-04:00,866.4549999999999,146.43,357.16999999999996,356.255,496.985
2026-08-06 14:10:00-04:00,867.37,146.37,356.99,356.11,497.135
2026-08-06 14:11:00-04:00,867.075,146.35500000000002,357.055,356.12,496.915
2026-08-06 14:12:00-04:00,867.655,146.35000000000002,357.18,356.225,496.84000000000003
2026-08-06 14:13:00-04:00,867.615,146.38,357.155,356.095,497.29999999999995
2026-08-06 14:14:00-04:00,867.095,146.51,357.11,356.07,497.15999999999997
2026-08-06 14:15:00-04:00,867.8800000000001,146.51999999999998,357.24,356.175,497.36
2026-08-06 14:16:00-04:00,868.15,146.495,357.16499999999996,356.175,497.255
2026-08-06 14:17:00-04:00,869.865,146.525,357.185,356.545,497.42499999999995
2026-08-06 14:18:00-04:00,869.105,146.485,357.21500000000003,356.44,497.32
2026-08-06 14:19:00-04:00,869.66,146.45499999999998,357.15999999999997,356.355,497.005
2026-08-06 14:20:00-04:00,869.435,146.475,357.095,356.265,496.69500000000005
2026-08-06 14:21:00-04:00,869.04,146.39,357.43,356.405,496.96500000000003
2026-08-06 14:22:00-04:00,870.255,146.385,357.43,356.4,496.89
2026-08-06 14:23:00-04:00,869.9649999999999,146.4,357.41499999999996,356.195,496.67999999999995
2026-08-06 14:24:00-04:00,869.29,146.37,357.51,356.21,496.71000000000004
2026-08-06 14:25:00-04:00,869.225,146.41,357.76,356.22,496.64
2026-08-06 14:26:00-04:00,868.62,146.445,357.70500000000004,356.27,496.885
2026-08-06 14:27:00-04:00,867.3299999999999,146.44,357.505,356.13,497.275
2026-08-06 14:28:00-04:00,867.38,146.45999999999998,357.725,356.11,497.62
2026-08-06 14:29:00-04:00,868.315,146.47,357.80499999999995,356.20500000000004,497.475
2026-08-06 14:30:00-04:00,867.705,146.5,357.625,356.185,497.34
2026-08-06 14:31:00-04:00,867.3399999999999,146.375,357.625,356.135,497.59000000000003
2026-08-06 14:32:00-04:00,867.175,146.39499999999998,357.48,356.135,497.44000000000005
2026-08-06 14:33:00-04:00,867.155,146.39499999999998,357.70500000000004,356.24,497.43
2026-08-06 14:34:00-04:00,866.665,146.365,357.70000000000005,356.20000000000005,497.33
2026-08-06 14:35:00-04:00,865.935,146.48000000000002,357.64,356.19,497.555
2026-08-06 14:36:00-04:00,866.155,146.495,357.635,356.22,497.515
2026-08-06 14:37:00-04:00,867.085,146.33499999999998,357.565,356.22,497.15999999999997
2026-08-06 14:38:00-04:00,866.9300000000001,146.32999999999998,357.54999999999995,356.08500000000004,497.16499999999996
2026-08-06 14:39:00-04:00,866.8199999999999,146.29000000000002,357.22,356.095,496.53999999999996
2026-08-06 14:40:00-04:00,866.6500000000001,146.38,357.235,356.15999999999997,496.55
2026-08-06 14:41:00-04:00,866.775,146.26999999999998,357.405,356.20500000000004,496.65999999999997
2026-08-06 14:42:00-04:00,866.1800000000001,146.21499999999997,357.46000000000004,356.125,496.735
2026-08-06 14:43:00-04:00,866.105,146.22,357.42499999999995,356.25,496.655
2026-08-06 14:44:00-04:00,866.55,146.255,357.345,356.29999999999995,496.815
2026-08-06 14:45:00-04:00,866.7049999999999,146.265,357.25,356.145,496.74
2026-08-06 14:46:00-04:00,866.56,146.19,357.23,356.34000000000003,496.875
2026-08-06 14:47:00-04:00,866.6,146.16,357.20500000000004,356.47,496.92499999999995
2026-08-06 14:48:00-04:00,865.96,146.175,357.21000000000004,356.47,497.14
2026-08-06 14:49:00-04:00,865.6700000000001,146.19,357.30999999999995,356.445,497.03
2026-08-06 14:50:00-04:00,865.495,146.24,357.345,356.54,497.005
2026-08-06 14:51:00-04:00,865.435,146.275,357.34000000000003,356.555,497.03
2026-08-06 14:52:00-04:00,865.5,146.32,357.53,356.615,497.155
2026-08-06 14:53:00-04:00,865.39,146.345,357.47,356.485,497.15999999999997
2026-08-06 14:54:00-04:00,865.405,146.35000000000002,357.52,356.44,497.03
2026-08-06 14:55:00-04:00,865.78,146.35000000000002,357.45000000000005,356.52,496.935
2026-08-06 14:56:00-04:00,865.54,146.34,357.525,356.53,496.88
2026-08-06 14:57:00-04:00,866.0799999999999,146.32,357.44000000000005,356.54,496.93
2026-08-06 14:58:00-04:00,866.395,146.29000000000002,357.375,356.54999999999995,496.995
2026-08-06 14:59:00-04:00,865.97,146.35500000000002,357.315,356.555,497.015
2026-08-06 15:00:00-04:00,865.7,146.37,357.375,356.575,497.03
2026-08-06 15:01:00-04:00,866.065,146.385,357.52,356.71500000000003,497.25
2026-08-06 15:02:00-04:00,867.38,146.325,357.74,356.615,497.275
2026-08-06 15:03:00-04:00,867.5799999999999,146.24,357.725,356.685,497.225
2026-08-06 15:04:00-04:00,867.01,146.255,357.74,356.58000000000004,497.17
2026-08-06 15:05:00-04:00,867.56,146.235,357.71000000000004,356.56,497.245
2026-08-06 15:06:00-04:00,866.88,146.32999999999998,357.96500000000003,356.615,497.01
2026-08-06 15:07:00-04:00,867.2950000000001,146.31,357.82,356.57,496.98
2026-08-06 15:08:00-04:00,867.27,146.25,357.77,356.475,497.015
2026-08-06 15:09:00-04:00,868.005,146.25,357.765,356.625,497.03499999999997
2026-08-06 15:10:00-04:00,867.4449999999999,146.28500000000003,357.87,356.865,497.30999999999995
2026-08-06 15:11:00-04:00,867.49,146.3,357.845,356.67,497.355
2026-08-06 15:12:00-04:00,867.615,146.255,358.06,356.625,497.41999999999996
2026-08-06 15:13:00-04:00,866.5999999999999,146.21499999999997,358.3,356.725,497.685
2026-08-06 15:14:00-04:00,866.105,146.215,357.9,356.745,497.54999999999995
2026-08-06 15:15:00-04:00,865.585,146.31,357.925,356.765,497.765
2026-08-06 15:16:00-04:00,865.94,146.29000000000002,357.805,356.605,497.865
2026-08-06 15:17:00-04:00,866.78,146.36,357.80499999999995,356.80499999999995,497.885
2026-08-06 15:18:00-04:00,867.01,146.2,357.85,356.89,497.54499999999996
2026-08-06 15:19:00-04:00,867.265,146.07999999999998,357.935,356.885,497.28999999999996
2026-08-06 15:20:00-04:00,867.25,146.2,357.825,357.025,497.6
2026-08-06 15:21:00-04:00,867.81,146.11,357.91999999999996,356.95500000000004,497.725
2026-08-06 15:22:00-04:00,866.915,146.11,357.78,356.86,497.92
2026-08-06 15:23:00-04:00,866.505,146.02499999999998,357.94,356.78,497.815
2026-08-06 15:24:00-04:00,866.35,146.04000000000002,357.805,356.65,498.02
2026-08-06 15:25:00-04:00,865.23,146.07999999999998,357.62,356.655,498.32
2026-08-06 15:26:00-04:00,865.3299999999999,146.04000000000002,357.895,356.55,498.46500000000003
2026-08-06 15:27:00-04:00,864.855,145.94,357.68,356.44500000000005,498.33
2026-08-06 15:28:00-04:00,865.3499999999999,145.99,357.515,356.385,498.525
2026-08-06 15:29:00-04:00,865.8,145.95499999999998,357.33000000000004,356.47,498.72
2026-08-06 15:30:00-04:00,865.315,145.97500000000002,357.125,356.39,498.905
2026-08-06 15:31:00-04:00,865.645,146.04500000000002,357.185,356.245,499.17
2026-08-06 15:32:00-04:00,865.56,145.85500000000002,357.295,356.24,499.77
2026-08-06 15:33:00-04:00,865.24,145.93,357.45000000000005,356.105,499.75
2026-08-06 15:34:00-04:00,864.275,145.95499999999998,357.40999999999997,356.155,499.53
2026-08-06 15:35:00-04:00,865.3050000000001,145.925,357.53999999999996,356.2,499.175
2026-08-06 15:36:00-04:00,864.46,145.94,357.61,356.355,499.105
2026-08-06 15:37:00-04:00,863.49,145.995,357.47,356.345,499.41999999999996
2026-08-06 15:38:00-04:00,863.505,146.07,357.53,356.41499999999996,499.355
2026-08-06 15:39:00-04:00,863.03,145.95,357.65999999999997,356.45000000000005,499.15999999999997
2026-08-06 15:40:00-04:00,863.17,146.005,357.52,356.37,499.505
2026-08-06 15:41:00-04:00,863.275,145.97500000000002,357.415,356.295,499.42999999999995
2026-08-06 15:42:00-04:00,862.975,145.96499999999997,357.255,356.26,499.28
2026-08-06 15:43:00-04:00,862.5999999999999,145.89,357.11,356.095,499.05499999999995
2026-08-06 15:44:00-04:00,862.38,145.97500000000002,357.16499999999996,355.99,498.9
2026-08-06 15:45:00-04:00,862.64,145.935,357.4,355.99,498.94500000000005
2026-08-06 15:46:00-04:00,863.245,146.025,357.79999999999995,356.26,498.605
2026-08-06 15:47:00-04:00,862.9449999999999,145.905,357.635,356.15,498.24
2026-08-06 15:48:00-04:00,862.8,145.93,357.565,356.24,497.92999999999995
2026-08-06 15:49:00-04:00,862.5699999999999,146.03500000000003,357.765,356.185,497.925
2026-08-06 15:50:00-04:00,863.1,146.175,357.895,356.365,498.245
2026-08-06 15:51:00-04:00,862.5899999999999,146.18,357.58500000000004,356.065,497.58
2026-08-06 15:52:00-04:00,863.44,146.255,357.35,355.92,497.495
2026-08-06 15:53:00-04:00,862.98,146.41,357.43,355.985,497.81
2026-08-06 15:54:00-04:00,862.965,146.435,357.78499999999997,355.885,498.895
2026-08-06 15:55:00-04:00,863.455,146.185,357.745,355.89,499.83000000000004
2026-08-06 15:56:00-04:00,860.835,146.265,357.74,355.435,500.9
2026-08-06 15:57:00-04:00,859.6099999999999,146.27499999999998,357.65,355.59000000000003,501.505
2026-08-06 15:58:00-04:00,859.4649999999999,146.47,357.89,355.90999999999997,500.63
2026-08-06 15:59:00-04:00,859.3,146.79500000000002,357.78,356.32000000000005,499.975
2026-08-06 16:00:00-04:00,857.535,146.98000000000002,357.935,356.33500000000004,499.935
2026-08-07 13:30:00-04:00,844.675,145.55,354.815,357.745,499.735
2026-08-07 13:31:00-04:00,844.595,145.535,354.81,357.63,499.765
2026-08-07 13:32:00-04:00,844.75,145.53,354.74,357.625,499.335
2026-08-07 13:33:00-04:00,844.6800000000001,145.5,354.655,357.53499999999997,498.92499999999995
2026-08-07 13:34:00-04:00,844.5350000000001,145.585,354.69500000000005,357.435,498.82
2026-08-07 13:35:00-04:00,844.5799999999999,145.57999999999998,354.495,357.52,499.005
2026-08-07 13:36:00-04:00,844.4549999999999,145.575,354.63,357.52,498.95500000000004
2026-08-07 13:37:00-04:00,844.345,145.57999999999998,354.57,357.515,499.01
2026-08-07 13:38:00-04:00,843.9300000000001,145.57,354.5,357.475,498.845
2026-08-07 13:39:00-04:00,843.5550000000001,145.575,354.69,357.44000000000005,499.14
2026-08-07 13:40:00-04:00,844.05,145.57,354.83500000000004,357.52,499.92999999999995
2026-08-07 13:41:00-04:00,843.625,145.59,354.795,357.54499999999996,499.59000000000003
2026-08-07 13:42:00-04:00,843.675,145.60000000000002,354.78499999999997,357.53999999999996,499.33500000000004
2026-08-07 13:43:00-04:00,843.375,145.60500000000002,354.72,357.555,499.485
2026-08-07 13:44:00-04:00,842.9200000000001,145.60500000000002,354.735,357.55999999999995,499.74
2026-08-07 13:45:00-04:00,843.07,145.60000000000002,354.70500000000004,357.57500000000005,499.54499999999996
2026-08-07 13:46:00-04:00,843.365,145.60000000000002,354.685,357.755,499.575
2026-08-07 13:47:00-04:00,843.64,145.60000000000002,354.855,357.74,499.63
2026-08-07 13:48:00-04:00,843.335,145.59500000000003,354.985,357.74,499.62
2026-08-07 13:49:00-04:00,843.495,145.57,355.05499999999995,357.765,499.64
2026-08-07 13:50:00-04:00,843.38,145.625,355.05499999999995,357.72,499.515
2026-08-07 13:51:00-04:00,842.96,145.615,355.04499999999996,357.745,499.83500000000004
2026-08-07 13:52:00-04:00,842.5450000000001,145.635,354.975,357.72,499.70000000000005
2026-08-07 13:53:00-04:00,841.7750000000001,145.64,354.855,357.73,499.865
2026-08-07 13:54:00-04:00,842.41,145.655,354.87,357.685,499.945
2026-08-07 13:55:00-04:00,842.475,145.65499999999997,355.145,357.72,500.575
2026-08-07 13:56:00-04:00,842.44,145.65499999999997,355.055,357.745,500.53499999999997
2026-08-07 13:57:00-04:00,841.525,145.66,355.07,357.72,500.545
2026-08-07 13:58:00-04:00,842.0550000000001,145.65499999999997,355.08,357.695,500.555
2026-08-07 13:59:00-04:00,842.5899999999999,145.615,355.03999999999996,357.63,500.41999999999996
2026-08-07 14:00:00-04:00,842.6,145.685,355.13,357.555,500.305
2026-08-07 14:01:00-04:00,842.635,145.735,355.18,357.61,500.38
2026-08-07 14:02:00-04:00,842.63,145.635,355.155,357.565,500.385
2026-08-07 14:03:00-04:00,842.51,145.665,354.79499999999996,357.505,500.335
2026-08-07 14:04:00-04:00,842.7850000000001,145.70499999999998,354.765,357.45500000000004,500.2
2026-08-07 14:05:00-04:00,842.81,145.73000000000002,354.75,357.34000000000003,500.345
2026-08-07 14:06:00-04:00,843.0,145.755,354.63,357.125,500.21500000000003
2026-08-07 14:07:00-04:00,843.485,145.76,354.57,357.22,500.37
2026-08-07 14:08:00-04:00,843.6500000000001,145.695,354.515,357.19000000000005,500.53499999999997
2026-08-07 14:09:00-04:00,844.005,145.66500000000002,354.56,357.39,500.475
2026-08-07 14:10:00-04:00,844.0699999999999,145.64999999999998,354.41999999999996,357.45000000000005,500.33
2026-08-07 14:11:00-04:00,844.115,145.71,354.435,357.46500000000003,500.28
2026-08-07 14:12:00-04:00,843.3,145.69,354.395,357.45000000000005,500.28
2026-08-07 14:13:00-04:00,842.7,145.64499999999998,354.4,357.45000000000005,500.115
2026-08-07 14:14:00-04:00,842.6800000000001,145.695,354.29999999999995,357.41999999999996,500.12
2026-08-07 14:15:00-04:00,842.415,145.69,354.305,357.26,500.15999999999997
2026-08-07 14:16:00-04:00,842.35,145.66,354.36,357.37,500.115
2026-08-07 14:17:00-04:00,842.88,145.65499999999997,354.365,357.54499999999996,499.88
2026-08-07 14:18:00-04:00,843.4649999999999,145.64,354.33000000000004,357.47,499.84000000000003
2026-08-07 14:19:00-04:00,843.535,145.635,354.43,357.495,499.92
2026-08-07 14:20:00-04:00,842.845,145.61,354.405,357.63,499.81
2026-08-07 14:21:00-04:00,842.8,145.58499999999998,354.5,357.56,499.64
2026-08-07 14:22:00-04:00,843.115,145.58499999999998,354.385,357.58000000000004,499.375
2026-08-07 14:23:00-04:00,842.875,145.595,354.36,357.605,499.395
2026-08-07 14:24:00-04:00,842.435,145.60000000000002,354.315,357.55,499.475
2026-08-07 14:25:00-04:00,842.29,145.625,354.33500000000004,357.525,499.43
2026-08-07 14:26:00-04:00,842.145,145.635,354.28499999999997,357.515,499.19500000000005
2026-08-07 14:27:00-04:00,842.075,145.675,354.275,357.57,499.365
2026-08-07 14:28:00-04:00,842.04,145.715,354.40999999999997,357.515,499.48
2026-08-07 14:29:00-04:00,841.195,145.615,354.26,357.675,499.59000000000003
2026-08-07 14:30:00-04:00,841.81,145.59,354.185,357.71000000000004,499.70500000000004
2026-08-07 14:31:00-04:00,841.685,145.51999999999998,354.225,357.69500000000005,499.725
2026-08-07 14:32:00-04:00,842.245,145.495,354.115,357.71000000000004,499.405
2026-08-07 14:33:00-04:00,842.2850000000001,145.53500000000003,354.21000000000004,357.79999999999995,499.505
2026-08-07 14:34:00-04:00,842.415,145.56,354.26,357.70500000000004,499.435
2026-08-07 14:35:00-04:00,841.425,145.54500000000002,354.235,357.735,499.605
2026-08-07 14:36:00-04:00,841.255,145.55,354.15999999999997,357.65,499.295
2026-08-07 14:37:00-04:00,841.395,145.55,354.20500000000004,357.71500000000003,499.23
2026-08-07 14:38:00-04:00,841.4300000000001,145.5,354.17999999999995,357.655,499.20500000000004
2026-08-07 14:39:00-04:00,841.29,145.505,354.12,357.69500000000005,499.37
2026-08-07 14:40:00-04:00,841.25,145.475,354.105,357.73,499.245
2026-08-07 14:41:00-04:00,841.38,145.44,354.21500000000003,357.755,499.46000000000004
2026-08-07 14:42:00-04:00,841.4300000000001,145.51999999999998,354.145,357.865,499.245
2026-08-07 14:43:00-04:00,841.435,145.53,354.2,357.875,499.33500000000004
2026-08-07 14:44:00-04:00,841.39,145.515,354.115,357.85,499.27
2026-08-07 14:45:00-04:00,841.15,145.39499999999998,353.935,357.845,498.95
2026-08-07 14:46:00-04:00,841.565,145.42000000000002,353.945,357.90999999999997,499.115
2026-08-07 14:47:00-04:00,841.385,145.48000000000002,353.84000000000003,357.82,499.335
2026-08-07 14:48:00-04:00,841.315,145.45499999999998,353.95000000000005,357.895,499.31
2026-08-07 14:49:00-04:00,843.575,145.445,354.125,357.95500000000004,499.39
2026-08-07 14:50:00-04:00,844.15,145.425,354.13,357.95000000000005,499.37
2026-08-07 14:51:00-04:00,843.925,145.44,354.265,358.135,499.515
2026-08-07 14:52:00-04:00,844.01,145.45999999999998,354.2,358.155,499.51
2026-08-07 14:53:00-04:00,843.87,145.47500000000002,354.21000000000004,358.155,499.51
2026-08-07 14:54:00-04:00,844.5150000000001,145.51999999999998,354.14,358.12,499.44
2026-08-07 14:55:00-04:00,844.3299999999999,145.64999999999998,354.11,358.095,499.245
2026-08-07 14:56:00-04:00,843.5150000000001,145.66,354.105,358.12,499.505
2026-08-07 14:57:00-04:00,843.5550000000001,145.66500000000002,354.155,358.17999999999995,499.5
2026-08-07 14:58:00-04:00,843.9300000000001,145.64999999999998,354.26,358.13,499.695
2026-08-07 14:59:00-04:00,843.6800000000001,145.63,354.275,358.105,500.025
2026-08-07 15:00:00-04:00,844.6800000000001,145.61,354.33000000000004,358.16499999999996,499.885
2026-08-07 15:01:00-04:00,845.395,145.62,354.28499999999997,358.21500000000003,500.015
2026-08-07 15:02:00-04:00,845.375,145.585,354.20000000000005,358.26,500.125
2026-08-07 15:03:00-04:00,845.915,145.57,354.175,358.37,500.14
2026-08-07 15:04:00-04:00,845.235,145.51,353.96000000000004,358.34000000000003,500.435
2026-08-07 15:05:00-04:00,844.925,145.47500000000002,354.11,358.33000000000004,500.495
2026-08-07 15:06:00-04:00,846.6800000000001,145.485,354.185,358.32500000000005,500.19
2026-08-07 15:07:00-04:00,847.0,145.465,354.23,358.39,500.185
2026-08-07 15:08:00-04:00,847.2049999999999,145.41,354.525,358.425,500.25
2026-08-07 15:09:00-04:00,847.065,145.45999999999998,354.555,358.315,500.04999999999995
2026-08-07 15:10:00-04:00,846.7950000000001,145.435,354.79499999999996,358.365,500.34000000000003
2026-08-07 15:11:00-04:00,847.42,145.42000000000002,354.96000000000004,358.57500000000005,500.555
2026-08-07 15:12:00-04:00,846.8299999999999,145.39999999999998,354.905,358.70000000000005,500.64
2026-08-07 15:13:00-04:00,846.825,145.41,354.66999999999996,358.685,500.505
2026-08-07 15:14:00-04:00,846.51,145.45499999999998,354.635,358.64,500.90999999999997
2026-08-07 15:15:00-04:00,846.4,145.54000000000002,354.76,358.655,501.12
2026-08-07 15:16:00-04:00,847.355,145.45499999999998,354.9,358.705,500.92
2026-08-07 15:17:00-04:00,847.79,145.54000000000002,355.03,358.77,500.94
2026-08-07 15:18:00-04:00,847.37,145.54500000000002,354.9,358.68,501.28499999999997
2026-08-07 15:19:00-04:00,846.6700000000001,145.51,354.71000000000004,358.55999999999995,500.92499999999995
2026-08-07 15:20:00-04:00,846.735,145.575,354.735,358.53499999999997,501.03499999999997
2026-08-07 15:21:00-04:00,846.85,145.57999999999998,354.83000000000004,358.63,501.245
2026-08-07 15:22:00-04:00,846.2449999999999,145.615,354.90999999999997,358.65,501.58
2026-08-07 15:23:00-04:00,846.12,145.67000000000002,354.865,358.61,501.62
2026-08-07 15:24:00-04:00,846.1400000000001,145.66500000000002,354.935,358.72,501.70000000000005
2026-08-07 15:25:00-04:00,845.11,145.64999999999998,355.015,358.48,501.70500000000004
2026-08-07 15:26:00-04:00,844.515,145.635,355.08,358.475,501.84000000000003
2026-08-07 15:27:00-04:00,845.13,145.635,355.015,358.6,501.875
2026-08-07 15:28:00-04:00,845.1,145.64499999999998,355.005,358.54999999999995,501.46500000000003
2026-08-07 15:29:00-04:00,844.7750000000001,145.625,354.83000000000004,358.485,501.09000000000003
2026-08-07 15:30:00-04:00,844.545,145.595,355.26,358.44,501.175
2026-08-07 15:31:00-04:00,844.34,145.62,354.94500000000005,358.51,501.33
2026-08-07 15:32:00-04:00,844.095,145.64,354.95000000000005,358.54999999999995,501.375
2026-08-07 15:33:00-04:00,844.76,145.635,354.995,358.51,501.63
2026-08-07 15:34:00-04:00,844.38,145.69,354.85,358.485,501.515
2026-08-07 15:35:00-04:00,844.105,145.715,354.86,358.46000000000004,501.47
2026-08-07 15:36:00-04:00,844.27,145.665,354.68,358.315,501.435
2026-08-07 15:37:00-04:00,844.425,145.675,354.66999999999996,358.32500000000005,501.52
2026-08-07 15:38:00-04:00,844.49,145.66,354.485,358.33000000000004,501.29999999999995
2026-08-07 15:39:00-04:00,844.065,145.60500000000002,354.435,358.275,501.5
2026-08-07 15:40:00-04:00,843.865,145.53,354.305,358.20000000000005,501.53499999999997
2026-08-07 15:41:00-04:00,843.565,145.60000000000002,354.44,358.07,501.435
2026-08-07 15:42:00-04:00,843.51,145.585,354.58000000000004,358.16499999999996,501.42499999999995
2026-08-07 15:43:00-04:00,843.52,145.64499999999998,354.555,357.945,501.46000000000004
2026-08-07 15:44:00-04:00,843.26,145.64,354.55,357.90999999999997,501.29999999999995
2026-08-07 15:45:00-04:00,842.825,145.78,354.74,357.84000000000003,501.39
2026-08-07 15:46:00-04:00,843.155,145.69,354.935,357.96500000000003,501.39
2026-08-07 15:47:00-04:00,842.9849999999999,145.815,355.05,358.12,501.405
2026-08-07 15:48:00-04:00,842.84,145.875,355.195,358.03999999999996,501.20000000000005
2026-08-07 15:49:00-04:00,843.7750000000001,145.88,355.41499999999996,358.215,501.34000000000003
2026-08-07 15:50:00-04:00,844.2950000000001,145.7,355.58,358.03,501.48
2026-08-07 15:51:00-04:00,844.635,145.72,355.21000000000004,358.13,500.45500000000004
2026-08-07 15:52:00-04:00,844.625,145.73000000000002,355.07,357.71500000000003,500.20500000000004
2026-08-07 15:53:00-04:00,845.08,145.595,355.27,357.78,500.4
2026-08-07 15:54:00-04:00,844.4549999999999,145.555,355.39,357.53999999999996,501.45500000000004
2026-08-07 15:55:00-04:00,844.5450000000001,145.665,355.41499999999996,357.36,500.87
2026-08-07 15:56:00-04:00,843.21,145.66500000000002,354.97,357.19,500.86
2026-08-07 15:57:00-04:00,843.605,145.70499999999998,354.985,357.105,500.95500000000004
2026-08-07 15:58:00-04:00,843.595,145.73000000000002,354.975,357.005,500.595
2026-08-07 15:59:00-04:00,844.325,145.89999999999998,354.93,357.385,500.64
2026-08-07 16:00:00-04:00,842.2449999999999,145.76999999999998,354.27,357.51,499.935
2026-08-10 13:30:00-04:00,838.9549999999999,145.81,354.725,357.395,508.315
2026-08-10 13:31:00-04:00,838.97,145.89,354.77,357.305,508.58
2026-08-10 13:32:00-04:00,839.04,145.89,354.775,357.32000000000005,508.4
2026-08-10 13:33:00-04:00,839.14,145.85000000000002,354.825,357.41499999999996,508.28999999999996
2026-08-10 13:34:00-04:00,839.1600000000001,145.76999999999998,354.735,357.41499999999996,508.25
2026-08-10 13:35:00-04:00,839.69,145.78500000000003,354.65999999999997,357.42499999999995,508.35
2026-08-10 13:36:00-04:00,839.21,145.85500000000002,354.75,357.335,508.325
2026-08-10 13:37:00-04:00,839.29,145.82999999999998,354.805,357.45500000000004,508.29999999999995
2026-08-10 13:38:00-04:00,837.685,145.875,354.86,357.385,508.36
2026-08-10 13:39:00-04:00,837.775,145.84,354.78,357.53999999999996,508.29499999999996
2026-08-10 13:40:00-04:00,838.67,145.85000000000002,354.755,357.635,508.28499999999997
2026-08-10 13:41:00-04:00,838.49,145.86,354.47,357.555,507.92
2026-08-10 13:42:00-04:00,838.69,145.82999999999998,354.4,357.64,507.92
2026-08-10 13:43:00-04:00,838.69,145.825,354.52,357.695,507.78
2026-08-10 13:44:00-04:00,838.675,145.79500000000002,354.605,357.62,507.515
2026-08-10 13:45:00-04:00,838.365,145.81,354.45500000000004,357.65999999999997,507.115
2026-08-10 13:46:00-04:00,838.415,145.78,354.425,357.61,506.91499999999996
2026-08-10 13:47:00-04:00,838.8900000000001,145.79500000000002,354.575,357.8,506.87
2026-08-10 13:48:00-04:00,839.24,145.81,354.53999999999996,357.865,506.755
2026-08-10 13:49:00-04:00,839.44,145.82,354.515,357.80499999999995,506.82
2026-08-10 13:50:00-04:00,839.9449999999999,145.85000000000002,354.45500000000004,357.86,506.71500000000003
2026-08-10 13:51:00-04:00,840.125,145.815,354.275,357.79499999999996,506.34000000000003
2026-08-10 13:52:00-04:00,840.0999999999999,145.805,354.22,357.70500000000004,506.075
2026-08-10 13:53:00-04:00,840.415,145.8,354.175,357.74,506.125
2026-08-10 13:54:00-04:00,841.24,145.75,354.105,357.605,505.83
2026-08-10 13:55:00-04:00,841.36,145.79500000000002,354.105,357.63,506.075
2026-08-10 13:56:00-04:00,841.3399999999999,145.81,354.06,357.57500000000005,505.935
2026-08-10 13:57:00-04:00,841.27,145.78,354.08500000000004,357.53,506.19
2026-08-10 13:58:00-04:00,841.37,145.84500000000003,354.015,357.515,506.25
2026-08-10 13:59:00-04:00,841.69,145.82,354.19,357.435,506.225
2026-08-10 14:00:00-04:00,841.505,145.865,354.235,357.6,505.66499999999996
2026-08-10 14:01:00-04:00,841.895,145.86,354.24,357.635,505.22
2026-08-10 14:02:00-04:00,841.4000000000001,145.85500000000002,354.29999999999995,357.67499999999995,505.32
2026-08-10 14:03:00-04:00,841.61,145.925,354.21500000000003,357.655,505.35
2026-08-10 14:04:00-04:00,841.61,145.89999999999998,354.19,357.70000000000005,505.20000000000005
2026-08-10 14:05:00-04:00,841.76,145.89499999999998,354.23,357.70000000000005,505.325
2026-08-10 14:06:00-04:00,842.01,145.83499999999998,354.185,357.88,505.25
2026-08-10 14:07:00-04:00,841.515,145.88,354.43,357.82,505.21000000000004
2026-08-10 14:08:00-04:00,841.7750000000001,145.94,354.345,357.78999999999996,505.29999999999995
2026-08-10 14:09:00-04:00,841.6600000000001,145.935,354.35,357.80499999999995,505.28499999999997
2026-08-10 14:10:00-04:00,841.5699999999999,145.92000000000002,354.33500000000004,357.855,505.39
2026-08-10 14:11:00-04:00,841.5799999999999,145.935,354.28499999999997,358.015,505.07000000000005
2026-08-10 14:12:00-04:00,840.605,145.925,354.42499999999995,358.04999999999995,505.135
2026-08-10 14:13:00-04:00,839.9549999999999,145.965,354.43,358.025,504.94000000000005
2026-08-10 14:14:00-04:00,839.4849999999999,145.97,354.32,357.96000000000004,504.98
2026-08-10 14:15:00-04:00,839.0450000000001,146.03,354.385,357.94,504.78999999999996
2026-08-10 14:16:00-04:00,839.4649999999999,145.995,354.275,358.17,504.71000000000004
2026-08-10 14:17:00-04:00,839.425,146.01,354.235,358.135,505.18
2026-08-10 14:18:00-04:00,839.5050000000001,145.97,354.125,358.13,505.255
2026-08-10 14:19:00-04:00,839.47,145.995,354.075,357.96,505.595
2026-08-10 14:20:00-04:00,839.46,145.99,354.03499999999997,358.005,505.525
2026-08-10 14:21:00-04:00,839.4649999999999,145.99,354.06,357.94,505.385
2026-08-10 14:22:00-04:00,839.31,146.01999999999998,354.175,358.09000000000003,505.41999999999996
2026-08-10 14:23:00-04:00,839.6800000000001,146.015,354.22,358.025,505.1
2026-08-10 14:24:00-04:00,839.885,146.0,354.33000000000004,358.03499999999997,504.96500000000003
2026-08-10 14:25:00-04:00,839.64,146.035,354.235,358.08000000000004,504.91999999999996
2026-08-10 14:26:00-04:00,839.985,145.995,354.365,358.0,505.255
2026-08-10 14:27:00-04:00,840.0350000000001,146.02499999999998,354.33500000000004,358.04999999999995,505.21500000000003
2026-08-10 14:28:00-04:00,839.745,146.035,354.48,358.135,505.23
2026-08-10 14:29:00-04:00,839.775,145.995,354.405,358.145,505.145
2026-08-10 14:30:00-04:00,839.645,145.995,354.36,358.05499999999995,505.025
2026-08-10 14:31:00-04:00,839.69,145.925,354.29999999999995,357.91499999999996,505.025
2026-08-10 14:32:00-04:00,840.0250000000001,145.95999999999998,354.51,357.855,505.125
2026-08-10 14:33:00-04:00,839.915,145.95,354.54499999999996,357.72,505.315
2026-08-10 14:34:00-04:00,839.7,145.995,354.45,357.69500000000005,505.525
2026-08-10 14:35:00-04:00,839.845,145.93,354.46000000000004,357.655,505.44500000000005
2026-08-10 14:36:00-04:00,840.22,145.975,354.54499999999996,357.685,505.6
2026-08-10 14:37:00-04:00,840.12,145.98000000000002,354.6,357.69000000000005,505.46000000000004
2026-08-10 14:38:00-04:00,839.575,145.985,354.58000000000004,357.57000000000005,505.105
2026-08-10 14:39:00-04:00,839.88,146.0,354.515,357.70500000000004,505.03
2026-08-10 14:40:00-04:00,840.295,145.98000000000002,354.605,357.775,505.14
2026-08-10 14:41:00-04:00,840.415,145.93,354.825,357.80499999999995,505.365
2026-08-10 14:42:00-04:00,840.4200000000001,145.91,354.865,357.88,505.355
2026-08-10 14:43:00-04:00,840.5450000000001,145.95499999999998,355.27,358.04499999999996,505.71000000000004
2026-08-10 14:44:00-04:00,840.255,145.97500000000002,355.33000000000004,357.995,505.67499999999995
2026-08-10 14:45:00-04:00,840.255,145.98000000000002,355.66499999999996,358.0,505.66999999999996
2026-08-10 14:46:00-04:00,840.2850000000001,145.935,355.885,357.97,505.55
2026-08-10 14:47:00-04:00,840.28,145.95999999999998,356.04499999999996,358.135,505.45000000000005
2026-08-10 14:48:00-04:00,840.51,145.945,355.86,358.18,505.405
2026-08-10 14:49:00-04:00,840.8499999999999,145.95999999999998,355.85,358.19,505.33
2026-08-10 14:50:00-04:00,840.385,145.95999999999998,355.655,358.12,505.615
2026-08-10 14:51:00-04:00,840.2,145.95999999999998,355.79999999999995,358.16499999999996,505.66999999999996
2026-08-10 14:52:00-04:00,840.0799999999999,145.97,355.94500000000005,358.28999999999996,505.71500000000003
2026-08-10 14:53:00-04:00,840.0550000000001,145.94,356.11,358.38,506.02
2026-08-10 14:54:00-04:00,840.155,145.92000000000002,356.015,358.385,505.96000000000004
2026-08-10 14:55:00-04:00,840.31,145.925,356.08500000000004,358.305,505.96000000000004
2026-08-10 14:56:00-04:00,840.23,145.94,356.1,358.37,506.01
2026-08-10 14:57:00-04:00,840.6500000000001,145.91,356.115,358.435,505.94
2026-08-10 14:58:00-04:00,840.315,145.89499999999998,356.135,358.41499999999996,505.995
2026-08-10 14:59:00-04:00,840.385,145.925,356.12,358.41999999999996,505.905
2026-08-10 15:00:00-04:00,840.31,145.82,355.95500000000004,358.34000000000003,506.33000000000004
2026-08-10 15:01:00-04:00,839.7950000000001,145.7,356.05,358.265,506.03999999999996
2026-08-10 15:02:00-04:00,840.0999999999999,145.69,356.115,358.28499999999997,505.985
2026-08-10 15:03:00-04:00,839.93,145.695,356.04499999999996,358.26,505.985
2026-08-10 15:04:00-04:00,840.05,145.64,356.115,358.375,505.985
2026-08-10 15:05:00-04:00,840.495,145.67000000000002,355.985,358.45500000000004,505.875
2026-08-10 15:06:00-04:00,840.6800000000001,145.69,355.92499999999995,358.45000000000005,505.625
2026-08-10 15:07:00-04:00,841.0999999999999,145.735,355.975,358.385,505.39
2026-08-10 15:08:00-04:00,840.9200000000001,145.69,356.04999999999995,358.51,505.62
2026-08-10 15:09:00-04:00,840.495,145.7,356.13,358.53499999999997,505.54999999999995
2026-08-10 15:10:00-04:00,840.405,145.73000000000002,356.105,358.485,505.575
2026-08-10 15:11:00-04:00,840.265,145.745,355.975,358.49,505.6
2026-08-10 15:12:00-04:00,839.96,145.75,355.77,358.42,505.845
2026-08-10 15:13:00-04:00,839.405,145.755,355.635,358.385,505.58500000000004
2026-08-10 15:14:00-04:00,839.48,145.78500000000003,355.685,358.345,505.63
2026-08-10 15:15:00-04:00,839.6949999999999,145.74,355.63,358.345,505.655
2026-08-10 15:16:00-04:00,840.125,145.695,355.6,358.41499999999996,505.605
2026-08-10 15:17:00-04:00,840.21,145.79500000000002,355.51,358.46000000000004,505.51
2026-08-10 15:18:00-04:00,840.845,145.735,355.245,358.595,505.53
2026-08-10 15:19:00-04:00,840.7950000000001,145.74,355.315,358.595,505.52
2026-08-10 15:20:00-04:00,840.645,145.79000000000002,355.17,358.63,505.29499999999996
2026-08-10 15:21:00-04:00,840.685,145.75,355.21500000000003,358.62,505.255
2026-08-10 15:22:00-04:00,840.6500000000001,145.745,355.305,358.595,505.29999999999995
2026-08-10 15:23:00-04:00,840.5699999999999,145.79000000000002,355.325,358.67499999999995,505.19
2026-08-10 15:24:00-04:00,840.64,145.79000000000002,355.45500000000004,358.63,505.235
2026-08-10 15:25:00-04:00,840.845,145.74,355.495,358.65999999999997,504.985
2026-08-10 15:26:00-04:00,840.8199999999999,145.695,355.375,358.47,505.08500000000004
2026-08-10 15:27:00-04:00,840.465,145.60000000000002,355.355,358.44500000000005,505.03499999999997
2026-08-10 15:28:00-04:00,840.565,145.625,355.36,358.435,504.82
2026-08-10 15:29:00-04:00,840.98,145.595,355.29499999999996,358.42499999999995,504.72
2026-08-10 15:30:00-04:00,840.5899999999999,145.63,355.245,358.385,504.32500000000005
2026-08-10 15:31:00-04:00,840.4649999999999,145.615,355.14,358.2,504.73
2026-08-10 15:32:00-04:00,839.925,145.66500000000002,355.29499999999996,358.30499999999995,504.94500000000005
2026-08-10 15:33:00-04:00,839.995,145.655,355.1,358.365,504.775
2026-08-10 15:34:00-04:00,840.015,145.69,355.20500000000004,358.55999999999995,505.16499999999996
2026-08-10 15:35:00-04:00,839.6700000000001,145.68,355.03999999999996,358.69,505.23
2026-08-10 15:36:00-04:00,838.885,145.675,354.925,358.54499999999996,505.11
2026-08-10 15:37:00-04:00,839.29,145.60500000000002,354.96500000000003,358.66999999999996,505.03
2026-08-10 15:38:00-04:00,839.695,145.635,354.885,358.78499999999997,505.03999999999996
2026-08-10 15:39:00-04:00,839.6199999999999,145.7,355.14,358.74,505.20000000000005
2026-08-10 15:40:00-04:00,838.925,145.725,355.3,358.71500000000003,505.32500000000005
2026-08-10 15:41:00-04:00,838.9649999999999,145.70499999999998,355.385,358.77,505.14
2026-08-10 15:42:00-04:00,838.97,145.71499999999997,355.42,358.71000000000004,505.135
2026-08-10 15:43:00-04:00,839.06,145.79000000000002,355.47,358.66999999999996,505.21500000000003
2026-08-10 15:44:00-04:00,838.32,145.73000000000002,355.59000000000003,358.865,505.225
2026-08-10 15:45:00-04:00,837.9449999999999,145.745,355.59000000000003,358.89,505.36
2026-08-10 15:46:00-04:00,838.19,145.84,355.53999999999996,358.79499999999996,505.115
2026-08-10 15:47:00-04:00,839.1099999999999,145.84500000000003,355.73,359.015,504.46000000000004
2026-08-10 15:48:00-04:00,839.2149999999999,145.89999999999998,355.8,359.16499999999996,504.34000000000003
2026-08-10 15:49:00-04:00,839.4449999999999,145.84,355.805,359.18,504.575
2026-08-10 15:50:00-04:00,839.75,145.82999999999998,355.79999999999995,359.235,504.525
2026-08-10 15:51:00-04:00,839.035,145.805,355.47,359.13,504.24
2026-08-10 15:52:00-04:00,839.0,145.935,355.555,359.065,504.72
2026-08-10 15:53:00-04:00,839.335,146.02499999999998,355.69,359.13,504.775
2026-08-10 15:54:00-04:00,839.235,146.04000000000002,355.88,359.015,505.12
2026-08-10 15:55:00-04:00,838.8050000000001,146.0,356.01,359.15,505.40999999999997
2026-08-10 15:56:00-04:00,837.135,146.065,356.98,358.77,506.82
2026-08-10 15:57:00-04:00,836.725,146.075,356.825,358.8,506.46500000000003
2026-08-10 15:58:00-04:00,836.2049999999999,146.16,357.065,358.90999999999997,505.83000000000004
2026-08-10 15:59:00-04:00,837.04,146.3,357.085,359.51,505.67
2026-08-10 16:00:00-04:00,837.585,146.39499999999998,357.51,359.81,506.025
2026-08-11 13:30:00-04:00,845.7650000000001,144.745,346.93,362.15999999999997,502.605
2026-08-11 13:31:00-04:00,845.095,144.745,347.08500000000004,362.15999999999997,502.69
2026-08-11 13:32:00-04:00,845.73,144.79000000000002,346.855,362.11,502.76
2026-08-11 13:33:00-04:00,846.2750000000001,144.64,346.67999999999995,362.16499999999996,502.78499999999997
2026-08-11 13:34:00-04:00,846.13,144.625,346.64,362.145,503.005
2026-08-11 13:35:00-04:00,846.21,144.60000000000002,347.18,362.19000000000005,503.115
2026-08-11 13:36:00-04:00,846.1800000000001,144.59,347.20500000000004,362.18,503.13
2026-08-11 13:37:00-04:00,846.4200000000001,144.60000000000002,347.31,362.175,503.04499999999996
2026-08-11 13:38:00-04:00,846.3,144.59500000000003,347.315,362.11,503.03
2026-08-11 13:39:00-04:00,845.935,144.60000000000002,347.43,362.105,502.96000000000004
2026-08-11 13:40:00-04:00,845.86,144.57999999999998,347.28999999999996,362.175,503.16499999999996
2026-08-11 13:41:00-04:00,846.215,144.55,347.28999999999996,362.37,503.21000000000004
2026-08-11 13:42:00-04:00,846.115,144.57999999999998,347.15999999999997,362.38,503.355
2026-08-11 13:43:00-04:00,846.0250000000001,144.615,347.69000000000005,362.395,503.38
2026-08-11 13:44:00-04:00,846.585,144.625,347.735,362.34000000000003,503.23
2026-08-11 13:45:00-04:00,846.2750000000001,144.635,347.755,362.4,503.405
2026-08-11 13:46:00-04:00,846.415,144.62,347.44,362.46500000000003,503.505
2026-08-11 13:47:00-04:00,846.6800000000001,144.57999999999998,347.5,362.46500000000003,503.34000000000003
2026-08-11 13:48:00-04:00,846.505,144.54500000000002,347.445,362.475,503.23
2026-08-11 13:49:00-04:00,847.49,144.505,347.45,362.5,503.04499999999996
2026-08-11 13:50:00-04:00,847.075,144.51999999999998,347.46000000000004,362.39,503.125
2026-08-11 13:51:00-04:00,847.56,144.54000000000002,347.33000000000004,362.415,503.115
2026-08-11 13:52:00-04:00,847.125,144.525,347.34000000000003,362.40999999999997,503.04999999999995
2026-08-11 13:53:00-04:00,846.865,144.51,347.355,362.395,503.195
2026-08-11 13:54:00-04:00,846.865,144.51,347.355,362.255,503.16499999999996
2026-08-11 13:55:00-04:00,847.16,144.49,347.33,362.225,503.125
2026-08-11 13:56:00-04:00,846.8399999999999,144.495,347.32,362.37,503.065
2026-08-11 13:57:00-04:00,846.775,144.5,347.30499999999995,362.41999999999996,503.11
2026-08-11 13:58:00-04:00,846.7950000000001,144.555,347.34000000000003,362.45000000000005,503.055
2026-08-11 13:59:00-04:00,846.88,144.59500000000003,347.21000000000004,362.515,503.01
2026-08-11 14:00:00-04:00,846.78,144.59,347.34000000000003,362.54499999999996,502.88
2026-08-11 14:01:00-04:00,846.5,144.59,347.28,362.515,502.95
2026-08-11 14:02:00-04:00,846.455,144.64,347.32,362.40999999999997,502.95
2026-08-11 14:03:00-04:00,846.485,144.64999999999998,347.33000000000004,362.32,502.885
2026-08-11 14:04:00-04:00,846.935,144.66,347.135,362.4,502.88
2026-08-11 14:05:00-04:00,847.1099999999999,144.635,347.245,362.34000000000003,502.905
2026-08-11 14:06:00-04:00,846.985,144.69,347.42499999999995,362.275,502.91999999999996
2026-08-11 14:07:00-04:00,846.99,144.695,347.32500000000005,362.385,502.59000000000003
2026-08-11 14:08:00-04:00,846.415,144.79500000000002,346.875,362.475,502.53999999999996
2026-08-11 14:09:00-04:00,846.04,144.83499999999998,346.82,362.43,502.62
2026-08-11 14:10:00-04:00,845.42,144.815,346.83500000000004,362.405,502.65999999999997
2026-08-11 14:11:00-04:00,845.125,144.86,346.71500000000003,362.605,502.725
2026-08-11 14:12:00-04:00,845.255,144.88,346.73,362.74,502.82
2026-08-11 14:13:00-04:00,845.27,144.88,346.71500000000003,362.645,502.65999999999997
2026-08-11 14:14:00-04:00,845.375,144.92000000000002,346.74,362.63,502.78
2026-08-11 14:15:00-04:00,845.375,144.965,346.735,362.65,502.63
2026-08-11 14:16:00-04:00,845.605,144.95,346.74,362.615,502.66499999999996
2026-08-11 14:17:00-04:00,845.48,144.95499999999998,346.75,362.46,502.66499999999996
2026-08-11 14:18:00-04:00,845.6600000000001,144.93,346.79499999999996,362.49,502.63
2026-08-11 14:19:00-04:00,845.6800000000001,144.95999999999998,346.78,362.515,502.71000000000004
2026-08-11 14:20:00-04:00,845.9100000000001,145.10500000000002,346.805,362.43,502.78999999999996
2026-08-11 14:21:00-04:00,845.54,145.125,346.72,362.305,502.61
2026-08-11 14:22:00-04:00,845.2249999999999,145.055,346.64,362.325,502.58500000000004
2026-08-11 14:23:00-04:00,845.1600000000001,145.09500000000003,346.42499999999995,362.35,502.525
2026-08-11 14:24:00-04:00,844.99,145.06,346.445,362.48,502.64
2026-08-11 14:25:00-04:00,845.4300000000001,145.07999999999998,346.575,362.685,502.77
2026-08-11 14:26:00-04:00,845.855,145.14499999999998,346.565,362.815,502.82500000000005
2026-08-11 14:27:00-04:00,845.595,145.20999999999998,346.485,362.685,502.8
2026-08-11 14:28:00-04:00,844.7750000000001,145.235,346.435,362.70000000000005,502.78
2026-08-11 14:29:00-04:00,844.565,145.20499999999998,346.405,362.70000000000005,502.66999999999996
2026-08-11 14:30:00-04:00,844.235,145.035,346.09000000000003,362.53,502.04499999999996
2026-08-11 14:31:00-04:00,844.39,145.09500000000003,346.12,362.66999999999996,502.195
2026-08-11 14:32:00-04:00,845.02,145.11,346.015,362.71000000000004,502.075
2026-08-11 14:33:00-04:00,844.685,145.095,346.115,362.58500000000004,502.12
2026-08-11 14:34:00-04:00,844.47,145.04500000000002,346.06,362.625,502.145
2026-08-11 14:35:00-04:00,844.8399999999999,145.12,346.0,362.685,502.265
2026-08-11 14:36:00-04:00,844.7850000000001,145.09,345.94,362.67999999999995,502.625
2026-08-11 14:37:00-04:00,844.77,145.025,346.01,362.74,502.65
2026-08-11 14:38:00-04:00,844.8,145.09,345.885,362.83,502.635
2026-08-11 14:39:00-04:00,844.8499999999999,145.09,345.88,362.82,502.635
2026-08-11 14:40:00-04:00,844.74,145.135,345.8,362.85,502.385
2026-08-11 14:41:00-04:00,844.5,145.11,345.63,362.745,502.615
2026-08-11 14:42:00-04:00,844.05,145.10500000000002,345.475,362.62,502.865
2026-08-11 14:43:00-04:00,844.325,145.13,345.32,362.735,503.05999999999995
2026-08-11 14:44:00-04:00,844.4300000000001,145.11,345.1,362.89,502.81500000000005
2026-08-11 14:45:00-04:00,844.5899999999999,145.10500000000002,344.845,362.91999999999996,502.845
2026-08-11 14:46:00-04:00,844.625,145.07,344.78499999999997,363.03999999999996,503.065
2026-08-11 14:47:00-04:00,844.585,145.035,344.87,362.96500000000003,503.31
2026-08-11 14:48:00-04:00,845.05,145.035,344.765,362.96000000000004,503.32500000000005
2026-08-11 14:49:00-04:00,845.0350000000001,145.02499999999998,344.765,363.075,503.57500000000005
2026-08-11 14:50:00-04:00,845.3299999999999,145.07,345.0,363.06,503.625
2026-08-11 14:51:00-04:00,845.625,145.03,344.86,363.01,503.34000000000003
2026-08-11 14:52:00-04:00,845.3900000000001,144.96499999999997,344.875,362.71,503.505
2026-08-11 14:53:00-04:00,845.25,144.97,344.855,362.70500000000004,503.54999999999995
2026-08-11 14:54:00-04:00,845.22,144.945,344.79999999999995,362.655,503.36
2026-08-11 14:55:00-04:00,845.125,144.91500000000002,344.885,362.70000000000005,503.4
2026-08-11 14:56:00-04:00,844.77,144.91,344.77,362.635,503.14
2026-08-11 14:57:00-04:00,844.315,144.865,344.73,362.40999999999997,503.08500000000004
2026-08-11 14:58:00-04:00,844.615,144.83499999999998,344.77,362.53,503.065
2026-08-11 14:59:00-04:00,844.22,144.82,344.61,362.505,502.99
2026-08-11 15:00:00-04:00,844.5699999999999,144.84,344.635,362.48,502.97
2026-08-11 15:01:00-04:00,844.1,144.82999999999998,344.67499999999995,362.34,502.99
2026-08-11 15:02:00-04:00,843.8199999999999,144.8,344.695,362.485,503.1
2026-08-11 15:03:00-04:00,844.095,144.79500000000002,344.6,362.55,503.115
2026-08-11 15:04:00-04:00,844.125,144.78,344.77,362.365,503.20500000000004
2026-08-11 15:05:00-04:00,844.115,144.79000000000002,344.88,362.40999999999997,503.45500000000004
2026-08-11 15:06:00-04:00,844.0350000000001,144.805,344.86,362.265,503.57000000000005
2026-08-11 15:07:00-04:00,843.635,144.835,345.135,362.29,503.265
2026-08-11 15:08:00-04:00,843.835,144.83499999999998,344.885,362.365,502.565
2026-08-11 15:09:00-04:00,843.52,144.89499999999998,345.03,362.325,502.72
2026-08-11 15:10:00-04:00,843.31,144.91500000000002,344.995,362.20500000000004,502.885
2026-08-11 15:11:00-04:00,843.605,144.925,344.95500000000004,362.15999999999997,503.04999999999995
2026-08-11 15:12:00-04:00,843.775,144.92000000000002,344.84000000000003,362.225,502.82
2026-08-11 15:13:00-04:00,843.645,144.925,344.78,362.24,502.895
2026-08-11 15:14:00-04:00,844.1300000000001,144.97,344.905,361.985,502.91999999999996
2026-08-11 15:15:00-04:00,843.64,144.885,345.095,362.045,502.97
2026-08-11 15:16:00-04:00,843.565,144.86,345.13,362.03999999999996,502.935
2026-08-11 15:17:00-04:00,843.7850000000001,144.97,344.78,362.16499999999996,503.17499999999995
2026-08-11 15:18:00-04:00,843.575,144.915,344.68,362.05,503.105
2026-08-11 15:19:00-04:00,843.745,144.925,344.635,362.15999999999997,503.075
2026-08-11 15:20:00-04:00,843.985,145.055,344.55,362.21,503.03
2026-08-11 15:21:00-04:00,843.95,144.995,344.57500000000005,362.225,503.01
2026-08-11 15:22:00-04:00,844.105,144.96499999999997,344.47,362.33500000000004,503.07000000000005
2026-08-11 15:23:00-04:00,844.095,144.99,344.23,362.24,502.95000000000005
2026-08-11 15:24:00-04:00,843.97,145.05,344.48,362.34000000000003,502.93
2026-08-11 15:25:00-04:00,843.975,145.075,344.42499999999995,362.40999999999997,503.25
2026-08-11 15:26:00-04:00,843.91,145.065,344.54499999999996,362.375,503.33500000000004
2026-08-11 15:27:00-04:00,843.86,145.01999999999998,344.635,362.37,503.15
2026-08-11 15:28:00-04:00,843.925,144.99,344.49,362.225,502.75
2026-08-11 15:29:00-04:00,844.41,145.02499999999998,344.495,362.33000000000004,502.66999999999996
2026-08-11 15:30:00-04:00,844.255,145.03,344.30499999999995,362.28,502.90999999999997
2026-08-11 15:31:00-04:00,844.565,145.04500000000002,343.975,362.30999999999995,503.03499999999997
2026-08-11 15:32:00-04:00,844.94,145.09500000000003,344.08500000000004,362.405,503.025
2026-08-11 15:33:00-04:00,844.465,145.07,344.005,362.115,503.025
2026-08-11 15:34:00-04:00,844.2950000000001,145.085,343.955,362.21500000000003,503.17499999999995
2026-08-11 15:35:00-04:00,844.6800000000001,145.09,343.815,362.23,503.275
2026-08-11 15:36:00-04:00,844.635,145.065,343.985,362.355,503.47
2026-08-11 15:37:00-04:00,845.035,145.09,343.84000000000003,362.43,503.395
2026-08-11 15:38:00-04:00,845.395,145.075,343.9,362.32,503.54999999999995
2026-08-11 15:39:00-04:00,845.165,145.06,344.21000000000004,362.37,503.74
2026-08-11 15:40:00-04:00,845.26,145.05,344.095,362.44500000000005,503.74
2026-08-11 15:41:00-04:00,845.1400000000001,145.015,343.96500000000003,362.43,503.65999999999997
2026-08-11 15:42:00-04:00,845.28,145.075,343.985,362.445,503.62
2026-08-11 15:43:00-04:00,844.75,145.175,344.155,362.53,503.48
2026-08-11 15:44:00-04:00,844.95,145.17000000000002,344.08,362.445,503.51
2026-08-11 15:45:00-04:00,844.905,145.12,344.125,362.39,503.655
2026-08-11 15:46:00-04:00,844.895,145.14499999999998,343.78499999999997,362.355,503.42499999999995
2026-08-11 15:47:00-04:00,845.665,145.17000000000002,343.97,362.45000000000005,503.47
2026-08-11 15:48:00-04:00,845.8050000000001,145.17000000000002,343.83500000000004,362.39,503.485
2026-08-11 15:49:00-04:00,845.74,145.065,343.9,362.365,503.445
2026-08-11 15:50:00-04:00,844.47,145.22,344.115,362.53,503.79
2026-08-11 15:51:00-04:00,845.635,145.10000000000002,343.92499999999995,362.09000000000003,502.37
2026-08-11 15:52:00-04:00,846.5250000000001,145.19,343.81,361.645,502.83500000000004
2026-08-11 15:53:00-04:00,846.56,145.22,343.58000000000004,361.65,502.9
2026-08-11 15:54:00-04:00,846.23,145.3,343.71000000000004,361.6,503.15999999999997
2026-08-11 15:55:00-04:00,846.235,145.335,344.155,361.65,503.83000000000004
2026-08-11 15:56:00-04:00,846.4000000000001,145.32999999999998,343.665,361.615,503.90999999999997
2026-08-11 15:57:00-04:00,846.48,145.3,343.485,361.505,503.75
2026-08-11 15:58:00-04:00,845.645,145.22500000000002,343.685,361.54499999999996,503.34000000000003
2026-08-11 15:59:00-04:00,845.1600000000001,145.22,343.685,361.905,504.0
2026-08-11 16:00:00-04:00,843.29,145.20499999999998,343.78999999999996,362.01,503.775
2026-08-12 13:30:00-04:00,866.7850000000001,144.47500000000002,342.58000000000004,365.095,493.21000000000004
2026-08-12 13:31:00-04:00,866.8599999999999,144.41,342.435,364.975,493.3
2026-08-12 13:32:00-04:00,867.21,144.41500000000002,342.345,364.96500000000003,493.425
2026-08-12 13:33:00-04:00,867.35,144.425,342.26,364.9,493.45500000000004
2026-08-12 13:34:00-04:00,867.21,144.41,342.99,364.77,493.485
2026-08-12 13:35:00-04:00,867.4549999999999,144.425,342.70500000000004,364.73,493.475
2026-08-12 13:36:00-04:00,867.415,144.425,342.83000000000004,364.53999999999996,493.375
2026-08-12 13:37:00-04:00,868.005,144.375,342.95500000000004,364.61,493.5
2026-08-12 13:38:00-04:00,868.225,144.39,342.845,364.64,493.155
2026-08-12 13:39:00-04:00,868.2950000000001,144.375,342.53499999999997,364.59000000000003,493.07500000000005
2026-08-12 13:40:00-04:00,868.315,144.39499999999998,342.385,364.53999999999996,493.23
2026-08-12 13:41:00-04:00,868.235,144.37,342.33000000000004,364.575,493.405
2026-08-12 13:42:00-04:00,868.615,144.41,341.93,364.62,493.455
2026-08-12 13:43:00-04:00,868.485,144.42000000000002,342.02,364.585,493.53
2026-08-12 13:44:00-04:00,868.69,144.45999999999998,341.855,364.52,493.265
2026-08-12 13:45:00-04:00,868.565,144.47,341.74,364.595,492.54999999999995
2026-08-12 13:46:00-04:00,868.23,144.465,341.84000000000003,364.79999999999995,492.4
2026-08-12 13:47:00-04:00,868.94,144.435,341.74,364.865,492.435
2026-08-12 13:48:00-04:00,868.665,144.425,341.65,364.80499999999995,492.38
2026-08-12 13:49:00-04:00,867.3299999999999,144.49,341.71000000000004,364.74,491.7
2026-08-12 13:50:00-04:00,868.2850000000001,144.495,341.43,364.81,491.93
2026-08-12 13:51:00-04:00,868.72,144.5,341.275,364.91999999999996,492.02
2026-08-12 13:52:00-04:00,869.0,144.445,341.16499999999996,364.905,492.0
2026-08-12 13:53:00-04:00,868.875,144.46499999999997,341.275,364.89,491.875
2026-08-12 13:54:00-04:00,868.87,144.48000000000002,341.18,364.83500000000004,491.75
2026-08-12 13:55:00-04:00,868.3,144.48000000000002,341.28,364.77,491.685
2026-08-12 13:56:00-04:00,867.495,144.48000000000002,341.08,364.69,491.69
2026-08-12 13:57:00-04:00,867.8399999999999,144.45499999999998,341.17,364.845,491.69000000000005
2026-08-12 13:58:00-04:00,867.5999999999999,144.42000000000002,341.22,365.04499999999996,491.58500000000004
2026-08-12 13:59:00-04:00,867.77,144.41,341.33000000000004,365.06,491.905
2026-08-12 14:00:00-04:00,867.5450000000001,144.34500000000003,341.235,364.975,492.105
2026-08-12 14:01:00-04:00,867.7950000000001,144.39999999999998,341.235,364.96000000000004,491.885
2026-08-12 14:02:00-04:00,866.645,144.45999999999998,341.78999999999996,364.975,492.025
2026-08-12 14:03:00-04:00,866.855,144.48000000000002,341.845,364.98,492.265
2026-08-12 14:04:00-04:00,866.89,144.525,341.98,364.92,492.29999999999995
2026-08-12 14:05:00-04:00,866.765,144.56,341.94,364.83500000000004,492.315
2026-08-12 14:06:00-04:00,866.71,144.51999999999998,341.99,364.95000000000005,492.185
2026-08-12 14:07:00-04:00,866.615,144.555,341.95500000000004,365.07500000000005,492.03
2026-08-12 14:08:00-04:00,866.42,144.54500000000002,341.735,365.04999999999995,492.025
2026-08-12 14:09:00-04:00,866.235,144.51999999999998,341.74,365.12,492.21500000000003
2026-08-12 14:10:00-04:00,866.325,144.48000000000002,341.865,365.115,492.29999999999995
2026-08-12 14:11:00-04:00,865.585,144.53500000000003,341.985,365.05,492.385
2026-08-12 14:12:00-04:00,866.175,144.555,342.03499999999997,365.015,492.42
2026-08-12 14:13:00-04:00,866.355,144.615,342.145,364.95,492.305
2026-08-12 14:14:00-04:00,866.45,144.60000000000002,342.3,365.0,492.30499999999995
2026-08-12 14:15:00-04:00,866.6949999999999,144.51999999999998,342.265,364.98,492.09000000000003
2026-08-12 14:16:00-04:00,866.98,144.48000000000002,342.29499999999996,364.845,492.16999999999996
2026-08-12 14:17:00-04:00,866.905,144.465,342.28999999999996,364.78999999999996,492.16999999999996
2026-08-12 14:18:00-04:00,866.89,144.48000000000002,342.22,365.03499999999997,491.97
2026-08-12 14:19:00-04:00,866.5550000000001,144.49,342.22,365.04999999999995,491.985
2026-08-12 14:20:00-04:00,866.755,144.5,342.395,365.19,492.095
2026-08-12 14:21:00-04:00,866.215,144.5,342.33500000000004,365.145,491.90999999999997
2026-08-12 14:22:00-04:00,866.44,144.45499999999998,342.26,365.19500000000005,492.1
2026-08-12 14:23:00-04:00,866.5550000000001,144.445,342.69,365.06,492.39
2026-08-12 14:24:00-04:00,866.815,144.48000000000002,342.895,365.05499999999995,492.37
2026-08-12 14:25:00-04:00,867.04,144.445,343.12,365.065,492.505
2026-08-12 14:26:00-04:00,867.3050000000001,144.41500000000002,343.15999999999997,365.15,492.275
2026-08-12 14:27:00-04:00,866.7950000000001,144.48000000000002,343.0,365.37,492.09000000000003
2026-08-12 14:28:00-04:00,866.03,144.53,343.005,365.51,492.01
2026-08-12 14:29:00-04:00,865.915,144.515,342.94,365.485,492.245
2026-08-12 14:30:00-04:00,865.385,144.51,342.86,365.405,492.135
2026-08-12 14:31:00-04:00,865.5450000000001,144.51999999999998,343.06,365.42499999999995,492.115
2026-08-12 14:32:00-04:00,865.53,144.53,343.1,365.395,492.15999999999997
2026-08-12 14:33:00-04:00,865.365,144.505,343.28,365.40999999999997,492.185
2026-08-12 14:34:00-04:00,865.38,144.535,343.275,365.38,491.9
2026-08-12 14:35:00-04:00,864.9749999999999,144.57,343.345,365.47,492.095
2026-08-12 14:36:00-04:00,864.8699999999999,144.565,343.46500000000003,365.43,492.025
2026-08-12 14:37:00-04:00,865.16,144.63,343.47,365.555,492.305
2026-08-12 14:38:00-04:00,864.88,144.565,343.29999999999995,365.515,492.27
2026-08-12 14:39:00-04:00,865.01,144.565,343.28999999999996,365.525,492.17999999999995
2026-08-12 14:40:00-04:00,865.3050000000001,144.57999999999998,343.565,365.485,492.20500000000004
2026-08-12 14:41:00-04:00,865.97,144.555,343.8,365.5,492.20500000000004
2026-08-12 14:42:00-04:00,866.015,144.53,343.77,365.505,492.4
2026-08-12 14:43:00-04:00,866.58,144.535,343.735,365.55499999999995,492.34000000000003
2026-08-12 14:44:00-04:00,866.9549999999999,144.52,343.83,365.61,492.41999999999996
2026-08-12 14:45:00-04:00,866.72,144.54000000000002,343.845,365.53,492.435
2026-08-12 14:46:00-04:00,866.615,144.49,343.82,365.495,492.29999999999995
2026-08-12 14:47:00-04:00,866.54,144.52499999999998,343.78999999999996,365.52,492.445
2026-08-12 14:48:00-04:00,865.44,144.535,343.805,365.54999999999995,492.53999999999996
2026-08-12 14:49:00-04:00,865.385,144.53,343.685,365.605,492.665
2026-08-12 14:50:00-04:00,865.815,144.49,343.49,365.62,492.70500000000004
2026-08-12 14:51:00-04:00,865.65,144.47,343.515,365.59000000000003,492.85
2026-08-12 14:52:00-04:00,865.125,144.45499999999998,343.595,365.515,492.83
2026-08-12 14:53:00-04:00,864.86,144.48000000000002,343.72,365.62,492.84000000000003
2026-08-12 14:54:00-04:00,864.69,144.43,343.575,365.58500000000004,492.71
2026-08-12 14:55:00-04:00,864.515,144.45999999999998,343.655,365.675,492.66499999999996
2026-08-12 14:56:00-04:00,863.5450000000001,144.485,343.735,365.725,492.725
2026-08-12 14:57:00-04:00,863.65,144.51999999999998,343.735,365.565,492.69
2026-08-12 14:58:00-04:00,863.27,144.39999999999998,343.75,365.58000000000004,492.66499999999996
2026-08-12 14:59:00-04:00,864.02,144.325,343.825,365.605,492.69000000000005
2026-08-12 15:00:00-04:00,863.41,144.335,343.78499999999997,365.61,492.91999999999996
2026-08-12 15:01:00-04:00,863.5250000000001,144.42000000000002,344.065,365.67,493.445
2026-08-12 15:02:00-04:00,864.2850000000001,144.435,344.07,365.69,493.17999999999995
2026-08-12 15:03:00-04:00,864.38,144.40499999999997,344.01,365.87,493.26
2026-08-12 15:04:00-04:00,863.505,144.39,344.06,365.745,493.485
2026-08-12 15:05:00-04:00,863.3050000000001,144.385,344.06,365.84000000000003,493.245
2026-08-12 15:06:00-04:00,863.385,144.32999999999998,344.03,365.84000000000003,493.475
2026-08-12 15:07:00-04:00,863.4000000000001,144.32999999999998,343.99,365.86,493.43
2026-08-12 15:08:00-04:00,862.495,144.335,344.03499999999997,365.945,493.435
2026-08-12 15:09:00-04:00,861.565,144.34,344.145,365.935,493.485
2026-08-12 15:10:00-04:00,860.845,144.39,344.21500000000003,366.005,493.42499999999995
2026-08-12 15:11:00-04:00,861.26,144.385,344.155,365.92499999999995,493.095
2026-08-12 15:12:00-04:00,860.745,144.39499999999998,344.325,365.885,493.03499999999997
2026-08-12 15:13:00-04:00,858.8299999999999,144.45499999999998,344.34000000000003,365.75,492.805
2026-08-12 15:14:00-04:00,859.285,144.44,344.315,365.75,492.83000000000004
2026-08-12 15:15:00-04:00,859.295,144.39999999999998,344.3,365.605,492.97
2026-08-12 15:16:00-04:00,859.385,144.35500000000002,344.135,365.645,493.225
2026-08-12 15:17:00-04:00,859.65,144.34,344.1,365.69500000000005,493.19500000000005
2026-08-12 15:18:00-04:00,859.4749999999999,144.375,343.985,365.755,493.12
2026-08-12 15:19:00-04:00,859.5550000000001,144.39499999999998,343.85,365.775,493.025
2026-08-12 15:20:00-04:00,860.745,144.385,343.95,365.71000000000004,493.19
2026-08-12 15:21:00-04:00,860.135,144.445,344.09000000000003,365.645,493.48
2026-08-12 15:22:00-04:00,859.315,144.47500000000002,343.86,365.59000000000003,493.45000000000005
2026-08-12 15:23:00-04:00,859.425,144.45499999999998,343.905,365.615,493.685
2026-08-12 15:24:00-04:00,859.5699999999999,144.435,344.04499999999996,365.61,493.72
2026-08-12 15:25:00-04:00,858.5,144.41500000000002,344.105,365.405,494.15
2026-08-12 15:26:00-04:00,858.5350000000001,144.42000000000002,344.22,365.26,494.21000000000004
2026-08-12 15:27:00-04:00,858.77,144.37,344.11,365.33500000000004,494.47
2026-08-12 15:28:00-04:00,858.46,144.365,344.07,365.42999999999995,494.565
2026-08-12 15:29:00-04:00,858.24,144.32,344.015,365.48,494.58500000000004
2026-08-12 15:30:00-04:00,858.44,144.44,343.94,365.41499999999996,494.265
2026-08-12 15:31:00-04:00,857.145,144.415,344.265,365.645,494.375
2026-08-12 15:32:00-04:00,857.405,144.45499999999998,344.15,365.72,494.27
2026-08-12 15:33:00-04:00,857.29,144.47,344.03,365.755,494.18
2026-08-12 15:34:00-04:00,857.01,144.44,343.69,365.83500000000004,494.17499999999995
2026-08-12 15:35:00-04:00,857.1,144.49,344.015,365.775,494.185
2026-08-12 15:36:00-04:00,857.815,144.54000000000002,344.04999999999995,365.655,494.05499999999995
2026-08-12 15:37:00-04:00,858.4549999999999,144.55,343.89,365.81,494.105
2026-08-12 15:38:00-04:00,858.3199999999999,144.555,343.92,365.85,493.78499999999997
2026-08-12 15:39:00-04:00,858.06,144.585,343.86,365.87,493.55499999999995
2026-08-12 15:40:00-04:00,858.26,144.505,344.055,365.92,493.69500000000005
2026-08-12 15:41:00-04:00,858.35,144.425,344.08,365.945,493.58500000000004
2026-08-12 15:42:00-04:00,857.9449999999999,144.495,344.17,365.75,493.495
2026-08-12 15:43:00-04:00,856.925,144.465,344.095,365.65999999999997,493.385
2026-08-12 15:44:00-04:00,857.2249999999999,144.43,344.575,365.72,493.40999999999997
2026-08-12 15:45:00-04:00,857.75,144.43,344.75,365.635,493.66999999999996
2026-08-12 15:46:00-04:00,857.725,144.45999999999998,344.35,365.74,493.98
2026-08-12 15:47:00-04:00,857.81,144.495,344.055,365.74,493.725
2026-08-12 15:48:00-04:00,857.6,144.405,344.46500000000003,365.81,494.12
2026-08-12 15:49:00-04:00,857.86,144.39999999999998,344.625,365.87,494.015
2026-08-12 15:50:00-04:00,858.99,144.385,344.375,365.73,493.985
2026-08-12 15:51:00-04:00,858.625,144.495,343.90999999999997,365.525,493.9
2026-08-12 15:52:00-04:00,857.86,144.38,343.75,365.57,494.11
2026-08-12 15:53:00-04:00,857.5699999999999,144.35500000000002,343.75,365.41499999999996,494.135
2026-08-12 15:54:00-04:00,856.4449999999999,144.29000000000002,343.81,365.405,494.125
2026-08-12 15:55:00-04:00,856.335,144.28,343.74,365.175,493.775
2026-08-12 15:56:00-04:00,856.4649999999999,144.32999999999998,343.575,365.16999999999996,493.16999999999996
2026-08-12 15:57:00-04:00,857.9100000000001,144.2,343.55,365.185,492.71500000000003
2026-08-12 15:58:00-04:00,857.25,144.20499999999998,343.58,365.19,492.04999999999995
2026-08-12 15:59:00-04:00,857.62,144.195,343.575,365.375,492.21000000000004
2026-08-12 16:00:00-04:00,855.7750000000001,144.09,343.555,365.225,492.475
2026-08-13 13:30:00-04:00,863.69,144.14499999999998,345.685,363.02,494.49
2026-08-13 13:31:00-04:00,863.55,144.135,345.75,363.04999999999995,494.41499999999996
2026-08-13 13:32:00-04:00,862.5699999999999,144.11,345.745,362.91499999999996,494.375
2026-08-13 13:33:00-04:00,863.1099999999999,144.115,345.69500000000005,362.935,494.14
2026-08-13 13:34:00-04:00,862.7950000000001,144.085,345.66499999999996,362.87,493.83500000000004
2026-08-13 13:35:00-04:00,862.52,144.10500000000002,345.645,362.83000000000004,493.90999999999997
2026-08-13 13:36:00-04:00,862.115,144.095,345.77,362.71,493.88
2026-08-13 13:37:00-04:00,862.515,144.07999999999998,345.755,362.75,493.73
2026-08-13 13:38:00-04:00,862.245,144.07,345.725,362.365,493.795
2026-08-13 13:39:00-04:00,862.085,144.085,345.70500000000004,362.605,493.53499999999997
2026-08-13 13:40:00-04:00,862.255,144.075,345.695,362.805,493.72
2026-08-13 13:41:00-04:00,861.985,144.03,345.685,362.95000000000005,493.685
2026-08-13 13:42:00-04:00,862.065,144.07,345.66999999999996,363.08500000000004,493.53
2026-08-13 13:43:00-04:00,861.97,144.10000000000002,345.76,363.07,493.53499999999997
2026-08-13 13:44:00-04:00,862.16,144.12,345.72,363.095,493.685
2026-08-13 13:45:00-04:00,862.145,144.07999999999998,345.65999999999997,363.125,493.75
2026-08-13 13:46:00-04:00,862.39,144.10500000000002,345.83500000000004,362.885,493.81
2026-08-13 13:47:00-04:00,862.2850000000001,144.11,345.67,362.865,493.78
2026-08-13 13:48:00-04:00,862.405,144.10500000000002,345.675,362.91999999999996,494.0
2026-08-13 13:49:00-04:00,862.23,144.10500000000002,345.745,362.865,494.25
2026-08-13 13:50:00-04:00,862.265,144.155,345.75,362.815,494.22
2026-08-13 13:51:00-04:00,862.4449999999999,144.135,345.655,362.95,494.265
2026-08-13 13:52:00-04:00,862.0899999999999,144.165,345.66499999999996,362.95500000000004,494.385
2026-08-13 13:53:00-04:00,861.29,144.185,345.73,363.005,494.525
2026-08-13 13:54:00-04:00,861.3299999999999,144.18,345.815,363.065,494.46500000000003
2026-08-13 13:55:00-04:00,861.08,144.155,345.83500000000004,363.08500000000004,494.33500000000004
2026-08-13 13:56:00-04:00,860.3499999999999,144.185,345.805,363.015,494.345
2026-08-13 13:57:00-04:00,860.665,144.175,345.805,363.025,494.08500000000004
2026-08-13 13:58:00-04:00,861.505,144.185,345.875,362.995,494.37
2026-08-13 13:59:00-04:00,861.4949999999999,144.185,345.875,362.995,494.355
2026-08-13 14:00:00-04:00,861.385,144.195,345.91499999999996,363.07500000000005,494.11
2026-08-13 14:01:00-04:00,861.505,144.23000000000002,345.82,363.365,494.245
2026-08-13 14:02:00-04:00,861.11,144.215,345.845,363.35,493.945
2026-08-13 14:03:00-04:00,861.155,144.26,345.865,363.375,494.11
2026-08-13 14:04:00-04:00,861.46,144.32,346.015,363.45500000000004,493.95000000000005
2026-08-13 14:05:00-04:00,861.49,144.345,346.135,363.56,493.925
2026-08-13 14:06:00-04:00,861.75,144.335,346.265,363.65,494.04
2026-08-13 14:07:00-04:00,860.9000000000001,144.36,346.17,363.77,494.03999999999996
2026-08-13 14:08:00-04:00,860.95,144.35500000000002,346.305,363.75,494.135
2026-08-13 14:09:00-04:00,860.72,144.41,346.26,363.885,494.08000000000004
2026-08-13 14:10:00-04:00,860.9949999999999,144.425,346.395,363.735,493.975
2026-08-13 14:11:00-04:00,861.125,144.415,346.33000000000004,363.775,494.16999999999996
2026-08-13 14:12:00-04:00,860.91,144.405,346.46500000000003,364.045,494.06
2026-08-13 14:13:00-04:00,861.0899999999999,144.445,346.44,364.115,494.125
2026-08-13 14:14:00-04:00,861.015,144.445,346.505,364.16999999999996,494.04999999999995
2026-08-13 14:15:00-04:00,861.66,144.425,346.435,364.005,494.355
2026-08-13 14:16:00-04:00,862.005,144.415,346.1,363.935,494.28
2026-08-13 14:17:00-04:00,861.825,144.39499999999998,346.01,363.865,494.025
2026-08-13 14:18:00-04:00,861.89,144.39,345.925,363.87,494.005
2026-08-13 14:19:00-04:00,861.15,144.365,346.075,363.71500000000003,493.82000000000005
2026-08-13 14:20:00-04:00,861.145,144.375,346.1,363.725,493.865
2026-08-13 14:21:00-04:00,861.71,144.385,346.025,363.66499999999996,493.875
2026-08-13 14:22:00-04:00,861.705,144.39499999999998,345.995,363.485,493.6
2026-08-13 14:23:00-04:00,861.69,144.39499999999998,346.03499999999997,363.53,493.70500000000004
2026-08-13 14:24:00-04:00,861.0899999999999,144.385,345.97,363.53999999999996,493.53
2026-08-13 14:25:00-04:00,860.7049999999999,144.43,345.97,363.49,493.255
2026-08-13 14:26:00-04:00,861.16,144.405,345.97,363.43,493.35
2026-08-13 14:27:00-04:00,861.62,144.39499999999998,345.985,363.56,493.245
2026-08-13 14:28:00-04:00,861.365,144.42000000000002,346.235,363.46500000000003,493.185
2026-08-13 14:29:00-04:00,861.78,144.445,346.37,363.71000000000004,493.05499999999995
2026-08-13 14:30:00-04:00,861.75,144.445,346.385,363.655,493.135
2026-08-13 14:31:00-04:00,861.75,144.425,346.47,363.70500000000004,493.475
2026-08-13 14:32:00-04:00,861.79,144.41,346.62,363.645,493.51
2026-08-13 14:33:00-04:00,861.56,144.315,346.20000000000005,363.63,493.79499999999996
2026-08-13 14:34:00-04:00,861.1,144.25,346.26,363.515,494.865
2026-08-13 14:35:00-04:00,861.25,144.26,346.225,363.54999999999995,494.985
2026-08-13 14:36:00-04:00,861.0150000000001,144.235,346.145,363.57500000000005,495.41499999999996
2026-08-13 14:37:00-04:00,860.5350000000001,144.195,346.14,363.53499999999997,495.6
2026-08-13 14:38:00-04:00,860.4549999999999,144.19,346.03,363.38,496.005
2026-08-13 14:39:00-04:00,860.505,144.20999999999998,345.88,363.30999999999995,496.34000000000003
2026-08-13 14:40:00-04:00,860.4849999999999,144.225,345.935,363.33000000000004,496.695
2026-08-13 14:41:00-04:00,859.36,144.275,345.925,363.37,496.70500000000004
2026-08-13 14:42:00-04:00,859.185,144.255,345.94,363.33500000000004,497.14
2026-08-13 14:43:00-04:00,858.725,144.25,346.025,363.33,496.775
2026-08-13 14:44:00-04:00,858.6800000000001,144.265,345.88,363.245,496.755
2026-08-13 14:45:00-04:00,858.5350000000001,144.245,345.78499999999997,363.35,496.82
2026-08-13 14:46:00-04:00,858.94,144.23000000000002,345.79499999999996,363.36,496.36
2026-08-13 14:47:00-04:00,859.6500000000001,144.24,345.735,363.28499999999997,495.92
2026-08-13 14:48:00-04:00,859.865,144.235,345.77,363.24,495.8
2026-08-13 14:49:00-04:00,859.87,144.20999999999998,345.67,363.15999999999997,495.485
2026-08-13 14:50:00-04:00,859.8,144.24,345.645,363.09,496.145
2026-08-13 14:51:00-04:00,859.515,144.23000000000002,345.65999999999997,363.395,496.03999999999996
2026-08-13 14:52:00-04:00,859.145,144.195,345.69,363.35,496.03
2026-08-13 14:53:00-04:00,858.85,144.20499999999998,345.82,363.19500000000005,495.745
2026-08-13 14:54:00-04:00,858.97,144.215,345.915,363.26,496.03
2026-08-13 14:55:00-04:00,859.0,144.235,345.89,363.215,496.19
2026-08-13 14:56:00-04:00,858.63,144.225,345.955,363.19500000000005,496.11
2026-08-13 14:57:00-04:00,858.375,144.195,345.93,363.03499999999997,496.49
2026-08-13 14:58:00-04:00,857.9849999999999,144.2,345.9,362.96000000000004,496.53499999999997
2026-08-13 14:59:00-04:00,856.925,144.185,345.81,363.03999999999996,496.74
2026-08-13 15:00:00-04:00,856.87,144.24,345.78999999999996,363.07,496.98
2026-08-13 15:01:00-04:00,856.73,144.21499999999997,345.7,363.21000000000004,496.795
2026-08-13 15:02:00-04:00,856.655,144.28,345.67,363.44,496.71500000000003
2026-08-13 15:03:00-04:00,856.5899999999999,144.245,345.83500000000004,363.38,496.36
2026-08-13 15:04:00-04:00,857.035,144.24,345.85,363.355,496.65
2026-08-13 15:05:00-04:00,856.22,144.215,345.96500000000003,363.345,496.945
2026-08-13 15:06:00-04:00,856.5150000000001,144.19,345.97,363.325,496.705
2026-08-13 15:07:00-04:00,857.04,144.265,346.03,363.44,496.845
2026-08-13 15:08:00-04:00,857.075,144.26999999999998,346.005,363.52,496.905
2026-08-13 15:09:00-04:00,857.5,144.24,346.105,363.375,496.96500000000003
2026-08-13 15:10:00-04:00,857.375,144.26,346.175,363.42999999999995,497.07
2026-08-13 15:11:00-04:00,857.47,144.255,346.055,363.41499999999996,496.88
2026-08-13 15:12:00-04:00,856.905,144.255,346.08500000000004,363.34000000000003,497.19
2026-08-13 15:13:00-04:00,855.815,144.31,346.2,363.35,497.51
2026-08-13 15:14:00-04:00,855.0550000000001,144.3,345.975,363.24,497.135
2026-08-13 15:15:00-04:00,855.34,144.35500000000002,346.015,363.22,497.385
2026-08-13 15:16:00-04:00,854.54,144.39,345.97,363.28499999999997,497.135
2026-08-13 15:17:00-04:00,854.27,144.39499999999998,346.01,363.38,497.05999999999995
2026-08-13 15:18:00-04:00,854.8399999999999,144.45499999999998,346.18,363.315,496.575
2026-08-13 15:19:00-04:00,856.3050000000001,144.45999999999998,346.145,363.29999999999995,495.91999999999996
2026-08-13 15:20:00-04:00,857.105,144.45,346.03,363.39,495.765
2026-08-13 15:21:00-04:00,856.835,144.385,346.08500000000004,363.365,496.21000000000004
2026-08-13 15:22:00-04:00,856.48,144.42000000000002,346.15999999999997,363.46000000000004,496.36
2026-08-13 15:23:00-04:00,856.405,144.48000000000002,346.065,363.53499999999997,496.835
2026-08-13 15:24:00-04:00,856.61,144.445,345.895,363.55499999999995,496.78999999999996
2026-08-13 15:25:00-04:00,856.025,144.46499999999997,346.06,363.745,497.44
2026-08-13 15:26:00-04:00,856.175,144.53,346.265,363.505,497.70000000000005
2026-08-13 15:27:00-04:00,856.27,144.54000000000002,346.275,363.36,497.475
2026-08-13 15:28:00-04:00,856.065,144.575,346.36,363.375,497.28
2026-08-13 15:29:00-04:00,855.905,144.5,346.28,363.4,497.385
2026-08-13 15:30:00-04:00,855.75,144.43,346.15999999999997,363.43,497.155
2026-08-13 15:31:00-04:00,855.425,144.54000000000002,346.28,363.55999999999995,497.56
2026-08-13 15:32:00-04:00,854.85,144.54500000000002,346.325,363.53,497.76
2026-08-13 15:33:00-04:00,853.755,144.575,346.33,363.315,497.94
2026-08-13 15:34:00-04:00,853.845,144.595,346.24,363.26,497.895
2026-08-13 15:35:00-04:00,852.605,144.54500000000002,346.25,363.22,498.085
2026-08-13 15:36:00-04:00,853.46,144.45,346.16499999999996,363.065,497.775
2026-08-13 15:37:00-04:00,853.3199999999999,144.49,346.27,362.86,497.775
2026-08-13 15:38:00-04:00,852.8,144.435,346.245,362.80499999999995,498.15999999999997
2026-08-13 15:39:00-04:00,853.465,144.45,346.35,362.95500000000004,497.9
2026-08-13 15:40:00-04:00,853.4449999999999,144.425,346.395,362.89,498.185
2026-08-13 15:41:00-04:00,853.48,144.39499999999998,346.34000000000003,362.86,498.13
2026-08-13 15:42:00-04:00,853.49,144.415,346.38,362.88,497.935
2026-08-13 15:43:00-04:00,852.64,144.485,346.21500000000003,362.985,498.23
2026-08-13 15:44:00-04:00,852.935,144.375,346.21500000000003,363.185,498.33000000000004
2026-08-13 15:45:00-04:00,852.475,144.41,346.425,363.14,498.51
2026-08-13 15:46:00-04:00,852.98,144.43,346.315,363.4,497.865
2026-08-13 15:47:00-04:00,853.73,144.45499999999998,346.485,363.345,497.85
2026-08-13 15:48:00-04:00,853.465,144.39,346.395,363.4,497.685
2026-08-13 15:49:00-04:00,853.8050000000001,144.41,346.435,363.45500000000004,497.65
2026-08-13 15:50:00-04:00,854.14,144.39499999999998,346.355,363.275,497.66999999999996
2026-08-13 15:51:00-04:00,852.4549999999999,144.255,346.32,362.945,497.115
2026-08-13 15:52:00-04:00,853.285,144.19,346.305,363.115,497.11
2026-08-13 15:53:00-04:00,853.14,144.3,346.32,363.19500000000005,497.15999999999997
2026-08-13 15:54:00-04:00,853.0,144.315,346.59000000000003,363.095,496.78999999999996
2026-08-13 15:55:00-04:00,852.5,144.32999999999998,346.82,363.245,496.48
2026-08-13 15:56:00-04:00,853.4749999999999,144.34,346.26,363.475,496.17499999999995
2026-08-13 15:57:00-04:00,855.185,144.41,346.03,363.365,496.27
2026-08-13 15:58:00-04:00,854.905,144.345,346.055,363.58500000000004,496.525
2026-08-13 15:59:00-04:00,856.035,144.305,346.15999999999997,363.40999999999997,496.71500000000003
2026-08-13 16:00:00-04:00,854.75,144.275,346.405,363.185,496.95
2026-08-14 13:30:00-04:00,858.11,144.26999999999998,344.755,362.83000000000004,495.765
2026-08-14 13:31:00-04:00,858.245,144.3,344.74,362.77,495.9
2026-08-14 13:32:00-04:00,858.5550000000001,144.265,344.58500000000004,362.58,495.725
2026-08-14 13:33:00-04:00,858.81,144.32,344.655,362.55999999999995,495.945
2026-08-14 13:34:00-04:00,859.19,144.285,344.655,362.41999999999996,495.84000000000003
2026-08-14 13:35:00-04:00,859.2249999999999,144.245,344.735,362.47,495.925
2026-08-14 13:36:00-04:00,858.765,144.245,344.685,362.41499999999996,495.81
2026-08-14 13:37:00-04:00,859.285,144.255,344.61,362.315,495.71000000000004
2026-08-14 13:38:00-04:00,858.8,144.255,344.565,362.16499999999996,495.67499999999995
2026-08-14 13:39:00-04:00,858.315,144.255,344.62,362.18,495.875
2026-08-14 13:40:00-04:00,858.0450000000001,144.24,344.70500000000004,362.21000000000004,495.89
2026-08-14 13:41:00-04:00,858.075,144.24,344.77,362.135,495.865
2026-08-14 13:42:00-04:00,858.485,144.265,344.725,362.235,495.71000000000004
2026-08-14 13:43:00-04:00,858.095,144.24,344.655,362.225,495.76
2026-08-14 13:44:00-04:00,857.555,144.22500000000002,344.595,362.15,496.0
2026-08-14 13:45:00-04:00,858.235,144.235,344.645,362.19500000000005,495.885
2026-08-14 13:46:00-04:00,858.165,144.21499999999997,344.76,362.16999999999996,495.83000000000004
2026-08-14 13:47:00-04:00,858.375,144.185,344.80999999999995,362.25,495.79499999999996
2026-08-14 13:48:00-04:00,858.5699999999999,144.17000000000002,344.77,362.395,495.66499999999996
2026-08-14 13:49:00-04:00,858.605,144.13,344.70500000000004,362.405,495.6
2026-08-14 13:50:00-04:00,858.4000000000001,144.115,344.765,362.48,495.765
2026-08-14 13:51:00-04:00,858.02,144.12,344.68,362.53,495.615
2026-08-14 13:52:00-04:00,858.155,144.11,344.69,362.46000000000004,495.815
2026-08-14 13:53:00-04:00,858.2,144.115,344.73,362.42499999999995,495.78999999999996
2026-08-14 13:54:00-04:00,858.3199999999999,144.16500000000002,344.77,362.42999999999995,496.04999999999995
2026-08-14 13:55:00-04:00,858.31,144.16500000000002,344.65,362.46000000000004,496.08500000000004
2026-08-14 13:56:00-04:00,858.3199999999999,144.155,344.725,362.475,496.21
2026-08-14 13:57:00-04:00,858.345,144.20999999999998,344.87,362.58500000000004,496.145
2026-08-14 13:58:00-04:00,858.34,144.21499999999997,344.79999999999995,362.53999999999996,496.26
2026-08-14 13:59:00-04:00,858.44,144.195,344.72,362.71000000000004,496.03499999999997
2026-08-14 14:00:00-04:00,858.24,144.195,344.91499999999996,362.615,495.88
2026-08-14 14:01:00-04:00,857.955,144.22500000000002,344.82000000000005,362.605,495.71000000000004
2026-08-14 14:02:00-04:00,858.165,144.215,344.79499999999996,362.69000000000005,495.79
2026-08-14 14:03:00-04:00,858.76,144.275,344.985,362.7,495.91999999999996
2026-08-14 14:04:00-04:00,859.2,144.235,344.975,362.69000000000005,495.91499999999996
2026-08-14 14:05:00-04:00,858.8399999999999,144.255,345.03,362.67999999999995,496.025
2026-08-14 14:06:00-04:00,859.0150000000001,144.255,345.04999999999995,362.65,496.08
2026-08-14 14:07:00-04:00,859.0150000000001,144.28,344.945,362.70000000000005,495.975
2026-08-14 14:08:00-04:00,859.295,144.29500000000002,345.02,362.77,495.96500000000003
2026-08-14 14:09:00-04:00,859.16,144.29500000000002,344.885,362.78,495.89
2026-08-14 14:10:00-04:00,859.39,144.29500000000002,344.79499999999996,362.73,495.975
2026-08-14 14:11:00-04:00,859.19,144.335,344.735,362.95000000000005,496.05499999999995
2026-08-14 14:12:00-04:00,859.125,144.365,344.955,362.91999999999996,495.985
2026-08-14 14:13:00-04:00,858.7,144.335,345.03499999999997,362.895,495.895
2026-08-14 14:14:00-04:00,858.845,144.35500000000002,345.09000000000003,362.96500000000003,495.605
2026-08-14 14:15:00-04:00,858.57,144.315,345.04999999999995,363.04499999999996,495.675
2026-08-14 14:16:00-04:00,858.745,144.325,345.175,363.07000000000005,495.83500000000004
2026-08-14 14:17:00-04:00,858.98,144.335,345.225,363.1,495.905
2026-08-14 14:18:00-04:00,859.1600000000001,144.29500000000002,345.255,363.06,495.79499999999996
2026-08-14 14:19:00-04:00,858.78,144.335,345.185,363.125,495.78499999999997
2026-08-14 14:20:00-04:00,858.65,144.35500000000002,345.105,363.08000000000004,495.85
2026-08-14 14:21:00-04:00,858.2049999999999,144.42000000000002,345.015,363.03499999999997,495.805
2026-08-14 14:22:00-04:00,858.425,144.45,345.115,363.07500000000005,495.9
2026-08-14 14:23:00-04:00,858.45,144.425,344.995,362.97,496.005
2026-08-14 14:24:00-04:00,858.4549999999999,144.43,344.95500000000004,363.065,495.92499999999995
2026-08-14 14:25:00-04:00,857.98,144.405,345.0,363.075,496.145
2026-08-14 14:26:00-04:00,857.995,144.405,344.91499999999996,363.26,496.04499999999996
2026-08-14 14:27:00-04:00,858.2,144.39499999999998,344.885,363.15999999999997,495.83000000000004
2026-08-14 14:28:00-04:00,858.46,144.385,344.84000000000003,363.38,495.625
2026-08-14 14:29:00-04:00,857.3,144.385,344.94,363.35,495.475
2026-08-14 14:30:00-04:00,857.4749999999999,144.42000000000002,344.935,363.49,495.44
2026-08-14 14:31:00-04:00,857.4200000000001,144.425,345.185,363.625,495.52
2026-08-14 14:32:00-04:00,857.38,144.45499999999998,345.115,363.57000000000005,495.455
2026-08-14 14:33:00-04:00,857.72,144.425,345.09000000000003,363.41999999999996,495.265
2026-08-14 14:34:00-04:00,857.76,144.495,345.08000000000004,363.245,495.21500000000003
2026-08-14 14:35:00-04:00,857.7750000000001,144.555,345.065,363.135,495.375
2026-08-14 14:36:00-04:00,857.56,144.585,345.0,363.26,495.345
2026-08-14 14:37:00-04:00,857.63,144.585,344.995,363.20500000000004,495.275
2026-08-14 14:38:00-04:00,857.6949999999999,144.58499999999998,345.175,363.20500000000004,495.23
2026-08-14 14:39:00-04:00,857.825,144.565,345.09000000000003,363.17499999999995,495.245
2026-08-14 14:40:00-04:00,857.79,144.555,345.055,363.23,495.25
2026-08-14 14:41:00-04:00,857.75,144.535,345.25,363.115,495.39
2026-08-14 14:42:00-04:00,857.99,144.535,345.235,363.155,495.38
2026-08-14 14:43:00-04:00,858.005,144.595,345.35,363.095,495.42499999999995
2026-08-14 14:44:00-04:00,857.9449999999999,144.62,345.325,363.08000000000004,495.485
2026-08-14 14:45:00-04:00,857.7950000000001,144.60500000000002,345.225,363.145,495.405
2026-08-14 14:46:00-04:00,858.005,144.625,345.21000000000004,363.11,495.29499999999996
2026-08-14 14:47:00-04:00,857.995,144.665,345.20500000000004,363.155,495.33000000000004
2026-08-14 14:48:00-04:00,858.145,144.655,345.32,363.315,495.495
2026-08-14 14:49:00-04:00,858.62,144.655,345.28999999999996,363.34000000000003,495.325
2026-08-14 14:50:00-04:00,859.0,144.61,345.28,363.395,495.375
2026-08-14 14:51:00-04:00,859.405,144.66,345.405,363.4,495.67499999999995
2026-08-14 14:52:00-04:00,859.4449999999999,144.70999999999998,345.40999999999997,363.46000000000004,495.72
2026-08-14 14:53:00-04:00,859.4100000000001,144.695,345.38,363.395,495.725
2026-08-14 14:54:00-04:00,859.255,144.695,345.445,363.46500000000003,495.69500000000005
2026-08-14 14:55:00-04:00,859.3050000000001,144.675,345.445,363.475,495.605
2026-08-14 14:56:00-04:00,859.26,144.7,345.46000000000004,363.315,495.43
2026-08-14 14:57:00-04:00,859.495,144.715,345.53499999999997,363.31,495.39
2026-08-14 14:58:00-04:00,859.83,144.755,345.54499999999996,363.29999999999995,495.56
2026-08-14 14:59:00-04:00,859.995,144.73000000000002,345.58000000000004,363.245,495.36
2026-08-14 15:00:00-04:00,859.595,144.66500000000002,345.55,363.23,495.51
2026-08-14 15:01:00-04:00,859.115,144.69,345.5,363.12,495.58
2026-08-14 15:02:00-04:00,859.2750000000001,144.695,345.57,363.225,495.62
2026-08-14 15:03:00-04:00,858.31,144.67000000000002,345.73,363.17499999999995,495.70000000000005
2026-08-14 15:04:00-04:00,858.515,144.64,345.71500000000003,363.08500000000004,495.51
2026-08-14 15:05:00-04:00,858.435,144.62,345.645,362.91999999999996,495.245
2026-08-14 15:06:00-04:00,858.4300000000001,144.60500000000002,345.56,362.875,495.29999999999995
2026-08-14 15:07:00-04:00,858.6800000000001,144.64499999999998,345.4,362.845,495.21000000000004
2026-08-14 15:08:00-04:00,858.38,144.64,345.54499999999996,362.78499999999997,495.20500000000004
2026-08-14 15:09:00-04:00,858.13,144.665,345.725,362.80499999999995,495.21500000000003
2026-08-14 15:10:00-04:00,858.375,144.695,345.66999999999996,362.91999999999996,494.87
2026-08-14 15:11:00-04:00,857.78,144.675,345.59000000000003,362.975,494.815
2026-08-14 15:12:00-04:00,858.095,144.675,345.43,363.03999999999996,494.70000000000005
2026-08-14 15:13:00-04:00,857.84,144.725,345.45500000000004,363.205,495.155
2026-08-14 15:14:00-04:00,857.135,144.75,345.655,363.07500000000005,495.235
2026-08-14 15:15:00-04:00,856.595,144.70499999999998,345.705,363.025,495.28999999999996
2026-08-14 15:16:00-04:00,857.155,144.64999999999998,345.645,363.115,495.14
2026-08-14 15:17:00-04:00,856.3050000000001,144.62,345.615,363.03999999999996,495.1
2026-08-14 15:18:00-04:00,857.145,144.585,345.525,362.995,495.135
2026-08-14 15:19:00-04:00,857.065,144.59,345.575,363.07500000000005,495.21000000000004
2026-08-14 15:20:00-04:00,857.415,144.585,345.605,362.945,495.15
2026-08-14 15:21:00-04:00,857.3050000000001,144.60000000000002,345.53499999999997,363.06,495.245
2026-08-14 15:22:00-04:00,857.265,144.60500000000002,345.555,362.895,495.18
2026-08-14 15:23:00-04:00,857.265,144.60000000000002,345.45,362.975,495.25
2026-08-14 15:24:00-04:00,857.31,144.59,345.45,362.99,495.16999999999996
2026-08-14 15:25:00-04:00,857.365,144.585,345.52,363.03999999999996,495.23
2026-08-14 15:26:00-04:00,857.47,144.59,345.555,363.03999999999996,495.245
2026-08-14 15:27:00-04:00,857.665,144.60500000000002,345.38,363.115,495.16999999999996
2026-08-14 15:28:00-04:00,856.935,144.565,345.405,363.04499999999996,495.235
2026-08-14 15:29:00-04:00,857.6700000000001,144.57999999999998,345.34000000000003,362.96000000000004,495.26
2026-08-14 15:30:00-04:00,856.63,144.60500000000002,345.31,362.78999999999996,495.36
2026-08-14 15:31:00-04:00,856.72,144.685,345.315,362.83000000000004,495.52
2026-08-14 15:32:00-04:00,856.51,144.72,345.4,362.765,495.41999999999996
2026-08-14 15:33:00-04:00,856.1949999999999,144.70999999999998,345.43,362.765,495.47
2026-08-14 15:34:00-04:00,856.485,144.70499999999998,345.33,362.82000000000005,495.485
2026-08-14 15:35:00-04:00,856.2149999999999,144.685,345.28,362.825,495.39
2026-08-14 15:36:00-04:00,856.22,144.67000000000002,345.315,362.74,495.435
2026-08-14 15:37:00-04:00,856.3,144.66,345.3,362.72,495.40999999999997
2026-08-14 15:38:00-04:00,856.595,144.70499999999998,345.21500000000003,362.685,495.29999999999995
2026-08-14 15:39:00-04:00,856.56,144.665,345.275,362.655,495.18
2026-08-14 15:40:00-04:00,857.01,144.675,345.28,362.755,495.07500000000005
2026-08-14 15:41:00-04:00,857.73,144.675,345.21000000000004,362.905,495.09000000000003
2026-08-14 15:42:00-04:00,858.3399999999999,144.75,345.145,362.86,494.69
2026-08-14 15:43:00-04:00,858.21,144.725,345.21000000000004,362.875,494.745
2026-08-14 15:44:00-04:00,858.355,144.715,345.185,362.885,494.9
2026-08-14 15:45:00-04:00,856.715,144.83499999999998,345.065,362.855,495.235
2026-08-14 15:46:00-04:00,857.2249999999999,144.85500000000002,344.93,362.805,494.985
2026-08-14 15:47:00-04:00,857.135,144.78,344.765,362.78,494.83000000000004
2026-08-14 15:48:00-04:00,857.475,144.725,344.925,362.78999999999996,494.82
2026-08-14 15:49:00-04:00,857.86,144.70999999999998,345.055,362.845,494.81
2026-08-14 15:50:00-04:00,857.485,144.675,345.13,362.725,495.07500000000005
2026-08-14 15:51:00-04:00,857.13,144.75,345.47,362.79499999999996,494.85
2026-08-14 15:52:00-04:00,856.5799999999999,144.755,345.41499999999996,362.89,494.94500000000005
2026-08-14 15:53:00-04:00,856.9200000000001,144.79500000000002,345.52,362.815,494.86
2026-08-14 15:54:00-04:00,857.06,144.82,345.48,362.72,494.74
2026-08-14 15:55:00-04:00,857.25,144.85000000000002,345.855,362.53,495.1
2026-08-14 15:56:00-04:00,857.735,144.82,345.575,362.57500000000005,495.17499999999995
2026-08-14 15:57:00-04:00,857.845,144.775,345.59000000000003,362.70000000000005,495.03
2026-08-14 15:58:00-04:00,857.395,144.78,345.725,362.65999999999997,495.03499999999997
2026-08-14 15:59:00-04:00,856.8050000000001,144.815,345.825,362.52,495.08500000000004
2026-08-14 16:00:00-04:00,856.8199999999999,144.555,345.88,362.815,495.3
2026-08-17 13:30:00-04:00,883.775,143.005,343.28999999999996,363.90999999999997,479.32
2026-08-17 13:31:00-04:00,883.76,142.945,343.22,363.91999999999996,479.28
2026-08-17 13:32:00-04:00,883.675,142.915,343.21500000000003,363.825,478.91999999999996
2026-08-17 13:33:00-04:00,883.6949999999999,142.95499999999998,343.27,363.77,479.095
2026-08-17 13:34:00-04:00,884.075,142.95,343.38,363.71000000000004,478.975
2026-08-17 13:35:00-04:00,882.425,142.91500000000002,343.265,363.52,478.72
2026-08-17 13:36:00-04:00,882.9100000000001,142.91,343.18,363.54999999999995,478.745
2026-08-17 13:37:00-04:00,882.865,142.89499999999998,343.405,363.385,478.89
2026-08-17 13:38:00-04:00,882.52,142.85500000000002,343.32500000000005,363.225,478.815
2026-08-17 13:39:00-04:00,882.52,142.85500000000002,343.31,363.225,478.79999999999995
2026-08-17 13:40:00-04:00,882.415,142.89499999999998,343.15999999999997,362.885,478.78499999999997
2026-08-17 13:41:00-04:00,881.845,142.89499999999998,343.235,362.805,479.015
2026-08-17 13:42:00-04:00,882.485,142.85500000000002,343.245,362.935,479.03
2026-08-17 13:43:00-04:00,882.745,142.86,343.32,363.295,479.005
2026-08-17 13:44:00-04:00,882.8900000000001,142.885,343.39,363.38,479.355
2026-08-17 13:45:00-04:00,884.095,142.825,343.435,363.36,479.30499999999995
2026-08-17 13:46:00-04:00,884.11,142.89499999999998,343.58,363.27,479.625
2026-08-17 13:47:00-04:00,883.9449999999999,142.87,343.575,363.23,479.54499999999996
2026-08-17 13:48:00-04:00,884.12,142.82999999999998,343.53,363.24,479.485
2026-08-17 13:49:00-04:00,884.09,142.8,343.41999999999996,363.245,479.29499999999996
2026-08-17 13:50:00-04:00,884.075,142.815,343.355,363.17,479.31
2026-08-17 13:51:00-04:00,883.58,142.805,343.235,363.12,479.4
2026-08-17 13:52:00-04:00,883.56,142.8,343.16499999999996,362.975,479.31
2026-08-17 13:53:00-04:00,884.355,142.79000000000002,343.21500000000003,363.02,478.985
2026-08-17 13:54:00-04:00,884.3399999999999,142.76999999999998,343.21500000000003,363.16999999999996,479.1
2026-08-17 13:55:00-04:00,884.335,142.78,343.20000000000005,363.23,479.075
2026-08-17 13:56:00-04:00,884.52,142.785,343.135,363.25,479.05999999999995
2026-08-17 13:57:00-04:00,884.66,142.805,343.055,363.135,479.02
2026-08-17 13:58:00-04:00,884.8399999999999,142.815,343.15999999999997,363.095,479.12
2026-08-17 13:59:00-04:00,885.125,142.825,343.08,363.15999999999997,479.02
2026-08-17 14:00:00-04:00,885.09,142.87,342.905,363.025,478.935
2026-08-17 14:01:00-04:00,884.625,142.935,342.83500000000004,363.03,479.025
2026-08-17 14:02:00-04:00,883.6700000000001,142.99,342.96500000000003,363.005,479.38
2026-08-17 14:03:00-04:00,884.435,142.97,343.025,362.97,479.19
2026-08-17 14:04:00-04:00,883.38,142.91,343.08500000000004,362.94,479.54
2026-08-17 14:05:00-04:00,883.885,142.985,343.02,363.055,479.38
2026-08-17 14:06:00-04:00,883.38,143.02499999999998,343.155,363.04499999999996,479.585
2026-08-17 14:07:00-04:00,883.3599999999999,143.07999999999998,343.20000000000005,363.235,479.78
2026-08-17 14:08:00-04:00,883.94,143.16500000000002,343.03499999999997,363.125,479.615
2026-08-17 14:09:00-04:00,883.655,143.16,343.125,363.055,479.56
2026-08-17 14:10:00-04:00,883.9000000000001,143.14499999999998,343.345,363.025,479.44
2026-08-17 14:11:00-04:00,883.0550000000001,143.26,343.71500000000003,363.11,479.68
2026-08-17 14:12:00-04:00,883.62,143.20999999999998,343.74,363.075,479.525
2026-08-17 14:13:00-04:00,883.6700000000001,143.255,343.93,363.01,479.63
2026-08-17 14:14:00-04:00,884.1949999999999,143.265,343.78999999999996,362.65999999999997,479.27
2026-08-17 14:15:00-04:00,884.395,143.27499999999998,343.82000000000005,362.855,479.185
2026-08-17 14:16:00-04:00,883.95,143.16,343.595,362.94,479.30499999999995
2026-08-17 14:17:00-04:00,884.355,143.125,343.57,363.115,479.33500000000004
2026-08-17 14:18:00-04:00,884.66,143.13,343.575,363.145,479.4
2026-08-17 14:19:00-04:00,884.56,143.14,343.67,362.87,479.40999999999997
2026-08-17 14:20:00-04:00,884.5350000000001,143.13,343.76,362.975,479.57
2026-08-17 14:21:00-04:00,883.785,143.115,343.865,362.9,479.575
2026-08-17 14:22:00-04:00,884.19,143.125,343.89,362.93,479.685
2026-08-17 14:23:00-04:00,884.3499999999999,143.125,343.91999999999996,362.95,479.745
2026-08-17 14:24:00-04:00,884.675,143.11,343.90999999999997,362.96500000000003,479.865
2026-08-17 14:25:00-04:00,884.97,143.07,343.91499999999996,363.08,479.56
2026-08-17 14:26:00-04:00,885.375,143.065,344.03999999999996,363.05,479.5
2026-08-17 14:27:00-04:00,885.28,143.065,343.96500000000003,362.945,479.39
2026-08-17 14:28:00-04:00,885.55,143.085,343.92499999999995,362.98,479.345
2026-08-17 14:29:00-04:00,885.735,143.10000000000002,343.845,362.95500000000004,479.345
2026-08-17 14:30:00-04:00,885.715,143.09,343.83500000000004,363.005,479.41999999999996
2026-08-17 14:31:00-04:00,885.335,143.04500000000002,343.895,362.745,479.32500000000005
2026-08-17 14:32:00-04:00,884.9649999999999,143.075,343.95000000000005,362.78499999999997,479.35
2026-08-17 14:33:00-04:00,885.2349999999999,143.06,343.94,362.59000000000003,479.515
2026-08-17 14:34:00-04:00,885.0999999999999,143.04500000000002,343.84000000000003,362.575,479.355
2026-08-17 14:35:00-04:00,885.37,143.04000000000002,343.96500000000003,362.54499999999996,479.44
2026-08-17 14:36:00-04:00,886.425,143.05,344.125,362.705,479.66999999999996
2026-08-17 14:37:00-04:00,887.0450000000001,143.03,344.14,362.57500000000005,479.65
2026-08-17 14:38:00-04:00,886.97,143.01,344.145,362.69,479.71500000000003
2026-08-17 14:39:00-04:00,886.885,142.975,344.08500000000004,362.76,479.64
2026-08-17 14:40:00-04:00,886.9849999999999,142.945,344.14,362.755,479.435
2026-08-17 14:41:00-04:00,886.8299999999999,142.89499999999998,344.13,362.70500000000004,479.525
2026-08-17 14:42:00-04:00,886.245,142.89499999999998,344.11,362.67499999999995,479.605
2026-08-17 14:43:00-04:00,886.7950000000001,142.865,344.03999999999996,362.83,479.685
2026-08-17 14:44:00-04:00,886.355,142.845,344.065,362.75,479.72
2026-08-17 14:45:00-04:00,886.35,142.865,343.98,362.70500000000004,479.72
2026-08-17 14:46:00-04:00,886.25,142.81,344.055,362.78499999999997,479.92499999999995
2026-08-17 14:47:00-04:00,886.65,142.785,344.03999999999996,362.79499999999996,480.04499999999996
2026-08-17 14:48:00-04:00,886.4549999999999,142.79500000000002,344.01,362.83000000000004,480.275
2026-08-17 14:49:00-04:00,887.345,142.735,343.975,363.07,480.125
2026-08-17 14:50:00-04:00,887.355,142.815,343.96500000000003,363.03,480.09000000000003
2026-08-17 14:51:00-04:00,887.57,142.81,343.94,362.91999999999996,480.19500000000005
2026-08-17 14:52:00-04:00,887.635,142.8,344.015,362.755,480.135
2026-08-17 14:53:00-04:00,887.265,142.765,344.01,362.71000000000004,480.125
2026-08-17 14:54:00-04:00,887.5,142.765,344.145,362.735,480.14
2026-08-17 14:55:00-04:00,887.1949999999999,142.805,344.115,362.635,480.07500000000005
2026-08-17 14:56:00-04:00,887.11,142.805,343.95500000000004,362.59000000000003,479.865
2026-08-17 14:57:00-04:00,886.405,142.81,344.005,362.625,479.855
2026-08-17 14:58:00-04:00,886.635,142.81,343.79499999999996,362.65,479.9
2026-08-17 14:59:00-04:00,886.7249999999999,142.775,343.755,362.45500000000004,479.94000000000005
2026-08-17 15:00:00-04:00,885.7,142.75,343.615,362.525,480.01
2026-08-17 15:01:00-04:00,886.0999999999999,142.725,343.66499999999996,362.53499999999997,480.21500000000003
2026-08-17 15:02:00-04:00,884.7049999999999,142.755,343.71000000000004,362.53999999999996,480.35
2026-08-17 15:03:00-04:00,884.515,142.78,343.71000000000004,362.63,480.265
2026-08-17 15:04:00-04:00,884.41,142.785,343.69,362.65,480.135
2026-08-17 15:05:00-04:00,884.21,142.815,343.78,362.65,480.335
2026-08-17 15:06:00-04:00,884.655,142.82999999999998,343.83,362.73,480.38
2026-08-17 15:07:00-04:00,884.6949999999999,142.835,343.88,362.69500000000005,480.495
2026-08-17 15:08:00-04:00,884.515,142.85500000000002,343.79499999999996,362.51,480.45000000000005
2026-08-17 15:09:00-04:00,884.72,142.95,343.73,362.475,480.6
2026-08-17 15:10:00-04:00,884.37,142.945,343.75,362.40999999999997,480.6
2026-08-17 15:11:00-04:00,884.315,142.965,343.78499999999997,362.34000000000003,480.52
2026-08-17 15:12:00-04:00,883.685,143.025,343.81,362.45000000000005,480.87
2026-08-17 15:13:00-04:00,883.145,143.01999999999998,343.815,362.365,480.73
2026-08-17 15:14:00-04:00,882.37,143.01,343.95,362.34000000000003,481.03999999999996
2026-08-17 15:15:00-04:00,881.4749999999999,143.195,343.9,362.375,481.235
2026-08-17 15:16:00-04:00,882.44,143.14499999999998,343.905,362.32500000000005,481.235
2026-08-17 15:17:00-04:00,883.045,143.09,343.925,362.37,481.345
2026-08-17 15:18:00-04:00,883.665,143.12,343.83500000000004,362.54499999999996,481.425
2026-08-17 15:19:00-04:00,883.605,143.11,343.905,362.595,481.355
2026-08-17 15:20:00-04:00,882.395,143.14499999999998,344.02,362.66999999999996,481.435
2026-08-17 15:21:00-04:00,881.94,143.2,343.985,362.69500000000005,481.44500000000005
2026-08-17 15:22:00-04:00,881.03,143.26999999999998,343.96500000000003,362.575,481.735
2026-08-17 15:23:00-04:00,881.635,143.175,344.09000000000003,362.755,481.43
2026-08-17 15:24:00-04:00,881.2249999999999,143.195,344.08500000000004,362.645,481.46500000000003
2026-08-17 15:25:00-04:00,881.6500000000001,143.155,344.08500000000004,362.55999999999995,481.34000000000003
2026-08-17 15:26:00-04:00,882.065,143.11,344.05,362.485,481.4
2026-08-17 15:27:00-04:00,883.0,143.10500000000002,343.95000000000005,362.435,481.23
2026-08-17 15:28:00-04:00,882.8050000000001,143.01999999999998,344.005,362.625,481.235
2026-08-17 15:29:00-04:00,882.82,143.065,343.875,362.655,481.09000000000003
2026-08-17 15:30:00-04:00,882.065,143.10500000000002,343.875,362.455,481.025
2026-08-17 15:31:00-04:00,881.125,143.07999999999998,343.63,362.245,480.765
2026-08-17 15:32:00-04:00,882.02,142.98000000000002,343.48,361.925,480.52
2026-08-17 15:33:00-04:00,882.4100000000001,142.97500000000002,343.37,361.78499999999997,480.28999999999996
2026-08-17 15:34:00-04:00,882.365,142.925,343.425,361.73,480.15
2026-08-17 15:35:00-04:00,882.605,142.95999999999998,343.41999999999996,361.71500000000003,479.975
2026-08-17 15:36:00-04:00,882.745,142.97500000000002,343.4,361.735,480.05999999999995
2026-08-17 15:37:00-04:00,883.1500000000001,142.875,343.38,361.67,479.865
2026-08-17 15:38:00-04:00,883.245,142.89999999999998,343.45500000000004,361.64,479.87
2026-08-17 15:39:00-04:00,883.94,142.89499999999998,343.62,361.75,479.91999999999996
2026-08-17 15:40:00-04:00,883.515,142.85000000000002,343.485,361.73,479.815
2026-08-17 15:41:00-04:00,883.22,142.82999999999998,343.61,361.58,479.895
2026-08-17 15:42:00-04:00,881.955,142.84,343.53999999999996,361.58000000000004,480.17499999999995
2026-08-17 15:43:00-04:00,882.14,142.89499999999998,343.52,361.41499999999996,480.4
2026-08-17 15:44:00-04:00,881.755,142.95,343.755,361.365,480.64
2026-08-17 15:45:00-04:00,882.015,142.98000000000002,343.71500000000003,361.34000000000003,480.49
2026-08-17 15:46:00-04:00,881.825,143.03,343.605,361.475,480.495
2026-08-17 15:47:00-04:00,881.385,143.10500000000002,343.645,361.565,480.39
2026-08-17 15:48:00-04:00,881.255,143.09,343.895,361.45000000000005,480.16499999999996
2026-08-17 15:49:00-04:00,882.29,143.07999999999998,343.845,361.595,480.26
2026-08-17 15:50:00-04:00,881.77,143.14,343.93,361.42499999999995,480.38
2026-08-17 15:51:00-04:00,881.6500000000001,143.05,343.825,361.365,479.7
2026-08-17 15:52:00-04:00,880.9200000000001,143.10500000000002,343.855,361.505,479.555
2026-08-17 15:53:00-04:00,880.975,143.14,343.9,361.46500000000003,479.58000000000004
2026-08-17 15:54:00-04:00,881.61,143.065,343.8,361.745,479.57500000000005
2026-08-17 15:55:00-04:00,881.825,143.04000000000002,343.985,361.63,479.915
2026-08-17 15:56:00-04:00,882.46,143.005,343.98,361.66999999999996,480.405
2026-08-17 15:57:00-04:00,882.675,143.01999999999998,344.135,361.645,480.385
2026-08-17 15:58:00-04:00,883.315,143.035,343.945,361.79499999999996,480.19500000000005
2026-08-17 15:59:00-04:00,883.44,143.12,344.235,361.685,480.525
2026-08-17 16:00:00-04:00,881.69,143.13,344.1,361.24,480.595
2026-08-18 13:30:00-04:00,838.885,143.45,343.225,360.775,481.69500000000005
2026-08-18 13:31:00-04:00,838.74,143.445,343.18,360.71500000000003,481.63
2026-08-18 13:32:00-04:00,838.855,143.445,343.28999999999996,360.73,481.83
2026-08-18 13:33:00-04:00,839.405,143.45,343.28,360.73,481.9
2026-08-18 13:34:00-04:00,840.165,143.45,343.145,360.89,481.775
2026-08-18 13:35:00-04:00,840.15,143.44,343.16499999999996,360.82,481.775
2026-08-18 13:36:00-04:00,839.59,143.44,343.155,360.78499999999997,481.97
2026-08-18 13:37:00-04:00,838.62,143.45,343.08500000000004,360.765,481.89
2026-08-18 13:38:00-04:00,839.0550000000001,143.49,343.03,360.90999999999997,481.97
2026-08-18 13:39:00-04:00,839.9649999999999,143.51,343.11,360.855,482.32000000000005
2026-08-18 13:40:00-04:00,839.615,143.515,343.055,360.77,482.0
2026-08-18 13:41:00-04:00,839.27,143.54500000000002,343.08500000000004,360.625,481.95000000000005
2026-08-18 13:42:00-04:00,839.27,143.56,343.155,360.865,481.83500000000004
2026-08-18 13:43:00-04:00,838.88,143.55,343.175,360.935,481.83500000000004
2026-08-18 13:44:00-04:00,838.905,143.51,343.265,360.91499999999996,481.81
2026-08-18 13:45:00-04:00,838.63,143.475,343.37,360.96000000000004,481.905
2026-08-18 13:46:00-04:00,838.4000000000001,143.47500000000002,343.345,360.96500000000003,482.0
2026-08-18 13:47:00-04:00,837.775,143.525,343.36,360.94,481.985
2026-08-18 13:48:00-04:00,837.9300000000001,143.555,343.385,360.98,482.04999999999995
2026-08-18 13:49:00-04:00,838.3800000000001,143.555,343.47,361.08000000000004,481.94500000000005
2026-08-18 13:50:00-04:00,839.2,143.555,343.43,361.095,481.82500000000005
2026-08-18 13:51:00-04:00,838.925,143.54500000000002,343.44,361.15,481.855
2026-08-18 13:52:00-04:00,838.815,143.575,343.52,361.235,482.065
2026-08-18 13:53:00-04:00,838.88,143.55,343.56,361.335,482.015
2026-08-18 13:54:00-04:00,839.2,143.51,343.5,361.44500000000005,481.82500000000005
2026-08-18 13:55:00-04:00,839.2850000000001,143.54500000000002,343.61,361.255,481.82000000000005
2026-08-18 13:56:00-04:00,838.81,143.575,343.54999999999995,361.29999999999995,481.755
2026-08-18 13:57:00-04:00,838.26,143.56,343.525,361.25,481.65
2026-08-18 13:58:00-04:00,837.665,143.62,343.495,361.105,482.0
2026-08-18 13:59:00-04:00,837.31,143.615,343.33500000000004,361.16499999999996,482.07500000000005
2026-08-18 14:00:00-04:00,836.895,143.64,343.25,360.905,481.92999999999995
2026-08-18 14:01:00-04:00,837.275,143.59500000000003,343.155,361.02,481.79999999999995
2026-08-18 14:02:00-04:00,837.8199999999999,143.60000000000002,343.19,360.935,481.87
2026-08-18 14:03:00-04:00,837.635,143.70999999999998,343.165,361.195,482.03
2026-08-18 14:04:00-04:00,836.865,143.68,343.19,361.24,482.01
2026-08-18 14:05:00-04:00,837.125,143.665,343.13,361.29,481.81
2026-08-18 14:06:00-04:00,837.3399999999999,143.67000000000002,343.27,361.15999999999997,481.86
2026-08-18 14:07:00-04:00,837.475,143.73000000000002,343.245,361.185,481.73
2026-08-18 14:08:00-04:00,837.2,143.79000000000002,343.19,361.15,481.78999999999996
2026-08-18 14:09:00-04:00,836.4,143.805,343.355,361.14,481.985
2026-08-18 14:10:00-04:00,835.6949999999999,143.79500000000002,343.515,361.275,482.225
2026-08-18 14:11:00-04:00,835.32,143.78,343.53,361.36,481.96500000000003
2026-08-18 14:12:00-04:00,835.0550000000001,143.825,343.725,361.475,481.99
2026-08-18 14:13:00-04:00,835.6949999999999,143.81,343.76,361.615,482.05499999999995
2026-08-18 14:14:00-04:00,837.095,143.805,343.765,361.84000000000003,482.095
2026-08-18 14:15:00-04:00,836.97,143.865,343.75,361.82000000000005,482.115
2026-08-18 14:16:00-04:00,838.005,143.85000000000002,343.685,361.865,481.945
2026-08-18 14:17:00-04:00,838.155,143.805,343.625,361.86,481.815
2026-08-18 14:18:00-04:00,838.4300000000001,143.78,343.70500000000004,361.96500000000003,481.895
2026-08-18 14:19:00-04:00,838.27,143.79500000000002,343.745,361.86,482.075
2026-08-18 14:20:00-04:00,838.47,143.735,343.74,361.79,482.375
2026-08-18 14:21:00-04:00,838.5450000000001,143.74,343.73,361.71,482.235
2026-08-18 14:22:00-04:00,838.395,143.75,343.765,361.80999999999995,482.615
2026-08-18 14:23:00-04:00,837.355,143.835,343.78999999999996,361.765,482.65
2026-08-18 14:24:00-04:00,837.005,143.82999999999998,343.83,361.82500000000005,482.76
2026-08-18 14:25:00-04:00,837.69,143.76999999999998,343.975,361.535,482.545
2026-08-18 14:26:00-04:00,837.755,143.76,344.1,361.525,482.355
2026-08-18 14:27:00-04:00,837.575,143.775,344.31,361.565,482.37
2026-08-18 14:28:00-04:00,837.535,143.765,344.39,361.605,482.45000000000005
2026-08-18 14:29:00-04:00,837.845,143.76,344.6,361.62,482.5
2026-08-18 14:30:00-04:00,837.6600000000001,143.755,344.83500000000004,361.58,482.49
2026-08-18 14:31:00-04:00,837.6600000000001,143.75,344.53999999999996,361.655,482.565
2026-08-18 14:32:00-04:00,837.895,143.735,344.57,361.75,482.28499999999997
2026-08-18 14:33:00-04:00,837.26,143.755,344.225,361.865,482.28999999999996
2026-08-18 14:34:00-04:00,837.27,143.81,344.03499999999997,361.75,482.22
2026-08-18 14:35:00-04:00,837.935,143.785,344.135,361.765,482.255
2026-08-18 14:36:00-04:00,838.77,143.75,343.78499999999997,361.84000000000003,482.125
2026-08-18 14:37:00-04:00,838.71,143.745,343.53,361.88,482.17499999999995
2026-08-18 14:38:00-04:00,839.145,143.755,343.615,361.96500000000003,482.005
2026-08-18 14:39:00-04:00,839.7,143.725,343.72,361.95000000000005,481.995
2026-08-18 14:40:00-04:00,839.6500000000001,143.685,343.645,361.825,481.995
2026-08-18 14:41:00-04:00,839.6600000000001,143.715,343.5,361.875,482.005
2026-08-18 14:42:00-04:00,839.335,143.76,343.33,361.865,481.91
2026-08-18 14:43:00-04:00,840.2349999999999,143.785,343.36,361.97,481.765
2026-08-18 14:44:00-04:00,840.185,143.785,343.325,362.09000000000003,481.805
2026-08-18 14:45:00-04:00,839.925,143.73000000000002,343.19,362.26,481.735
2026-08-18 14:46:00-04:00,840.005,143.685,343.16499999999996,362.19,481.685
2026-08-18 14:47:00-04:00,840.245,143.65499999999997,343.03499999999997,362.435,481.585
2026-08-18 14:48:00-04:00,840.515,143.66,343.11,362.605,481.425
2026-08-18 14:49:00-04:00,840.125,143.615,343.02,362.64,481.62
2026-08-18 14:50:00-04:00,839.6700000000001,143.64499999999998,342.95500000000004,362.635,481.765
2026-08-18 14:51:00-04:00,839.49,143.66500000000002,343.05499999999995,362.47,481.70000000000005
2026-08-18 14:52:00-04:00,838.9100000000001,143.60500000000002,343.125,362.45500000000004,482.20000000000005
2026-08-18 14:53:00-04:00,838.29,143.635,343.095,362.37,482.345
2026-08-18 14:54:00-04:00,838.27,143.64999999999998,342.97,362.385,482.53999999999996
2026-08-18 14:55:00-04:00,837.4649999999999,143.70499999999998,342.77,362.4,482.4
2026-08-18 14:56:00-04:00,837.23,143.7,342.78999999999996,362.37,482.61
2026-08-18 14:57:00-04:00,837.1700000000001,143.68,342.845,362.29999999999995,482.645
2026-08-18 14:58:00-04:00,837.065,143.665,342.82500000000005,362.135,482.655
2026-08-18 14:59:00-04:00,837.3199999999999,143.61,342.765,362.04499999999996,482.55499999999995
2026-08-18 15:00:00-04:00,837.53,143.60000000000002,342.59000000000003,362.02,482.33500000000004
2026-08-18 15:01:00-04:00,836.925,143.63,342.90999999999997,362.16499999999996,482.675
2026-08-18 15:02:00-04:00,837.23,143.615,342.78499999999997,362.315,482.68
2026-08-18 15:03:00-04:00,837.115,143.58499999999998,342.925,362.20000000000005,482.61
2026-08-18 15:04:00-04:00,836.305,143.635,342.765,362.24,482.735
2026-08-18 15:05:00-04:00,836.265,143.64,342.83000000000004,362.08500000000004,482.71000000000004
2026-08-18 15:06:00-04:00,836.3699999999999,143.65499999999997,342.725,361.92,482.77
2026-08-18 15:07:00-04:00,836.25,143.63,342.87,362.05999999999995,482.87
2026-08-18 15:08:00-04:00,836.0,143.64,343.20500000000004,362.16999999999996,483.04499999999996
2026-08-18 15:09:00-04:00,836.595,143.64,343.19,362.205,483.125
2026-08-18 15:10:00-04:00,836.675,143.66,343.185,362.0,483.3
2026-08-18 15:11:00-04:00,837.715,143.64,343.16999999999996,361.985,483.48
2026-08-18 15:12:00-04:00,836.31,143.60500000000002,343.17499999999995,361.935,483.605
2026-08-18 15:13:00-04:00,836.565,143.575,343.24,361.975,483.36
2026-08-18 15:14:00-04:00,836.355,143.56,343.385,362.1,483.25
2026-08-18 15:15:00-04:00,836.3,143.465,343.635,362.20000000000005,483.225
2026-08-18 15:16:00-04:00,837.255,143.43,343.6,362.25,483.17499999999995
2026-08-18 15:17:00-04:00,836.775,143.57,343.72,362.305,483.725
2026-08-18 15:18:00-04:00,836.46,143.69,343.78999999999996,362.405,483.495
2026-08-18 15:19:00-04:00,837.245,143.825,343.76,362.44,483.505
2026-08-18 15:20:00-04:00,837.365,143.82999999999998,343.805,362.345,483.525
2026-08-18 15:21:00-04:00,837.1949999999999,143.72,343.805,362.34000000000003,483.38
2026-08-18 15:22:00-04:00,837.425,143.76,343.84000000000003,362.39,483.425
2026-08-18 15:23:00-04:00,837.8,143.805,343.82,362.495,483.40999999999997
2026-08-18 15:24:00-04:00,837.845,143.79500000000002,343.925,362.37,483.43
2026-08-18 15:25:00-04:00,838.0450000000001,143.72500000000002,343.91499999999996,362.47,483.515
2026-08-18 15:26:00-04:00,837.9200000000001,143.695,344.06,362.36,483.4
2026-08-18 15:27:00-04:00,837.7950000000001,143.695,344.03,362.375,483.315
2026-08-18 15:28:00-04:00,838.56,143.655,343.945,362.38,483.255
2026-08-18 15:29:00-04:00,838.765,143.565,343.97,362.405,483.115
2026-08-18 15:30:00-04:00,838.8399999999999,143.55,344.045,362.275,483.16999999999996
2026-08-18 15:31:00-04:00,838.225,143.51999999999998,344.08500000000004,362.19,483.615
2026-08-18 15:32:00-04:00,838.7249999999999,143.515,344.185,362.25,483.655
2026-08-18 15:33:00-04:00,839.96,143.51999999999998,344.47,362.315,483.32500000000005
2026-08-18 15:34:00-04:00,840.345,143.485,344.53499999999997,362.355,483.21500000000003
2026-08-18 15:35:00-04:00,839.4200000000001,143.51999999999998,344.23,362.29999999999995,483.375
2026-08-18 15:36:00-04:00,839.78,143.47,344.31,362.42999999999995,483.12
2026-08-18 15:37:00-04:00,840.49,143.41,344.06,362.365,482.70000000000005
2026-08-18 15:38:00-04:00,840.88,143.40499999999997,344.13,362.51,482.6
2026-08-18 15:39:00-04:00,840.72,143.39,344.18,362.66499999999996,482.76
2026-08-18 15:40:00-04:00,840.75,143.40499999999997,344.185,362.47,483.18
2026-08-18 15:41:00-04:00,840.91,143.305,344.18,362.445,482.97
2026-08-18 15:42:00-04:00,841.255,143.31,344.15999999999997,362.445,482.49
2026-08-18 15:43:00-04:00,841.855,143.3,344.23,362.56,482.5
2026-08-18 15:44:00-04:00,842.25,143.22,344.265,362.485,482.255
2026-08-18 15:45:00-04:00,842.245,143.22,344.21000000000004,362.45500000000004,482.345
2026-08-18 15:46:00-04:00,842.2850000000001,143.2,344.34000000000003,362.655,482.145
2026-08-18 15:47:00-04:00,842.2049999999999,143.185,344.23,362.65999999999997,482.13
2026-08-18 15:48:00-04:00,841.665,143.185,344.21500000000003,362.29999999999995,482.14
2026-08-18 15:49:00-04:00,841.75,143.25,344.055,362.40999999999997,481.97
2026-08-18 15:50:00-04:00,841.77,143.3,344.105,362.565,482.15999999999997
2026-08-18 15:51:00-04:00,842.4449999999999,143.3,344.07,362.67999999999995,482.21500000000003
2026-08-18 15:52:00-04:00,842.02,143.345,343.975,362.7,481.96000000000004
2026-08-18 15:53:00-04:00,842.015,143.41,344.115,362.54999999999995,482.145
2026-08-18 15:54:00-04:00,841.7449999999999,143.44,344.21000000000004,362.66499999999996,482.12
2026-08-18 15:55:00-04:00,841.645,143.42000000000002,344.23,362.655,481.88
2026-08-18 15:56:00-04:00,843.555,143.475,344.365,362.96000000000004,481.69500000000005
2026-08-18 15:57:00-04:00,843.3499999999999,143.425,344.24,363.105,481.435
2026-08-18 15:58:00-04:00,843.01,143.51,344.04499999999996,363.17499999999995,481.28
2026-08-18 15:59:00-04:00,843.49,143.61,344.125,363.28999999999996,481.63
2026-08-18 16:00:00-04:00,841.03,143.445,344.08000000000004,363.28999999999996,481.83500000000004
2026-08-19 13:30:00-04:00,811.3199999999999,144.265,344.065,357.235,483.445
2026-08-19 13:31:00-04:00,811.04,144.28,343.91499999999996,357.28,483.66
2026-08-19 13:32:00-04:00,810.71,144.245,343.87,357.14,483.39
2026-08-19 13:33:00-04:00,810.615,144.28,343.745,357.115,483.175
2026-08-19 13:34:00-04:00,810.865,144.195,343.70500000000004,357.235,483.175
2026-08-19 13:35:00-04:00,810.505,144.215,343.66999999999996,357.265,483.175
2026-08-19 13:36:00-04:00,810.26,144.2,343.90999999999997,357.14,483.07500000000005
2026-08-19 13:37:00-04:00,810.505,144.185,343.98,357.275,483.135
2026-08-19 13:38:00-04:00,810.1800000000001,144.20499999999998,344.11,357.095,483.09
2026-08-19 13:39:00-04:00,809.98,144.225,344.19,357.09000000000003,483.37
2026-08-19 13:40:00-04:00,809.79,144.255,344.13,356.89,483.405
2026-08-19 13:41:00-04:00,809.5550000000001,144.18,344.23,356.95,483.375
2026-08-19 13:42:00-04:00,809.5899999999999,144.255,344.36,356.92,483.53
2026-08-19 13:43:00-04:00,810.8199999999999,144.26,344.255,356.86,483.47
2026-08-19 13:44:00-04:00,810.095,144.31,344.19,356.9,483.52
2026-08-19 13:45:00-04:00,810.225,144.29000000000002,344.145,356.78999999999996,483.57500000000005
2026-08-19 13:46:00-04:00,810.56,144.31,344.05499999999995,357.005,483.58
2026-08-19 13:47:00-04:00,810.1700000000001,144.335,343.875,356.705,483.345
2026-08-19 13:48:00-04:00,809.71,144.38,343.655,356.81,483.345
2026-08-19 13:49:00-04:00,810.0350000000001,144.32,343.70500000000004,356.9,483.38
2026-08-19 13:50:00-04:00,809.415,144.32,343.675,356.71000000000004,483.515
2026-08-19 13:51:00-04:00,809.03,144.32,343.53999999999996,356.605,483.675
2026-08-19 13:52:00-04:00,808.985,144.305,343.79499999999996,356.28999999999996,483.935
2026-08-19 13:53:00-04:00,808.405,144.325,343.94,356.265,484.155
2026-08-19 13:54:00-04:00,809.375,144.3,344.135,356.24,484.11
2026-08-19 13:55:00-04:00,809.135,144.28,343.99,356.04499999999996,483.905
2026-08-19 13:56:00-04:00,809.075,144.22,343.84000000000003,356.17499999999995,483.725
2026-08-19 13:57:00-04:00,808.9649999999999,144.225,343.92499999999995,356.2,483.83000000000004
2026-08-19 13:58:00-04:00,808.8399999999999,144.245,343.885,356.33000000000004,483.725
2026-08-19 13:59:00-04:00,809.0550000000001,144.24,343.74,356.225,483.70000000000005
2026-08-19 14:00:00-04:00,809.175,144.26999999999998,343.725,356.20500000000004,483.78
2026-08-19 14:01:00-04:00,809.165,144.28,343.69500000000005,356.19500000000005,483.92
2026-08-19 14:02:00-04:00,809.06,144.375,343.92499999999995,356.215,484.06
2026-08-19 14:03:00-04:00,810.285,144.36,344.11,356.695,484.15
2026-08-19 14:04:00-04:00,810.005,144.335,344.225,356.905,483.95500000000004
2026-08-19 14:05:00-04:00,809.62,144.385,344.21000000000004,356.35,483.95500000000004
2026-08-19 14:06:00-04:00,809.49,144.42000000000002,344.015,356.255,483.645
2026-08-19 14:07:00-04:00,807.845,144.45,343.78499999999997,356.21500000000003,483.755
2026-08-19 14:08:00-04:00,806.9549999999999,144.485,343.78999999999996,356.28499999999997,483.61
2026-08-19 14:09:00-04:00,806.805,144.56,343.775,356.18,483.63
2026-08-19 14:10:00-04:00,806.8800000000001,144.51999999999998,343.735,356.18,483.66999999999996
2026-08-19 14:11:00-04:00,806.5450000000001,144.55,343.93,356.23,483.935
2026-08-19 14:12:00-04:00,806.2049999999999,144.68,344.08,356.28499999999997,484.275
2026-08-19 14:13:00-04:00,806.6600000000001,144.625,344.05,356.185,484.575
2026-08-19 14:14:00-04:00,807.13,144.635,344.02,356.145,484.07
2026-08-19 14:15:00-04:00,807.06,144.64999999999998,344.015,356.04499999999996,484.345
2026-08-19 14:16:00-04:00,807.54,144.63,344.03,355.865,484.065
2026-08-19 14:17:00-04:00,806.9100000000001,144.71499999999997,344.04499999999996,355.935,483.97
2026-08-19 14:18:00-04:00,807.2,144.64499999999998,343.92499999999995,356.19500000000005,483.84000000000003
2026-08-19 14:19:00-04:00,808.345,144.56,343.83000000000004,356.33500000000004,483.86
2026-08-19 14:20:00-04:00,808.2249999999999,144.59,343.74,356.46500000000003,483.68
2026-08-19 14:21:00-04:00,808.03,144.57999999999998,343.81,356.47,483.92
2026-08-19 14:22:00-04:00,807.62,144.60500000000002,343.78999999999996,356.625,483.90999999999997
2026-08-19 14:23:00-04:00,807.23,144.62,343.945,356.38,483.905
2026-08-19 14:24:00-04:00,807.41,144.60500000000002,343.95500000000004,356.53999999999996,483.895
2026-08-19 14:25:00-04:00,807.415,144.59,344.075,356.47,483.87
2026-08-19 14:26:00-04:00,807.63,144.615,344.06,356.44000000000005,484.14
2026-08-19 14:27:00-04:00,807.7249999999999,144.565,343.905,356.275,484.1
2026-08-19 14:28:00-04:00,808.1600000000001,144.555,343.83000000000004,356.125,484.145
2026-08-19 14:29:00-04:00,808.275,144.655,343.90999999999997,356.21500000000003,484.145
2026-08-19 14:30:00-04:00,808.59,144.615,343.78999999999996,356.28499999999997,484.03999999999996
2026-08-19 14:31:00-04:00,809.495,144.57999999999998,343.96000000000004,356.39,484.20500000000004
2026-08-19 14:32:00-04:00,809.1,144.575,343.975,356.425,484.23
2026-08-19 14:33:00-04:00,809.095,144.51999999999998,343.935,356.42999999999995,484.0
2026-08-19 14:34:00-04:00,808.585,144.57,344.06,356.635,484.005
2026-08-19 14:35:00-04:00,809.5450000000001,144.585,344.16499999999996,356.56,484.15
2026-08-19 14:36:00-04:00,809.1949999999999,144.595,344.255,356.64,484.15
2026-08-19 14:37:00-04:00,808.385,144.62,344.095,356.57,484.11
2026-08-19 14:38:00-04:00,807.74,144.64999999999998,344.22,356.55999999999995,484.41999999999996
2026-08-19 14:39:00-04:00,807.685,144.655,344.19,356.5,484.35
2026-08-19 14:40:00-04:00,807.765,144.68,344.13,356.46500000000003,484.395
2026-08-19 14:41:00-04:00,808.2950000000001,144.68,344.07,356.34000000000003,484.505
2026-08-19 14:42:00-04:00,808.745,144.66500000000002,344.04999999999995,356.175,484.41999999999996
2026-08-19 14:43:00-04:00,808.675,144.635,343.975,356.15,484.065
2026-08-19 14:44:00-04:00,809.62,144.57,343.855,356.08000000000004,483.85
2026-08-19 14:45:00-04:00,809.77,144.54500000000002,343.51,356.135,483.88
2026-08-19 14:46:00-04:00,808.83,144.59,343.735,356.435,483.875
2026-08-19 14:47:00-04:00,808.785,144.63,343.63,356.475,483.54999999999995
2026-08-19 14:48:00-04:00,809.54,144.635,343.635,356.6,483.58
2026-08-19 14:49:00-04:00,809.665,144.58499999999998,343.635,356.30499999999995,483.57
2026-08-19 14:50:00-04:00,809.785,144.64499999999998,343.82500000000005,356.53499999999997,483.775
2026-08-19 14:51:00-04:00,810.2249999999999,144.65499999999997,343.815,356.815,483.705
2026-08-19 14:52:00-04:00,810.26,144.64499999999998,343.83500000000004,356.63,483.645
2026-08-19 14:53:00-04:00,810.245,144.69,343.71000000000004,356.58500000000004,483.485
2026-08-19 14:54:00-04:00,810.22,144.675,344.16499999999996,356.525,483.515
2026-08-19 14:55:00-04:00,810.5899999999999,144.735,344.355,356.53,483.44
2026-08-19 14:56:00-04:00,811.035,144.73000000000002,344.64,356.66,483.67499999999995
2026-08-19 14:57:00-04:00,809.73,144.86,344.52,356.425,483.84000000000003
2026-08-19 14:58:00-04:00,809.635,144.88,344.53,356.505,483.935
2026-08-19 14:59:00-04:00,809.87,144.85500000000002,344.345,356.67,483.9
2026-08-19 15:00:00-04:00,810.56,144.815,344.46500000000003,356.54499999999996,483.79499999999996
2026-08-19 15:01:00-04:00,810.795,144.76999999999998,344.44500000000005,356.625,483.85
2026-08-19 15:02:00-04:00,810.72,144.765,344.345,356.755,483.885
2026-08-19 15:03:00-04:00,810.405,144.745,344.35,356.365,484.20500000000004
2026-08-19 15:04:00-04:00,810.245,144.79000000000002,344.31,356.33000000000004,484.275
2026-08-19 15:05:00-04:00,810.135,144.735,344.32,356.68,484.21000000000004
2026-08-19 15:06:00-04:00,810.235,144.67000000000002,344.44,356.425,484.19500000000005
2026-08-19 15:07:00-04:00,810.665,144.72500000000002,344.22,356.505,484.09000000000003
2026-08-19 15:08:00-04:00,810.995,144.715,344.335,356.345,484.04999999999995
2026-08-19 15:09:00-04:00,811.155,144.625,344.49,356.645,484.40999999999997
2026-08-19 15:10:00-04:00,810.6700000000001,144.7,344.565,356.57,484.43
2026-08-19 15:11:00-04:00,810.44,144.77499999999998,344.53499999999997,356.79999999999995,484.44500000000005
2026-08-19 15:12:00-04:00,811.42,144.76,344.755,356.745,484.68
2026-08-19 15:13:00-04:00,812.13,144.70499999999998,344.61,356.805,484.51
2026-08-19 15:14:00-04:00,811.59,144.75,344.78999999999996,356.88,484.43
2026-08-19 15:15:00-04:00,812.39,144.76,344.63,356.89,484.255
2026-08-19 15:16:00-04:00,812.765,144.755,344.575,356.84000000000003,484.355
2026-08-19 15:17:00-04:00,811.3050000000001,144.845,344.54499999999996,356.765,484.49
2026-08-19 15:18:00-04:00,811.69,144.92000000000002,344.38,356.765,484.47
2026-08-19 15:19:00-04:00,812.25,144.97500000000002,344.54999999999995,356.78499999999997,484.455
2026-08-19 15:20:00-04:00,812.02,144.98000000000002,344.65,356.81,484.515
2026-08-19 15:21:00-04:00,812.615,144.96499999999997,344.505,356.97,484.47
2026-08-19 15:22:00-04:00,811.95,144.98000000000002,344.385,356.755,484.26
2026-08-19 15:23:00-04:00,812.78,144.985,344.45000000000005,356.97,484.19500000000005
2026-08-19 15:24:00-04:00,813.745,144.915,344.425,357.08500000000004,484.12
2026-08-19 15:25:00-04:00,814.155,144.91,344.645,357.08000000000004,483.97
2026-08-19 15:26:00-04:00,814.6949999999999,144.89,344.44,357.12,483.76
2026-08-19 15:27:00-04:00,815.065,144.76,344.34000000000003,357.2,483.76
2026-08-19 15:28:00-04:00,814.11,144.82999999999998,344.315,357.28,483.975
2026-08-19 15:29:00-04:00,814.58,144.845,343.99,357.04499999999996,483.75
2026-08-19 15:30:00-04:00,813.73,144.88,344.105,356.905,483.75
2026-08-19 15:31:00-04:00,814.145,144.935,344.365,357.135,483.91999999999996
2026-08-19 15:32:00-04:00,813.9000000000001,144.84,344.555,357.245,484.105
2026-08-19 15:33:00-04:00,814.5699999999999,144.785,344.58,357.44500000000005,484.135
2026-08-19 15:34:00-04:00,814.53,144.735,344.63,357.365,484.145
2026-08-19 15:35:00-04:00,815.23,144.79000000000002,344.64,357.125,483.935
2026-08-19 15:36:00-04:00,814.27,144.755,344.42499999999995,356.865,484.015
2026-08-19 15:37:00-04:00,814.02,144.735,344.39,356.62,483.645
2026-08-19 15:38:00-04:00,813.125,144.72,344.4,356.69,483.435
2026-08-19 15:39:00-04:00,813.35,144.695,344.63,356.575,483.31
2026-08-19 15:40:00-04:00,813.51,144.72,344.725,356.5,483.16499999999996
2026-08-19 15:41:00-04:00,813.62,144.68,344.84000000000003,356.525,483.355
2026-08-19 15:42:00-04:00,813.39,144.71499999999997,344.93,356.33000000000004,483.49
2026-08-19 15:43:00-04:00,813.45,144.70999999999998,344.93,356.40999999999997,483.355
2026-08-19 15:44:00-04:00,813.145,144.765,344.76,356.5,483.28999999999996
2026-08-19 15:45:00-04:00,813.2149999999999,144.68,345.04999999999995,356.685,483.475
2026-08-19 15:46:00-04:00,814.5550000000001,144.65499999999997,344.88,356.76,483.51
2026-08-19 15:47:00-04:00,815.54,144.63,344.65,357.065,483.08
2026-08-19 15:48:00-04:00,815.325,144.615,344.695,357.19000000000005,483.185
2026-08-19 15:49:00-04:00,815.3050000000001,144.64499999999998,344.68,356.94000000000005,482.96500000000003
2026-08-19 15:50:00-04:00,815.3199999999999,144.555,344.79499999999996,356.96500000000003,483.225
2026-08-19 15:51:00-04:00,814.905,144.38,344.77,357.19,483.53499999999997
2026-08-19 15:52:00-04:00,815.0,144.29500000000002,344.765,357.17499999999995,483.65
2026-08-19 15:53:00-04:00,815.575,144.315,344.875,357.20000000000005,483.875
2026-08-19 15:54:00-04:00,816.17,144.325,344.85,357.255,483.775
2026-08-19 15:55:00-04:00,815.3,144.34500000000003,345.04499999999996,357.355,483.685
2026-08-19 15:56:00-04:00,814.435,144.28,344.505,357.30499999999995,484.28999999999996
2026-08-19 15:57:00-04:00,814.44,144.43,344.675,357.275,484.595
2026-08-19 15:58:00-04:00,814.605,144.45999999999998,344.735,357.08500000000004,484.29499999999996
2026-08-19 15:59:00-04:00,814.7850000000001,144.485,344.75,357.28999999999996,484.08000000000004
2026-08-19 16:00:00-04:00,816.02,144.385,344.79999999999995,357.31,484.47
2026-08-20 13:30:00-04:00,804.475,143.13,341.015,353.78499999999997,481.945
2026-08-20 13:31:00-04:00,803.7249999999999,143.14499999999998,341.075,353.83000000000004,481.63
2026-08-20 13:32:00-04:00,803.585,143.14499999999998,341.12,353.865,481.78
2026-08-20 13:33:00-04:00,803.505,143.14,340.975,353.645,481.9
2026-08-20 13:34:00-04:00,803.7049999999999,143.11,340.86,353.66999999999996,481.985
2026-08-20 13:35:00-04:00,803.825,143.07,340.745,353.725,482.11
2026-08-20 13:36:00-04:00,804.565,143.06,340.66499999999996,353.63,482.02
2026-08-20 13:37:00-04:00,804.6400000000001,143.07,340.685,353.58500000000004,481.95500000000004
2026-08-20 13:38:00-04:00,804.365,143.075,340.65999999999997,353.28999999999996,481.845
2026-08-20 13:39:00-04:00,804.745,143.14,340.66999999999996,353.35,481.885
2026-08-20 13:40:00-04:00,805.02,143.08499999999998,340.685,353.405,481.76
2026-08-20 13:41:00-04:00,804.535,143.09,340.69,353.32,481.87
2026-08-20 13:42:00-04:00,804.63,143.075,340.63,353.40999999999997,481.59000000000003
2026-08-20 13:43:00-04:00,804.285,143.11,340.695,353.31,481.875
2026-08-20 13:44:00-04:00,804.36,143.10500000000002,340.69,353.315,481.83500000000004
2026-08-20 13:45:00-04:00,804.71,143.14,340.70000000000005,353.2,482.23
2026-08-20 13:46:00-04:00,804.855,143.07,340.87,353.12,481.89
2026-08-20 13:47:00-04:00,804.6,143.08499999999998,340.84000000000003,353.28499999999997,482.08000000000004
2026-08-20 13:48:00-04:00,804.76,142.99,340.84000000000003,353.19,482.115
2026-08-20 13:49:00-04:00,804.635,142.97500000000002,341.07500000000005,353.25,482.20500000000004
2026-08-20 13:50:00-04:00,804.37,143.01999999999998,340.985,353.245,482.22
2026-08-20 13:51:00-04:00,804.6949999999999,143.0,340.99,353.14,482.445
2026-08-20 13:52:00-04:00,804.8050000000001,143.015,340.97,353.17499999999995,482.395
2026-08-20 13:53:00-04:00,804.855,143.055,340.87,353.33500000000004,482.08
2026-08-20 13:54:00-04:00,804.86,143.115,340.88,353.425,482.15
2026-08-20 13:55:00-04:00,805.015,143.125,340.78499999999997,353.555,482.04499999999996
2026-08-20 13:56:00-04:00,804.815,143.07999999999998,340.815,353.53999999999996,481.855
2026-08-20 13:57:00-04:00,805.28,143.065,340.845,353.47,481.615
2026-08-20 13:58:00-04:00,804.885,143.06,340.985,353.52,481.54499999999996
2026-08-20 13:59:00-04:00,804.69,143.07999999999998,340.91499999999996,353.53,481.54999999999995
2026-08-20 14:00:00-04:00,804.8399999999999,143.04000000000002,340.935,353.52,481.41
2026-08-20 14:01:00-04:00,805.005,143.035,340.69500000000005,353.41499999999996,481.35
2026-08-20 14:02:00-04:00,804.885,143.02499999999998,340.51,353.59000000000003,481.165
2026-08-20 14:03:00-04:00,804.575,142.935,340.16999999999996,353.59000000000003,480.94000000000005
2026-08-20 14:04:00-04:00,804.885,142.995,340.12,353.735,480.99
2026-08-20 14:05:00-04:00,804.9200000000001,143.01999999999998,340.1,353.79499999999996,480.67499999999995
2026-08-20 14:06:00-04:00,803.97,142.995,339.975,353.71500000000003,480.775
2026-08-20 14:07:00-04:00,803.85,143.04000000000002,339.93,353.755,480.725
2026-08-20 14:08:00-04:00,803.2750000000001,143.05,339.93,353.645,481.005
2026-08-20 14:09:00-04:00,803.165,143.065,339.875,353.82,480.9
2026-08-20 14:10:00-04:00,803.915,143.07,339.875,353.76,480.695
2026-08-20 14:11:00-04:00,803.27,143.09,339.71000000000004,353.73,480.61
2026-08-20 14:12:00-04:00,803.4000000000001,143.055,339.725,353.805,480.78999999999996
2026-08-20 14:13:00-04:00,803.65,143.03,339.73,353.755,480.77
2026-08-20 14:14:00-04:00,803.855,143.04000000000002,339.74,353.77,480.78499999999997
2026-08-20 14:15:00-04:00,803.625,143.01999999999998,339.65999999999997,353.655,480.715
2026-08-20 14:16:00-04:00,803.32,143.055,339.70500000000004,353.75,480.77
2026-08-20 14:17:00-04:00,802.575,143.035,339.58500000000004,353.59000000000003,480.675
2026-08-20 14:18:00-04:00,802.745,142.995,339.75,353.69,480.62
2026-08-20 14:19:00-04:00,803.5450000000001,142.93,339.81,353.495,480.685
2026-08-20 14:20:00-04:00,803.605,142.965,340.01,353.475,480.82
2026-08-20 14:21:00-04:00,803.665,143.005,340.08500000000004,353.79999999999995,480.865
2026-08-20 14:22:00-04:00,803.575,143.0,340.105,353.71000000000004,480.96000000000004
2026-08-20 14:23:00-04:00,803.275,143.005,340.1,353.67499999999995,481.09000000000003
2026-08-20 14:24:00-04:00,803.17,143.04000000000002,339.96000000000004,353.86,481.17
2026-08-20 14:25:00-04:00,803.135,143.03500000000003,339.83500000000004,353.705,481.0
2026-08-20 14:26:00-04:00,802.685,143.005,339.875,353.645,480.97
2026-08-20 14:27:00-04:00,802.685,143.0,339.855,353.615,481.09000000000003
2026-08-20 14:28:00-04:00,802.2,143.005,339.89,353.605,481.115
2026-08-20 14:29:00-04:00,802.155,143.0,339.93,353.745,481.33500000000004
2026-08-20 14:30:00-04:00,802.0799999999999,142.98000000000002,339.83,353.71500000000003,481.445
2026-08-20 14:31:00-04:00,801.79,142.995,339.855,353.68,481.31
2026-08-20 14:32:00-04:00,801.885,142.95999999999998,339.915,353.7,481.38
2026-08-20 14:33:00-04:00,801.7,143.02499999999998,339.985,353.56,481.45
2026-08-20 14:34:00-04:00,801.165,143.04000000000002,339.935,353.40999999999997,481.39
2026-08-20 14:35:00-04:00,801.2149999999999,143.07,339.985,353.445,481.40999999999997
2026-08-20 14:36:00-04:00,801.69,143.06,340.135,353.605,481.47
2026-08-20 14:37:00-04:00,802.5550000000001,143.05,340.37,353.57000000000005,481.685
2026-08-20 14:38:00-04:00,802.905,143.065,340.28499999999997,353.595,481.625
2026-08-20 14:39:00-04:00,802.835,143.07,340.25,353.70000000000005,481.565
2026-08-20 14:40:00-04:00,802.915,143.03,340.095,353.58,481.515
2026-08-20 14:41:00-04:00,803.015,142.975,340.075,353.515,481.59000000000003
2026-08-20 14:42:00-04:00,802.73,142.995,340.21000000000004,353.48,481.71000000000004
2026-08-20 14:43:00-04:00,802.9549999999999,143.0,340.41499999999996,353.515,481.775
2026-08-20 14:44:00-04:00,802.72,143.01999999999998,340.345,353.52,481.75
2026-08-20 14:45:00-04:00,802.6949999999999,143.015,340.315,353.45000000000005,481.89
2026-08-20 14:46:00-04:00,802.645,142.985,340.235,353.445,481.95000000000005
2026-08-20 14:47:00-04:00,802.665,142.99,340.21000000000004,353.19500000000005,482.16499999999996
2026-08-20 14:48:00-04:00,802.8299999999999,143.01,340.28499999999997,353.275,482.29
2026-08-20 14:49:00-04:00,802.78,143.015,340.29499999999996,353.26,482.335
2026-08-20 14:50:00-04:00,802.8,143.07,340.195,353.19500000000005,482.33
2026-08-20 14:51:00-04:00,802.8399999999999,143.07,340.21500000000003,353.28499999999997,482.39
2026-08-20 14:52:00-04:00,802.79,143.07999999999998,340.305,353.05,482.495
2026-08-20 14:53:00-04:00,802.8050000000001,143.10000000000002,340.115,352.93,482.17999999999995
2026-08-20 14:54:00-04:00,802.56,143.07,340.17,352.95500000000004,482.225
2026-08-20 14:55:00-04:00,802.015,143.10000000000002,340.175,352.975,482.405
2026-08-20 14:56:00-04:00,802.145,143.11,340.20000000000005,352.995,482.24
2026-08-20 14:57:00-04:00,802.12,143.11,340.255,352.91999999999996,482.16999999999996
2026-08-20 14:58:00-04:00,802.2,143.16500000000002,340.225,353.025,482.19
2026-08-20 14:59:00-04:00,801.735,143.06,340.145,352.96500000000003,482.33
2026-08-20 15:00:00-04:00,801.71,143.09,340.065,352.95500000000004,482.09000000000003
2026-08-20 15:01:00-04:00,801.935,143.07,340.15999999999997,352.54499999999996,482.29
2026-08-20 15:02:00-04:00,802.0150000000001,142.92000000000002,340.24,352.54999999999995,482.245
2026-08-20 15:03:00-04:00,802.24,142.90499999999997,340.21500000000003,352.61,482.28
2026-08-20 15:04:00-04:00,802.4300000000001,142.89499999999998,340.20000000000005,352.63,482.07500000000005
2026-08-20 15:05:00-04:00,802.895,142.965,340.21500000000003,352.65,482.1
2026-08-20 15:06:00-04:00,802.5250000000001,142.93,340.245,352.73,481.935
2026-08-20 15:07:00-04:00,802.895,142.95,340.15999999999997,352.78,482.055
2026-08-20 15:08:00-04:00,802.97,143.06,340.265,352.71000000000004,482.125
2026-08-20 15:09:00-04:00,803.79,142.985,340.245,352.635,482.03
2026-08-20 15:10:00-04:00,804.75,143.055,340.425,352.725,481.95
2026-08-20 15:11:00-04:00,804.375,143.005,340.425,352.68,481.96000000000004
2026-08-20 15:12:00-04:00,804.47,142.995,340.36,352.89,481.88
2026-08-20 15:13:00-04:00,804.55,142.965,340.405,352.65,481.90999999999997
2026-08-20 15:14:00-04:00,804.62,142.93,340.56,352.67,481.89
2026-08-20 15:15:00-04:00,805.1600000000001,142.89999999999998,340.68,352.61,482.105
2026-08-20 15:16:00-04:00,805.38,142.78500000000003,340.73,352.69500000000005,482.325
2026-08-20 15:17:00-04:00,805.515,142.76999999999998,340.74,352.765,482.35
2026-08-20 15:18:00-04:00,806.0899999999999,142.86,340.68,352.59000000000003,482.08
2026-08-20 15:19:00-04:00,806.875,142.87,340.7,352.635,481.935
2026-08-20 15:20:00-04:00,807.12,142.835,340.745,352.67,481.74
2026-08-20 15:21:00-04:00,807.425,142.865,340.71500000000003,352.64,481.58500000000004
2026-08-20 15:22:00-04:00,807.485,142.915,340.745,352.595,481.745
2026-08-20 15:23:00-04:00,807.735,142.86,340.875,352.74,481.675
2026-08-20 15:24:00-04:00,808.215,142.835,340.79499999999996,352.755,481.57000000000005
2026-08-20 15:25:00-04:00,808.4100000000001,142.85500000000002,340.865,352.635,481.905
2026-08-20 15:26:00-04:00,807.88,142.75,340.85,352.685,481.83500000000004
2026-08-20 15:27:00-04:00,807.97,142.76,341.02,352.655,481.90999999999997
2026-08-20 15:28:00-04:00,808.29,142.825,340.83000000000004,352.63,481.79499999999996
2026-08-20 15:29:00-04:00,808.69,142.78500000000003,340.86,352.53,481.95500000000004
2026-08-20 15:30:00-04:00,808.71,142.76999999999998,340.905,352.44,482.065
2026-08-20 15:31:00-04:00,808.5,142.91500000000002,341.125,352.44500000000005,481.925
2026-08-20 15:32:00-04:00,808.825,142.95,341.055,352.33000000000004,481.56
2026-08-20 15:33:00-04:00,808.73,143.075,341.075,352.29499999999996,481.71
2026-08-20 15:34:00-04:00,808.72,143.14999999999998,340.99,352.33000000000004,481.66499999999996
2026-08-20 15:35:00-04:00,808.085,143.04000000000002,340.92,352.355,481.625
2026-08-20 15:36:00-04:00,807.9749999999999,143.07,340.885,352.28499999999997,481.705
2026-08-20 15:37:00-04:00,808.065,143.215,340.945,352.26,482.15
2026-08-20 15:38:00-04:00,808.0550000000001,143.09,340.96000000000004,352.20500000000004,482.28999999999996
2026-08-20 15:39:00-04:00,808.7149999999999,143.14,340.96000000000004,352.38,482.16999999999996
2026-08-20 15:40:00-04:00,808.715,143.15499999999997,341.105,352.33000000000004,482.14
2026-08-20 15:41:00-04:00,808.8050000000001,143.125,341.0,352.35,481.90999999999997
2026-08-20 15:42:00-04:00,809.2850000000001,143.235,340.985,352.38,481.85
2026-08-20 15:43:00-04:00,809.545,143.29000000000002,340.94,352.53999999999996,481.775
2026-08-20 15:44:00-04:00,809.645,143.26,340.875,352.68,481.58500000000004
2026-08-20 15:45:00-04:00,809.4300000000001,143.35000000000002,341.015,352.635,481.79499999999996
2026-08-20 15:46:00-04:00,809.635,143.39499999999998,341.025,352.475,481.88
2026-08-20 15:47:00-04:00,809.8,143.415,341.145,352.53499999999997,481.62
2026-08-20 15:48:00-04:00,809.53,143.34,341.18,352.70500000000004,481.86
2026-08-20 15:49:00-04:00,810.2850000000001,143.32,341.445,352.635,481.71500000000003
2026-08-20 15:50:00-04:00,810.645,143.335,341.505,352.625,481.80499999999995
2026-08-20 15:51:00-04:00,810.9849999999999,143.26,341.40999999999997,352.55499999999995,481.93
2026-08-20 15:52:00-04:00,811.0799999999999,143.385,341.015,352.78499999999997,482.005
2026-08-20 15:53:00-04:00,811.215,143.42000000000002,340.975,352.71500000000003,482.105
2026-08-20 15:54:00-04:00,811.635,143.36,340.845,352.70000000000005,481.995
2026-08-20 15:55:00-04:00,810.7750000000001,143.375,341.065,352.75,481.305
2026-08-20 15:56:00-04:00,812.875,143.26,340.04999999999995,352.645,480.985
2026-08-20 15:57:00-04:00,813.135,143.135,340.355,352.615,480.78999999999996
2026-08-20 15:58:00-04:00,813.27,143.13,340.27,352.73,480.80499999999995
2026-08-20 15:59:00-04:00,814.35,142.95999999999998,340.5,352.595,480.95500000000004
2026-08-20 16:00:00-04:00,815.4549999999999,143.01,340.67499999999995,352.025,481.37
2026-08-21 13:30:00-04:00,826.98,145.115,345.22,350.565,484.155
2026-08-21 13:31:00-04:00,827.11,145.135,345.29499999999996,350.495,483.805
2026-08-21 13:32:00-04:00,827.665,145.10000000000002,345.26,350.445,483.725
2026-08-21 13:33:00-04:00,827.77,145.10500000000002,345.13,350.605,483.255
2026-08-21 13:34:00-04:00,828.07,145.12,345.235,350.55,483.03499999999997
2026-08-21 13:35:00-04:00,827.905,145.09500000000003,345.02,350.6,482.855
2026-08-21 13:36:00-04:00,828.355,145.11,345.155,350.645,483.03
2026-08-21 13:37:00-04:00,828.615,145.125,345.315,350.76,483.03499999999997
2026-08-21 13:38:00-04:00,829.1700000000001,145.04500000000002,345.24,350.57500000000005,482.85
2026-08-21 13:39:00-04:00,829.49,145.075,345.245,350.53499999999997,482.825
2026-08-21 13:40:00-04:00,829.3050000000001,144.95999999999998,345.14,350.6,482.76
2026-08-21 13:41:00-04:00,829.0899999999999,144.995,345.315,350.86,482.625
2026-08-21 13:42:00-04:00,829.12,145.01,345.355,351.04,482.79499999999996
2026-08-21 13:43:00-04:00,829.145,145.015,345.26,350.92499999999995,482.825
2026-08-21 13:44:00-04:00,829.06,144.995,345.24,350.975,482.85
2026-08-21 13:45:00-04:00,829.235,145.055,345.21500000000003,350.96500000000003,482.84000000000003
2026-08-21 13:46:00-04:00,830.1600000000001,145.03,345.15999999999997,351.08500000000004,482.775
2026-08-21 13:47:00-04:00,830.345,145.03500000000003,345.245,351.03499999999997,482.635
2026-08-21 13:48:00-04:00,830.815,145.07999999999998,345.195,351.22,482.725
2026-08-21 13:49:00-04:00,830.65,145.065,345.18,351.25,482.495
2026-08-21 13:50:00-04:00,830.425,145.04000000000002,345.13,351.365,482.45500000000004
2026-08-21 13:51:00-04:00,830.85,144.985,345.21000000000004,351.46500000000003,482.53999999999996
2026-08-21 13:52:00-04:00,830.14,145.0,345.145,351.445,482.35
2026-08-21 13:53:00-04:00,829.74,145.0,345.14,351.325,482.41999999999996
2026-08-21 13:54:00-04:00,829.605,145.005,345.20500000000004,351.35,482.53499999999997
2026-08-21 13:55:00-04:00,829.895,144.98000000000002,345.11,351.225,482.48
2026-08-21 13:56:00-04:00,830.0699999999999,144.985,344.99,351.125,482.33000000000004
2026-08-21 13:57:00-04:00,829.99,144.99,344.98,351.345,481.97
2026-08-21 13:58:00-04:00,830.24,144.99,344.89,351.36,481.82500000000005
2026-08-21 13:59:00-04:00,830.135,145.055,344.895,351.355,481.54999999999995
2026-08-21 14:00:00-04:00,830.53,145.055,344.69,351.485,481.365
2026-08-21 14:01:00-04:00,830.31,145.065,344.71000000000004,351.56,481.45000000000005
2026-08-21 14:02:00-04:00,830.44,145.01,344.625,351.52,481.565
2026-08-21 14:03:00-04:00,831.265,145.01,344.70500000000004,351.57,481.405
2026-08-21 14:04:00-04:00,831.3199999999999,145.015,345.115,351.49,481.53
2026-08-21 14:05:00-04:00,831.235,145.02499999999998,345.04499999999996,351.47,481.57000000000005
2026-08-21 14:06:00-04:00,831.2,144.985,344.83000000000004,351.53999999999996,481.53
2026-08-21 14:07:00-04:00,831.375,144.99,344.61,351.495,481.49
2026-08-21 14:08:00-04:00,830.925,145.02499999999998,344.655,351.725,481.03999999999996
2026-08-21 14:09:00-04:00,831.5450000000001,144.935,344.70500000000004,351.77,481.03999999999996
2026-08-21 14:10:00-04:00,830.8499999999999,144.89,344.67,351.77,481.015
2026-08-21 14:11:00-04:00,830.89,144.905,344.84000000000003,351.68,481.225
2026-08-21 14:12:00-04:00,830.31,144.865,344.865,351.82500000000005,481.095
2026-08-21 14:13:00-04:00,829.345,144.89,344.885,351.865,481.47
2026-08-21 14:14:00-04:00,828.875,144.925,344.885,351.845,481.255
2026-08-21 14:15:00-04:00,828.51,145.0,344.90999999999997,351.775,481.355
2026-08-21 14:16:00-04:00,829.61,144.905,344.875,351.875,481.31
2026-08-21 14:17:00-04:00,829.665,144.875,344.86,351.935,481.42499999999995
2026-08-21 14:18:00-04:00,829.61,144.90499999999997,344.805,352.105,481.355
2026-08-21 14:19:00-04:00,829.6,144.90499999999997,344.675,352.16,481.44500000000005
2026-08-21 14:20:00-04:00,829.34,144.91,344.69,352.11,481.515
2026-08-21 14:21:00-04:00,829.505,144.91,344.595,352.05499999999995,481.5
2026-08-21 14:22:00-04:00,830.1949999999999,144.94,344.74,352.005,481.42499999999995
2026-08-21 14:23:00-04:00,830.235,144.915,344.71500000000003,351.95,481.39
2026-08-21 14:24:00-04:00,830.595,144.92000000000002,344.655,352.03,481.325
2026-08-21 14:25:00-04:00,831.075,144.885,344.61,352.19,481.26
2026-08-21 14:26:00-04:00,831.105,144.92000000000002,344.53999999999996,351.98,480.94000000000005
2026-08-21 14:27:00-04:00,831.255,144.945,344.54499999999996,351.985,480.78999999999996
2026-08-21 14:28:00-04:00,830.9849999999999,144.92000000000002,344.655,352.025,481.155
2026-08-21 14:29:00-04:00,831.405,144.905,344.57000000000005,352.19500000000005,481.28
2026-08-21 14:30:00-04:00,831.71,144.915,344.53,352.045,481.26
2026-08-21 14:31:00-04:00,831.0550000000001,144.935,344.53499999999997,351.985,481.12
2026-08-21 14:32:00-04:00,830.935,144.965,344.495,352.025,481.22
2026-08-21 14:33:00-04:00,830.6700000000001,144.97500000000002,344.49,352.03,480.96500000000003
2026-08-21 14:34:00-04:00,830.06,144.985,344.425,351.87,481.12
2026-08-21 14:35:00-04:00,829.6800000000001,144.985,344.47,352.085,481.29999999999995
2026-08-21 14:36:00-04:00,830.1500000000001,144.945,344.61,352.105,481.23
2026-08-21 14:37:00-04:00,829.87,144.97,344.765,352.04499999999996,481.425
2026-08-21 14:38:00-04:00,829.75,144.96499999999997,344.81,351.965,481.55499999999995
2026-08-21 14:39:00-04:00,829.38,144.95,344.78,351.95,481.595
2026-08-21 14:40:00-04:00,829.6700000000001,144.97,344.78,351.96000000000004,481.625
2026-08-21 14:41:00-04:00,830.4649999999999,144.995,344.865,351.94,481.88
2026-08-21 14:42:00-04:00,830.45,144.995,344.87,352.135,481.95500000000004
2026-08-21 14:43:00-04:00,830.47,145.01999999999998,344.85,352.225,481.96500000000003
2026-08-21 14:44:00-04:00,830.7950000000001,145.01999999999998,344.91499999999996,352.28499999999997,482.05499999999995
2026-08-21 14:45:00-04:00,830.825,145.01,344.90999999999997,352.265,482.075
2026-08-21 14:46:00-04:00,831.03,144.96499999999997,344.92,352.26,481.99
2026-08-21 14:47:00-04:00,830.8,144.965,344.98,352.025,482.26
2026-08-21 14:48:00-04:00,830.94,144.93,344.96500000000003,352.085,482.40999999999997
2026-08-21 14:49:00-04:00,831.075,144.97,344.91499999999996,351.975,482.135
2026-08-21 14:50:00-04:00,831.035,145.05,344.96000000000004,352.015,482.38
2026-08-21 14:51:00-04:00,831.405,145.015,345.06,351.83000000000004,482.42499999999995
2026-08-21 14:52:00-04:00,831.25,145.03,345.09000000000003,351.765,482.38
2026-08-21 14:53:00-04:00,831.26,145.01999999999998,345.19500000000005,351.855,482.55499999999995
2026-08-21 14:54:00-04:00,831.565,144.985,345.16499999999996,352.015,482.51
2026-08-21 14:55:00-04:00,831.7850000000001,145.01,345.25,351.945,482.70500000000004
2026-08-21 14:56:00-04:00,831.04,145.005,345.265,352.025,482.70000000000005
2026-08-21 14:57:00-04:00,831.425,144.925,345.315,351.93,482.75
2026-08-21 14:58:00-04:00,831.2149999999999,144.865,345.28499999999997,351.96500000000003,482.645
2026-08-21 14:59:00-04:00,831.25,144.89,345.34000000000003,352.07500000000005,482.81
2026-08-21 15:00:00-04:00,831.275,144.965,345.39,352.15,482.78
2026-08-21 15:01:00-04:00,831.42,144.965,345.28,352.16999999999996,483.005
2026-08-21 15:02:00-04:00,831.7049999999999,144.95999999999998,345.31,352.16499999999996,482.82
2026-08-21 15:03:00-04:00,831.6949999999999,144.935,345.225,352.075,482.85
2026-08-21 15:04:00-04:00,831.4449999999999,144.915,345.27,352.065,482.905
2026-08-21 15:05:00-04:00,831.4200000000001,144.94,345.20500000000004,352.13,482.78
2026-08-21 15:06:00-04:00,831.415,144.935,345.315,352.19500000000005,482.73
2026-08-21 15:07:00-04:00,831.1099999999999,144.98000000000002,345.23,352.165,482.885
2026-08-21 15:08:00-04:00,831.2950000000001,145.0,345.28999999999996,352.29499999999996,483.135
2026-08-21 15:09:00-04:00,831.125,144.99,345.385,352.245,483.14
2026-08-21 15:10:00-04:00,830.78,144.985,345.48,352.185,483.07500000000005
2026-08-21 15:11:00-04:00,830.375,144.995,345.245,352.28,482.96500000000003
2026-08-21 15:12:00-04:00,830.0699999999999,144.995,345.41499999999996,352.18,483.15999999999997
2026-08-21 15:13:00-04:00,829.74,144.98000000000002,345.28,352.195,483.15
2026-08-21 15:14:00-04:00,829.915,144.95,345.305,352.115,483.16499999999996
2026-08-21 15:15:00-04:00,829.935,144.935,345.27,352.17499999999995,483.36
2026-08-21 15:16:00-04:00,829.825,144.905,345.27,352.15999999999997,483.225
2026-08-21 15:17:00-04:00,829.5350000000001,144.975,345.265,352.235,483.05999999999995
2026-08-21 15:18:00-04:00,829.8199999999999,144.885,345.28999999999996,352.29499999999996,482.975
2026-08-21 15:19:00-04:00,829.88,144.945,345.305,352.19500000000005,482.74
2026-08-21 15:20:00-04:00,829.675,144.90499999999997,345.43,352.28999999999996,483.02
2026-08-21 15:21:00-04:00,829.895,144.93,345.48,352.30499999999995,483.16499999999996
2026-08-21 15:22:00-04:00,830.44,144.935,345.34000000000003,352.345,483.04999999999995
2026-08-21 15:23:00-04:00,830.435,144.915,345.31,352.375,483.03499999999997
2026-08-21 15:24:00-04:00,830.635,144.945,345.335,352.41499999999996,483.03
2026-08-21 15:25:00-04:00,831.075,144.995,345.39,352.51,483.21000000000004
2026-08-21 15:26:00-04:00,830.64,144.95,345.43,352.37,483.26
2026-08-21 15:27:00-04:00,830.0799999999999,144.95,345.425,352.075,483.235
2026-08-21 15:28:00-04:00,830.85,144.95,345.505,352.0,483.155
2026-08-21 15:29:00-04:00,831.625,144.985,345.605,352.135,483.02
2026-08-21 15:30:00-04:00,831.5250000000001,144.98000000000002,345.47,352.105,482.93
2026-08-21 15:31:00-04:00,831.69,144.94,345.625,352.16999999999996,483.085
2026-08-21 15:32:00-04:00,831.72,144.78,345.56,352.25,483.115
2026-08-21 15:33:00-04:00,831.4300000000001,144.815,345.53999999999996,352.44,483.0
2026-08-21 15:34:00-04:00,831.575,144.765,345.565,352.355,483.145
2026-08-21 15:35:00-04:00,831.485,144.695,345.69500000000005,352.315,483.11
2026-08-21 15:36:00-04:00,830.605,144.64999999999998,345.855,351.975,483.41499999999996
2026-08-21 15:37:00-04:00,830.5550000000001,144.62,345.9,351.975,483.495
2026-08-21 15:38:00-04:00,830.3,144.64499999999998,346.08,352.03499999999997,483.625
2026-08-21 15:39:00-04:00,829.915,144.73000000000002,346.015,351.99,483.83000000000004
2026-08-21 15:40:00-04:00,830.08,144.8,345.975,352.055,483.895
2026-08-21 15:41:00-04:00,829.3050000000001,144.8,346.11,352.15999999999997,483.98
2026-08-21 15:42:00-04:00,828.95,144.85500000000002,345.935,352.185,483.625
2026-08-21 15:43:00-04:00,828.835,144.89999999999998,345.97,351.955,483.745
2026-08-21 15:44:00-04:00,828.21,144.935,345.9,351.805,483.94000000000005
2026-08-21 15:45:00-04:00,828.265,144.935,345.96000000000004,351.82,484.015
2026-08-21 15:46:00-04:00,827.9549999999999,144.85000000000002,345.865,351.815,483.825
2026-08-21 15:47:00-04:00,828.0450000000001,144.84500000000003,345.845,351.745,484.04499999999996
2026-08-21 15:48:00-04:00,828.71,144.8,345.81,351.92499999999995,484.15
2026-08-21 15:49:00-04:00,828.655,144.79500000000002,345.83,351.87,484.28999999999996
2026-08-21 15:50:00-04:00,828.405,144.745,345.755,351.925,484.145
2026-08-21 15:51:00-04:00,828.02,144.70499999999998,345.62,351.54999999999995,483.595
2026-08-21 15:52:00-04:00,828.295,144.685,345.775,351.53999999999996,483.305
2026-08-21 15:53:00-04:00,828.05,144.60500000000002,345.865,351.42999999999995,483.41999999999996
2026-08-21 15:54:00-04:00,827.4,144.755,345.65,351.46000000000004,483.33500000000004
2026-08-21 15:55:00-04:00,827.37,144.76999999999998,345.15,351.57000000000005,483.235
2026-08-21 15:56:00-04:00,828.38,144.79000000000002,344.23,351.63,483.385
2026-08-21 15:57:00-04:00,828.3,144.85000000000002,344.74,351.655,483.305
2026-08-21 15:58:00-04:00,828.97,144.805,344.81,351.62,483.475
2026-08-21 15:59:00-04:00,828.53,144.74,345.025,351.525,483.59000000000003
2026-08-21 16:00:00-04:00,827.825,144.69,344.905,351.62,483.35
2026-08-24 13:30:00-04:00,807.3050000000001,145.55,349.30499999999995,355.03,488.78999999999996
2026-08-24 13:31:00-04:00,807.56,145.61,349.405,355.02,488.745
2026-08-24 13:32:00-04:00,807.39,145.595,349.26,355.075,488.87
2026-08-24 13:33:00-04:00,807.635,145.59,349.39,355.13,488.64
2026-08-24 13:34:00-04:00,807.485,145.64999999999998,349.2,355.28999999999996,488.395
2026-08-24 13:35:00-04:00,807.02,145.665,349.21000000000004,355.07,488.13
2026-08-24 13:36:00-04:00,806.97,145.64,349.245,354.96500000000003,487.95500000000004
2026-08-24 13:37:00-04:00,806.96,145.665,349.43,354.96000000000004,487.81
2026-08-24 13:38:00-04:00,806.87,145.675,349.31,354.81,487.935
2026-08-24 13:39:00-04:00,806.96,145.665,349.305,354.935,487.97
2026-08-24 13:40:00-04:00,807.03,145.675,349.335,354.805,488.235
2026-08-24 13:41:00-04:00,806.76,145.67000000000002,349.26,354.87,488.255
2026-08-24 13:42:00-04:00,806.665,145.685,349.225,354.975,488.315
2026-08-24 13:43:00-04:00,806.655,145.70499999999998,349.075,354.93,488.40999999999997
2026-08-24 13:44:00-04:00,806.645,145.68,349.03,354.82000000000005,488.03499999999997
2026-08-24 13:45:00-04:00,805.85,145.725,348.96500000000003,354.735,487.94
2026-08-24 13:46:00-04:00,805.985,145.63,348.95,354.70500000000004,487.85
2026-08-24 13:47:00-04:00,805.94,145.625,348.95000000000005,354.725,487.9
2026-08-24 13:48:00-04:00,806.015,145.555,348.875,354.82500000000005,487.785
2026-08-24 13:49:00-04:00,806.11,145.60500000000002,348.97,354.92,488.01
2026-08-24 13:50:00-04:00,806.27,145.65499999999997,348.86,354.9,488.03
2026-08-24 13:51:00-04:00,806.365,145.70999999999998,349.015,354.94,488.135
2026-08-24 13:52:00-04:00,806.355,145.73000000000002,348.815,355.025,488.04499999999996
2026-08-24 13:53:00-04:00,806.34,145.735,348.53499999999997,355.1,487.76
2026-08-24 13:54:00-04:00,807.04,145.815,348.44,355.21,487.865
2026-08-24 13:55:00-04:00,807.13,145.805,348.53,355.33500000000004,487.605
2026-08-24 13:56:00-04:00,807.775,145.8,348.605,355.36,487.565
2026-08-24 13:57:00-04:00,807.825,145.835,348.62,355.41499999999996,487.5
2026-08-24 13:58:00-04:00,807.575,145.85000000000002,348.75,355.515,487.435
2026-08-24 13:59:00-04:00,807.3,145.835,348.63,355.41499999999996,487.825
2026-08-24 14:00:00-04:00,807.655,145.875,348.49,355.51,487.93
2026-08-24 14:01:00-04:00,807.87,145.82999999999998,348.79999999999995,355.57,488.28999999999996
2026-08-24 14:02:00-04:00,808.04,145.89,348.78,355.52,488.15999999999997
2026-08-24 14:03:00-04:00,808.06,145.825,348.67499999999995,355.545,487.96500000000003
2026-08-24 14:04:00-04:00,807.925,145.865,348.755,355.64,487.98
2026-08-24 14:05:00-04:00,808.005,145.95999999999998,348.735,355.57,487.81
2026-08-24 14:06:00-04:00,808.765,145.88,348.655,355.53499999999997,487.83500000000004
2026-08-24 14:07:00-04:00,809.24,145.84500000000003,348.745,355.4,487.83500000000004
2026-08-24 14:08:00-04:00,809.815,145.86,348.935,355.395,487.755
2026-08-24 14:09:00-04:00,810.0250000000001,145.86,348.90999999999997,355.44,487.73
2026-08-24 14:10:00-04:00,810.085,145.865,348.845,355.64,487.615
2026-08-24 14:11:00-04:00,810.45,145.885,348.925,355.76,487.45500000000004
2026-08-24 14:12:00-04:00,810.6800000000001,145.89999999999998,348.975,355.645,487.615
2026-08-24 14:13:00-04:00,810.665,145.98000000000002,348.95000000000005,355.835,487.38
2026-08-24 14:14:00-04:00,811.0899999999999,145.995,349.115,355.96000000000004,487.39
2026-08-24 14:15:00-04:00,811.625,146.01,348.985,355.845,487.645
2026-08-24 14:16:00-04:00,812.22,145.97,348.87,355.91499999999996,487.58000000000004
2026-08-24 14:17:00-04:00,812.14,145.995,348.77,356.015,487.695
2026-08-24 14:18:00-04:00,811.9,146.015,348.605,356.145,488.29499999999996
2026-08-24 14:19:00-04:00,811.31,146.04000000000002,348.685,356.135,488.625
2026-08-24 14:20:00-04:00,811.3050000000001,146.05,348.59000000000003,356.245,488.22
2026-08-24 14:21:00-04:00,812.145,145.97500000000002,348.83000000000004,356.05499999999995,488.18
2026-08-24 14:22:00-04:00,812.1600000000001,145.95,348.82,356.19,488.04999999999995
2026-08-24 14:23:00-04:00,812.12,145.945,348.83500000000004,355.93,488.14
2026-08-24 14:24:00-04:00,811.8299999999999,145.92000000000002,348.845,355.88,488.225
2026-08-24 14:25:00-04:00,811.755,145.89499999999998,348.905,355.79499999999996,488.27
2026-08-24 14:26:00-04:00,811.5,145.925,348.90999999999997,355.735,488.285
2026-08-24 14:27:00-04:00,811.5,145.935,348.975,355.83000000000004,488.61
2026-08-24 14:28:00-04:00,811.4000000000001,145.98000000000002,348.74,356.045,488.54499999999996
2026-08-24 14:29:00-04:00,811.2650000000001,145.975,348.875,356.135,488.62
2026-08-24 14:30:00-04:00,811.875,145.985,348.91499999999996,356.195,488.58500000000004
2026-08-24 14:31:00-04:00,812.425,146.005,348.92499999999995,356.1,488.76
2026-08-24 14:32:00-04:00,812.06,146.02499999999998,348.78,356.085,488.44
2026-08-24 14:33:00-04:00,812.27,145.965,348.86,356.125,488.475
2026-08-24 14:34:00-04:00,812.5699999999999,145.985,348.81,356.02,488.355
2026-08-24 14:35:00-04:00,812.7049999999999,145.96499999999997,348.85,356.08,488.33500000000004
2026-08-24 14:36:00-04:00,813.51,145.965,348.71500000000003,356.095,488.33500000000004
2026-08-24 14:37:00-04:00,812.81,145.97,348.58000000000004,356.21000000000004,488.345
2026-08-24 14:38:00-04:00,812.395,145.95499999999998,348.48,356.24,488.28999999999996
2026-08-24 14:39:00-04:00,812.415,145.97,348.385,356.24,487.875
2026-08-24 14:40:00-04:00,812.4300000000001,145.98000000000002,348.33500000000004,356.34000000000003,487.82
2026-08-24 14:41:00-04:00,812.625,146.005,348.45000000000005,356.45500000000004,487.87
2026-08-24 14:42:00-04:00,812.95,145.98000000000002,348.42499999999995,356.38,487.69
2026-08-24 14:43:00-04:00,812.9100000000001,146.015,348.39,356.495,487.61
2026-08-24 14:44:00-04:00,812.915,146.035,348.21500000000003,356.435,487.585
2026-08-24 14:45:00-04:00,812.67,146.03,348.225,356.355,487.67499999999995
2026-08-24 14:46:00-04:00,812.22,146.0,348.255,356.35,487.67
2026-08-24 14:47:00-04:00,811.61,146.015,348.15999999999997,356.24,487.78
2026-08-24 14:48:00-04:00,811.3499999999999,146.035,348.065,356.28499999999997,487.69
2026-08-24 14:49:00-04:00,811.2349999999999,146.02499999999998,347.91999999999996,356.30999999999995,487.70500000000004
2026-08-24 14:50:00-04:00,811.315,146.005,348.03999999999996,356.405,488.245
2026-08-24 14:51:00-04:00,811.38,145.975,348.02,356.445,488.225
2026-08-24 14:52:00-04:00,811.095,146.01999999999998,348.17,356.33000000000004,488.15
2026-08-24 14:53:00-04:00,810.98,146.005,348.35,356.32,488.06
2026-08-24 14:54:00-04:00,811.325,146.0,348.305,356.34000000000003,487.82500000000005
2026-08-24 14:55:00-04:00,811.16,145.95999999999998,348.38,356.355,487.79999999999995
2026-08-24 14:56:00-04:00,811.38,145.975,348.34000000000003,356.485,487.78
2026-08-24 14:57:00-04:00,811.135,146.04000000000002,348.37,356.4,487.895
2026-08-24 14:58:00-04:00,811.295,146.055,348.325,356.395,487.89
2026-08-24 14:59:00-04:00,811.0350000000001,146.055,348.485,356.32,487.96000000000004
2026-08-24 15:00:00-04:00,810.6949999999999,146.04500000000002,348.37,356.30499999999995,487.91999999999996
2026-08-24 15:01:00-04:00,811.075,146.05,348.31,356.145,487.89
2026-08-24 15:02:00-04:00,811.415,146.01999999999998,348.33,356.19500000000005,487.885
2026-08-24 15:03:00-04:00,811.09,145.95999999999998,348.32,356.15,487.775
2026-08-24 15:04:00-04:00,810.575,146.01,348.45500000000004,356.015,487.565
2026-08-24 15:05:00-04:00,810.665,145.97,348.485,355.97,487.41999999999996
2026-08-24 15:06:00-04:00,810.9300000000001,145.95999999999998,348.73,356.16499999999996,487.525
2026-08-24 15:07:00-04:00,810.74,145.99,348.65,356.18,487.72
2026-08-24 15:08:00-04:00,810.84,146.0,348.65,356.21500000000003,487.55499999999995
2026-08-24 15:09:00-04:00,810.89,145.94,348.925,356.245,487.755
2026-08-24 15:10:00-04:00,811.365,145.92000000000002,348.65999999999997,356.30499999999995,487.75
2026-08-24 15:11:00-04:00,811.6099999999999,145.945,348.66499999999996,356.28999999999996,487.79499999999996
2026-08-24 15:12:00-04:00,811.4449999999999,145.985,348.675,356.275,488.16999999999996
2026-08-24 15:13:00-04:00,811.395,146.005,348.53999999999996,356.34,488.235
2026-08-24 15:14:00-04:00,811.38,146.0,348.54499999999996,356.3,488.305
2026-08-24 15:15:00-04:00,811.39,146.005,348.525,356.28999999999996,488.53499999999997
2026-08-24 15:16:00-04:00,810.95,146.075,348.23,356.32000000000005,488.67999999999995
2026-08-24 15:17:00-04:00,810.7,146.115,348.39,356.245,488.835
2026-08-24 15:18:00-04:00,810.64,146.10500000000002,348.4,356.15999999999997,488.655
2026-08-24 15:19:00-04:00,810.595,146.075,348.555,356.20000000000005,488.905
2026-08-24 15:20:00-04:00,810.64,146.07,348.45,356.125,488.69
2026-08-24 15:21:00-04:00,810.95,146.04500000000002,348.59000000000003,356.14,488.73
2026-08-24 15:22:00-04:00,811.1500000000001,146.085,348.655,356.09000000000003,488.76
2026-08-24 15:23:00-04:00,810.5550000000001,146.11,348.67,356.03999999999996,488.79999999999995
2026-08-24 15:24:00-04:00,810.755,146.12,348.77,355.975,488.90999999999997
2026-08-24 15:25:00-04:00,810.96,146.13,348.78999999999996,355.95,488.815
2026-08-24 15:26:00-04:00,811.13,146.14999999999998,349.02,356.04999999999995,488.95500000000004
2026-08-24 15:27:00-04:00,811.1199999999999,146.12,348.94,356.005,488.875
2026-08-24 15:28:00-04:00,810.995,146.13,348.975,355.96000000000004,488.765
2026-08-24 15:29:00-04:00,810.985,146.13,348.84000000000003,355.985,488.53999999999996
2026-08-24 15:30:00-04:00,810.785,146.16,348.90999999999997,355.86,488.755
2026-08-24 15:31:00-04:00,811.57,146.235,349.03,355.91999999999996,488.645
2026-08-24 15:32:00-04:00,811.2,146.19,349.06,356.03999999999996,488.635
2026-08-24 15:33:00-04:00,811.375,146.265,348.97,356.35,488.27
2026-08-24 15:34:00-04:00,810.825,146.26,349.08000000000004,356.21000000000004,488.40999999999997
2026-08-24 15:35:00-04:00,809.845,146.33499999999998,349.01,356.05,488.46000000000004
2026-08-24 15:36:00-04:00,809.48,146.34500000000003,349.105,356.14,488.80499999999995
2026-08-24 15:37:00-04:00,809.52,146.32,348.805,356.09000000000003,488.90999999999997
2026-08-24 15:38:00-04:00,809.4449999999999,146.29500000000002,348.92,356.105,488.985
2026-08-24 15:39:00-04:00,809.825,146.3,348.94,356.01,489.03499999999997
2026-08-24 15:40:00-04:00,809.82,146.32,348.95,355.92999999999995,489.03
2026-08-24 15:41:00-04:00,810.37,146.34,349.13,356.095,488.62
2026-08-24 15:42:00-04:00,810.435,146.275,349.16999999999996,356.01,488.68
2026-08-24 15:43:00-04:00,809.71,146.35500000000002,349.21000000000004,356.11,488.905
2026-08-24 15:44:00-04:00,810.04,146.325,349.17,356.275,488.78499999999997
2026-08-24 15:45:00-04:00,810.425,146.325,349.225,356.28999999999996,488.605
2026-08-24 15:46:00-04:00,810.73,146.39,349.055,356.225,488.405
2026-08-24 15:47:00-04:00,810.835,146.34500000000003,348.98,356.235,488.345
2026-08-24 15:48:00-04:00,812.0450000000001,146.315,348.79999999999995,356.375,488.13
2026-08-24 15:49:00-04:00,812.3699999999999,146.325,348.53,356.405,488.08000000000004
2026-08-24 15:50:00-04:00,812.16,146.25,348.42499999999995,356.155,488.365
2026-08-24 15:51:00-04:00,811.13,146.31,348.91499999999996,356.315,488.53999999999996
2026-08-24 15:52:00-04:00,811.065,146.32,348.67,356.05499999999995,488.745
2026-08-24 15:53:00-04:00,809.76,146.45,348.65999999999997,356.06,488.725
2026-08-24 15:54:00-04:00,808.94,146.435,348.59000000000003,356.105,488.985
2026-08-24 15:55:00-04:00,810.0699999999999,146.36,348.72,356.1,488.605
2026-08-24 15:56:00-04:00,811.04,146.17000000000002,348.39,356.19500000000005,488.005
2026-08-24 15:57:00-04:00,810.3599999999999,146.43,348.515,356.33500000000004,488.005
2026-08-24 15:58:00-04:00,811.25,146.435,348.365,356.385,487.65
2026-08-24 15:59:00-04:00,812.135,146.64499999999998,348.21000000000004,356.565,487.48
2026-08-24 16:00:00-04:00,811.235,146.59500000000003,348.04499999999996,356.41499999999996,487.32
2026-08-25 13:30:00-04:00,808.985,145.32999999999998,346.56,355.68,489.86
2026-08-25 13:31:00-04:00,808.9549999999999,145.375,346.65,355.675,489.73
2026-08-25 13:32:00-04:00,808.9100000000001,145.38,346.76,355.825,489.81
2026-08-25 13:33:00-04:00,809.81,145.39999999999998,346.69,355.83500000000004,489.375
2026-08-25 13:34:00-04:00,810.105,145.43,346.76,355.685,489.56
2026-08-25 13:35:00-04:00,810.175,145.345,346.675,355.58,489.44
2026-08-25 13:36:00-04:00,810.22,145.34,346.70500000000004,355.54999999999995,489.42
2026-08-25 13:37:00-04:00,810.1949999999999,145.35500000000002,346.745,355.58000000000004,489.555
2026-08-25 13:38:00-04:00,809.9200000000001,145.38,346.76,355.53499999999997,489.755
2026-08-25 13:39:00-04:00,810.61,145.305,346.69500000000005,355.59000000000003,489.845
2026-08-25 13:40:00-04:00,810.42,145.3,346.82000000000005,355.56,489.75
2026-08-25 13:41:00-04:00,809.985,145.32999999999998,346.76,355.59000000000003,489.82
2026-08-25 13:42:00-04:00,810.01,145.29500000000002,346.70000000000005,355.7,490.15999999999997
2026-08-25 13:43:00-04:00,809.6800000000001,145.34,346.68,355.565,490.025
2026-08-25 13:44:00-04:00,809.87,145.35500000000002,346.65999999999997,355.645,490.005
2026-08-25 13:45:00-04:00,809.8499999999999,145.39999999999998,346.7,355.65,489.98
2026-08-25 13:46:00-04:00,809.745,145.38,346.58500000000004,355.66499999999996,490.06
2026-08-25 13:47:00-04:00,809.73,145.35500000000002,346.68,355.66499999999996,490.04499999999996
2026-08-25 13:48:00-04:00,809.87,145.38,346.76,355.73,490.02
2026-08-25 13:49:00-04:00,808.77,145.365,346.745,355.78499999999997,490.02
2026-08-25 13:50:00-04:00,809.53,145.285,346.805,355.69,489.725
2026-08-25 13:51:00-04:00,809.5,145.315,346.94000000000005,355.67,489.69
2026-08-25 13:52:00-04:00,809.645,145.385,346.905,355.605,489.80499999999995
2026-08-25 13:53:00-04:00,809.5450000000001,145.47500000000002,346.95000000000005,355.74,489.92499999999995
2026-08-25 13:54:00-04:00,809.725,145.47500000000002,347.04999999999995,355.79999999999995,489.84000000000003
2026-08-25 13:55:00-04:00,810.585,145.48000000000002,346.98,355.74,490.03999999999996
2026-08-25 13:56:00-04:00,810.31,145.485,346.96000000000004,355.83000000000004,489.885
2026-08-25 13:57:00-04:00,810.25,145.43,347.025,355.82500000000005,489.83000000000004
2026-08-25 13:58:00-04:00,809.9749999999999,145.40499999999997,347.225,355.94,489.815
2026-08-25 13:59:00-04:00,809.645,145.44,347.33500000000004,355.95,489.87
2026-08-25 14:00:00-04:00,809.46,145.44,347.235,355.95500000000004,489.815
2026-08-25 14:01:00-04:00,809.37,145.47,347.125,355.905,489.78
2026-08-25 14:02:00-04:00,808.715,145.45499999999998,347.105,356.11,489.68
2026-08-25 14:03:00-04:00,808.9549999999999,145.52499999999998,347.1,356.235,489.675
2026-08-25 14:04:00-04:00,808.9649999999999,145.505,346.90999999999997,356.2,489.57
2026-08-25 14:05:00-04:00,808.96,145.49,346.935,356.245,490.025
2026-08-25 14:06:00-04:00,808.765,145.5,346.935,355.945,490.15
2026-08-25 14:07:00-04:00,808.845,145.5,346.845,356.005,491.505
2026-08-25 14:08:00-04:00,809.76,145.53500000000003,346.645,355.97,490.625
2026-08-25 14:09:00-04:00,809.87,145.54500000000002,346.395,356.025,489.905
2026-08-25 14:10:00-04:00,809.905,145.53,346.425,356.055,489.75
2026-08-25 14:11:00-04:00,810.415,145.57999999999998,346.38,356.06,489.94
2026-08-25 14:12:00-04:00,810.79,145.56,346.43,356.005,489.875
2026-08-25 14:13:00-04:00,810.91,145.51999999999998,346.28,356.07000000000005,489.855
2026-08-25 14:14:00-04:00,810.905,145.55,346.1,356.08500000000004,489.84000000000003
2026-08-25 14:15:00-04:00,810.73,145.57999999999998,345.95000000000005,356.015,489.855
2026-08-25 14:16:00-04:00,811.2,145.5,346.03999999999996,356.14,489.70500000000004
2026-08-25 14:17:00-04:00,811.2,145.52499999999998,346.06,356.19,489.74
2026-08-25 14:18:00-04:00,811.145,145.53,345.94,356.265,489.58
2026-08-25 14:19:00-04:00,811.1500000000001,145.43,345.84000000000003,356.175,489.41999999999996
2026-08-25 14:20:00-04:00,811.13,145.45,345.875,356.185,489.485
2026-08-25 14:21:00-04:00,811.125,145.41500000000002,346.08000000000004,356.20500000000004,489.71500000000003
2026-08-25 14:22:00-04:00,811.605,145.41500000000002,345.975,356.15,489.71500000000003
2026-08-25 14:23:00-04:00,811.415,145.41500000000002,345.91499999999996,356.17,489.775
2026-08-25 14:24:00-04:00,811.26,145.42000000000002,345.775,356.16499999999996,489.755
2026-08-25 14:25:00-04:00,811.4200000000001,145.425,345.67,356.18,489.87
2026-08-25 14:26:00-04:00,811.58,145.41,345.63,356.36,489.845
2026-08-25 14:27:00-04:00,811.63,145.35500000000002,345.73,356.435,489.935
2026-08-25 14:28:00-04:00,811.255,145.36,345.79499999999996,356.20500000000004,489.905
2026-08-25 14:29:00-04:00,811.225,145.345,345.885,356.21500000000003,489.9
2026-08-25 14:30:00-04:00,810.85,145.36,346.015,356.27,489.95500000000004
2026-08-25 14:31:00-04:00,811.595,145.35500000000002,346.07500000000005,356.40999999999997,490.04499999999996
2026-08-25 14:32:00-04:00,811.5,145.36,346.005,356.54,490.03
2026-08-25 14:33:00-04:00,811.525,145.40499999999997,346.0,356.445,490.055
2026-08-25 14:34:00-04:00,811.595,145.44,345.935,356.595,490.03999999999996
2026-08-25 14:35:00-04:00,811.255,145.45999999999998,345.855,356.525,490.35
2026-08-25 14:36:00-04:00,811.505,145.45,345.83500000000004,356.44000000000005,490.135
2026-08-25 14:37:00-04:00,811.61,145.48000000000002,345.91999999999996,356.4,489.76
2026-08-25 14:38:00-04:00,812.01,145.445,346.1,356.435,489.755
2026-08-25 14:39:00-04:00,811.855,145.41500000000002,345.945,356.42499999999995,489.935
2026-08-25 14:40:00-04:00,811.505,145.45499999999998,345.865,356.42,490.14
2026-08-25 14:41:00-04:00,811.51,145.515,345.94,356.48,490.155
2026-08-25 14:42:00-04:00,811.48,145.53,346.025,356.615,490.225
2026-08-25 14:43:00-04:00,811.27,145.54500000000002,346.005,356.73,490.24
2026-08-25 14:44:00-04:00,811.2950000000001,145.565,346.12,356.68,490.25
2026-08-25 14:45:00-04:00,811.37,145.53500000000003,346.20500000000004,356.775,490.30499999999995
2026-08-25 14:46:00-04:00,811.1949999999999,145.47,346.37,356.82,490.645
2026-08-25 14:47:00-04:00,811.405,145.42000000000002,346.345,356.96000000000004,490.77
2026-08-25 14:48:00-04:00,811.2149999999999,145.43,346.22,357.02,490.515
2026-08-25 14:49:00-04:00,811.3050000000001,145.34500000000003,346.21500000000003,357.03,490.605
2026-08-25 14:50:00-04:00,811.02,145.425,346.13,357.0,490.725
2026-08-25 14:51:00-04:00,810.835,145.39,346.105,356.995,490.53
2026-08-25 14:52:00-04:00,811.12,145.385,346.17,357.125,490.525
2026-08-25 14:53:00-04:00,811.185,145.325,346.18,357.04999999999995,490.61
2026-08-25 14:54:00-04:00,811.1949999999999,145.37,346.21500000000003,357.06,490.745
2026-08-25 14:55:00-04:00,811.095,145.35000000000002,346.11,357.025,490.635
2026-08-25 14:56:00-04:00,811.115,145.29000000000002,346.055,357.0,490.655
2026-08-25 14:57:00-04:00,810.955,145.275,345.94,357.03999999999996,490.54499999999996
2026-08-25 14:58:00-04:00,811.425,145.29000000000002,345.855,356.985,490.38
2026-08-25 14:59:00-04:00,811.515,145.325,345.95500000000004,357.005,490.505
2026-08-25 15:00:00-04:00,811.55,145.35500000000002,345.94,356.83000000000004,490.58000000000004
2026-08-25 15:01:00-04:00,811.55,145.39,346.21500000000003,356.87,490.43
2026-08-25 15:02:00-04:00,811.45,145.375,346.32,356.815,490.375
2026-08-25 15:03:00-04:00,811.345,145.39999999999998,346.275,356.725,490.28499999999997
2026-08-25 15:04:00-04:00,811.3399999999999,145.39999999999998,346.385,356.85,490.29999999999995
2026-08-25 15:05:00-04:00,811.7950000000001,145.43,346.34000000000003,356.815,490.28
2026-08-25 15:06:00-04:00,811.78,145.365,346.24,356.865,490.3
2026-08-25 15:07:00-04:00,811.645,145.39,346.37,356.825,490.395
2026-08-25 15:08:00-04:00,811.645,145.35500000000002,346.315,356.70500000000004,490.25
2026-08-25 15:09:00-04:00,811.86,145.37,346.005,356.68,490.24
2026-08-25 15:10:00-04:00,812.095,145.34,346.03999999999996,356.68,490.16499999999996
2026-08-25 15:11:00-04:00,811.4449999999999,145.345,346.14,356.695,490.125
2026-08-25 15:12:00-04:00,811.13,145.34500000000003,346.11,356.66499999999996,490.42999999999995
2026-08-25 15:13:00-04:00,810.99,145.36,346.135,356.67499999999995,490.40999999999997
2026-08-25 15:14:00-04:00,810.855,145.34500000000003,346.11,356.7,490.39
2026-08-25 15:15:00-04:00,810.575,145.28,346.22,356.69500000000005,490.405
2026-08-25 15:16:00-04:00,810.49,145.29000000000002,346.33500000000004,356.64,490.44500000000005
2026-08-25 15:17:00-04:00,810.855,145.315,346.34000000000003,356.635,490.19
2026-08-25 15:18:00-04:00,810.8050000000001,145.315,346.23,356.515,490.265
2026-08-25 15:19:00-04:00,810.585,145.255,346.345,356.41499999999996,490.32
2026-08-25 15:20:00-04:00,810.5999999999999,145.315,346.265,356.15999999999997,490.365
2026-08-25 15:21:00-04:00,810.62,145.44,346.345,356.33500000000004,490.405
2026-08-25 15:22:00-04:00,810.485,145.385,346.38,356.475,490.32
2026-08-25 15:23:00-04:00,810.3050000000001,145.375,346.375,356.44,490.395
2026-08-25 15:24:00-04:00,810.0899999999999,145.39,346.35,356.57,490.4
2026-08-25 15:25:00-04:00,810.29,145.39499999999998,346.5,356.545,490.335
2026-08-25 15:26:00-04:00,810.565,145.45,346.405,356.515,490.46000000000004
2026-08-25 15:27:00-04:00,810.645,145.43,346.48,356.54999999999995,490.44500000000005
2026-08-25 15:28:00-04:00,810.735,145.45,346.505,356.625,490.38
2026-08-25 15:29:00-04:00,811.1700000000001,145.42000000000002,346.41499999999996,356.68,490.21500000000003
2026-08-25 15:30:00-04:00,811.64,145.42000000000002,346.5,356.665,490.15999999999997
2026-08-25 15:31:00-04:00,811.245,145.445,346.78,356.735,490.35
2026-08-25 15:32:00-04:00,811.51,145.39999999999998,346.755,356.49,490.37
2026-08-25 15:33:00-04:00,811.235,145.35500000000002,346.81,356.66499999999996,490.2
2026-08-25 15:34:00-04:00,811.41,145.28500000000003,346.825,356.615,490.32000000000005
2026-08-25 15:35:00-04:00,811.935,145.26999999999998,346.87,356.49,490.52
2026-08-25 15:36:00-04:00,811.94,145.22,346.995,356.65,491.05499999999995
2026-08-25 15:37:00-04:00,812.275,145.20499999999998,347.065,356.525,490.97
2026-08-25 15:38:00-04:00,812.085,145.18,346.885,356.605,491.03
2026-08-25 15:39:00-04:00,812.23,145.19,346.85,356.58500000000004,490.935
2026-08-25 15:40:00-04:00,812.655,145.185,346.885,356.495,490.82500000000005
2026-08-25 15:41:00-04:00,812.9,145.14499999999998,347.015,356.655,490.745
2026-08-25 15:42:00-04:00,813.22,145.14,347.03999999999996,356.72,490.76
2026-08-25 15:43:00-04:00,813.69,145.18,347.155,356.77,490.56
2026-08-25 15:44:00-04:00,813.675,145.18,347.02,356.82500000000005,490.435
2026-08-25 15:45:00-04:00,812.72,145.20499999999998,346.935,356.92499999999995,490.25
2026-08-25 15:46:00-04:00,812.51,145.14,346.945,356.86,490.475
2026-08-25 15:47:00-04:00,811.87,145.08499999999998,347.125,356.70000000000005,490.59000000000003
2026-08-25 15:48:00-04:00,812.215,145.10000000000002,347.15999999999997,356.685,490.595
2026-08-25 15:49:00-04:00,811.9449999999999,145.19,347.225,356.71500000000003,490.885
2026-08-25 15:50:00-04:00,811.8,145.19,347.135,356.78499999999997,490.735
2026-08-25 15:51:00-04:00,811.98,145.16,347.115,356.75,490.7
2026-08-25 15:52:00-04:00,811.885,145.13,347.005,356.67499999999995,490.71500000000003
2026-08-25 15:53:00-04:00,811.74,145.26999999999998,347.03999999999996,356.66499999999996,490.895
2026-08-25 15:54:00-04:00,811.3199999999999,145.445,347.12,356.735,491.40999999999997
2026-08-25 15:55:00-04:00,810.91,145.425,346.885,356.67,491.775
2026-08-25 15:56:00-04:00,811.24,145.36,346.605,356.71500000000003,491.87
2026-08-25 15:57:00-04:00,811.405,145.35000000000002,346.9,356.755,491.83000000000004
2026-08-25 15:58:00-04:00,811.22,145.36,347.08,356.71000000000004,491.70500000000004
2026-08-25 15:59:00-04:00,811.375,145.23000000000002,346.93,356.91999999999996,491.705
2026-08-25 16:00:00-04:00,810.995,145.40499999999997,346.925,356.655,491.525
2026-08-26 13:30:00-04:00,823.09,145.085,341.42499999999995,357.75,494.745
2026-08-26 13:31:00-04:00,823.485,145.04500000000002,341.605,357.80999999999995,494.75
2026-08-26 13:32:00-04:00,822.5799999999999,145.035,341.52,357.73,494.625
2026-08-26 13:33:00-04:00,822.755,145.065,341.42499999999995,357.59000000000003,494.61
2026-08-26 13:34:00-04:00,823.24,145.065,341.475,357.42999999999995,494.625
2026-08-26 13:35:00-04:00,823.3299999999999,145.135,341.615,357.53999999999996,494.675
2026-08-26 13:36:00-04:00,823.895,145.14999999999998,341.58500000000004,357.36,494.935
2026-08-26 13:37:00-04:00,823.79,145.075,341.565,357.47,494.935
2026-08-26 13:38:00-04:00,823.72,145.10000000000002,341.505,357.395,494.94000000000005
2026-08-26 13:39:00-04:00,823.885,145.09,341.52,357.42999999999995,494.94
2026-08-26 13:40:00-04:00,823.21,145.10000000000002,341.44,357.2,494.835
2026-08-26 13:41:00-04:00,823.135,145.06,341.78,357.38,494.76
2026-08-26 13:42:00-04:00,823.075,145.075,341.695,357.275,494.62
2026-08-26 13:43:00-04:00,823.625,145.10500000000002,341.66499999999996,357.32500000000005,494.415
2026-08-26 13:44:00-04:00,823.685,145.09,341.72,357.32500000000005,494.59000000000003
2026-08-26 13:45:00-04:00,823.6800000000001,145.10500000000002,341.65,357.15999999999997,494.5
2026-08-26 13:46:00-04:00,823.56,145.07,341.595,357.21000000000004,494.25
2026-08-26 13:47:00-04:00,823.56,145.06,341.53499999999997,357.16499999999996,493.99
2026-08-26 13:48:00-04:00,823.78,145.025,341.515,357.145,493.665
2026-08-26 13:49:00-04:00,823.825,145.055,341.53,357.21000000000004,493.775
2026-08-26 13:50:00-04:00,823.815,145.03,341.555,357.20500000000004,493.81
2026-08-26 13:51:00-04:00,823.7750000000001,144.995,341.56,357.08500000000004,494.05499999999995
2026-08-26 13:52:00-04:00,823.625,144.95499999999998,341.51,357.095,494.23
2026-08-26 13:53:00-04:00,823.63,144.98000000000002,341.64,357.185,494.185
2026-08-26 13:54:00-04:00,823.95,144.97,341.70500000000004,357.14,494.26
2026-08-26 13:55:00-04:00,823.485,144.935,341.70500000000004,357.15,494.605
2026-08-26 13:56:00-04:00,823.7149999999999,144.97,341.65999999999997,357.22,494.38
2026-08-26 13:57:00-04:00,823.7,144.95,341.52,357.1,494.24
2026-08-26 13:58:00-04:00,823.525,144.985,341.67499999999995,357.04499999999996,494.32500000000005
2026-08-26 13:59:00-04:00,822.9549999999999,144.97500000000002,341.645,357.08,494.46500000000003
2026-08-26 14:00:00-04:00,822.6600000000001,144.95499999999998,341.54999999999995,357.19500000000005,494.365
2026-08-26 14:01:00-04:00,822.6199999999999,144.94,341.58500000000004,357.15999999999997,494.33500000000004
2026-08-26 14:02:00-04:00,822.465,144.965,341.605,357.05,494.46500000000003
2026-08-26 14:03:00-04:00,822.275,144.97,341.58000000000004,356.895,494.61
2026-08-26 14:04:00-04:00,822.11,144.925,341.68,356.885,494.7
2026-08-26 14:05:00-04:00,822.18,145.005,341.645,356.85,494.52
2026-08-26 14:06:00-04:00,822.415,145.01,341.64,356.825,494.51
2026-08-26 14:07:00-04:00,822.42,145.005,341.72,356.87,494.595
2026-08-26 14:08:00-04:00,822.5999999999999,144.975,341.78999999999996,357.15,494.34000000000003
2026-08-26 14:09:00-04:00,822.5999999999999,144.95,341.85,357.155,494.385
2026-08-26 14:10:00-04:00,822.61,144.97,341.80499999999995,357.185,494.41499999999996
2026-08-26 14:11:00-04:00,822.4,144.97,341.69,357.07500000000005,494.4
2026-08-26 14:12:00-04:00,822.29,144.95,341.615,357.28,494.355
2026-08-26 14:13:00-04:00,822.2049999999999,144.95,341.45500000000004,357.22,494.315
2026-08-26 14:14:00-04:00,822.14,144.97,341.44500000000005,357.28999999999996,494.30499999999995
2026-08-26 14:15:00-04:00,822.485,144.97,341.39,357.19,494.355
2026-08-26 14:16:00-04:00,822.27,144.95499999999998,341.42,357.315,494.33500000000004
2026-08-26 14:17:00-04:00,822.31,144.95499999999998,341.39,357.28999999999996,494.30499999999995
2026-08-26 14:18:00-04:00,822.885,144.93,341.395,357.26,494.41499999999996
2026-08-26 14:19:00-04:00,822.685,144.97,341.515,357.24,494.485
2026-08-26 14:20:00-04:00,822.7,144.97,341.56,357.295,494.61
2026-08-26 14:21:00-04:00,822.4549999999999,144.95499999999998,341.74,357.28,494.725
2026-08-26 14:22:00-04:00,822.46,144.95999999999998,341.73,357.315,494.56
2026-08-26 14:23:00-04:00,822.47,144.91,341.595,357.35,494.5
2026-08-26 14:24:00-04:00,822.7,144.88,341.635,357.115,494.53499999999997
2026-08-26 14:25:00-04:00,822.98,144.85000000000002,341.56,357.01,494.36
2026-08-26 14:26:00-04:00,822.81,144.83499999999998,341.595,357.045,494.54999999999995
2026-08-26 14:27:00-04:00,822.745,144.805,341.525,357.065,494.575
2026-08-26 14:28:00-04:00,822.895,144.815,341.56,357.19,494.57500000000005
2026-08-26 14:29:00-04:00,822.895,144.8,341.54999999999995,357.235,494.515
2026-08-26 14:30:00-04:00,822.74,144.825,341.48,357.04999999999995,494.355
2026-08-26 14:31:00-04:00,822.55,144.825,341.37,356.90999999999997,494.375
2026-08-26 14:32:00-04:00,822.5550000000001,144.82999999999998,341.375,356.845,494.32
2026-08-26 14:33:00-04:00,822.775,144.83499999999998,341.40999999999997,356.92499999999995,494.275
2026-08-26 14:34:00-04:00,822.64,144.85500000000002,341.51,356.885,494.59000000000003
2026-08-26 14:35:00-04:00,822.365,144.85500000000002,341.345,356.825,494.35
2026-08-26 14:36:00-04:00,822.8599999999999,144.87,341.31,356.82500000000005,494.41499999999996
2026-08-26 14:37:00-04:00,823.06,144.82999999999998,341.37,356.80499999999995,494.24
2026-08-26 14:38:00-04:00,823.17,144.825,341.325,356.62,494.07
2026-08-26 14:39:00-04:00,823.22,144.885,341.28499999999997,356.64,494.21500000000003
2026-08-26 14:40:00-04:00,822.99,144.92000000000002,341.33000000000004,356.755,494.19500000000005
2026-08-26 14:41:00-04:00,823.4000000000001,144.925,341.4,356.845,494.03999999999996
2026-08-26 14:42:00-04:00,823.735,144.92000000000002,341.485,356.94,494.20000000000005
2026-08-26 14:43:00-04:00,823.52,144.88,341.49,356.98,493.97
2026-08-26 14:44:00-04:00,823.155,144.92000000000002,341.505,356.905,493.96000000000004
2026-08-26 14:45:00-04:00,823.155,144.92000000000002,341.46500000000003,356.89,494.235
2026-08-26 14:46:00-04:00,823.505,144.88,341.595,356.975,494.365
2026-08-26 14:47:00-04:00,823.1400000000001,144.945,341.625,357.015,494.47
2026-08-26 14:48:00-04:00,823.1,144.91500000000002,341.71500000000003,356.9,494.6
2026-08-26 14:49:00-04:00,823.27,144.91,341.57,356.78499999999997,494.54999999999995
2026-08-26 14:50:00-04:00,823.45,144.925,341.58500000000004,356.71500000000003,494.47
2026-08-26 14:51:00-04:00,823.4,144.89499999999998,341.645,356.745,494.26
2026-08-26 14:52:00-04:00,823.435,144.92000000000002,341.695,356.765,494.265
2026-08-26 14:53:00-04:00,823.29,144.945,341.79999999999995,356.83000000000004,494.325
2026-08-26 14:54:00-04:00,823.37,144.95999999999998,341.855,356.83500000000004,494.635
2026-08-26 14:55:00-04:00,823.2850000000001,144.925,341.855,356.75,494.67499999999995
2026-08-26 14:56:00-04:00,822.9100000000001,144.89,341.745,356.62,494.675
2026-08-26 14:57:00-04:00,822.995,144.905,341.685,356.59000000000003,494.74
2026-08-26 14:58:00-04:00,823.435,144.90499999999997,341.70000000000005,356.58500000000004,494.78
2026-08-26 14:59:00-04:00,823.4649999999999,144.87,341.77,356.83,494.86
2026-08-26 15:00:00-04:00,823.3599999999999,144.85500000000002,341.755,356.78499999999997,494.855
2026-08-26 15:01:00-04:00,823.735,144.88,341.84000000000003,357.02,495.25
2026-08-26 15:02:00-04:00,823.7349999999999,144.875,341.78,357.21500000000003,495.36
2026-08-26 15:03:00-04:00,823.8199999999999,144.82,341.95500000000004,357.30999999999995,495.40999999999997
2026-08-26 15:04:00-04:00,824.49,144.82,341.855,357.35,495.41999999999996
2026-08-26 15:05:00-04:00,824.355,144.84500000000003,341.98,357.26,495.72
2026-08-26 15:06:00-04:00,823.165,144.865,341.895,357.17499999999995,495.65999999999997
2026-08-26 15:07:00-04:00,823.745,144.825,341.925,357.21000000000004,495.5
2026-08-26 15:08:00-04:00,823.31,144.89,341.935,357.21000000000004,495.58500000000004
2026-08-26 15:09:00-04:00,823.18,144.865,341.875,357.15,495.645
2026-08-26 15:10:00-04:00,823.18,144.86,341.865,357.18,495.58500000000004
2026-08-26 15:11:00-04:00,822.9449999999999,144.84,341.76,357.24,495.845
2026-08-26 15:12:00-04:00,822.86,144.87,341.805,357.265,495.89
2026-08-26 15:13:00-04:00,822.74,144.87,341.78,357.15999999999997,496.02
2026-08-26 15:14:00-04:00,822.9449999999999,144.925,341.66499999999996,357.08,495.87
2026-08-26 15:15:00-04:00,822.905,144.91,341.65999999999997,357.17,495.895
2026-08-26 15:16:00-04:00,823.26,144.93,341.55,357.175,495.91999999999996
2026-08-26 15:17:00-04:00,823.665,144.97500000000002,341.67,357.365,496.07
2026-08-26 15:18:00-04:00,823.72,144.97,341.65,357.3,495.985
2026-08-26 15:19:00-04:00,823.5899999999999,144.97500000000002,341.655,357.255,495.945
2026-08-26 15:20:00-04:00,823.9200000000001,144.985,341.76,357.305,495.80499999999995
2026-08-26 15:21:00-04:00,823.2950000000001,144.98000000000002,341.53,357.26,495.70500000000004
2026-08-26 15:22:00-04:00,823.435,144.99,341.485,357.46000000000004,495.895
2026-08-26 15:23:00-04:00,823.71,145.05,341.48,357.495,495.95500000000004
2026-08-26 15:24:00-04:00,823.775,145.06,341.41499999999996,357.46500000000003,496.09000000000003
2026-08-26 15:25:00-04:00,824.2950000000001,145.04000000000002,341.48,357.8,496.08500000000004
2026-08-26 15:26:00-04:00,824.19,145.04500000000002,341.51,357.78,496.245
2026-08-26 15:27:00-04:00,824.275,145.06,341.48,357.78,496.4
2026-08-26 15:28:00-04:00,824.275,145.10000000000002,341.505,357.70500000000004,496.53
2026-08-26 15:29:00-04:00,824.11,145.09500000000003,341.28,357.77,496.35
2026-08-26 15:30:00-04:00,824.01,145.15499999999997,341.31,357.78,496.1
2026-08-26 15:31:00-04:00,824.005,145.125,341.40999999999997,357.78999999999996,496.105
2026-08-26 15:32:00-04:00,824.395,145.02499999999998,341.345,357.875,495.95000000000005
2026-08-26 15:33:00-04:00,824.3599999999999,145.01999999999998,341.45,357.815,496.15999999999997
2026-08-26 15:34:00-04:00,824.05,145.005,341.58500000000004,357.88,496.245
2026-08-26 15:35:00-04:00,824.065,144.995,341.69,357.96000000000004,496.11
2026-08-26 15:36:00-04:00,823.77,145.025,341.685,357.995,496.09000000000003
2026-08-26 15:37:00-04:00,823.625,145.03500000000003,341.665,358.155,496.225
2026-08-26 15:38:00-04:00,823.635,145.015,341.77,358.185,496.21500000000003
2026-08-26 15:39:00-04:00,823.325,145.07999999999998,341.95000000000005,358.21000000000004,496.135
2026-08-26 15:40:00-04:00,823.45,145.07999999999998,341.93,358.185,496.105
2026-08-26 15:41:00-04:00,823.835,145.14,342.09000000000003,358.28499999999997,495.995
2026-08-26 15:42:00-04:00,823.8,145.10500000000002,342.005,358.28,496.23
2026-08-26 15:43:00-04:00,824.325,145.12,342.115,358.255,496.27
2026-08-26 15:44:00-04:00,824.03,145.15499999999997,342.075,358.20000000000005,496.46500000000003
2026-08-26 15:45:00-04:00,824.02,145.18,342.135,358.12,496.73
2026-08-26 15:46:00-04:00,824.085,145.20499999999998,342.27,358.03499999999997,496.53999999999996
2026-08-26 15:47:00-04:00,823.78,145.255,342.35,357.82000000000005,496.54499999999996
2026-08-26 15:48:00-04:00,823.8,145.20999999999998,342.25,357.72,496.46500000000003
2026-08-26 15:49:00-04:00,824.145,145.22,342.275,357.82,496.515
2026-08-26 15:50:00-04:00,823.6949999999999,145.235,342.27,357.83500000000004,496.67499999999995
2026-08-26 15:51:00-04:00,822.44,145.20999999999998,342.31,357.53,497.04999999999995
2026-08-26 15:52:00-04:00,822.485,145.22500000000002,342.18,357.48,497.15999999999997
2026-08-26 15:53:00-04:00,822.645,145.23000000000002,342.17,357.38,496.875
2026-08-26 15:54:00-04:00,822.32,145.235,342.055,357.41499999999996,496.85
2026-08-26 15:55:00-04:00,822.005,145.14,341.70500000000004,357.07,497.03
2026-08-26 15:56:00-04:00,822.825,145.14,342.02,357.025,496.90999999999997
2026-08-26 15:57:00-04:00,823.0799999999999,145.09,342.18,357.04499999999996,496.935
2026-08-26 15:58:00-04:00,822.78,145.06,342.14,357.28999999999996,496.775
2026-08-26 15:59:00-04:00,822.01,145.03,342.085,357.065,496.49
2026-08-26 16:00:00-04:00,821.7950000000001,145.015,342.04999999999995,356.675,496.28
2026-08-27 13:30:00-04:00,819.23,143.665,341.02,354.96500000000003,503.325
2026-08-27 13:31:00-04:00,819.5450000000001,143.64999999999998,341.08000000000004,354.98,503.64
2026-08-27 13:32:00-04:00,819.3399999999999,143.64999999999998,340.97,354.96000000000004,503.82500000000005
2026-08-27 13:33:00-04:00,819.6700000000001,143.64499999999998,341.255,354.995,504.17499999999995
2026-08-27 13:34:00-04:00,819.3199999999999,143.64,341.19,354.9,504.265
2026-08-27 13:35:00-04:00,819.405,143.68,341.115,355.03,504.44
2026-08-27 13:36:00-04:00,819.395,143.655,341.31,355.065,504.62
2026-08-27 13:37:00-04:00,819.2149999999999,143.64499999999998,341.265,355.045,504.83000000000004
2026-08-27 13:38:00-04:00,819.14,143.615,341.42,355.055,504.91999999999996
2026-08-27 13:39:00-04:00,818.925,143.625,341.36,354.90999999999997,505.055
2026-08-27 13:40:00-04:00,818.895,143.66,341.38,354.985,505.375
2026-08-27 13:41:00-04:00,818.77,143.64499999999998,341.51,354.96500000000003,505.315
2026-08-27 13:42:00-04:00,818.99,143.625,341.34000000000003,354.995,505.37
2026-08-27 13:43:00-04:00,819.4100000000001,143.625,341.405,354.965,505.435
2026-08-27 13:44:00-04:00,819.61,143.59,341.54499999999996,355.02,505.81
2026-08-27 13:45:00-04:00,819.61,143.53500000000003,341.29499999999996,354.93,505.83500000000004
2026-08-27 13:46:00-04:00,819.005,143.53500000000003,341.315,354.825,505.57
2026-08-27 13:47:00-04:00,818.765,143.525,341.15999999999997,354.86,505.47
2026-08-27 13:48:00-04:00,818.7,143.53,341.065,354.96500000000003,505.21000000000004
2026-08-27 13:49:00-04:00,818.605,143.535,340.93,355.07500000000005,504.79499999999996
2026-08-27 13:50:00-04:00,818.5799999999999,143.60000000000002,340.925,355.13,504.605
2026-08-27 13:51:00-04:00,818.8199999999999,143.575,340.885,355.145,504.585
2026-08-27 13:52:00-04:00,819.085,143.575,340.57500000000005,355.25,504.57500000000005
2026-08-27 13:53:00-04:00,818.99,143.56,340.53999999999996,355.25,504.46000000000004
2026-08-27 13:54:00-04:00,819.13,143.53500000000003,340.56,355.08000000000004,504.27
2026-08-27 13:55:00-04:00,819.02,143.485,340.86,355.05499999999995,504.625
2026-08-27 13:56:00-04:00,819.49,143.525,340.73,355.005,504.52
2026-08-27 13:57:00-04:00,819.2850000000001,143.53500000000003,340.86,355.01,504.41999999999996
2026-08-27 13:58:00-04:00,819.2149999999999,143.575,340.885,355.025,504.03
2026-08-27 13:59:00-04:00,819.03,143.57999999999998,340.79499999999996,355.04,504.04499999999996
2026-08-27 14:00:00-04:00,818.73,143.58499999999998,340.845,355.03,504.155
2026-08-27 14:01:00-04:00,818.2049999999999,143.575,341.28499999999997,354.94,504.36
2026-08-27 14:02:00-04:00,816.8050000000001,143.57,341.07,354.89,503.70500000000004
2026-08-27 14:03:00-04:00,817.0,143.60500000000002,341.255,355.08500000000004,503.415
2026-08-27 14:04:00-04:00,816.31,143.57999999999998,341.20000000000005,355.01,503.225
2026-08-27 14:05:00-04:00,815.96,143.585,341.08000000000004,354.94,503.08
2026-08-27 14:06:00-04:00,816.3800000000001,143.58499999999998,341.11,355.03,503.055
2026-08-27 14:07:00-04:00,816.3199999999999,143.565,340.985,355.02,502.725
2026-08-27 14:08:00-04:00,816.655,143.56,340.875,354.905,502.585
2026-08-27 14:09:00-04:00,816.82,143.60500000000002,340.865,354.86,502.64
2026-08-27 14:10:00-04:00,816.675,143.565,340.83500000000004,354.935,502.485
2026-08-27 14:11:00-04:00,816.03,143.515,340.78999999999996,354.76,502.69
2026-08-27 14:12:00-04:00,816.105,143.52499999999998,340.73,354.77,502.59000000000003
2026-08-27 14:13:00-04:00,816.135,143.505,340.66499999999996,354.625,502.28999999999996
2026-08-27 14:14:00-04:00,816.39,143.48000000000002,340.525,354.68,501.8
2026-08-27 14:15:00-04:00,817.26,143.49,340.52,354.675,501.53499999999997
2026-08-27 14:16:00-04:00,817.105,143.445,340.515,354.68,501.765
2026-08-27 14:17:00-04:00,816.995,143.45499999999998,340.49,354.525,501.725
2026-08-27 14:18:00-04:00,816.985,143.39,340.61,354.785,501.64
2026-08-27 14:19:00-04:00,817.3,143.435,340.605,354.855,501.6
2026-08-27 14:20:00-04:00,817.405,143.39,340.70500000000004,354.72,501.49
2026-08-27 14:21:00-04:00,817.435,143.38,340.91499999999996,354.805,501.935
2026-08-27 14:22:00-04:00,816.9100000000001,143.38,340.91999999999996,354.8,501.575
2026-08-27 14:23:00-04:00,816.935,143.38,340.82,354.695,501.71000000000004
2026-08-27 14:24:00-04:00,816.565,143.33499999999998,340.78499999999997,354.63,501.75
2026-08-27 14:25:00-04:00,816.615,143.365,340.78499999999997,354.505,502.74
2026-08-27 14:26:00-04:00,816.8,143.37,340.57500000000005,354.53999999999996,502.775
2026-08-27 14:27:00-04:00,817.0799999999999,143.365,340.66499999999996,354.45000000000005,502.71
2026-08-27 14:28:00-04:00,816.605,143.385,340.605,354.40999999999997,502.475
2026-08-27 14:29:00-04:00,816.845,143.315,340.59000000000003,354.34000000000003,502.405
2026-08-27 14:30:00-04:00,816.6,143.31,340.505,354.245,502.5
2026-08-27 14:31:00-04:00,816.89,143.315,340.78999999999996,354.29499999999996,502.58000000000004
2026-08-27 14:32:00-04:00,817.8499999999999,143.31,340.79499999999996,354.315,502.57
2026-08-27 14:33:00-04:00,818.4549999999999,143.375,340.73,354.20000000000005,502.78
2026-08-27 14:34:00-04:00,818.1500000000001,143.37,340.54499999999996,354.005,502.85
2026-08-27 14:35:00-04:00,818.075,143.45499999999998,340.65999999999997,353.98,502.825
2026-08-27 14:36:00-04:00,818.215,143.465,340.695,353.99,502.79999999999995
2026-08-27 14:37:00-04:00,818.25,143.39999999999998,340.68,354.06,502.89
2026-08-27 14:38:00-04:00,818.45,143.37,340.825,354.045,502.86
2026-08-27 14:39:00-04:00,818.79,143.32999999999998,340.80499999999995,354.05,502.98
2026-08-27 14:40:00-04:00,818.615,143.39999999999998,340.725,354.03,502.85
2026-08-27 14:41:00-04:00,818.6949999999999,143.425,340.72,354.115,502.79499999999996
2026-08-27 14:42:00-04:00,818.71,143.41,340.65999999999997,354.135,502.42499999999995
2026-08-27 14:43:00-04:00,818.7,143.35000000000002,340.555,354.25,502.265
2026-08-27 14:44:00-04:00,818.7750000000001,143.35000000000002,340.625,354.30499999999995,502.22
2026-08-27 14:45:00-04:00,818.755,143.325,340.58500000000004,354.29499999999996,502.26
2026-08-27 14:46:00-04:00,818.935,143.35500000000002,340.56,354.31,502.28999999999996
2026-08-27 14:47:00-04:00,819.065,143.32,340.78,354.365,502.4
2026-08-27 14:48:00-04:00,819.665,143.31,340.78999999999996,354.345,502.57
2026-08-27 14:49:00-04:00,819.02,143.365,340.89,354.27,502.815
2026-08-27 14:50:00-04:00,819.005,143.40499999999997,340.69000000000005,354.27,502.285
2026-08-27 14:51:00-04:00,818.69,143.335,340.74,354.03499999999997,502.98
2026-08-27 14:52:00-04:00,818.0899999999999,143.32999999999998,340.70500000000004,354.155,502.975
2026-08-27 14:53:00-04:00,818.235,143.36,340.675,354.11,502.895
2026-08-27 14:54:00-04:00,818.3299999999999,143.37,340.78,353.79999999999995,502.97
2026-08-27 14:55:00-04:00,817.6800000000001,143.325,340.79999999999995,353.605,503.225
2026-08-27 14:56:00-04:00,817.5999999999999,143.325,340.905,353.755,503.305
2026-08-27 14:57:00-04:00,817.635,143.28,340.78499999999997,353.83500000000004,503.52
2026-08-27 14:58:00-04:00,817.9300000000001,143.255,340.96000000000004,353.795,503.96000000000004
2026-08-27 14:59:00-04:00,818.035,143.265,340.96500000000003,353.745,504.21500000000003
2026-08-27 15:00:00-04:00,818.04,143.35000000000002,340.71000000000004,353.745,504.35
2026-08-27 15:01:00-04:00,818.6600000000001,143.39999999999998,340.83000000000004,353.985,504.46500000000003
2026-08-27 15:02:00-04:00,818.425,143.445,340.735,353.96000000000004,504.57000000000005
2026-08-27 15:03:00-04:00,818.3199999999999,143.39,340.71000000000004,353.775,504.56
2026-08-27 15:04:00-04:00,817.985,143.445,340.78,353.79499999999996,504.83500000000004
2026-08-27 15:05:00-04:00,818.385,143.435,340.79499999999996,353.79999999999995,504.86
2026-08-27 15:06:00-04:00,817.645,143.475,340.71500000000003,353.77,504.82000000000005
2026-08-27 15:07:00-04:00,817.6600000000001,143.45999999999998,340.595,353.59,505.08500000000004
2026-08-27 15:08:00-04:00,817.845,143.45999999999998,340.81,353.575,505.13
2026-08-27 15:09:00-04:00,817.97,143.48000000000002,340.86,353.635,505.055
2026-08-27 15:10:00-04:00,817.98,143.45499999999998,340.86,353.47,505.24
2026-08-27 15:11:00-04:00,817.99,143.40499999999997,340.76,353.48,505.28499999999997
2026-08-27 15:12:00-04:00,817.9649999999999,143.425,340.64,353.485,505.32000000000005
2026-08-27 15:13:00-04:00,817.935,143.42000000000002,340.64,353.44,505.47
2026-08-27 15:14:00-04:00,817.74,143.53500000000003,340.775,353.525,505.46500000000003
2026-08-27 15:15:00-04:00,817.28,143.365,340.78499999999997,353.39,505.285
2026-08-27 15:16:00-04:00,817.195,143.35,340.81,353.47,505.4
2026-08-27 15:17:00-04:00,817.09,143.375,340.70000000000005,353.58,506.02
2026-08-27 15:18:00-04:00,817.095,143.41,340.615,353.485,505.565
2026-08-27 15:19:00-04:00,817.095,143.52,340.555,353.49,505.245
2026-08-27 15:20:00-04:00,817.55,143.5,340.72,353.505,505.46
2026-08-27 15:21:00-04:00,817.975,143.5,340.615,353.54499999999996,505.17499999999995
2026-08-27 15:22:00-04:00,817.95,143.505,340.435,353.38,505.695
2026-08-27 15:23:00-04:00,817.155,143.435,340.435,353.45000000000005,505.95000000000005
2026-08-27 15:24:00-04:00,816.77,143.53,340.53,353.505,505.875
2026-08-27 15:25:00-04:00,815.94,143.49,340.745,353.48,505.69
2026-08-27 15:26:00-04:00,815.81,143.38,340.70000000000005,353.395,505.815
2026-08-27 15:27:00-04:00,816.065,143.375,340.565,353.44000000000005,505.65999999999997
2026-08-27 15:28:00-04:00,814.9449999999999,143.37,340.41499999999996,353.455,505.46000000000004
2026-08-27 15:29:00-04:00,815.725,143.36,340.5,353.505,505.38
2026-08-27 15:30:00-04:00,815.005,143.39499999999998,340.53999999999996,353.46500000000003,505.5
2026-08-27 15:31:00-04:00,815.565,143.385,340.625,353.49,505.42
2026-08-27 15:32:00-04:00,815.76,143.42000000000002,340.53499999999997,353.405,506.115
2026-08-27 15:33:00-04:00,815.775,143.43,340.58500000000004,353.44500000000005,505.875
2026-08-27 15:34:00-04:00,815.52,143.445,340.64,353.44,506.03999999999996
2026-08-27 15:35:00-04:00,816.09,143.425,340.6,353.49,505.78999999999996
2026-08-27 15:36:00-04:00,816.125,143.45999999999998,340.625,353.53999999999996,505.53
2026-08-27 15:37:00-04:00,816.085,143.42000000000002,340.525,353.47,505.78999999999996
2026-08-27 15:38:00-04:00,816.055,143.41,340.57,353.47,505.97
2026-08-27 15:39:00-04:00,815.645,143.485,340.48,353.225,505.945
2026-08-27 15:40:00-04:00,815.67,143.45999999999998,340.37,353.225,506.0
2026-08-27 15:41:00-04:00,815.7149999999999,143.51999999999998,340.355,353.33000000000004,505.70000000000005
2026-08-27 15:42:00-04:00,815.7049999999999,143.51999999999998,340.395,353.61,505.13
2026-08-27 15:43:00-04:00,815.8399999999999,143.53500000000003,340.595,353.52,504.735
2026-08-27 15:44:00-04:00,816.06,143.45999999999998,340.755,353.66999999999996,504.96
2026-08-27 15:45:00-04:00,815.96,143.46499999999997,340.70000000000005,353.695,505.30999999999995
2026-08-27 15:46:00-04:00,816.315,143.385,340.815,353.91,504.82500000000005
2026-08-27 15:47:00-04:00,816.56,143.37,340.855,354.05499999999995,504.66999999999996
2026-08-27 15:48:00-04:00,817.03,143.34,340.8,354.07500000000005,504.68
2026-08-27 15:49:00-04:00,817.26,143.26999999999998,341.03,354.07,504.875
2026-08-27 15:50:00-04:00,816.425,143.265,341.075,354.065,505.03999999999996
2026-08-27 15:51:00-04:00,816.3,143.23000000000002,340.95500000000004,354.13,505.20000000000005
2026-08-27 15:52:00-04:00,816.635,143.19,340.9,353.905,505.255
2026-08-27 15:53:00-04:00,817.23,143.235,340.9,354.15999999999997,505.27
2026-08-27 15:54:00-04:00,817.61,143.365,340.96500000000003,354.125,504.79999999999995
2026-08-27 15:55:00-04:00,817.835,143.35000000000002,340.9,353.98,505.55
2026-08-27 15:56:00-04:00,817.76,143.22500000000002,340.435,354.145,505.185
2026-08-27 15:57:00-04:00,818.005,143.16,340.39,353.75,504.95500000000004
2026-08-27 15:58:00-04:00,818.1800000000001,143.17000000000002,340.315,353.91499999999996,505.11
2026-08-27 15:59:00-04:00,817.885,143.175,340.46500000000003,354.225,505.085
2026-08-27 16:00:00-04:00,817.2,143.13,340.61,354.05,504.92
2026-08-28 13:30:00-04:00,801.47,143.18,346.47,356.79499999999996,517.13
2026-08-28 13:31:00-04:00,801.7,143.125,346.48,356.745,516.81
2026-08-28 13:32:00-04:00,801.7,143.135,346.395,356.78,517.12
2026-08-28 13:33:00-04:00,801.965,143.2,346.41499999999996,356.82,517.025
2026-08-28 13:34:00-04:00,802.6949999999999,143.225,346.38,356.85,517.355
2026-08-28 13:35:00-04:00,802.525,143.17000000000002,346.255,356.755,517.5350000000001
2026-08-28 13:36:00-04:00,802.6600000000001,143.215,346.4,356.825,517.4100000000001
2026-08-28 13:37:00-04:00,802.765,143.235,346.21500000000003,356.915,517.3299999999999
2026-08-28 13:38:00-04:00,802.605,143.305,346.11,356.69,517.05
2026-08-28 13:39:00-04:00,802.5899999999999,143.29500000000002,346.13,356.77,517.0450000000001
2026-08-28 13:40:00-04:00,801.3399999999999,143.325,345.76,356.355,516.7
2026-08-28 13:41:00-04:00,801.915,143.32,345.925,356.53499999999997,516.495
2026-08-28 13:42:00-04:00,801.575,143.35000000000002,345.96000000000004,356.46000000000004,516.615
2026-08-28 13:43:00-04:00,801.7249999999999,143.325,346.365,356.385,516.6300000000001
2026-08-28 13:44:00-04:00,801.6949999999999,143.285,346.505,356.145,516.2249999999999
2026-08-28 13:45:00-04:00,802.48,143.35500000000002,346.38,356.24,515.6600000000001
2026-08-28 13:46:00-04:00,802.72,143.38,346.39,356.205,515.5450000000001
2026-08-28 13:47:00-04:00,803.31,143.35000000000002,346.445,356.195,515.89
2026-08-28 13:48:00-04:00,802.89,143.31,346.31,356.105,515.7249999999999
2026-08-28 13:49:00-04:00,803.575,143.32999999999998,346.51,356.15,516.3399999999999
2026-08-28 13:50:00-04:00,803.6700000000001,143.32999999999998,346.61,356.14,516.25
2026-08-28 13:51:00-04:00,803.37,143.32,346.48,356.085,516.125
2026-08-28 13:52:00-04:00,803.475,143.315,346.525,356.115,516.14
2026-08-28 13:53:00-04:00,803.1600000000001,143.33499999999998,346.58500000000004,356.15,516.19
2026-08-28 13:54:00-04:00,803.1700000000001,143.34,346.45500000000004,356.11,516.3199999999999
2026-08-28 13:55:00-04:00,802.765,143.36,346.46000000000004,356.1,516.14
2026-08-28 13:56:00-04:00,802.5699999999999,143.365,346.355,355.94500000000005,515.74
2026-08-28 13:57:00-04:00,802.6600000000001,143.375,346.475,356.015,515.71
2026-08-28 13:58:00-04:00,802.6800000000001,143.39499999999998,346.555,355.85,515.595
2026-08-28 13:59:00-04:00,802.61,143.32999999999998,346.725,355.845,515.89
2026-08-28 14:00:00-04:00,802.64,143.345,346.65,355.875,515.845
2026-08-28 14:01:00-04:00,802.5699999999999,143.39999999999998,346.71000000000004,355.96000000000004,515.865
2026-08-28 14:02:00-04:00,802.485,143.41,346.66999999999996,355.87,515.8299999999999
2026-08-28 14:03:00-04:00,802.595,143.495,346.81,355.885,515.8800000000001
2026-08-28 14:04:00-04:00,802.61,143.45,347.015,356.015,515.905
2026-08-28 14:05:00-04:00,801.87,143.44,346.87,355.69,515.825
2026-08-28 14:06:00-04:00,802.875,143.485,346.885,355.83500000000004,515.64
2026-08-28 14:07:00-04:00,802.88,143.505,346.77,355.885,515.1800000000001
2026-08-28 14:08:00-04:00,802.4449999999999,143.41,346.885,355.905,515.2349999999999
2026-08-28 14:09:00-04:00,803.3499999999999,143.41,346.93,355.94500000000005,515.115
2026-08-28 14:10:00-04:00,802.89,143.38,346.9,356.07500000000005,515.215
2026-08-28 14:11:00-04:00,802.905,143.35500000000002,347.065,356.11,515.375
2026-08-28 14:12:00-04:00,803.055,143.285,346.845,356.145,515.2049999999999
2026-08-28 14:13:00-04:00,803.38,143.3,347.005,355.90999999999997,515.325
2026-08-28 14:14:00-04:00,803.03,143.28500000000003,346.905,355.935,514.875
2026-08-28 14:15:00-04:00,802.065,143.26,346.82,355.82500000000005,514.8900000000001
2026-08-28 14:16:00-04:00,802.405,143.27,346.925,356.02,515.0999999999999
2026-08-28 14:17:00-04:00,802.52,143.26,346.65999999999997,356.19500000000005,514.8299999999999
2026-08-28 14:18:00-04:00,802.44,143.33499999999998,346.635,356.075,514.895
2026-08-28 14:19:00-04:00,802.4,143.335,346.75,356.235,514.625
2026-08-28 14:20:00-04:00,802.4,143.305,346.88,356.245,514.7650000000001
2026-08-28 14:21:00-04:00,802.49,143.26,346.99,356.08,514.905
2026-08-28 14:22:00-04:00,802.23,143.245,346.87,355.985,515.135
2026-08-28 14:23:00-04:00,802.235,143.285,346.985,355.985,515.0
2026-08-28 14:24:00-04:00,801.5799999999999,143.28,346.56,355.92,514.655
2026-08-28 14:25:00-04:00,802.0699999999999,143.305,346.53999999999996,355.85,514.8399999999999
2026-08-28 14:26:00-04:00,801.975,143.265,346.36,355.68,514.94
2026-08-28 14:27:00-04:00,801.97,143.27499999999998,346.26,355.9,515.35
2026-08-28 14:28:00-04:00,802.0050000000001,143.31,346.33000000000004,355.98,515.2049999999999
2026-08-28 14:29:00-04:00,802.175,143.28,346.37,356.015,515.0450000000001
2026-08-28 14:30:00-04:00,801.815,143.28,346.19,355.92,514.725
2026-08-28 14:31:00-04:00,801.9549999999999,143.28,346.41499999999996,355.995,514.3900000000001
2026-08-28 14:32:00-04:00,802.125,143.31,346.58500000000004,356.04499999999996,514.655
2026-08-28 14:33:00-04:00,801.9300000000001,143.305,346.44,356.085,514.54
2026-08-28 14:34:00-04:00,802.245,143.26999999999998,346.435,356.21500000000003,514.655
2026-08-28 14:35:00-04:00,802.6400000000001,143.305,346.41499999999996,356.29499999999996,514.965
2026-08-28 14:36:00-04:00,802.94,143.32,346.4,356.345,515.05
2026-08-28 14:37:00-04:00,802.8399999999999,143.31,346.38,356.495,514.635
2026-08-28 14:38:00-04:00,802.515,143.25,346.305,356.415,514.7
2026-08-28 14:39:00-04:00,802.61,143.245,346.355,356.49,514.685
2026-08-28 14:40:00-04:00,802.675,143.225,346.29499999999996,356.5,514.78
2026-08-28 14:41:00-04:00,803.01,143.19,346.47,356.58500000000004,514.835
2026-08-28 14:42:00-04:00,802.63,143.175,346.37,356.48,514.5799999999999
2026-08-28 14:43:00-04:00,802.105,143.195,346.6,356.51,514.73
2026-08-28 14:44:00-04:00,801.845,143.195,346.70500000000004,356.54999999999995,514.735
2026-08-28 14:45:00-04:00,802.075,143.2,346.93,356.55499999999995,514.94
2026-08-28 14:46:00-04:00,801.6,143.20999999999998,346.855,356.52,514.765
2026-08-28 14:47:00-04:00,801.775,143.18,346.905,356.53499999999997,514.5250000000001
2026-08-28 14:48:00-04:00,801.745,143.185,346.84000000000003,356.57500000000005,514.645
2026-08-28 14:49:00-04:00,801.26,143.20499999999998,346.6,356.54499999999996,514.5250000000001
2026-08-28 14:50:00-04:00,801.0250000000001,143.22,346.645,356.475,514.63
2026-08-28 14:51:00-04:00,800.75,143.3,346.515,356.56,514.25
2026-08-28 14:52:00-04:00,801.015,143.27499999999998,346.635,356.70000000000005,514.315
2026-08-28 14:53:00-04:00,801.0450000000001,143.3,346.635,356.58000000000004,514.255
2026-08-28 14:54:00-04:00,801.3199999999999,143.39,346.825,356.67999999999995,514.675
2026-08-28 14:55:00-04:00,801.745,143.39499999999998,346.93,356.59000000000003,514.5450000000001
2026-08-28 14:56:00-04:00,801.655,143.40499999999997,347.01,356.62,514.47
2026-08-28 14:57:00-04:00,802.26,143.39999999999998,346.995,356.725,514.4100000000001
2026-08-28 14:58:00-04:00,802.06,143.435,346.985,356.62,514.315
2026-08-28 14:59:00-04:00,801.595,143.46499999999997,346.935,356.745,514.35
2026-08-28 15:00:00-04:00,801.55,143.495,346.95,356.71000000000004,513.87
2026-08-28 15:01:00-04:00,801.0899999999999,143.51999999999998,346.89,356.655,513.5550000000001
2026-08-28 15:02:00-04:00,801.295,143.495,347.16999999999996,356.55,513.9200000000001
2026-08-28 15:03:00-04:00,801.105,143.43,347.23,356.575,513.835
2026-08-28 15:04:00-04:00,801.4300000000001,143.485,347.19,356.9,513.77
2026-08-28 15:05:00-04:00,800.79,143.49,347.31,356.925,514.3399999999999
2026-08-28 15:06:00-04:00,801.4300000000001,143.44,347.56,357.0,514.3299999999999
2026-08-28 15:07:00-04:00,801.14,143.48000000000002,347.55999999999995,357.01,514.0999999999999
2026-08-28 15:08:00-04:00,801.22,143.445,347.575,356.995,514.3050000000001
2026-08-28 15:09:00-04:00,801.475,143.43,347.555,357.04999999999995,514.145
2026-08-28 15:10:00-04:00,801.835,143.485,347.96000000000004,357.15,514.52
2026-08-28 15:11:00-04:00,801.605,143.485,347.755,357.195,514.44
2026-08-28 15:12:00-04:00,801.635,143.45,347.71500000000003,357.155,514.38
2026-08-28 15:13:00-04:00,801.1700000000001,143.43,347.825,357.17499999999995,514.625
2026-08-28 15:14:00-04:00,801.145,143.49,347.515,357.30499999999995,514.285
2026-08-28 15:15:00-04:00,801.325,143.54500000000002,347.6,357.405,514.385
2026-08-28 15:16:00-04:00,801.655,143.45499999999998,347.57,357.29999999999995,514.0699999999999
2026-08-28 15:17:00-04:00,801.815,143.495,347.52,357.28999999999996,514.23
2026-08-28 15:18:00-04:00,801.435,143.535,347.44,357.345,513.95
2026-08-28 15:19:00-04:00,801.35,143.51999999999998,347.345,357.095,513.7950000000001
2026-08-28 15:20:00-04:00,801.765,143.56,347.4,357.14,513.975
2026-08-28 15:21:00-04:00,802.05,143.55,347.48,357.18,513.9300000000001
2026-08-28 15:22:00-04:00,801.87,143.54000000000002,347.63,357.22,513.9300000000001
2026-08-28 15:23:00-04:00,801.865,143.53,347.625,357.19000000000005,513.72
2026-08-28 15:24:00-04:00,801.5,143.60000000000002,347.46000000000004,357.155,513.37
2026-08-28 15:25:00-04:00,802.19,143.62,347.57,357.29999999999995,513.27
2026-08-28 15:26:00-04:00,802.035,143.625,347.64,357.32,513.435
2026-08-28 15:27:00-04:00,802.435,143.625,347.65,357.28499999999997,513.2950000000001
2026-08-28 15:28:00-04:00,802.3050000000001,143.625,347.605,357.2,513.37
2026-08-28 15:29:00-04:00,802.4449999999999,143.625,347.755,357.35,513.145
2026-08-28 15:30:00-04:00,802.3050000000001,143.555,347.66499999999996,357.345,513.29
2026-08-28 15:31:00-04:00,802.415,143.525,347.645,357.155,513.095
2026-08-28 15:32:00-04:00,802.14,143.54500000000002,347.67499999999995,357.06,513.04
2026-08-28 15:33:00-04:00,801.73,143.54000000000002,347.69,357.08500000000004,513.085
2026-08-28 15:34:00-04:00,802.025,143.39999999999998,347.6,357.02,513.11
2026-08-28 15:35:00-04:00,802.0,143.46499999999997,347.615,357.02,513.255
2026-08-28 15:36:00-04:00,801.675,143.39999999999998,347.53,357.07,513.355
2026-08-28 15:37:00-04:00,801.625,143.385,347.56,357.1,513.61
2026-08-28 15:38:00-04:00,801.605,143.39499999999998,347.28999999999996,356.92999999999995,513.89
2026-08-28 15:39:00-04:00,801.725,143.40499999999997,347.36,356.87,513.685
2026-08-28 15:40:00-04:00,801.885,143.39999999999998,347.36,357.065,513.9549999999999
2026-08-28 15:41:00-04:00,802.225,143.375,347.6,357.145,514.135
2026-08-28 15:42:00-04:00,801.91,143.39999999999998,347.40999999999997,357.19,514.04
2026-08-28 15:43:00-04:00,802.165,143.49,347.62,357.155,514.125
2026-08-28 15:44:00-04:00,802.2,143.41,347.82,357.11,514.5
2026-08-28 15:45:00-04:00,802.195,143.43,347.725,357.15999999999997,513.8900000000001
2026-08-28 15:46:00-04:00,802.735,143.42000000000002,347.59000000000003,357.24,513.605
2026-08-28 15:47:00-04:00,802.47,143.435,347.38,357.20500000000004,513.675
2026-08-28 15:48:00-04:00,802.775,143.435,347.06,357.19000000000005,513.29
2026-08-28 15:49:00-04:00,802.685,143.375,347.20500000000004,357.15999999999997,513.125
2026-08-28 15:50:00-04:00,802.2850000000001,143.39,347.35,356.85,513.335
2026-08-28 15:51:00-04:00,801.2950000000001,143.55,347.405,357.015,514.19
2026-08-28 15:52:00-04:00,800.8050000000001,143.62,347.32,356.81,513.635
2026-08-28 15:53:00-04:00,801.255,143.61,347.275,356.83500000000004,513.615
2026-08-28 15:54:00-04:00,801.34,143.64499999999998,347.25,356.83500000000004,513.49
2026-08-28 15:55:00-04:00,802.09,143.735,347.445,356.83000000000004,513.44
2026-08-28 15:56:00-04:00,800.9549999999999,143.60000000000002,346.745,356.875,514.03
2026-08-28 15:57:00-04:00,800.36,143.635,346.98,357.35,514.19
2026-08-28 15:58:00-04:00,800.265,143.75,346.81,357.58000000000004,513.625
2026-08-28 15:59:00-04:00,800.0699999999999,143.7,346.735,357.57,513.645
2026-08-28 16:00:00-04:00,800.175,143.745,346.52,357.53499999999997,513.6949999999999
