Datetime,CAT,PG,GOOGL,JPM,MSFT
2026-08-03 13:30:00-04:00,100.0,100.0,100.00000000000001,100.0,100.0
2026-08-03 13:31:00-04:00,99.92120916193183,100.07965197045363,100.07507433523827,100.008537417861,99.95707539528097
2026-08-03 13:32:00-04:00,100.01091234611742,99.95844612606824,100.06138373450757,99.997151299025,99.97547165444627
2026-08-03 13:33:00-04:00,100.12181877367425,99.96191247160476,100.05335343568517,99.98718953067652,99.93560997385411
2026-08-03 13:34:00-04:00,100.2236328125,99.95436682918684,100.01334853932042,100.05407320814103,99.94787414663098
2026-08-03 13:35:00-04:00,100.23515181107955,99.98961153151706,100.00400700509192,100.06261062600204,99.9100585742132
2026-08-03 13:36:00-04:00,100.2630282315341,99.97576728562423,99.95196480481285,100.09107158056004,99.92028287695037
2026-08-03 13:37:00-04:00,100.36363636363636,99.97576728562423,99.9813250758623,100.07826111123656,99.94471141234925
2026-08-03 13:38:00-04:00,100.32363429214016,99.98961153151706,99.99466547086342,100.1024490143321,99.9734255462719
2026-08-03 13:39:00-04:00,100.32363429214016,100.06234137902428,100.00267133672794,100.12379690151658,100.00204610817437
2026-08-03 13:40:00-04:00,100.3672762784091,99.9965442225901,100.02936027104947,100.15225785607458,99.89268536913508
2026-08-03 13:41:00-04:00,100.30667021780303,100.00561167524357,100.00000000000001,100.20774672963917,99.86918007766852
2026-08-03 13:42:00-04:00,100.37363873106061,100.03116540544882,99.95196480481285,100.18213447605615,99.87020313175572
2026-08-03 13:43:00-04:00,100.38788026751894,100.05195291054133,99.9172700046268,100.17502140868262,99.9100585742132
2026-08-03 13:44:00-04:00,100.43394146543561,100.04502021946828,99.96264200740531,100.16933269179661,99.86918007766852
2026-08-03 13:45:00-04:00,100.52666311553031,100.11428372143897,99.94395893894831,100.16221962442309,99.87428910996977
2026-08-03 13:46:00-04:00,100.60363399621212,100.12467218992191,99.95729933394944,100.20057286681802,99.91619066060163
2026-08-03 13:47:00-04:00,100.55333362926136,100.16275971831715,99.97865373913436,100.21344413158914,99.94482993690814
2026-08-03 13:48:00-04:00,100.62545129024622,100.1828497270517,100.04537200277852,100.21344413158914,99.89677134734913
2026-08-03 13:49:00-04:00,100.65878758285984,100.19739146930249,100.08272999537321,100.19636929586713,99.94378816841692
2026-08-03 13:50:00-04:00,100.68605735085228,100.18353665528302,100.0467076711425,100.19537051351308,99.89575453139663
2026-08-03 13:51:00-04:00,100.67697236032197,100.16788525973548,100.07338846114472,100.19352059489214,99.92436885516443
2026-08-03 13:52:00-04:00,100.64363606770834,100.12467218992191,100.03603046855002,100.1707570422841,99.9264149633388
2026-08-03 13:53:00-04:00,100.67393909801136,100.10042890741951,99.99600113922739,100.21059543061415,99.89985922401473
2026-08-03 13:54:00-04:00,100.69096975615531,100.12120584438539,99.98398826827095,100.28885654185072,99.87326605588258
2026-08-03 13:55:00-04:00,100.7981844815341,100.10735103036592,99.94796594404022,100.2817434744772,99.82216325660075
2026-08-03 13:56:00-04:00,100.69818300189394,100.05195291054133,99.93328173635585,100.26751733973018,99.81398506203794
2026-08-03 13:57:00-04:00,100.81333599668561,100.05229109059367,99.8425458751181,100.27320605661619,99.83238755933792
2026-08-03 13:58:00-04:00,100.78666548295455,100.09350678447309,99.82653414338905,100.26466863875518,99.84873771032885
2026-08-03 13:59:00-04:00,100.85212476325758,100.08311831599015,99.8717676927396,100.24901815352067,99.73631404716268
2026-08-03 14:00:00-04:00,100.80485026041667,100.03809809652186,99.79718201665888,100.24332075157069,99.79763491104701
2026-08-03 14:01:00-04:00,100.73333185369319,100.01732115955599,99.79183934320301,100.23051896731116,99.74653211176516
2026-08-03 14:02:00-04:00,100.75030332623106,99.9965442225901,99.85055174098264,100.15937092344811,99.90188661778507
2026-08-03 14:03:00-04:00,100.72484611742425,100.04502021946828,99.83186867252564,100.15652222247311,99.93851694461404
2026-08-03 14:04:00-04:00,100.82302763967803,100.08657409340005,99.87190614616758,100.1531089923415,100.0081781945628
2026-08-03 14:05:00-04:00,100.86969549005683,100.0761856249171,99.8985869361698,100.15509787198563,100.02657445372812
2026-08-03 14:06:00-04:00,100.92484907670455,100.13506065840485,99.89592374376116,100.10529771530707,100.02003688858561
2026-08-03 14:07:00-04:00,101.01939068418561,100.16622606385367,99.81452941675191,100.06261062600204,99.97854081670782
2026-08-03 14:08:00-04:00,100.98862156723486,100.15583759537073,99.85855760684717,100.07968546172405,99.9713856762322
2026-08-03 14:09:00-04:00,101.01879142992425,100.20431359224891,99.79451067993095,100.1309099688901,99.96729345988346
2026-08-03 14:10:00-04:00,101.10666725852273,100.19046934635608,99.76251164943072,100.13375866986509,99.89753239977985
2026-08-03 14:11:00-04:00,101.05576023910986,100.20777993778543,99.71178068455774,100.10529771530707,99.98773582722313
2026-08-03 14:12:00-04:00,101.04363458806819,100.22510109734142,99.7358227151092,100.12379690151658,100.02555139964092
2026-08-03 14:13:00-04:00,100.88970022490531,100.15591157225718,99.87724067530417,100.1394473867511,100.05723488567028
2026-08-03 14:14:00-04:00,100.86545632102273,100.17661453233661,99.83987453839018,100.14514478870107,99.96218442758222
2026-08-03 14:15:00-04:00,100.96121123342803,100.13159431286833,99.79197779663097,100.12237255102909,99.98773582722313
2026-08-03 14:16:00-04:00,100.97514944365531,100.0761856249171,99.84788854857399,100.1024490143321,100.01635638912562
2026-08-03 14:17:00-04:00,100.92727568655303,100.13506065840485,99.83721134598153,100.11241078268058,100.04088473467935
2026-08-03 14:18:00-04:00,100.8672762784091,100.20777993778543,99.77449194310998,100.09107158056004,100.01022430273719
2026-08-03 14:19:00-04:00,100.8060635653409,100.20431359224891,99.73046375301473,100.1040210109067,100.08585544757275
2026-08-03 14:20:00-04:00,100.65757427793561,100.21650921038656,99.80772076582338,100.06118627551454,100.06745918840745
2026-08-03 14:21:00-04:00,100.73454515861742,100.23894534323425,99.87190614616758,100.07399674483803,100.10629781491242
2026-08-03 14:22:00-04:00,100.74909002130683,100.23202322028784,99.85989327521114,100.05122450716604,100.10220559856369
2026-08-03 14:23:00-04:00,100.75779030539773,100.21824238315483,99.88527097412657,100.06829934288805,100.08583673316872
2026-08-03 14:24:00-04:00,100.75393584280303,100.18353665528302,99.81452941675191,100.07968546172405,100.08790155574712
2026-08-03 14:25:00-04:00,100.71636038115531,100.22510109734142,99.76782174560942,100.06829934288805,100.11651587951492
2026-08-03 14:26:00-04:00,100.66302675189394,100.21816840626838,99.73046375301473,100.05833757453956,100.24120995359264
2026-08-03 14:27:00-04:00,100.62727124763258,100.23202322028784,99.72512107955885,100.01707483572201,100.29433390851015
2026-08-03 14:28:00-04:00,100.61333303740531,100.22510109734142,99.7091093478298,100.04766363094731,100.28411584390766
2026-08-03 14:29:00-04:00,100.64484937263258,100.28049921716601,99.7091093478298,100.1309099688901,100.29844483926293
2026-08-03 14:30:00-04:00,100.63879024621212,100.30820884520494,99.69843214523733,100.04696014076751,100.30743399133387
2026-08-03 14:31:00-04:00,100.57818418560606,100.24587803430731,99.7091093478298,100.028460954558,100.27697941783606
2026-08-03 14:32:00-04:00,100.54242128314394,100.28743190823907,99.79183934320301,100.008537417861,100.31479499025386
2026-08-03 14:33:00-04:00,100.53212298768939,100.27011074868308,99.75981587974489,99.94307809088399,100.22996259676829
2026-08-03 14:34:00-04:00,100.5466678503788,100.25626650279024,99.75448135060832,99.95731291069495,100.1921470243505
2026-08-03 14:35:00-04:00,100.60242069128788,100.25626650279024,99.8065154065681,99.99430259805003,100.16761867879677
2026-08-03 14:36:00-04:00,100.54181463068183,100.22510109734142,99.83186867252564,99.968690344467,100.15841743014677
2026-08-03 14:37:00-04:00,100.5042391690341,100.30128672225852,99.93461740471982,99.96300162758098,100.3107090120398
2026-08-03 14:38:00-04:00,100.56969844933712,100.31513096815137,99.97331106567849,99.96157727709348,100.40678252421505
2026-08-03 14:39:00-04:00,100.448486328125,100.23548956582437,100.04002932932265,100.00284870097498,100.3089498580606
2026-08-03 14:40:00-04:00,100.47878935842803,100.17661453233661,100.02269007354892,100.05264885765354,100.2739102555745
2026-08-03 14:41:00-04:00,100.55030036695076,100.19046934635608,100.05337786864305,100.10387336481958,100.26982427736044
2026-08-03 14:42:00-04:00,100.57769590435606,100.19046934635608,100.12543066142379,100.07968546172405,100.30467673580621
2026-08-03 14:43:00-04:00,100.55515358664773,100.21471262885848,100.0747241295087,100.07057482964247,100.33216819533197
2026-08-03 14:44:00-04:00,100.58424331202652,100.20431359224891,100.16012546160984,100.07968546172405,100.37204859032816
2026-08-03 14:45:00-04:00,100.6163662997159,100.19739146930249,100.11209026642268,100.04553579028003,100.41597753473035
2026-08-03 14:46:00-04:00,100.61454634232955,100.12813853545843,100.14678506660873,100.0,100.4394828261969
2026-08-03 14:47:00-04:00,100.53090968276516,100.14891547242432,100.0787311346006,100.00568871688601,100.44766102075971
2026-08-03 14:48:00-04:00,100.59272904829545,100.06579715643416,100.07202835982288,99.99288693262648,100.45003151193733
2026-08-03 14:49:00-04:00,100.57697088068183,100.10735103036592,100.08940833719306,99.988613881164,100.42415572929316
2026-08-03 14:50:00-04:00,100.50242660984848,100.10042890741951,100.09607853469363,99.92600325516196,100.39962738373941
2026-08-03 14:51:00-04:00,100.51636482007576,100.13506065840485,100.11742479555927,99.92885195613695,100.32092707664229
2026-08-03 14:52:00-04:00,100.50545247395834,100.11773949884886,100.07739546623664,99.87904311439445,100.33319124941916
2026-08-03 14:53:00-04:00,100.47636274857955,100.11428372143897,100.15211959574532,99.92457890467448,100.3107090120398
2026-08-03 14:54:00-04:00,100.4606045809659,100.12120584438539,100.16146112997382,99.951615508745,100.24120995359264
2026-08-03 14:55:00-04:00,100.48363517992425,100.13484929587214,100.18147986679477,99.93599107870232,100.17170465701084
2026-08-03 14:56:00-04:00,100.47393613873106,100.15583759537073,100.16279679833778,99.97722776232801,100.19827911073894
2026-08-03 14:57:00-04:00,100.55515358664773,100.15583759537073,100.23217825439059,99.9501911582575,100.21565855395173
2026-08-03 14:58:00-04:00,100.5218172940341,100.15244522672066,100.23752092784648,99.94877549283395,100.18601493796207
2026-08-03 14:59:00-04:00,100.4606045809659,100.1696924093902,100.21083199352495,99.87193004702094,100.01533333503843
2026-08-03 15:00:00-04:00,100.59333570075758,100.20777993778543,100.19484469475377,99.8861648668319,100.04691701091294
2026-08-03 15:01:00-04:00,100.62727124763258,100.20431359224891,100.19749159852384,99.89814157001638,100.07166992931508
2026-08-03 15:02:00-04:00,100.72121360085228,100.15591157225718,100.17480152497492,99.94450244137147,100.02452834555373
2026-08-03 15:03:00-04:00,100.70363547585228,100.1696924093902,100.14678506660873,99.95446420971997,100.04906292924215
2026-08-03 15:04:00-04:00,100.5939423532197,100.30820884520494,100.12300365427463,99.95731291069495,100.03883862650498
2026-08-03 15:05:00-04:00,100.43030155066288,100.28396556270253,100.16001958545904,99.991462582139,100.05110279928185
2026-08-03 15:06:00-04:00,100.50605912642045,100.27274221221538,100.12543066142379,100.00426436639853,99.9734255462719
2026-08-03 15:07:00-04:00,100.44605971827652,100.28049921716601,100.12409499305983,99.98007646330299,99.89166231504788
2026-08-03 15:08:00-04:00,100.46181788589016,100.2673418995045,100.16279679833778,99.98007646330299,99.84260562394041
2026-08-03 15:09:00-04:00,100.40485174005683,100.32898578217083,100.09340719796569,100.01138611883599,99.90188661778507
2026-08-03 15:10:00-04:00,100.53394294507576,100.32206365922441,100.11476160315063,100.04268708930503,99.85691590489165
2026-08-03 15:11:00-04:00,100.62727124763258,100.28049921716601,100.02401759759358,100.07968546172405,99.83851964572635
2026-08-03 15:12:00-04:00,100.52243874289773,100.31167519074147,100.07670319909677,100.07826111123656,99.84260562394041
2026-08-03 15:13:00-04:00,100.43878728693183,100.3497627191367,100.08940833719306,100.10814641628205,99.85078381850322
2026-08-03 15:14:00-04:00,100.482421875,100.32898578217083,100.06671826364416,100.12806126791511,99.88757633683383
2026-08-03 15:15:00-04:00,100.59939482717803,100.34284059619029,100.01013967751916,100.16505964033414,99.85691590489165
2026-08-03 15:16:00-04:00,100.62303207859848,100.33590790511724,99.9813250758623,100.23336766828614,99.8896224450082
2026-08-03 15:17:00-04:00,100.56848514441288,100.20085781483901,99.94663027567626,100.2817434744772,99.92232274699006
2026-08-03 15:18:00-04:00,100.57211766098484,100.16275971831715,99.9359530730838,100.21201978110165,100.00711771166756
2026-08-03 15:19:00-04:00,100.4951541785038,100.09004043893657,99.94663027567626,100.17359705819514,100.03475264829092
2026-08-03 15:20:00-04:00,100.50121330492425,100.12813853545843,99.9359530730838,100.14514478870107,99.91925982286318
2026-08-03 15:21:00-04:00,100.48727509469697,100.0727298475072,99.99866433163604,100.11952385005411,99.96729345988346
2026-08-03 15:22:00-04:00,100.56121271306819,100.03116540544882,99.9306185439472,100.07968546172405,99.9550292871066
2026-08-03 15:23:00-04:00,100.53575550426136,100.05887503348775,99.97064787326984,100.1024490143321,100.11038379312649
2026-08-03 15:24:00-04:00,100.46969696969697,100.0242432825024,99.9773180707704,100.13375866986509,100.17170465701084
2026-08-03 15:25:00-04:00,100.53575550426136,100.05195291054133,99.91994134135473,100.13615574751476,100.07461432888307
2026-08-03 15:26:00-04:00,100.6424227627841,100.13506065840485,99.95729933394944,100.09676029744607,100.13695824685459
2026-08-03 15:27:00-04:00,100.57151840672348,100.11428372143897,99.91994134135473,100.1024490143321,100.22996259676829
2026-08-03 15:28:00-04:00,100.55394028172348,100.06579715643416,99.87323367021224,100.06829934288805,100.2003252189133
2026-08-03 15:29:00-04:00,100.6163662997159,100.03809809652186,99.8799120120321,100.04553579028003,100.17068784105832
2026-08-03 15:30:00-04:00,100.56363932291667,100.07965197045363,99.93862440981172,100.06829934288805,100.13798130094177
2026-08-03 15:31:00-04:00,100.62909120501894,100.13506065840485,99.90102208763825,100.10814641628205,100.16968350137518
2026-08-03 15:32:00-04:00,100.60242069128788,100.19739146930249,99.89589116648398,100.10529771530707,100.11242990130086
2026-08-03 15:33:00-04:00,100.63636363636364,100.21471262885848,99.91460681221815,100.12522125200408,100.04701682106779
2026-08-03 15:34:00-04:00,100.75514914772728,100.20431359224891,99.8985869361698,100.10814641628205,100.01786601771768
2026-08-03 15:35:00-04:00,100.85091145833334,100.21124628332196,99.90392960962568,100.12948561840261,100.0275975078153
2026-08-03 15:36:00-04:00,100.63636363636364,100.2735770942196,99.9266115388553,100.1309099688901,99.9713856762322
2026-08-03 15:37:00-04:00,100.69091057054925,100.36361753315617,99.9359530730838,100.09107158056004,99.99386791361157
2026-08-03 15:38:00-04:00,100.64181611032197,100.30128672225852,99.9359530730838,100.06972369337555,99.97751776262064
2026-08-03 15:39:00-04:00,100.75,100.3255194366343,99.9172700046268,100.07114804386305,99.98364984900907
2026-08-03 15:40:00-04:00,100.73454515861742,100.36015118761965,99.94128760222037,100.04661273820959,99.96933956805783
2026-08-03 15:41:00-04:00,100.74333422111742,100.31513096815137,99.95196480481285,100.06829934288805,100.03475264829092
2026-08-03 15:42:00-04:00,100.78545217803031,100.25972228020014,99.9172700046268,100.07683676074906,100.05928099384465
2026-08-03 15:43:00-04:00,100.79393791429925,100.25280015725372,99.84655288021003,100.07257239435053,99.95912150345534
2026-08-03 15:44:00-04:00,100.9012118252841,100.20431359224891,99.85322307771058,100.07968546172405,99.9448112225041
2026-08-03 15:45:00-04:00,100.96121123342803,100.27011074868308,99.84788854857399,100.1003211736648,99.9529894170669
2026-08-03 15:46:00-04:00,100.9599979285038,100.34284059619029,99.75981587974489,100.05976192502705,99.94072524429004
2026-08-03 15:47:00-04:00,100.88970022490531,100.39131659306847,99.79317501156697,100.03486184668778,99.9448112225041
2026-08-03 15:48:00-04:00,100.95818536931819,100.35668484208313,99.71044501619376,100.07968546172405,99.94889720071816
2026-08-03 15:49:00-04:00,100.95393880208334,100.3497627191367,99.7624302062378,100.1010246638446,99.79763491104701
2026-08-03 15:50:00-04:00,100.93878728693183,100.29088768564895,99.75714454301696,100.11952385005411,99.76697447910485
2026-08-03 15:51:00-04:00,101.0072724313447,100.21816840626838,99.88524654116868,100.17644575917012,99.88757633683383
2026-08-03 15:52:00-04:00,100.87757457386364,100.17314818680009,99.94395893894831,100.27747910807867,99.99182804357187
2026-08-03 15:53:00-04:00,100.79879113399622,100.14198278135127,99.89592374376116,100.25470687040668,99.76084239271641
2026-08-03 15:54:00-04:00,100.9260623816288,100.1454491268878,99.91193547549021,100.19352059489214,99.85486979671728
2026-08-03 15:55:00-04:00,101.04848780776516,100.31513096815137,99.79451067993095,100.17502140868262,99.85078381850322
2026-08-03 15:56:00-04:00,101.01333155776516,100.3497627191367,99.7224578871502,100.23620768419717,99.68214208561928
2026-08-03 15:57:00-04:00,101.12969785748106,100.32206365922441,99.6117032890915,100.36570198766373,99.60140190848246
2026-08-03 15:58:00-04:00,101.01091234611742,100.32206365922441,99.7317912770594,100.32727926475722,99.6525047077643
2026-08-03 15:59:00-04:00,100.76545484138258,100.40863775262446,99.69309761610074,100.35004281736526,99.6709009669296
2026-08-03 16:00:00-04:00,100.76545484138258,100.40863775262446,99.69309761610074,100.35004281736526,99.6709009669296
2026-08-04 13:30:00-04:00,100.0,100.0,100.0,100.00000000000001,100.0
2026-08-04 13:31:00-04:00,99.90548731401455,100.03738582230862,100.05559741813379,100.02567330967794,100.01413732432341
2026-08-04 13:32:00-04:00,100.09923590696013,100.05438786525087,100.07942488304828,100.02223098347939,99.97172535135319
2026-08-04 13:33:00-04:00,100.18057873592127,100.0509853819775,100.0176867821966,99.99860950370305,99.9161929060706
2026-08-04 13:34:00-04:00,100.26417629956667,100.06798742491975,100.03706225214063,100.00972499544274,99.85007903713358
2026-08-04 13:35:00-04:00,100.30314804401766,100.12236491674601,100.0264695744523,100.05417848376554,99.90005885416186
2026-08-04 13:36:00-04:00,100.32912920698499,100.11897280689725,100.03573715744888,100.10696647123412,99.93537751401253
2026-08-04 13:37:00-04:00,100.29467382711563,100.10197076395501,100.06088971705512,100.0597319903174,99.89599760885709
2026-08-04 13:38:00-04:00,100.28733042516228,100.081576611164,100.07148239474344,100.06529397550523,99.94244617617423
2026-08-04 13:39:00-04:00,100.1568523076382,100.11897280689725,100.0847171819696,100.05556898006249,99.93840958182732
2026-08-04 13:40:00-04:00,100.21277248589325,100.17675278199688,100.11517012034284,100.08473548775474,100.03130055372215
2026-08-04 13:41:00-04:00,100.17954445395601,100.17336067214812,100.12178751395591,100.08612598405169,100.07068045887758
2026-08-04 13:42:00-04:00,100.1432963186802,100.26853684298099,100.17209263316838,100.10140448604629,100.0817857153862
2026-08-04 13:43:00-04:00,100.15007431315921,100.32292470823187,100.21709737361384,100.03194750028617,100.06966976960598
2026-08-04 13:44:00-04:00,100.0628843434878,100.3399163777495,100.23430744491525,100.06667599316623,100.10198101259972
2026-08-04 13:45:00-04:00,100.11561893328985,100.31611974168513,100.22239775238084,100.05278798746858,100.07588797372208
2026-08-04 13:46:00-04:00,100.14781268326183,100.30252018201625,100.22503986191867,100.11807348433784,100.10097032332813
2026-08-04 13:47:00-04:00,100.06873148419807,100.32978154190168,100.23034024068568,100.13196996867144,100.18073466017114
2026-08-04 13:48:00-04:00,100.11505352581551,100.37391009020938,100.27270287159331,100.1597544587027,100.19890857884147
2026-08-04 13:49:00-04:00,100.13340858309232,100.329719301354,100.21974756299734,100.07918198120286,100.1655928093156
2026-08-04 13:50:00-04:00,99.89588917737694,100.32978154190168,100.20518768107944,99.99027500455728,100.15044479572059
2026-08-04 13:51:00-04:00,99.82806096609521,100.31611974168513,100.21180507469252,99.92915251794292,100.1716507822057
2026-08-04 13:52:00-04:00,99.85295958060556,100.33651389447613,100.1747347427062,99.94860250882839,100.17467668728104
2026-08-04 13:53:00-04:00,99.88571873805189,100.3195222249585,100.22070098478775,99.92081801879715,100.1686372026093
2026-08-04 13:54:00-04:00,99.86651556956356,100.329719301354,100.21180507469252,99.90970252705745,100.1423654442873
2026-08-04 13:55:00-04:00,99.93260618714366,100.35690804726713,100.24092483852833,99.90970252705745,100.15952867368603
2026-08-04 13:56:00-04:00,99.83036396727118,100.350113454145,100.28064535989814,99.89581452135981,100.16256074150081
2026-08-04 13:57:00-04:00,99.93090996472064,100.31611974168513,100.29917244604562,99.8930335287659,100.14539751210208
2026-08-04 13:58:00-04:00,99.91848479071132,100.31271725841175,100.31506550250096,99.91109302335441,100.13832884994038
2026-08-04 13:59:00-04:00,99.84731240107524,100.29572558889413,100.2501924215249,99.90970252705745,100.07168498540972
2026-08-04 14:00:00-04:00,99.84163764069251,100.28212602922525,100.21180507469252,99.7846850398708,100.11005420129356
2026-08-04 14:01:00-04:00,99.93655714425095,100.3195222249585,100.2329823502235,99.84858851907906,100.18477125451805
2026-08-04 14:02:00-04:00,99.88515333057755,100.32292470823187,100.28461256412771,99.8444170301882,100.20092995738466
2026-08-04 14:03:00-04:00,99.85747594518719,100.29232310562075,100.2793202652064,99.81388546210687,100.27968360495608
2026-08-04 14:04:00-04:00,99.64170404159468,100.35690804726713,100.24092483852833,99.80968853730812,100.20698793027476
2026-08-04 14:05:00-04:00,99.71852361076108,100.431690065309,100.32565010034361,99.95496148579618,100.27597363580058
2026-08-04 14:06:00-04:00,99.58521845586529,100.390901759727,100.36272043232992,99.92776202164596,100.32219418175768
2026-08-04 14:07:00-04:00,99.66203802503169,100.37730220005812,100.34418526633677,99.97360600626573,100.27564701060916
2026-08-04 14:08:00-04:00,99.69705881237539,100.411295912518,100.31506550250096,99.93609652079174,100.22718322748828
2026-08-04 14:09:00-04:00,99.81963501568488,100.40796604321693,100.30182263542912,99.93887751338565,100.29180571347575
2026-08-04 14:10:00-04:00,99.640573226646,100.42011332343985,100.38178078829237,99.93887751338565,100.34913151594147
2026-08-04 14:11:00-04:00,99.66994683445938,100.45208421810001,100.40905026746714,99.92359901139106,100.35238544237684
2026-08-04 14:12:00-04:00,99.65186758570664,100.44528962497787,100.43367763710407,99.91946143704402,100.28170498349927
2026-08-04 14:13:00-04:00,99.67672482893838,100.4113685264903,100.454273163746,99.92359901139106,100.27766838915235
2026-08-04 14:14:00-04:00,99.67107764940806,100.43849503185575,100.47259017390576,99.95415601538025,100.34279005703615
2026-08-04 14:15:00-04:00,99.71626198086372,100.4214929889135,100.47391526859751,99.9374870170887,100.33219014516332
2026-08-04 14:16:00-04:00,99.68293741594304,100.431690065309,100.49245043459067,99.89442402506286,100.3119948479498
2026-08-04 14:17:00-04:00,99.66655438961332,100.43509254858238,100.40256215138496,99.87081102392249,100.32815355081641
2026-08-04 14:18:00-04:00,99.72078524065846,100.47928333743775,100.42096803984721,99.8930335287659,100.3806539282842
2026-08-04 14:19:00-04:00,99.58578386333963,100.4418871417045,100.47127315905968,99.82705278374816,100.41498654982112
2026-08-04 14:20:00-04:00,99.63831159674864,100.4418871417045,100.62218043685141,99.83469203474546,100.39782332042239
2026-08-04 14:21:00-04:00,99.73547204456514,100.4214929889135,100.61159583900876,99.82080402904782,100.3897439689891
2026-08-04 14:22:00-04:00,99.74450477372841,100.45208421810001,100.61688813793008,99.84302653389123,100.3958019418792
2026-08-04 14:23:00-04:00,99.69479718247803,100.44869210825125,100.6076205549335,99.83191104215155,100.44729779281487
2026-08-04 14:24:00-04:00,99.58465304839095,100.42489547218688,100.54698939294019,99.79023854642266,100.44527641427167
2026-08-04 14:25:00-04:00,99.65527382097889,100.41810087906475,100.5785007910977,99.77913153331893,100.44729779281487
2026-08-04 14:26:00-04:00,99.82245515784349,100.38749927645362,100.60100316132042,99.7707885555372,100.40690719838783
2026-08-04 14:27:00-04:00,99.77727082638785,100.31611974168513,100.61956256685062,99.80274453445931,100.42306590125443
2026-08-04 14:28:00-04:00,99.82584760268955,100.32631681808063,100.63277311453973,99.77774103702197,100.42205521198284
2026-08-04 14:29:00-04:00,99.93994958909701,100.329719301354,100.64865809114939,99.80274453445931,100.43116374090611
2026-08-04 14:30:00-04:00,100.06308430466775,100.26853684298099,100.6685183518343,99.77913153331893,100.3826753068274
2026-08-04 14:31:00-04:00,100.0159210470519,100.309325148563,100.61688813793008,99.8291385281936,100.26756765917585
2026-08-04 14:32:00-04:00,100.00433708904099,100.309325148563,100.64071560284457,99.84580752648515,100.28776295638937
2026-08-04 14:33:00-04:00,99.95689112768797,100.26173187643425,100.62748081561841,99.83052902449054,100.33824811805344
2026-08-04 14:34:00-04:00,99.82020042315924,100.29572558889413,100.63144801984798,99.81246952990203,100.35036406383365
2026-08-04 14:35:00-04:00,99.8981508072743,100.309325148563,100.70958012758723,99.81663254015695,100.35642203672377
2026-08-04 14:36:00-04:00,99.93317159461802,100.309325148563,100.68440332844395,99.77635054072502,100.35238544237684
2026-08-04 14:37:00-04:00,99.9342955143536,100.31611974168513,100.64865809114939,99.75273753958464,100.33027353319098
2026-08-04 14:38:00-04:00,99.84561617865221,100.329719301354,100.64865809114939,99.70133156977707,100.28574157784618
2026-08-04 14:39:00-04:00,99.83262559716854,100.28212602922525,100.57187531763894,99.73189705240222,100.28170498349927
2026-08-04 14:40:00-04:00,99.83262559716854,100.28552851249863,100.47127315905968,99.70411256237098,100.20292668497001
2026-08-04 14:41:00-04:00,99.8495671357595,100.28212602922525,100.5374632548818,99.65688656009021,100.22704148448068
2026-08-04 14:42:00-04:00,99.88628414552623,100.28212602922525,100.50568522181682,99.63743656920475,100.16861871439092
2026-08-04 14:43:00-04:00,99.8817677809446,100.3399163777495,100.48583304097758,99.6541055674963,100.21304590316487
2026-08-04 14:44:00-04:00,99.91791938323698,100.3603105305405,100.50436820697074,99.68605306778247,100.21910387605499
2026-08-04 14:45:00-04:00,100.05065913065843,100.32292470823187,100.51760299419689,99.73467804499613,100.23931766148688
2026-08-04 14:46:00-04:00,100.13673207580736,100.29572558889413,100.55069804210795,99.75968154243346,100.23828848399691
2026-08-04 14:47:00-04:00,100.03597232675173,100.329719301354,100.52422038780998,99.73328754869917,100.25545171339564
2026-08-04 14:48:00-04:00,99.94220432378128,100.370507606936,100.55599034102929,99.7291160598083,100.23727779472532
2026-08-04 14:49:00-04:00,99.8021418600458,100.42489547218688,100.51098560058382,99.7707885555372,100.25690611990842
2026-08-04 14:50:00-04:00,99.76483875716542,100.44528962497787,100.54010536441963,99.78051355097993,100.22718322748828
2026-08-04 14:51:00-04:00,99.85747594518719,100.46908626104225,100.51363578996732,99.7874660324647,100.24499354453042
2026-08-04 14:52:00-04:00,99.89193132505655,100.51327704989762,100.49906782820374,99.7582910461365,100.2998789021696
2026-08-04 14:53:00-04:00,99.83149478221986,100.49627500695537,100.48728741320024,99.82080402904782,100.27362563206597
2026-08-04 14:54:00-04:00,99.79985954450912,100.52007164301975,100.4567051972961,99.80135403816234,100.26958903771904
2026-08-04 14:55:00-04:00,99.87950615104722,100.56093256257405,100.41037536215889,99.7735695481311,100.25949447048203
2026-08-04 14:56:00-04:00,99.97948674102234,100.53367120268862,100.4156676610802,99.81246952990203,100.26353106482894
2026-08-04 14:57:00-04:00,99.99021569260864,100.54046579581075,100.45655168022815,99.84302653389123,100.229198443292
2026-08-04 14:58:00-04:00,100.21559952326497,100.48607793055987,100.47127315905968,99.83191104215155,100.23324120037839
2026-08-04 14:59:00-04:00,100.37432043365374,100.48607793055987,100.47656545798101,99.82635753559968,100.22011456532658
2026-08-04 15:00:00-04:00,100.61381876552932,100.52347412629312,100.51098560058382,99.86525751737061,100.22718322748828
2026-08-04 15:01:00-04:00,100.68216411779369,100.48037254702221,100.55864053041279,99.86108602847975,100.26353106482894
2026-08-04 15:02:00-04:00,100.70137418149511,100.50647208335089,100.56390858979707,99.83749846324724,100.22003444971358
2026-08-04 15:03:00-04:00,100.83016297180927,100.54726038893288,100.5930606730156,99.91387401594832,100.27564701060916
2026-08-04 15:04:00-04:00,100.77706293571282,100.56765454172388,100.57979356640672,99.90832050939646,100.20799861954636
2026-08-04 15:05:00-04:00,100.63133260680772,100.54726038893288,100.57982588578945,99.92915251794292,100.28978433493256
2026-08-04 15:06:00-04:00,100.59856655414828,100.51327704989762,100.57187531763894,99.93471450313075,100.29180571347575
2026-08-04 15:07:00-04:00,100.55225140774395,100.47247837089101,100.54540574318663,99.95140893733017,100.29685299709426
2026-08-04 15:08:00-04:00,100.56919294633491,100.46738501940557,100.55334823149146,99.94026800968261,100.329164240088
2026-08-04 15:09:00-04:00,100.50819099602387,100.49627500695537,100.5758506017142,99.91526451224527,100.33320083443492
2026-08-04 15:10:00-04:00,100.3884418300861,100.46908626104225,100.57452550702244,99.87914552306826,100.40084922549772
2026-08-04 15:11:00-04:00,100.26078385472061,100.42489547218688,100.55599034102929,99.87428726466487,100.37359142886196
2026-08-04 15:12:00-04:00,100.1647611170659,100.46568377776887,100.56658301871761,99.89442402506286,100.41498654982112
2026-08-04 15:13:00-04:00,100.2658656267766,100.49288289710663,100.58644327940252,99.88469902962012,100.51393549460606
2026-08-04 15:14:00-04:00,100.2133378933676,100.54386827908412,100.58779261363131,99.88469902962012,100.478598346537
2026-08-04 15:15:00-04:00,100.18170265565685,100.47928333743775,100.58246799532726,99.83191104215155,100.44326119846794
2026-08-04 15:16:00-04:00,100.32461284240335,100.48267544728651,100.56525792402586,99.83191104215155,100.44326119846794
2026-08-04 15:17:00-04:00,100.38392546550446,100.43849503185575,100.56658301871761,99.83747302733937,100.43113908994826
2026-08-04 15:18:00-04:00,100.33534868920275,100.46568377776887,100.51892808888864,99.83052902449054,100.43113908994826
2026-08-04 15:19:00-04:00,100.33026002193367,100.48607793055987,100.54540574318663,99.81246952990203,100.44931917135806
2026-08-04 15:20:00-04:00,100.35360031828304,100.54726038893288,100.49377552928242,99.7999635418654,100.47355106291849
2026-08-04 15:21:00-04:00,100.29185368495702,100.56085994860176,100.49510062397417,99.80135403816234,100.41195448200634
2026-08-04 15:22:00-04:00,100.28394487552934,100.54726038893288,100.49510062397417,99.83191104215155,100.42104452271124
2026-08-04 15:23:00-04:00,100.18848065013586,100.52686623614188,100.51627789950514,99.77774103702197,100.3220955779263
2026-08-04 15:24:00-04:00,100.2268938823256,100.54726038893288,100.5202531835804,99.78190404727688,100.34632746948674
2026-08-04 15:25:00-04:00,100.08794154789949,100.55406535547962,100.36007024294642,99.73778970439237,100.35642203672377
2026-08-04 15:26:00-04:00,100.12634788487614,100.54046579581075,100.30711493435045,99.70133156977707,100.34229087513982
2026-08-04 15:27:00-04:00,100.15515608521518,100.53367120268862,100.24092483852833,99.69038565075651,100.35137475310525
2026-08-04 15:28:00-04:00,100.11505352581551,100.56085994860176,100.25151751621665,99.62910207005898,100.33021190579636
2026-08-04 15:29:00-04:00,100.1432963186802,100.53367120268862,100.27534498113114,99.64855206094444,100.33219014516332
2026-08-04 15:30:00-04:00,100.14668186831315,100.53706331253738,100.34551036102852,99.74856605069377,100.34669107111493
2026-08-04 15:31:00-04:00,100.13030573719654,100.63223948337026,100.40508306323756,99.65688656009021,100.3503887147915
2026-08-04 15:32:00-04:00,100.08794154789949,100.60164825418376,100.4037579685458,99.66799357319395,100.34229087513982
2026-08-04 15:33:00-04:00,100.13482210177817,100.65603611943463,100.4421453153782,99.61798657831929,100.30795825360289
2026-08-04 15:34:00-04:00,100.26925807162264,100.57445950827062,100.46464768560092,99.64021756179866,100.33117945589173
2026-08-04 15:35:00-04:00,100.15007431315921,100.63564196664363,100.40905026746714,99.56914115657074,100.20597724100317
2026-08-04 15:36:00-04:00,100.21785425794923,100.69682442501663,100.45538818245002,99.59576407347586,100.13933953921197
2026-08-04 15:37:00-04:00,100.25739830508766,100.69682442501663,100.48450794628583,99.60131758002774,100.15448139006752
2026-08-04 15:38:00-04:00,100.1918730949819,100.62204240697476,100.54673083787839,99.56797958344463,100.21102452462169
2026-08-04 15:39:00-04:00,100.05404468029138,100.68323523877237,100.49112533989891,99.55964508429885,100.23324120037839
2026-08-04 15:40:00-04:00,100.00095153940804,100.72402354435438,100.52687057719348,99.57909507518431,100.26150968628575
2026-08-04 15:41:00-04:00,99.99775216052883,100.66284108598137,100.57452550702244,99.60270807632469,100.3119948479498
2026-08-04 15:42:00-04:00,100.00603331146402,100.72402354435438,100.60232825601217,99.5610355805958,100.32007419938311
2026-08-04 15:43:00-04:00,100.03257988190569,100.73422062074988,100.61688813793008,99.58186758914226,100.31017683980883
2026-08-04 15:44:00-04:00,100.05856794008612,100.7308181374765,100.58379309001901,99.5360829549742,100.35642203672377
2026-08-04 15:45:00-04:00,99.99982072445935,100.65263363616126,100.61423794854657,99.51519159597605,100.39075465826069
2026-08-04 15:46:00-04:00,99.82584760268955,100.72708370461548,100.64733299645764,99.56937007974157,100.32007419938311
2026-08-04 15:47:00-04:00,99.83770736922453,100.7104239846855,100.60629546024175,99.57353308999649,100.22316512135974
2026-08-04 15:48:00-04:00,99.8506979507082,100.72402354435438,100.57187531763894,99.53880459711642,100.20698793027476
2026-08-04 15:49:00-04:00,99.77331297406745,100.69682442501663,100.51363578996732,99.53880459711642,100.26756765917585
2026-08-04 15:50:00-04:00,99.81398094094146,100.7512122902675,100.3865478972444,99.5471390962622,99.96768875700627
2026-08-04 15:51:00-04:00,99.79251614255577,100.76481184993638,100.32697519503536,99.57353308999649,99.95456212195445
2026-08-04 15:52:00-04:00,99.62814805263667,100.62204240697476,100.2938801471243,99.5610355805958,99.97172535135319
2026-08-04 15:53:00-04:00,99.55358321815454,100.56765454172388,100.26211019390499,99.55131058515306,100.01110525650863
2026-08-04 15:54:00-04:00,99.46433847497882,100.66284108598137,100.27799517051464,99.55270108145002,99.85762839297324
2026-08-04 15:55:00-04:00,99.47450891430388,100.5880590679395,100.10854464688408,99.44851560280983,99.49211631554459
2026-08-04 15:56:00-04:00,99.44004663922142,100.59485366106162,100.06883220535994,99.45128811676778,99.44163115388052
2026-08-04 15:57:00-04:00,99.38469186844071,100.66963567910351,100.01985218083922,99.46518460110138,99.48605834265447
2026-08-04 15:58:00-04:00,99.39486230776576,100.57445950827062,100.09001756073661,99.37349663186187,99.52240617999513
2026-08-04 15:59:00-04:00,98.99550535533963,100.6084532207305,100.02382746491449,99.34571214183063,99.5203909641914
2026-08-04 16:00:00-04:00,98.99550535533963,100.6084532207305,100.02382746491449,99.34571214183063,99.5203909641914
2026-08-05 13:30:00-04:00,100.0,100.0,100.0,100.00000000000001,100.0
2026-08-05 13:31:00-04:00,100.01515133560872,99.95555084862924,99.96135554766046,100.00417038815888,99.96620512632046
2026-08-05 13:32:00-04:00,100.1307384913037,99.93161508495683,99.96273690994984,100.03888971722141,100.00101878387457
2026-08-05 13:33:00-04:00,100.09370265421673,99.94529415478009,99.90754137896008,100.06388661697859,99.99692489775286
2026-08-05 13:34:00-04:00,99.99606832430406,100.04786109327175,99.95998260831186,100.08749338734948,100.02969473735003
2026-08-05 13:35:00-04:00,100.10380582782562,100.04786109327175,99.92823654447844,100.16665447477989,100.02150071489878
2026-08-05 13:36:00-04:00,100.08921616017345,100.0273477055734,99.92410088055108,100.16943473355246,99.98668705734467
2026-08-05 13:37:00-04:00,100.06116016078225,100.0341820234485,99.92685518218906,100.23331287413235,100.05222048633118
2026-08-05 13:38:00-04:00,100.06676999073865,100.0341820234485,99.90201592980254,100.22498057421329,100.01880062512079
2026-08-05 13:39:00-04:00,99.97194400060879,100.04786109327175,99.95170285751637,100.31802600270923,100.00921280632582
2026-08-05 13:40:00-04:00,99.9898968263911,100.10598931446575,100.00689838850613,100.29719949111093,99.97541793264627
2026-08-05 13:41:00-04:00,99.9646491667827,100.11624600831492,99.95445715915433,100.3041416616437,99.95494225182988
2026-08-05 13:42:00-04:00,100.01795282578232,100.11624600831492,99.79576053175036,100.31108383217646,99.99283101163114
2026-08-05 13:43:00-04:00,100.03759065543431,100.10256693849166,99.68397968454066,100.30553179102999,100.0460765320447
2026-08-05 13:44:00-04:00,99.93546983147837,100.09573262061657,99.6287757306101,100.33052869078718,100.05836444061765
2026-08-05 13:45:00-04:00,99.8804811686091,100.08205355079333,99.68673398617864,100.30553179102999,100.03788875980126
2026-08-05 13:46:00-04:00,99.85130183330476,100.06154016309499,99.8661089332194,100.26664207380858,100.05427055449594
2026-08-05 13:47:00-04:00,99.86813817278318,100.04170499014762,99.98757616233635,100.29441923233836,100.03174480551479
2026-08-05 13:48:00-04:00,99.88721433447861,100.05470584521991,99.99585591313186,100.34164124947881,100.08499032592835
2026-08-05 13:49:00-04:00,99.81763600395716,100.06844751948172,100.05795825556854,100.35136367878417,100.1136662794038
2026-08-05 13:50:00-04:00,99.85578832734804,100.09914456251758,99.9917202492045,100.34719329062528,100.0829465079714
2026-08-05 13:51:00-04:00,99.8647681650438,100.09573262061657,100.06210234243669,100.35136367878417,100.15769899349154
2026-08-05 13:52:00-04:00,99.86532983300036,100.10256693849166,100.03035627860326,100.35274533177176,100.09932830266607
2026-08-05 13:53:00-04:00,99.79294316269609,100.12308032618999,100.15870505034476,100.31941613209553,100.15734898185366
2026-08-05 13:54:00-04:00,99.78284683869643,100.13675939601325,100.12695898651134,100.33608073193365,100.15667395940916
2026-08-05 13:55:00-04:00,99.82493083778324,100.12991464406507,100.07457671774507,100.34719329062528,100.11161621123902
2026-08-05 13:56:00-04:00,99.8507401653482,100.13675939601325,100.17112046506763,100.37219019038247,100.13107310818086
2026-08-05 13:57:00-04:00,99.8633639951524,100.11624600831492,100.15317960118723,100.34997354939787,100.13926713063209
2026-08-05 13:58:00-04:00,99.87491243630805,100.13675939601325,100.16380935246285,100.25830977388954,100.09420938246197
2026-08-05 13:59:00-04:00,99.80416967221811,100.12991464406507,100.07313639487016,100.25553799151564,100.1064535395802
2026-08-05 14:00:00-04:00,99.77330533304409,100.17095185353483,100.24136779124719,100.24164517405141,100.09625320041891
2026-08-05 14:01:00-04:00,99.72336483217464,100.19146524123316,100.32568142854424,100.19720341568353,100.0972782345013
2026-08-05 14:02:00-04:00,99.75085916360929,100.1777861714099,100.49128486739512,100.19165137453706,100.11323501506426
2026-08-05 14:03:00-04:00,99.71775500221824,100.19837259761988,100.46506425271923,100.25136760335677,100.15462389124438
2026-08-05 14:04:00-04:00,99.79070334047907,100.23249201662982,100.66110819958125,100.2624801620484,100.17715589043337
2026-08-05 14:05:00-04:00,99.76040066926161,100.184620489285,100.62100657848522,100.27497437372764,100.20992573003053
2026-08-05 14:06:00-04:00,99.6941854968703,100.19146524123316,100.66516805704151,100.26664207380858,99.92934140060157
2026-08-05 14:07:00-04:00,99.65603317347943,100.24623369089163,100.64998991773989,100.25553799151564,99.80440599649938
2026-08-05 14:08:00-04:00,99.68296583695752,100.25300540432816,100.65550694395662,100.23609313290494,100.13004807409847
2026-08-05 14:09:00-04:00,99.70709701026202,100.23591439260392,100.59754868838809,100.24997747397047,100.17510582226859
2026-08-05 14:10:00-04:00,99.67567100313144,100.23591439260392,100.55890423604855,100.22915096237217,100.22221363860349
2026-08-05 14:11:00-04:00,99.68913733487048,100.22565769875474,100.55062448525304,100.26942233258117,100.24473938758464
2026-08-05 14:12:00-04:00,99.66669116543567,100.25983972220324,100.45131801335171,100.2638702914347,100.2611461831106
2026-08-05 14:13:00-04:00,99.66332800730552,100.29403217972482,100.35604613008829,100.23331287413235,100.2529334100359
2026-08-05 14:14:00-04:00,99.56849516756644,100.31796794339724,100.37812265789603,100.16943473355246,100.36967479168683
2026-08-05 14:15:00-04:00,99.63134033221837,100.23932633450491,100.46506425271923,100.19998367445612,100.32051690718717
2026-08-05 14:16:00-04:00,99.636957011784,100.22565769875474,100.30222353844711,100.20831597437518,100.38108142095726
2026-08-05 14:17:00-04:00,99.65603317347943,100.28035310990157,100.14297099695106,100.22220031544072,100.3297359637208
2026-08-05 14:18:00-04:00,99.68521250878376,100.31386735267219,100.14628121268112,100.23609313290494,100.30208504432773
2026-08-05 14:19:00-04:00,99.67286266334862,100.24617108645307,100.2166633059133,100.20831597437518,100.37786256393025
2026-08-05 14:20:00-04:00,99.6464916678271,100.22565769875474,100.16007798969336,100.183319074618,100.37069982576921
2026-08-05 14:21:00-04:00,99.66332800730552,100.24617108645307,100.13385737501746,100.15554191608824,100.34714279249785
2026-08-05 14:22:00-04:00,99.65266316574007,100.32822463724641,100.19182405352679,100.143047704409,100.35124292882739
2026-08-05 14:23:00-04:00,99.65603317347943,100.30771124954808,100.20838355511779,100.17498677469894,100.29287223800192
2026-08-05 14:24:00-04:00,99.65378650165319,100.31454556742315,100.27185883690306,100.17220651592636,100.30413511249249
2026-08-05 14:25:00-04:00,99.6706228411316,100.32822463724641,100.29946081386835,100.18887111576447,100.32871092963842
2026-08-05 14:26:00-04:00,99.6661294974791,100.32139031937133,100.16835774048886,100.18976961402635,100.21401961615224
2026-08-05 14:27:00-04:00,99.68857566691392,100.29984395843691,100.14489985039174,100.15276165731565,100.27750922718181
2026-08-05 14:28:00-04:00,99.67286266334862,100.31454556742315,100.16145935198274,100.11777108349483,100.2990161922884
2026-08-05 14:29:00-04:00,99.72448816808776,100.30428887357398,100.08970431940196,100.10832837534647,100.31435420227723
2026-08-05 14:30:00-04:00,99.67174617704472,100.28719786184975,100.06072098014731,100.12776475755848,100.27648419309942
2026-08-05 14:31:00-04:00,99.59542783104452,100.30771124954808,99.99033888691513,100.05555431705953,100.21115077076313
2026-08-05 14:32:00-04:00,99.53426767026228,100.33013407262219,100.01241541472287,100.08612868715927,100.26624635269123
2026-08-05 14:33:00-04:00,99.53146618008869,100.34190370706966,100.06348370472607,100.10418341638369,100.25907736432237
2026-08-05 14:34:00-04:00,99.52641116847963,100.2974545556989,100.11729787342645,100.08749338734948,100.26624635269123
2026-08-05 14:35:00-04:00,99.59711283491421,100.28719786184975,100.12834034880072,100.12915488694478,100.1955877532928
2026-08-05 14:36:00-04:00,99.58420817113173,100.28035310990157,100.12557762422196,100.16109395723471,100.20173170757928
2026-08-05 14:37:00-04:00,99.53258266639259,100.28377548587565,100.07038209323218,100.10693824596018,100.205825593701
2026-08-05 14:38:00-04:00,99.54043916817524,100.28035310990157,100.0566105850423,100.11527054587924,100.21678220800842
2026-08-05 14:39:00-04:00,99.48376550143627,100.31454556742315,100.01379677701225,100.0833229991906,100.2263075247252
2026-08-05 14:40:00-04:00,99.47198417356691,100.32815159873476,100.0238706141958,100.12568803987773,100.28570324963306
2026-08-05 14:41:00-04:00,99.38332968135002,100.35557234281981,99.983440498409,100.09027364612206,100.27648419309942
2026-08-05 14:42:00-04:00,99.40128250713232,100.36925141264307,99.98136845497493,100.12221271641201,100.30106001024535
2026-08-05 14:43:00-04:00,99.39342600534968,100.34190370706966,99.85923581353563,100.13609705747754,100.31437295290068
2026-08-05 14:44:00-04:00,99.40970067687154,100.32139031937133,99.84129494965525,100.12290778110516,100.32154194126956
2026-08-05 14:45:00-04:00,99.50582124314516,100.28884644539824,100.04278011626691,100.16943473355246,100.35943070107082
2026-08-05 14:46:00-04:00,99.55727550765366,100.34190370706966,99.91029568059805,100.19443163330965,100.34611775841547
2026-08-05 14:47:00-04:00,99.5606386657838,100.34873802494474,99.84682039881278,100.17498677469894,100.3450989745409
2026-08-05 14:48:00-04:00,99.49555367891485,100.32139031937133,99.90754137896008,100.19162594534097,100.35226171270195
2026-08-05 14:49:00-04:00,99.5112598328709,100.31454556742315,99.89926162816457,100.21109623314776,100.3197231307941
2026-08-05 14:50:00-04:00,99.5550288358274,100.35557234281981,99.99585591313186,100.17914868645913,100.37069982576921
2026-08-05 14:51:00-04:00,99.54717233404476,100.34873802494474,99.97101666074535,100.16109395723471,100.33895502025443
2026-08-05 14:52:00-04:00,99.54605584774086,100.32139031937133,99.95445715915433,100.15971230424712,100.36762472352206
2026-08-05 14:53:00-04:00,99.5056500029145,100.32822463724641,99.99585591313186,100.07777095804413,100.40346341515855
2026-08-05 14:54:00-04:00,99.529781176219,100.35557234281981,99.89511754129641,100.1236028457983,100.4065385174057
2026-08-05 14:55:00-04:00,99.44617484600195,100.40344387016465,99.8534155614505,100.11943245763942,100.38810665454626
2026-08-05 14:56:00-04:00,99.47534048208783,100.39660955228958,99.80127755796711,100.10832837534647,100.39015672271104
2026-08-05 14:57:00-04:00,99.42260534065402,100.3897648003414,99.79713347109896,100.08888351673576,100.40141959720161
2026-08-05 14:58:00-04:00,99.45178467595835,100.36241709476799,99.75159905319408,100.0847131285769,100.37991263209503
2026-08-05 14:59:00-04:00,99.43383869978526,100.37950810649224,99.76953991707447,100.04027137020901,100.33485488392489
2026-08-05 15:00:00-04:00,99.46749767952363,100.30771124954808,99.73641249095166,100.02360677037089,100.3297359637208
2026-08-05 15:01:00-04:00,99.49218367117547,100.33505895512148,99.7419379401092,100.04722201714047,100.32051690718717
2026-08-05 15:02:00-04:00,99.5056500029145,100.33505895512148,99.7419379401092,100.05277405828694,100.29799115820602
2026-08-05 15:03:00-04:00,99.53987750021868,100.29403217972482,99.67014921576526,100.09165529910966,100.26931520473056
2026-08-05 15:04:00-04:00,99.53651434208852,100.31454556742315,99.76126016627896,100.06388661697859,100.33178603188557
2026-08-05 15:05:00-04:00,99.54268584000148,100.3244579368603,99.79713347109896,100.0416614995953,100.36864975760444
2026-08-05 15:06:00-04:00,99.51799984834965,100.32822463724641,99.6977764615529,100.02777715852977,100.33485488392489
2026-08-05 15:07:00-04:00,99.52080133852324,100.30428887357398,99.78609941866547,100.04722201714047,100.40039456311924
2026-08-05 15:08:00-04:00,99.45851784182787,100.25300540432816,99.84957470045075,100.07221891689765,100.41575757393935
2026-08-05 15:09:00-04:00,99.47238830051126,100.24617108645307,99.75573471712144,100.04999379951437,100.42497038026515
2026-08-05 15:10:00-04:00,99.45739450591473,100.25300540432816,99.77229421871245,100.02638702914348,100.4538088391439
2026-08-05 15:11:00-04:00,99.47591584926285,100.29403217972482,99.78333669408671,100.01250268807794,100.47514704863937
2026-08-05 15:12:00-04:00,99.5606386657838,100.23932633450491,99.76997790999549,99.99166770008095,100.49870408191073
2026-08-05 15:13:00-04:00,99.56849516756644,100.2735187920265,99.79437916946098,100.01666459983812,100.51713594477017
2026-08-05 15:14:00-04:00,99.61451084234919,100.3008664975999,99.6977764615529,99.99169312927704,100.52225486497427
2026-08-05 15:15:00-04:00,99.61619584621887,100.28035310990157,99.81093867105199,99.96669622951987,100.49051005945948
2026-08-05 15:16:00-04:00,99.63527200791431,100.2666844741514,99.86889692662052,99.97222284147024,100.51917976272712
2026-08-05 15:17:00-04:00,99.67342433130518,100.25300540432816,99.90201592980254,99.94722594171307,100.5355678076296
2026-08-05 15:18:00-04:00,99.6818425010444,100.25300540432816,99.9572198837331,99.95000620048566,100.56014362477553
2026-08-05 15:19:00-04:00,99.61226417052293,100.3008664975999,100.00689838850613,99.90834470089037,100.52739253580182
2026-08-05 15:20:00-04:00,99.55615217174052,100.21881294680658,99.93513493298457,99.9430640299529,100.5048480361972
2026-08-05 15:21:00-04:00,99.60216784652327,100.21881294680658,99.92961790676782,99.92639943011477,100.44545231128936
2026-08-05 15:22:00-04:00,99.58084501300158,100.23932633450491,99.89649890358581,99.89723214219872,100.4208952447669
2026-08-05 15:23:00-04:00,99.62012067230559,100.21881294680658,99.90063456751317,99.87084511305525,100.49256012762424
2026-08-05 15:24:00-04:00,99.47366917743659,100.19146524123316,100.02898333925467,99.93056134187495,100.48334107109062
2026-08-05 15:25:00-04:00,99.43944168013243,100.15412169363788,99.9489401329376,99.95277798285954,100.46593424231357
2026-08-05 15:26:00-04:00,99.52584950052307,100.12991464406507,99.90750768719691,99.90972635387796,100.46900309435289
2026-08-05 15:27:00-04:00,99.54829566995788,100.15727278371158,99.86061717582503,99.92778108310237,100.40858858557047
2026-08-05 15:28:00-04:00,99.58196149930548,100.15727278371158,99.81645569726874,99.93056134187495,100.30311007841011
2026-08-05 15:29:00-04:00,99.46973750174065,100.23932633450491,99.86613420204176,99.95494794092595,100.34694278584763
2026-08-05 15:30:00-04:00,99.35190367421943,100.2666844741514,99.89649890358581,99.9416739005666,100.35535556557257
2026-08-05 15:31:00-04:00,99.36902084767613,100.27359183053814,99.87331054759392,99.93611338302142,100.31027906677897
2026-08-05 15:32:00-04:00,99.33282751252399,100.25300540432816,100.03035627860326,99.95416811224584,100.32666086147366
2026-08-05 15:33:00-04:00,99.2890585095675,100.28035310990157,99.97377938532411,99.94444568294048,100.30208504432773
2026-08-05 15:34:00-04:00,99.37322650774112,100.33505895512148,99.9392790198527,100.01666459983812,100.40961361965286
2026-08-05 15:35:00-04:00,99.24248801643742,100.33848133109556,99.91587166740031,100.00139012938631,100.49153509354187
2026-08-05 15:36:00-04:00,99.23069983895884,100.31113362552216,99.91857543139355,100.01527447045183,100.48985378763844
2026-08-05 15:37:00-04:00,99.2413646805243,100.33164701322049,99.94344837554323,99.98888744130836,100.38810665454626
2026-08-05 15:38:00-04:00,99.29803834726327,100.2666844741514,99.96549963452861,100.02499689975718,100.33485488392489
2026-08-05 15:39:00-04:00,99.24753617843726,100.29403217972482,100.04278011626691,100.05832609943342,100.36659968943968
2026-08-05 15:40:00-04:00,99.22452834104588,100.30771124954808,100.06761936865342,100.07638082865783,100.3808376628523
2026-08-05 15:41:00-04:00,99.13924385656836,100.33505895512148,100.04554284084567,100.06943865812507,100.402444631284
2026-08-05 15:42:00-04:00,99.08874168774234,100.41370056401382,100.03863602939876,100.09641055877862,100.38401276842455
2026-08-05 15:43:00-04:00,98.9512631809599,100.41027818803974,100.14076418646438,100.08610325796319,100.45364633374061
2026-08-05 15:44:00-04:00,98.83511435730836,100.53336894830282,100.10347582759184,100.00694217053278,100.45774021986232
2026-08-05 15:45:00-04:00,98.80762002587372,100.55729427790214,99.89098187736906,100.020834987997,100.57038146518373
2026-08-05 15:46:00-04:00,98.65050368943926,100.58807479352274,99.78195533179733,99.98472552954819,100.59700735049441
2026-08-05 15:47:00-04:00,98.60898135830902,100.56071665387623,99.72675980080757,99.99721974122743,100.64514020091168
2026-08-05 15:48:00-04:00,98.58990519661359,100.55388233600115,99.74470066468795,100.00278025877259,100.52534871784488
2026-08-05 15:49:00-04:00,98.71671886183057,100.5675614058244,99.88625660758647,100.0444417583679,100.52122983089188
2026-08-05 15:50:00-04:00,98.64489385948286,100.49917649078124,99.92410088055108,100.02499689975718,100.40039456311924
2026-08-05 15:51:00-04:00,98.55399269543973,100.60858818122107,99.83301519885974,100.03332919967625,100.47002812843527
2026-08-05 15:52:00-04:00,98.54052636370069,100.69747604988947,99.90754137896008,100.01527447045183,100.51713594477017
2026-08-05 15:53:00-04:00,98.56914403104845,100.7179894375878,99.88960051507968,100.01805472922442,100.4434022431246
2026-08-05 15:54:00-04:00,98.53379319783117,100.65644927449281,100.0013813622894,99.99444795885354,100.39015672271104
2026-08-05 15:55:00-04:00,98.3166400365276,100.63593588679448,100.1476625749705,99.89168010105224,100.13312317634562
2026-08-05 15:56:00-04:00,98.13202936865851,100.6017434292729,100.05382259164118,99.90556444211778,100.05836444061765
2026-08-05 15:57:00-04:00,97.88401186818092,100.58465241754865,100.06761936865342,99.94444568294048,100.01330669244753
2026-08-05 15:58:00-04:00,97.86942905013798,100.41027818803974,100.10281041526952,99.88611958350707,99.9626175070321
2026-08-05 15:59:00-04:00,97.80658388548603,100.38293048246632,100.04278011626691,99.7805714669332,99.83512576793179
2026-08-05 16:00:00-04:00,97.80658388548603,100.38293048246632,100.04278011626691,99.7805714669332,99.83512576793179
2026-08-06 13:30:00-04:00,100.0,100.0,100.0,100.0,100.0
2026-08-06 13:31:00-04:00,100.05866901792093,100.02405336785945,99.9804577722116,100.05913753055388,99.99194285783821
2026-08-06 13:32:00-04:00,100.07937449109576,100.01030708831989,100.0614391278354,100.09012006182067,99.98187603948504
2026-08-06 13:33:00-04:00,100.06326789378717,100.05497463281915,100.0391015006948,100.064775405869,99.82882106740479
2026-08-06 13:34:00-04:00,100.07132119244146,100.06528172113904,100.0404992003709,100.0873011241631,99.86305931224334
2026-08-06 13:35:00-04:00,100.04946424500395,100.05497463281915,100.0670299265398,100.16334368634024,99.92416084341993
2026-08-06 13:36:00-04:00,99.98015813252219,100.09105468460834,100.0809898781828,100.135180092731,99.87211821960145
2026-08-06 13:37:00-04:00,99.97469565095894,100.08246719189827,100.0474791761924,100.13236115507345,99.85701799207168
2026-08-06 13:38:00-04:00,99.97987026395651,100.1048009641479,100.0055907987044,100.1182836554299,99.83285271138506
2026-08-06 13:39:00-04:00,99.9539901777841,100.1614847072378,100.0251415490518,100.15770581102511,99.79559687936006
2026-08-06 13:40:00-04:00,99.85966056364244,100.16492389845746,100.0125707745259,100.14925759237457,99.82277974723314
2026-08-06 13:41:00-04:00,99.77855886115263,100.16836308967711,100.0111730748498,100.20839512292845,99.82077007104175
2026-08-06 13:42:00-04:00,99.80443894732504,100.16492389845746,100.0055907987044,100.22248121689412,99.87413404159157
2026-08-06 13:43:00-04:00,99.83032605468196,100.19591856079074,99.9539270460427,100.18868834229191,99.88925885231635
2026-08-06 13:44:00-04:00,99.81996980750229,100.19516361637668,99.93577399537139,100.17319277949744,99.91642328279316
2026-08-06 13:45:00-04:00,99.89129099994375,100.1820988838776,99.98246909613574,100.19149868562734,99.92548833595002
2026-08-06 13:46:00-04:00,99.9079733343837,100.20272354585647,100.0181530506713,100.22248121689412,99.92448042495495
2026-08-06 13:47:00-04:00,99.93558063195013,100.2302056195965,100.0055907987044,100.1559010033785,99.91543995499309
2026-08-06 13:48:00-04:00,99.82975031755062,100.18897726631691,100.01955075034739,100.1649422302558,99.8731261305965
2026-08-06 13:49:00-04:00,99.81191650884799,100.23364481081617,100.01955075034739,100.18868834229191,99.91138987361657
2026-08-06 13:50:00-04:00,99.82112128176497,100.26456607577586,100.0111730748498,100.31260127871481,99.90522563746991
2026-08-06 13:51:00-04:00,99.84355396633384,100.25768769333655,100.0,100.3407562780019,99.89829932227819
2026-08-06 13:52:00-04:00,99.83953082759895,100.32372435888966,100.04189690004699,100.32245037187201,99.90736437543505
2026-08-06 13:53:00-04:00,99.9470883533925,100.36419776775519,100.0,100.26190337248934,99.88974437041762
2026-08-06 13:54:00-04:00,99.95743757938764,100.3538906794353,99.99302002417849,100.2703515911399,99.91944701577836
2026-08-06 13:55:00-04:00,99.97354417669625,100.38138323851442,99.97486697350719,100.28724802844101,99.89528173509174
2026-08-06 13:56:00-04:00,99.85620614085437,100.4432257684338,99.9413562715168,100.29006696609858,99.9426043854699
2026-08-06 13:57:00-04:00,99.91717810730069,100.4123045034741,99.9609070218642,100.2938742508007,99.93454724330812
2026-08-06 13:58:00-04:00,99.92523140595499,100.4432257684338,99.8966724946766,100.31260127871481,99.88621668193488
2026-08-06 13:59:00-04:00,99.92465566882365,100.43978657721414,99.8799171436814,100.31400215322145,99.87715777457677
2026-08-06 14:00:00-04:00,99.92407993169229,100.37451534141417,99.8799171436814,100.33794593466648,99.96072834598488
2026-08-06 14:01:00-04:00,99.88438917555214,100.4380774669434,99.90130876677293,100.35484237196758,99.9013230552634
2026-08-06 14:02:00-04:00,99.85735761511705,100.4844541217134,99.902263293381,100.34639415331702,99.98590153766656
2026-08-06 14:03:00-04:00,99.77662803540727,100.51537538667309,99.902263293381,100.33230805935135,100.0573956145301
2026-08-06 14:04:00-04:00,99.79005956141047,100.57378921071191,99.82965109069579,100.30274359123547,100.04531297418679
2026-08-06 14:05:00-04:00,99.7158667044968,100.58753549025147,99.8310487903719,100.28161874744802,100.05238064274977
2026-08-06 14:06:00-04:00,99.681294391878,100.61157837277183,99.7877627132078,100.25644597793888,100.04632088518186
2026-08-06 14:07:00-04:00,99.72046558036304,100.60127128445194,99.76821196286039,100.27879980979046,100.04228924120159
2026-08-06 14:08:00-04:00,99.67330428388446,100.6356317406313,99.74587433571979,100.33230805935135,100.11066125229992
2026-08-06 14:09:00-04:00,99.77683164975859,100.58753549025147,99.69559976017518,100.29006696609858,100.11680705105033
2026-08-06 14:10:00-04:00,99.70551045731713,100.56692131361167,99.71375281084649,100.29147643492735,100.07350375305492
2026-08-06 14:11:00-04:00,99.80559042158772,100.55317503407211,99.74866121251299,100.31260127871481,100.06041320171656
2026-08-06 14:12:00-04:00,99.8078933701131,100.58753549025147,99.7430789363676,100.26754124780446,100.14308648650709
2026-08-06 14:13:00-04:00,99.74232252780055,100.66655300559098,99.7291104621656,100.27317052879746,100.12586595840844
2026-08-06 14:14:00-04:00,99.86195649098329,100.69060637345045,99.7654165635082,100.30555393457091,100.1611059684433
2026-08-06 14:15:00-04:00,99.86081203790512,100.66312429971042,99.74866121251299,100.28724802844101,100.13996442074188
2026-08-06 14:16:00-04:00,100.0391150190088,100.66999219681065,99.7514566118652,100.40976009035725,100.17520443077674
2026-08-06 14:17:00-04:00,99.97814305256247,100.66999219681065,99.76262968671499,100.38159649674803,100.15506464827165
2026-08-06 14:18:00-04:00,100.02012973604347,100.6150175639915,99.74866121251299,100.37283888250091,100.09062594837357
2026-08-06 14:19:00-04:00,99.99540112413376,100.65281721139051,99.7249258856963,100.34357521565947,100.02722588846433
2026-08-06 14:20:00-04:00,100.00371420661563,100.58753549025147,99.81569113905279,100.37762591992549,100.07048616586847
2026-08-06 14:21:00-04:00,100.10986047431892,100.59103759350563,99.82127341519819,100.36891987161114,100.06242902370668
2026-08-06 14:22:00-04:00,100.07650282662357,100.60127128445194,99.8128957397006,100.31119180988603,100.01812396051497
2026-08-06 14:23:00-04:00,99.9988485257373,100.58065710781214,99.8408241655456,100.31541162205023,100.03020660085828
2026-08-06 14:24:00-04:00,99.94478540486712,100.60814966689126,99.90508426041019,100.31964002853658,100.01812396051497
2026-08-06 14:25:00-04:00,99.92177698316692,100.62532465231139,99.89109021853119,100.32949771601592,100.05840352552516
2026-08-06 14:26:00-04:00,99.80099154572149,100.62876384353106,99.83802876619339,100.30142006562795,100.1439899189234
2026-08-06 14:27:00-04:00,99.79868859719612,100.64477495631283,99.89946789402879,100.28724802844101,100.2134681737968
2026-08-06 14:28:00-04:00,99.84815284220007,100.64937802017086,99.92180552116939,100.31403653050997,100.18426948393359
2026-08-06 14:29:00-04:00,99.87575311858197,100.66655300559098,99.86874406883159,100.30837287222846,100.15708047026177
2026-08-06 14:30:00-04:00,99.78776363406962,100.58065710781214,99.87293716785989,100.29485400352316,100.20541103163501
2026-08-06 14:31:00-04:00,99.75497470232108,100.60127128445194,99.8408241655456,100.2957048414137,100.17722025276687
2026-08-06 14:32:00-04:00,99.73599644054029,100.5944033873517,99.89527479500049,100.32385984070079,100.17520443077674
2026-08-06 14:33:00-04:00,99.64339403779265,100.57378921071191,99.8966724946766,100.32372233154676,100.15708047026177
2026-08-06 14:34:00-04:00,99.61290805456949,100.66999219681065,99.87713026688819,100.30978234105724,100.19534421328184
2026-08-06 14:35:00-04:00,99.63188631635028,100.6562459172711,99.87713026688819,100.3182305597078,100.18731165431505
2026-08-06 14:36:00-04:00,99.71758689470632,100.56004293117235,99.85198871783639,100.3182305597078,100.1149141450352
2026-08-06 14:37:00-04:00,99.69055533427122,100.54630713697188,99.8575795165408,100.26754124780446,100.11730486074912
2026-08-06 14:38:00-04:00,99.70320750879175,100.52568247499299,99.76262968671499,100.28724802844101,99.99698241281355
2026-08-06 14:39:00-04:00,99.69400975705929,100.5944033873517,99.76262968671499,100.30133412240669,100.00402549818152
2026-08-06 14:40:00-04:00,99.7089648801052,100.51194668079252,99.81569113905279,100.31541162205023,100.01812396051497
2026-08-06 14:41:00-04:00,99.64109108926726,100.4844541217134,99.82406881455039,100.28263287745897,100.03323033384348
2026-08-06 14:42:00-04:00,99.62728744048405,100.47758622461316,99.81010034034838,100.32667877835836,100.01913187151004
2026-08-06 14:43:00-04:00,99.676751685488,100.5050682983532,99.79054959000099,100.34357521565947,100.05135429435845
2026-08-06 14:44:00-04:00,99.67100133535908,100.5050682983532,99.7654165635082,100.29006696609858,100.02416528068663
2026-08-06 14:45:00-04:00,99.68710793266767,100.45119462613789,99.75983428736279,100.35202343431003,100.06343693470176
2026-08-06 14:46:00-04:00,99.64339403779265,100.43635787133357,99.75703888801058,100.3886352465698,100.07854330803026
2026-08-06 14:47:00-04:00,99.60600623017787,100.43635787133357,99.7556411883345,100.38722577774102,100.12083254923185
2026-08-06 14:48:00-04:00,99.59852866865492,100.45697204797337,99.7821719145034,100.37736809026168,100.09865850734036
2026-08-06 14:49:00-04:00,99.52145712608453,100.49133250415272,99.7961403887054,100.41116096486391,100.08961803737851
2026-08-06 14:50:00-04:00,99.59737719439224,100.51881457789275,99.7961403887054,100.4125704336927,100.09062594837357
2026-08-06 14:51:00-04:00,99.55826919656796,100.5428679457522,99.8492018410432,100.43087633982259,100.12083254923185
2026-08-06 14:52:00-04:00,99.55021589791366,100.56582035300781,99.82965109069579,100.3942645275628,100.11881672724171
2026-08-06 14:53:00-04:00,99.55194310930769,100.56692131361167,99.84222186522169,100.38018702791925,100.09465144655509
2026-08-06 14:54:00-04:00,99.59450552992004,100.56692131361167,99.8268556913436,100.40553168387092,100.07854330803026
2026-08-06 14:55:00-04:00,99.56746694830042,100.55317503407211,99.8450087420149,100.40271274621335,100.06242902370668
2026-08-06 14:56:00-04:00,99.62959038900942,100.55317503407211,99.81987571552209,100.40835062152848,100.07451166405
2026-08-06 14:57:00-04:00,99.63821942479507,100.52568247499299,99.80312036452689,100.41116096486391,100.0865943043933
2026-08-06 14:58:00-04:00,99.61118084317545,100.57378921071191,99.79054959000099,100.41538937135026,100.09163385936864
2026-08-06 14:59:00-04:00,99.5778231954801,100.58753549025147,99.80312036452689,100.41679884017903,100.09666726854523
2026-08-06 15:00:00-04:00,99.60025588004896,100.58753549025147,99.8436110423388,100.45903993343181,100.13895650974682
2026-08-06 15:01:00-04:00,99.77798312402129,100.54630713697188,99.9078455695264,100.43087633982259,100.14298200792834
2026-08-06 15:02:00-04:00,99.76992982536699,100.49820040125296,99.902263293381,100.44918224595247,100.13392310057023
2026-08-06 15:03:00-04:00,99.7009115814509,100.5050682983532,99.90505017017419,100.42485172001176,100.12284837122198
2026-08-06 15:04:00-04:00,99.80846910724445,100.49820040125296,99.8938856178834,100.39708346522036,100.14499782991847
2026-08-06 15:05:00-04:00,99.68825940693037,100.55317503407211,99.96648929800959,100.4294668709938,100.08961803737851
2026-08-06 15:06:00-04:00,99.74462547632594,100.54630713697188,99.91342784567179,100.4103187212955,100.08458462820192
2026-08-06 15:07:00-04:00,99.71988984323168,100.5050682983532,99.91342784567179,100.39145418422737,100.09163385936864
2026-08-06 15:08:00-04:00,99.8268716318939,100.49820040125296,99.9149704288509,100.43932455847315,100.09414749105756
2026-08-06 15:09:00-04:00,99.78143754680936,100.51490354641429,99.9413562715168,100.49987155785581,100.14802156290366
2026-08-06 15:10:00-04:00,99.80329449424687,100.53256085743232,99.9343762956953,100.45059171478125,100.16010420324697
2026-08-06 15:11:00-04:00,99.80559042158772,100.49820040125296,99.9944177238546,100.43228580865136,100.17319475458535
2026-08-06 15:12:00-04:00,99.68997959713987,100.47071832751293,100.0586778187192,100.4604494022606,100.22837173576656
2026-08-06 15:13:00-04:00,99.63878814074188,100.47758622461316,99.9525293463666,100.46748815208237,100.20340135544363
2026-08-06 15:14:00-04:00,99.57264858248251,100.53942875453255,99.9497339470144,100.47311743307536,100.24569059664522
2026-08-06 15:15:00-04:00,99.61268337666456,100.52912166621265,99.9232032208455,100.40835062152848,100.26985587733184
2026-08-06 15:16:00-04:00,99.72909461614867,100.57378921071191,99.9246009205216,100.4829751205547,100.26884796633676
2026-08-06 15:17:00-04:00,99.76992982536699,100.4638399450736,99.9329785960192,100.50694468496609,100.20541103163501
2026-08-06 15:18:00-04:00,99.7848849484129,100.38825113561465,99.9609070218642,100.51536712065027,100.14701365190861
2026-08-06 15:19:00-04:00,99.76187652671268,100.4638399450736,99.9329785960192,100.54352211993736,100.20944267561528
2026-08-06 15:20:00-04:00,99.81537093163605,100.41574369469376,99.9553247457188,100.53226355795138,100.23159213431177
2026-08-06 15:21:00-04:00,99.70435898305443,100.40199741515421,99.9190186443762,100.49846208902703,100.27488928650841
2026-08-06 15:22:00-04:00,99.67905463401338,100.34015488523481,99.9637024212164,100.47593637073292,100.25374773880701
2026-08-06 15:23:00-04:00,99.66122082531075,100.34702278233506,99.9246009205216,100.41820830900781,100.29603698000858
2026-08-06 15:24:00-04:00,99.51685122903378,100.38825113561465,99.87433486753599,100.43791508964436,100.3604818257054
2026-08-06 15:25:00-04:00,99.57897466974278,100.3538906794353,99.94415167086899,100.41116096486391,100.38363919539695
2026-08-06 15:26:00-04:00,99.48924393146734,100.2920481495159,99.888294819179,100.3886352465698,100.35645018172512
2026-08-06 15:27:00-04:00,99.5358365119991,100.31954070859501,99.8408241655456,100.37421397404118,100.39874556872546
2026-08-06 15:28:00-04:00,99.60312754452116,100.29892653195522,99.79054959000099,100.38303174854319,100.43700931174553
2026-08-06 15:29:00-04:00,99.53180635207968,100.30923362027512,99.73400241103194,100.3661095282757,100.46721591260379
2026-08-06 15:30:00-04:00,99.57034563395715,100.3538906794353,99.75425201121739,100.32104949736537,100.52561943812896
2026-08-06 15:31:00-04:00,99.56919415969445,100.2302056195965,99.7737942390058,100.32949771601592,100.64443616537066
2026-08-06 15:32:00-04:00,99.53295782634237,100.27830186997635,99.82965109069579,100.28584715393436,100.6404045213904
2026-08-06 15:33:00-04:00,99.39146691572212,100.2920481495159,99.81708031616989,100.29037636169514,100.60214077837034
2026-08-06 15:34:00-04:00,99.51225235316754,100.27143397287611,99.8492018410432,100.31400215322145,100.52762911432035
2026-08-06 15:35:00-04:00,99.45703775803467,100.28518025241566,99.86874406883159,100.35202343431003,100.50380799836375
2026-08-06 15:36:00-04:00,99.36213240676165,100.3332765027955,99.8352077991642,100.34639415331702,100.58200714166398
2026-08-06 15:37:00-04:00,99.30863800183828,100.37451534141417,99.84640644169099,100.37455774692626,100.56186735915888
2026-08-06 15:38:00-04:00,99.29023547718883,100.28586179945614,99.87713026688819,100.3886352465698,100.52360361613883
2026-08-06 15:39:00-04:00,99.30173617744667,100.32640860569526,99.8436110423388,100.36047165296058,100.59308187101223
2026-08-06 15:40:00-04:00,99.30403912597205,100.30923362027512,99.8128957397006,100.3548165890012,100.57797549768371
2026-08-06 15:41:00-04:00,99.30173617744667,100.29892653195522,99.77240506188869,100.32949771601592,100.54172757665378
2026-08-06 15:42:00-04:00,99.20511063596415,100.2508197962363,99.73050816184168,100.27317052879746,100.50245592263866
2026-08-06 15:43:00-04:00,99.18440516278932,100.3126623261557,99.74290848518758,100.25345515383879,100.47124141078531
2026-08-06 15:44:00-04:00,99.24882453083917,100.27830186997635,99.81010034034838,100.26469652718052,100.48533987311876
2026-08-06 15:45:00-04:00,99.33164642353849,100.34702278233506,99.9078455695264,100.32385984070079,100.40780447608357
2026-08-06 15:46:00-04:00,99.25342340670541,100.2611268845562,99.8757325672121,100.29006696609858,100.33027522484713
2026-08-06 15:47:00-04:00,99.21891428474737,100.2765927597056,99.8575795165408,100.30978234105724,100.27187169932196
2026-08-06 15:48:00-04:00,99.22121723327274,100.3607690618746,99.91342784567179,100.2957048414137,100.26784620114044
2026-08-06 15:49:00-04:00,99.29944025010582,100.44666495965346,99.9469470702212,100.35765271530302,100.33933413220524
2026-08-06 15:50:00-04:00,99.22983924787385,100.45009366553404,99.8631617926862,100.27598946645502,100.20742685362515
2026-08-06 15:51:00-04:00,99.3155398262299,100.5050682983532,99.79890169782159,100.21966227923657,100.18527739492866
2026-08-06 15:52:00-04:00,99.26837852975132,100.60814966689126,99.818478015846,100.25204568501,100.24971609482674
2026-08-06 15:53:00-04:00,99.27297740561755,100.62532465231139,99.90924326920249,100.22248121689412,100.45311745027035
2026-08-06 15:54:00-04:00,99.32762328480361,100.4535328567537,99.9064478698503,100.23092943554468,100.65852848190536
2026-08-06 15:55:00-04:00,99.02623191772912,100.5050682983532,99.902263293381,100.09715881164244,100.87602829968243
2026-08-06 15:56:00-04:00,98.86460424988087,100.51537538667309,99.87713026688819,100.13799043606645,100.99081952874262
2026-08-06 15:57:00-04:00,98.88876414584377,100.6562459172711,99.9469470702212,100.22811049788712,100.81964059614741
2026-08-06 15:58:00-04:00,98.8162914791396,100.8761444485477,99.9190186443762,100.35202343431003,100.68773331756732
2026-08-06 15:59:00-04:00,98.62532930233087,101.01357578792604,99.9469470702212,100.3407562780019,100.66456980207701
2026-08-06 16:00:00-04:00,98.62532930233087,101.01357578792604,99.9469470702212,100.3407562780019,100.66456980207701
2026-08-07 13:30:00-04:00,100.0,100.0,100.0,100.0,100.0
2026-08-07 13:31:00-04:00,100.03197692341664,99.98969432832654,99.97463677217361,99.99183364878034,99.91395492266264
2026-08-07 13:32:00-04:00,100.01776656368854,99.97252170350342,99.95068404599645,99.9734358920096,99.83191563417867
2026-08-07 13:33:00-04:00,100.00059270066006,100.04466140521765,99.96900336619657,99.94407286740474,99.81090966824009
2026-08-07 13:34:00-04:00,100.02131553959215,100.03091701502039,99.90982250126837,99.98042465026342,99.84692512960804
2026-08-07 13:35:00-04:00,100.01066138382448,100.01030567167346,99.9436401383702,99.95805891719473,99.83791821107333
2026-08-07 13:36:00-04:00,99.98460423895175,100.03298234291425,99.92673131981928,99.96923751708789,99.84892802403473
2026-08-07 13:37:00-04:00,99.9099962363508,100.01718310872106,99.90429230272908,99.96364821714131,99.81591079792139
2026-08-07 13:38:00-04:00,99.8898660980788,100.01718310872106,99.9577279536227,99.94687178401921,99.87494122604008
2026-08-07 13:39:00-04:00,99.95618351949554,100.01374439019726,100.00535818614304,99.96923751708789,100.03701690858131
2026-08-07 13:40:00-04:00,99.93722432643003,100.03091701502039,99.98309118144907,99.97483535031684,99.94697214877598
2026-08-07 13:41:00-04:00,99.90585455978712,100.03779445206798,99.98873318804593,99.97762573364895,99.92095894677064
2026-08-07 13:42:00-04:00,99.8531547974384,100.04466140521765,99.96900336619657,99.9832235668779,99.94396780713592
2026-08-07 13:43:00-04:00,99.74183549419706,100.04122268669384,99.97745777547205,99.98601395021001,99.99499276393325
2026-08-07 13:44:00-04:00,99.84250064167074,100.04122268669384,99.96477186124895,99.99440216677105,99.95247400206397
2026-08-07 13:45:00-04:00,99.8590745759823,100.03779445206798,99.95913845527191,100.03355286624421,99.9640028577884
2026-08-07 13:46:00-04:00,99.8898660980788,100.03779445206798,100.00564200659684,100.03914216619079,99.96998100914126
2026-08-07 13:47:00-04:00,99.8507839947981,100.03435573354419,100.04791405297414,100.03215340793697,99.97098245635462
2026-08-07 13:48:00-04:00,99.8898660980788,100.02405006187072,100.06623337317427,100.03086488230043,99.96897956192791
2026-08-07 13:49:00-04:00,99.85671100139884,100.0515283583673,100.05918946554802,100.02935449132251,99.94697214877598
2026-08-07 13:50:00-04:00,99.80371488872008,100.04122268669384,100.05073505627256,100.02236573306868,100.01400194183057
2026-08-07 13:51:00-04:00,99.75142712561069,100.05840579541491,100.04087014534788,100.02796356629763,99.98475235553819
2026-08-07 13:52:00-04:00,99.67907427674075,100.05840579541491,100.02705754992938,100.03075394962974,100.02000451872523
2026-08-07 13:53:00-04:00,99.75316908730676,100.07213970171424,100.01127541257388,100.0167764331221,100.03501401415461
2026-08-07 13:54:00-04:00,99.76966351299319,100.07557842023803,100.08737369667281,100.0265641079904,100.15306876400652
2026-08-07 13:55:00-04:00,99.7489406740611,100.07213970171424,100.06341236987583,100.03075394962974,100.16607536500919
2026-08-07 13:56:00-04:00,99.64591195200396,100.07901713876183,100.06905437647269,100.02516464968316,100.15607310564658
2026-08-07 13:57:00-04:00,99.65184618666153,100.07213970171424,100.07045627750209,100.02065907659644,100.15507165843323
2026-08-07 13:58:00-04:00,99.7655218364295,100.0515283583673,100.05918946554802,100.00279891661447,100.13005990364124
2026-08-07 13:59:00-04:00,99.7655218364295,100.09962848210876,100.08877559770222,99.98881286682447,100.11705330263857
2026-08-07 14:00:00-04:00,99.78446657338137,100.12023982545568,100.09365214913578,99.99720108338553,100.12305587953323
2026-08-07 14:01:00-04:00,99.82591947930234,100.06527274856457,100.09018609935143,99.98881286682447,100.11809138816461
2026-08-07 14:02:00-04:00,99.74775527274096,100.07213970171424,99.98873318804593,99.95944984221961,100.11404896099852
2026-08-07 14:03:00-04:00,99.80637481363358,100.10649543525842,99.98168928041967,99.94407286740474,100.08505584289492
2026-08-07 14:04:00-04:00,99.80933831693395,100.1328834063694,99.97478298271042,99.91890821772158,100.10704493689052
2026-08-07 14:05:00-04:00,99.84250064167074,100.1408511688026,99.9436401383702,99.86857891835525,100.09003865341988
2026-08-07 14:06:00-04:00,99.86263077994275,100.14771812195227,99.92673131981928,99.88535535147737,100.11905009067983
2026-08-07 14:07:00-04:00,99.92302842281559,100.09962848210876,99.91263490394698,99.87696713491631,100.15407021121987
2026-08-07 14:08:00-04:00,99.96210329803945,100.0824453733877,99.92391031652086,99.93289426751157,100.1410636102172
2026-08-07 14:09:00-04:00,99.95796162147576,100.07557842023803,99.88764150277254,99.95246108396579,100.11304751378518
2026-08-07 14:10:00-04:00,99.9490783396315,100.10649543525842,99.88177588006056,99.95246108396579,100.10104235999586
2026-08-07 14:11:00-04:00,99.86500158258303,100.09275104506116,99.87881726684515,99.94967070063367,100.10504814884925
2026-08-07 14:12:00-04:00,99.79867693310946,100.07213970171424,99.87740676519593,99.9426734090975,100.07703205241722
2026-08-07 14:13:00-04:00,99.7939425558857,100.09962848210876,99.85063303572035,99.94128248407263,100.0650268986279
2026-08-07 14:14:00-04:00,99.76255833312914,100.10306720063255,99.85063303572035,99.89654248465288,100.09904557195459
2026-08-07 14:15:00-04:00,99.75486045260502,100.07901713876183,99.86754185427127,99.93289426751157,100.06902658109586
2026-08-07 14:16:00-04:00,99.81111641891417,100.06871146708838,99.87459436251733,99.9832235668779,100.01100370657598
2026-08-07 14:17:00-04:00,99.83598093440993,100.07213970171424,99.86049794664501,99.95528560042735,100.0140446865287
2026-08-07 14:18:00-04:00,99.8472350188945,100.05840579541491,99.88868217776982,99.96364821714131,100.03101433168665
2026-08-07 14:19:00-04:00,99.78328840011804,100.04122268669384,99.88022776849435,100.0,100.00900081214927
2026-08-07 14:20:00-04:00,99.81170911957425,100.03091701502039,99.90700149796994,99.98042465026342,99.96297698503325
2026-08-07 14:21:00-04:00,99.82117787402176,100.02405006187072,99.87881726684515,99.98462302518513,99.92296184119735
2026-08-07 14:22:00-04:00,99.81703619745808,100.03435573354419,99.87033705571025,99.99161178343894,99.921960393984
2026-08-07 14:23:00-04:00,99.77804083085934,100.03091701502039,99.85486454066798,99.98207157375913,99.94197101909467
2026-08-07 14:24:00-04:00,99.714600176061,100.05311142695601,99.8562750423172,99.97063697539514,99.92896441809201
2026-08-07 14:25:00-04:00,99.74656264336399,100.05840579541491,99.84499962974331,99.96923751708789,99.889944615084
2026-08-07 14:26:00-04:00,99.69801901369262,100.09275104506116,99.8435891280941,99.9832235668779,99.91495636987598
2026-08-07 14:27:00-04:00,99.694470037789,100.11343577569365,99.88163827014357,99.96644713375579,99.94297246630802
2026-08-07 14:28:00-04:00,99.61986203518805,100.04810012374145,99.84217862644489,100.0125780582004,99.97298535078131
2026-08-07 14:29:00-04:00,99.69150653448864,100.03091701502039,99.81822590026772,100.01957534973657,99.98499050457063
2026-08-07 14:30:00-04:00,99.65420253318815,99.97594993812928,99.8295013128416,100.01984841477213,99.99199452867865
2026-08-07 14:31:00-04:00,99.73650841631323,99.96221603182995,99.79849607841838,100.02236573306868,99.92796297087865
2026-08-07 14:32:00-04:00,99.72940323644917,99.9965612814762,99.82526980789397,100.05312821598079,99.94697214877598
2026-08-07 14:33:00-04:00,99.77262701629355,100.01718310872106,99.83936622376628,100.02096627476145,99.94096957188133
2026-08-07 14:34:00-04:00,99.64413385002375,100.0,99.83231371552021,100.02935449132251,99.960980196992
2026-08-07 14:35:00-04:00,99.61986203518805,100.0034387185238,99.81118199264148,100.00558929994658,99.91695926430269
2026-08-07 14:36:00-04:00,99.64177027544028,99.99698063739373,99.82385930624476,100.03075394962974,99.89294895672406
2026-08-07 14:37:00-04:00,99.63999217346006,99.96908298497962,99.81118199264148,100.0125780582004,99.8869463798294
2026-08-07 14:38:00-04:00,99.60920065136357,99.96469023174342,99.79990658006759,100.01397751650764,99.92095894677064
2026-08-07 14:39:00-04:00,99.62459641241182,99.95533859478235,99.79708557676916,100.02796356629763,99.89594719197866
2026-08-07 14:40:00-04:00,99.63880677213992,99.92786029828576,99.8280908111924,100.03635178285869,99.93896667745462
2026-08-07 14:41:00-04:00,99.63347969425608,99.97594993812928,99.80836098934306,100.05871751592737,99.89594719197866
2026-08-07 14:42:00-04:00,99.64591195200396,99.98282737517688,99.82597505871857,100.0754683492024,99.90695089855463
2026-08-07 14:43:00-04:00,99.6411775747802,99.98282737517688,99.79990658006759,100.06151643254184,99.89094606229735
2026-08-07 14:44:00-04:00,99.61275685532401,99.90037151789124,99.74918012441483,100.05731805762014,99.83692287024542
2026-08-07 14:45:00-04:00,99.65657333582845,99.9141159080885,99.74918012441483,100.0769190072038,99.87133845862618
2026-08-07 14:46:00-04:00,99.64058487412014,99.94160468848303,99.72099589329004,100.0559185993129,99.90695089855463
2026-08-07 14:47:00-04:00,99.63229429293594,99.94160468848303,99.75481353039187,100.07829286566395,99.90495411051337
2026-08-07 14:48:00-04:00,99.91710141621485,99.94160468848303,99.81118199264148,100.08388216561053,99.92896441809201
2026-08-07 14:49:00-04:00,99.96506680133982,99.92098286123817,99.801033261263,100.08947999883947,99.92496473562404
2026-08-07 14:50:00-04:00,99.9449366630678,99.92786029828576,99.83372421716943,100.14120875651302,99.94997649041603
2026-08-07 14:51:00-04:00,99.9490783396315,99.93472725143543,99.82245740521536,100.14539859815237,99.94897504320268
2026-08-07 14:52:00-04:00,99.88868069675866,99.95191036015649,99.82385930624476,100.13701038159132,99.94897504320268
2026-08-07 14:53:00-04:00,100.00916517606065,99.98282737517688,99.80554858666444,100.13701038159132,99.93518682486277
2026-08-07 14:54:00-04:00,99.98934584423233,100.06871146708838,99.7937399356622,100.13421146497684,99.90094832165997
2026-08-07 14:55:00-04:00,99.9064472604472,100.07901713876183,99.79427317409056,100.14260821482026,99.9497139158418
2026-08-07 14:56:00-04:00,99.89697127794285,100.0824453733877,99.80413808501523,100.16217503127447,99.94697214877598
2026-08-07 14:57:00-04:00,99.93131900399979,100.07213970171424,99.84277206921193,100.14539859815237,99.98499050457063
2026-08-07 14:58:00-04:00,99.91236703899109,100.05840579541491,99.84499962974331,100.13421146497684,100.04701916794393
2026-08-07 14:59:00-04:00,100.0307915220965,100.04466140521765,99.85908744499581,100.14539859815237,100.03101433168665
2026-08-07 15:00:00-04:00,100.10658492601758,100.0515283583673,99.84641013139252,100.16777286450342,100.04501627351722
2026-08-07 15:01:00-04:00,100.13737644811408,100.03779445206798,99.82385930624476,100.17616108106448,100.07102947552256
2026-08-07 15:02:00-04:00,100.16342636492999,100.01718310872106,99.81608434593447,100.20411611407974,100.07413151932977
2026-08-07 15:03:00-04:00,100.09592354219309,99.97594993812928,99.7576345336903,100.19852681413316,100.1340595861092
2026-08-07 15:04:00-04:00,100.06039764287284,99.95191036015649,99.79708557676916,100.20411611407974,100.14854393239011
2026-08-07 15:05:00-04:00,100.26526968566698,99.96049667256806,99.81963640191694,100.19433697249382,100.08503752373858
2026-08-07 15:06:00-04:00,100.30553719026783,99.9450329231089,99.8280908111924,100.20643716688198,100.08403607652522
2026-08-07 15:07:00-04:00,100.31619857409231,99.90724895493885,99.91263490394698,100.22090108048421,100.09312237807076
2026-08-07 15:08:00-04:00,100.31856214867578,99.94160468848303,99.92108931322244,100.19153805587935,100.05502463926528
2026-08-07 15:09:00-04:00,100.2895487285595,99.92442157976197,99.9859121847475,100.21251286392315,100.11505040821187
2026-08-07 15:10:00-04:00,100.35527344931617,99.9141159080885,100.03663864040026,100.26983092154329,100.15806989368784
2026-08-07 15:11:00-04:00,100.28895602789943,99.90037151789124,100.00705250824605,100.29919394614816,100.1750822835439
2026-08-07 15:12:00-04:00,100.25580093121947,99.90037151789124,99.9549155509441,100.29499557122645,100.14626625061828
2026-08-07 15:13:00-04:00,100.23448539162732,99.93816596995923,99.94646114166864,100.28520789635816,100.22910547559583
2026-08-07 15:14:00-04:00,100.21198445071502,100.0,99.97745777547205,100.2908057295871,100.26912061943175
2026-08-07 15:15:00-04:00,100.32566732853982,99.93816596995923,100.01972982184934,100.30754802957976,100.22009855706112
2026-08-07 15:16:00-04:00,100.395540953917,99.9965612814762,100.0563684622496,100.32435859583131,100.23510805249049
2026-08-07 15:17:00-04:00,100.35172447341256,100.0,100.02513961171125,100.29639502953368,100.3091418696531
2026-08-07 15:18:00-04:00,100.26645508698714,99.97594993812928,99.96618236289815,100.27123037985054,100.23210371085044
2026-08-07 15:19:00-04:00,100.26172070976337,100.01718310872106,99.96900336619657,100.25724433006053,100.25511867760117
2026-08-07 15:20:00-04:00,100.28777062657927,100.02405006187072,100.0014105016492,100.27961859641158,100.29513382143708
2026-08-07 15:21:00-04:00,100.20369386953082,100.0515283583673,100.02114032349854,100.28380843805093,100.36316506170503
2026-08-07 15:22:00-04:00,100.16579716757028,100.0858840919115,100.00327683614847,100.27681967979711,100.37016908581305
2026-08-07 15:23:00-04:00,100.19066891112287,100.07213970171424,100.0281842311248,100.30478324609474,100.38517858124241
2026-08-07 15:24:00-04:00,100.08052778114484,100.07213970171424,100.050760858132,100.24046789693843,100.38817681649702
2026-08-07 15:25:00-04:00,100.01895196500868,100.065199361279,100.06764387482347,100.23557832614546,100.41519146571571
2026-08-07 15:26:00-04:00,100.0941526682697,100.06183403004077,100.05073505627256,100.27123037985054,100.42219548982371
2026-08-07 15:27:00-04:00,100.06868822405704,100.06527274856457,100.04932455462334,100.25724433006053,100.34241556395523
2026-08-07 15:28:00-04:00,100.04234195691109,100.05840579541491,100.00564200659684,100.23490419683893,100.26314246807887
2026-08-07 15:29:00-04:00,100.01480306038818,100.03091701502039,100.12119133377465,100.22649038043079,100.28312866764776
2026-08-07 15:30:00-04:00,99.99053124555248,100.0515283583673,100.02981834888912,100.24606573016737,100.31314155212105
2026-08-07 15:31:00-04:00,99.96092512477614,100.06871146708838,100.02537182844618,100.2584816560029,100.32214847065578
2026-08-07 15:32:00-04:00,100.04026750460083,100.06183403004077,100.04932455462334,100.24046789693843,100.3731734274531
2026-08-07 15:33:00-04:00,100.00237080264029,100.09962848210876,100.00564200659684,100.23767751360631,100.3501645670878
2026-08-07 15:34:00-04:00,99.94197315976744,100.11680110693187,100.00845440927546,100.23207968037737,100.3411576485531
2026-08-07 15:35:00-04:00,99.98934584423233,100.0858840919115,99.96054895692112,100.18733968095763,100.33417194360143
2026-08-07 15:36:00-04:00,100.01125408448456,100.08932281043529,99.94646114166864,100.1957278975187,100.35716248481037
2026-08-07 15:37:00-04:00,100.0082905811842,100.0659646858285,99.9027699930223,100.18454929762552,100.3111447640798
2026-08-07 15:38:00-04:00,99.9573689208157,100.04466140521765,99.89009267941903,100.18035092270382,100.34716022544775
2026-08-07 15:39:00-04:00,99.93338622825321,99.98969432832654,99.85204353736955,100.16469234957103,100.3511843334575
2026-08-07 15:40:00-04:00,99.90763266176734,100.03779445206798,99.89009267941903,100.12303286508369,100.33127141051398
2026-08-07 15:41:00-04:00,99.89282960137916,100.02748878039452,99.93095422414711,100.14819751476685,100.33315217723174
2026-08-07 15:42:00-04:00,99.9099962363508,100.06871146708838,99.92673131981928,100.08388216561053,100.3411576485531
2026-08-07 15:43:00-04:00,99.87802654099099,100.06183403004077,99.92194077458386,100.08947999883947,100.31514444654776
2026-08-07 15:44:00-04:00,99.79275715456556,100.16490123067332,99.97463677217361,100.05871751592737,100.32515281229583
2026-08-07 15:45:00-04:00,99.86855055848665,100.10649543525842,100.02537182844618,100.1034575153471,100.32515281229583
2026-08-07 15:46:00-04:00,99.8105237182541,100.17520690234679,100.06482287152505,100.13421146497684,100.3264290468543
2026-08-07 15:47:00-04:00,99.82354867666206,100.2232965421903,100.10428251522373,100.11464464852263,100.27914730433615
2026-08-07 15:48:00-04:00,99.92243572215551,100.23704093238756,100.16487388180116,100.16357448958172,100.31514444654776
2026-08-07 15:49:00-04:00,99.96832665497023,100.09962848210876,100.2141898358047,100.11184573190816,100.3431605429798
2026-08-07 15:50:00-04:00,100.02131553959215,100.12023982545568,100.11132642284998,100.14260821482026,100.13805926857715
2026-08-07 15:51:00-04:00,100.02427904289252,100.12023982545568,100.06482287152505,100.02376519137592,100.08303462931188
2026-08-07 15:52:00-04:00,100.07816420656138,100.03435573354419,100.12119133377465,100.04194108280527,100.12705556200119
2026-08-07 15:53:00-04:00,99.99763642541653,100.00686695314967,100.15782997417492,99.97063697539514,100.3431605429798
2026-08-07 15:54:00-04:00,100.01539576104824,100.09275104506116,100.16487388180116,99.92449751766816,100.22110000427448
2026-08-07 15:55:00-04:00,99.85671100139884,100.0824453733877,100.03945964369868,99.87696713491631,100.21509742737982
2026-08-07 15:56:00-04:00,99.9064472604472,100.11337287230602,100.0436825480265,99.85320194354038,100.23510805249049
2026-08-07 15:57:00-04:00,99.87447033703056,100.12710677860534,100.03945964369868,99.82383891893552,100.1750822835439
2026-08-07 15:58:00-04:00,100.0165811623684,100.24390788553723,100.02537182844618,99.93149480920434,100.17707907158515
2026-08-07 15:59:00-04:00,99.7406500928769,100.15115684047606,99.83654522046785,99.95526000058027,100.02501175479199
2026-08-07 16:00:00-04:00,99.7406500928769,100.15115684047606,99.83654522046785,99.95526000058027,100.02501175479199
2026-08-10 13:30:00-04:00,100.0,100.00000000000001,100.0,100.0,100.0
2026-08-10 13:31:00-04:00,100.0333788280866,99.99656941337074,100.00563467615838,99.99439778063297,99.96853975436765
2026-08-10 13:32:00-04:00,100.04530555562832,99.96572551102406,100.02117089774929,100.01681519806962,99.94101578970707
2026-08-10 13:33:00-04:00,100.04768507967113,99.92460030789516,99.9943653238416,100.01819013300573,99.93314922819191
2026-08-10 13:34:00-04:00,100.06558608623162,99.92803089452443,99.97463105344873,100.01678957816398,99.96460947382424
2026-08-10 13:35:00-04:00,100.10253056196645,99.97793128723247,100.0,99.99439778063297,99.94789828097929
2026-08-10 13:36:00-04:00,100.06020850743154,99.96572551102406,100.01550181135482,100.01678957816398,99.9390476492212
2026-08-10 13:37:00-04:00,99.88434931005446,99.98971869921778,100.02819058590997,100.00979534392374,99.95575884206615
2026-08-10 13:38:00-04:00,99.88256648623035,99.96572551102406,100.0112779548758,100.06713269275029,99.9390476492212
2026-08-10 13:39:00-04:00,99.98926667289564,99.97943739843555,100.00141081967935,100.07975476626319,99.94400400300573
2026-08-10 13:40:00-04:00,99.96840399573752,99.9725866842826,99.9238931603462,100.05736296873218,99.86826659686967
2026-08-10 13:41:00-04:00,100.00715312579227,99.94516290945961,99.89852421379493,100.08115532110494,99.86236817584039
2026-08-10 13:42:00-04:00,99.99165347377037,99.96572551102406,99.93516251266297,100.09514378958542,99.84073663178077
2026-08-10 13:43:00-04:00,99.98986337311432,99.93145102204812,99.95489678305584,100.07555310173792,99.78863491276007
2026-08-10 13:44:00-04:00,99.96780729551884,99.95202408271814,99.9154368448291,100.08674900050343,99.70514495324676
2026-08-10 13:45:00-04:00,99.96423437103867,99.94516290945961,99.90838274643234,100.0727519920544,99.67066049174589
2026-08-10 13:46:00-04:00,100.03695902939869,99.93831219530665,99.95067292657681,100.13446180477716,99.65394329847264
2026-08-10 13:47:00-04:00,100.05513655557273,99.93831219530665,99.94644046753875,100.13711773499537,99.63231775484134
2026-08-10 13:48:00-04:00,100.08941771081928,99.95202408271814,99.93376029554263,100.1315240555969,99.65198115841508
2026-08-10 13:49:00-04:00,100.13472326644761,99.96572551102406,99.91824988162878,100.13711773499537,99.64214645641405
2026-08-10 13:50:00-04:00,100.16273906939799,99.93837494994011,99.8661011688469,100.12026837705156,99.55956856200395
2026-08-10 13:51:00-04:00,100.15975556830456,99.95202408271814,99.85342099685077,100.10213802382565,99.49861621122515
2026-08-10 13:52:00-04:00,100.20625452437025,99.93831219530665,99.8365083658166,100.10913225806588,99.51770357368109
2026-08-10 13:53:00-04:00,100.23367362710195,99.9108256658502,99.81682571077783,100.0713599771812,99.4573212635918
2026-08-10 13:54:00-04:00,100.290905910272,99.93767418986646,99.83086508709918,100.07835421142143,99.51434333382716
2026-08-10 13:55:00-04:00,100.30759896273126,99.94516290945961,99.80549614054792,100.05596241389043,99.47796873740847
2026-08-10 13:56:00-04:00,100.29197560456647,99.93145102204812,99.81677409542371,100.05036873449194,99.53597487788677
2026-08-10 13:57:00-04:00,100.3278649396707,99.96572551102406,99.79140514887244,100.04337450025172,99.53793701794433
2026-08-10 13:58:00-04:00,100.36124376775729,99.9588747968711,99.8365083658166,100.02378381240422,99.52810831637161
2026-08-10 13:59:00-04:00,100.3278649396707,99.97600681180629,99.8548232139711,100.05596241389043,99.4238988779019
2026-08-10 14:00:00-04:00,100.36601736950675,99.97943739843555,99.8576448533298,100.06995942233944,99.33148628149077
2026-08-10 14:01:00-04:00,100.31475208852353,99.97600681180629,99.87653607293869,100.08955011018693,99.35704810609381
2026-08-10 14:02:00-04:00,100.33501806546296,100.02399318819373,99.85059935749207,100.08258149585234,99.3629465271231
2026-08-10 14:03:00-04:00,100.33978439038049,100.00343058662928,99.8365083658166,100.09794489926892,99.3354165620342
2026-08-10 14:04:00-04:00,100.32846163988938,100.00343058662928,99.84806160258104,100.09794489926892,99.35803217633674
2026-08-10 14:05:00-04:00,100.38270314513409,99.9588747968711,99.84073222229563,100.15390731315937,99.34918154457864
2026-08-10 14:06:00-04:00,100.31713161256633,100.00000000000001,99.91005164288231,100.1315240555969,99.3354165620342
2026-08-10 14:07:00-04:00,100.34813091661013,100.03427448897595,99.8816373904378,100.12312926651491,99.34525126403523
2026-08-10 14:08:00-04:00,100.3338246650256,100.03084390234669,99.88724625891913,100.12032815683139,99.35016561482158
2026-08-10 14:09:00-04:00,100.34455799212996,100.02741331571742,99.88301379988107,100.14061912209976,99.3629465271231
2026-08-10 14:10:00-04:00,100.33621146590033,100.03084390234669,99.86751198852625,100.18609445461412,99.3078925973736
2026-08-10 14:11:00-04:00,100.22115747617347,100.020771783676,99.89852421379493,100.20148347793635,99.32165757991805
2026-08-10 14:12:00-04:00,100.1716822958463,100.05140650391114,99.9126152054704,100.18888702432908,99.28626105331398
2026-08-10 14:13:00-04:00,100.09653445245188,100.06168780469336,99.87878994340204,100.17069689132335,99.29019733428572
2026-08-10 14:14:00-04:00,100.03695902939869,100.09016794917963,99.89852421379493,100.16790432160838,99.25873708865338
2026-08-10 14:15:00-04:00,100.05365208185796,100.07539969210485,99.86751198852625,100.22946895486584,99.23415933429328
2026-08-10 14:16:00-04:00,100.0792810839336,100.0685489779519,99.85623403365045,100.21967361094208,99.33311839799124
2026-08-10 14:17:00-04:00,100.09239393508076,100.0548370905404,99.83083927942212,100.21827305610033,99.34426719379229
2026-08-10 14:18:00-04:00,100.09001441103797,100.0685489779519,99.80854144644115,100.16638420720696,99.41111796560038
2026-08-10 14:19:00-04:00,100.08583750950719,100.0685489779519,99.79986146438954,100.19028757917084,99.39735298305592
2026-08-10 14:20:00-04:00,100.08464410906981,100.06511839132263,99.80831777990662,100.16812636079061,99.37081308863826
2026-08-10 14:21:00-04:00,100.06557153256776,100.08911157951636,99.83368672645788,100.20707715733482,99.37671150966756
2026-08-10 14:22:00-04:00,100.10014376109172,100.08225040625781,99.85342099685077,100.19392560577198,99.31379101840288
2026-08-10 14:23:00-04:00,100.10491736284118,100.0685489779519,99.87878994340204,100.19585563866367,99.28429891325642
2026-08-10 14:24:00-04:00,100.10491736284118,100.09596229366932,99.85905567300915,100.20987826701834,99.27840049222714
2026-08-10 14:25:00-04:00,100.14783611759476,100.06168780469336,99.88936248843815,100.17909168040534,99.34525126403523
2026-08-10 14:26:00-04:00,100.12637674021798,100.09596229366932,99.87903941761364,100.20148347793635,99.33345442197664
2026-08-10 14:27:00-04:00,100.10491736284118,100.10281300782226,99.9238931603462,100.22666784518232,99.34623533427815
2026-08-10 14:28:00-04:00,100.14729763203157,100.07539969210485,99.90274807027396,100.22246618065705,99.31773930023124
2026-08-10 14:29:00-04:00,100.11207048863345,100.0685489779519,99.88724625891913,100.19868236825283,99.29568172576158
2026-08-10 14:30:00-04:00,100.08371995141405,100.03427448897595,99.88442461956042,100.15810897768463,99.30368629712788
2026-08-10 14:31:00-04:00,100.1526024425123,100.04112520312891,99.93234947586328,100.14131939952064,99.31870536918925
2026-08-10 14:32:00-04:00,100.1156434131136,100.04112520312891,99.94080579138037,100.1119333677494,99.35606403585088
2026-08-10 14:33:00-04:00,100.11207048863345,100.07196910547559,99.9154368448291,100.09794489926892,99.39735298305592
2026-08-10 14:34:00-04:00,100.11803021398835,100.03427448897595,99.91754447178911,100.08674900050343,99.38164386173885
2026-08-10 14:35:00-04:00,100.17406181988909,100.0548370905404,99.94361882818005,100.09374323474366,99.40836376900583
2026-08-10 14:36:00-04:00,100.13948959136513,100.06168780469336,99.96617473793164,100.09514378958542,99.38280194440279
2026-08-10 14:37:00-04:00,100.07987778415229,100.06511839132263,99.94926210689746,100.06435720297242,99.32165757991805
2026-08-10 14:38:00-04:00,100.13352986601024,100.07539969210485,99.93516251266297,100.09794489926892,99.30002603585844
2026-08-10 14:39:00-04:00,100.14822906651926,100.06511839132263,99.96053145921424,100.1119333677494,99.3295181410049
2026-08-10 14:40:00-04:00,100.21221424972515,100.03427448897595,100.02114509007222,100.12452982135666,99.3658927374236
2026-08-10 14:41:00-04:00,100.21698785147463,100.02056260156446,100.03382526206836,100.15390731315937,99.36813689761175
2026-08-10 14:42:00-04:00,100.22056077595478,100.04112520312891,100.14756829743658,100.19448924369611,99.43176543941706
2026-08-10 14:43:00-04:00,100.15822015676625,100.0548370905404,100.1634916341834,100.18469389977236,99.4238988779019
2026-08-10 14:44:00-04:00,100.16750539431551,100.06168780469336,100.2565197074304,100.18189279008885,99.42586701838776
2026-08-10 14:45:00-04:00,100.17227899606497,100.03427448897595,100.3199463750881,100.17629911069037,99.3993211235418
2026-08-10 14:46:00-04:00,100.1812222225133,100.04798637638744,100.36504959203224,100.21967361094208,99.37867364972512
2026-08-10 14:47:00-04:00,100.19075487234836,100.03776783023868,100.31075023949523,100.23226152458079,99.37375929893875
2026-08-10 14:48:00-04:00,100.22539259235974,100.04798637638744,100.31007923989165,100.23506263426431,99.36866493530307
2026-08-10 14:49:00-04:00,100.18777864808688,100.04798637638744,100.26212857591173,100.21071518393597,99.4150482461438
2026-08-10 14:50:00-04:00,100.15856944469914,100.04798637638744,100.29597964565716,100.21547194641681,99.41996859735848
2026-08-10 14:51:00-04:00,100.15797274448045,100.0548370905404,100.33544818644292,100.2630481111938,99.4396260005039
2026-08-10 14:52:00-04:00,100.13352986601024,100.03427448897595,100.38542905435165,100.27983768935778,99.49467993025341
2026-08-10 14:53:00-04:00,100.1526024425123,100.02063581530349,100.35545773872445,100.28963303328153,99.48681936916657
2026-08-10 14:54:00-04:00,100.18479514699347,100.03125180746419,100.37832334060077,100.24628415293546,99.48092094813727
2026-08-10 14:55:00-04:00,100.1657225704914,100.04002699704333,100.37631894434901,100.27983768935778,99.48878150922413
2026-08-10 14:56:00-04:00,100.22533437770426,100.0137118874115,100.3847752598661,100.30782316628728,99.47895280765141
2026-08-10 14:57:00-04:00,100.17056166372828,100.00343058662928,100.39182935826285,100.29802782236352,99.48976557946706
2026-08-10 14:58:00-04:00,100.18956147191099,100.02399318819373,100.38336444018675,100.29662726752177,99.46853006367594
2026-08-10 14:59:00-04:00,100.16214236917929,99.93831219530665,100.3369966470666,100.27703657967427,99.55563228103222
2026-08-10 15:00:00-04:00,100.13948959136513,99.86976321735476,100.3659184504933,100.25884644666853,99.49271779019585
2026-08-10 15:01:00-04:00,100.17347239650235,99.86908337549225,100.3847752598661,100.26164755635205,99.48092094813727
2026-08-10 15:02:00-04:00,100.14544931672003,99.86634308983106,100.36363877235289,100.25963212377488,99.48494723553367
2026-08-10 15:03:00-04:00,100.15379584294966,99.8217873000729,100.38900771890415,100.28823247843978,99.48779743898119
2026-08-10 15:04:00-04:00,100.20685122458895,99.84920061579031,100.34812835843904,100.29382615783825,99.46814003583575
2026-08-10 15:05:00-04:00,100.23606042797668,99.8629125032018,100.33544818644292,100.30782316628728,99.4180004568726
2026-08-10 15:06:00-04:00,100.26944653289522,99.89032581891921,100.33826982580162,100.28823247843978,99.37081308863826
2026-08-10 15:07:00-04:00,100.25990660622821,99.8629125032018,100.36645180915257,100.32461274445126,99.41210203584332
2026-08-10 15:08:00-04:00,100.17883542163857,99.88278480379817,100.39464239506255,100.33300753353325,99.40226733384229
2026-08-10 15:09:00-04:00,100.20744792480762,99.89032581891921,100.38055140338706,100.30502205660376,99.40816575487158
2026-08-10 15:10:00-04:00,100.17883542163857,99.89718699217775,100.34812835843904,100.31901052508422,99.41308610608624
2026-08-10 15:11:00-04:00,100.14306979267724,99.89718699217775,100.2896395596591,100.30222094692024,99.4573212635918
2026-08-10 15:12:00-04:00,100.0769015598908,99.90403770633071,100.24947421159267,100.27983768935778,99.40914982511451
2026-08-10 15:13:00-04:00,100.08345798546438,99.92803089452443,100.2649760229475,100.27350957266424,99.4180004568726
2026-08-10 15:14:00-04:00,100.11445001267624,99.89718699217775,100.2536980680717,100.27703657967427,99.42586701838776
2026-08-10 15:15:00-04:00,100.1657225704914,99.86634308983106,100.23960707639623,100.29103358812328,99.41013389535745
2026-08-10 15:16:00-04:00,100.17287569628367,99.9177495937422,100.21423812984496,100.31621795536927,99.39243863226956
2026-08-10 15:17:00-04:00,100.21340765016252,99.89718699217775,100.13953350731148,100.34839655685548,99.39636891281299
2026-08-10 15:18:00-04:00,100.26229340710294,99.89032581891921,100.15926777770437,100.34699600201371,99.39636891281299
2026-08-10 15:19:00-04:00,100.22414097726688,99.93145102204812,100.11839701979827,100.35819190077922,99.35311182512207
2026-08-10 15:20:00-04:00,100.20625452437025,99.90403770633071,100.13006208982998,100.35539079109572,99.33935284300593
2026-08-10 15:21:00-04:00,100.20386772349552,99.90403770633071,100.1634916341834,100.34419489233021,99.35311182512207
2026-08-10 15:22:00-04:00,100.19672915136712,99.93145102204812,100.1691349129008,100.3721803692597,99.33148628149077
2026-08-10 15:23:00-04:00,100.22294757682953,99.93145102204812,100.20013853561046,100.35679134593747,99.34033091282055
2026-08-10 15:24:00-04:00,100.24857657890516,99.89718699217775,100.20859485112756,100.36658668986121,99.29805789537257
2026-08-10 15:25:00-04:00,100.23964062928879,99.86634308983106,100.17618040873855,100.31061573600223,99.31575315846044
2026-08-10 15:26:00-04:00,100.22652050130968,99.80464482603213,100.1691349129008,100.30642261144551,99.29959400502007
2026-08-10 15:27:00-04:00,100.2140043503812,99.81835671344363,100.1692983615222,100.30222094692024,99.25676894816752
2026-08-10 15:28:00-04:00,100.23367362710195,99.7943635252499,100.15363310154598,100.30082039207849,99.2364394970513
2026-08-10 15:29:00-04:00,100.20983472568236,99.82863801422586,100.13533545850952,100.28963303328153,99.16494439373082
2026-08-10 15:30:00-04:00,100.2050611239329,99.81150599929067,100.11557538043957,100.2406563136628,99.23907368507963
2026-08-10 15:31:00-04:00,100.14187639223987,99.84234990163735,100.15058779565274,100.27144290027579,99.28331484301349
2026-08-10 15:32:00-04:00,100.16094896874193,99.83548872837882,100.09866274940539,100.28823247843978,99.24694024659479
2026-08-10 15:33:00-04:00,100.15379584294966,99.85948191657253,100.12966637211504,100.33860121293172,99.32361971997561
2026-08-10 15:34:00-04:00,100.12279653890587,99.85605132994327,100.08316093805055,100.37917460349993,99.34033091282055
2026-08-10 15:35:00-04:00,100.03099930404379,99.84234990163735,100.04932707342319,100.34419489233021,99.31575315846044
2026-08-10 15:36:00-04:00,100.06199860808759,99.80807541266141,100.05919420861963,100.37778258862672,99.29412761482914
2026-08-10 15:37:00-04:00,100.10729688688397,99.8217873000729,100.03946854078576,100.39457216679071,99.3019941763443
2026-08-10 15:38:00-04:00,100.10253056196645,99.86976321735476,100.10458131001145,100.38896994742367,99.33148628149077
2026-08-10 15:39:00-04:00,100.02384617825153,99.88690569139553,100.15503531866631,100.39736473650566,99.35803217633674
2026-08-10 15:40:00-04:00,100.00715312579227,99.8766243906133,100.1719479497005,100.39177105710719,99.31477508864582
2026-08-10 15:41:00-04:00,100.01010751955795,99.88347510476625,100.18886918329369,100.3822575321455,99.32067350967512
2026-08-10 15:42:00-04:00,100.01430625158453,99.92803089452443,100.20296017496916,100.36658668986121,99.3365026395584
2026-08-10 15:43:00-04:00,99.96178935550846,99.89032581891921,100.23901349982381,100.40856063527117,99.33836877276299
2026-08-10 15:44:00-04:00,99.91534861409825,99.91088842048366,100.23396379767883,100.43095243280219,99.36490866718066
2026-08-10 15:45:00-04:00,99.93442846743224,99.95202408271814,100.21423812984496,100.40436751071445,99.31575315846044
2026-08-10 15:46:00-04:00,100.01669305245926,99.96915609765333,100.27625397782329,100.46732415884512,99.19581659738871
2026-08-10 15:47:00-04:00,100.05543490568208,100.00685071415296,100.29316660885746,100.50790608938186,99.16435635175638
2026-08-10 15:48:00-04:00,100.07033785748528,99.9588747968711,100.30443596117424,100.49811074545812,99.21056565017611
2026-08-10 15:49:00-04:00,100.11743351376965,99.96572551102406,100.29387201869714,100.51770143330562,99.19778473787458
2026-08-10 15:50:00-04:00,100.01669305245926,99.93831219530665,100.20296017496916,100.49811074545812,99.14469294818264
2026-08-10 15:51:00-04:00,100.0214593773768,100.02741331571742,100.22691830184108,100.4841137370091,99.24694024659479
2026-08-10 15:52:00-04:00,100.06915173387985,100.08911157951636,100.2649760229475,100.50650553454011,99.24694024659479
2026-08-10 15:53:00-04:00,100.04291875475359,100.10624359445154,100.31853555540873,100.46732415884512,99.31968943943218
2026-08-10 15:54:00-04:00,100.00416962469885,100.07539969210485,100.36081713299419,100.5037044248566,99.37867364972512
2026-08-10 15:55:00-04:00,99.77943194721328,100.10973693571427,100.62861479530038,100.39736473650566,99.65198115841508
2026-08-10 15:56:00-04:00,99.73234356776084,100.13195207595989,100.58632461515592,100.4029669558727,99.58373228681063
2026-08-10 15:57:00-04:00,99.6876347123512,100.18164328655638,100.6525729221723,100.44494090128265,99.4534089843333
2026-08-10 15:58:00-04:00,99.82355137923616,100.28103616685496,100.65679677865134,100.61004411320752,99.42586701838776
2026-08-10 15:59:00-04:00,99.86051040863487,100.34957468570127,100.78928479012508,100.69399200402744,99.4848512286807
2026-08-10 16:00:00-04:00,99.86051040863487,100.34957468570127,100.78928479012508,100.69399200402744,99.4848512286807
2026-08-11 13:30:00-04:00,100.0,100.0,100.00000000000001,100.00000000000001,100.0
2026-08-11 13:31:00-04:00,100.052050966192,100.02072597634266,99.93445257791285,99.98342406976757,100.01193506209208
2026-08-11 13:32:00-04:00,100.07334355868753,99.91018040771138,99.88043200630945,100.01103938414057,100.02387012418414
2026-08-11 13:33:00-04:00,100.11119946321584,99.9205433958827,99.87035590359825,100.00137360275949,100.07161037255243
2026-08-11 13:34:00-04:00,100.09641233895988,99.90327526299905,100.02016979024386,100.01380344368111,100.0825498343479
2026-08-11 13:35:00-04:00,100.1011416194226,99.89635957608105,100.03312980367866,100.01103938414057,100.08553663523767
2026-08-11 13:36:00-04:00,100.12775555497312,99.90327526299905,100.06338448904444,100.0096573543703,100.06862964239616
2026-08-11 13:37:00-04:00,100.10362539419997,99.90327526299905,100.06482644440625,99.9917078213784,100.07159216035187
2026-08-11 13:38:00-04:00,100.06624602785568,99.90327526299905,100.10372406953215,99.99033421861891,100.05967531046035
2026-08-11 13:39:00-04:00,100.07570458878112,99.88945443136872,100.05762546000794,100.01656750322165,100.0924997665803
2026-08-11 13:40:00-04:00,100.07808727970128,99.86872845502606,100.06050057832083,100.06350595334605,100.10244362807919
2026-08-11 13:41:00-04:00,100.0928599634062,99.88254928665638,100.02881273000398,100.06627001288659,100.13526808419914
2026-08-11 13:42:00-04:00,100.11592874367857,99.9205433958827,100.17286758761308,100.07040767518662,100.13725928479232
2026-08-11 13:43:00-04:00,100.1502322726532,99.90327526299905,100.19012708990108,100.05522220173523,100.10543042896896
2026-08-11 13:44:00-04:00,100.11179152580812,99.92744854059504,100.19303737785694,100.07040767518662,100.14024001494857
2026-08-11 13:45:00-04:00,100.13456427478434,99.91018040771138,100.10372406953215,100.0994050193299,100.16212500927305
2026-08-11 13:46:00-04:00,100.15969805385416,99.88945443136872,100.10948309856865,100.08560157564878,100.13526808419914
2026-08-11 13:47:00-04:00,100.166795584686,99.85490762339573,100.10084015880852,100.09112126771906,100.09647609703315
2026-08-11 13:48:00-04:00,100.25551833022176,99.83763949051207,100.10631783070126,100.11045283048125,100.06862964239616
2026-08-11 13:49:00-04:00,100.22594408170984,99.8480024786834,100.10659918784502,100.07731782403796,100.08454103494108
2026-08-11 13:50:00-04:00,100.2354098629108,99.86181276810807,100.06914351808093,100.07455376449742,100.07558670300527
2026-08-11 13:51:00-04:00,100.22594408170984,99.8480024786834,100.06914351808093,100.08283751610824,100.06961917195923
2026-08-11 13:52:00-04:00,100.18690405199696,99.8410867917654,100.07635329488998,100.07178970495688,100.08754604803141
2026-08-11 13:53:00-04:00,100.18690405199696,99.8410867917654,100.07778645784106,100.03451703621357,100.0924997665803
2026-08-11 13:54:00-04:00,100.21647830050888,99.82036081542275,100.0691786877239,100.02208719529195,100.08553663523767
2026-08-11 13:55:00-04:00,100.15543809129996,99.83418164705307,100.06914351808093,100.05524748276761,100.08155423405131
2026-08-11 13:56:00-04:00,100.17626136588696,99.83418164705307,100.06626839976806,100.07731782403796,100.08155423405131
2026-08-11 13:57:00-04:00,100.17330105292557,99.86181276810807,100.07312648014741,100.08835720817852,100.07161037255243
2026-08-11 13:58:00-04:00,100.17389311551784,99.90327526299905,100.0388976251259,100.1035511086407,100.0556989800075
2026-08-11 13:59:00-04:00,100.15260052302233,99.90327526299905,100.07202742880456,100.11320846301099,100.03431178583132
2026-08-11 14:00:00-04:00,100.16442733431688,99.89635957608105,100.05762546000794,100.12149221462182,100.06961917195923
2026-08-11 14:01:00-04:00,100.13308411830364,99.93781152876636,100.06626839976806,100.05522220173523,100.05370777941432
2026-08-11 14:02:00-04:00,100.0981813064612,99.93781152876636,100.06830823906039,100.04970250966495,100.03681899877336
2026-08-11 14:03:00-04:00,100.1585139286696,99.94472721568437,100.01152685048375,100.0800734565677,100.03580518627622
2026-08-11 14:04:00-04:00,100.18927230236608,99.92744854059504,100.0446566541624,100.04429236873499,100.04077711702566
2026-08-11 14:05:00-04:00,100.19636983319792,99.95163236039669,100.10181611640097,100.05357050761954,100.04535445009657
2026-08-11 14:06:00-04:00,100.18276683412653,99.96199534856802,100.06626839976806,100.06765204265686,99.97015627403631
2026-08-11 14:07:00-04:00,100.08280933988848,100.027631121055,99.93661551095558,100.09250329748933,99.96717554388006
2026-08-11 14:08:00-04:00,100.08044108951937,100.06217792902798,99.92221354215896,100.0800734565677,99.98408253672157
2026-08-11 14:09:00-04:00,100.01064268611,100.04145195268532,99.92653061583364,100.07731782403796,99.98607373731475
2026-08-11 14:10:00-04:00,99.97456296935853,100.06217792902798,99.89051690143137,100.11045283048125,100.00397633045286
2026-08-11 14:11:00-04:00,100.00591340564729,100.11053502642562,99.893400812155,100.16567503221647,100.02387012418414
2026-08-11 14:12:00-04:00,99.99290246916816,100.10362988171329,99.89051690143137,100.12977596623264,99.99800879940682
2026-08-11 14:13:00-04:00,100.00354515527816,100.12435585805595,99.89915984119149,100.13530408531372,100.01193506209208
2026-08-11 14:14:00-04:00,100.005321343055,100.15544482256993,99.9020437519151,100.13284339816178,99.98147819204328
2026-08-11 14:15:00-04:00,100.01301093647912,100.14508183439861,99.893400812155,100.13115799600291,99.99303686865738
2026-08-11 14:16:00-04:00,100.01714815434957,100.14853967785761,99.9020437519151,100.09112126771906,99.99701319911023
2026-08-11 14:17:00-04:00,100.03903280943737,100.12435585805595,99.91808990152062,100.09664095978935,99.98607373731475
2026-08-11 14:18:00-04:00,100.04021693462192,100.15890266602894,99.91068669167522,100.10956799434784,100.00497193074945
2026-08-11 14:19:00-04:00,100.10883121284672,100.2521695595709,99.91788767607353,100.0800734565677,100.0179025931381
2026-08-11 14:20:00-04:00,100.02366084286464,100.27635337937255,99.89484276751679,100.04555642035415,99.97216568683005
2026-08-11 14:21:00-04:00,99.98816596842993,100.22799628197491,99.86747199287464,100.04886823559632,99.97711940537894
2026-08-11 14:22:00-04:00,99.98284462537492,100.24180657139956,99.8098465328667,100.04721654148062,99.97015627403631
2026-08-11 14:23:00-04:00,99.95977584510257,100.22108059505692,99.81417239895212,100.0994050193299,99.98806493790794
2026-08-11 14:24:00-04:00,100.01693876635962,100.23490142668724,99.85162806871621,100.15187158853537,100.01523754112468
2026-08-11 14:25:00-04:00,100.06872980263306,100.27289553591356,99.84730220263079,100.18638862474893,100.02387012418414
2026-08-11 14:26:00-04:00,100.02483774777369,100.31090018734554,99.82425729407406,100.15187158853537,100.02187892359096
2026-08-11 14:27:00-04:00,99.93256984695977,100.34198915185952,99.81273044359031,100.14358783692454,100.0089482612023
2026-08-11 14:28:00-04:00,99.92547231612792,100.31780533205787,99.80264554846839,100.15463564807591,100.0
2026-08-11 14:29:00-04:00,99.86454763132726,100.20725976342658,99.7118902847818,100.10768877094071,99.85756845025223
2026-08-11 14:30:00-04:00,99.88880053678417,100.24872225831757,99.72053322454191,100.140823777384,99.90395492504648
2026-08-11 14:31:00-04:00,99.96687337593441,100.26944823466023,99.6865065949675,100.15739128060565,99.87567137759635
2026-08-11 14:32:00-04:00,99.92369612835108,100.24180657139956,99.7176493138183,100.13530408531372,99.8746939895003
2026-08-11 14:33:00-04:00,99.90536384881696,100.21071760688558,99.70151524010535,100.1270203337029,99.89058716984468
2026-08-11 14:34:00-04:00,99.94203562816072,100.26253254774223,99.68596146550145,100.15463564807591,99.92639235612089
2026-08-11 14:35:00-04:00,99.93375397214433,100.24180657139956,99.6686755859812,100.14910752899483,99.98509634921871
2026-08-11 14:36:00-04:00,99.93375397214433,100.19689677525525,99.68884537622506,100.16567503221647,99.9900500677676
2026-08-11 14:37:00-04:00,99.93729912742249,100.24180657139956,99.6542736171846,100.19052628704894,99.978297127681
2026-08-11 14:38:00-04:00,99.94380459566204,100.24180657139956,99.65685858594297,100.1877706545192,99.98706933761135
2026-08-11 14:39:00-04:00,99.93079365918292,100.27635337937255,99.62833600549351,100.19605440613002,99.93833348894647
2026-08-11 14:40:00-04:00,99.895898067616,100.25562740302989,99.57936227765643,100.16015534014619,99.98308693642498
2026-08-11 14:41:00-04:00,99.85685803790312,100.26937443922056,99.53470562349403,100.13254002577318,100.0377963868694
2026-08-11 14:42:00-04:00,99.88259109984075,100.26944823466023,99.48860701396983,100.16291939968673,100.07061477225584
2026-08-11 14:43:00-04:00,99.87992681817549,100.2521695595709,99.42093182848294,100.21786351006574,100.02088332329437
2026-08-11 14:44:00-04:00,99.9124613796488,100.2521695595709,99.35305441754896,100.2153859688922,100.02884205493359
2026-08-11 14:45:00-04:00,99.91659859751925,100.22799628197491,99.33590921660061,100.24990300510576,100.07260597284902
2026-08-11 14:46:00-04:00,99.91127725446425,100.20381246217325,99.36039608051915,100.22780738280304,100.10942497162236
2026-08-11 14:47:00-04:00,99.96687337593441,100.20035461871426,99.3344672612388,100.22366972050303,100.13128568301276
2026-08-11 14:48:00-04:00,99.96509718815757,100.20035461871426,99.33015018756412,100.25680472694633,100.17107327047535
2026-08-11 14:49:00-04:00,100.0,100.22280951678641,99.39785175028324,100.24990300510576,100.184003932864
2026-08-11 14:50:00-04:00,100.03489559156692,100.20035461871426,99.35751216979553,100.24023722372468,100.13427248390255
2026-08-11 14:51:00-04:00,99.98462081315176,100.16580781074127,99.36327999124276,100.1623632169743,100.17504960092819
2026-08-11 14:52:00-04:00,99.99112628139133,100.15890266602894,99.35751216979553,100.15187158853537,100.17107327047535
2026-08-11 14:53:00-04:00,99.95977584510257,100.13817668968628,99.3402262902753,100.1353293663461,100.13128568301276
2026-08-11 14:54:00-04:00,99.95623068982441,100.12089801459695,99.36472194660458,100.15600925083538,100.13327688360596
2026-08-11 14:55:00-04:00,99.91837478529608,100.11745071334362,99.33158335051517,100.13668611508399,100.08752783583085
2026-08-11 14:56:00-04:00,99.89234569206234,100.08636174882963,99.32006529244218,100.07593579426769,100.07956910419163
2026-08-11 14:57:00-04:00,99.91541447233469,100.05527278431565,99.33735117196241,100.10768877094071,100.07757790359845
2026-08-11 14:58:00-04:00,99.86868484919769,100.05527278431565,99.28548474099098,100.10078704910016,100.05768410986717
2026-08-11 14:59:00-04:00,99.9124613796488,100.0690830737403,99.28548474099098,100.0938853272596,100.05171657882113
2026-08-11 15:00:00-04:00,99.82609966420665,100.05872008556898,99.30133745756014,100.07178970495688,100.05768410986717
2026-08-11 15:01:00-04:00,99.82609966420665,100.04145195268532,99.30998039732026,100.08560157564878,100.07558670300527
2026-08-11 15:02:00-04:00,99.85389772494173,100.04835709739766,99.2826096226781,100.11320846301099,100.0825498343479
2026-08-11 15:03:00-04:00,99.85745010049541,100.027631121055,99.33158335051517,100.06030368924421,100.100452427486
2026-08-11 15:04:00-04:00,99.87105309956681,100.03453626576731,99.36039608051915,100.07455376449742,100.1481987465878
2026-08-11 15:05:00-04:00,99.83083616494488,100.04145195268532,99.36036970328692,100.03451703621357,100.17306447106853
2026-08-11 15:06:00-04:00,99.79474922791789,100.06563577248697,99.43674937540914,100.06348067231367,100.11338308987466
2026-08-11 15:07:00-04:00,99.82314657152077,100.06563577248697,99.36039608051915,100.06212392357578,99.97459398023636
2026-08-11 15:08:00-04:00,99.77878519875289,100.09672473700097,99.40649469004335,100.0586772761609,99.99800879940682
2026-08-11 15:09:00-04:00,99.76635910459053,100.12089801459695,99.39929370564505,100.0193231357514,100.03680078657281
2026-08-11 15:10:00-04:00,99.79593335310246,100.11745071334362,99.38632489979949,100.00275563252976,100.07161037255243
2026-08-11 15:11:00-04:00,99.84738503642666,100.12435585805595,99.35175314075903,100.01103938414057,100.02983765523018
2026-08-11 15:12:00-04:00,99.79830160347157,100.12435585805595,99.3344672612388,100.03175297667303,100.04177271732225
2026-08-11 15:13:00-04:00,99.85804216308769,100.16580781074127,99.3748068417265,99.9585728149351,100.04774024836829
2026-08-11 15:14:00-04:00,99.78469860440018,100.10362988171329,99.42378056956359,99.96962062608647,100.05370777941432
2026-08-11 15:15:00-04:00,99.78233035403105,100.08290390537064,99.43819133077093,99.98342406976757,100.04973144896147
2026-08-11 15:16:00-04:00,99.81722594559797,100.16580781074127,99.33590921660061,100.01103938414057,100.09050856598712
2026-08-11 15:17:00-04:00,99.7923881978243,100.12097181003662,99.30421257587302,99.96410093401617,100.08056470448824
2026-08-11 15:18:00-04:00,99.81190460254297,100.12435585805595,99.29269451780003,100.01103938414057,100.07956910419163
2026-08-11 15:19:00-04:00,99.85094463225585,100.21071760688558,99.26819886147074,100.02208719529195,100.06564284150639
2026-08-11 15:20:00-04:00,99.82728378939122,100.1761707989126,99.2826096226781,100.02208719529195,100.06166651105353
2026-08-11 15:21:00-04:00,99.85596994401472,100.15544482256993,99.24515395291401,100.05384017196496,100.07360157314561
2026-08-11 15:22:00-04:00,99.84029472587034,100.1602836949714,99.17312652410946,100.0289889171325,100.04873584866488
2026-08-11 15:23:00-04:00,99.82728378939122,100.21417545034458,99.24803786363763,100.0566042315055,100.0457490477751
2026-08-11 15:24:00-04:00,99.85211431688937,100.23144358322824,99.23218514706846,100.07455376449742,100.10940675942182
2026-08-11 15:25:00-04:00,99.83201306985393,100.22799628197491,99.26243983243424,100.06488798311632,100.13526808419914
2026-08-11 15:26:00-04:00,99.82255450892849,100.19344947400192,99.29269451780003,100.06350595334605,100.10343922837578
2026-08-11 15:27:00-04:00,99.85331288262496,100.17272349765926,99.2509129819505,100.02208719529195,100.0099438614989
2026-08-11 15:28:00-04:00,99.89116156687777,100.19689677525525,99.25668080339774,100.05798626127577,99.99800879940682
2026-08-11 15:29:00-04:00,99.86632381910408,100.20035461871426,99.21772163139666,100.03865469851358,100.05032638084602
2026-08-11 15:30:00-04:00,99.93020159659065,100.21417545034458,99.10254105066672,100.04693845012441,100.05768410986717
2026-08-11 15:31:00-04:00,99.94913315899257,100.24180657139956,99.13135378067068,100.07317173472715,100.05770839280123
2026-08-11 15:32:00-04:00,99.89767425539284,100.2222613220917,99.11118399042682,99.99165725931363,100.05967531046035
2026-08-11 15:33:00-04:00,99.86750794428865,100.24007764967007,99.0953400662684,100.01656750322165,100.09946289792293
2026-08-11 15:34:00-04:00,99.92665644131249,100.23490142668724,99.05644244114251,100.02485125483248,100.11437869017126
2026-08-11 15:35:00-04:00,99.91837478529608,100.2245384385159,99.10464243683423,100.05936829104604,100.15714700779009
2026-08-11 15:36:00-04:00,99.96509718815757,100.23144358322824,99.06364342554082,100.09664095978935,100.14421634540143
2026-08-11 15:37:00-04:00,99.99644762444633,100.22799628197491,99.08063915550655,100.04832047989468,100.17107327047535
2026-08-11 15:38:00-04:00,99.99526349926177,100.21444954769194,99.17601043483307,100.06903407242713,100.21682838898396
2026-08-11 15:39:00-04:00,99.9917183439836,100.21417545034458,99.1399967204308,100.08560157564878,100.20687845675155
2026-08-11 15:40:00-04:00,99.97752328231992,100.18999163054292,99.1010990953049,100.08076447145284,100.19096706420663
2026-08-11 15:41:00-04:00,99.98580493833633,100.22799628197491,99.10398300602853,100.08283751610824,100.18300833256741
2026-08-11 15:42:00-04:00,99.92428819094337,100.30053719917422,99.15439868922742,100.0994050193299,100.15516187793042
2026-08-11 15:43:00-04:00,99.95445450204757,100.29707935571521,99.13278694362175,100.08283751610824,100.16112940897646
2026-08-11 15:44:00-04:00,99.953270376863,100.26599039120123,99.13855476506899,100.06903407242713,100.19295826479981
2026-08-11 15:45:00-04:00,99.94854109640029,100.27635337937255,99.0492414567442,100.05936829104604,100.14421634540143
2026-08-11 15:46:00-04:00,100.0354876541592,100.28671636754389,99.09965713994309,100.0800734565677,100.16112940897646
2026-08-11 15:47:00-04:00,100.05678024665472,100.29707935571521,99.06364342554082,100.06903407242713,100.16112940897646
2026-08-11 15:48:00-04:00,100.03903280943737,100.2245384385159,99.08375166890947,100.06074189380551,100.15516187793042
2026-08-11 15:49:00-04:00,99.89825909770961,100.3316261636882,99.13869544364087,100.10768877094071,100.21682838898396
2026-08-11 15:50:00-04:00,100.03607971675149,100.24872225831757,99.08813028945936,99.98895218884864,99.9343510877601
2026-08-11 15:51:00-04:00,100.14136577432004,100.31090018734554,99.0492414567442,99.86468748767551,100.02685085434041
2026-08-11 15:52:00-04:00,100.14846330515188,100.3316261636882,98.98873208601265,99.86468748767551,100.03978151672906
2026-08-11 15:53:00-04:00,100.10646296247761,100.38689894800385,99.02618775577673,99.8508840439944,100.09150416628371
2026-08-11 15:54:00-04:00,100.10705502506988,100.4110827678055,99.15439868922742,99.85640373606468,100.22478104988966
2026-08-11 15:55:00-04:00,100.12657865006408,100.4076249243465,99.01178578698011,99.8508840439944,100.2406985131681
2026-08-11 15:56:00-04:00,100.13603721098953,100.38689894800385,98.9628032667323,99.82326872962139,100.21086085793792
2026-08-11 15:57:00-04:00,100.0272059981428,100.3281683202292,99.02042872674023,99.83431654077275,100.12730935255992
2026-08-11 15:58:00-04:00,99.97160987667264,100.3316261636882,99.01898677137842,99.93648561964316,100.2586011063062
2026-08-11 15:59:00-04:00,99.75157198033457,100.32126317551688,99.0492414567442,99.9627189042459,100.22080471943681
2026-08-11 16:00:00-04:00,99.75157198033457,100.32126317551688,99.0492414567442,99.9627189042459,100.22080471943681
2026-08-12 13:30:00-04:00,100.0,100.0,100.0,100.0,100.0
2026-08-12 13:31:00-04:00,100.0288363931051,100.0,99.97225715204915,100.00274273978799,100.01216150302817
2026-08-12 13:32:00-04:00,100.03229309940748,100.0034656254857,99.94889897521679,99.98219727741265,100.01824225454224
2026-08-12 13:33:00-04:00,100.029413684178,99.98961368947425,100.16207241658653,99.94930948599132,100.03243273671244
2026-08-12 13:34:00-04:00,100.05709549513728,100.0034656254857,100.08903912427779,99.94794647810888,100.02736647476937
2026-08-12 13:35:00-04:00,100.05247716655404,99.99654494044566,100.11534715098864,99.88629336695976,100.0070952410851
2026-08-12 13:36:00-04:00,100.1326431842024,99.97230669390846,100.15915821444071,99.89623579869125,100.02635198519836
2026-08-12 13:37:00-04:00,100.14590679860912,99.96932710126526,100.12410758129242,99.9136956788051,99.95743473940145
2026-08-12 13:38:00-04:00,100.15398183349475,99.97577231939417,100.02920440499032,99.8945132243122,99.94222976766025
2026-08-12 13:39:00-04:00,100.17070919433891,99.98649673972339,99.98101758235293,99.88426139815341,99.96554447005757
2026-08-12 13:40:00-04:00,100.17993881137035,99.96192038338272,99.96352345754488,99.89724760208865,100.01317599259919
2026-08-12 13:41:00-04:00,100.18916138826675,99.98961368947425,99.85252532994204,99.9109529390171,100.02027123368428
2026-08-12 13:42:00-04:00,100.18685926411017,100.0034656254857,99.87880662085338,99.89861897198266,100.04013419717533
2026-08-12 13:43:00-04:00,100.20646604018383,100.03116949750861,99.82770559607019,99.88080788738377,99.98927981447213
2026-08-12 13:44:00-04:00,100.18512739089145,100.03809018254866,99.79703963404037,99.90273308166465,99.8398652955799
2026-08-12 13:45:00-04:00,100.14187280123383,100.03462455706295,99.8247824819912,99.95752934334378,99.81554228952358
2026-08-12 13:46:00-04:00,100.22146152780927,100.01385193601146,99.79120231781557,99.96849194048421,99.81452779995256
2026-08-12 13:47:00-04:00,100.199545587444,100.0,99.77075834312903,99.95890071323777,99.80540976563745
2026-08-12 13:48:00-04:00,100.0403681342931,100.0519421185601,99.78974076077608,99.91919788240419,99.6724374008901
2026-08-12 13:49:00-04:00,100.16378874159909,100.05539717811446,99.70651221692357,99.97396905804867,99.71622128615627
2026-08-12 13:50:00-04:00,100.19377971684999,100.05886280360016,99.66271006540467,99.9904171347651,99.73243456155649
2026-08-12 13:51:00-04:00,100.20877520447544,100.02423824653721,99.62912990122904,99.9863030250831,99.72838278918444
2026-08-12 13:52:00-04:00,100.17993881137035,100.03462455706295,99.66124850836518,99.98219727741265,99.7030452935571
2026-08-12 13:53:00-04:00,100.17993881137035,100.0450108675887,99.63350566041434,99.96301482291977,99.69189828009996
2026-08-12 13:54:00-04:00,100.13842313506647,100.0450108675887,99.66271006540467,99.94930948599132,99.66757527404364
2026-08-12 13:55:00-04:00,100.05363174869984,100.0450108675887,99.60430125542402,99.9211713171297,99.6574365642455
2026-08-12 13:56:00-04:00,100.10150466694071,100.03116949750861,99.62766834418954,99.9849316551891,99.66656078447262
2026-08-12 13:57:00-04:00,100.07035910954401,100.0034656254857,99.6451892047971,100.01233396703444,99.64730404035937
2026-08-12 13:58:00-04:00,100.08765672132604,99.99654494044566,99.67730781193325,100.02877368173932,99.70811155550017
2026-08-12 13:59:00-04:00,100.05536362191856,99.95153407285696,99.64956496398241,100.00411410968199,99.74966851243973
2026-08-12 14:00:00-04:00,100.09112046776347,99.98615862991991,99.64956496398241,100.00137136989399,99.7030452935571
2026-08-12 14:01:00-04:00,99.98384993022874,100.03116949750861,99.7882792037366,99.99726562222355,99.7334490511275
2026-08-12 14:02:00-04:00,99.98038618379131,100.04155580803436,99.82770559607019,99.99591933836419,99.77804329086808
2026-08-12 14:03:00-04:00,99.98269534808293,100.07271473961161,99.87296930462858,99.97945453762466,99.79243790813489
2026-08-12 14:04:00-04:00,99.97751380869686,100.09411075061328,99.85544844402102,99.95752934334378,99.79223377303828
2026-08-12 14:05:00-04:00,99.95040224867545,100.07271473961161,99.86713198840378,99.99863699211754,99.77701024356101
2026-08-12 14:06:00-04:00,99.96077940771767,100.0900217351774,99.8583715581,100.03151642152733,99.73243456155649
2026-08-12 14:07:00-04:00,99.93770888520659,100.0934873606631,99.79557807700088,100.02603094195133,99.72856218063296
2026-08-12 14:08:00-04:00,99.89849533305929,100.07963542465166,99.79996274811936,100.04521339644421,99.77297702892503
2026-08-12 14:09:00-04:00,99.91406811175764,100.03815357813681,99.83482623067113,100.03154150756197,99.78919030432523
2026-08-12 14:10:00-04:00,99.8396679647033,100.08310105013736,99.86713198840378,100.03151642152733,99.79529579948738
2026-08-12 14:11:00-04:00,99.91233623853893,100.09694242021745,99.88465284901135,100.00685684947,99.81351949629357
2026-08-12 14:12:00-04:00,99.92733172616437,100.1350326027661,99.91385725400167,99.97945453762466,99.78716751109522
2026-08-12 14:13:00-04:00,99.9479874823583,100.12811191772606,99.96291744608948,100.01720901976738,99.79020479389624
2026-08-12 14:14:00-04:00,99.98961580082275,100.11425998171461,99.95181317736261,100.00685684947,99.74662504372667
2026-08-12 14:15:00-04:00,100.01729761178203,100.04155580803436,99.95912096256006,99.96438619281376,99.76081552589686
2026-08-12 14:16:00-04:00,100.01845219392784,100.03116949750861,99.96013692294117,99.95479496556732,99.7628445050389
2026-08-12 14:17:00-04:00,99.98269534808293,100.0450108675887,99.93575387379454,100.02192519428088,99.72331652724137
2026-08-12 14:18:00-04:00,99.95328166390495,100.0450108675887,99.93721543083403,100.03425079930378,99.72433101681239
2026-08-12 14:19:00-04:00,99.97635218641602,100.05886280360016,99.98831645561722,100.07070080764488,99.74763953329769
2026-08-12 14:20:00-04:00,99.92271339758113,100.06232842908587,99.97518026612813,100.05206188390267,99.70811155550017
2026-08-12 14:21:00-04:00,99.96366586308218,100.02423824653721,99.94889897521679,100.0657672208311,99.7486540228687
2026-08-12 14:22:00-04:00,99.96049076218121,100.02078318698287,100.07446811354872,100.02877368173932,99.80743874477949
2026-08-12 14:23:00-04:00,99.98384993022874,100.0450108675887,100.13432956863569,100.02740231184534,99.80338078649542
2026-08-12 14:24:00-04:00,100.0092225768964,100.01731756149717,100.20003725188063,100.03014505163333,99.82973277169377
2026-08-12 14:25:00-04:00,100.02306348237605,99.99307931495996,100.21464391034237,100.05343325379667,99.77774018117918
2026-08-12 14:26:00-04:00,99.9394407584253,100.0519421185601,100.16207241658653,100.11097225526377,99.7458579906364
2026-08-12 14:27:00-04:00,99.91175894746601,100.07963542465166,100.16791864474449,100.15207990403755,99.72230203767036
2026-08-12 14:28:00-04:00,99.87023623102709,100.06578348864021,100.14747467005795,100.14522305456755,99.7790577804391
2026-08-12 14:29:00-04:00,99.80044737242096,100.07271473961161,100.12410758129242,100.12330622229823,99.75373884254782
2026-08-12 14:30:00-04:00,99.83764744594814,100.06578348864021,100.18543950535205,100.12467759219221,99.75169130566974
2026-08-12 14:31:00-04:00,99.83505667625509,100.07963542465166,100.19419993565583,100.11371499505178,99.75678231126088
2026-08-12 14:32:00-04:00,99.81659744219222,100.05886280360016,100.24964998382484,100.13837456710911,99.75676375352482
2026-08-12 14:33:00-04:00,99.81659744219222,100.08310105013736,100.24968563155751,100.11645773483977,99.70405978312812
2026-08-12 14:34:00-04:00,99.79081646769251,100.11425998171461,100.2626792301159,100.14111730689712,99.74989120527238
2026-08-12 14:35:00-04:00,99.76584510872186,100.10040804570315,100.3022482133802,100.11374008108642,99.7334490511275
2026-08-12 14:36:00-04:00,99.82582705922366,100.14888453877755,100.3022482133802,100.16851961874244,99.79121928346726
2026-08-12 14:37:00-04:00,99.76007923812784,100.10200350133834,100.24383940339953,100.15345127393155,99.7790577804391
2026-08-12 14:38:00-04:00,99.7750747257533,100.10387367118885,100.24678925327802,100.15501497009117,99.75771638397565
2026-08-12 14:39:00-04:00,99.8090996983795,100.10733929667455,100.32999106133103,100.13289744954466,99.77094804978299
2026-08-12 14:40:00-04:00,99.91579294484131,100.0900217351774,100.39861294672178,100.16029976139,99.77702880129706
2026-08-12 14:41:00-04:00,99.92502256187275,100.06578348864021,100.389852516418,100.14933716424956,99.8094615380095
2026-08-12 14:42:00-04:00,99.98384993022874,100.07984674327884,100.37838285843127,100.161671131284,99.80338078649542
2026-08-12 14:43:00-04:00,99.99077038296856,100.07271473961161,100.40737337702556,100.17673947609488,99.81398343969494
2026-08-12 14:44:00-04:00,99.9740430221244,100.0865561096917,100.41175804814404,100.16290034698167,99.8175712686656
2026-08-12 14:45:00-04:00,99.93540676105,100.03809018254866,100.40445917487975,100.14659442446155,99.79121928346726
2026-08-12 14:46:00-04:00,99.91463836269551,100.06578348864021,100.39773957727135,100.154814281814,99.82770379255173
2026-08-12 14:47:00-04:00,99.78199517849312,100.08310105013736,100.40150932500126,100.154814281814,99.83784250234989
2026-08-12 14:48:00-04:00,99.81717473326512,100.07963542465166,100.35773390928186,100.18495933344734,99.86317999797721
2026-08-12 14:49:00-04:00,99.86792706673548,100.0450108675887,100.308085529605,100.18495933344734,99.8712835427213
2026-08-12 14:50:00-04:00,99.8742702284024,100.03809018254866,100.31393175776296,100.17399673630689,99.9006789966327
2026-08-12 14:51:00-04:00,99.8090996983795,100.02423824653721,100.33875149163481,100.15095103247847,99.90270178986272
2026-08-12 14:52:00-04:00,99.72873655695015,100.0450108675887,100.37525476988942,100.17947385387133,99.89966450706169
2026-08-12 14:53:00-04:00,99.72663155657456,100.0034656254857,100.33436682051634,100.17125399651889,99.87331252186334
2026-08-12 14:54:00-04:00,99.70240645191767,100.02770387202291,100.35627235224237,100.19317919079978,99.86317999797721
2026-08-12 14:55:00-04:00,99.6147426904566,100.0519421185601,100.37963052907473,100.21099027539867,99.87534150100537
2026-08-12 14:56:00-04:00,99.61820643689403,100.07616979916595,100.37963052907473,100.16714824884845,99.86621728077824
2026-08-12 14:57:00-04:00,99.57091080972606,99.98961368947425,100.38109208611422,100.16622006556653,99.86317999797721
2026-08-12 14:58:00-04:00,99.61705889488326,99.93768213684551,100.40299761784026,100.17811084598888,99.86824625992027
2026-08-12 14:59:00-04:00,99.58244959104911,99.94204586649671,100.389852516418,100.17947385387133,99.91284049966086
2026-08-12 15:00:00-04:00,99.63779913269761,99.97922737894851,100.47454261731,100.1902190387115,100.02128572325529
2026-08-12 15:01:00-04:00,99.68164509369821,100.01038631052576,100.47746573138897,100.20139904815223,99.97162522157164
2026-08-12 15:02:00-04:00,99.68625638214641,99.98961368947425,100.45994487078141,100.25071819226689,99.9837867245998
2026-08-12 15:03:00-04:00,99.61013140200839,99.97922737894851,100.48037993353479,100.21646739296311,100.02432300605632
2026-08-12 15:04:00-04:00,99.57840855353878,99.97577231939417,100.47454261731,100.24524107470245,99.98074325588675
2026-08-12 15:05:00-04:00,99.57305805091187,99.93491386282949,100.46285907292723,100.23975559512645,100.0304037575704
2026-08-12 15:06:00-04:00,99.58937004378893,99.93768213684551,100.45409864262345,100.25071819226689,100.01824225454224
2026-08-12 15:07:00-04:00,99.48324704826499,99.94461338781691,100.4672437440457,100.27537776432423,100.01824225454224
2026-08-12 15:08:00-04:00,99.40596748598115,99.94806844737126,100.49936235118184,100.26578653707779,100.02938926799939
2026-08-12 15:09:00-04:00,99.28831274926918,99.98615862991991,100.51250745260411,100.29181747902912,100.01368323738468
2026-08-12 15:10:00-04:00,99.31369243607188,99.97922737894851,100.50663448864664,100.27264338654777,99.9452732363733
2026-08-12 15:11:00-04:00,99.27331726164373,99.97922737894851,100.55338649004403,100.2548323019489,99.94121527808923
2026-08-12 15:12:00-04:00,99.06223993301171,100.02770387202291,100.55630960412302,100.21236164529266,99.89054028683456
2026-08-12 15:13:00-04:00,99.10491723159643,100.01731756149717,100.54901073085873,100.21509602306911,99.89459824511863
2026-08-12 15:14:00-04:00,99.08069212693955,99.98269300443421,100.54462605974025,100.18766862518913,99.92500200268903
2026-08-12 15:15:00-04:00,99.08300129123117,99.95983889490502,100.49644814903603,100.18906508111777,99.96959624242962
2026-08-12 15:16:00-04:00,99.12515057968824,99.94806844737126,100.48914036383857,100.20277041804621,99.97061073200062
2026-08-12 15:17:00-04:00,99.11760355493027,99.97230669390846,100.451469622339,100.21671825330958,99.95540576025942
2026-08-12 15:18:00-04:00,99.14586265696245,99.98961368947425,100.41059058489908,100.22468725031555,99.93614901614616
2026-08-12 15:19:00-04:00,99.26524926689314,99.97577231939417,100.4397949898894,100.20687616571666,99.96959624242962
2026-08-12 15:20:00-04:00,99.21507422449568,100.02078318698287,100.48330304761377,100.18230021377482,100.02838096434039
2026-08-12 15:21:00-04:00,99.08184670908535,100.0450108675887,100.42490314956629,100.17947385387133,100.02230021282631
2026-08-12 15:22:00-04:00,99.12336942552427,100.03047214603893,100.43295953714983,100.18084522376533,100.06993173536793
2026-08-12 15:23:00-04:00,99.14701723910827,100.01385193601146,100.4745158815105,100.17947385387133,100.07702697645303
2026-08-12 15:24:00-04:00,99.00572172894734,99.99654494044566,100.48330304761377,100.12193485240422,100.16418647679217
2026-08-12 15:25:00-04:00,99.04262611680302,100.0,100.52270270414787,100.08357830543,100.17634797982032
2026-08-12 15:26:00-04:00,99.05762160442848,99.96884106842276,100.49206347791755,100.10412376780533,100.22905195021703
2026-08-12 15:27:00-04:00,99.01956263442698,99.96538600886842,100.47746573138897,100.13832439503982,100.24324243238722
2026-08-12 15:28:00-04:00,98.99418294762428,99.92729582631976,100.46023005264279,100.1438600466851,100.25236046670233
2026-08-12 15:29:00-04:00,99.02878521132338,100.01731756149717,100.44242401017385,100.12604896208622,100.18750117918948
2026-08-12 15:30:00-04:00,98.86615105187009,100.0,100.53853029745359,100.18197409532442,100.2047289441607
2026-08-12 15:31:00-04:00,98.87422608675573,100.02423824653721,100.49498659199654,100.20629918691981,100.18850948284849
2026-08-12 15:32:00-04:00,98.85000098209883,100.04155580803436,100.46285907292723,100.21921013275112,100.1721353737358
2026-08-12 15:33:00-04:00,98.85000098209883,100.01038631052576,100.3618244866058,100.24112696502044,100.16824443507623
2026-08-12 15:34:00-04:00,98.82923962387937,100.0450108675887,100.46285907292723,100.22880135999756,100.17229620744828
2026-08-12 15:35:00-04:00,98.93363074618462,100.0865561096917,100.46923110514209,100.19865630836422,100.14797320139196
2026-08-12 15:36:00-04:00,98.99418294762428,100.0934873606631,100.42490314956629,100.22331588042155,100.15506844247706
2026-08-12 15:37:00-04:00,98.98763562204134,100.09694242021745,100.43103455958563,100.23975559512645,100.0902029690522
2026-08-12 15:38:00-04:00,98.95842610177937,100.11425998171461,100.41613380732935,100.25620367184288,100.04256526059856
2026-08-12 15:39:00-04:00,98.9964921119159,100.06232842908587,100.4730810602705,100.26715790697178,100.07301231955309
2026-08-12 15:40:00-04:00,99.01148759954135,100.01038631052576,100.47892728842847,100.27127201665378,100.04256526059856
2026-08-12 15:41:00-04:00,98.91574880319465,100.05878884208065,100.50667013637931,100.21783876285711,100.02635198519836
2026-08-12 15:42:00-04:00,98.84192594721321,100.03809018254866,100.48479134045277,100.19043645101178,100.00912422022714
2026-08-12 15:43:00-04:00,98.87652821091231,100.01038631052576,100.62928942483273,100.20687616571666,100.01419048217019
2026-08-12 15:44:00-04:00,98.94458519629973,100.01038631052576,100.67604142623013,100.18358796355334,100.0668944525669
2026-08-12 15:45:00-04:00,98.93477828819539,100.03116949750861,100.559232718202,100.21509602306911,100.1277019677077
2026-08-12 15:46:00-04:00,98.90998293260063,100.0519421185601,100.4730810602705,100.21372465317512,100.07905595559505
2026-08-12 15:47:00-04:00,98.90767376830901,99.99654494044566,100.5971975534961,100.23975559512645,100.16216368356216
2026-08-12 15:48:00-04:00,98.95035106689375,99.98961368947425,100.64377131623014,100.25620367184288,100.1358116983638
2026-08-12 15:49:00-04:00,99.07261709205392,99.98393978433455,100.57383046473058,100.21372465317512,100.14189244987789
2026-08-12 15:50:00-04:00,99.02878521132338,100.05539717811446,100.43074046579109,100.156185651708,100.1135114855375
2026-08-12 15:51:00-04:00,98.9318988729659,99.96884106842276,100.3781778839684,100.16851961874244,100.15607674613605
2026-08-12 15:52:00-04:00,98.90882835045483,99.95845475789702,100.38690266653951,100.12864954767788,100.16114919399114
2026-08-12 15:53:00-04:00,98.76464638492938,99.92037514127972,100.40153606080077,100.12742033198022,100.16824443507623
2026-08-12 15:54:00-04:00,98.75772593218956,99.91344389030832,100.3840152001932,100.04932750612622,100.08817398991016
2026-08-12 15:55:00-04:00,98.79117361374286,99.94461338781691,100.33291417541001,100.06165311114911,99.96554447005757
2026-08-12 15:56:00-04:00,98.95381481333118,99.83727409114236,100.32560639021256,100.06165311114911,99.87331252186334
2026-08-12 15:57:00-04:00,98.87883737520393,99.85112602715381,100.33436682051634,100.0643958509371,99.73952980264157
2026-08-12 15:58:00-04:00,98.92036009164285,99.84767096759947,100.33145261837052,100.11577204989277,99.77500600806705
2026-08-12 15:59:00-04:00,98.68966894680213,99.76803554294783,100.32415374510623,100.07261570828955,99.8175712686656
2026-08-12 16:00:00-04:00,98.68966894680213,99.76803554294783,100.32415374510623,100.07261570828955,99.8175712686656
2026-08-13 13:30:00-04:00,100.0,100.0,100.00000000000001,100.00000000000001,100.0
2026-08-13 13:31:00-04:00,99.88651722742136,99.98265938360778,99.99855243521002,99.96144218824787,99.99393246993347
2026-08-13 13:32:00-04:00,99.9490472528949,99.9965382285957,99.980334302731,99.9683266111441,99.93830624311809
2026-08-13 13:33:00-04:00,99.89462414945348,99.96878053861988,99.97541787841375,99.95042206808064,99.87358797989579
2026-08-13 13:34:00-04:00,99.88072858823713,99.98265938360778,99.96674131628832,99.94353764518442,99.8978581001619
2026-08-13 13:35:00-04:00,99.83382576818035,99.97225289648108,100.00722899733543,99.90634999330051,99.89381513760485
2026-08-13 13:36:00-04:00,99.85408953929289,99.96184640935437,100.00081204854074,99.91737011346774,99.86953884487683
2026-08-13 13:37:00-04:00,99.8135619970678,99.95497579883022,99.99277100266458,99.81132142084402,99.87460026365054
2026-08-13 13:38:00-04:00,99.85872610498868,99.96878053861988,99.98987587308459,99.88293959309783,99.82201088809937
2026-08-13 13:39:00-04:00,99.84946004153261,99.95491228008886,99.98842830829459,99.90910712481451,99.86347131481031
2026-08-13 13:40:00-04:00,99.83208705604441,99.93062694797425,99.98389142840398,99.97521103404033,99.852348538432
2026-08-13 13:41:00-04:00,99.83556448031626,99.96184640935437,99.97831300799375,100.00964155441024,99.82099860434462
2026-08-13 13:42:00-04:00,99.81703235340413,99.97572525434228,99.99855243521002,100.005514263028,99.82302317185412
2026-08-13 13:43:00-04:00,99.85293746580444,99.9930658707345,99.99277100266458,100.01239868592423,99.852348538432
2026-08-13 13:44:00-04:00,99.81008457279596,99.96184640935437,99.97399679346746,100.01928310882046,99.86549588231979
2026-08-13 13:45:00-04:00,99.86567388559685,99.986131741469,100.02458212158628,99.96419931976186,99.88976600258589
2026-08-13 13:46:00-04:00,99.85408953929289,99.98265938360778,99.97975174616917,99.94904350232365,99.87156341238631
2026-08-13 13:47:00-04:00,99.86741259773277,99.98265938360778,99.98409444053917,99.96419931976186,99.90999316029495
2026-08-13 13:48:00-04:00,99.84772132939669,99.96982859785237,99.99852595536629,99.94904350232365,99.9676377821579
2026-08-13 13:49:00-04:00,99.87030338335713,100.01040648712672,99.99566613224458,99.94215907942741,99.95347815451535
2026-08-13 13:50:00-04:00,99.9027310714856,99.9930658707345,99.97252274883375,99.9683266111441,99.9668044997988
2026-08-13 13:51:00-04:00,99.83093498255599,100.01735120284911,99.9745793500293,99.96144218824787,100.00101228375473
2026-08-13 13:52:00-04:00,99.74408419098609,100.03121946138013,99.99566613224458,99.97246230841509,100.01719030644483
2026-08-13 13:53:00-04:00,99.73233728216535,100.03121946138013,100.02169581862084,100.004135697271,100.01719030644483
2026-08-13 13:54:00-04:00,99.7139747857055,100.01387884498791,100.02915430793517,100.01047373739769,99.98482808860273
2026-08-13 13:55:00-04:00,99.64912647738406,100.03816417710254,100.01880068904084,99.99036685147854,99.98401949609132
2026-08-13 13:56:00-04:00,99.66070375575251,100.03121946138013,100.02024825383084,100.002757131514,99.930220318004
2026-08-13 13:57:00-04:00,99.7539227572186,100.03469181924133,100.03760137808169,99.98623115420754,99.99898771624525
2026-08-13 13:58:00-04:00,99.75566146935454,100.04509830636805,100.03760137808169,99.98485258845055,99.99898771624525
2026-08-13 13:59:00-04:00,99.73481812753002,100.03816417710254,100.0448303754171,100.002757131514,99.93830624311809
2026-08-13 14:00:00-04:00,99.76318882067467,100.06591128062146,100.02458212158628,100.07685504095265,99.97673599102671
2026-08-13 14:01:00-04:00,99.71744514204183,100.05897715135596,100.03037238074627,100.08263829242104,99.8978581001619
2026-08-13 14:02:00-04:00,99.71628600061788,100.09366897059729,100.04194407245168,100.0964071382135,99.92821426788028
2026-08-13 14:03:00-04:00,99.76434796209863,100.12141607411621,100.07665032095336,100.11155454976296,99.90695630903072
2026-08-13 14:04:00-04:00,99.7649275328106,100.14917376409204,100.11135656945505,100.1349733558544,99.90190106271893
2026-08-13 14:05:00-04:00,99.79155951381934,100.13876727696532,100.15043199217045,100.16526817895331,99.92516507169222
2026-08-13 14:06:00-04:00,99.69371101459296,100.14390170855887,100.11427817887876,100.20383439659422,99.92415278793747
2026-08-13 14:07:00-04:00,99.72669706962687,100.14917376409204,100.16196837741758,100.19628590848576,99.94336766189178
2026-08-13 14:08:00-04:00,99.65607425799223,100.19079971259887,100.15040551232673,100.2231090995259,99.93123260175874
2026-08-13 14:09:00-04:00,99.70412915153746,100.2046679711299,100.18221663124841,100.18867857915599,99.91201772780443
2026-08-13 14:10:00-04:00,99.71165650285761,100.19426148400318,100.169197374753,100.19557140794099,99.9544904382701
2026-08-13 14:11:00-04:00,99.71165650285761,100.18732735473768,100.20391244986925,100.25341232851358,99.92819575049452
2026-08-13 14:12:00-04:00,99.71165650285761,100.21508504471349,100.20679875283467,100.29748440329371,99.94235537813705
2026-08-13 14:13:00-04:00,99.73365898610606,100.21508504471349,100.2212655741201,100.31125324908616,99.930220318004
2026-08-13 14:14:00-04:00,99.7753456697551,100.20120619972559,100.20101732028925,100.2616753171668,99.97673599102671
2026-08-13 14:15:00-04:00,99.82108934838794,100.19079971259887,100.10268000732962,100.24239220834635,99.97673599102671
2026-08-13 14:16:00-04:00,99.80024600656343,100.18039322547216,100.07665032095336,100.2272447967969,99.92314050418274
2026-08-13 14:17:00-04:00,99.81877106554005,100.17692086761096,100.0506206345771,100.2258662310399,99.9060489571286
2026-08-13 14:18:00-04:00,99.73018156183423,100.15958025121874,100.09108183578049,100.17904543063453,99.87405091453972
2026-08-13 14:19:00-04:00,99.72960905905776,100.16651438048426,100.09978487774963,100.18592985353075,99.89581501526665
2026-08-13 14:20:00-04:00,99.76087053782678,100.17344850974976,100.07809788574336,100.16940387622431,99.88673532378358
2026-08-13 14:21:00-04:00,99.78866166025946,100.18385499687648,100.07005683986722,100.11844737854794,99.82868331943398
2026-08-13 14:22:00-04:00,99.80484016464615,100.17692086761096,100.0838793182888,100.1322162243404,99.86245903105556
2026-08-13 14:23:00-04:00,99.70145747191397,100.17102421112106,100.06507862924795,100.13772208147964,99.8149310742781
2026-08-13 14:24:00-04:00,99.64991101822588,100.21161268685229,100.06797375882795,100.112966739075,99.76537854999117
2026-08-13 14:25:00-04:00,99.72323378122606,100.18732735473768,100.06507862924795,100.0964071382135,99.78863638650252
2026-08-13 14:26:00-04:00,99.78345259178722,100.18039322547216,100.07375519137337,100.14047921299363,99.76604517587843
2026-08-13 14:27:00-04:00,99.74002719600226,100.19079971259887,100.14172012358674,100.11293311551995,99.75627416866041
2026-08-13 14:28:00-04:00,99.79503693809117,100.21389936154138,100.17845649344025,100.17215260184953,99.72492423457305
2026-08-13 14:29:00-04:00,99.78693001605906,100.21508504471349,100.1865593256184,100.1666467447103,99.74110842972506
2026-08-13 14:30:00-04:00,99.79155951381934,100.19773384186438,100.20679875283467,100.18041559050276,99.80582669294736
2026-08-13 14:31:00-04:00,99.79618901157961,100.19079971259887,100.25162912825178,100.15976232181409,99.81695564178759
2026-08-13 14:32:00-04:00,99.76955703057088,100.12488843197741,100.13440286010558,100.16251945332807,99.87156341238631
2026-08-13 14:33:00-04:00,99.72092256631367,100.07979012560938,100.14751038274673,100.12671036720117,100.09101295099786
2026-08-13 14:34:00-04:00,99.73713641037791,100.07979012560938,100.14028138541131,100.13772208147964,100.1162953550187
2026-08-13 14:35:00-04:00,99.70644743438535,100.06938363848266,100.11569043721047,100.14461491026462,100.19930262290744
2026-08-13 14:36:00-04:00,99.64564905311222,100.04509830636805,100.11280413424505,100.12397845335346,100.23562756130164
2026-08-13 14:37:00-04:00,99.64159912606391,100.04121307668798,100.0795366239188,100.08814414956026,100.32159143844966
2026-08-13 14:38:00-04:00,99.64738776524814,100.05204302209044,100.03760137808169,100.07161817225382,100.38934655293617
2026-08-13 14:39:00-04:00,99.6479673359601,100.07285599634386,100.05495450233254,100.07712402939305,100.45204642111091
2026-08-13 14:40:00-04:00,99.51595243646933,100.0971307420016,100.05350693754254,100.09090128107427,100.46216308619638
2026-08-13 14:41:00-04:00,99.4742657528203,100.08672425487488,100.05640206712253,100.07712402939305,100.5511576421467
2026-08-13 14:42:00-04:00,99.44183806469182,100.07979012560938,100.08335854802897,100.07712402939305,100.47732882513174
2026-08-13 14:43:00-04:00,99.4360494255076,100.09019661273608,100.04194407245168,100.05371362919037,100.4732858625747
2026-08-13 14:44:00-04:00,99.44010642049142,100.07285599634386,100.01157169170543,100.07988116090705,100.4864332064625
2026-08-13 14:45:00-04:00,99.46615883078819,100.06591128062146,100.01880068904084,100.08538701804628,100.37927309508412
2026-08-13 14:46:00-04:00,99.56806432499837,100.07285599634386,99.99855243521002,100.06473374935759,100.30440113200483
2026-08-13 14:47:00-04:00,99.57327339347063,100.06598538581973,100.00722899733543,100.05233506343336,100.29225989940986
2026-08-13 14:48:00-04:00,99.5738529641826,100.05204302209044,99.97831300799375,100.03030322898768,100.20427762721428
2026-08-13 14:49:00-04:00,99.56574604215048,100.07285599634386,99.97252274883375,100.00215190752313,100.36305186516059
2026-08-13 14:50:00-04:00,99.4997385924051,100.06591128062146,99.97541787841375,100.09090128107427,100.32867125227092
2026-08-13 14:51:00-04:00,99.48990002617256,100.04163653496374,99.98907265115844,100.09365841258827,100.32765896851618
2026-08-13 14:52:00-04:00,99.45573362590817,100.05044446709947,100.02458212158628,100.03994478339791,100.2690020628985
2026-08-13 14:53:00-04:00,99.41983558144337,100.05210654083182,100.0506206345771,100.05151128633467,100.32867125227092
2026-08-13 14:54:00-04:00,99.45226326957184,100.06591128062146,100.03904894287169,100.04682920629413,100.35698433509407
2026-08-13 14:55:00-04:00,99.43026078632337,100.06591128062146,100.05932367654624,100.04132334915491,100.34282470745153
2026-08-13 14:56:00-04:00,99.37467854145801,100.04509830636805,100.05205937275254,100.00232002529837,100.4196842032688
2026-08-13 14:57:00-04:00,99.36309419515405,100.03898992074026,100.0462779402071,99.97521103404033,100.4277763008448
2026-08-13 14:58:00-04:00,99.23339757851116,100.03816417710254,100.01880068904084,99.99725127437478,100.47024901131047
2026-08-13 14:59:00-04:00,99.2137133781106,100.06938363848266,100.01301925649543,100.005514263028,100.50682084818145
2026-08-13 15:00:00-04:00,99.21023595383875,100.05550479349476,99.99277100266458,100.04132334915491,100.48036567639596
2026-08-13 15:01:00-04:00,99.20155652903017,100.09366897059729,99.97831300799375,100.10742725838072,100.46519376499869
2026-08-13 15:02:00-04:00,99.19749953404636,100.07979012560938,100.02747725116627,100.09090128107427,100.39338951549321
2026-08-13 15:03:00-04:00,99.24613399830356,100.06591128062146,100.03037238074627,100.08263829242104,100.46216308619638
2026-08-13 15:04:00-04:00,99.10833045962856,100.05204302209044,100.06507862924795,100.0964071382135,100.51677085679512
2026-08-13 15:05:00-04:00,99.18534268496593,100.03816417710254,100.06507862924795,100.07575386952482,100.45204642111091
2026-08-13 15:06:00-04:00,99.24613399830356,100.1006030998628,100.0824317534988,100.10742725838072,100.49250073652901
2026-08-13 15:07:00-04:00,99.25019099328738,100.09019661273608,100.07375519137337,100.12945909282641,100.50362351290732
2026-08-13 15:08:00-04:00,99.29940502825654,100.07285599634386,100.10268000732962,100.08814414956026,100.51272789423807
2026-08-13 15:09:00-04:00,99.26582526663964,100.08672425487488,100.12581456412589,100.10467012686672,100.53801029825891
2026-08-13 15:10:00-04:00,99.29708674540865,100.08326248347058,100.08821318604421,100.10208111312797,100.4975559828408
2026-08-13 15:11:00-04:00,99.2305067928868,100.08672425487488,100.09688974816963,100.08538701804628,100.55317603719426
2026-08-13 15:12:00-04:00,99.08169847861981,100.12141607411621,100.12292826116047,100.08263829242104,100.6276097554773
2026-08-13 15:13:00-04:00,99.00700453613034,100.11100958698951,100.06652619403795,100.05233506343336,100.55014535839196
2026-08-13 15:14:00-04:00,99.01569102887443,100.14917376409204,100.07086006179337,100.04682920629413,100.60071016643364
2026-08-13 15:15:00-04:00,98.95663135973722,100.17692086761096,100.06797375882795,100.06542303223608,100.55520060470374
2026-08-13 15:16:00-04:00,98.94320935020016,100.18039322547216,100.07665032095336,100.09090128107427,100.5329488794852
2026-08-13 15:17:00-04:00,98.96937484746512,100.2254915318402,100.12292826116047,100.08263829242104,100.43688068217554
2026-08-13 15:18:00-04:00,99.14191728918098,100.2254915318402,100.11425169903505,100.06255662416818,100.30540724329764
2026-08-13 15:19:00-04:00,99.2536613496237,100.21854681611781,100.0824317534988,100.10054283548449,100.27405730921028
2026-08-13 15:20:00-04:00,99.19287003628608,100.17692086761096,100.10265352748591,100.09090128107427,100.36507643267007
2026-08-13 15:21:00-04:00,99.20676559750243,100.18732735473768,100.11425169903505,100.11293311551995,100.4035061805787
2026-08-13 15:22:00-04:00,99.17433790937395,100.24283214823242,100.09255588041421,100.1322162243404,100.4894638852648
2026-08-13 15:23:00-04:00,99.19981781689425,100.21854681611781,100.03907542271541,100.13772208147964,100.48036567639596
2026-08-13 15:24:00-04:00,99.1222260208449,100.2254915318402,100.08532688307879,100.19143571066999,100.61790047287847
2026-08-13 15:25:00-04:00,99.14596721622928,100.26711748034704,100.15184425050215,100.12395323568718,100.66442231836311
2026-08-13 15:26:00-04:00,99.15986277744562,100.28098573887806,100.14895794753673,100.08814414956026,100.61992504038795
2026-08-13 15:27:00-04:00,99.13323079643689,100.30180929958837,100.172092504333,100.08952271531727,100.58745789069323
2026-08-13 15:28:00-04:00,99.10601924471618,100.25323863535914,100.15473938008215,100.0991642697275,100.60071016643364
2026-08-13 15:29:00-04:00,99.10717838614012,100.21508504471349,100.12292826116047,100.10467012686672,100.55520060470374
2026-08-13 15:30:00-04:00,99.06027556608332,100.29486458386597,100.15618694487215,100.14047921299363,100.64419516065405
2026-08-13 15:31:00-04:00,98.98963861857766,100.28376997704116,100.16631107178758,100.11605170025072,100.67655737849616
2026-08-13 15:32:00-04:00,98.86515107040702,100.30180929958837,100.169197374753,100.07575386952482,100.71296255889531
2026-08-13 15:33:00-04:00,98.8489372263428,100.32262227384179,100.14461525316673,100.05784932646137,100.70385817756457
2026-08-13 15:34:00-04:00,98.73255660020428,100.28793045460046,100.15184425050215,100.04682920629413,100.73296750797527
2026-08-13 15:35:00-04:00,98.79770882975274,100.21854681611781,100.12003313158047,99.99350224798684,100.68664935373397
2026-08-13 15:36:00-04:00,98.81535746472588,100.24630450609362,100.15329181529215,99.94766493656665,100.67958805729846
2026-08-13 15:37:00-04:00,98.77714113741318,100.2046679711299,100.14461525316673,99.93251752501719,100.75745983687047
2026-08-13 15:38:00-04:00,98.83272338227856,100.21854681611781,100.17498763391299,99.97796816555433,100.70689502882878
2026-08-13 15:39:00-04:00,98.83157130879012,100.19773384186438,100.1865593256184,99.95593633110865,100.75948440437995
2026-08-13 15:40:00-04:00,98.84662601143042,100.18559117580708,100.17444038380945,99.95868505673387,100.75139230680394
2026-08-13 15:41:00-04:00,98.85704414837491,100.19426148400318,100.1848204825475,99.95730649097688,100.70488897870506
2026-08-13 15:42:00-04:00,98.75108872711641,100.24283214823242,100.13738625583132,99.98623115420754,100.76959489700351
2026-08-13 15:43:00-04:00,98.80088233279756,100.16998673834546,100.13160482328588,100.0385662176409,100.78577291969361
2026-08-13 15:44:00-04:00,98.69492691153907,100.2046679711299,100.19667462591926,100.02479737184845,100.82220278994043
2026-08-13 15:45:00-04:00,98.78350934730938,100.2046679711299,100.169197374753,100.09365841258827,100.69273540118625
2026-08-13 15:46:00-04:00,98.85357379203857,100.222019173979,100.21822921870692,100.08125972666404,100.70082749876227
2026-08-13 15:47:00-04:00,98.8321508795021,100.17344850974976,100.18799806379384,100.0964071382135,100.65835478829659
2026-08-13 15:48:00-04:00,98.87788749019943,100.19079971259887,100.19523588774383,100.11293311551995,100.65430565327762
2026-08-13 15:49:00-04:00,98.89988997344788,100.18039322547216,100.17556136386024,100.06059805208659,100.65835478829659
2026-08-13 15:50:00-04:00,98.70997454624384,100.08672425487488,100.16341594220758,99.9710837426581,100.546096223373
2026-08-13 15:51:00-04:00,98.81188004045404,100.03816417710254,100.16052081262758,100.01377725168123,100.54407782832544
2026-08-13 15:52:00-04:00,98.79335498147742,100.11794371625501,100.16706133402629,100.04132334915491,100.55520060470374
2026-08-13 15:53:00-04:00,98.77772070812516,100.12141607411621,100.24150500133636,100.01239868592423,100.48036567639596
2026-08-13 15:54:00-04:00,98.70766333133146,100.13529491910413,100.31670775749971,100.04958633780814,100.41564124071175
2026-08-13 15:55:00-04:00,98.84777808491884,100.14222904836963,100.14895794753673,100.11569024703395,100.35597205133932
2026-08-13 15:56:00-04:00,99.03132530222669,100.2046679711299,100.08532688307879,100.0964071382135,100.37316853024608
2026-08-13 15:57:00-04:00,98.9991873994542,100.14222904836963,100.08821318604421,100.14323634450763,100.42575173333532
2026-08-13 15:58:00-04:00,99.1477059283652,100.11448194485071,100.12003313158047,100.0964071382135,100.46519376499869
2026-08-13 15:59:00-04:00,98.99252940420202,100.09366897059729,100.19234075816384,100.02204024033445,100.48440863895301
2026-08-13 16:00:00-04:00,98.99252940420202,100.09366897059729,100.19234075816384,100.02204024033445,100.48440863895301
2026-08-14 13:30:00-04:00,100.0,100.0,100.0,100.00000000000001,100.0
2026-08-14 13:31:00-04:00,100.03670480073333,99.96534785121254,99.94202047748217,99.95038106801344,99.97176970876826
2026-08-14 13:32:00-04:00,100.0518532652871,100.01386297438522,99.96885039087935,99.94486224478808,100.01512754651137
2026-08-14 13:33:00-04:00,100.11302319187251,99.99243933891272,99.96957624139026,99.90903195802464,100.00302797106737
2026-08-14 13:34:00-04:00,100.11826470284721,99.96187946402844,99.99422860325471,99.92281219040748,100.01109640616761
2026-08-14 13:35:00-04:00,100.09378535308475,99.96187946402844,99.97102794241208,99.91178295679704,99.9808413131449
2026-08-14 13:36:00-04:00,100.11127365089588,99.97165016451046,99.95942318607301,99.87870366880601,99.9727790324574
2026-08-14 13:37:00-04:00,100.07865111244136,99.96881623839664,99.94781842973396,99.83873426462354,99.96872327446269
2026-08-14 13:38:00-04:00,99.9947513770701,99.97227405122956,99.95942318607301,99.84286496920228,100.00201864737825
2026-08-14 13:39:00-04:00,99.99825045902337,99.95495326401141,99.98407554793746,99.84286496920228,100.00754531001746
2026-08-14 13:40:00-04:00,99.9947513770701,99.95842165119551,100.00870135429543,99.83459514720452,100.0
2026-08-14 13:41:00-04:00,100.03787116138442,99.97574243841366,99.98552724895929,99.85113479120004,99.95866080963516
2026-08-14 13:42:00-04:00,99.99591773772119,99.95842165119551,99.96525654566679,99.85527390861907,99.98285996052314
2026-08-14 13:43:00-04:00,99.95280506536207,99.95148487682732,99.9652299901603,99.82635056372762,100.02621779826623
2026-08-14 13:44:00-04:00,99.98193563381851,99.95148487682732,99.96232658811665,99.84838379242764,100.0171461938896
2026-08-14 13:45:00-04:00,99.99591773772119,99.93763247679327,100.00296536489213,99.85113479120004,100.00100932368913
2026-08-14 13:46:00-04:00,100.00757423227688,99.91683272803985,100.01743811593285,99.86216402481048,99.97681017280114
2026-08-14 13:47:00-04:00,100.04311267235911,99.89951194082171,100.00438165857196,99.90213342899294,99.96471059735715
2026-08-14 13:48:00-04:00,100.0466046423572,99.87532839969356,99.98263269875115,99.90489284060563,99.94656123419117
2026-08-14 13:49:00-04:00,100.02155633617956,99.86832817921834,100.00292995755014,99.92281219040748,99.97781949649027
2026-08-14 13:50:00-04:00,99.9947513770701,99.87525437923536,99.97393134445572,99.93659242279033,99.9546296692914
2026-08-14 13:51:00-04:00,99.99533455739565,99.85793359201722,99.97682589466386,99.92005277879481,99.98731575534585
2026-08-14 13:52:00-04:00,100.00407515032362,99.87532839969356,99.98552724895929,99.90213342899294,99.98285996052314
2026-08-14 13:53:00-04:00,100.01573164487931,99.9029803280058,100.00292995755014,99.91178295679704,100.0373080500211
2026-08-14 13:54:00-04:00,100.0116493826005,99.89951194082171,99.9652299901603,99.92005277879481,100.04537648512134
2026-08-14 13:55:00-04:00,100.01923783878776,99.89951194082171,99.98988235202475,99.92171010833047,100.06957563600933
2026-08-14 13:56:00-04:00,100.03320571878007,99.94455867681029,100.02613947022827,99.95451177259218,100.05646673687622
2026-08-14 13:57:00-04:00,100.04427903301021,99.93416408960917,100.00585991510027,99.94762165640077,100.07764407110956
2026-08-14 13:58:00-04:00,100.0273810274798,99.92723788959215,99.99713200529835,99.98897076638957,100.03327690967735
2026-08-14 13:59:00-04:00,100.02388194552654,99.93069570242507,100.04354217881911,99.97794994561941,100.00504661844562
2026-08-14 14:00:00-04:00,99.99941681967445,99.94455867681029,100.0137203450233,99.96655895987682,99.96938795103846
2026-08-14 14:01:00-04:00,99.99825045902337,99.94109028962619,100.01018846265924,99.98070094439181,99.98689110086688
2026-08-14 14:02:00-04:00,100.09146685569296,99.98266863843068,100.06094488740996,99.98621976761717,100.01109640616761
2026-08-14 14:03:00-04:00,100.11593909350023,99.95495326401141,100.06239658843178,99.97519053400673,100.01109640616761
2026-08-14 14:04:00-04:00,100.09146685569296,99.96534785121254,100.07544419395717,99.98070094439181,100.0312582622991
2026-08-14 14:05:00-04:00,100.09379957699512,99.97227405122956,100.07956914929966,99.97243112239404,100.0433578377431
2026-08-14 14:06:00-04:00,100.09438275732067,99.98059606560116,100.05514693515818,99.98070094439181,100.02218665792248
2026-08-14 14:07:00-04:00,100.12700529577519,99.9930632256318,100.07544419395717,100.00551041038509,100.02319598161161
2026-08-14 14:08:00-04:00,100.13225391870509,100.00345781283293,100.03774422656733,100.01161813243023,100.00504661844562
2026-08-14 14:09:00-04:00,100.11826470284721,99.9965316128159,100.01308301286738,99.99448958961493,100.02218665792248
2026-08-14 14:10:00-04:00,100.08330944309053,100.02771537441927,99.99277690223289,100.05237834359926,100.03932669739935
2026-08-14 14:11:00-04:00,100.08330944309053,100.04850454882151,100.05514693515818,100.04686793321417,100.01915868685512
2026-08-14 14:12:00-04:00,100.05767795658734,100.02078917440225,100.0841455482526,100.03169958218471,100.006049787722
2026-08-14 14:13:00-04:00,100.0972915469932,100.02771537441927,100.09633452573459,100.06615857598209,99.94757055788028
2026-08-14 14:14:00-04:00,100.01435192557253,100.01386297438522,100.0841455482526,100.07442839797984,99.9626919499789
2026-08-14 14:15:00-04:00,100.06058674625987,100.01789180218138,100.11895981726978,100.08821704320297,99.99395021227801
2026-08-14 14:16:00-04:00,100.10428259894454,100.02771537441927,100.13491082483881,100.09510715939439,100.00568667737042
2026-08-14 14:17:00-04:00,100.11360637219805,99.9965316128159,100.14361217913424,100.08269821997762,99.9808413131449
2026-08-14 14:18:00-04:00,100.09431163776877,100.02425756158634,100.11895981726978,100.11300127067541,99.98386928421226
2026-08-14 14:19:00-04:00,100.02971374878199,100.03465214878747,100.0986537066353,100.09096804197537,99.99495953596713
2026-08-14 14:20:00-04:00,99.97844366382044,100.07623049759196,100.06964624170539,100.07718780959253,99.98790042455602
2026-08-14 14:21:00-04:00,100.00989984162386,100.1004880591783,100.0986537066353,100.07718780959253,100.00705911141112
2026-08-14 14:22:00-04:00,100.04543828170611,100.08662508479308,100.06819454068356,100.05237834359926,100.0373080500211
2026-08-14 14:23:00-04:00,100.04543828170611,100.090082897626,100.05224353311453,100.08476777868712,100.012099575444
2026-08-14 14:24:00-04:00,99.97377822121608,100.07276211040787,100.06964624170539,100.08545763159029,100.05646673687622
2026-08-14 14:25:00-04:00,99.97552776219271,100.07276211040787,100.04063877677548,100.13232556480446,100.0413453447776
2026-08-14 14:26:00-04:00,99.98776032511876,100.06929372322377,100.03193742248006,100.11302650919626,99.99096532209981
2026-08-14 14:27:00-04:00,100.02971374878199,100.05889913602265,100.01743811593285,100.17367467479326,99.95664216225691
2026-08-14 14:28:00-04:00,99.89454392844918,100.06236752320673,100.05224353311453,100.17091526318058,99.92437457626869
2026-08-14 14:29:00-04:00,99.87706985454842,100.08315669760898,100.05224353311453,100.19848414078653,99.91227500082469
2026-08-14 14:30:00-04:00,99.87706985454842,100.08315669760898,100.12185436747794,100.24121295658168,99.94656123419117
2026-08-14 14:31:00-04:00,99.87706985454842,100.10394587201122,100.10445165888709,100.21640349058839,99.9183247885467
2026-08-14 14:32:00-04:00,99.94406447243409,100.08315669760898,100.09575030459166,100.17643408640593,99.86589534642697
2026-08-14 14:33:00-04:00,99.9597961173134,100.1351296336146,100.0986537066353,100.13232556480446,99.8689171630816
2026-08-14 14:34:00-04:00,99.9481467347129,100.17670798241909,100.0841455482526,100.09648686520073,99.90017542538071
2026-08-14 14:35:00-04:00,99.93589994787648,100.20096554400543,100.08223355178482,100.14059538680222,99.88948521045384
2026-08-14 14:36:00-04:00,99.93975462758922,100.20096554400543,100.06819454068356,100.12542703577276,99.88807584993671
2026-08-14 14:37:00-04:00,99.90153498040051,100.19403934398841,100.11750811624798,100.12542703577276,99.87597627449271
2026-08-14 14:38:00-04:00,99.97494458186718,100.18364475678729,100.09575030459166,100.11715721377499,99.87799492187096
2026-08-14 14:39:00-04:00,99.96678716926475,100.17670798241909,100.0841455482526,100.12956615319177,99.87194513414897
2026-08-14 14:40:00-04:00,99.94872991503844,100.16285558238503,100.13925707606877,100.10903041006203,99.9042127201372
2026-08-14 14:41:00-04:00,99.99825045902337,100.16631339521797,100.13636252586063,100.10613639300483,99.90824386048095
2026-08-14 14:42:00-04:00,99.98892668576985,100.20096554400543,100.17116794304233,100.09510715939439,99.91631229558118
2026-08-14 14:43:00-04:00,99.97844366382044,100.22175471840768,100.15958974220976,100.09096804197537,99.92478076750943
2026-08-14 14:44:00-04:00,99.93823978113384,100.20790231837363,100.13636252586063,100.10751609881117,99.90257564634874
2026-08-14 14:45:00-04:00,99.99125940707202,100.22522310559177,100.13055572177336,100.09923786397313,99.88505403328209
2026-08-14 14:46:00-04:00,99.99124518316165,100.24948066717812,100.12478432502807,100.10751609881117,99.89815677800246
2026-08-14 14:47:00-04:00,99.97611094251826,100.24601227999402,100.15956318670327,100.15575532499139,99.93042436399068
2026-08-14 14:48:00-04:00,100.05651159593626,100.24601227999402,100.15376523445148,100.16264544118282,99.88404470959296
2026-08-14 14:49:00-04:00,100.09379957699512,100.21482851839065,100.15231353342966,100.17643408640593,99.8941256376587
2026-08-14 14:50:00-04:00,100.13982815098197,100.24948066717812,100.18566724958954,100.17780537937199,99.96672924473539
2026-08-14 14:51:00-04:00,100.14390330130558,100.27719604159739,100.18857065163319,100.19572472917386,99.96975106139003
2026-08-14 14:52:00-04:00,100.12293014545158,100.27373822876446,100.17696589529412,100.17780537937199,99.96471059735715
2026-08-14 14:53:00-04:00,100.10312335024864,100.27373822876446,100.19727200592861,100.19710443498019,99.9606794570134
2026-08-14 14:54:00-04:00,100.12817165642628,100.25987525437924,100.19436860388497,100.19986384659288,99.94757055788028
2026-08-14 14:55:00-04:00,100.12293014545158,100.27719604159739,100.19727200592861,100.17091526318058,99.91227500082469
2026-08-14 14:56:00-04:00,100.1491448122803,100.28759062879851,100.22047266677123,100.15437561918506,99.9042127201372
2026-08-14 14:57:00-04:00,100.18934869496688,100.32265517728165,100.22773117188034,100.14886520879998,99.9374834754018
2026-08-14 14:58:00-04:00,100.20798912951872,100.29798521599963,100.23643252617576,100.13645626938319,99.89815677800246
2026-08-14 14:59:00-04:00,100.15671904455718,100.25293848001104,100.22917402106665,100.13560657251466,99.93446165874717
2026-08-14 15:00:00-04:00,100.10603213992117,100.27026984158036,100.21322301349764,100.06615857598209,99.94757055788028
2026-08-14 15:01:00-04:00,100.11943106349831,100.27026984158036,100.23787537536208,100.11578592080893,99.94051144646917
2026-08-14 15:02:00-04:00,100.01864043455184,100.24948066717812,100.27703589560925,100.12207031250001,99.96471059735715
2026-08-14 15:03:00-04:00,100.03612162040778,100.2356176927929,100.2757346757909,100.09372745358806,99.92841187102518
2026-08-14 15:04:00-04:00,100.02679784715427,100.22175471840768,100.25528693578843,100.03859811121642,99.8749669508036
2026-08-14 15:05:00-04:00,100.04486221333575,100.21136013120655,100.2320774231103,100.03031987637837,99.89009449731496
2026-08-14 15:06:00-04:00,100.05534523528517,100.2356176927929,100.1827726993814,100.02618917179963,99.86589534642697
2026-08-14 15:07:00-04:00,100.0052415109747,100.2356176927929,100.22627947085851,100.00826982199777,99.86689851570335
2026-08-14 15:08:00-04:00,99.99125940707202,100.25293848001104,100.27558419458742,100.01515993818919,99.87486848019978
2026-08-14 15:09:00-04:00,100.03203935812897,100.27719604159739,100.26398829008386,100.04686793321417,99.79934152707229
2026-08-14 15:10:00-04:00,99.95280506536207,100.26333306721216,100.23787537536208,100.06202787140336,99.7882512753174
2026-08-14 15:11:00-04:00,99.98717714479322,100.25987525437924,100.19436860388497,100.07167739920746,99.76506144811854
2026-08-14 15:12:00-04:00,99.95047945601507,100.29798521599963,100.20161825715857,100.11853691958133,99.85580826394849
2026-08-14 15:13:00-04:00,99.868912441946,100.31184819038485,100.25818148599657,100.08959674900932,99.86589534642697
2026-08-14 15:14:00-04:00,99.83162446088713,100.28066442878148,100.2741324935656,100.07649795668937,99.88021051045685
2026-08-14 15:15:00-04:00,99.87765303487397,100.24254389280992,100.25672978497475,100.10475668719849,99.84773982884825
2026-08-14 15:16:00-04:00,99.77860483494894,100.22175471840768,100.2465767296575,100.08545763159029,99.84572733588274
2026-08-14 15:17:00-04:00,99.87590349389734,100.19750773117251,100.22337606881487,100.06753828178843,99.85379577098298
2026-08-14 15:18:00-04:00,99.86774608129491,100.19750773117251,100.23643252617576,100.09648686520073,99.8689171630816
2026-08-14 15:19:00-04:00,99.90735967170076,100.19403934398841,100.24368217944937,100.05099863779292,99.85580826394849
2026-08-14 15:20:00-04:00,99.90620042300486,100.20790231837363,100.22917402106665,100.08545763159029,99.87698559818185
2026-08-14 15:21:00-04:00,99.89046877812555,100.21136013120655,100.22337606881487,100.03996940418247,99.86185805167048
2026-08-14 15:22:00-04:00,99.89046877812555,100.20790231837363,100.20017540797225,100.06340757720969,99.87194513414897
2026-08-14 15:23:00-04:00,99.89512710877472,100.20096554400543,100.20161825715857,100.06891798759477,99.85782691132674
2026-08-14 15:24:00-04:00,99.90036861974943,100.20096554400543,100.20887676226766,100.07994722120522,99.87294830342536
2026-08-14 15:25:00-04:00,99.91319147495621,100.20027821117931,100.23062572208848,100.08818339184184,99.87395762711448
2026-08-14 15:26:00-04:00,99.91668344495429,100.21482851839065,100.17986929733776,100.09923786397313,99.8538142342212
2026-08-14 15:27:00-04:00,99.86308775064575,100.18711314397137,100.18566724958954,100.08132692701156,99.86790783939249
2026-08-14 15:28:00-04:00,99.93823978113384,100.18711314397137,100.16826454099869,100.05788875398433,99.87194513414897
2026-08-14 15:29:00-04:00,99.81297691438009,100.21136013120655,100.15956318670327,100.01102923361044,99.89815677800246
2026-08-14 15:30:00-04:00,99.77219696332315,100.27026984158036,100.15811148568145,100.02205005438061,99.93042436399068
2026-08-14 15:31:00-04:00,99.80482661373286,100.29798521599963,100.18566724958954,100.00000000000001,99.9062252131027
2026-08-14 15:32:00-04:00,99.76278073465217,100.28413281596558,100.19436860388497,100.00275941161269,99.9183247885467
2026-08-14 15:33:00-04:00,99.78268709722775,100.27719604159739,100.16246658874691,100.02756887760597,99.92437457626869
2026-08-14 15:34:00-04:00,99.77219696332315,100.27026984158036,100.15086183240784,100.03031987637837,99.91026250785919
2026-08-14 15:35:00-04:00,99.76403955072072,100.25640686719514,100.16101488772509,99.99173017800224,99.9183247885467
2026-08-14 15:36:00-04:00,99.79375329950271,100.24948066717812,100.15665978465962,99.99173017800224,99.90497586731678
2026-08-14 15:37:00-04:00,99.79490543624341,100.28066442878148,100.13200742279517,99.97794994561941,99.89009449731496
2026-08-14 15:38:00-04:00,99.77918801527449,100.25640686719514,100.15376523445148,99.97381082820039,99.85782691132674
2026-08-14 15:39:00-04:00,99.86075502934357,100.25987525437924,100.15086183240784,100.00826982199777,99.84068687184987
2026-08-14 15:40:00-04:00,99.93066554885696,100.25987525437924,100.1334325683105,100.04912257440989,99.84370868850449
2026-08-14 15:41:00-04:00,100.01456528422823,100.31808705757575,100.10735506093073,100.02480946599329,99.76154727844484
2026-08-14 15:42:00-04:00,100.00058318032553,100.2945274031667,100.13055572177336,100.04007877110614,99.77211440511694
2026-08-14 15:43:00-04:00,100.0349552597567,100.28704076253761,100.12185436747794,100.03721840541007,99.80438199110516
2026-08-14 15:44:00-04:00,99.84210748283654,100.37075790075866,100.08704895029624,100.02480946599329,99.87093581045984
2026-08-14 15:45:00-04:00,99.8858033355212,100.3880786879768,100.05224353311453,100.01378023238284,99.82354067796027
2026-08-14 15:46:00-04:00,99.87473713324624,100.33263736478709,100.00292995755014,100.00826982199777,99.78926059900654
2026-08-14 15:47:00-04:00,99.91493390397765,100.29798521599963,100.04934013107089,100.01378023238284,99.78926059900654
2026-08-14 15:48:00-04:00,99.94348129210854,100.28413281596558,100.07979929702263,100.02480946599329,99.79127309197204
2026-08-14 15:49:00-04:00,99.91551708430319,100.25640686719514,100.10735506093073,99.99586088258098,99.83566487105522
2026-08-14 15:50:00-04:00,99.87473713324624,100.31184819038485,100.2030699581804,100.02205005438061,99.79127309197204
2026-08-14 15:51:00-04:00,99.83628279153629,100.31531657756895,100.190022352655,100.03859811121642,99.81446907358364
2026-08-14 15:52:00-04:00,99.84968171511342,100.34650033917232,100.22047266677123,100.01929905560822,99.79732287969404
2026-08-14 15:53:00-04:00,99.86657972064383,100.36036331355754,100.20887676226766,99.99173017800224,99.77514237618429
2026-08-14 15:54:00-04:00,99.88871923714892,100.38115248795978,100.31764811687822,99.93935183440301,99.84905071876156
2026-08-14 15:55:00-04:00,99.94931309536399,100.36036331355754,100.23643252617576,99.95038106801344,99.86387669904873
2026-08-14 15:56:00-04:00,99.95804657633677,100.32571116477007,100.2393270763839,99.98346035600449,99.83160911306051
2026-08-14 15:57:00-04:00,99.89920937105353,100.33263736478709,100.28139099867471,99.97243112239404,99.83261843674963
2026-08-14 15:58:00-04:00,99.84210748283654,100.35342653918934,100.30894676258279,99.93659242279033,99.83967754816075
2026-08-14 15:59:00-04:00,99.80831858373094,100.17325016958615,100.32489777015182,100.01378023238284,99.91026250785919
2026-08-14 16:00:00-04:00,99.80831858373094,100.17325016958615,100.32489777015182,100.01378023238284,99.91026250785919
2026-08-17 13:30:00-04:00,100.0,100.0,100.0,100.00000000000001,100.0
2026-08-17 13:31:00-04:00,99.98980629544133,99.98250435202908,100.0028809452061,99.97115366392913,99.93114028228537
2026-08-17 13:32:00-04:00,99.99263788004096,100.01748497338397,100.01744572374811,99.9574097264814,99.96557014114269
2026-08-17 13:33:00-04:00,100.0237507791174,100.01049311894776,100.05824133055565,99.93954847769332,99.94157685315038
2026-08-17 13:34:00-04:00,99.84723255769785,99.98593089443217,100.01162159069256,99.88184741998874,99.87897653089658
2026-08-17 13:35:00-04:00,99.91778735835602,99.9720112330813,99.99122378728879,99.88459788459085,99.8925396156693
2026-08-17 13:36:00-04:00,99.90722761969056,99.9650193786451,100.06115784298653,99.85025061931574,99.92279866676787
2026-08-17 13:37:00-04:00,99.8415762948025,99.93703061172641,100.03638527093645,99.80628511349609,99.91131780205181
2026-08-17 13:38:00-04:00,99.85968462363233,99.94053187623798,100.03347765031175,99.79119948599855,99.90401411273993
2026-08-17 13:39:00-04:00,99.86025094055226,99.96850996856973,99.99122378728879,99.70598539671009,99.90088759883223
2026-08-17 13:40:00-04:00,99.78330090248126,99.96151811413353,100.00733574010815,99.67576382833815,99.94888054246226
2026-08-17 13:41:00-04:00,99.87778604615828,99.93354002180178,100.00870507826167,99.73072280700343,99.94157685315038
2026-08-17 13:42:00-04:00,99.8953280580682,99.94053187623798,100.03201939409632,99.81315288943854,99.95436308518025
2026-08-17 13:43:00-04:00,99.91173052983437,99.95801684962197,100.05241719750008,99.84063237877119,100.01982248023356
2026-08-17 13:44:00-04:00,100.03789488950777,99.92653749277864,100.06844023225753,99.84337445781048,100.01251879092167
2026-08-17 13:45:00-04:00,100.0451396023005,99.96151811413353,100.1106852034743,99.81864543307995,100.07928992093423
2026-08-17 13:46:00-04:00,100.05317163373799,99.94403314074954,100.10719072364097,99.80766034579715,100.05009426662299
2026-08-17 13:47:00-04:00,100.0407264741074,99.92653749277864,100.09174565628598,99.81040242483644,100.04590435592796
2026-08-17 13:48:00-04:00,100.03789488950777,99.89855940044687,100.06260720739577,99.81309419049886,100.00417080775875
2026-08-17 13:49:00-04:00,99.99546255833668,99.91255378390622,100.04076003958276,99.79117432931012,100.00208222005666
2026-08-17 13:50:00-04:00,99.97962640349044,99.89855940044687,100.00870507826167,99.7856734001059,100.0292083896021
2026-08-17 13:51:00-04:00,99.97792745273067,99.90555125488308,99.99122378728879,99.73759058294588,100.01043020321958
2026-08-17 13:52:00-04:00,100.06731574412835,99.89155687142375,99.99996443277523,99.74995090252975,99.94157685315038
2026-08-17 13:53:00-04:00,100.06562369967247,99.88456501698754,99.99414029971966,99.79117432931012,99.97804435854633
2026-08-17 13:54:00-04:00,100.06364159045272,99.88456501698754,99.99705681215055,99.80766034579715,99.95549015842192
2026-08-17 13:55:00-04:00,100.11088070913928,99.88806628149909,99.97811726496222,99.81315288943854,99.96243725958955
2026-08-17 13:56:00-04:00,100.08938138509377,99.91255378390622,99.95334469291214,99.78155608876556,99.94991846866787
2026-08-17 13:57:00-04:00,100.12163382431399,99.91255378390622,99.9871424482468,99.77467992726028,99.97496241815666
2026-08-17 13:58:00-04:00,100.15727725874986,99.91954563834243,99.96791836326034,99.78842386470801,99.94679195476017
2026-08-17 13:59:00-04:00,100.15048836201464,99.94752373067419,99.9125579779108,99.75135129151924,99.92696947452663
2026-08-17 14:00:00-04:00,100.09786923258878,99.99299747097686,99.89070191829158,99.75270136713186,99.94576676384543
2026-08-17 14:01:00-04:00,100.00395040583169,100.01049311894776,99.92858101266825,99.74170789428624,100.02086040643917
2026-08-17 14:02:00-04:00,100.07636990854327,100.01748497338397,99.94460404742568,99.74995090252975,100.00730368931188
2026-08-17 14:03:00-04:00,99.9570082582129,99.97551249759287,99.95771946155845,99.72247979875992,100.04590435592796
2026-08-17 14:04:00-04:00,100.00112572753595,100.03847121127953,99.94460404742568,99.76918738361888,100.01737730438721
2026-08-17 14:05:00-04:00,99.93438320663144,100.0664493036113,99.98394139801778,99.75682706403502,100.06551670386222
2026-08-17 14:06:00-04:00,99.95472917792539,100.0909368060184,99.98976553107335,99.81845256513529,100.10849831053632
2026-08-17 14:07:00-04:00,100.03167230969248,100.15040492978042,99.95043707228744,99.77880562416344,100.07198623162235
2026-08-17 14:08:00-04:00,99.98867366160147,100.15040492978042,99.97403592592022,99.75819391077326,100.05424597144544
2026-08-17 14:09:00-04:00,100.01470352100638,100.12591742737331,100.03784352715188,99.76643691901677,100.03338556500628
2026-08-17 14:10:00-04:00,99.88115632246223,100.22035549790328,100.1427401647954,99.7774303918624,100.0918087118559
2026-08-17 14:11:00-04:00,99.97962640349044,100.18538555113533,100.14856429785097,99.75545183173396,100.05529026529649
2026-08-17 14:12:00-04:00,99.98301739870611,100.22035549790328,100.20829056004062,99.74720882349045,100.08972012415381
2026-08-17 14:13:00-04:00,100.06562369967247,100.20637178903087,100.16316464361773,99.67301336373603,99.99582282459582
2026-08-17 14:14:00-04:00,100.05656953525754,100.23084861685106,100.17770274674118,99.70873586131219,99.98539262137625
2026-08-17 14:15:00-04:00,100.0214924177416,100.15739678421663,100.11534450991876,99.7114863259143,100.00208222005666
2026-08-17 14:16:00-04:00,100.06901469488812,100.12591742737331,100.10486107041875,99.78715764472351,100.02086040643917
2026-08-17 14:17:00-04:00,100.12332586876987,100.13641054632109,100.10488774583732,99.77467992726028,100.0312969773042
2026-08-17 14:18:00-04:00,100.11314597681898,100.1434024007573,100.13661371032931,99.7114863259143,100.0312969773042
2026-08-17 14:19:00-04:00,100.087682434334,100.12941869188488,100.1620264924252,99.74170789428624,100.06468254231046
2026-08-17 14:20:00-04:00,100.03167230969248,100.12591742737331,100.19080926906774,99.73072280700343,100.06468254231046
2026-08-17 14:21:00-04:00,100.04864800468248,100.12591742737331,100.20098149535104,99.74170789428624,100.08867583030276
2026-08-17 14:22:00-04:00,100.06674942720842,100.11549903053401,100.21263865326837,99.71426194720485,100.09806810731673
2026-08-17 14:23:00-04:00,100.10352549548413,100.11542430842553,100.2039246832005,99.73621535064484,100.11903676372826
2026-08-17 14:24:00-04:00,100.14030156375986,100.0909368060184,100.20684119563138,99.76643691901677,100.0657268361615
2026-08-17 14:25:00-04:00,100.18273389493095,100.0839449515822,100.24180377757716,99.75270136713186,100.0448600620769
2026-08-17 14:26:00-04:00,100.17990231033131,100.08044368707064,100.22432248660427,99.73072280700343,100.02712616954544
2026-08-17 14:27:00-04:00,100.21045579879174,100.09793933504154,100.20829056004062,99.73896581524694,100.01773389253147
2026-08-17 14:28:00-04:00,100.22346727534224,100.10843245398932,100.18352687979673,99.73896581524694,100.024929331871
2026-08-17 14:29:00-04:00,100.24665173753974,100.09793933504154,100.18644339222762,99.74170789428624,100.03755637276502
2026-08-17 14:30:00-04:00,100.1731134135961,100.0664493036113,100.19518403771406,99.67576382833815,100.02503758184335
2026-08-17 14:31:00-04:00,100.13634425162428,100.08744621609377,100.21558184111782,99.68538206888272,100.01877818638252
2026-08-17 14:32:00-04:00,100.18471600415069,100.07624857440891,100.21266532868695,99.60981976239006,100.06050536690628
2026-08-17 14:33:00-04:00,100.15161408955059,100.08044368707064,100.18352687979673,99.62630577887708,100.01773389253147
2026-08-17 14:34:00-04:00,100.18216757801102,100.08044368707064,100.21618648393886,99.61256184142935,100.0292083896021
2026-08-17 14:35:00-04:00,100.3015430409492,100.08044368707064,100.26656745782104,99.64830949569394,100.07930902387052
2026-08-17 14:36:00-04:00,100.37169727598108,100.05792030865781,100.26510920160561,99.62768101117813,100.08137214099088
2026-08-17 14:37:00-04:00,100.36265001787007,100.04546306571574,100.27384984709205,99.65652734724901,100.08972012415381
2026-08-17 14:38:00-04:00,100.36320942848609,100.0244768278202,100.2476545860513,99.67851429294025,100.0852309341234
2026-08-17 14:39:00-04:00,100.39941917984189,100.0,100.27094222646737,99.66477035549252,100.04120503359825
2026-08-17 14:40:00-04:00,100.34737327363985,99.96850996856973,100.26656745782104,99.65652734724901,100.05842314684962
2026-08-17 14:41:00-04:00,100.30437462554883,99.97551249759287,100.2505444230636,99.65378526820972,100.07302415782796
2026-08-17 14:42:00-04:00,100.34115069382456,99.94403314074954,100.23888726514627,99.69774238846658,100.08867583030276
2026-08-17 14:43:00-04:00,100.33266284632955,99.93354002180178,100.24908616684816,99.66752082009464,100.09597951961464
2026-08-17 14:44:00-04:00,100.29362151037414,99.94053187623798,100.22432248660427,99.65927781185113,100.09597951961464
2026-08-17 14:45:00-04:00,100.28174266766348,99.91255378390622,100.24616965441729,99.68538206888272,100.13353589237967
2026-08-17 14:46:00-04:00,100.3270065834342,99.88806628149909,100.24180377757716,99.68813253348482,100.15857347422302
2026-08-17 14:47:00-04:00,100.32926494480999,99.8950581359353,100.2330631320907,99.69667742198953,100.21178151946285
2026-08-17 14:48:00-04:00,100.40564175965717,99.84958439563263,100.22286423038882,99.7856734001059,100.18048454215865
2026-08-17 14:49:00-04:00,100.40677439349702,99.90905251939465,100.21848946174251,99.75270136713186,100.17318085284677
2026-08-17 14:50:00-04:00,100.43110530214216,99.90555125488308,100.20974881625607,99.71475669541071,100.19509192078242
2026-08-17 14:51:00-04:00,100.43817735733734,99.89855940044687,100.23452138830615,99.67027128469674,100.18257312986074
2026-08-17 14:52:00-04:00,100.39659450154615,99.87057063352819,100.2359707527154,99.66202827645323,100.1836174237118
2026-08-17 14:53:00-04:00,100.4231837715671,99.87407189803976,100.27094222646737,99.66477035549252,100.18569964376844
2026-08-17 14:54:00-04:00,100.389239287891,99.90204999037152,100.25928506855004,99.64004133076199,100.17318085284677
2026-08-17 14:55:00-04:00,100.40281708136143,99.90204999037152,100.21266532868695,99.63179832251848,100.1189285137559
2026-08-17 14:56:00-04:00,100.3122961561239,99.90555125488308,100.23163155129384,99.6482843390055,100.12414998301112
2026-08-17 14:57:00-04:00,100.31822176487142,99.90204999037152,100.17042035747016,99.64548356102652,100.12936508462091
2026-08-17 14:58:00-04:00,100.34397537212028,99.88106375247597,100.15739386139933,99.59058328130092,100.14397246324468
2026-08-17 14:59:00-04:00,100.21045579879174,99.86357877909198,100.11796759274532,99.6111949946911,100.15649125416635
2026-08-17 15:00:00-04:00,100.24087116117414,99.846093805708,100.13254126309351,99.62904785791638,100.19926272854117
2026-08-17 15:01:00-04:00,100.10409181240406,99.86357877909198,100.14498089995571,99.61943800293461,100.22743319193765
2026-08-17 15:02:00-04:00,100.05884170924115,99.87757316255133,100.14564778542008,99.63179832251848,100.20969929940618
2026-08-17 15:03:00-04:00,100.08145985451871,99.88806628149909,100.13982365236451,99.6482843390055,100.1867439376195
2026-08-17 15:04:00-04:00,100.04751537084262,99.90905251939465,100.16022145576828,99.6482843390055,100.22430031038452
2026-08-17 15:05:00-04:00,100.10126713410834,99.91954563834243,100.18061036736586,99.67027128469674,100.23369258739848
2026-08-17 15:06:00-04:00,100.10579076316385,99.923046902854,100.19518403771406,99.66477035549252,100.26069140403526
2026-08-17 15:07:00-04:00,100.10974807529944,99.93703061172641,100.16896210125472,99.61531230603146,100.24829996602224
2026-08-17 15:08:00-04:00,100.10371887199338,100.0,100.15438843090652,99.58783281669882,100.27959694332644
2026-08-17 15:09:00-04:00,100.06901469488812,100.00349058992464,100.15730494333741,99.58234027305741,100.27959694332644
2026-08-17 15:10:00-04:00,100.0769362254632,100.01049311894776,100.1679128681241,99.56310379196829,100.26290097700058
2026-08-17 15:11:00-04:00,100.00225836137581,100.05246559473888,100.17186972187942,99.59333374590304,100.336975796325
2026-08-17 15:12:00-04:00,99.93776038923929,100.05246559473888,100.17770274674118,99.56997156791074,100.30620096594635
2026-08-17 15:13:00-04:00,99.85176309305726,100.04546306571574,100.21558184111782,99.56310379196829,100.37140565518233
2026-08-17 15:14:00-04:00,99.76010953397987,100.16550947028003,100.20100817076963,99.5713468002118,100.41105061564944
2026-08-17 15:15:00-04:00,99.85063045921741,100.1434024007573,100.20100817076963,99.55211031912266,100.41115249797637
2026-08-17 15:16:00-04:00,99.89024501839667,100.10142992496618,100.2075614319329,99.5713468002118,100.43817041754944
2026-08-17 15:17:00-04:00,99.9892399785214,100.12241616286174,100.1820686235813,99.62080484967287,100.45069557611654
2026-08-17 15:18:00-04:00,100.01357088716654,100.11542430842553,100.20246642698507,99.63179832251848,100.44443618065571
2026-08-17 15:19:00-04:00,99.84270892864234,100.13641054632109,100.23014661965983,99.65103480360762,100.44443618065571
2026-08-17 15:20:00-04:00,99.78726512092075,100.17139116767598,100.2214059741734,99.66477035549252,100.45069557611654
2026-08-17 15:21:00-04:00,99.71258035052945,100.22735802692642,100.21994771795795,99.61806277063357,100.51641604463262
2026-08-17 15:22:00-04:00,99.73182131319915,100.1608980487282,100.25636855611917,99.67851429294025,100.45277779617321
2026-08-17 15:23:00-04:00,99.67978231330102,100.17838302211219,100.25491029990373,99.64004133076199,100.45903719163404
2026-08-17 15:24:00-04:00,99.76124216781973,100.14690366526887,100.25491029990373,99.62355531427497,100.43817041754944
2026-08-17 15:25:00-04:00,99.82234223843669,100.10843245398932,100.24471139820184,99.59333374590304,100.44547410686133
2026-08-17 15:26:00-04:00,99.88230967521379,100.12241616286174,100.21558184111782,99.58509073765953,100.41105061564944
2026-08-17 15:27:00-04:00,99.87212978326292,100.05945744917508,100.22723010722895,99.64141656306305,100.40687344024526
2026-08-17 15:28:00-04:00,99.89702010252408,100.07694242255907,100.19372578149861,99.65925265516269,100.38183585840191
2026-08-17 15:29:00-04:00,99.80819812804633,100.10843245398932,100.19226752528319,99.59470059264127,100.36827277362919
2026-08-17 15:30:00-04:00,99.7091893553138,100.0909368060184,100.1252588738225,99.5369995349367,100.3234127115523
2026-08-17 15:31:00-04:00,99.80310818207089,100.0244768278202,100.07863913395941,99.45319422020053,100.25664158153974
2026-08-17 15:32:00-04:00,99.84723255769785,100.01398370887242,100.04076003958276,99.41747172262437,100.21282581331388
2026-08-17 15:33:00-04:00,99.83478739806728,99.98949620646529,100.05824133055565,99.38174922504822,100.18955843690097
2026-08-17 15:34:00-04:00,99.86986451558322,100.01049311894776,100.05652521196065,99.40647824977876,100.14501038945029
2026-08-17 15:35:00-04:00,99.88514125981342,100.01748497338397,100.0495006850692,99.38174922504822,100.16066206192511
2026-08-17 15:36:00-04:00,99.93662775539943,99.95102499518576,100.0495006850692,99.37763191370787,100.12310568916008
2026-08-17 15:37:00-04:00,99.9422840182948,99.9650193786451,100.07134785288221,99.37350621680471,100.12727649691882
2026-08-17 15:38:00-04:00,99.98754793406552,99.95801684962197,100.11650933652987,99.40098570613735,100.12936508462091
2026-08-17 15:39:00-04:00,99.94907291503002,99.94403314074954,100.0815467545841,99.37900714600893,100.10640972283423
2026-08-17 15:40:00-04:00,99.95247081654958,99.91954563834243,100.11650933652987,99.35426973571558,100.13249159852862
2026-08-17 15:41:00-04:00,99.7906561161364,99.91954563834243,100.10048630177242,99.35426973571558,100.18778823147053
2026-08-17 15:42:00-04:00,99.81668597554132,99.9650193786451,100.08737977944585,99.30893738315767,100.23786339515723
2026-08-17 15:43:00-04:00,99.75557899862046,100.0,100.15148081028184,99.29519344570994,100.2921157342481
2026-08-17 15:44:00-04:00,99.7906561161364,100.01748497338397,100.14856429785097,99.27733219692188,100.2555972876887
2026-08-17 15:45:00-04:00,99.78104254110546,100.05945744917508,100.11360171590519,99.32542339964469,100.25768587539079
2026-08-17 15:46:00-04:00,99.72616505030379,100.10843245398932,100.12670823823176,99.35015242437522,100.24204057056141
2026-08-17 15:47:00-04:00,99.71597825204901,100.10493118947775,100.19518403771406,99.31855562370224,100.1893928781197
2026-08-17 15:48:00-04:00,99.79405401765597,100.09443807052997,100.18498513601217,99.36446658009413,100.2023956100943
2026-08-17 15:49:00-04:00,99.77481996129016,100.13648526842957,100.20395135861908,99.31167946219696,100.23995198285932
2026-08-17 15:50:00-04:00,99.73974284377422,100.07345183263443,100.17770274674118,99.29519344570994,100.09389093191255
2026-08-17 15:51:00-04:00,99.67863586685337,100.10843245398932,100.18790164844306,99.3336664078882,100.06668198297649
2026-08-17 15:52:00-04:00,99.67184697011815,100.13641054632109,100.19810055014494,99.32267293504259,100.06676476236711
2026-08-17 15:53:00-04:00,99.73182131319915,100.0839449515822,100.17186972187942,99.3941179301949,100.0688533500692
2026-08-17 15:54:00-04:00,99.77651200574604,100.0664493036113,100.21558184111782,99.37076413776542,100.12623220306779
2026-08-17 15:55:00-04:00,99.84270892864234,100.03847121127953,100.21558184111782,99.37076413776542,100.23890768900827
2026-08-17 15:56:00-04:00,99.86760615420741,100.05246559473888,100.26948397025193,99.37623152471838,100.23473688124953
2026-08-17 15:57:00-04:00,99.94794028119016,100.05939340165352,100.21412358490238,99.41472125802227,100.19404762693138
2026-08-17 15:58:00-04:00,99.9592597132848,100.11542430842553,100.29424765049582,99.38725015425244,100.26707815240476
2026-08-17 15:59:00-04:00,99.76519947995531,100.12941869188488,100.25345204368828,99.24986109315203,100.26707815240476
2026-08-17 16:00:00-04:00,99.76519947995531,100.12941869188488,100.25345204368828,99.24986109315203,100.26707815240476
2026-08-18 13:30:00-04:00,100.0,100.0,100.00000000000001,100.0,100.0
2026-08-18 13:31:00-04:00,100.01072598627044,100.0,100.03058871358276,100.00555003513189,100.04152185026383
2026-08-18 13:32:00-04:00,100.07630440436357,100.00347842292771,100.0262227082429,100.00831659227843,100.05605734919642
2026-08-18 13:33:00-04:00,100.13531915921656,100.00347842292771,99.98396760157277,100.04158296139215,100.03010381666465
2026-08-18 13:34:00-04:00,100.15081871875256,99.98953281907988,99.98834249898053,100.01802069333984,100.03010381666465
2026-08-18 13:35:00-04:00,100.10789294330523,99.9965109396933,99.98688419984461,100.01386662741032,100.06612574841346
2026-08-18 13:36:00-04:00,99.98271035048943,100.00347842292771,99.9664857960775,100.01525413619329,100.0539853752858
2026-08-18 13:37:00-04:00,100.03159581573017,100.03136963062339,99.95046228971816,100.05544958880246,100.07889975270643
2026-08-18 13:38:00-04:00,100.14247224232638,100.04530459709225,99.9737683996892,100.02498361851292,100.14326400648028
2026-08-18 13:39:00-04:00,100.07808721754964,100.03136963062339,99.96066149160171,100.00277501756595,100.07682144248416
2026-08-18 13:40:00-04:00,100.04232180200061,100.08016328802235,99.96211979073763,99.97782524073065,100.06644256399612
2026-08-18 13:41:00-04:00,100.09239338376923,100.08016328802235,99.98551482138771,100.04297047017512,100.04256100537496
2026-08-18 13:42:00-04:00,100.01728237272205,100.0662921458274,99.99270850432039,100.06348698724042,100.04256100537496
2026-08-18 13:43:00-04:00,100.01669295285238,100.04530459709225,100.02038951169921,100.05822460636841,100.0420414278194
2026-08-18 13:44:00-04:00,99.98390374380581,100.0227959031624,100.05536201475763,100.07762434807181,100.05551876270589
2026-08-18 13:45:00-04:00,99.97854075067059,100.0312951689705,100.04370451373816,100.07069526457636,100.07682144248416
2026-08-18 13:46:00-04:00,99.86169008070395,100.05576114063338,100.04399795197892,100.06099116351496,100.07370397715076
2026-08-18 13:47:00-04:00,99.9037280879525,100.07667422771564,100.05390371562171,100.07208277335933,100.08097172661705
2026-08-18 13:48:00-04:00,99.9636378877928,100.07667422771564,100.07720982559276,100.10812416003898,100.06851453790674
2026-08-18 13:49:00-04:00,100.0518616717432,100.07667422771564,100.06701062370921,100.10673665125601,100.04048903146435
2026-08-18 13:50:00-04:00,100.01847576603843,100.06621768417452,100.07575152645684,100.13307393687427,100.04360016048611
2026-08-18 13:51:00-04:00,100.00595968979341,100.09061983156349,100.09032562574816,100.14554459508221,100.09550722554964
2026-08-18 13:52:00-04:00,100.0137094695614,100.06621768417452,100.10489083297158,100.17687352815142,100.07993890781756
2026-08-18 13:53:00-04:00,100.0518616717432,100.04530459709225,100.08740902747633,100.19684011795516,100.04567847070837
2026-08-18 13:54:00-04:00,100.01609625619419,100.06970674448122,100.11363173571921,100.15524869614362,100.04567847070837
2026-08-18 13:55:00-04:00,100.00357290316065,100.09410889187019,100.10197423469974,100.16356528842205,100.02076409328774
2026-08-18 13:56:00-04:00,99.93979185183062,100.08016328802235,100.0990665284958,100.14970712143113,100.00415028413289
2026-08-18 13:57:00-04:00,99.87779361368665,100.11502197895246,100.08595072834039,100.11821744039317,100.07578228737303
2026-08-18 13:58:00-04:00,99.82652863860164,100.10107637510461,100.04078791546632,100.12475734459585,100.09135694141675
2026-08-18 13:59:00-04:00,99.77765045014941,100.12896758280029,100.01456520722343,100.06930775579337,100.06644256399612
2026-08-18 14:00:00-04:00,99.83248832839506,100.10456543541132,99.98688419984461,100.08594094035024,100.02906466155352
2026-08-18 14:01:00-04:00,99.88733348342923,100.10805449571802,99.99708340172816,100.06930775579337,100.04982875484126
2026-08-18 14:02:00-04:00,99.84731842338772,100.18473936081266,99.99125909725238,100.13446144565725,100.08201088172818
2026-08-18 14:03:00-04:00,99.77347357354206,100.16381563635142,99.99443356549338,100.13878471997492,100.07889975270643
2026-08-18 14:04:00-04:00,99.80447269261404,100.15335909281028,99.9796015962329,100.14416554671865,100.0311429717758
2026-08-18 14:05:00-04:00,99.82414185196888,100.15684815311698,100.02038951169921,100.12753236216179,100.05605734919642
2026-08-18 14:06:00-04:00,99.81937555549185,100.18473936081266,100.01456520722343,100.1316864280913,100.02179691208723
2026-08-18 14:07:00-04:00,99.81341586569843,100.23353301821162,99.99562510259224,100.11366573475146,100.03529325590867
2026-08-18 14:08:00-04:00,99.72399868843164,100.25095704498717,100.03787131719447,100.11921576988335,100.07786059759529
2026-08-18 14:09:00-04:00,99.62742842805504,100.24747862205945,100.08449242920447,100.14416554671865,100.12665019732542
2026-08-18 14:10:00-04:00,99.58927622587326,100.23004395790491,100.09614993022394,100.1801984729789,100.07267115835127
2026-08-18 14:11:00-04:00,99.55768041014309,100.26490264883502,100.14859534670974,100.2051567102336,100.07474313226189
2026-08-18 14:12:00-04:00,99.64769428406807,100.25444610529388,100.16025284772921,100.24537754410099,100.09342891532737
2026-08-18 14:13:00-04:00,99.79672291284605,100.25095704498717,100.16462774513698,100.31327240985317,100.09550722554964
2026-08-18 14:14:00-04:00,99.78956982973625,100.2927938565307,100.15733624945737,100.30495581757475,100.0975855357719
2026-08-18 14:15:00-04:00,99.90819603610043,100.28233731298955,100.13694673775817,100.32020149334863,100.070592848129
2026-08-18 14:16:00-04:00,99.92727577558558,100.25095704498717,100.12237263846684,100.32436401969755,100.04567847070837
2026-08-18 14:17:00-04:00,99.95946101118544,100.23353301821162,100.1456876405058,100.35485537124532,100.05501819408528
2026-08-18 14:18:00-04:00,99.90879273275863,100.24398956175274,100.15879454859329,100.31881398456565,100.10589244034934
2026-08-18 14:19:00-04:00,99.97883909899969,100.20565244789492,100.15733624945737,100.30080175164524,100.15468204007945
2026-08-18 14:20:00-04:00,99.97317048074686,100.20565244789492,100.15151194498158,100.29386420773037,100.13080681776997
2026-08-18 14:21:00-04:00,99.9552914113666,100.21261993112935,100.16462774513698,100.30773083514069,100.20347163980958
2026-08-18 14:22:00-04:00,99.82469488789597,100.26839170914172,100.17191034874868,100.2924851593668,100.211778544387
2026-08-18 14:23:00-04:00,99.81102907906565,100.26839170914172,100.18065125149631,100.30634332635772,100.23462094789701
2026-08-18 14:24:00-04:00,99.87183392389323,100.22656553497718,100.22727236350632,100.22871897828591,100.19932135567669
2026-08-18 14:25:00-04:00,99.855213738926,100.21958741436377,100.26016412267569,100.23564806178136,100.15779950541285
2026-08-18 14:26:00-04:00,99.84679449461467,100.23353301821162,100.32054126373002,100.23703557056434,100.15364288496832
2026-08-18 14:27:00-04:00,99.85394757772447,100.21958741436377,100.34090409922553,100.24673967162575,100.16921753901204
2026-08-18 14:28:00-04:00,99.889720270062,100.21958741436377,100.40209041845894,100.26059783861665,100.18271388283348
2026-08-18 14:29:00-04:00,99.85514097104085,100.21610899143606,100.46925220732248,100.23015724958533,100.18271388283348
2026-08-18 14:30:00-04:00,99.86825374394408,100.21275821705613,100.39044180950737,100.26198534739963,100.20347163980958
2026-08-18 14:31:00-04:00,99.90044625633244,100.20216338758821,100.399182712255,100.29411802031262,100.13599625701399
2026-08-18 14:32:00-04:00,99.84679449461467,100.21261993112935,100.30299721375945,100.31881398456565,100.13599625701399
2026-08-18 14:33:00-04:00,99.82891542523441,100.25095704498717,100.24329586986566,100.31049739228723,100.12249991319253
2026-08-18 14:34:00-04:00,99.89747004982999,100.23702207851832,100.2724351763804,100.29386420773037,100.12976766265882
2026-08-18 14:35:00-04:00,100.00059669665819,100.20913087082265,100.17481805495264,100.3132977911114,100.10277497501592
2026-08-18 14:36:00-04:00,99.99105682691562,100.20565244789492,100.0932333319521,100.32436401969755,100.10175482883974
2026-08-18 14:37:00-04:00,100.05424118158746,100.21958741436377,100.119456040195,100.34931379653284,100.08718131203725
2026-08-18 14:38:00-04:00,100.10908633662162,100.1951959043538,100.15151194498158,100.34377222182036,100.08510300181497
2026-08-18 14:39:00-04:00,100.07212752775622,100.16730469665812,100.13403013948631,100.32990559441004,100.08305003683931
2026-08-18 14:40:00-04:00,100.09678128724352,100.19170684404709,100.08740902747633,100.32297651091457,100.07786059759529
2026-08-18 14:41:00-04:00,100.09836035035117,100.21958741436377,100.03583503364493,100.32020149334863,100.05813565941868
2026-08-18 14:42:00-04:00,100.13769866906082,100.23890489459846,100.05536201475763,100.35389088343277,100.03322128199805
2026-08-18 14:43:00-04:00,100.16094800836481,100.23702207851832,100.03204701271869,100.3853551832125,100.03737156613094
2026-08-18 14:44:00-04:00,100.125779289474,100.19170684404709,99.99708340172816,100.42971316217059,100.03112396284082
2026-08-18 14:45:00-04:00,100.14485175217062,100.16381563635142,99.98980079811645,100.41030496004778,100.01141803359918
2026-08-18 14:46:00-04:00,100.15579604209651,100.15684815311698,99.95046228971816,100.47822520705819,99.98338619084515
2026-08-18 14:47:00-04:00,100.20864008028917,100.14988066988256,99.9737683996892,100.52535820358223,99.96470040777967
2026-08-18 14:48:00-04:00,100.1621414016812,100.1203938553393,99.95046228971816,100.53506230464363,100.0
2026-08-18 14:49:00-04:00,100.10789294330523,100.1422749439091,99.92423958147526,100.53367479586066,100.02904565261856
2026-08-18 14:50:00-04:00,100.08643369397582,100.14639160957586,99.95337888799001,100.48792930811959,100.00857302966686
2026-08-18 14:51:00-04:00,99.99464428365329,100.11153291864575,99.97668499796106,100.49070432568554,100.12663118839046
2026-08-18 14:52:00-04:00,99.94336475499126,100.13244600572801,99.96502749694159,100.46020451371835,100.14949260083543
2026-08-18 14:53:00-04:00,99.940985245147,100.14980620822966,99.9329804842229,100.46436704006727,100.18894247718865
2026-08-18 14:54:00-04:00,99.84918128124744,100.18125030050595,99.87761846946528,100.47683769827522,100.15987147932347
2026-08-18 14:55:00-04:00,99.81579537554268,100.17776124019925,99.88053506773711,100.46020451371835,100.20347163980958
2026-08-18 14:56:00-04:00,99.80805287256321,100.16381563635142,99.90072895394248,100.44911290387398,100.211778544387
2026-08-18 14:57:00-04:00,99.78598964978708,100.14988066988256,99.88347834221267,100.3950592842739,100.22423573309732
2026-08-18 14:58:00-04:00,99.82176234212461,100.11502197895246,99.87761846946528,100.37010950743861,100.1920536062104
2026-08-18 14:59:00-04:00,99.85335088106628,100.10805449571802,99.81933985643579,100.36455947230672,100.14741429061316
2026-08-18 15:00:00-04:00,99.78062665665186,100.12896758280029,99.91549867872764,100.39641295137923,100.2221637591867
2026-08-18 15:01:00-04:00,99.81698876885908,100.11502197895246,99.87761846946528,100.44495883794447,100.21385685460928
2026-08-18 15:02:00-04:00,99.79076322305264,100.08714140863576,99.9198646840675,100.42693814460465,100.20451079492071
2026-08-18 15:03:00-04:00,99.70670903892106,100.13244600572801,99.87761846946528,100.43802975444902,100.22942517234134
2026-08-18 15:04:00-04:00,99.69359626601785,100.13942412634142,99.8863593722129,100.38119265686358,100.22423573309732
2026-08-18 15:05:00-04:00,99.70849912889565,100.15684815311698,99.86587204776677,100.33683467790549,100.2391640833524
2026-08-18 15:06:00-04:00,99.68823327288263,100.12896758280029,99.90238287857224,100.37426357336813,100.25745701509538
2026-08-18 15:07:00-04:00,99.61431565515183,100.13593506603472,99.99708340172816,100.4047633853353,100.29586773633746
2026-08-18 15:08:00-04:00,99.73949824796763,100.13593506603472,100.00000000000001,100.41307997761373,100.31248154549232
2026-08-18 15:09:00-04:00,99.75082093089627,100.14988066988256,99.99708340172816,100.35763038881126,100.35089226673439
2026-08-18 15:10:00-04:00,99.87243062055143,100.13593506603472,99.98834249898053,100.35000755092432,100.38826383286533
2026-08-18 15:11:00-04:00,99.70373283241861,100.11153291864575,99.99125909725238,100.33960969547144,100.41109990006369
2026-08-18 15:12:00-04:00,99.73890155130944,100.09061983156349,100.00874090274763,100.35070130531581,100.35919283500016
2026-08-18 15:13:00-04:00,99.70790243223745,100.08016328802235,100.05536201475763,100.3853551832125,100.3405070519347
2026-08-18 15:14:00-04:00,99.72280529511525,100.01393496646885,100.1252892367387,100.41307997761373,100.33012817344665
2026-08-18 15:15:00-04:00,99.81997225215004,99.98953281907988,100.11509003485513,100.43799591277138,100.32078211375809
2026-08-18 15:16:00-04:00,99.75559450416182,100.08714140863576,100.15442854325343,100.43876581093754,100.43498145868485
2026-08-18 15:17:00-04:00,99.73711146133486,100.17776124019925,100.17191034874868,100.4629795312843,100.3872246777542
2026-08-18 15:18:00-04:00,99.81758546551727,100.26490264883502,100.16171114686513,100.49070432568554,100.38930298797646
2026-08-18 15:19:00-04:00,99.83248832839506,100.26839170914172,100.17191034874868,100.44079631159555,100.39034214308761
2026-08-18 15:20:00-04:00,99.81579537554268,100.19170684404709,100.18210955063225,100.45188792143993,100.3633494554447
2026-08-18 15:21:00-04:00,99.8516117286113,100.21958741436377,100.18531069507695,100.46575454885026,100.37268917882162
2026-08-18 15:22:00-04:00,99.88315660682187,100.25444610529388,100.18065125149631,100.49347088283207,100.36957804979987
2026-08-18 15:23:00-04:00,99.89030968993167,100.24747862205945,100.21123996507907,100.46020451371835,100.37372833393275
2026-08-18 15:24:00-04:00,99.90700264278405,100.1951959043538,100.20395736146737,100.48654179933662,100.39138129819874
2026-08-18 15:25:00-04:00,99.86588151088833,100.17776124019925,100.24766187520552,100.45188792143993,100.36231030033358
2026-08-18 15:26:00-04:00,99.85037467456382,100.17776124019925,100.24475416900158,100.46020451371835,100.34466367237923
2026-08-18 15:27:00-04:00,99.97555726737963,100.14639160957586,100.21853146075868,100.4629795312843,100.3363567678018
2026-08-18 15:28:00-04:00,99.98688722709679,100.08365234832905,100.22143916696263,100.4726836323457,100.30832492504777
2026-08-18 15:29:00-04:00,100.0065563864516,100.07319580478793,100.24475416900158,100.43298734448163,100.3187481577174
2026-08-18 15:30:00-04:00,99.99112959480077,100.05228271770567,100.25349507174921,100.41030496004778,100.41213905517483
2026-08-18 15:31:00-04:00,99.99462973007626,100.05228271770567,100.28263437826395,100.42693814460465,100.42771370921855
2026-08-18 15:32:00-04:00,100.13472246255837,100.04530459709225,100.37004340574026,100.44495883794447,100.35089226673439
2026-08-18 15:33:00-04:00,100.17943105119177,100.02788057031668,100.38752521123553,100.45605044778885,100.32908901833551
2026-08-18 15:34:00-04:00,100.05662796822023,100.05918637666618,100.30011618375922,100.44079631159555,100.36231030033358
2026-08-18 15:35:00-04:00,100.13114228260922,100.01742402677556,100.31759798925448,100.47129612356274,100.30373743541081
2026-08-18 15:36:00-04:00,100.2068499903146,99.97559785261103,100.24475416900158,100.46020451371835,100.22839235354186
2026-08-18 15:37:00-04:00,100.25215527560619,99.97210879230433,100.27097687724448,100.49902091796396,100.20139966589896
2026-08-18 15:38:00-04:00,100.24976848897342,99.96165224876319,100.28554208446789,100.54337889692206,100.23462094789701
2026-08-18 15:39:00-04:00,100.23665571607019,99.97210879230433,100.27971777999211,100.49902091796396,100.32597788931376
2026-08-18 15:40:00-04:00,100.25572817876683,99.90239141044411,100.28554208446789,100.49070432568554,100.27199251402796
2026-08-18 15:41:00-04:00,100.3022268573748,99.90588047075082,100.27680118172026,100.47129612356274,100.17855726238895
2026-08-18 15:42:00-04:00,100.35111232261555,99.8989129875164,100.28991698187566,100.51426659373786,100.18063557261122
2026-08-18 15:43:00-04:00,100.42860284350698,99.83965214919732,100.30885708650685,100.49347088283207,100.12249991319253
2026-08-18 15:44:00-04:00,100.40714359417758,99.83965214919732,100.29428298721552,100.48376678177067,100.1484534457243
2026-08-18 15:45:00-04:00,100.40953038081035,99.82222812242176,100.33507979474975,100.54060387935611,100.10692525914881
2026-08-18 15:46:00-04:00,100.39999051106777,99.81873906211506,100.30011618375922,100.5356376131634,100.10381413012706
2026-08-18 15:47:00-04:00,100.33799227292381,99.81873906211506,100.30302388996316,100.44079631159555,100.10589244034934
2026-08-18 15:48:00-04:00,100.35647531575077,99.85708681335187,100.24912017434144,100.47129612356274,100.07051047607752
2026-08-18 15:49:00-04:00,100.35826540572535,99.89193486690299,100.259319376225,100.51842065966736,100.11004272448221
2026-08-18 15:50:00-04:00,100.44887597630853,99.8989129875164,100.25057847347738,100.55207620807386,100.1245782234148
2026-08-18 15:51:00-04:00,100.39641760790714,99.9302826181398,100.22639204878402,100.55169548920048,100.07038374984444
2026-08-18 15:52:00-04:00,100.38747443482275,99.97559785261103,100.26077767536093,100.51287908495487,100.10589244034934
2026-08-18 15:53:00-04:00,100.36303170220238,99.9965109396933,100.29719958548738,100.54892047163455,100.0975855357719
2026-08-18 15:54:00-04:00,100.3457420526918,99.98256533584545,100.30302388996316,100.53782886179016,100.04567847070837
2026-08-18 15:55:00-04:00,100.57107508583336,100.02091308708226,100.33802306922529,100.62238229335743,100.0166074728432
2026-08-18 15:56:00-04:00,100.53829315357531,99.98256533584545,100.30302388996316,100.66397371516898,99.95432152929163
2026-08-18 15:57:00-04:00,100.50610064118695,100.04530459709225,100.24792863724258,100.68337345687237,99.92317855751584
2026-08-18 15:58:00-04:00,100.57882486560135,100.11153291864575,100.27389347551632,100.71526077762253,99.99792168977773
2026-08-18 15:59:00-04:00,100.29388038094861,100.01045654354112,100.25349507174921,100.70416916777816,100.06228594355157
2026-08-18 16:00:00-04:00,100.29388038094861,100.01045654354112,100.25349507174921,100.70416916777816,100.06228594355157
2026-08-19 13:30:00-04:00,100.0,100.0,99.99999999999999,100.0,100.0
2026-08-19 13:31:00-04:00,99.96177683027196,99.97228078287276,99.98982200216923,99.96026130010029,99.96069677196765
2026-08-19 13:32:00-04:00,99.9469812501016,99.99307283967251,99.94911001084617,99.93563919139389,99.89971966557742
2026-08-19 13:33:00-04:00,99.98150176192331,99.94455098992822,99.93457508456301,99.97481422179148,99.89971966557742
2026-08-19 13:34:00-04:00,99.9457470307995,99.951488726073,99.92876288876602,99.98320948119432,99.892488729741
2026-08-19 13:35:00-04:00,99.92108522193972,99.94455098992822,99.9985447326554,99.95102907689126,99.87960428735184
2026-08-19 13:36:00-04:00,99.92231944124183,99.93762382960074,100.01890072831694,99.99440600721377,99.8914539361309
2026-08-19 13:37:00-04:00,99.89025984229687,99.9480198580006,100.0625143807478,99.93563919139389,99.88214710335714
2026-08-19 13:38:00-04:00,99.87176160422018,99.96188475447288,100.08577203751715,99.93563919139389,99.94136379866677
2026-08-19 13:39:00-04:00,99.8310775216154,99.98613510352773,100.05960384605862,99.8964556205493,99.95655759752725
2026-08-19 13:40:00-04:00,99.80518149345352,99.93068609345595,100.08868257220632,99.91324613935498,99.94442401147712
2026-08-19 13:41:00-04:00,99.82552353475592,99.97920794320024,100.1264840288402,99.88526763497686,99.97932305694943
2026-08-19 13:42:00-04:00,99.92356118627139,99.98267681127263,100.10321749848949,99.86007331632133,99.96071570111906
2026-08-19 13:43:00-04:00,99.88594007473951,100.01386489647226,100.07734213521616,99.87826446843532,99.97519019222617
2026-08-19 13:44:00-04:00,99.91553876080769,100.00692716032748,100.0625143807478,99.8553760704703,99.98242743777973
2026-08-19 13:45:00-04:00,99.94327859219527,100.02079205679975,100.03634618928928,99.90905277987707,99.97313953415738
2026-08-19 13:46:00-04:00,99.8958063034289,100.03812582134441,99.99417893062163,99.82649227870998,99.93383630612502
2026-08-19 13:47:00-04:00,99.84956823396463,100.06931390654404,99.9113085542123,99.8544793235351,99.93487109973512
2026-08-19 13:48:00-04:00,99.87854228465432,100.02079205679975,99.93748561925219,99.87969072308464,99.94210834528867
2026-08-19 13:49:00-04:00,99.80178739037272,100.02772979294453,99.93166454987383,99.83488753811281,99.97002253389282
2026-08-19 13:50:00-04:00,99.75031141460195,100.02772979294453,99.88226532239007,99.79291124109861,99.99741301597476
2026-08-19 13:51:00-04:00,99.7681925430276,100.01732318872736,99.96365381071071,99.71175137323982,100.05685686110124
2026-08-19 13:52:00-04:00,99.67756773305221,100.03126211592068,100.00145526734458,99.70196402097568,100.10234361192565
2026-08-19 13:53:00-04:00,99.79408104546201,100.01386489647226,100.0625143807478,99.71735390647305,100.09599603648809
2026-08-19 13:54:00-04:00,99.77744166206594,99.9937602677966,100.02471292411393,99.63339277199765,100.05065440915777
2026-08-19 13:55:00-04:00,99.74229651486571,99.96534304672798,99.98397431204675,99.67676970232016,100.02274022055364
2026-08-19 13:56:00-04:00,99.75463118215933,99.96188475447288,99.99273253685841,99.69496085443414,100.03514512444056
2026-08-19 13:57:00-04:00,99.75092852425301,99.97920794320024,99.99417893062163,99.72014663264267,100.02274022055364
2026-08-19 13:58:00-04:00,99.75770920468715,99.96881191480037,99.94620834973836,99.6865655950313,100.00827203916366
2026-08-19 13:59:00-04:00,99.78175390389586,99.99307283967251,99.94329781504918,99.69216812826453,100.0330818469375
2026-08-19 14:00:00-04:00,99.79285435188736,99.99653113192761,99.93748561925219,99.69216812826453,100.06409410665479
2026-08-19 14:01:00-04:00,99.75832631433819,100.05544901007177,99.99273253685841,99.69916275435907,100.08063187526497
2026-08-19 14:02:00-04:00,99.90875808037356,100.04852184974428,100.05611652858042,99.82089828592375,100.10130881831554
2026-08-19 14:03:00-04:00,99.8794679491309,100.03465695327202,100.07704930703096,99.88246636836024,100.0609897258245
2026-08-19 14:04:00-04:00,99.821211292926,100.07450663283532,100.08868257220632,99.72014663264267,100.05789165471134
2026-08-19 14:05:00-04:00,99.8027130548493,100.09356425559888,100.0334356546001,99.68936686164791,99.9968956191697
2026-08-19 14:06:00-04:00,99.5906380552557,100.12476291661581,99.9667063227018,99.6879662283396,100.02067694305059
2026-08-19 14:07:00-04:00,99.49877902597821,100.14555497341556,99.96074327602153,99.7112218655257,99.98965837361615
2026-08-19 14:08:00-04:00,99.48028078790152,100.20100398348734,99.96074327602153,99.67817033562847,99.97622498583627
2026-08-19 14:09:00-04:00,99.4747343267695,100.17321073563905,99.94911001084617,99.67817033562847,99.99793041277981
2026-08-19 14:10:00-04:00,99.45992369514421,100.18713908701507,100.0043569284524,99.68097160224508,100.05478727388105
2026-08-19 14:11:00-04:00,99.40691999670072,100.27723447454157,100.04797058088326,99.7075580137619,100.12818821330958
2026-08-19 14:12:00-04:00,99.46239965947588,100.23911922901445,100.03924785039709,99.68097160224508,100.18814945524112
2026-08-19 14:13:00-04:00,99.52035528658271,100.24604638934194,100.0334356546001,99.66698235005602,100.09717595359228
2026-08-19 14:14:00-04:00,99.51172327719541,100.25644241774182,100.0319803872555,99.64039593853919,100.13646025247324
2026-08-19 14:15:00-04:00,99.57028848822584,100.24951525741433,100.0319803872555,99.59001584167514,100.08477104970537
2026-08-19 14:16:00-04:00,99.50154849368049,100.30149539941371,100.03593800454628,99.61660225319197,100.07442942332152
2026-08-19 14:17:00-04:00,99.52898729597,100.25471855952291,100.00145526734458,99.6865655950313,100.03721471166077
2026-08-19 14:18:00-04:00,99.67448218479694,100.19406624734256,99.9752782023047,99.72154726595097,100.05375878998808
2026-08-19 14:19:00-04:00,99.67941153627791,100.22179604028709,99.95493108022454,99.75933020348725,100.01240490388693
2026-08-19 14:20:00-04:00,99.64735193733296,100.2114000118872,99.9694660065077,99.75373621070102,100.066163693875
2026-08-19 14:21:00-04:00,99.58077182656629,100.22179604028709,99.96655547181852,99.80270713380976,100.05168920276788
2026-08-19 14:22:00-04:00,99.53268242814886,100.24258809708684,100.01273358926515,99.72045408873473,100.05065440915777
2026-08-19 14:23:00-04:00,99.56104689491495,100.22525433254219,100.01596357288363,99.77892198890954,100.03928429888096
2026-08-19 14:24:00-04:00,99.55549290805547,100.20793114381482,100.04652418712004,99.75933020348725,100.03514512444056
2026-08-19 14:25:00-04:00,99.60666785472817,100.23565036094206,100.04250445475968,99.7509349440844,100.09717595359228
2026-08-19 14:26:00-04:00,99.59433318743456,100.19406624734256,99.99275915760252,99.69216812826453,100.09303677915189
2026-08-19 14:27:00-04:00,99.6461252437583,100.18713908701507,99.97673346964929,99.65298455741994,100.09097350164883
2026-08-19 14:28:00-04:00,99.66153793357974,100.25644241774182,100.00145526734458,99.6879662283396,100.08890391442863
2026-08-19 14:29:00-04:00,99.70160490653348,100.22872320061458,99.96365381071071,99.7075580137619,100.07856859776192
2026-08-19 14:30:00-04:00,99.79162013258525,100.21485830414231,100.01453492628316,99.73694569189534,100.11371372220246
2026-08-19 14:31:00-04:00,99.76325566581917,100.20793114381482,100.01599019362774,99.76209730831586,100.10751127025901
2026-08-19 14:32:00-04:00,99.75585787573398,100.15940929407054,100.0043569284524,99.74813367746779,100.0630593130447
2026-08-19 14:33:00-04:00,99.70160490653348,100.20100398348734,100.04506891977545,99.80130650050145,100.0620245194346
2026-08-19 14:34:00-04:00,99.78422234250007,100.20793114381482,100.06832657654479,99.790109974482,100.08890391442863
2026-08-19 14:35:00-04:00,99.77497322346173,100.21493233486336,100.09886057003709,99.80970175990429,100.10130881831554
2026-08-19 14:36:00-04:00,99.675099294448,100.23565036094206,100.05524691760621,99.77612072229293,100.09303677915189
2026-08-19 14:37:00-04:00,99.5832402651705,100.25644241774182,100.08868257220632,99.78451598169578,100.16106183958163
2026-08-19 14:38:00-04:00,99.59248938420885,100.25644241774182,100.06841531235848,99.78168909373815,100.14266270441671
2026-08-19 14:39:00-04:00,99.59741873568983,100.27030731421408,100.0639696480924,99.75933020348725,100.14886515636016
2026-08-19 14:40:00-04:00,99.6535230338435,100.27723447454157,100.04942584822786,99.72294789925928,100.1747097577441
2026-08-19 14:41:00-04:00,99.72010314461016,100.27723447454157,100.04506891977545,99.6815267313002,100.16540292497034
2026-08-19 14:42:00-04:00,99.72257158321437,100.24258809708684,100.01890072831694,99.67817033562847,100.08373625609528
2026-08-19 14:43:00-04:00,99.78422234250007,100.20100398348734,99.98255453902765,99.65158392411163,100.0359338390824
2026-08-19 14:44:00-04:00,99.81874285432178,100.18540465297887,99.87962099514198,99.66558171674771,100.04548675082442
2026-08-19 14:45:00-04:00,99.74106229556361,100.20793114381482,99.95056527819077,99.7495343107761,100.04341716360422
2026-08-19 14:46:00-04:00,99.74229651486571,100.24258809708684,99.9113085542123,99.75652893687064,99.97725346972923
2026-08-19 14:47:00-04:00,99.81381350284082,100.24258809708684,99.92004015827983,99.79571250771522,99.96898774028271
2026-08-19 14:48:00-04:00,99.84956823396463,100.2114000118872,99.91567435624607,99.71315200654813,99.99170903168495
2026-08-19 14:49:00-04:00,99.84771690501147,100.24951525741433,99.98094842079978,99.77752135560124,100.03928429888096
2026-08-19 14:50:00-04:00,99.90320409351409,100.25991128581421,99.96655547181852,99.85671692064959,100.00930052305662
2026-08-19 14:51:00-04:00,99.9044383128162,100.25644241774182,99.97237654119688,99.790109974482,99.99586713527674
2026-08-19 14:52:00-04:00,99.91430454150559,100.28417221068635,99.94038728036,99.79154476957831,99.96381377223221
2026-08-19 14:53:00-04:00,99.86191042698569,100.27377618228647,100.07269237857857,99.77612072229293,99.97002253389282
2026-08-19 14:54:00-04:00,99.95067638228046,100.30843313555849,100.1264840288402,99.77612072229293,99.95864611389885
2026-08-19 14:55:00-04:00,100.00863200938728,100.31189142781359,100.21080967259412,99.8125030265209,100.00827203916366
2026-08-19 14:56:00-04:00,99.85327089187095,100.40199739115738,100.17590987706807,99.74673304415948,100.03721471166077
2026-08-19 14:57:00-04:00,99.79531526476411,100.41239341955726,100.18132276170343,99.76912609619839,100.05685686110124
2026-08-19 14:58:00-04:00,99.8742300428244,100.39852852308499,100.12066295946184,99.81530429313752,100.04134757638403
2026-08-19 14:59:00-04:00,99.94327859219527,100.36734043788536,100.1541074876433,99.78032262221785,100.02791418860414
2026-08-19 15:00:00-04:00,100.02342758955766,100.33962122075812,100.14684002450173,99.80410776711807,100.02894267249711
2026-08-19 15:01:00-04:00,99.95376193053572,100.33962122075812,100.1250287614956,99.83768880472942,100.03928429888096
2026-08-19 15:02:00-04:00,99.94820794367625,100.32228745621347,100.1272116625125,99.74253968468157,100.10751127025901
2026-08-19 15:03:00-04:00,99.9044383128162,100.35347554141309,100.12066295946184,99.71455263985644,100.13646025247324
2026-08-19 15:04:00-04:00,99.89087695194793,100.31674572795147,100.11485076366485,99.80130650050145,100.11474851581256
2026-08-19 15:05:00-04:00,99.8853304908159,100.27723447454157,100.14974168560954,99.75933020348725,100.1106156510893
2026-08-19 15:06:00-04:00,99.95622284341249,100.3049642674861,100.08868257220632,99.76912609619839,100.08890391442863
2026-08-19 15:07:00-04:00,100.01232714156616,100.30149539941371,100.11194022897566,99.73134315866211,100.08477104970537
2026-08-19 15:08:00-04:00,100.02144832323782,100.23911922901445,100.16137495078489,99.80830112659598,100.15506760830363
2026-08-19 15:09:00-04:00,99.9488250533273,100.29109937101384,100.18463260755424,99.75328356700993,100.15001983459582
2026-08-19 15:10:00-04:00,99.93588080211009,100.33615235268573,100.17300821596025,99.86007331632133,100.15508653745502
2026-08-19 15:11:00-04:00,100.04931609199208,100.33268348461334,100.24279005984964,99.83628817142112,100.20882639829169
2026-08-19 15:12:00-04:00,100.13686287943965,100.29456823908623,100.20353333587117,99.83768880472942,100.1757445513542
2026-08-19 15:13:00-04:00,100.07028276867298,100.33268348461334,100.25442332502499,99.88246636836024,100.16333964746728
2026-08-19 15:14:00-04:00,100.16398560117618,100.32575632428586,100.20207806852657,99.87126984234078,100.11166937385082
2026-08-19 15:15:00-04:00,100.20207330781008,100.32922519235825,100.1919355650213,99.85728059015172,100.1395583235864
2026-08-19 15:16:00-04:00,100.03513762147277,100.39852852308499,100.1875165214993,99.84608406413227,100.16747251219054
2026-08-19 15:17:00-04:00,100.04855599351944,100.45744640122916,100.13229622463719,99.85167805691849,100.15713719552382
2026-08-19 15:18:00-04:00,100.15165845961002,100.4851656183564,100.18463260755424,99.84608406413227,100.16333964746728
2026-08-19 15:19:00-04:00,100.12730520557578,100.4851656183564,100.20935440524953,99.8544793235351,100.17677934496429
2026-08-19 15:20:00-04:00,100.19604520012113,100.47476958995652,100.17009768127106,99.91045341318538,100.16643771858044
2026-08-19 15:21:00-04:00,100.1146695091841,100.49210335450118,100.13520675932637,99.84888533074889,100.1261186260894
2026-08-19 15:22:00-04:00,100.21701187680203,100.50595767515615,100.15265222029872,99.89925688716592,100.10410402300624
2026-08-19 15:23:00-04:00,100.36373345920363,100.44018666740556,100.14684002450173,99.93563919139389,100.0951063663721
2026-08-19 15:24:00-04:00,100.3797632586761,100.4401126366845,100.21650651183332,99.92404980481236,100.05996124193153
2026-08-19 15:25:00-04:00,100.4198377573573,100.41586228762965,100.1541074876433,99.94263381748843,100.01240490388693
2026-08-19 15:26:00-04:00,100.48135305354886,100.33268348461334,100.1218342722026,99.96362623621903,100.01860735583038
2026-08-19 15:27:00-04:00,100.38099747797821,100.37427817403014,100.11772580402855,99.97761548840809,100.066163693875
2026-08-19 15:28:00-04:00,100.41552551552738,100.38813249468512,100.03052511991092,99.91884867258821,100.01860735583038
2026-08-19 15:29:00-04:00,100.31275418144469,100.41586228762965,100.05948848950082,99.88106573505193,100.01860735583038
2026-08-19 15:30:00-04:00,100.38531724553559,100.45744640122916,100.13520675932637,99.93003665816066,100.05478727388105
2026-08-19 15:31:00-04:00,100.34585985650544,100.38813249468512,100.18027567910183,99.97761548840809,100.09303677915189
2026-08-19 15:32:00-04:00,100.42785265709354,100.350017249158,100.19045367693259,100.03638230422797,100.10751127025901
2026-08-19 15:33:00-04:00,100.43279706002942,100.31536029588598,100.20498860321577,100.00839525940283,100.09574995751984
2026-08-19 15:34:00-04:00,100.51786035741786,100.35347554141309,100.21080967259412,99.94403445079674,100.05685686110124
2026-08-19 15:35:00-04:00,100.3982614967528,100.33268348461334,100.14828641826495,99.85167805691849,100.08166666887507
2026-08-19 15:36:00-04:00,100.36620189780784,100.31882916395837,100.14101895512336,99.79850523388484,99.9968956191697
2026-08-19 15:37:00-04:00,100.25954728835998,100.3049642674861,100.14101895512336,99.82369955254036,99.96175049472916
2026-08-19 15:38:00-04:00,100.28728711974756,100.28417221068635,100.19772114007418,99.7887178816207,99.93487109973512
2026-08-19 15:39:00-04:00,100.30701957712637,100.3049642674861,100.23406732936347,99.76772546289008,99.89765638807437
2026-08-19 15:40:00-04:00,100.30208269991793,100.2830617498705,100.28059151648351,99.78183428133718,99.93694068695531
2026-08-19 15:41:00-04:00,100.31688580581576,100.30149539941371,100.29512644276667,99.72014663264267,99.96484856584232
2026-08-19 15:42:00-04:00,100.29284110660704,100.29803710715862,100.29222478165887,99.74271049362162,99.93694068695531
2026-08-19 15:43:00-04:00,100.2620157269642,100.33268348461334,100.24570059453882,99.76772546289008,99.91936181501791
2026-08-19 15:44:00-04:00,100.28575187134739,100.27723447454157,100.33292789940056,99.82649227870998,99.9565828363958
2026-08-19 15:45:00-04:00,100.43710177613188,100.2633801538866,100.28350205117269,99.84888533074889,99.96795294667261
2026-08-19 15:46:00-04:00,100.557317746448,100.24604638934194,100.21807713573571,99.92724393199106,99.87801423863388
2026-08-19 15:47:00-04:00,100.53081213436253,100.23219206868697,100.22534459887729,99.96082496960241,99.90075445918752
2026-08-19 15:48:00-04:00,100.53204635366464,100.24951525741433,100.2195324030803,99.89086162776307,99.85630250197322
2026-08-19 15:49:00-04:00,100.53019502471147,100.19059737927016,100.2553195567433,99.90765214656876,99.91006129196128
2026-08-19 15:50:00-04:00,100.48826919707713,100.06931390654404,100.24860225564663,99.96082496960241,99.97415539861608
2026-08-19 15:51:00-04:00,100.49197185498345,100.01039602839987,100.24570059453882,99.95523097681618,99.99793041277981
2026-08-19 15:52:00-04:00,100.56132895917985,100.02426092487214,100.27913624913893,99.96362623621903,100.04908328959122
2026-08-19 15:53:00-04:00,100.63499830520618,100.02772979294453,100.27186878599734,99.9804167550247,100.01033531666673
2026-08-19 15:54:00-04:00,100.49936964506863,100.04852184974428,100.33292789940056,100.00839525940283,100.00516765833336
2026-08-19 15:55:00-04:00,100.40319084823376,99.99307283967251,100.17300821596025,99.98601074781094,100.13025780052978
2026-08-19 15:56:00-04:00,100.42415752491468,100.10396028399876,100.22097879684351,99.98463573584363,100.18814945524112
2026-08-19 15:57:00-04:00,100.4512802466512,100.12476291661581,100.23697786405265,99.93143729146897,100.13232107803285
2026-08-19 15:58:00-04:00,100.47223939760465,100.14208610534317,100.23987952516046,99.98741138111924,100.08890391442863
2026-08-19 15:59:00-04:00,100.60293870626123,100.0866370952714,100.25151279033581,99.99720727383038,100.16954209941073
2026-08-19 16:00:00-04:00,100.60293870626123,100.0866370952714,100.25151279033581,99.99720727383038,100.16954209941073
2026-08-20 13:30:00-04:00,100.0,100.0,100.0,100.0,100.0
2026-08-20 13:31:00-04:00,99.95210442101937,99.99650362732676,100.0073550346823,99.9886930405449,100.0311429717758
2026-08-20 13:32:00-04:00,99.93716695410089,99.98952154165305,99.97361314199745,99.9293465966009,100.0539853752858
2026-08-20 13:33:00-04:00,99.98569283798962,99.98252879630655,99.94370087807661,99.93499576398693,100.07100470838647
2026-08-20 13:34:00-04:00,100.01244662342623,99.94760770826522,99.91643714245987,99.98021497712433,100.09965750968252
2026-08-20 13:35:00-04:00,100.08149918402093,99.94061496291873,99.87831980943481,99.93217549263544,100.070592848129
2026-08-20 13:36:00-04:00,100.09145496395492,99.95458979393894,99.88858285661316,99.91521936579429,100.0539853752858
2026-08-20 13:37:00-04:00,100.07963105140175,99.94061496291873,99.88415372988841,99.84738623374669,100.04567847070837
2026-08-20 13:38:00-04:00,100.12691151354434,99.98952154165305,99.88564800092485,99.86152208923633,100.06228594355157
2026-08-20 13:39:00-04:00,100.15677125931123,99.94760770826522,99.89298514014563,99.88412738346351,100.0269926876429
2026-08-20 13:40:00-04:00,100.07029798234083,99.95458979393894,99.89151771230146,99.85304402581575,100.04567847070837
2026-08-20 13:41:00-04:00,100.07900834052867,99.94760770826522,99.86662512533535,99.87847821607747,99.98569260828694
2026-08-20 13:42:00-04:00,100.05536810945738,99.9720503379596,99.89005028445732,99.85021512978122,100.0508679099524
2026-08-20 13:43:00-04:00,100.07527966932534,99.96856462495913,99.89430045656691,99.85304402581575,100.03737156613094
2026-08-20 13:44:00-04:00,100.12256013146794,99.99650362732676,99.89063188695653,99.8134739800644,100.11834962905965
2026-08-20 13:45:00-04:00,100.12256013146794,99.96150792157593,99.93988914477411,99.79445655397858,100.0539853752858
2026-08-20 13:46:00-04:00,100.08522785522428,99.95808616661218,99.93402838112824,99.83608789897461,100.09342891532737
2026-08-20 13:47:00-04:00,100.0976744786505,99.8917190438572,99.93402838112824,99.81630287609893,100.10069666479366
2026-08-20 13:48:00-04:00,100.09891990039664,99.877744212837,100.00293485568832,99.8389081703261,100.11938244785912
2026-08-20 13:49:00-04:00,100.12503578689011,99.91490383216302,99.97985865806588,99.81913177213346,100.11687326844444
2026-08-20 13:50:00-04:00,100.10016532214276,99.90568321520462,99.98094133348748,99.80782481267836,100.17855726238895
2026-08-20 13:51:00-04:00,100.13437644998606,99.90568321520462,99.97381893980486,99.80923926069563,100.15987147932347
2026-08-20 13:52:00-04:00,100.10140314985385,99.93711859024548,99.94282400046242,99.85727874518452,100.10464418695364
2026-08-20 13:53:00-04:00,100.12628880267128,99.9790430833061,99.94282400046242,99.90391240633919,100.10238212369342
2026-08-20 13:54:00-04:00,100.14992903374258,99.98252879630655,99.92229790610574,99.9094494528458,100.07889975270643
2026-08-20 13:55:00-04:00,100.11322706240702,99.95109342126568,99.92816761748237,99.91521936579429,100.0539853752858
2026-08-20 13:56:00-04:00,100.16164662980522,99.94760770826522,99.93402838112824,99.89401989490135,100.00415028413289
2026-08-20 13:57:00-04:00,100.1101135080417,99.94061496291873,99.97800647779916,99.90674130237372,99.98546450106741
2026-08-20 13:58:00-04:00,100.12006928797568,99.95458979393894,99.9516196197966,99.91239046975976,99.9896147852003
2026-08-20 13:59:00-04:00,100.13127048965579,99.92664013189852,99.96628495050741,99.90956157372523,99.95432152929163
2026-08-20 14:00:00-04:00,100.1213147097218,99.91965804622482,99.88858285661316,99.88695627949804,99.94186434058132
2026-08-20 14:01:00-04:00,100.1101135080417,99.91616167355157,99.84313733209807,99.95478078686261,99.90137530911697
2026-08-20 14:02:00-04:00,100.08771869871653,99.87076212716329,99.73277602094056,99.9222829811976,99.85174931624861
2026-08-20 14:03:00-04:00,100.14433222992004,99.8847262985107,99.72145714153288,99.97173691370375,99.86711487200778
2026-08-20 14:04:00-04:00,100.11757844448343,99.90917958787786,99.71412895004285,99.98855504561638,99.79922129264307
2026-08-20 14:05:00-04:00,99.99315777443134,99.89520475685767,99.68188132839443,99.98134481060154,99.81520780694424
2026-08-20 14:06:00-04:00,99.98693825973574,99.92664013189852,99.66429008972605,99.99435083261397,99.80916930193868
2026-08-20 14:07:00-04:00,99.95085899927325,99.94061496291873,99.67015085337192,99.94630272344205,99.858814303742
2026-08-20 14:08:00-04:00,99.93468370464367,99.94760770826522,99.64668990332693,100.00282889603454,99.85673599351973
2026-08-20 14:09:00-04:00,99.9720083868523,99.94411133559197,99.6510921868594,99.97739470577282,99.79652202387877
2026-08-20 14:10:00-04:00,99.92348250296357,99.96150792157593,99.59978589869844,99.96325885028318,99.78821511930134
2026-08-20 14:11:00-04:00,99.94463948457765,99.93363287724502,99.62323790101269,99.98728721721066,99.82766499565456
2026-08-20 14:12:00-04:00,99.98569283798962,99.91965804622482,99.60858151803264,99.98103432201238,99.82143640129941
2026-08-20 14:13:00-04:00,100.00311355436531,99.92664013189852,99.6115074259902,99.98021497712433,99.81805281087657
2026-08-20 14:14:00-04:00,99.96080718517219,99.91267596055111,99.58805542367595,99.95196051551112,99.80067864432331
2026-08-20 14:15:00-04:00,99.95023628840019,99.93363287724502,99.60561981915205,99.97173691370375,99.81520780694424
2026-08-20 14:16:00-04:00,99.82201860082942,99.92315441889806,99.56169540886566,99.93499576398693,99.79652202387877
2026-08-20 14:17:00-04:00,99.84509687330795,99.89520475685767,99.6144422816785,99.96043857893169,99.79237173974589
2026-08-20 14:18:00-04:00,99.95832393571497,99.84281246512289,99.63203352034688,99.90108351030464,99.80690723867848
2026-08-20 14:19:00-04:00,99.96454345041057,99.87076212716329,99.6877420920403,99.8954343429186,99.82766499565456
2026-08-20 14:20:00-04:00,99.9919123526852,99.8987011295309,99.71559637788701,99.96750219433498,99.841161339476
2026-08-20 14:21:00-04:00,99.94712273403486,99.8987011295309,99.71415579323512,99.96325885028318,99.86088627765261
2026-08-20 14:22:00-04:00,99.91104347357238,99.8987011295309,99.71706380573117,99.96184440226592,99.88787896529551
2026-08-20 14:23:00-04:00,99.89859685014615,99.91965804622482,99.6760116170178,99.99717110396547,99.91487165293842
2026-08-20 14:24:00-04:00,99.92192572578091,99.92315441889806,99.6393617118369,99.96467329830045,99.87023233734118
2026-08-20 14:25:00-04:00,99.85505265324193,99.90219750220416,99.64962475901524,99.94904537264625,99.8578385117474
2026-08-20 14:26:00-04:00,99.87060523699844,99.8987011295309,99.64106178068074,99.93217549263544,99.89192786844195
2026-08-20 14:27:00-04:00,99.78662280352029,99.90219750220416,99.65258645789584,99.93217549263544,99.90033615400583
2026-08-20 14:28:00-04:00,99.80404351989598,99.89220938880527,99.66429008972605,99.95760968289714,99.93770772013677
2026-08-20 14:29:00-04:00,99.77417618009406,99.8847262985107,99.63203352034688,99.96891664235226,99.96158927875793
2026-08-20 14:30:00-04:00,99.7766442414812,99.89520475685767,99.64126757848815,99.95478078686261,99.93521754965704
2026-08-20 14:31:00-04:00,99.74805269956555,99.87076212716329,99.65842037834943,99.97173691370375,99.94809293493647
2026-08-20 14:32:00-04:00,99.71321126681414,99.91267596055111,99.6877420920403,99.92086853318033,99.95017124515874
2026-08-20 14:33:00-04:00,99.67215791340217,99.91965804622482,99.67308570906025,99.86717125662236,99.95120406395823
2026-08-20 14:34:00-04:00,99.68459694279338,99.94760770826522,99.68188132839443,99.88837072751531,99.94809293493647
2026-08-20 14:35:00-04:00,99.73312282668209,99.94061496291873,99.72732685290951,99.93499576398693,99.96885702822422
2026-08-20 14:36:00-04:00,99.85442994236887,99.92664013189852,99.79622437973883,99.9222829811976,100.01141803359918
2026-08-20 14:37:00-04:00,99.89798173330811,99.94411133559197,99.76837009389212,99.93782466002148,99.99896084488887
2026-08-20 14:38:00-04:00,99.89113191370443,99.94411133559197,99.76397675809041,99.96608774631773,99.98131421693454
2026-08-20 14:39:00-04:00,99.89921956101921,99.91965804622482,99.71412895004285,99.92651770056636,99.97715759648999
2026-08-20 14:40:00-04:00,99.90979805182624,99.88124058551024,99.70973561424114,99.90815575039099,99.98131421693454
2026-08-20 14:41:00-04:00,99.8513239820386,99.89520475685767,99.74638551942203,99.9180396371458,100.0166074728432
2026-08-20 14:42:00-04:00,99.8689725194654,99.8917190438572,99.80944912579776,99.89783200480154,100.02906466155352
2026-08-20 14:43:00-04:00,99.8712279478715,99.91267596055111,99.7888961882488,99.90956157372523,100.02491437742063
2026-08-20 14:44:00-04:00,99.85940403531833,99.90917958787786,99.78010056891462,99.88978517553258,100.06077156506645
2026-08-20 14:45:00-04:00,99.8475877168002,99.8847262985107,99.75810704671377,99.88837072751531,100.05605734919642
2026-08-20 14:46:00-04:00,99.8413682021046,99.8917190438572,99.75371371091207,99.8247809395195,100.11834962905965
2026-08-20 14:47:00-04:00,99.85424768552797,99.8917190438572,99.77569828538215,99.84456596239518,100.141185696258
2026-08-20 14:48:00-04:00,99.8475877168002,99.90568321520462,99.77569828538215,99.8389081703261,100.14741429061316
2026-08-20 14:49:00-04:00,99.88491239900883,99.93369683528172,99.74345066373373,99.80502179069292,100.15773614229633
2026-08-20 14:50:00-04:00,99.86749168263313,99.94061496291873,99.74638551942203,99.83608789897461,100.15156457474605
2026-08-20 14:51:00-04:00,99.87807017344016,99.94760770826522,99.77502720557537,99.77673283034757,100.1768147766843
2026-08-20 14:52:00-04:00,99.84883313854634,99.96856462495913,99.7197033863045,99.74564947269982,100.1173104739485
2026-08-20 14:53:00-04:00,99.82643832922116,99.94760770826522,99.73758990008785,99.7428205766653,100.1245782234148
2026-08-20 14:54:00-04:00,99.74183318486995,99.98043950044082,99.73465504439953,99.75554198413766,100.15158991999266
2026-08-20 14:55:00-04:00,99.78911364701254,99.97554671063284,99.74755767215122,99.75977670350643,100.13095255293798
2026-08-20 14:56:00-04:00,99.76920208714459,99.97554671063284,99.76250933024625,99.73434251324471,100.10796441425995
2026-08-20 14:57:00-04:00,99.79906183291148,100.01047845834695,99.75493955002578,99.77365381850511,100.1141930086151
2026-08-20 14:58:00-04:00,99.72814113969758,99.94760770826522,99.73025276086706,99.7541275361204,100.13495710190284
2026-08-20 14:59:00-04:00,99.7269033119865,99.96157187961263,99.70823239547396,99.74564947269982,100.09550722554964
2026-08-20 15:00:00-04:00,99.7653215352405,99.94760770826522,99.7317470319035,99.63542602354936,100.13910738603573
2026-08-20 15:01:00-04:00,99.7785351562055,99.84281246512289,99.75810704671377,99.63542602354936,100.12768935243655
2026-08-20 15:02:00-04:00,99.82768375096728,99.83017009320072,99.75488586364123,99.64814743102173,100.13495710190284
2026-08-20 15:03:00-04:00,99.82394748572891,99.82535192110223,99.74638551942203,99.65803994245957,100.09239609652788
2026-08-20 15:04:00-04:00,99.87869288431322,99.87076212716329,99.75077885522376,99.66086883849411,100.0975855357719
2026-08-20 15:05:00-04:00,99.85070127116552,99.84979455079659,99.76101505920983,99.68630302875582,100.06332509866272
2026-08-20 15:06:00-04:00,99.89859685014615,99.8637693818168,99.72882112394593,99.6976013635279,100.08823947608334
2026-08-20 15:07:00-04:00,99.8948681789428,99.94061496291873,99.76983752173628,99.68347413272129,100.10279398395089
2026-08-20 15:08:00-04:00,99.97574465209067,99.88822267118395,99.75810704671377,99.66086883849411,100.08305003683931
2026-08-20 15:09:00-04:00,100.1290985956351,99.94061496291873,99.81088971044964,99.68488858073856,100.06436425377385
2026-08-20 15:10:00-04:00,100.08087647314787,99.89925543251569,99.81234819056304,99.67216717326617,100.070592848129
2026-08-20 15:11:00-04:00,100.092692791666,99.8919215776401,99.79328952405052,99.73152224189322,100.05190706506353
2026-08-20 15:12:00-04:00,100.08771869871653,99.87076212716329,99.80443839657381,99.67779046660313,100.05709650430755
2026-08-20 15:13:00-04:00,100.08771869871653,99.84979455079659,99.8504655235881,99.67499606930072,100.05190706506353
2026-08-20 15:14:00-04:00,100.17481468656,99.82535192110223,99.887115428769,99.65238215039051,100.0975855357719
2026-08-20 15:15:00-04:00,100.20591985407302,99.74500996732704,99.90031333163566,99.67782496533525,100.14326400648028
2026-08-20 15:16:00-04:00,100.22147243782953,99.73802788165332,99.90470666743737,99.69619554019366,100.14326400648028
2026-08-20 15:17:00-04:00,100.32660425888673,99.80089863173507,99.887115428769,99.64390408696993,100.09135694141675
2026-08-20 15:18:00-04:00,100.39192814827808,99.80788071740876,99.89005028445732,99.65945439047684,100.05605734919642
2026-08-20 15:19:00-04:00,100.39877037384674,99.7834380877144,99.90787416412536,99.66934690191468,100.02283606719836
2026-08-20 15:20:00-04:00,100.4609807088728,99.80089863173507,99.89005028445732,99.66086883849411,99.99065394031143
2026-08-20 15:21:00-04:00,100.46988091793658,99.83931609244964,99.89887274698377,99.63825491958389,100.02283606719836
2026-08-20 15:22:00-04:00,100.52568188739109,99.78692380071486,99.93988914477411,99.6947810921764,100.01245718871031
2026-08-20 15:23:00-04:00,100.58291053543263,99.7834380877144,99.92039203945448,99.68630302875582,99.98235337204567
2026-08-20 15:24:00-04:00,100.57918186422928,99.79391654606135,99.94135657261826,99.6636891098456,100.06228594355157
2026-08-20 15:25:00-04:00,100.50204165631979,99.72397843292363,99.94282400046242,99.67358162128345,100.03944987635322
2026-08-20 15:26:00-04:00,100.51075201450764,99.72754942330637,99.98680209713335,99.66934690191468,100.05813565941868
2026-08-20 15:27:00-04:00,100.57296234953368,99.77644534236791,99.93106668224765,99.65775532791952,100.0311429717758
2026-08-20 15:28:00-04:00,100.59037547187435,99.74850634000029,99.93988914477411,99.63540014950026,100.0539853752858
2026-08-20 15:29:00-04:00,100.59908583006221,99.73802788165332,99.95308704764076,99.60434266590161,100.0903177863056
2026-08-20 15:30:00-04:00,100.59411173711273,99.82954117250644,100.02199352220084,99.59869349851557,100.06644256399612
2026-08-20 15:31:00-04:00,100.64139219925532,99.87076212716329,99.99267180850998,99.57325068357082,99.97715759648999
2026-08-20 15:32:00-04:00,100.62842918144655,99.94760770826522,100.00293485568832,99.56195234879874,100.00622859435516
2026-08-20 15:33:00-04:00,100.5928663153666,100.00348571300046,99.97800647779916,99.5800383091171,100.00415028413289
2026-08-20 15:34:00-04:00,100.518141010599,99.92664013189852,99.95455447548493,99.58032292365716,100.00207831022227
2026-08-20 15:35:00-04:00,100.5194623726955,99.95458979393894,99.94869371183906,99.56053790078148,100.01453549893259
2026-08-20 15:36:00-04:00,100.55927030436133,100.04541020606106,99.96628495050741,99.5589854578357,100.11004272448221
2026-08-20 15:37:00-04:00,100.53874362765535,99.97554671063284,99.96921085846498,99.53651815853704,100.13495710190284
2026-08-20 15:38:00-04:00,100.62086552254935,99.99650362732676,99.9633500948191,99.58738653906046,100.10383313906202
2026-08-20 15:39:00-04:00,100.61277787523456,99.99650362732676,100.00732819149003,99.57325068357082,100.10381413012706
2026-08-20 15:40:00-04:00,100.62397148287963,99.97554671063284,99.97508056984161,99.57043041221932,100.05813565941868
2026-08-20 15:41:00-04:00,100.71354312614527,100.05378870886952,99.98094133348748,99.58738653906046,100.04567847070837
2026-08-20 15:42:00-04:00,100.75460407359228,100.10128821079631,99.9633500948191,99.62977685616332,100.03010381666465
2026-08-20 15:43:00-04:00,100.73657583441359,100.08732403944889,99.94429142830658,99.66793245389741,99.99065394031143
2026-08-20 15:44:00-04:00,100.71479614192644,100.14321270385692,99.98534361701995,99.649561879039,100.02491437742063
2026-08-20 15:45:00-04:00,100.74714673118558,100.17115170622453,99.98826952497751,99.61423517733945,100.04187668371641
2026-08-20 15:46:00-04:00,100.75959335461182,100.19210862291844,100.02199352220084,99.63119130418059,99.99377140564485
2026-08-20 15:47:00-04:00,100.7222686724032,100.12546434867107,100.02785428584671,99.67923078866949,100.04775044461898
2026-08-20 15:48:00-04:00,100.81558417494226,100.122255787163,100.10701485985437,99.66086883849411,100.0166074728432
2026-08-20 15:49:00-04:00,100.87741480821644,100.13621995851042,100.12900838205522,99.65238215039051,100.0269926876429
2026-08-20 15:50:00-04:00,100.90982614975589,100.0803312941024,100.09529333256263,99.64387821292084,100.06021396964096
2026-08-20 15:51:00-04:00,100.92133870687252,100.1676553335513,99.98534361701995,99.70325915559697,100.07786059759529
2026-08-20 15:52:00-04:00,100.93191719767957,100.18512653724474,99.96921085846498,99.68205968470402,100.09862469088304
2026-08-20 15:53:00-04:00,100.98136955384284,100.15019478953063,99.93843066466071,99.67499606930072,100.07474313226189
2026-08-20 15:54:00-04:00,100.89272438285175,100.15717687520433,99.99853257215585,99.69336664415913,99.93251828089275
2026-08-20 15:55:00-04:00,101.15026848710875,100.0803312941024,99.6994725670628,99.65803994245957,99.86919318223005
2026-08-20 15:56:00-04:00,101.17080275784976,99.99650362732676,99.79328952405052,99.65379659840777,99.8318216160991
2026-08-20 15:57:00-04:00,101.19568841066719,99.98952154165305,99.76690266604797,99.68347413272129,99.83286077121024
2026-08-20 15:58:00-04:00,101.33441624272966,99.87076212716329,99.8372765684522,99.65518517237594,99.86296458787488
2026-08-20 15:59:00-04:00,101.49989786022874,99.8987011295309,99.88272209296728,99.49129894539963,99.94788383665191
2026-08-20 16:00:00-04:00,101.49989786022874,99.8987011295309,99.88272209296728,99.49129894539963,99.94788383665191
2026-08-21 13:30:00-04:00,100.0,100.0,100.0,100.0,100.0
2026-08-21 13:31:00-04:00,100.0918822263349,99.97932971936362,99.99421078146938,99.98787986437986,99.97623211084718
2026-08-21 13:32:00-04:00,100.08221507377698,99.97243261656735,99.962347983297,100.02996076628513,99.89355543273517
2026-08-21 13:33:00-04:00,100.12694963775114,99.99655144860186,99.98552253442264,100.03278183233465,99.8480570822948
2026-08-21 13:34:00-04:00,100.09853854053891,99.97243261656735,99.92745357908493,100.0185720181593,99.79847126047146
2026-08-21 13:35:00-04:00,100.152940257071,99.98621630828367,99.962347983297,100.04707871644978,99.83981275344057
2026-08-21 13:36:00-04:00,100.17893825589661,99.99310289720373,100.00578921853062,100.06419666661442,99.84188172043689
2026-08-21 13:37:00-04:00,100.28654620902613,99.93805224134813,99.99131175295328,100.02282973821552,99.79227066730871
2026-08-21 13:38:00-04:00,100.30226455631497,99.96554602764729,99.98884581101427,100.01141486910777,99.79744308479951
2026-08-21 13:39:00-04:00,100.26780226437182,99.89663808294186,99.9652470118131,100.02996076628513,99.79227066730871
2026-08-21 13:40:00-04:00,100.23697068926724,99.90353518573814,100.01447746557734,100.09272948588684,99.75920504232488
2026-08-21 13:41:00-04:00,100.24543498238475,99.91387032605633,100.02606474114017,100.14122744235534,99.78836612288579
2026-08-21 13:42:00-04:00,100.23153199351519,99.92413186924102,99.99131175295328,100.11412257009566,99.80880978762684
2026-08-21 13:43:00-04:00,100.23818092821342,99.90359826899541,99.98552253442264,100.1469044024303,99.80880978762684
2026-08-21 13:44:00-04:00,100.27505631854315,99.9448757470109,99.97972447739045,100.13266846727302,99.80054022746778
2026-08-21 13:45:00-04:00,100.38447963009195,99.93109205529457,99.9652470118131,100.16120128654543,99.78710455764413
2026-08-21 13:46:00-04:00,100.40019797738078,99.93797864421462,99.98841272443717,100.1455112833935,99.75713607532856
2026-08-21 13:47:00-04:00,100.4497661176339,99.96554602764729,99.97393525885983,100.20828000299521,99.77059066863083
2026-08-21 13:48:00-04:00,100.43042443301228,99.96554602764729,99.97103623034373,100.21541103106482,99.72819576868494
2026-08-21 13:49:00-04:00,100.4104702494118,99.93805224134813,99.95510925050833,100.23823206228636,99.72147793377312
2026-08-21 13:50:00-04:00,100.45399457443978,99.90353518573814,99.97683428737592,100.28103564469195,99.74473488900307
2026-08-21 13:51:00-04:00,100.389918325844,99.90697322326005,99.9652470118131,100.27675180365381,99.69926176986753
2026-08-21 13:52:00-04:00,100.31979088251731,99.91042177465819,99.95945779328247,100.22254205913443,99.71296236839193
2026-08-21 13:53:00-04:00,100.30346741575538,99.91042177465819,99.9782749631324,100.24394385033723,99.74059695501043
2026-08-21 13:54:00-04:00,100.37323326329937,99.89663808294186,99.95076070773418,100.20828000299521,99.71786354935577
2026-08-21 13:55:00-04:00,100.37601533697443,99.90008663434,99.91311752953274,100.17831923671008,99.69306117670479
2026-08-21 13:56:00-04:00,100.35183269656808,99.89663808294186,99.91311752953274,100.24394385033723,99.62071671792195
2026-08-21 13:57:00-04:00,100.38084891325339,99.89663808294186,99.88994297840709,100.24679103736868,99.58557581811559
2026-08-21 13:58:00-04:00,100.36815616333001,99.94121691808849,99.88994297840709,100.24537179734995,99.52977047965088
2026-08-21 13:59:00-04:00,100.4400915855702,99.9448757470109,99.82536004740972,100.26676488155876,99.48863714494665
2026-08-21 14:00:00-04:00,100.40745203155211,99.95521088732909,99.83491446761064,100.30569385164327,99.50703707399622
2026-08-21 14:01:00-04:00,100.43646824823743,99.91730836357824,99.80884972647047,100.2981535948566,99.52150091949181
2026-08-21 14:02:00-04:00,100.51082414836998,99.92075691497638,99.82912524908002,100.28962074075622,99.50186465650543
2026-08-21 14:03:00-04:00,100.5186833220144,99.91730836357824,99.95221022199222,100.28103564469195,99.53310101188886
2026-08-21 14:04:00-04:00,100.50538545261793,99.93109205529457,99.93194353788425,100.27817975066652,99.53804003980994
2026-08-21 14:05:00-04:00,100.49450068160805,99.90353518573814,99.86966745579755,100.2981535948566,99.5328297753619
2026-08-21 14:06:00-04:00,100.50599057209102,99.89663808294186,99.80595069795437,100.28531077873613,99.52253540298997
2026-08-21 14:07:00-04:00,100.48482614954436,99.92420546637452,99.82622622056392,100.36376950148977,99.42849202205063
2026-08-21 14:08:00-04:00,100.53863012610911,99.86908121338543,99.82912524908002,100.3666253955152,99.42229142888789
2026-08-21 14:09:00-04:00,100.45459969391285,99.8346272410327,99.8233360305494,100.36519744850249,99.4202413853702
2026-08-21 14:10:00-04:00,100.43404777034506,99.8449623813509,99.87367129701033,100.3380925762428,99.46673006452527
2026-08-21 14:11:00-04:00,100.3893132063709,99.82084354931638,99.87691502708779,100.35521052640745,99.44502483454256
2026-08-21 14:12:00-04:00,100.26598690595256,99.82774065211265,99.88560327413452,100.39087437374945,99.50909973316632
2026-08-21 14:13:00-04:00,100.21581364622635,99.84841093274903,99.87546551282975,100.3851974136745,99.47293065768801
2026-08-21 14:14:00-04:00,100.17107908225219,99.90353518573814,99.8928420069232,100.36519744850249,99.49360140417257
2026-08-21 14:15:00-04:00,100.30467765470156,99.84151382995277,99.88125473136037,100.39801410881304,99.48818298145966
2026-08-21 14:16:00-04:00,100.29501050214364,99.83117868963457,99.87835570284427,100.41084821793955,99.50806524966816
2026-08-21 14:17:00-04:00,100.2998440784226,99.84151382995277,99.86387823726692,100.4721628695466,99.49153243717625
2026-08-21 14:18:00-04:00,100.30346741575538,99.8346272410327,99.8233360305494,100.47790077857941,99.50703707399622
2026-08-21 14:19:00-04:00,100.31677266465762,99.84841093274903,99.8233360305494,100.46648590947164,99.52253540298997
2026-08-21 14:20:00-04:00,100.29198490477818,99.85184897027096,99.80016147942375,100.44508411826884,99.52356988648813
2026-08-21 14:21:00-04:00,100.37541021750134,99.86218411058915,99.83781349612674,100.43795309019923,99.5049681069999
2026-08-21 14:22:00-04:00,100.38024379378031,99.85184897027096,99.83639049737342,100.42083514003458,99.50083648083347
2026-08-21 14:23:00-04:00,100.46425946696502,99.84841093274903,99.81753797351719,100.43795309019923,99.48636632751166
2026-08-21 14:24:00-04:00,100.49087734427528,99.8346272410327,99.80595069795437,100.48503180664902,99.47396514118617
2026-08-21 14:25:00-04:00,100.48724662743672,99.8552975216691,99.78423449958835,100.44080898422467,99.40782127556609
2026-08-21 14:26:00-04:00,100.50357009419865,99.87252976478356,99.78857420386092,100.43225000914235,99.38301890291511
2026-08-21 14:27:00-04:00,100.47757209537303,99.8552975216691,99.81739655749202,100.45507104036389,99.45742602086806
2026-08-21 14:28:00-04:00,100.52170891937986,99.84151382995277,99.79480534747022,100.48503180664902,99.47189617418985
2026-08-21 14:29:00-04:00,100.53802500663602,99.8552975216691,99.7827849853303,100.44365617125612,99.4822094700404
2026-08-21 14:30:00-04:00,100.4793874537923,99.86218411058915,99.78423449958835,100.42511027407876,99.44502483454256
2026-08-21 14:31:00-04:00,100.46487934544965,99.88975149402181,99.77409673828357,100.43652514318651,99.4656955810271
2026-08-21 14:32:00-04:00,100.43283753139887,99.89663808294186,99.77119770976748,100.43225000914235,99.41402186872884
2026-08-21 14:33:00-04:00,100.3596918702125,99.89663808294186,99.75382121567402,100.39230232076218,99.4367552743835
2026-08-21 14:34:00-04:00,100.31495730623834,99.89663808294186,99.76540849123684,100.44223693123739,99.48842898668178
2026-08-21 14:35:00-04:00,100.36997152174929,99.86908121338543,99.80595069795437,100.46505796245893,99.48016573434892
2026-08-21 14:36:00-04:00,100.32765005616173,99.89320004541995,99.84650174317348,100.44508411826884,99.50909973316632
2026-08-21 14:37:00-04:00,100.32160624093659,99.88286490510175,99.86242872300888,100.42582424758511,99.53493658931546
2026-08-21 14:38:00-04:00,100.28654620902613,99.87596780230548,99.84940077168957,100.4008612958445,99.55044122613543
2026-08-21 14:39:00-04:00,100.34518376186985,99.88975149402181,99.8551899902202,100.41797924600915,99.55251019313175
2026-08-21 14:40:00-04:00,100.43042443301228,99.90697322326005,99.88125473136037,100.40657308389537,99.60211493843371
2026-08-21 14:41:00-04:00,100.42679371617373,99.90697322326005,99.88125473136037,100.46791385648436,99.61038449859278
2026-08-21 14:42:00-04:00,100.4110753688849,99.92420546637452,99.87546551282975,100.48360385963629,99.61864775092563
2026-08-21 14:43:00-04:00,100.4594406496976,99.92420546637452,99.8986047099491,100.50357770382638,99.63828401391203
2026-08-21 14:44:00-04:00,100.47213339962097,99.91730836357824,99.8928420069232,100.5050056508391,99.64345012357661
2026-08-21 14:45:00-04:00,100.50235985525248,99.88975149402181,99.8928420069232,100.50357770382638,99.62381386059022
2026-08-21 14:46:00-04:00,100.44855587868771,99.88630294262367,99.90442928248602,100.45221514633845,99.67859102338298
2026-08-21 14:47:00-04:00,100.46608958439583,99.8632880675916,99.90445579799075,100.45364309335118,99.70341231951258
2026-08-21 14:48:00-04:00,100.48180793168467,99.88975149402181,99.89429152118124,100.42369103406003,99.65792027689842
2026-08-21 14:49:00-04:00,100.47636923593262,99.9448757470109,99.90731947250055,100.44365617125612,99.70442787953212
2026-08-21 14:50:00-04:00,100.52170891937986,99.92420546637452,99.93338421364072,100.39250258162372,99.71373192318934
2026-08-21 14:51:00-04:00,100.5096139094238,99.93109205529457,99.94787051771965,100.34380436429366,99.70546236303028
2026-08-21 14:52:00-04:00,100.50417521367174,99.92420546637452,99.97103623034373,100.388027186718,99.74163143850859
2026-08-21 14:53:00-04:00,100.54105060400148,99.90353518573814,99.9652470118131,100.4293941151169,99.73233370267758
2026-08-21 14:54:00-04:00,100.54892453665744,99.91387032605633,99.99131175295328,100.41370411196498,99.77522061306772
2026-08-21 14:55:00-04:00,100.5102190288969,99.92420546637452,99.99657949989107,100.43652514318651,99.77160622865037
2026-08-21 14:56:00-04:00,100.52412201776646,99.86218411058915,100.01013776130478,100.40942027092683,99.7757378548168
2026-08-21 14:57:00-04:00,100.4981313984466,99.81740551179446,100.0028990285161,100.40942027092683,99.76744937117911
2026-08-21 14:58:00-04:00,100.50296497472556,99.8346272410327,100.01447746557734,100.449367959307,99.79433963430503
2026-08-21 14:59:00-04:00,100.50840367047762,99.88630294262367,100.03186279817237,100.47218899052854,99.7829729314777
2026-08-21 15:00:00-04:00,100.52351689829337,99.88630294262367,100.0028990285161,100.47790077857941,99.83361216027782
2026-08-21 15:01:00-04:00,100.56220764704237,99.88286490510175,100.00868824704672,100.47110932327502,99.79330515080687
2026-08-21 15:02:00-04:00,100.55495359287104,99.86218411058915,99.98262350590655,100.44080898422467,99.79744308479951
2026-08-21 15:03:00-04:00,100.53682214719561,99.84841093274903,99.9971009714839,100.449367959307,99.81397589729143
2026-08-21 15:04:00-04:00,100.54286596242075,99.86908121338543,99.9811739916485,100.46648590947164,99.78813904114229
2026-08-21 15:05:00-04:00,100.53682214719561,99.86218411058915,100.01158727556282,100.48503180664902,99.77677233831496
2026-08-21 15:06:00-04:00,100.47636923593262,99.89663808294186,99.98552253442264,100.46934180349707,99.809844271125
2026-08-21 15:07:00-04:00,100.4740815891441,99.91387032605633,99.9971009714839,100.52351672004055,99.86151798342328
2026-08-21 15:08:00-04:00,100.4884568663829,99.90353518573814,100.03041328391433,100.49929386278822,99.86255246692144
2026-08-21 15:09:00-04:00,100.44614278030112,99.89663808294186,100.05792753931254,100.47218899052854,99.85014497276974
2026-08-21 15:10:00-04:00,100.39535702159606,99.90359826899541,99.9971009714839,100.50928078488327,99.83774378644425
2026-08-21 15:11:00-04:00,100.35304293551427,99.90353518573814,100.03910153096105,100.48074796561086,99.86668409308787
2026-08-21 15:12:00-04:00,100.32765005616173,99.89663808294186,99.99936362788671,100.48503180664902,99.86668409308787
2026-08-21 15:13:00-04:00,100.34699912028911,99.87528440035157,100.01147237504237,100.4622020684335,99.86048349992512
2026-08-21 15:14:00-04:00,100.34397352292366,99.86908121338543,99.9971009714839,100.47932001859814,99.90801927823077
2026-08-21 15:15:00-04:00,100.3306756535272,99.84151382995277,99.9971009714839,100.46791385648436,99.88321690557979
2026-08-21 15:16:00-04:00,100.29560824211096,99.89663808294186,99.9971009714839,100.49643796876279,99.85014497276974
2026-08-21 15:17:00-04:00,100.33369387138687,99.8346272410327,100.0028990285161,100.51356462592142,99.83774378644425
2026-08-21 15:18:00-04:00,100.32281647988277,99.88975149402181,100.00723873278868,100.48503180664902,99.78607007414597
2026-08-21 15:19:00-04:00,100.31314194781908,99.83980006812992,100.04344123523363,100.5121366789087,99.8488266370922
2026-08-21 15:20:00-04:00,100.33913994664469,99.8552975216691,100.05502851079645,100.5121366789087,99.86771857658603
2026-08-21 15:21:00-04:00,100.40019797738078,99.86563266198729,100.01476913612927,100.53781360415567,99.85221393976606
2026-08-21 15:22:00-04:00,100.41228560783108,99.8546141197152,100.00868824704672,100.546372579238,99.84084723693873
2026-08-21 15:23:00-04:00,100.428609074593,99.87596780230548,100.0159269798354,100.53781360415567,99.83774378644425
2026-08-21 15:24:00-04:00,100.47999257326539,99.90972785882808,100.02896376965627,100.56491847641537,99.87908527941336
2026-08-21 15:25:00-04:00,100.42921419406609,99.87596780230548,100.037652016703,100.53495771013024,99.88735483957242
2026-08-21 15:26:00-04:00,100.36150722863178,99.88286490510175,100.037652016703,100.44369099923205,99.88321690557979
2026-08-21 15:27:00-04:00,100.45459969391285,99.87596780230548,100.06081772932707,100.4293941151169,99.86461512609155
2026-08-21 15:28:00-04:00,100.5235316573049,99.89663808294186,100.0941300417575,100.47218899052854,99.83361216027782
2026-08-21 15:29:00-04:00,100.53802500663602,99.90008663434,100.04923929226582,100.46648590947164,99.81501038078959
2026-08-21 15:30:00-04:00,100.55616383181723,99.86908121338543,100.09991926028813,100.47790077857941,99.85014497276974
2026-08-21 15:31:00-04:00,100.5900136247815,99.75883270740724,100.08109325193662,100.50357770382638,99.85738004943065
2026-08-21 15:32:00-04:00,100.52472713723955,99.78640009083989,100.07675354766405,100.55207566029489,99.84084723693873
2026-08-21 15:33:00-04:00,100.53802500663602,99.74504901569091,100.08399228045272,100.53068257608606,99.87495365324693
2026-08-21 15:34:00-04:00,100.50296497472556,99.70370845441813,100.12019478289767,100.52639873504792,99.85428290676238
2026-08-21 15:35:00-04:00,100.42497835775445,99.66236789314537,100.16797572240388,100.42653822109148,99.91835780538615
2026-08-21 15:36:00-04:00,100.41893454252931,99.64858420142905,100.1795629979667,100.42369103406003,99.94522914503345
2026-08-21 15:37:00-04:00,100.38810296742473,99.6760779877282,100.23459150876316,100.44651206528157,99.96796255068811
2026-08-21 15:38:00-04:00,100.34820197972954,99.73816242677084,100.21287531039712,100.42653822109148,100.00516610966459
2026-08-21 15:39:00-04:00,100.36180978836832,99.77261639912356,100.19983852057625,100.44651206528157,100.01653912031811
2026-08-21 15:40:00-04:00,100.27808191590861,99.77261639912356,100.23749053727926,100.47218899052854,100.02997479014176
2026-08-21 15:41:00-04:00,100.22488305881696,99.81050840899819,100.18970075927147,100.48217591262357,99.96091670881346
2026-08-21 15:42:00-04:00,100.21098006994738,99.8449623813509,100.19983852057625,100.41655129899644,99.9927649233391
2026-08-21 15:43:00-04:00,100.13541393086864,99.87596780230548,100.1795629979667,100.36376950148977,100.02790582314545
2026-08-21 15:44:00-04:00,100.14206286556688,99.8552975216691,100.19838900631821,100.36948128954064,100.04030700947094
2026-08-21 15:45:00-04:00,100.10639033467756,99.81354691922398,100.16942523666192,100.38018218514205,99.98673464148396
2026-08-21 15:46:00-04:00,100.11545974726816,99.80017326868,100.16218650387326,100.34665155132512,100.04961105312816
2026-08-21 15:47:00-04:00,100.20553399468956,99.77261639912356,100.15349825682652,100.40942027092683,100.07337894228098
2026-08-21 15:48:00-04:00,100.18861278796031,99.76916784772543,100.15928747535715,100.3877224419287,100.10231294109839
2026-08-21 15:49:00-04:00,100.1505271586844,99.73471387537272,100.13757127699112,100.40799232391412,100.06924731611456
2026-08-21 15:50:00-04:00,100.12573939880495,99.71060555721441,100.09702023177202,100.2981535948566,99.95659584786078
2026-08-21 15:51:00-04:00,100.14538364316311,99.69337331409994,100.1477090382959,100.2981535948566,99.89665257540344
2026-08-21 15:52:00-04:00,100.11606486674125,99.63824906111086,100.16942523666192,100.26676488155876,99.92042677238247
2026-08-21 15:53:00-04:00,100.05319885709167,99.74504901569091,100.1071579930768,100.28103564469195,99.90181868506802
2026-08-21 15:54:00-04:00,100.03324467349118,99.75194611848717,99.96089846903895,100.31241565099582,99.88735483957242
2026-08-21 15:55:00-04:00,100.15596585443645,99.77261639912356,99.69590251486305,100.32953360116048,99.91422617921972
2026-08-21 15:56:00-04:00,100.16805348488674,99.80017326868,99.84360271465738,100.32953360116048,99.89564332321011
2026-08-21 15:57:00-04:00,100.22729615720354,99.77261639912356,99.86387823726692,100.32097462607814,99.93282795870796
2026-08-21 15:58:00-04:00,100.18075361431589,99.73127583785079,99.92614548085204,100.29386975381846,99.9534923973663
2026-08-21 15:59:00-04:00,100.09793342106582,99.69682186549808,99.88994297840709,100.3252584671163,99.90595661906066
2026-08-21 16:00:00-04:00,100.09793342106582,99.69682186549808,99.88994297840709,100.3252584671163,99.90595661906066
2026-08-24 13:30:00-04:00,100.0,100.0,100.0,100.0,100.0
2026-08-24 13:31:00-04:00,99.96037355426394,99.98626174550026,99.95850402421877,100.01267912487391,100.03271501599251
2026-08-24 13:32:00-04:00,100.00866899356461,99.97253397021828,99.9942791277338,100.03098864079352,99.98565634820866
2026-08-24 13:33:00-04:00,100.01638568269232,100.01373825449976,99.93846787005288,100.06312914784677,99.9355191343503
2026-08-24 13:34:00-04:00,99.90217717200802,100.03776710085211,99.94418874231907,100.03661903183922,99.88293407046922
2026-08-24 13:35:00-04:00,99.9269370873678,100.02060214214075,99.95420681940202,100.00284528158187,99.84208869547265
2026-08-24 13:36:00-04:00,99.91579663705025,100.04806817192247,100.00987833058484,99.9943696089543,99.827070636022
2026-08-24 13:37:00-04:00,99.89969815728335,100.0343403966405,99.97281057196233,99.93803131442984,99.84139555426724
2026-08-24 13:38:00-04:00,99.9257051379772,100.03776710085211,99.96994576875116,99.98028933333161,99.84358737916004
2026-08-24 13:39:00-04:00,99.93375437786065,100.04120428428149,99.98139624743969,99.93944106119548,99.90277914029633
2026-08-24 13:40:00-04:00,99.8848391848788,100.04120428428149,99.95850402421877,99.9549310835838,99.90687554237518
2026-08-24 13:41:00-04:00,99.88916990267525,100.04120428428149,99.94705354553024,100.0,99.92017636010071
2026-08-24 13:42:00-04:00,99.88359967751646,100.06180642642222,99.90984604040962,99.97465034626906,99.9366493916312
2026-08-24 13:43:00-04:00,99.88669844592229,100.04806817192247,99.89267468945489,99.94811444221091,99.85469637199277
2026-08-24 13:44:00-04:00,99.7696783697576,100.07554468092198,99.87407093689458,99.91268166069888,99.84446785582638
2026-08-24 13:45:00-04:00,99.80434678604432,100.01030107107037,99.86978246623397,99.92113154527587,99.83525719566433
2026-08-24 13:46:00-04:00,99.77462884123521,100.02060214214075,99.86978246623397,99.9042317761219,99.83014293758113
2026-08-24 13:47:00-04:00,99.78453734216215,99.97253397021828,99.84401670564576,99.94508004825803,99.81786622037531
2026-08-24 13:48:00-04:00,99.82044526581122,99.99313611235902,99.86978246623397,99.97183944875464,99.85062494797538
2026-08-24 13:49:00-04:00,99.8315932741005,100.02060214214075,99.84401670564576,99.96057007064637,99.86390703215481
2026-08-24 13:50:00-04:00,99.85202247166384,100.06868079328099,99.88563495961283,99.97746983980034,99.88334620848326
2026-08-24 13:51:00-04:00,99.81920575844889,100.08248192308737,99.82398928563599,99.99718910248558,99.8671791582056
2026-08-24 13:52:00-04:00,99.84893126122972,100.08872753687977,99.74957427539476,100.02253875621653,99.8066136036892
2026-08-24 13:53:00-04:00,99.93560608093243,100.14422547420295,99.72238484735709,100.05210905422754,99.82830080554872
2026-08-24 13:54:00-04:00,99.9467540892217,100.1339139239148,99.74957427539476,100.0845074417867,99.77469164114792
2026-08-24 13:55:00-04:00,100.0408659530984,100.1304872197032,99.77104283116623,100.10140721094066,99.76568704999289
2026-08-24 13:56:00-04:00,100.02228845860684,100.15108936184394,99.77533130182685,100.1112668422833,99.75238623226737
2026-08-24 13:57:00-04:00,99.99133100643539,100.15795324948493,99.80984868685893,100.14365663382559,99.73908541454183
2026-08-24 13:58:00-04:00,99.9550980900023,100.15452654527331,99.778196105038,100.14083714029431,99.82195637793879
2026-08-24 13:59:00-04:00,100.0052603483182,100.18199257505505,99.73812379670623,100.13802624277989,99.84037145374752
2026-08-24 14:00:00-04:00,100.02724648805618,100.14422547420295,99.81969208081925,100.14647612735686,99.91198980045839
2026-08-24 14:01:00-04:00,100.05758418654646,100.19229364612542,99.82112448242484,100.16337589651084,99.89562292568908
2026-08-24 14:02:00-04:00,100.06191490434291,100.15108936184394,99.791070251176,100.15903490799468,99.84753391287015
2026-08-24 14:03:00-04:00,100.03962644573608,100.16825432055529,99.81825967921367,100.19151065970561,99.85878652955626
2026-08-24 14:04:00-04:00,100.02971794480912,100.24037229726565,99.81397120855304,100.15492601193385,99.80763145969355
2026-08-24 14:05:00-04:00,100.13620976636571,100.17855539162566,99.79247645031317,100.16055640297955,99.8158180193359
2026-08-24 14:06:00-04:00,100.21794167256252,100.15795324948493,99.81540361015863,100.1112668422833,99.81990817689938
2026-08-24 14:07:00-04:00,100.2835675410207,100.16995195383444,99.8669176630228,100.11267658904893,99.80349759052253
2026-08-24 14:08:00-04:00,100.31452499319215,100.15802660400934,99.85833198754544,100.12112647362592,99.80149310109064
2026-08-24 14:09:00-04:00,100.31205353643921,100.18542975848443,99.83972823498513,100.17323552785346,99.7691652450507
2026-08-24 14:10:00-04:00,100.35415143892823,100.18885646269604,99.8669176630228,100.20844481292704,99.74317557210532
2026-08-24 14:11:00-04:00,100.3727289334198,100.19915753376641,99.88122421076638,100.18872555024178,99.78103606875786
2026-08-24 14:12:00-04:00,100.38510889109968,100.24043517257229,99.86978246623397,100.24224435123497,99.73806131402212
2026-08-24 14:13:00-04:00,100.42845385892275,100.26783832704739,99.91699931428141,100.27379173312463,99.73642525099673
2026-08-24 14:14:00-04:00,100.48293927706338,100.28844046918812,99.88197534819369,100.22534458208101,99.77898786771843
2026-08-24 14:15:00-04:00,100.5906706059823,100.24037229726565,99.84688150885692,100.2521039825776,99.76159689242941
2026-08-24 14:16:00-04:00,100.55909340012968,100.25410007254763,99.82398928563599,100.29007258906441,99.79331278596368
2026-08-24 14:17:00-04:00,100.52999520900173,100.26934733440662,99.76245715568886,100.31688356566218,99.91506210201752
2026-08-24 14:18:00-04:00,100.42845385892275,100.2953043568291,99.7982322592039,100.3267431970048,99.98565634820866
2026-08-24 14:19:00-04:00,100.48931064722464,100.30217872368787,99.76674562634949,100.33801257511307,99.89868898273285
2026-08-24 14:20:00-04:00,100.57147335780958,100.24723618490664,99.84116063659071,100.29024450940167,99.90585144185548
2026-08-24 14:21:00-04:00,100.54361467404395,100.2334979304069,99.83114255950777,100.3295626905361,99.87004539075772
2026-08-24 14:22:00-04:00,100.56466362528846,100.2334979304069,99.83686343177398,100.25776016167389,99.88964692448563
2026-08-24 14:23:00-04:00,100.5708536041284,100.21289578826615,99.83829583337956,100.24224435123497,99.9038282188775
2026-08-24 14:24:00-04:00,100.51946695439361,100.19229364612542,99.85595629707765,100.22815547959542,99.90701916622855
2026-08-24 14:25:00-04:00,100.50522773567022,100.21975967590714,99.85261111527925,100.19294619452185,99.92529061818391
2026-08-24 14:26:00-04:00,100.51017820714783,100.22319685933653,99.87267347191353,100.2366053641724,99.97849388908604
2026-08-24 14:27:00-04:00,100.46560128993416,100.25410007254763,99.80681793468126,100.2816742805886,99.96621717188022
2026-08-24 14:28:00-04:00,100.45879155741304,100.24723618490664,99.85544098186588,100.3154824149134,99.9815599461298
2026-08-24 14:29:00-04:00,100.52317791850889,100.27470221468838,99.86405285981165,100.34646245969006,99.97439748700718
2026-08-24 14:30:00-04:00,100.6117195572268,100.27470221468838,99.86262045820607,100.30984342785084,100.0102097826203
2026-08-24 14:31:00-04:00,100.57828309033069,100.28500328575873,99.81825967921367,100.29576315222815,99.94472979451236
2026-08-24 14:32:00-04:00,100.57333261885307,100.24723618490664,99.83826963091116,100.31125317461648,99.95086815311527
2026-08-24 14:33:00-04:00,100.6117195572268,100.24729906021328,99.83257496111335,100.2844937741199,99.92221831662478
2026-08-24 14:34:00-04:00,100.65010649560054,100.24379900147726,99.83829583337956,100.29857404974257,99.9242665176642
2026-08-24 14:35:00-04:00,100.7429788521149,100.24037229726565,99.80681793468126,100.30702393431956,99.9232424171445
2026-08-24 14:36:00-04:00,100.64639553148527,100.24345318729077,99.76388082313832,100.33519308158179,99.92529061818391
2026-08-24 14:37:00-04:00,100.56466362528846,100.23693511383627,99.73526772765119,100.34223321939314,99.92219958307868
2026-08-24 14:38:00-04:00,100.60181105629987,100.24723618490664,99.69806022253059,100.34083206864436,99.83628129618404
2026-08-24 14:39:00-04:00,100.60181105629987,100.25067336833602,99.69519541931942,100.37463160695229,99.81786622037531
2026-08-24 14:40:00-04:00,100.62533902226903,100.26783832704739,99.72668205217383,100.40561165172895,99.8280947365417
2026-08-24 14:41:00-04:00,100.66744448272978,100.25410007254763,99.71952004414592,100.38308149152927,99.79945114456659
2026-08-24 14:42:00-04:00,100.65939524284633,100.27813939811774,99.69806022253059,100.4112506387915,99.77284950911552
2026-08-24 14:43:00-04:00,100.6631062069616,100.2918776526175,99.66085271740997,100.40955722346936,99.75852459087028
2026-08-24 14:44:00-04:00,100.63524752319599,100.28844046918812,99.66085271740997,100.36603559008863,99.78717442736077
2026-08-24 14:45:00-04:00,100.55971315381085,100.27470221468838,99.67087079449291,100.38308149152927,99.78615032684105
2026-08-24 14:46:00-04:00,100.47303077613643,100.27477556921278,99.64081656324407,100.34928195322134,99.81990817689938
2026-08-24 14:47:00-04:00,100.48169976970104,100.2918776526175,99.62078040907818,100.35914158456396,99.78717442736077
2026-08-24 14:48:00-04:00,100.45383352796371,100.27470221468838,99.58071683490253,100.36336222884403,99.79433064196802
2026-08-24 14:49:00-04:00,100.46436178257181,100.26783832704739,99.61219473360082,100.39012162934061,99.90482734133576
2026-08-24 14:50:00-04:00,100.4736505298176,100.25067336833602,99.6079062629402,100.40445978546921,99.90176128429198
2026-08-24 14:51:00-04:00,100.4309253156757,100.27813939811774,99.64654616966641,100.3661817223753,99.89357472464965
2026-08-24 14:52:00-04:00,100.42287607579225,100.2609744394064,99.69806022253059,100.3661817223753,99.86492488815917
2026-08-24 14:53:00-04:00,100.47674174025171,100.26783832704739,99.68374494063089,100.37744250446671,99.82400457897822
2026-08-24 14:54:00-04:00,100.42721435156042,100.24037229726565,99.70664589800795,100.37604135371792,99.81990817689938
2026-08-24 14:55:00-04:00,100.48086839281167,100.25067336833602,99.69806022253059,100.40561165172895,99.80967966073298
2026-08-24 14:56:00-04:00,100.42473533683575,100.30217872368787,99.70378109479678,100.37744250446671,99.8280947365417
2026-08-24 14:57:00-04:00,100.46808030465881,100.30904261132886,99.69090694865879,100.39221046143848,99.83014293758113
2026-08-24 14:58:00-04:00,100.42164412640163,100.30217872368787,99.740962397449,100.3661817223753,99.84446785582638
2026-08-24 14:59:00-04:00,100.36158092513051,100.29874154025849,99.70378109479678,100.36688659575813,99.83219113862056
2026-08-24 15:00:00-04:00,100.43526359144386,100.30217872368787,99.68088887157586,100.3239322994904,99.83360239909284
2026-08-24 15:01:00-04:00,100.47798124761404,100.28157658154713,99.69233061610825,100.34083206864436,99.83116703810084
2026-08-24 15:02:00-04:00,100.43712285248736,100.24037229726565,99.69019074785601,100.31829331242783,99.79945114456659
2026-08-24 15:03:00-04:00,100.35539094629056,100.27470221468838,99.73240292444004,100.2760438895429,99.75453434555261
2026-08-24 15:04:00-04:00,100.38448913741851,100.24037229726565,99.73240292444004,100.2704134984972,99.73601935749807
2026-08-24 15:05:00-04:00,100.41297513283702,100.24037229726565,99.80108832825894,100.33238218406737,99.75750049035057
2026-08-24 15:06:00-04:00,100.3727289334198,100.25410007254763,99.778196105038,100.32533345023917,99.79740294352716
2026-08-24 15:07:00-04:00,100.40616540031591,100.26783832704739,99.78391697730422,100.33238218406737,99.76261474843376
2026-08-24 15:08:00-04:00,100.4148268359088,100.22663404276591,99.86405285981165,100.34505271292441,99.80967966073298
2026-08-24 15:09:00-04:00,100.46065081845654,100.21646920152658,99.78106090824917,100.36195248207838,99.80149310109064
2026-08-24 15:10:00-04:00,100.50026970622089,100.22663404276591,99.78821418212095,100.35491234426703,99.80967966073298
2026-08-24 15:11:00-04:00,100.48386890758513,100.2609744394064,99.791070251176,100.34928195322134,99.88948456708617
2026-08-24 15:12:00-04:00,100.45445328164487,100.27470221468838,99.75100667700035,100.371812113421,99.90585144185548
2026-08-24 15:13:00-04:00,100.4736505298176,100.26783832704739,99.7467094721836,100.36054273531273,99.92017636010071
2026-08-24 15:14:00-04:00,100.45693229636953,100.26783832704739,99.74957427539476,100.34646245969006,99.95495831067875
2026-08-24 15:15:00-04:00,100.42721435156042,100.31934368239922,99.65942031580438,100.36899261988972,99.98769830473272
2026-08-24 15:16:00-04:00,100.37024991869512,100.34338300796935,99.7095107012191,100.34787220645569,100.03476321703194
2026-08-24 15:17:00-04:00,100.36777846194218,100.34001917906437,99.71236677027414,100.3211128059591,99.9837705045687
2026-08-24 15:18:00-04:00,100.37520794814445,100.30904261132886,99.75529514766096,100.33238218406737,100.03476321703194
2026-08-24 15:19:00-04:00,100.3813979269844,100.31591697818762,99.72668205217383,100.31266292138213,99.99690896489477
2026-08-24 15:20:00-04:00,100.41978486535814,100.2953043568291,99.76388082313832,100.3154824149134,100.00508928002174
2026-08-24 15:21:00-04:00,100.4395943092403,100.3227808658286,99.78964658372654,100.30139354327386,100.01225173914436
2026-08-24 15:22:00-04:00,100.35415143892823,100.34338300796935,99.78678178051537,100.28731326765117,100.01225173914436
2026-08-24 15:23:00-04:00,100.3956371457078,100.35024689561034,99.81825967921367,100.26900375173156,100.04229410256104
2026-08-24 15:24:00-04:00,100.42102437272047,100.3605479666807,99.82224245440968,100.2626770833199,100.02452845635018
2026-08-24 15:25:00-04:00,100.47055176141177,100.37772340460984,99.88980988624374,100.2901241651656,100.04703993423776
2026-08-24 15:26:00-04:00,100.44083381660265,100.3435192378004,99.8669176630228,100.27322439601163,100.03271501599251
2026-08-24 15:27:00-04:00,100.42473533683575,100.3571212624691,99.87693574010575,100.26477451143464,100.0102097826203
2026-08-24 15:28:00-04:00,100.42597484419808,100.36398515011008,99.83686343177398,100.27886338307418,99.96723502788457
2026-08-24 15:29:00-04:00,100.39501739202663,100.37772340460984,99.85976438915102,100.24224435123497,99.99997502193854
2026-08-24 15:30:00-04:00,100.4965587421056,100.42922875996169,99.8927008919233,100.25632462685766,99.986674204213
2026-08-24 15:31:00-04:00,100.43464383776269,100.39145117989182,99.90269276653784,100.28731326765117,99.98974650577215
2026-08-24 15:32:00-04:00,100.47117151509293,100.46013197317279,99.87550333850017,100.3661817223753,99.90994159941896
2026-08-24 15:33:00-04:00,100.39780628359188,100.44639371867304,99.90698123719847,100.32533345023917,99.93859143590944
2026-08-24 15:34:00-04:00,100.27366659806547,100.49447236981328,99.8869538171887,100.2901241651656,99.94984405259555
2026-08-24 15:35:00-04:00,100.2092726789979,100.50477344088365,99.90984604040962,100.3154824149134,100.01941419826699
2026-08-24 15:36:00-04:00,100.26319124925942,100.4910351863839,99.82827775629661,100.29775742814053,100.04499173319833
2026-08-24 15:37:00-04:00,100.2129912010849,100.47387022767253,99.85833198754544,100.30562278357078,100.061364852483
2026-08-24 15:38:00-04:00,100.28542680206421,100.48073411531352,99.87263853528901,100.27888917112477,100.06388139217474
2026-08-24 15:39:00-04:00,100.28233559163009,100.48760848217229,99.87124107030795,100.25548221720501,100.06545501004648
2026-08-24 15:40:00-04:00,100.35910946837755,100.50133625745427,99.93546332034362,100.30280329003949,99.9815599461298
2026-08-24 15:41:00-04:00,100.35786996101523,100.46013197317279,99.92701739136434,100.27886338307418,99.99179470681158
2026-08-24 15:42:00-04:00,100.26623711186319,100.48760848217229,99.94456431103274,100.30702393431956,100.03987747511513
2026-08-24 15:43:00-04:00,100.31329304380155,100.49447236981328,99.92988219457551,100.33522746564924,100.01139624053947
2026-08-24 15:44:00-04:00,100.34920096745061,100.48760848217229,99.94848594713582,100.35773183779833,99.9815599461298
2026-08-24 15:45:00-04:00,100.39501739202663,100.53567665409476,99.90412516814342,100.33942232187871,99.94370569399264
2026-08-24 15:46:00-04:00,100.40554564663474,100.50133625745427,99.87836814171133,100.34364296615877,99.92529061818391
2026-08-24 15:47:00-04:00,100.55599463172385,100.47387022767253,99.82112448242484,100.38167174476364,99.88129800744383
2026-08-24 15:48:00-04:00,100.59810009218458,100.48760848217229,99.7467094721836,100.39435086963753,99.87004539075772
2026-08-24 15:49:00-04:00,100.56714264001313,100.43266594339106,99.72381724896267,100.3154824149134,99.92835667522769
2026-08-24 15:50:00-04:00,100.44207332396498,100.48073411531352,99.85546718433429,100.36477197560967,99.96109666928166
2026-08-24 15:51:00-04:00,100.43340433040036,100.48073411531352,99.78678178051537,100.28731326765117,100.00407142401738
2026-08-24 15:52:00-04:00,100.28233559163009,100.57688093837623,99.78108711071758,100.29153391193123,100.00304732349767
2026-08-24 15:53:00-04:00,100.1845052056664,100.57001705073525,99.76961042956064,100.30562278357078,100.05317829284067
2026-08-24 15:54:00-04:00,100.31452499319215,100.51507451195401,99.7982322592039,100.3154824149134,99.97746978856632
2026-08-24 15:55:00-04:00,100.42349582947341,100.39145117989182,99.7095107012191,100.33294092516351,99.85878652955626
2026-08-24 15:56:00-04:00,100.36529944721751,100.56314268387648,99.7409885999174,100.37322186018665,99.85264817095334
2026-08-24 15:57:00-04:00,100.45693229636953,100.57001705073525,99.70091629158561,100.38449123829491,99.78307802528191
2026-08-24 15:58:00-04:00,100.55723413908618,100.71423204572042,99.6579879141988,100.43519054575681,99.74624787366446
2026-08-24 15:59:00-04:00,100.42845385892275,100.6799021282977,99.61505953681198,100.39716176715196,99.7196462382134
2026-08-24 16:00:00-04:00,100.42845385892275,100.6799021282977,99.61505953681198,100.39716176715196,99.7196462382134
2026-08-25 13:30:00-04:00,100.0,100.0,100.0,100.0,100.0
2026-08-25 13:31:00-04:00,100.00185620395426,100.00688571642101,100.02596173070106,100.04077304736829,100.01684385954077
2026-08-25 13:32:00-04:00,100.0988994521482,100.01376093632308,100.00868912451745,100.04920737092954,99.92801945188472
2026-08-25 13:33:00-04:00,100.15205781335854,100.02752187264616,100.03029308760337,99.99860142956207,99.96579506288592
2026-08-25 13:34:00-04:00,100.15885634897963,99.98280670198535,100.0115414815019,99.9732898786916,99.93822671859867
2026-08-25 13:35:00-04:00,100.16441741529788,99.97936384377485,100.01442905277011,99.96711214424185,99.9412926375384
2026-08-25 13:36:00-04:00,100.16195002223672,99.97936384377485,100.02596173070106,99.97332419943854,99.96477308990602
2026-08-25 13:37:00-04:00,100.12733106393536,99.99656763830843,100.03318065887157,99.96204983406777,100.00563331447461
2026-08-25 13:38:00-04:00,100.18061769940272,99.95185246764763,100.012985267136,99.9873528047515,100.02194749289775
2026-08-25 13:39:00-04:00,100.18914416472106,99.95185246764763,100.04760090807073,99.96766985637969,100.00459264686701
2026-08-25 13:40:00-04:00,100.12856853323821,99.97248862387278,100.03173687323748,99.9831313528775,100.02092551991784
2026-08-25 13:41:00-04:00,100.15947508363105,99.94840960943712,100.02016898102276,100.01827579774715,100.08831342116609
2026-08-25 13:42:00-04:00,100.11867632436002,99.97936384377485,100.00865391023369,99.9732898786916,100.06074507687885
2026-08-25 13:43:00-04:00,100.1211512629657,99.98624956019586,99.99567744666864,99.99156567643875,100.05564144352188
2026-08-25 13:44:00-04:00,100.1211512629657,100.02407901443566,100.012985267136,99.9873528047515,100.04747189122519
2026-08-25 13:45:00-04:00,100.11929505901145,100.00688571642101,99.97692584056716,99.9873528047515,100.06789265619564
2026-08-25 13:46:00-04:00,100.12609359463252,99.98968192188742,100.00288757126822,99.9971942789374,100.06546235459707
2026-08-25 13:47:00-04:00,100.12856853323821,99.99312478009793,100.02884930196927,100.02109009899648,100.06584871023583
2026-08-25 13:48:00-04:00,99.985165459455,99.98631253930947,100.02163917736969,100.03514444486963,100.05359749756207
2026-08-25 13:49:00-04:00,100.07417270272502,99.94496675122663,100.04039078347115,100.00140715062466,99.99948901351004
2026-08-25 13:50:00-04:00,100.07541017202786,99.9656134039707,100.08366033463959,99.99860142956207,99.99234143419325
2026-08-25 13:51:00-04:00,100.09333838582995,100.01203950721782,100.07757706712027,99.9732898786916,100.00867430724408
2026-08-25 13:52:00-04:00,100.05686322357434,100.06253825981152,100.08654790590779,100.0267101213084,100.0413462848883
2026-08-25 13:53:00-04:00,100.13722327281354,100.07223704330696,100.11683218994021,100.03514444486963,100.03318296413417
2026-08-25 13:54:00-04:00,100.20397870526605,100.06198194430799,100.09520181614147,100.02811727193306,100.064216046085
2026-08-25 13:55:00-04:00,100.15638895591847,100.06885716421006,100.08946188788882,100.03795874611896,100.03216099115426
2026-08-25 13:56:00-04:00,100.16812982320639,100.03439709254823,100.10673449407243,100.02952442255771,100.02092551991784
2026-08-25 13:57:00-04:00,100.11249652339036,100.02407901443566,100.16154552674274,100.08013036392518,100.01786583252068
2026-08-25 13:58:00-04:00,100.09333838582995,100.039078539993,100.190394828712,100.07732464286259,100.02909507221453
2026-08-25 13:59:00-04:00,100.06675543245251,100.0481580288713,100.16732066927916,100.07872321330052,100.01786583252068
2026-08-25 14:00:00-04:00,100.08035250369468,100.06879418509645,100.14423770627538,100.06607601805202,100.02072611055591
2026-08-25 14:01:00-04:00,99.97836692383392,100.04856739310975,100.13126124271032,100.12511628298073,99.99029748823344
2026-08-25 14:02:00-04:00,100.00803600492392,100.10319127764468,100.13266981406066,100.15744642660104,99.98546181120656
2026-08-25 14:03:00-04:00,100.00927347422676,100.09630556122367,100.0750064244059,100.14761353260188,99.96987672326298
2026-08-25 14:04:00-04:00,100.00865473957535,100.08165242079117,100.08942667360506,100.17010220203628,100.05972310389895
2026-08-25 14:05:00-04:00,99.96538104169865,100.08255512141953,100.08366033463959,100.07591749223793,100.08626947520628
2026-08-25 14:06:00-04:00,99.99566885744007,100.0894303413216,100.05192346140211,100.0998390528572,100.36295619643093
2026-08-25 14:07:00-04:00,100.1019931254053,100.11006649754675,99.99712123230273,100.09522291239337,100.19245496043563
2026-08-25 14:08:00-04:00,100.08559665714269,100.1307026537719,99.92788114686232,100.099813312297,100.04339023084812
2026-08-25 14:09:00-04:00,100.12548240552563,100.10319127764468,99.93076871813052,100.11949626066881,100.00459264686701
2026-08-25 14:10:00-04:00,100.17060476181206,100.13758837019292,99.91922723662863,100.10824763585825,100.02909507221453
2026-08-25 14:11:00-04:00,100.2336553319006,100.11694171744882,99.9350912714619,100.09278613936041,100.03318296413417
2026-08-25 14:12:00-04:00,100.2497197962039,100.0894303413216,99.91633966536043,100.11949626066881,100.04543417680793
2026-08-25 14:13:00-04:00,100.24910860709701,100.12038457565933,99.83845447325727,100.12793058423006,100.02296946587765
2026-08-25 14:14:00-04:00,100.23612272496173,100.14446359009499,99.79229735082063,100.10543333460892,100.03318296413417
2026-08-25 14:15:00-04:00,100.24601493383992,100.0894303413216,99.82980056302358,100.12936347541493,99.98827846844387
2026-08-25 14:16:00-04:00,100.28495748915668,100.10662363933625,99.83268813429179,100.14761353260188,100.0025487009072
2026-08-25 14:17:00-04:00,100.24848987244559,100.10319127764468,99.79229735082063,100.1532335549138,99.96987672326298
2026-08-25 14:18:00-04:00,100.27877768818702,100.03439709254823,99.7692231913878,100.13074488547939,99.92904142486464
2026-08-25 14:19:00-04:00,100.27568401492992,100.05503324877338,99.77643331598738,100.14479923135255,99.95047793127243
2026-08-25 14:20:00-04:00,100.29669835644458,100.02752187264616,99.83268813429179,100.15885357722571,100.00051098648994
2026-08-25 14:21:00-04:00,100.32390004447345,100.03439709254823,99.80528261795664,100.13355060654197,99.99930206723323
2026-08-25 14:22:00-04:00,100.30906550392844,100.03095423433773,99.79807249335705,100.13917920904063,100.00867430724408
2026-08-25 14:23:00-04:00,100.2929934940806,100.03439709254823,99.7475840140181,100.1363649077913,100.01273727299346
2026-08-25 14:24:00-04:00,100.33131731474595,100.0412723124503,99.71729972998568,100.14198493010322,100.03113901817436
2026-08-25 14:25:00-04:00,100.33007984544311,100.02105601698253,99.70287067721559,100.18135082684685,100.02705112625472
2026-08-25 14:26:00-04:00,100.36346133444162,99.98968192188742,99.73460755045305,100.2164952717165,100.0423682578682
2026-08-25 14:27:00-04:00,100.26702927535457,99.99656763830843,99.75958328120886,100.16728790078696,100.03113901817436
2026-08-25 14:28:00-04:00,100.26579180605174,99.9842552215983,99.77539449461649,100.15694019558363,100.02705112625472
2026-08-25 14:29:00-04:00,100.25343220411241,99.99312478009793,99.82403422405811,100.16728790078696,100.04644991824527
2026-08-25 14:30:00-04:00,100.33440344245851,99.99993702088639,99.83845447325727,100.20946809877991,100.06744398513129
2026-08-25 14:31:00-04:00,100.32266257517061,99.99312478009793,99.81249274255622,100.23757679052623,100.06176704985876
2026-08-25 14:32:00-04:00,100.34243944738243,100.02407901443566,99.81249274255622,100.2066795380908,100.06993660215545
2026-08-25 14:33:00-04:00,100.33440344245851,100.05503324877338,99.79374113645474,100.25728547945826,100.06381099581857
2026-08-25 14:34:00-04:00,100.29237475942918,100.05503324877338,99.77066697702189,100.23195676821432,100.12302311322756
2026-08-25 14:35:00-04:00,100.29793582574743,100.05503324877338,99.7605692811541,100.21790242234115,100.08320978780911
2026-08-25 14:36:00-04:00,100.33625964641277,100.07566940499852,99.78941858312336,100.20103377521866,100.00663659282682
2026-08-25 14:37:00-04:00,100.36778493145704,100.03439709254823,99.84134204452548,100.19821947396935,100.00561461984692
2026-08-25 14:38:00-04:00,100.33131731474595,100.03439709254823,99.80095126105432,100.20665379753058,100.0423682578682
2026-08-25 14:39:00-04:00,100.32018763656492,100.05503324877338,99.77354574471916,100.21508812109182,100.08423176078902
2026-08-25 14:40:00-04:00,100.32390004447345,100.09974841943418,99.79518492208884,100.2263367459024,100.09442033287529
2026-08-25 14:41:00-04:00,100.32018763656492,100.12382743386983,99.81249274255622,100.26428691183463,100.09648297346278
2026-08-25 14:42:00-04:00,100.31772024350379,100.12382743386983,99.81393652819031,100.29662563564167,100.10464629421692
2026-08-25 14:43:00-04:00,100.297317091096,100.1307026537719,99.84422081222274,100.28256270958178,100.10873418613654
2026-08-25 14:44:00-04:00,100.31277036629243,100.11350935575726,99.8716263285579,100.30927283089018,100.11791947987058
2026-08-25 14:45:00-04:00,100.27568401492992,100.06879418509645,99.92211480789685,100.31067998151484,100.18734509553609
2026-08-25 14:46:00-04:00,100.31030297323127,100.03439709254823,99.91201711202905,100.3612859228823,100.2169324596129
2026-08-25 14:47:00-04:00,100.28743242776235,100.0412723124503,99.873070114192,100.3781545700048,100.1597829827914
2026-08-25 14:48:00-04:00,100.27548783077215,99.99312478009793,99.87543827477477,100.38099461181433,100.17203419546516
2026-08-25 14:49:00-04:00,100.26950421396026,100.03783995075874,99.84999595475915,100.37253454769288,100.20674388752663
2026-08-25 14:50:00-04:00,100.2423025259314,100.01376093632308,99.84422081222274,100.36691452538096,100.16825788067355
2026-08-25 14:51:00-04:00,100.27630274958133,100.00688571642101,99.86153743626105,100.4147061654991,100.16284267018857
2026-08-25 14:52:00-04:00,100.30288570295878,99.96904576566227,99.86153743626105,100.38658889356604,100.1801975162193
2026-08-25 14:53:00-04:00,100.28495748915668,100.0,99.87310532847576,100.38940319481537,100.20293018347967
2026-08-25 14:54:00-04:00,100.25953654963678,99.99312478009793,99.84134204452548,100.37956172062945,100.18530738111883
2026-08-25 14:55:00-04:00,100.2633244129906,99.94153438953505,99.82980056302358,100.3612859228823,100.18695873989734
2026-08-25 14:56:00-04:00,100.25466967341525,99.93121631142247,99.79518492208884,100.38378317250346,100.16693056210819
2026-08-25 14:57:00-04:00,100.31338910094385,99.94153438953505,99.77210195908506,100.36665711977889,100.12914871956444
2026-08-25 14:58:00-04:00,100.34243944738243,99.9656134039707,99.79950747542021,100.37675599956687,100.1587610098115
2026-08-25 14:59:00-04:00,100.32884237614027,99.99140335099268,99.79518492208884,100.31680623484417,100.17815980180204
2026-08-25 15:00:00-04:00,100.32698617218601,100.01376093632308,99.87595768546021,100.33598295219858,100.14548782415783
2026-08-25 15:01:00-04:00,100.31462657024669,100.0,99.90625077306358,100.31911430507608,100.13053835355541
2026-08-25 15:02:00-04:00,100.29793582574743,100.02063615622515,99.89037793465937,100.29521848501702,100.11485979247342
2026-08-25 15:03:00-04:00,100.30288570295878,100.01376093632308,99.92355859353094,100.323533101245,100.1209853988103
2026-08-25 15:04:00-04:00,100.35635343149484,100.0412723124503,99.91057332639495,100.31067998151484,100.1107719005538
2026-08-25 15:05:00-04:00,100.35728153347196,99.99656763830843,99.8817240244257,100.3345758015739,100.11689750689068
2026-08-25 15:06:00-04:00,100.33131731474595,100.01376093632308,99.91992271873286,100.33879725344791,100.13425858446398
2026-08-25 15:07:00-04:00,100.30413071780615,99.99656763830843,99.90336320179537,100.29943135670428,100.10056463383985
2026-08-25 15:08:00-04:00,100.36840366610845,100.0,99.81825908152169,100.28256270958178,100.1107719005538
2026-08-25 15:09:00-04:00,100.3962165432442,99.97936384377485,99.82403422405811,100.28256270958178,100.08626947520628
2026-08-25 15:10:00-04:00,100.30906550392844,99.97936384377485,99.84999595475915,100.29381133439236,100.07606220849233
2026-08-25 15:11:00-04:00,100.24725240314275,99.98280670198535,99.84422081222274,100.2704474859109,100.14753177011764
2026-08-25 15:12:00-04:00,100.25961200508208,99.99312478009793,99.85288352602737,100.2797569885192,100.13648324515805
2026-08-25 15:13:00-04:00,100.28928108617208,99.98280670198535,99.84566459785684,100.29732921095402,100.13528055744388
2026-08-25 15:14:00-04:00,100.18172689444854,99.95185246764763,99.88126623873683,100.28256270958178,100.13834024484105
2026-08-25 15:15:00-04:00,100.19779890429639,99.94496675122663,99.90768575512674,100.26287976120997,100.14753177011764
2026-08-25 15:16:00-04:00,100.24168379127998,99.9621705457602,99.90480698742947,100.26991551433328,100.09443902750297
2026-08-25 15:17:00-04:00,100.24353999523424,99.9621705457602,99.8817240244257,100.2361782200883,100.11281584651361
2026-08-25 15:18:00-04:00,100.20892858247741,99.93121631142247,99.91633966536043,100.20383949628126,100.1107719005538
2026-08-25 15:19:00-04:00,100.21139597553855,99.95948343691298,99.89037793465937,100.1363649077913,100.12914871956444
2026-08-25 15:20:00-04:00,100.20027384290206,100.0481580288713,99.91633966536043,100.19399802209534,100.13323661148407
2026-08-25 15:21:00-04:00,100.18914416472106,100.00688571642101,99.91922723662863,100.22352244465307,100.11689750689068
2026-08-25 15:22:00-04:00,100.13722327281354,100.01376093632308,99.91922723662863,100.2058901609111,100.13389092345291
2026-08-25 15:23:00-04:00,100.14835295099456,100.01376093632308,99.91750173672446,100.2432053930249,100.14140616378076
2026-08-25 15:24:00-04:00,100.1792595013874,100.02063615622515,99.95673044883158,100.2597908939851,100.12506705918737
2026-08-25 15:25:00-04:00,100.2126334448414,100.05503324877338,99.93650864638319,100.23757679052623,100.15348912480539
2026-08-25 15:26:00-04:00,100.2126334448414,100.03439709254823,99.95239909192927,100.24601111408748,100.14650979713774
2026-08-25 15:27:00-04:00,100.22994292399207,100.05503324877338,99.95817423446569,100.26287976120997,100.1281329781271
2026-08-25 15:28:00-04:00,100.30176896236841,100.03439709254823,99.93221250376463,100.28819131208044,100.09341705452306
2026-08-25 15:29:00-04:00,100.33997205432128,100.03439709254823,99.9509641098661,100.27412838602054,100.0931117089376
2026-08-25 15:30:00-04:00,100.29113729012634,100.0282041463769,100.03750321220295,100.2980242060796,100.12608903216729
2026-08-25 15:31:00-04:00,100.32451877912486,100.01376093632308,100.03461564093475,100.2263367459024,100.12506705918737
2026-08-25 15:32:00-04:00,100.29423096338344,99.98968192188742,100.04615712243664,100.29099703314303,100.09445772213066
2026-08-25 15:33:00-04:00,100.31153289698959,99.93809153132455,100.04039078347115,100.26850836370862,100.11689750689068
2026-08-25 15:34:00-04:00,100.37643967103237,99.93121631142247,100.063464942904,100.24882541533681,100.1597829827914
2026-08-25 15:35:00-04:00,100.3770584056838,99.88994399897219,100.10096815510695,100.27412838602054,100.26391829051838
2026-08-25 15:36:00-04:00,100.41847589960624,99.88305828255118,100.11827597557432,100.24039109177556,100.25371102380443
2026-08-25 15:37:00-04:00,100.3956053541373,99.8692973462281,100.06924008544043,100.26148119077205,100.26596223647819
2026-08-25 15:38:00-04:00,100.41290728774347,99.8692973462281,100.04904469370484,100.25725973889804,100.24350375709048
2026-08-25 15:39:00-04:00,100.46297952124124,99.86242212632602,100.06635251417221,100.23054961758966,100.2271646524971
2026-08-25 15:40:00-04:00,100.48955492907415,99.8349107501988,100.10529951200927,100.27553553664521,100.20266222714957
2026-08-25 15:41:00-04:00,100.541053270488,99.84178597010087,100.11538840430612,100.29381133439236,100.21083177944627
2026-08-25 15:42:00-04:00,100.5934042584337,99.8692973462281,100.14712527754358,100.30505995920292,100.16999024950535
2026-08-25 15:43:00-04:00,100.59154805447943,99.8692973462281,100.10529951200927,100.324734327388,100.14140616378076
2026-08-25 15:44:00-04:00,100.47348291922631,99.88305828255118,100.0778939956741,100.34441727575982,100.10464629421692
2026-08-25 15:45:00-04:00,100.45926711333273,99.84866119000294,100.08917137004781,100.33316865094925,100.16388333779615
2026-08-25 15:46:00-04:00,100.36716619680561,99.80395651586107,100.1370275816758,100.28819131208044,100.17407190988241
2026-08-25 15:47:00-04:00,100.41105862933374,99.81083173576314,100.14712527754358,100.28396986020644,100.17713782882214
2026-08-25 15:48:00-04:00,100.37582093638095,99.8692973462281,100.16587688364505,100.29099703314303,100.23124631287416
2026-08-25 15:49:00-04:00,100.35666279882055,99.8727402044386,100.13558379604169,100.31630000382675,100.20061828118975
2026-08-25 15:50:00-04:00,100.36469880374446,99.85554690642395,100.12695629652083,100.30224565795359,100.1985805667725
2026-08-25 15:51:00-04:00,100.33625964641277,99.82802503377779,100.10096815510695,100.27412838602054,100.20164025416966
2026-08-25 15:52:00-04:00,100.33625964641277,99.92777345321198,100.10962206534063,100.28537701083111,100.23533420479379
2026-08-25 15:53:00-04:00,100.30288570295878,100.05503324877338,100.13558379604169,100.2980242060796,100.3374317981035
2026-08-25 15:54:00-04:00,100.2497197962039,100.0412723124503,100.06779629980632,100.29099703314303,100.41706468048295
2026-08-25 15:55:00-04:00,100.29051855547492,100.0,99.9884585184981,100.29240418376769,100.43860712311428
2026-08-25 15:56:00-04:00,100.3109217078827,99.98624956019586,100.0721188531377,100.30786568026552,100.42931589315671
2026-08-25 15:57:00-04:00,100.29051855547492,100.0,100.12404231453979,100.29943135670428,100.40073180743212
2026-08-25 15:58:00-04:00,100.31277036629243,99.90369443877633,100.08366033463959,100.35004587825847,100.40277575339194
2026-08-25 15:59:00-04:00,100.2311803932949,100.03439709254823,100.08366033463959,100.28537701083111,100.36193422345102
2026-08-25 16:00:00-04:00,100.2311803932949,100.03439709254823,100.08366033463959,100.28537701083111,100.36193422345102
2026-08-26 13:30:00-04:00,100.0,100.0,100.0,100.00000000000001,100.0
2026-08-26 13:31:00-04:00,99.90710374008614,99.98793372448263,99.97365485429188,99.98469151962212,99.97069567336513
2026-08-26 13:32:00-04:00,99.89557138166695,100.01206627551736,99.94730077499754,99.9260331753106,99.95958087719674
2026-08-26 13:33:00-04:00,99.96123763847538,100.01206627551736,99.95462631568275,99.85899141249686,99.97069567336513
2026-08-26 13:34:00-04:00,99.96781908723904,100.0568808646228,100.00292128268788,99.9078676804889,99.9807989120576
2026-08-26 13:35:00-04:00,100.04675200315435,100.07066187676556,99.99853489186296,99.8785214515305,100.03638522896634
2026-08-26 13:36:00-04:00,100.03218091276098,100.02240729455272,99.97859512746129,99.90465247318949,100.03335055653857
2026-08-26 13:37:00-04:00,100.02549570241771,100.03619882655207,99.97072463801778,99.88970218566723,100.03638522896634
2026-08-26 13:38:00-04:00,100.02610344881256,100.0292978006241,99.97721935518626,99.88690487003271,100.03638522896634
2026-08-26 13:39:00-04:00,99.96417260886999,100.0292978006241,99.9531612075457,99.83940167465394,100.008086291774
2026-08-26 13:40:00-04:00,99.95446348963533,100.00861576255336,100.05122518327923,99.87692664048278,99.98989676130753
2026-08-26 13:41:00-04:00,99.92532130884857,100.02240729455272,100.03334014370388,99.84358911970439,99.96059243467266
2026-08-26 13:42:00-04:00,100.01274785120886,100.04316297161964,100.0175634304721,99.85337119602386,99.92825343561002
2026-08-26 13:43:00-04:00,100.00789329159153,100.02240729455272,100.03366175280713,99.85166551575891,99.96362093906704
2026-08-26 13:44:00-04:00,99.99939225360517,100.03619882655207,100.01316810606097,99.79887471155881,99.94846608102834
2026-08-26 13:45:00-04:00,99.99069851554238,100.01206627551736,99.99853489186296,99.82542362488272,99.89490287907145
2026-08-26 13:46:00-04:00,100.00546230601218,100.00861576255336,99.98389274407876,99.81285276133005,99.83427111084985
2026-08-26 13:47:00-04:00,100.06132309354774,99.98448321151865,99.97511102884272,99.8114541035128,99.78129387206499
2026-08-26 13:48:00-04:00,100.05282205556136,99.99482423055402,99.9780412451168,99.82542362488272,99.81001223552784
2026-08-26 13:49:00-04:00,100.03703547237829,99.98104321841126,99.98682296035284,99.82402496706545,99.7997054517335
2026-08-26 13:50:00-04:00,100.03521223319377,99.96725168641191,99.98682296035284,99.79328860869111,99.85548914571072
2026-08-26 13:51:00-04:00,100.00667779880185,99.9396791422698,99.96925952988074,99.79328860869111,99.88277652542713
2026-08-26 13:52:00-04:00,100.01396334399854,99.94001577768093,100.0102468233731,99.8174922116507,99.87066867588298
2026-08-26 13:53:00-04:00,100.06617765316507,99.9396791422698,100.02781025384517,99.80586800064509,99.89067777619944
2026-08-26 13:54:00-04:00,99.99939225360517,99.92588761027045,100.02781025384517,99.80865678787828,99.96665561149482
2026-08-26 13:55:00-04:00,100.02428762116944,99.95263960559795,100.01902853860913,99.82822094051723,99.92117870131193
2026-08-26 13:56:00-04:00,100.02246438198492,99.9396791422698,99.97657613697976,99.79328860869111,99.8928797641196
2026-08-26 13:57:00-04:00,99.98771166435797,99.95691066737655,100.01975215909145,99.76953701100173,99.91509702038961
2026-08-26 13:58:00-04:00,99.93746141366259,99.95002016130516,100.01114911557944,99.78630384800616,99.93835667430248
2026-08-26 13:59:00-04:00,99.8961717165204,99.92588761027045,99.98097146139088,99.8114541035128,99.91106929458607
2026-08-26 14:00:00-04:00,99.87917705208906,99.93277811634182,99.99654270214003,99.81425141914731,99.90905234766761
2026-08-26 14:01:00-04:00,99.86144864505906,99.94311913537719,100.0,99.78070921673714,99.9312819400044
2026-08-26 14:02:00-04:00,99.84942712490745,99.94747435600857,99.99121828476396,99.74438675549509,99.96766100093735
2026-08-26 14:03:00-04:00,99.81359973377744,99.91898658434248,100.01609832233505,99.73320602135837,99.9888852038316
2026-08-26 14:04:00-04:00,99.84092608692107,99.93277811634182,100.01170299792393,99.7080813510557,99.94544991270074
2026-08-26 14:05:00-04:00,99.86551016974653,99.97414219248328,100.00438639082492,99.72622126067341,99.95551614319287
2026-08-26 14:06:00-04:00,99.8664217893388,99.97070219937589,100.0395132517691,99.72761139008934,99.9656440540189
2026-08-26 14:07:00-04:00,99.869460521313,99.96036118034053,100.05125198403783,99.78070921673714,99.91309240953792
2026-08-26 14:08:00-04:00,99.8888861713237,99.93277811634182,100.06878861375131,99.819837522015,99.92926499308594
2026-08-26 14:09:00-04:00,99.89010166411339,99.94656964834118,100.04537368431727,99.81843886419776,99.92521876318224
2026-08-26 14:10:00-04:00,99.86217497611631,99.93277811634182,100.0248800375711,99.79747605374156,99.92117870131193
2026-08-26 14:11:00-04:00,99.85124295255058,99.95346015441255,100.00292128268788,99.84498777752165,99.91511552448978
2026-08-26 14:12:00-04:00,99.81846170493617,99.9396791422698,99.97244882015467,99.82822094051723,99.90804079019169
2026-08-26 14:13:00-04:00,99.83303279532954,99.94311913537719,99.9604510138861,99.84778509315616,99.91309240953792
2026-08-26 14:14:00-04:00,99.87097988730011,99.94656964834118,99.94291438417262,99.81843886419776,99.91713247140824
2026-08-26 14:15:00-04:00,99.84881937851262,99.93277811634182,99.94291438417262,99.85057388038935,99.91410396701384
2026-08-26 14:16:00-04:00,99.86461337323708,99.9396791422698,99.93706288521065,99.84778509315616,99.90500611776392
2026-08-26 14:17:00-04:00,99.92349806966405,99.91898658434248,99.93413266893657,99.84470634027794,99.92966591525628
2026-08-26 14:18:00-04:00,99.89981819488945,99.94656964834118,99.96951860388059,99.83940167465394,99.93793107999859
2026-08-26 14:19:00-04:00,99.90103368767913,99.95346015441255,99.98682296035284,99.83903495339699,99.9656440540189
2026-08-26 14:20:00-04:00,99.87309958814065,99.93622862930582,100.04533794997246,99.85057388038935,99.99191987625937
2026-08-26 14:21:00-04:00,99.87189150689237,99.9396791422698,100.03659196908121,99.85337119602386,99.95351770037458
2026-08-26 14:22:00-04:00,99.87370733453548,99.90520557219972,100.00145617455084,99.85895729889157,99.94343296578228
2026-08-26 14:23:00-04:00,99.9034572617171,99.89141404020036,100.00438639082492,99.79608592432562,99.94947147047088
2026-08-26 14:24:00-04:00,99.95567898242501,99.86384149605826,99.9853578522158,99.76115359249951,99.91713247140824
2026-08-26 14:25:00-04:00,99.9064959936913,99.86384149605826,100.0,99.76394237973271,99.95553464729304
2026-08-26 14:26:00-04:00,99.9064959936913,99.83280791909557,99.9780412451168,99.79466168130439,99.95755776224489
2026-08-26 14:27:00-04:00,99.93746141366259,99.83625843205955,99.98682296035284,99.82263483764952,99.96059243467266
2026-08-26 14:28:00-04:00,99.92410581605888,99.82467606994568,99.98389274407876,99.83240838556766,99.94340829364872
2026-08-26 14:29:00-04:00,99.90588824729646,99.85004996405891,99.96384577664266,99.78070921673714,99.92117870131193
2026-08-26 14:30:00-04:00,99.87189150689237,99.84659945109492,99.92827223638841,99.74857420054553,99.92117870131193
2026-08-26 14:31:00-04:00,99.88342386531154,99.85004996405891,99.93266756079953,99.7234239450389,99.90905234766761
2026-08-26 14:32:00-04:00,99.91014247206034,99.85694047013028,99.94291438417262,99.73040870572385,99.90298917084546
2026-08-26 14:33:00-04:00,99.8767460665097,99.87073200212963,99.97218974615483,99.73460467917562,99.95553464729304
2026-08-26 14:34:00-04:00,99.86095948332662,99.87762250820101,99.93117565190389,99.72482260285615,99.91511552448978
2026-08-26 14:35:00-04:00,99.92045933768983,99.87073200212963,99.91363902219041,99.71646476955792,99.91915558636008
2026-08-26 14:36:00-04:00,99.94474695885928,99.85004996405891,99.93120245266249,99.71562898622808,99.8928797641196
2026-08-26 14:37:00-04:00,99.95081701126628,99.84659945109492,99.91656923846449,99.64939742154021,99.8625638800088
2026-08-26 14:38:00-04:00,99.96417260886999,99.88796352723638,99.9092794321241,99.66613867334065,99.88883970224929
2026-08-26 14:39:00-04:00,99.92774488288653,99.89830454627175,99.92242073742645,99.69827368953226,99.88681658729745
2026-08-26 14:40:00-04:00,99.99453028244643,99.91554659123508,99.93998416789854,99.7234239450389,99.84437434954232
2026-08-26 14:41:00-04:00,100.02610344881256,99.90520557219972,99.96486420546962,99.7499728583628,99.88746423080336
2026-08-26 14:42:00-04:00,99.98846023003942,99.88452353412899,99.96486420546962,99.76115359249951,99.83831117272017
2026-08-26 14:43:00-04:00,99.93560111677105,99.91209607827109,99.97511102884272,99.74717554272829,99.83628805776831
2026-08-26 14:44:00-04:00,99.95628672881986,99.89830454627175,99.96340803091879,99.73600333699288,99.89086281720114
2026-08-26 14:45:00-04:00,99.99878450721032,99.89141404020036,99.99853489186296,99.76115359249951,99.91915558636008
2026-08-26 14:46:00-04:00,99.95446348963533,99.93277811634182,100.00585149896196,99.77093566881899,99.9353281699081
2026-08-26 14:47:00-04:00,99.9496015184766,99.90864556530711,100.0321966446701,99.73879212422607,99.9615978241152
2026-08-26 14:48:00-04:00,99.98482116321178,99.91892346520288,99.9841875524234,99.70525845021722,99.95553464729304
2026-08-26 14:49:00-04:00,99.99210670840847,99.91898658434248,99.99413956745184,99.69967234734952,99.93330505495625
2026-08-26 14:50:00-04:00,99.98603665600146,99.89486455316435,100.01170299792393,99.69547637389775,99.89086281720114
2026-08-26 14:51:00-04:00,99.97698716395145,99.91209607827109,100.02781025384517,99.70107100516677,99.9009660558936
2026-08-26 14:52:00-04:00,99.95810255646298,99.92933812323443,100.05415539955331,99.72761139008934,99.91915558636008
2026-08-26 14:53:00-04:00,99.99574577523612,99.93277811634182,100.07318393816243,99.72062662940438,99.97170723084105
2026-08-26 14:54:00-04:00,99.96781908723904,99.91898658434248,100.0723888489905,99.696875031715,99.98383358448537
2026-08-26 14:55:00-04:00,99.93078361486073,99.89141404020036,100.04537368431727,99.66054404207163,99.98029313331963
2026-08-26 14:56:00-04:00,99.94839343722832,99.90175505923573,100.0248800375711,99.65327784414296,99.99798305308154
2026-08-26 14:57:00-04:00,99.96783391032183,99.89830454627175,100.0248800375711,99.6493633079349,100.00202311495185
2026-08-26 14:58:00-04:00,99.9836056704221,99.87073200212963,100.0528689631403,99.70805576585173,100.02425887532202
2026-08-26 14:59:00-04:00,99.97510463243573,99.87073200212963,100.04683879245431,99.70525845021722,100.01818953046647
2026-08-26 15:00:00-04:00,100.03338899400926,99.88452353412899,100.07171883002539,99.78070921673714,100.08893070541392
2026-08-26 15:01:00-04:00,100.0267111952074,99.88796352723638,100.05122518327923,99.8170402063805,100.11318341270255
2026-08-26 15:02:00-04:00,100.04128228560079,99.83736301700229,100.10245036655844,99.85337119602386,100.12733288129873
2026-08-26 15:03:00-04:00,100.11839196233159,99.84315945798753,100.07616775595372,99.8705559246932,100.13501208286901
2026-08-26 15:04:00-04:00,100.08864203514997,99.86384149605826,100.11269718993152,99.83940167465394,100.19201087942402
2026-08-26 15:05:00-04:00,99.94535470525412,99.87418251509362,100.08488693608636,99.81564154856324,100.1798845257797
2026-08-26 15:06:00-04:00,100.02792668799708,99.84315945798753,100.09806397573352,99.82682228269996,100.14158103842912
2026-08-26 15:07:00-04:00,99.96660359444935,99.89141404020036,100.09221247677156,99.80865678787828,100.1647234997076
2026-08-26 15:08:00-04:00,99.95931804925266,99.87762250820101,100.07757032898735,99.80865678787828,100.17684985335192
2026-08-26 15:09:00-04:00,99.95931804925266,99.87073200212963,100.07757032898735,99.81425141914731,100.16775817213538
2026-08-26 15:10:00-04:00,99.93078361486073,99.85694047013028,100.05415539955331,99.83660435901943,100.22030364858296
2026-08-26 15:11:00-04:00,99.91803576365187,99.87073200212963,100.06000689851527,99.8408003324712,100.2273413746807
2026-08-26 15:12:00-04:00,99.90588824729646,99.87762250820101,100.05269029141627,99.8170402063805,100.2526426476456
2026-08-26 15:13:00-04:00,99.93078361486073,99.91209607827109,100.0175634304721,99.78909263523934,100.22519489906105
2026-08-26 15:14:00-04:00,99.92592905524342,99.90520557219972,100.01316810606097,99.80586800064509,100.22737838288104
2026-08-26 15:15:00-04:00,99.9511134729223,99.91898658434248,99.98389274407876,99.80586800064509,100.23243617026067
2026-08-26 15:16:00-04:00,100.02610344881256,99.95718418364808,100.01627699405908,99.86873937521104,100.26275205437146
2026-08-26 15:17:00-04:00,100.02488795602288,99.95346015441255,100.0102468233731,99.83940167465394,100.2472702905631
2026-08-26 15:18:00-04:00,99.98482116321178,99.95002016130516,100.01316810606097,99.83953812907514,100.23750629370707
2026-08-26 15:19:00-04:00,100.04917557719232,99.95691066737655,100.04537368431727,99.84778509315616,100.20413723306834
2026-08-26 15:20:00-04:00,99.96174903483202,99.95346015441255,99.97570064553202,99.83940167465394,100.18998776447216
2026-08-26 15:21:00-04:00,99.98117468484273,99.96036118034053,99.96179105181632,99.88690487003271,100.2263729934385
2026-08-26 15:22:00-04:00,100.02003339640555,99.99517138582173,99.96340803091879,99.9050703648544,100.23950473652536
2026-08-26 15:23:00-04:00,100.0431055247853,99.99951608659651,99.94346826651712,99.89808560416944,100.26072893941961
2026-08-26 15:24:00-04:00,100.09471208755699,99.98104321841126,99.96340803091879,99.97353637068936,100.26275205437146
2026-08-26 15:25:00-04:00,100.08074874355844,99.99082668504695,99.97365485429188,99.97353637068936,100.29913111530442
2026-08-26 15:26:00-04:00,100.09228851351902,100.00861576255336,99.96340803091879,99.98471710482609,100.33551017623736
2026-08-26 15:27:00-04:00,100.09228851351902,100.03619882655207,99.97072463801778,99.95680364729023,100.35572282165569
2026-08-26 15:28:00-04:00,100.07103221278238,100.03619882655207,99.90485730695437,99.97633368632387,100.32176779784493
2026-08-26 15:29:00-04:00,100.0637466675857,100.07756290269353,99.91070880591633,99.97493502850662,100.27687685083407
2026-08-26 15:30:00-04:00,100.07346319836175,100.0568808646228,99.94291438417262,99.9875144204606,100.26072893941961
2026-08-26 15:31:00-04:00,100.10989092434521,99.98793372448263,99.92590483604502,100.00986736033272,100.23849934708282
2026-08-26 15:32:00-04:00,100.10260537914851,99.98448321151865,99.95462631568275,99.99449918114556,100.27690152296762
2026-08-26 15:33:00-04:00,100.06496216037539,99.96725168641191,99.99560467558888,100.02104809446945,100.29811955782849
2026-08-26 15:34:00-04:00,100.06617765316507,99.96036118034053,100.0248800375711,100.04061224710838,100.26881523119361
2026-08-26 15:35:00-04:00,100.0309654199713,99.98448321151865,100.01902853860913,100.0461983499761,100.26679211624177
2026-08-26 15:36:00-04:00,100.01153235841917,99.98448321151865,100.02777451950037,100.08577013212286,100.2950910534341
2026-08-26 15:37:00-04:00,100.01457109039339,99.96725168641191,100.04829496700515,100.08532665525397,100.29205638100633
2026-08-26 15:38:00-04:00,99.96903458002872,100.02240729455272,100.09513375945944,100.10488227949158,100.27487840801578
2026-08-26 15:39:00-04:00,99.99149896201362,100.02240729455272,100.09513375945944,100.09929617662388,100.26982678866955
2026-08-26 15:40:00-04:00,100.03885871156282,100.06377137069418,100.14490276818782,100.11047691076061,100.24860258577529
2026-08-26 15:41:00-04:00,100.03460448679894,100.03619882655207,100.11562740620562,100.11886032926282,100.29802086929425
2026-08-26 15:42:00-04:00,100.09835856592603,100.04997983869482,100.14636787632486,100.121649116496,100.30519429212657
2026-08-26 15:43:00-04:00,100.07831775797908,100.08100289580092,100.1331908366777,100.09091275812168,100.34359646801137
2026-08-26 15:44:00-04:00,100.04675200315435,100.09755063022882,100.15514959156091,100.0811306818022,100.39614811249234
2026-08-26 15:45:00-04:00,100.06860863874442,100.11823266829956,100.19466284333001,100.06016787134601,100.359762883526
2026-08-26 15:46:00-04:00,100.03218091276098,100.1464995229771,100.2195518144873,100.00425567226105,100.35170126388556
2026-08-26 15:47:00-04:00,100.03460448679894,100.10513544683563,100.18588112809397,99.95956684931944,100.34258491053545
2026-08-26 15:48:00-04:00,100.06800089234959,100.115476465871,100.19466284333001,99.9931005233283,100.35369970670385
2026-08-26 15:49:00-04:00,100.01031686562949,100.13271851083434,100.19466284333001,100.00428125746502,100.38502714829056
2026-08-26 15:50:00-04:00,99.869460521313,100.115476465871,100.20637477484013,99.91485244117386,100.46081994258424
2026-08-26 15:51:00-04:00,99.86399821530084,100.12581748490636,100.16831769762187,99.89528828853493,100.4790156410841
2026-08-26 15:52:00-04:00,99.8946597620747,100.12581748490636,100.165396414934,99.87573266429732,100.43050405847345
2026-08-26 15:53:00-04:00,99.85488943091961,100.12926799787036,100.13026062040362,99.88271742498227,100.42040081978098
2026-08-26 15:54:00-04:00,99.83424828811923,100.06997808608672,100.03366175280713,99.78630384800616,100.44869358893993
2026-08-26 15:55:00-04:00,99.91499703167767,100.06377137069418,100.12147890516758,99.77232579823492,100.4325271734253
2026-08-26 15:56:00-04:00,99.94032968018458,100.02240729455272,100.16831769762187,99.7793190873212,100.4325271734253
2026-08-26 15:57:00-04:00,99.89738720931008,100.00861576255336,100.15368448342387,99.84219046188714,100.40018817436265
2026-08-26 15:58:00-04:00,99.82331626455348,99.98104321841126,100.14123999784522,99.78560451909753,100.34965964483354
2026-08-26 15:59:00-04:00,99.78135211714385,99.98793372448263,100.1331908366777,99.65216062356942,100.28296469978979
2026-08-26 16:00:00-04:00,99.78135211714385,99.98793372448263,100.1331908366777,99.65216062356942,100.28296469978979
2026-08-27 13:30:00-04:00,100.0,100.0,100.0,100.00000000000001,100.0
2026-08-27 13:31:00-04:00,99.97438094800472,99.98259142792989,99.94579920587204,99.9802876676623,100.04170578225036
2026-08-27 13:32:00-04:00,100.01342021270219,99.97911821068344,100.03517371224808,100.00000000000001,100.11815426279212
2026-08-27 13:33:00-04:00,99.9792589942422,99.98259142792989,100.01466167710443,99.96619760542875,100.13503777185191
2026-08-27 13:34:00-04:00,100.03415377106116,100.0,99.98973950967738,99.99718886494793,100.16879266972093
2026-08-27 13:35:00-04:00,99.98109105435582,99.99303232258816,100.0469012648313,100.01690119728563,100.20652300978062
2026-08-27 13:36:00-04:00,99.93533423590843,100.0,100.0439671403101,100.01549992813123,100.2442533498403
2026-08-27 13:37:00-04:00,99.93289148909027,99.96867731602516,100.07768273579917,100.02254066087637,100.26610010151316
2026-08-27 13:38:00-04:00,99.92373863592103,99.97563437197752,100.05921027501782,99.97183706901949,100.29290403567377
2026-08-27 13:39:00-04:00,99.88530261052927,99.99303232258816,100.06448812095535,99.99859013410233,100.3492450205011
2026-08-27 13:40:00-04:00,99.91824990297901,99.9860752666358,100.10259595772463,99.98591853450975,100.33847617785959
2026-08-27 13:41:00-04:00,99.9295327122153,99.9721505332716,100.05569469289333,100.0014098658977,100.35545664892403
2026-08-27 13:42:00-04:00,100.00609941964656,99.97563437197752,100.07328154901737,99.97186285924931,100.3703524368885
2026-08-27 13:43:00-04:00,100.02440512598504,99.95126874395505,100.12018281384867,100.00845059864282,100.44283153536486
2026-08-27 13:44:00-04:00,99.96218955611046,99.90957951553823,100.04250902355109,99.97746793586693,100.44779477797792
2026-08-27 13:45:00-04:00,99.93350217579481,99.91298900402786,100.04836832709191,99.94647667634776,100.39517471007906
2026-08-27 13:46:00-04:00,99.90482969027684,99.90602132661603,100.0014670622606,99.96901733722412,100.38623602527532
2026-08-27 13:47:00-04:00,99.90020485559978,99.89558043195775,99.98681433065777,99.9995271791197,100.32368341202508
2026-08-27 13:48:00-04:00,99.8804245642918,99.91646222127432,99.94577236936728,100.01690119728563,100.2365266900947
2026-08-27 13:49:00-04:00,99.91337185674155,99.95823642136689,99.93551187904465,100.04226158995736,100.20255362771523
2026-08-27 13:50:00-04:00,99.90360831686776,99.94082784929678,99.9179250229206,100.039441858162,100.20292935548325
2026-08-27 13:51:00-04:00,99.92679206944372,99.93038695463851,99.831457804561,100.06479365409044,100.19759038510217
2026-08-27 13:52:00-04:00,99.91580715616087,99.92342989868614,99.82119731423838,100.07324425273326,100.17673749397699
2026-08-27 13:53:00-04:00,99.9487544486106,99.90950516532195,99.82705661777919,100.01690119728563,100.1360316323996
2026-08-27 13:54:00-04:00,99.92557069603464,99.88166632005303,99.91499089839941,100.01409006223355,100.21534049207854
2026-08-27 13:55:00-04:00,99.99390058035345,99.90950516532195,99.8768920071317,100.00281973179537,100.18468231823306
2026-08-27 13:56:00-04:00,99.952411121439,99.91298900402786,99.91499089839941,100.00845059864282,100.16681100875088
2026-08-27 13:57:00-04:00,99.96888476766388,99.93735463205033,99.93551187904465,100.0112703304382,100.0913503286315
2026-08-27 13:58:00-04:00,99.93655560931751,99.9443116880027,99.89007767647394,100.01409006223355,100.08539322547078
2026-08-27 13:59:00-04:00,99.8840812371202,99.9477955267086,99.90033816679656,100.00586297891599,100.11418488072674
2026-08-27 14:00:00-04:00,99.8328356857308,99.93735463205033,100.04983538935251,99.97746793586693,100.15489074230415
2026-08-27 14:01:00-04:00,99.67299216451721,99.92690311593259,99.96776041227311,99.97183706901949,100.01787736960746
2026-08-27 14:02:00-04:00,99.68336639109553,99.95823642136689,100.03078147096787,100.02676166182614,99.96823282322633
2026-08-27 14:03:00-04:00,99.60466228019841,99.93038695463851,100.01466167710443,99.99718886494793,99.92255765891058
2026-08-27 14:04:00-04:00,99.56195889527372,99.9477955267086,99.97072137329909,99.98591853450975,99.89972310681534
2026-08-27 14:05:00-04:00,99.59002069408714,99.9443116880027,99.98534726839716,100.0112703304382,99.89872924626768
2026-08-27 14:06:00-04:00,99.58616294149019,99.93038695463851,99.95017355614907,100.01409006223355,99.83021952985669
2026-08-27 14:07:00-04:00,99.66689274487067,99.93038695463851,99.923793271963,99.97605806996924,99.79501020191792
2026-08-27 14:08:00-04:00,99.66689274487067,99.95823642136689,99.923793271963,99.95492727499057,99.81432988134456
2026-08-27 14:09:00-04:00,99.63394545242092,99.93387079334441,99.90766453259798,99.9802876676623,99.78355050499327
2026-08-27 14:10:00-04:00,99.55097398199085,99.89906427066367,99.89447886325574,99.93521494265285,99.81137254020273
2026-08-27 14:11:00-04:00,99.62906740618344,99.90254810936959,99.8724908203499,99.93802607770495,99.79548895181588
2026-08-27 14:12:00-04:00,99.58331058773607,99.8921072147113,99.85930515100766,99.89718295038855,99.74383850396353
2026-08-27 14:13:00-04:00,99.61442582007219,99.8746986426412,99.81532906519597,99.91267428177649,99.64851879326665
2026-08-27 14:14:00-04:00,99.72423771590661,99.88166632005303,99.81532906519597,99.92957547906212,99.59291714372478
2026-08-27 14:15:00-04:00,99.7150923101362,99.85034363607821,99.81532906519597,99.91267428177649,99.6366045869452
2026-08-27 14:16:00-04:00,99.68824443733301,99.85381685332464,99.80800269939455,99.87605215540987,99.6227026595284
2026-08-27 14:17:00-04:00,99.7120388766135,99.81553711339745,99.84755076191968,99.94647667634776,99.61986652089237
2026-08-27 14:18:00-04:00,99.69251924426479,99.83989211996045,99.83585004584121,99.95492727499057,99.60582521059389
2026-08-27 14:19:00-04:00,99.6949545436841,99.8190103306439,99.86955669582869,99.93521494265285,99.58497231946872
2026-08-27 14:20:00-04:00,99.6949545436841,99.80509621873918,99.92965257550382,99.93802607770495,99.67234720590955
2026-08-27 14:21:00-04:00,99.67787021075469,99.80509621873918,99.93551187904465,99.96617181519892,99.60471014754042
2026-08-27 14:22:00-04:00,99.6797022708683,99.80161238003326,99.90327229131776,99.919603256859,99.62667810171908
2026-08-27 14:23:00-04:00,99.63333476571638,99.76333264010607,99.88421837293312,99.89577308449087,99.63859230804053
2026-08-27 14:24:00-04:00,99.64493036570379,99.7946553240809,99.89154473873454,99.8619706899196,99.8331950513744
2026-08-27 14:25:00-04:00,99.6644499980525,99.81093802144727,99.82412249325799,99.86760155676706,99.8470969787912
2026-08-27 14:26:00-04:00,99.74132204883603,99.79812854132734,99.85783808874706,99.83943862578653,99.8331950513744
2026-08-27 14:27:00-04:00,99.65481306395894,99.80161238003326,99.83585004584121,99.83661889399116,99.78057498347556
2026-08-27 14:28:00-04:00,99.6389501044386,99.76333264010607,99.84170934938203,99.81689796491017,99.76667305605876
2026-08-27 14:29:00-04:00,99.60344090678933,99.75636496269424,99.80657141914031,99.78591530213427,99.7855382260886
2026-08-27 14:30:00-04:00,99.67543491133537,99.75984880140015,99.89447886325574,99.81548809901248,99.80142181447545
2026-08-27 14:31:00-04:00,99.78036876093232,99.75518598069316,99.89594592551634,99.80844736626736,99.78752594718395
2026-08-27 14:32:00-04:00,99.81636203950592,99.80161238003326,99.8754249448711,99.77464497169609,99.84113987563047
2026-08-27 14:33:00-04:00,99.8291790129024,99.79117148537499,99.82266437649898,99.72253151394152,99.85504180304726
2026-08-27 14:34:00-04:00,99.85968355853399,99.8469235261291,99.85343690196525,99.70777090573225,99.8470969787912
2026-08-27 14:35:00-04:00,99.79135367421517,99.86774158668884,99.86809857906968,99.72112164804383,99.84510925769585
2026-08-27 14:36:00-04:00,99.86578297818053,99.81205327469154,99.86809857906968,99.73802284532947,99.86298662730333
2026-08-27 14:37:00-04:00,99.84504941982156,99.80509621873918,99.90913159485858,99.7338018443797,99.8570234640173
2026-08-27 14:38:00-04:00,99.88286731110995,99.77028969605843,99.89447886325574,99.73239197848201,99.87688249459482
2026-08-27 14:39:00-04:00,99.90238694345868,99.81205327469154,99.8739578826105,99.7237436547438,99.86298662730333
2026-08-27 14:40:00-04:00,99.88591329723381,99.83641890271402,99.8739578826105,99.77453321403347,99.84312759672581
2026-08-27 14:41:00-04:00,99.89933350993599,99.82597800805573,99.84904466068504,99.7549240426151,99.76965463770178
2026-08-27 14:42:00-04:00,99.92679206944372,99.78421442942262,99.82412249325799,99.79154616898172,99.73192429764208
2026-08-27 14:43:00-04:00,99.91458578275179,99.79109713515871,99.84611053616383,99.8028164994199,99.72596719448136
2026-08-27 14:44:00-04:00,99.90177625675415,99.76680585735252,99.8299907423004,99.80703750036967,99.7378814008028
2026-08-27 14:45:00-04:00,99.9249600093301,99.77028969605843,99.82119731423838,99.80844736626736,99.74284464341586
2026-08-27 14:46:00-04:00,99.93289148909027,99.75636496269424,99.89154473873454,99.8140782331148,99.76766691660643
2026-08-27 14:47:00-04:00,99.98719047400236,99.74940790674188,99.89154473873454,99.81689796491017,99.7994401535054
2026-08-27 14:48:00-04:00,99.95119719542876,99.79117148537499,99.91795185942537,99.79717703582918,99.8470969787912
2026-08-27 14:49:00-04:00,99.90483713767567,99.82249416934982,99.86223033002727,99.80562763447199,99.74284464341586
2026-08-27 14:50:00-04:00,99.8804245642918,99.77377353476435,99.87981718615131,99.73098211258433,99.8808579367855
2026-08-27 14:51:00-04:00,99.8108733065639,99.77028969605843,99.86955669582869,99.75213869779284,99.87986407623784
2026-08-27 14:52:00-04:00,99.80355251350828,99.79812854132734,99.85651415451188,99.75210431081973,99.86078074169752
2026-08-27 14:53:00-04:00,99.85296600478407,99.80509621873918,99.89447886325574,99.65632799395341,99.8808579367855
2026-08-27 14:54:00-04:00,99.7632844280029,99.75643931291053,99.90327229131776,99.60985399978956,99.92652704097596
2026-08-27 14:55:00-04:00,99.76267374129837,99.76333264010607,99.92965257550382,99.6645034968113,99.95929413842259
2026-08-27 14:56:00-04:00,99.77304796787669,99.7215584400135,99.89301180099514,99.67463905713672,99.98411641161316
2026-08-27 14:57:00-04:00,99.76096828696497,99.71460138406114,99.95017355614907,99.66337732344182,100.07546068011938
2026-08-27 14:58:00-04:00,99.80294182680375,99.73548317337769,99.94138012808705,99.64999219415711,100.11994199975287
2026-08-27 14:59:00-04:00,99.79988839328105,99.7772467520108,99.8739578826105,99.64100859743102,100.15886618449481
2026-08-27 15:00:00-04:00,99.91702852956993,99.82597800805573,99.90033816679656,99.69576985211539,100.17574363342932
2026-08-27 15:01:00-04:00,99.81453742679115,99.84685979737229,99.87835012389071,99.69858958391076,100.19063942139378
2026-08-27 15:02:00-04:00,99.81575135280139,99.8190103306439,99.8710237580893,99.65632799395341,100.19560266400684
2026-08-27 15:03:00-04:00,99.81026261985937,99.85034363607821,99.89154473873454,99.66196745754414,100.24921659245337
2026-08-27 15:04:00-04:00,99.85785149842037,99.83989211996045,99.89447886325574,99.65574341541047,100.25417983506642
2026-08-27 15:05:00-04:00,99.76755923493468,99.86774158668884,99.8710237580893,99.64787739531059,100.24624107093564
2026-08-27 15:06:00-04:00,99.77426934128577,99.86078453073648,99.83291592132001,99.61407500073933,100.2988611388345
2026-08-27 15:07:00-04:00,99.79135367421517,99.85040736483502,99.89743982428172,99.60280467030115,100.3087936841859
2026-08-27 15:08:00-04:00,99.80720918633668,99.86774158668884,99.91499089839941,99.61080823829349,100.30184272047751
2026-08-27 15:09:00-04:00,99.80781987304121,99.85730069203056,99.91499089839941,99.5675924098322,100.32567113312041
2026-08-27 15:10:00-04:00,99.77060522105853,99.82597800805573,99.88275131067252,99.56900227572989,100.33857919998952
2026-08-27 15:11:00-04:00,99.82795763949332,99.84337595866637,99.85200562171102,99.56055167708708,100.34949954576331
2026-08-27 15:12:00-04:00,99.79714775050947,99.8329350640081,99.85051172294564,99.56337140888245,100.38127278266228
2026-08-27 15:13:00-04:00,99.76206305459384,99.91298900402786,99.89444308124939,99.5873133389132,100.37432181895387
2026-08-27 15:14:00-04:00,99.71081750320444,99.80161238003326,99.89594592551634,99.53519988115863,100.33361595737647
2026-08-27 15:15:00-04:00,99.70959612979536,99.75643931291053,99.90033816679656,99.56337140888245,100.36141375208476
2026-08-27 15:16:00-04:00,99.69984003732041,99.78421442942262,99.86663151680908,99.60280467030115,100.48453125748993
2026-08-27 15:17:00-04:00,99.70044327662612,99.82597800805573,99.84464347390323,99.57604300847503,100.3941808495314
2026-08-27 15:18:00-04:00,99.70044327662612,99.90254810936959,99.82412249325799,99.56337140888245,100.33957306053719
2026-08-27 15:19:00-04:00,99.75596363494728,99.8886233760054,99.8739578826105,99.58309233796344,100.37233409785854
2026-08-27 15:20:00-04:00,99.81331605338207,99.8886233760054,99.83878417036242,99.61125526894396,100.31673244831667
2026-08-27 15:21:00-04:00,99.80477388691736,99.8921072147113,99.7889487810099,99.54083074800609,100.41999698326963
2026-08-27 15:22:00-04:00,99.70777151708057,99.84685979737229,99.79774220907193,99.54365047980144,100.46765380855543
2026-08-27 15:23:00-04:00,99.64858703853217,99.90950516532195,99.81829002622194,99.58309233796344,100.45772732332932
2026-08-27 15:24:00-04:00,99.52169080976834,99.8746986426412,99.88568543519372,99.54928994339217,100.41900312272196
2026-08-27 15:25:00-04:00,99.49374816933627,99.80161238003326,99.86809857906968,99.54647021159681,100.44382539591253
2026-08-27 15:26:00-04:00,99.55829477504648,99.80161238003326,99.8285236800398,99.56337140888245,100.41304601956124
2026-08-27 15:27:00-04:00,99.43810865263373,99.79812854132734,99.7860236019903,99.5675924098322,100.37531567950155
2026-08-27 15:28:00-04:00,99.49240763754582,99.79117148537499,99.81240388617636,99.58027260616807,100.35744437001937
2026-08-27 15:29:00-04:00,99.45213955204045,99.81553711339745,99.82119731423838,99.57182200752526,100.38127278266228
2026-08-27 15:30:00-04:00,99.51375933000817,99.80856943598563,99.84464347390323,99.57182200752526,100.37332795840621
2026-08-27 15:31:00-04:00,99.50704922365708,99.8329350640081,99.82119731423838,99.55774054203499,100.50339642751977
2026-08-27 15:32:00-04:00,99.51070589648548,99.83641890271402,99.83291592132001,99.57179621729541,100.45275802059098
2026-08-27 15:33:00-04:00,99.50827059706616,99.84685979737229,99.84757759842444,99.56337140888245,100.48850669968061
2026-08-27 15:34:00-04:00,99.54980474037363,99.83641890271402,99.83585004584121,99.56900227572989,100.44283153536486
2026-08-27 15:35:00-04:00,99.57782185479405,99.85381685332464,99.84734501538313,99.58309233796344,100.38129096303814
2026-08-27 15:36:00-04:00,99.57598979468042,99.8329350640081,99.81240388617636,99.57047231883053,100.43886215329947
2026-08-27 15:37:00-04:00,99.56317282128396,99.82597800805573,99.8285236800398,99.57182200752526,100.47758029378154
2026-08-27 15:38:00-04:00,99.52352286988196,99.87818248134711,99.80653563713395,99.49857775479201,100.4686476691031
2026-08-27 15:39:00-04:00,99.52534748259674,99.86078453073648,99.77136192488587,99.50702835343482,100.48056187542456
2026-08-27 15:40:00-04:00,99.52046943635926,99.90254810936959,99.76256849682385,99.52674928251581,100.4209908438173
2026-08-27 15:41:00-04:00,99.5296222895285,99.90254810936959,99.78015535294789,99.60280467030115,100.3058121025429
2026-08-27 15:42:00-04:00,99.53388964906144,99.91298900402786,99.83731710810181,99.59013307070856,100.22241265829274
2026-08-27 15:43:00-04:00,99.56805831492026,99.86078453073648,99.88421837293312,99.62956633212728,100.28198368989999
2026-08-27 15:44:00-04:00,99.56256958197825,99.85730069203056,99.8710237580893,99.63520579571801,100.34354244260258
2026-08-27 15:45:00-04:00,99.60527296690294,99.80509621873918,99.90619747033739,99.70982552737583,100.25219817409636
2026-08-27 15:46:00-04:00,99.65164047205486,99.79812854132734,99.91499089839941,99.74633589607983,100.21843721610207
2026-08-27 15:47:00-04:00,99.68153433098192,99.79117148537499,99.90033816679656,99.74225244302251,100.21857659898376
2026-08-27 15:48:00-04:00,99.70716083037604,99.72504227871941,99.96482628775192,99.74084257712484,100.25716141670942
2026-08-27 15:49:00-04:00,99.61442582007219,99.72504227871941,99.97655384033514,99.74084257712484,100.2889346536084
2026-08-27 15:50:00-04:00,99.59124206749622,99.70067665069695,99.94723943162788,99.7549240426151,100.31772630886435
2026-08-27 15:51:00-04:00,99.64431967899924,99.67283780542803,99.92619066638888,99.68449952167721,100.3296405151858
2026-08-27 15:52:00-04:00,99.72668046272477,99.68676253879222,99.92525138872203,99.76056350620583,100.3296405151858
2026-08-27 15:53:00-04:00,99.77182659446761,99.78421442942262,99.94723943162788,99.75774377441046,100.2482227319057
2026-08-27 15:54:00-04:00,99.77304796787669,99.79812854132734,99.9208591474418,99.7154907811964,100.39119926788838
2026-08-27 15:55:00-04:00,99.7815901343414,99.69371959474458,99.7860236019903,99.76196477536023,100.31872016941202
2026-08-27 15:56:00-04:00,99.81148399326845,99.65195601611147,99.77723017392827,99.65069712710596,100.27602658673926
2026-08-27 15:57:00-04:00,99.83771373196826,99.6658701280162,99.75670919328303,99.70140071896284,100.30184272047751
2026-08-27 15:58:00-04:00,99.81697272621047,99.65891307206384,99.80067633359313,99.78027583854355,100.29786727828683
2026-08-27 15:59:00-04:00,99.69373317027502,99.62410654938309,99.84757759842444,99.7352031135341,100.25815527725709
2026-08-27 16:00:00-04:00,99.69373317027502,99.62410654938309,99.84757759842444,99.7352031135341,100.25815527725709
2026-08-28 13:30:00-04:00,100.0,100.0,100.0,100.0,100.0
2026-08-28 13:31:00-04:00,100.0,99.9930065218448,100.00447460831543,100.02383303666078,100.05804605065418
2026-08-28 13:32:00-04:00,100.0324320990991,100.04191822577164,99.9756098613673,100.02102713715442,100.0328907937074
2026-08-28 13:33:00-04:00,100.12067633869009,100.07119275475662,99.97849897854734,100.03083923085504,100.10545130952008
2026-08-28 13:34:00-04:00,100.09345164705198,100.02794193025113,99.93808657116314,99.99439675555892,100.13932233154982
2026-08-28 13:35:00-04:00,100.12535843750369,100.04191822577164,99.98426840462334,100.00840914394743,100.11609210130837
2026-08-28 13:36:00-04:00,100.13221790259483,100.07335689510037,99.92942802790712,100.05606666269733,100.10641972786263
2026-08-28 13:37:00-04:00,100.1166261328871,100.11177838179444,99.89767416377894,99.99439675555892,100.04063814044781
2026-08-28 13:38:00-04:00,100.07173127645814,100.09787671180302,99.89190473770296,100.00561179901273,100.04257497713292
2026-08-28 13:39:00-04:00,99.96195699549338,100.13274815547013,99.79406231808142,99.8962843731244,99.98065525310852
2026-08-28 13:40:00-04:00,99.98440823029227,100.13973097283545,99.84427834565275,99.94253894212113,99.93904869431815
2026-08-28 13:41:00-04:00,99.98191111092501,100.15021052927835,99.84861202142281,99.92151180496671,99.95162632279154
2026-08-28 13:42:00-04:00,100.00248950619846,100.11177838179444,99.9683958767013,99.89081800182998,99.96702653643408
2026-08-28 13:43:00-04:00,99.99875144031638,100.10829230350672,100.00591035862136,99.834614465986,99.88003422532141
2026-08-28 13:44:00-04:00,100.09666440428667,100.15370726835596,99.9756098613673,99.85852449379178,99.77941319753431
2026-08-28 13:45:00-04:00,100.13284218243665,100.17466638124178,99.98426840462334,99.85002980412767,99.7465224038269
2026-08-28 13:46:00-04:00,100.2288823068815,100.13973097283545,99.9958160650594,99.84723245919298,99.82198817466723
2026-08-28 13:47:00-04:00,100.14593683277712,100.13274815547013,99.97849897854734,99.82200502735067,99.79005398932259
2026-08-28 13:48:00-04:00,100.2332522657742,100.12575467731494,100.01168859298144,99.834614465986,99.89746575548735
2026-08-28 13:49:00-04:00,100.25695206025671,100.12925141639253,100.0419890902355,99.834614465986,99.89164343545225
2026-08-28 13:50:00-04:00,100.17524753266716,100.13274815547013,100.00447460831543,99.80291122339271,99.86648817850548
2026-08-28 13:51:00-04:00,100.22077428210673,100.10129882535152,100.01890257764745,99.834614465986,99.87326710690334
2026-08-28 13:52:00-04:00,100.18772551633462,100.13274815547013,100.03621966415952,99.82844661981498,99.8724640282778
2026-08-28 13:53:00-04:00,100.18274650393772,100.14671379020076,99.99869637395535,99.82620532203856,99.9051894822682
2026-08-28 13:54:00-04:00,100.13221790259483,100.15370726835596,99.99869637395535,99.80658113463731,99.8761605519512
2026-08-28 13:55:00-04:00,100.11911563908555,100.1676729030866,99.95829277485524,99.78556255205456,99.80070659109066
2026-08-28 13:56:00-04:00,100.09916152365393,100.16069008572127,100.00735491721139,99.79677759550836,99.78522370758962
2026-08-28 13:57:00-04:00,100.09541584460305,100.19212875505,100.02467200372344,99.73840975303293,99.76489873237581
2026-08-28 13:58:00-04:00,100.10165864302118,100.12575467731494,100.07374295436367,99.75893217045908,99.82198817466723
2026-08-28 13:59:00-04:00,100.1259674910079,100.15370726835596,100.05353675067157,99.74852981131352,99.81811450129702
2026-08-28 14:00:00-04:00,100.11039094763777,100.17466638124178,100.07085383718363,99.77855635786031,99.8123158012215
2026-08-28 14:01:00-04:00,100.0979129639703,100.18863201597242,100.05642586785162,99.7561262709527,99.8103789645364
2026-08-28 14:02:00-04:00,100.14593683277712,100.25152001541976,100.10837712738778,99.75052302651164,99.82778687474276
2026-08-28 14:03:00-04:00,100.11288045383623,100.20260831149292,100.15594186144939,99.79677759550836,99.81811450129702
2026-08-28 14:04:00-04:00,100.00436234572389,100.21658460701343,100.11486883275879,99.71127465170916,99.80941054619385
2026-08-28 14:05:00-04:00,100.16402572185211,100.24104045897685,100.1228139050039,99.73930798305784,99.77361449745878
2026-08-28 14:06:00-04:00,100.15466913739373,100.25144538989066,100.0824014976197,99.76033512021226,99.68460267980251
2026-08-28 14:07:00-04:00,100.0929263384046,100.20260831149292,100.11472790021342,99.75192597626483,99.7078092900844
2026-08-28 14:08:00-04:00,100.186476956651,100.19212875505,100.14096777850408,99.76734131440651,99.67202505132911
2026-08-28 14:09:00-04:00,100.16199300578182,100.17466638124178,100.12424965530982,99.81219293365005,99.69427505324823
2026-08-28 14:10:00-04:00,100.12659938401852,100.15021052927835,100.17332060595005,99.82339942253219,99.72717765693544
2026-08-28 14:11:00-04:00,100.15029917850103,100.11177838179444,100.11992478782386,99.834614465986,99.69041318985782
2026-08-28 14:12:00-04:00,100.19146358221671,100.11177838179444,100.15744807802801,99.76593836465332,99.72524082025033
2026-08-28 14:13:00-04:00,100.19021502253308,100.10829230350672,100.12858333107988,99.76453541490014,99.64107109430681
2026-08-28 14:14:00-04:00,100.03679444482299,100.08733319062088,100.10548801020775,99.7449112274989,99.62946188417598
2026-08-28 14:15:00-04:00,100.1166261328871,100.10479556442911,100.13724187433591,99.81499027858476,99.66911979630146
2026-08-28 14:16:00-04:00,100.14085123601699,100.0908938944377,100.05642586785162,99.84723245919298,99.61688425570259
2026-08-28 14:17:00-04:00,100.09167777872096,100.13274815547013,100.04921188318559,99.81499027858476,99.62946188417598
2026-08-28 14:18:00-04:00,100.10414814921964,100.11213018786017,100.08095693902968,99.85843894807512,99.57721453359731
2026-08-28 14:19:00-04:00,100.08669115315526,100.11527512087203,100.11992478782386,99.86124484758147,99.60333820888665
2026-08-28 14:20:00-04:00,100.07165514477012,100.08383645154329,100.15166984366793,99.8191991278443,99.62529296131109
2026-08-28 14:21:00-04:00,100.06610514471302,100.08383645154329,100.11126624456783,99.77297877713424,99.67589872469932
2026-08-28 14:22:00-04:00,100.07891810780781,100.0908192689086,100.14878953477198,99.78415960230139,99.6536487227802
2026-08-28 14:23:00-04:00,99.99812716047457,100.10129882535152,100.02756112090348,99.7561262709527,99.59366583544092
2026-08-28 14:24:00-04:00,100.08168930125196,100.12225793823735,100.01890257764745,99.74771712700527,99.61301058233238
2026-08-28 14:25:00-04:00,100.02057839527345,100.0978127470638,99.96695131811127,99.71127465170916,99.63816583927915
2026-08-28 14:26:00-04:00,100.03304876577211,100.0978127470638,99.93808657116314,99.76456107861515,99.71846189185247
2026-08-28 14:27:00-04:00,100.0374187246648,100.11177838179444,99.95251454049516,99.78415960230139,99.68944477151527
2026-08-28 14:28:00-04:00,100.03929156419025,100.10479556442911,99.96983162700722,99.80938703414368,99.65847900451318
2026-08-28 14:29:00-04:00,100.01371893018229,100.1142303634647,99.91788036747104,99.76173806996545,99.59655928048879
2026-08-28 14:30:00-04:00,100.03492160529755,100.0908938944377,99.98137928744329,99.78696550180774,99.54139486490268
2026-08-28 14:31:00-04:00,100.02790987683035,100.12575467731494,100.03333054697947,99.8051867394558,99.5839816520154
2026-08-28 14:32:00-04:00,100.03804300450662,100.12575467731494,99.99869637395535,99.81639322833794,99.56463690512393
2026-08-28 14:33:00-04:00,100.07991543292094,100.0978127470638,99.99148238928935,99.84863540894617,99.58302504365263
2026-08-28 14:34:00-04:00,100.11039094763777,100.11177838179444,99.98582747090646,99.87526579054165,99.63816583927915
2026-08-28 14:35:00-04:00,100.14157448705323,100.12925141639253,99.97849897854734,99.89347847361803,99.65944742285573
2026-08-28 14:36:00-04:00,100.13658024831874,100.12575467731494,99.96695131811127,99.92992094891414,99.57915137028242
2026-08-28 14:37:00-04:00,100.11288045383623,100.08383645154329,99.95251454049516,99.90890236633139,99.59366583544092
2026-08-28 14:38:00-04:00,100.11225617399441,100.08383645154329,99.96695131811127,99.92992094891414,99.5859184887005
2026-08-28 14:39:00-04:00,100.120988478611,100.06637407773506,99.95107879018923,99.92151180496671,99.60721188225686
2026-08-28 14:40:00-04:00,100.16340144201031,100.04890104313696,100.00158549113539,99.96355752470389,99.62268295577812
2026-08-28 14:41:00-04:00,100.10290720270481,100.03444501207227,99.97272074418727,99.92431770447308,99.56851057849414
2026-08-28 14:42:00-04:00,100.03429732545574,100.04890104313696,100.03766422274953,99.93553274792689,99.59752769883134
2026-08-28 14:43:00-04:00,100.01684032939137,100.04541496484924,100.05787042644162,99.94394189187432,99.60333820888665
2026-08-28 14:44:00-04:00,100.04988909516346,100.05589452129215,100.13579731574589,99.9481421865622,99.63816583927915
2026-08-28 14:45:00-04:00,99.98066255124138,100.05589452129215,100.11126624456783,99.93833009286158,99.6043066272292
2026-08-28 14:46:00-04:00,100.00873991778539,100.04191822577164,100.11706209549607,99.94253894212113,99.56851057849414
2026-08-28 14:47:00-04:00,100.00373806588208,100.03492474761646,100.10837712738778,99.96355752470389,99.56852238847392
2026-08-28 14:48:00-04:00,99.93700864132725,100.03492474761646,100.03910878133955,99.93553274792689,99.5576335871101
2026-08-28 14:49:00-04:00,99.9154938262911,100.06287733865747,100.04487820741554,99.92572065422627,99.57818295193987
2026-08-28 14:50:00-04:00,99.89958991666245,100.11877185994962,100.01313315157147,99.96355752470389,99.49884350772933
2026-08-28 14:51:00-04:00,99.93324012276996,100.10129882535152,100.04487820741554,99.98318171210512,99.51820006460058
2026-08-28 14:52:00-04:00,99.91767119256863,100.11527512087203,100.05065644177562,99.94954513631538,99.50852769115485
2026-08-28 14:53:00-04:00,99.95197613119318,100.17466638124178,100.10548801020775,99.98318171210512,99.5859184887005
2026-08-28 14:54:00-04:00,100.0049866255657,100.18863201597242,100.13435275715588,99.95795428026283,99.56173165009628
2026-08-28 14:55:00-04:00,99.99376481475068,100.19212875505,100.15744807802801,99.97197522322298,99.54721718493778
2026-08-28 14:56:00-04:00,100.06922654392208,100.17781131425365,100.15744807802801,99.98598761161149,99.54335532154737
2026-08-28 14:57:00-04:00,100.02432407432433,100.21658460701343,100.15022528507792,99.96076017976918,99.52013690128568
2026-08-28 14:58:00-04:00,99.99126769538341,100.22356742437874,100.1300278896699,100.01345634123022,99.52399876467611
2026-08-28 14:59:00-04:00,99.9769244853593,100.25152001541976,100.14156674182189,99.99997433628499,99.43015666528686
2026-08-28 15:00:00-04:00,99.915805966212,100.25850283278508,100.1228139050039,99.97617551791087,99.36920535960502
2026-08-28 15:01:00-04:00,99.92328971114496,100.25850283278508,100.2036299114882,99.94673923680902,99.44660796713046
2026-08-28 15:02:00-04:00,99.91812036952798,100.20260831149292,100.21950243941023,99.95375398557493,99.42338954686879
2026-08-28 15:03:00-04:00,99.97068168694118,100.24452653726458,100.20506566179414,100.03924837480247,99.43693559368472
2026-08-28 15:04:00-04:00,99.88960905236223,100.24802327634217,100.24258895199829,100.05046341825627,99.52207373797079
2026-08-28 15:05:00-04:00,99.96569506137547,100.23056090253394,100.31619097381659,100.07288495059221,99.52399876467611
2026-08-28 15:06:00-04:00,99.94074670720933,100.24452653726458,100.31330185663654,100.08970323848708,99.47562508746766
2026-08-28 15:07:00-04:00,99.93949814752571,100.20959112885824,100.32196039989257,100.07848819503327,99.52399876467611
2026-08-28 15:08:00-04:00,99.99314053490886,100.21308786793584,100.31526610398761,100.08129409453964,99.48434085255063
2026-08-28 15:09:00-04:00,100.01309465034048,100.25152001541976,100.43164115332502,100.11773656983576,99.5569013683633
2026-08-28 15:10:00-04:00,100.00561090540752,100.24285279325487,100.3710313505328,100.11495633404438,99.54915402162288
2026-08-28 15:11:00-04:00,99.99812716047457,100.22356742437874,100.36092824868676,100.11633362008257,99.53174611141652
2026-08-28 15:12:00-04:00,99.91206028716111,100.19911157241533,100.38834843704487,100.12263833940023,99.57721453359731
2026-08-28 15:13:00-04:00,99.93949814752571,100.245645920201,100.30464331338052,100.16819143352036,99.50659085446975
2026-08-28 15:14:00-04:00,99.9532246908768,100.28644476303622,100.32484951707262,100.18641267116841,99.52787243804632
2026-08-28 15:15:00-04:00,100.00062427984182,100.23056090253394,100.32052464958664,100.16104836617946,99.47176322407724
2026-08-28 15:16:00-04:00,100.01309465034048,100.25500609370748,100.30464331338052,100.15417904513185,99.50465401778465
2026-08-28 15:17:00-04:00,99.96631934121729,100.2794619456709,100.27866768361243,100.15978228957293,99.44660796713046
2026-08-28 15:18:00-04:00,99.95135185135136,100.27247912830559,100.25990603851035,100.09951533218769,99.42338954686879
2026-08-28 15:19:00-04:00,100.00748374493297,100.30042105855672,100.26712883146045,100.11044807477653,99.45046983052087
2026-08-28 15:20:00-04:00,100.06589197598655,100.29343824119141,100.29310446122854,100.12614571378319,99.44273429376025
2026-08-28 15:21:00-04:00,100.00561090540752,100.28644476303622,100.34207852074383,100.12855810299293,99.44854480381557
2026-08-28 15:22:00-04:00,100.02057839527345,100.2794619456709,100.33206350173863,100.12193686452363,99.40306457165498
2026-08-28 15:23:00-04:00,99.98939485585798,100.32138017144256,100.2903298517416,100.11633362008257,99.33631456589761
2026-08-28 15:24:00-04:00,100.05051337500528,100.34233928432838,100.31908009099662,100.15978228957293,99.31503298232104
2026-08-28 15:25:00-04:00,100.04115679054688,100.34583602340597,100.34794483794475,100.16399113883249,99.34211326597314
2026-08-28 15:26:00-04:00,100.0792074082223,100.34233928432838,100.33784173609871,100.14576990118442,99.31115930895083
2026-08-28 15:27:00-04:00,100.07421316948779,100.35002571382516,100.33061894314861,100.12193686452363,99.3343777292125
2026-08-28 15:28:00-04:00,100.09230205856278,100.34583602340597,100.37105777538505,100.15697639006656,99.29373958876468
2026-08-28 15:29:00-04:00,100.08169691442075,100.30042105855672,100.34794483794475,100.1713309613217,99.31889484571147
2026-08-28 15:30:00-04:00,100.0979129639703,100.27247912830559,100.3436111621747,100.12054246934213,99.29761326213489
2026-08-28 15:31:00-04:00,100.03679444482299,100.30042105855672,100.34938058825068,100.09250913799345,99.27052116850301
2026-08-28 15:32:00-04:00,99.98814629617435,100.28644476303622,100.35371426402075,100.09670943268134,99.27439484187322
2026-08-28 15:33:00-04:00,100.06050946564311,100.18863201597242,100.32484951707262,100.07709379985177,99.2904918443232
2026-08-28 15:34:00-04:00,100.04302963007233,100.24104045897685,100.33350806032864,100.07848819503327,99.30728563558063
2026-08-28 15:35:00-04:00,99.99625432094912,100.18863201597242,100.30897698915058,100.09811238243452,99.32664219245189
2026-08-28 15:36:00-04:00,99.99897222221165,100.1781524595295,100.3104215477406,100.10932742588832,99.38081456973586
2026-08-28 15:37:00-04:00,99.99251625506704,100.1816491986071,100.24114439340828,100.05326076319098,99.44079745707515
2026-08-28 15:38:00-04:00,99.99314053490886,100.18863201597242,100.26279515569038,100.0364424752961,99.40209615331243
2026-08-28 15:39:00-04:00,100.00810802477477,100.18863201597242,100.25846147992033,100.09110618824026,99.44931245250173
2026-08-28 15:40:00-04:00,100.0654808648712,100.17116964216419,100.32773863425265,100.1135277205762,99.48240401586553
2026-08-28 15:41:00-04:00,100.01932983558982,100.18863201597242,100.27993607652074,100.12193686452363,99.45822898724109
2026-08-28 15:42:00-04:00,100.04054012387387,100.25152001541976,100.32484951707262,100.10652152638195,99.48046717918042
2026-08-28 15:43:00-04:00,100.05550761373979,100.19562549412761,100.38545931986482,100.09250913799345,99.55109085830799
2026-08-28 15:44:00-04:00,100.04552674943957,100.20260831149292,100.36814223335277,100.11773656983576,99.44854480381557
2026-08-28 15:45:00-04:00,100.12847222354395,100.19562549412761,100.32484951707262,100.14573568289777,99.38081456973586
2026-08-28 15:46:00-04:00,100.08544259347164,100.21658460701343,100.26135059710037,100.13174895822425,99.3943606165518
2026-08-28 15:47:00-04:00,100.12286131813643,100.20610505057051,100.17187604736003,100.12614571378319,99.31889484571147
2026-08-28 15:48:00-04:00,100.1116318941526,100.17466638124178,100.21516876364018,100.11773656983576,99.28824794816363
2026-08-28 15:49:00-04:00,100.06299135867275,100.17466638124178,100.25846147992033,100.03083923085504,99.32761061079444
2026-08-28 15:50:00-04:00,99.95633847691707,100.28785198729915,100.2700091403564,100.06867610133266,99.49691848102401
2026-08-28 15:51:00-04:00,99.88836049267861,100.34233928432838,100.25124749525432,100.01962418740123,99.38371982476352
2026-08-28 15:52:00-04:00,99.94386810641839,100.32837364959774,100.23393040874227,100.02803333134867,99.37887773305076
2026-08-28 15:53:00-04:00,99.95447325056043,100.35981231892647,100.22382730689621,100.01962418740123,99.36146982284438
2026-08-28 15:54:00-04:00,100.04802386880684,100.42618639666155,100.28155680079247,100.0252274318423,99.34792377602845
2026-08-28 15:55:00-04:00,99.92328971114496,100.32837364959774,100.08095693902968,100.03503952554291,99.46307107895385
2026-08-28 15:56:00-04:00,99.82474485416404,100.34583602340597,100.14878953477198,100.1625881890793,99.4949816443389
2026-08-28 15:57:00-04:00,99.82038250844015,100.43316921402686,100.09394915805576,100.23546458509985,99.38081456973586
2026-08-28 15:58:00-04:00,99.79605843411584,100.40522728377572,100.07951238043965,100.23546458509985,99.38662507979117
2026-08-28 15:59:00-04:00,99.80229361936516,100.43316921402686,100.00158549113539,100.21584895227028,99.39242377986669
2026-08-28 16:00:00-04:00,99.80229361936516,100.43316921402686,100.00158549113539,100.21584895227028,99.39242377986669
