episode,pnl,objective,training_return,replay_return,potential_adjustment,market_baseline_adjustment,clob_shaping,auction_shaping,inventory_at_auction_open,terminal_inventory,auction_qty,proposal_schedule_arrival_proposed,proposal_schedule_arrival_accepted,proposal_schedule_arrival_rejected,proposal_schedule_arrival_ineligible,proposal_schedule_cancel_proposed,proposal_schedule_cancel_accepted,proposal_schedule_cancel_rejected,proposal_schedule_cancel_ineligible,proposal_buy_arrival_proposed,proposal_buy_arrival_accepted,proposal_buy_arrival_rejected,proposal_buy_arrival_ineligible,proposal_buy_cancel_proposed,proposal_buy_cancel_accepted,proposal_buy_cancel_rejected,proposal_buy_cancel_ineligible,proposal_sell_arrival_proposed,proposal_sell_arrival_accepted,proposal_sell_arrival_rejected,proposal_sell_arrival_ineligible,proposal_sell_cancel_proposed,proposal_sell_cancel_accepted,proposal_sell_cancel_rejected,proposal_sell_cancel_ineligible,loss_clob,n_grad_steps_clob,learning_rate_clob,actor_learning_rate_clob,actor_loss_clob,ent_coef_clob,grad_norm_clob,loss_auction,n_grad_steps_auction,learning_rate_auction,actor_learning_rate_auction,actor_loss_auction,ent_coef_auction,grad_norm_auction
0,-14.570327018745957,-14.573741984134978,-25.670169784746093,31.881663035350897,0.0,57.551832820097,-11.096427800611565,0.0,0.5843770519982314,0.5843770519982314,0.0,30.0,30.0,0.0,0.0,0.0,0.0,0.0,0.0,9.0,9.0,0.0,0.0,4.0,4.0,0.0,0.0,9.0,9.0,0.0,0.0,1.0,1.0,0.0,0.0,,,,,,,,,,,,,,
1,-3.782772095170003,-5.523660628839343,-8.407867639444248,-17.139877175306523,0.0,-8.732009535862272,-2.9946309563057696,0.11042394570607438,0.7178202131691478,-13.194273506598762,13.912093719767935,30.0,30.0,0.0,0.0,0.0,0.0,0.0,0.0,6.0,6.0,0.0,0.0,0.0,0.0,0.0,0.0,8.0,8.0,0.0,0.0,2.0,0.0,0.0,2.0,,,,,,,,,,,,,,
2,17.824314963336292,17.824082205440362,17.271478453961215,-6.294159753154581,0.0,-23.565638207115796,-0.5526603653209179,5.661384195389121e-05,0.44243594921155704,-0.15256405078841784,0.5949999999999811,30.0,30.0,0.0,0.0,0.0,0.0,0.0,0.0,8.0,8.0,0.0,0.0,2.0,2.0,0.0,0.0,7.0,7.0,0.0,0.0,1.0,1.0,0.0,0.0,,,,,,,,,,,,,,
3,-45.40339238118992,-45.40358184271998,-52.001362742141566,12.973357803614544,0.0,64.97472054575611,-6.599022399422552,0.001241499999999753,0.3869167082420262,0.13764502536037915,0.2492716828816719,30.0,30.0,0.0,0.0,0.0,0.0,0.0,0.0,10.0,10.0,0.0,0.0,4.0,3.0,0.0,1.0,12.0,12.0,0.0,0.0,1.0,1.0,0.0,0.0,,,,,,,,,,,,,,
4,1.0,-99.0,-99.0,-98.55898462846459,0.0,0.44101537153540493,0.0,0.0,100.0,100.0,0.0,30.0,30.0,0.0,0.0,0.0,0.0,0.0,0.0,8.0,8.0,0.0,0.0,1.0,1.0,0.0,0.0,7.0,7.0,0.0,0.0,3.0,2.0,0.0,1.0,,,,,,,,,,,,,,
5,40.90375000000131,-55.283306249998546,-55.26825072640979,-85.05794187502792,0.0,-29.789691148618093,0.0,0.015055523589655881,100.0,98.07499999999993,1.9250000000000753,30.0,30.0,0.0,0.0,0.0,0.0,0.0,0.0,9.0,9.0,0.0,0.0,1.0,1.0,0.0,0.0,7.0,7.0,0.0,0.0,1.0,1.0,0.0,0.0,,,,,,,,,,,,,,
6,6.630400000001828,-133.74470399999976,-133.78092691585863,-162.9034784053625,0.0,-29.122551489503913,0.0,-0.03622291585799858,100.0,118.48000000000067,-18.480000000000672,30.0,30.0,0.0,0.0,0.0,0.0,0.0,0.0,4.0,4.0,0.0,0.0,0.0,0.0,0.0,0.0,7.0,7.0,0.0,0.0,0.0,0.0,0.0,0.0,,,,,,,,,,,,,,
7,-16.4724271765304,-115.40593803800701,-115.40055045800635,-96.7444386420672,0.0,18.656111815939134,0.0,0.005387579999999353,100.0,99.46532604957197,0.5346739504280267,30.0,30.0,0.0,0.0,0.0,0.0,0.0,0.0,8.0,8.0,0.0,0.0,1.0,1.0,0.0,0.0,11.0,11.0,0.0,0.0,1.0,1.0,0.0,0.0,,,,,,,,,,,,,,
8,8.042852528466028,8.03429388791331,6.317348875731852,-17.464610621903265,0.0,-23.781959497635118,-1.7169450121828334,0.0,0.9251292100413195,0.9251292100413213,0.0,30.0,30.0,0.0,0.0,0.0,0.0,0.0,0.0,8.0,8.0,0.0,0.0,2.0,2.0,0.0,0.0,11.0,11.0,0.0,0.0,1.0,1.0,0.0,0.0,,,,,,,,,,,,,,
9,23.694470764698053,19.52058094349781,19.12812697694682,-16.089360383642624,0.0,-35.21748736058944,-0.548311433155078,0.15585746660493108,0.4999000952008288,-20.43009990479793,20.929999999998778,30.0,30.0,0.0,0.0,0.0,0.0,0.0,0.0,6.0,6.0,0.0,0.0,0.0,0.0,0.0,0.0,7.0,7.0,0.0,0.0,0.0,0.0,0.0,0.0,,,,,,,,,,,,,,
10,-22.818675923244882,-23.05689239206067,-37.10016555125961,-3.406635255606097,0.0,33.693530295653495,-14.043489909621286,0.00021675042023706328,0.0642575481222849,-4.8807424518795095,4.945000000001794,30.0,30.0,0.0,0.0,0.0,0.0,0.0,0.0,8.0,8.0,0.0,0.0,3.0,3.0,0.0,0.0,5.0,5.0,0.0,0.0,1.0,1.0,0.0,0.0,,,,,,,,,,,,,,
11,-18.81529574687971,-18.816862092840484,-32.296112671954695,32.87672166260967,0.0,65.17283433456436,-13.479250579115089,0.0,0.39577088836549024,0.39577088836548846,0.0,30.0,30.0,0.0,0.0,0.0,0.0,0.0,0.0,11.0,11.0,0.0,0.0,2.0,2.0,0.0,0.0,12.0,12.0,0.0,0.0,2.0,1.0,0.0,1.0,,,,,,,,,,,,,,
12,12.620244888399611,12.618933363026887,12.304198010867488,6.138929248842823,-4.440892098500626e-15,-6.165268762024666,-0.3147353521610512,0.0,0.3621498823311242,0.36214988233111534,0.0,30.0,30.0,0.0,0.0,0.0,0.0,0.0,0.0,5.0,5.0,0.0,0.0,3.0,3.0,0.0,0.0,10.0,10.0,0.0,0.0,1.0,0.0,0.0,1.0,,,,,,,,,,,,,,
13,32.37309229525272,6.627484198002325,6.593297429987922,-8.472687466761448,-1.7763568394002505e-15,-15.065984896749367,-0.05170518315240358,0.01751841514083801,57.582630170557756,50.74013017055671,6.842500000001049,30.0,30.0,0.0,0.0,0.0,0.0,0.0,0.0,5.0,5.0,0.0,0.0,3.0,3.0,0.0,0.0,6.0,6.0,0.0,0.0,2.0,2.0,0.0,0.0,,,,,,,,,,,,,,
14,1.5118892089903966,1.2841569545914964,-4.138821659872732,-12.697237264836051,0.0,-8.55841560496332,-5.371046142758672,-0.05193247170132105,0.6321300736572653,4.772130073655791,-4.139999999998523,30.0,30.0,0.0,0.0,0.0,0.0,0.0,0.0,12.0,12.0,0.0,0.0,2.0,2.0,0.0,0.0,7.0,7.0,0.0,0.0,0.0,0.0,0.0,0.0,,,,,,,,,,,,,,
15,18.83675119679305,-2.4152578105326654,-2.4152578105309956,-16.10976068458438,-1.7763568394002505e-15,-13.694502874053379,0.0,0.0,46.02403045829874,46.09990130935826,-0.07587085105951637,30.0,30.0,0.0,0.0,0.0,0.0,0.0,0.0,11.0,11.0,0.0,0.0,3.0,3.0,0.0,0.0,8.0,8.0,0.0,0.0,1.0,1.0,0.0,0.0,,,,,,,,,,,,,,
16,-50.86328349998257,-50.87078457540689,-61.527476501182704,-7.380235894851111,0.0,54.147240606331614,-10.656691925778489,0.0,0.8660874912108483,0.8660874912108198,0.0,30.0,30.0,0.0,0.0,0.0,0.0,0.0,0.0,11.0,11.0,0.0,0.0,1.0,1.0,0.0,0.0,11.0,11.0,0.0,0.0,1.0,1.0,0.0,0.0,,,,,,,,,,,,,,
17,9.929900852046558,9.912918202718423,9.808607671715535,-4.9983702041388165,0.0,-14.806977875854349,-0.13048363894449722,0.026173107939642785,0.6893352830917792,-1.303174943287935,1.9925102263797017,30.0,30.0,0.0,0.0,0.0,0.0,0.0,0.0,4.0,4.0,0.0,0.0,2.0,2.0,0.0,0.0,7.0,7.0,0.0,0.0,1.0,1.0,0.0,0.0,,,,,,,,,,,,,,
18,34.69126027541097,34.68660760904508,34.644193328304034,9.528161870635248,-3.552713678800501e-15,-25.116031457668797,-0.041655359469928044,-0.000758921271072381,0.2959222506596859,0.6821045642631706,-0.38618231360348465,30.0,30.0,0.0,0.0,0.0,0.0,0.0,0.0,12.0,12.0,0.0,0.0,1.0,1.0,0.0,0.0,6.0,6.0,0.0,0.0,1.0,1.0,0.0,0.0,,,,,,,,,,,,,,
19,-8.23519974660172,-8.23541672133319,-14.088472083775883,-2.0415854965716402,0.0,12.046886587204241,-5.8584472624361865,0.0053919000000002045,0.3887887659560505,-0.14730062167868563,0.5360893876347494,30.0,30.0,0.0,0.0,0.0,0.0,0.0,0.0,11.0,11.0,0.0,0.0,2.0,2.0,0.0,0.0,11.0,11.0,0.0,0.0,1.0,1.0,0.0,0.0,,,,,,,,,,,,,,
20,39.0,-61.0,-61.0,-84.42230914661381,0.0,-23.42230914661381,0.0,0.0,100.0,100.0,0.0,30.0,30.0,0.0,0.0,0.0,0.0,0.0,0.0,7.0,7.0,0.0,0.0,3.0,3.0,0.0,0.0,13.0,13.0,0.0,0.0,2.0,2.0,0.0,0.0,,,,,,,,,,,,,,
21,33.80400000000009,-56.06640000000063,-56.01749160138457,-78.40929769337396,0.0,-22.39180609198937,0.0,0.04890839861694627,100.0,94.80000000000038,5.199999999999612,30.0,30.0,0.0,0.0,0.0,0.0,0.0,0.0,11.0,11.0,0.0,0.0,1.0,0.0,0.0,1.0,9.0,9.0,0.0,0.0,2.0,2.0,0.0,0.0,,,,,,,,,,,,,,
22,55.82060000000092,-41.43844399999776,-41.43849473256791,-81.49813973373793,0.0,-40.05964500117004,0.0,-5.0732570296594584e-05,100.0,98.61999999999934,1.3800000000006634,30.0,30.0,0.0,0.0,0.0,0.0,0.0,0.0,9.0,9.0,0.0,0.0,0.0,0.0,0.0,0.0,10.0,10.0,0.0,0.0,1.0,1.0,0.0,0.0,,,,,,,,,,,,,,
23,-17.293339149364837,-116.24675229920452,-116.24149704920518,-129.68262495061444,0.0,-13.441127901409311,0.0,0.005255250000000556,100.0,99.47533018283461,0.5246698171653925,30.0,30.0,0.0,0.0,0.0,0.0,0.0,0.0,8.0,8.0,0.0,0.0,0.0,0.0,0.0,0.0,5.0,5.0,0.0,0.0,2.0,1.0,0.0,1.0,,,,,,,,,,,,,,
24,35.86653532498167,10.828032861393154,10.754801509245194,-13.264094511216516,0.0,-24.018896020461717,-0.0732313521475021,0.0,50.03848765059603,50.03848765059603,0.0,30.0,30.0,0.0,0.0,0.0,0.0,0.0,0.0,6.0,6.0,0.0,0.0,1.0,1.0,0.0,0.0,17.0,17.0,0.0,0.0,0.0,0.0,0.0,0.0,,,,,,,,,,,,,,
25,-9.433246371172572,-9.452895966262485,-14.223183421430578,2.110283970176928,3.552713678800501e-15,16.333467391607513,-4.78516339183774,0.01487593666957452,0.9909364467219746,-1.40177013414872,2.3927065808706787,30.0,30.0,0.0,0.0,0.0,0.0,0.0,0.0,8.0,8.0,0.0,0.0,3.0,2.0,0.0,1.0,10.0,10.0,0.0,0.0,5.0,4.0,0.0,1.0,,,,,,,,,,,,,,
26,42.76318719018309,10.292748441329309,10.113757693174968,-7.644006723050808,0.0,-17.75776441622578,-0.15794968300373569,-0.02104106514680429,56.149046399931066,56.98283842426049,-0.8337920243294031,30.0,30.0,0.0,0.0,0.0,0.0,0.0,0.0,4.0,4.0,0.0,0.0,3.0,2.0,0.0,1.0,12.0,12.0,0.0,0.0,2.0,1.0,0.0,1.0,,,,,,,,,,,,,,
27,3.3406101946124545,3.340526581010898,1.099762803630544,-3.438642786899551,0.0,-4.538405590530094,-2.2438906523811966,0.003126875000000711,0.3972391836429807,0.09144047329060051,0.3057987103524033,30.0,30.0,0.0,0.0,0.0,0.0,0.0,0.0,11.0,11.0,0.0,0.0,1.0,1.0,0.0,0.0,8.0,8.0,0.0,0.0,0.0,0.0,0.0,0.0,,,,,,,,,,,,,,
28,-28.090359666402946,-40.56271947812959,-41.17683455894253,-8.10223253629384,0.0,33.07460202264869,-0.6141150808114588,0.0,35.31622829766316,35.31622829766316,0.0,30.0,30.0,0.0,0.0,0.0,0.0,0.0,0.0,13.0,13.0,0.0,0.0,1.0,1.0,0.0,0.0,12.0,12.0,0.0,0.0,2.0,2.0,0.0,0.0,,,,,,,,,,,,,,
29,41.034281451917195,38.64359644486312,37.05815595933947,2.98043942059458,0.0,-34.07771653874491,-1.78876831145541,0.20332782593326595,30.275783900015085,15.461840146160077,14.813943753854998,30.0,30.0,0.0,0.0,0.0,0.0,0.0,0.0,9.0,9.0,0.0,0.0,2.0,2.0,0.0,0.0,8.0,8.0,0.0,0.0,2.0,2.0,0.0,0.0,,,,,,,,,,,,,,
30,-34.583689810886426,-41.552324777493816,-47.1851072021067,-7.2400403529421204,0.0,39.945066849164576,-5.477293919393773,-0.155488505222101,0.3981722219694461,26.398172221969055,-25.99999999999963,30.0,30.0,0.0,0.0,0.0,0.0,0.0,0.0,8.0,8.0,0.0,0.0,0.0,0.0,0.0,0.0,7.0,7.0,0.0,0.0,3.0,3.0,0.0,0.0,,,,,,,,,,,,,,
31,11.720417609015785,2.9539378705067065,2.9579898955076125,-2.035299324101892,0.0,-4.993289219609504,0.0,0.004052025000000153,30.069565868833493,29.60824165415616,0.46132421467731594,30.0,30.0,0.0,0.0,0.0,0.0,0.0,0.0,5.0,5.0,0.0,0.0,1.0,1.0,0.0,0.0,4.0,4.0,0.0,0.0,1.0,1.0,0.0,0.0,,,,,,,,,,,,,,
32,57.386350672104626,57.315963827989485,57.34002002798979,-4.170342146679736,0.0,-61.510362174669524,0.0,0.024056200000001436,0.49549181456470137,-2.6530519051677404,3.1485437197324133,30.0,30.0,0.0,0.0,0.0,0.0,0.0,0.0,10.0,10.0,0.0,0.0,1.0,1.0,0.0,0.0,12.0,12.0,0.0,0.0,3.0,3.0,0.0,0.0,9.474611282348633,38.0,0.00023447058520450828,0.00023447058520450828,0.2969957539125493,0.0009957744133364606,1.90152896862281,1.1722979893287022,30.0,0.00023447058520450825,0.00023447058520450825,0.04385123958345503,0.0009966588656728466,0.7518844813108444
33,9.880213315700763,-10.651244001170083,-11.16285202468003,-14.999826480120028,0.0,-3.8369744554399974,-0.5264358560084421,0.014827832499999487,46.183643813663835,45.3116511692863,0.8719926443775515,30.0,30.0,0.0,0.0,0.0,0.0,0.0,0.0,9.0,9.0,0.0,0.0,1.0,1.0,0.0,0.0,7.0,7.0,0.0,0.0,1.0,1.0,0.0,0.0,9.695723778162247,39.0,0.00023267171427506018,0.00023267171427506018,0.10960727376051438,0.0009943934706732249,2.483086963494619,1.003556569914023,30.0,0.00023267171427506018,0.00023267171427506018,-0.020617593739492197,0.00099160063934202,0.5465872531135877
34,30.89649890531473,7.056227972734714,7.129857205283274,-10.284084679822755,0.0,-17.413941885106038,0.0,0.07362923254903486,58.243999907918926,48.82649990791887,9.417500000000054,30.0,30.0,0.0,0.0,0.0,0.0,0.0,0.0,11.0,11.0,0.0,0.0,0.0,0.0,0.0,0.0,6.0,6.0,0.0,0.0,2.0,2.0,0.0,0.0,8.171582520008087,44.0,0.00023088664438004888,0.00023088664438004888,-0.08192215036516162,0.0010076587813356045,2.375090764327483,0.9256997043887775,30.0,0.00023088664438004886,0.00023088664438004886,-0.037523140052023035,0.000992846015530328,0.5644644757111867
35,30.6027870557009,5.285135241905113,5.402694014113304,-10.076994310901863,0.0,-15.479688325015175,0.0,0.11755877220786234,63.94583089733922,50.316649146973,13.629181750366223,30.0,30.0,0.0,0.0,0.0,0.0,0.0,0.0,6.0,6.0,0.0,0.0,1.0,1.0,0.0,0.0,11.0,11.0,0.0,0.0,0.0,0.0,0.0,0.0,7.737121507856581,45.0,0.00022911526963719647,0.00022911526963719647,-0.033133392905195555,0.0010198879443729916,2.3281256781684028,1.0873301071425279,30.0,0.00022911526963719647,0.00022911526963719647,-0.0828336875885725,0.0009969278355129064,0.639927584429582
36,38.22978064016752,34.004587451578836,34.16615924328723,4.44176887812774,0.0,-29.724390365159483,-0.022673125231392532,0.18424491694046666,37.38726260318617,20.555274721075083,16.83198788211109,30.0,30.0,0.0,0.0,0.0,0.0,0.0,0.0,9.0,9.0,0.0,0.0,3.0,3.0,0.0,0.0,8.0,8.0,0.0,0.0,1.0,1.0,0.0,0.0,8.536390376091003,40.0,0.0002273574849765597,0.0002273574849765597,0.194814870133996,0.0010287449054885655,2.598516282439232,1.133101997151971,30.0,0.00022735748497655967,0.00022735748497655967,-0.11999082590142886,0.001004903103845815,0.6783999547362327
37,5.914899804014858,5.634860955796938,-7.699338856597493,-5.665010042844145,0.0,2.0343288137533535,-13.397396062397135,0.06319624999999642,0.7156303094464391,-5.291869690552856,6.007499999999254,30.0,30.0,0.0,0.0,0.0,0.0,0.0,0.0,6.0,6.0,0.0,0.0,1.0,1.0,0.0,0.0,6.0,6.0,0.0,0.0,0.0,0.0,0.0,0.0,7.163817382627918,31.0,0.0002256131861342975,0.0002256131861342975,0.12364372812331684,0.0010339396089435586,2.819406593999555,1.2282368135948976,30.0,0.0002256131861342975,0.0002256131861342975,-0.16357241198420525,0.0010146223707124592,0.7699358016252518
38,3.440007905890554,2.0840072212828886,-2.373316497453583,8.22961739388761,0.0,10.602933891341191,-4.588410941236532,0.13108722249998872,0.7128121481034526,-11.64474424196455,12.357556390068012,30.0,30.0,0.0,0.0,0.0,0.0,0.0,0.0,9.0,9.0,0.0,0.0,0.0,0.0,0.0,0.0,6.0,6.0,0.0,0.0,1.0,1.0,0.0,0.0,7.014536586674777,44.0,0.00022388226964648665,0.00022388226964648665,0.17538109315897932,0.0010405937050977213,2.99436109716242,0.9963923009733359,30.0,0.00022388226964648665,0.00022388226964648665,-0.1967614601055781,0.001024420113147547,0.6957478707035383
39,-15.690975817311905,-15.694622369520982,-17.295786774386176,21.79905514997063,0.0,39.09484192435681,-1.6091420048642249,0.007977600000000681,0.2609273095902154,-0.6038668900575045,0.8647941996477057,30.0,30.0,0.0,0.0,0.0,0.0,0.0,0.0,10.0,10.0,0.0,0.0,1.0,1.0,0.0,0.0,7.0,7.0,0.0,0.0,0.0,0.0,0.0,0.0,7.807829492970517,38.0,0.0002221646328429846,0.0002221646328429846,0.08750703568129163,0.0010480170266849822,3.3954044988280847,1.045785377919674,30.0,0.0002221646328429846,0.0002221646328429846,-0.20267030447721482,0.0010338641509103279,0.8616348579525948
40,41.15584154772136,38.91012638355562,39.06314553355774,-9.529515182239287,0.0,-48.59266071579702,0.0,0.15301914999999763,0.13928959252909578,-14.985710407470648,15.124999999999751,30.0,30.0,0.0,0.0,0.0,0.0,0.0,0.0,8.0,8.0,0.0,0.0,1.0,1.0,0.0,0.0,6.0,6.0,0.0,0.0,1.0,1.0,0.0,0.0,7.944023213888469,38.0,0.0002204601738413398,0.0002204601738413398,0.15512576995809613,0.0010553818091897196,3.7424977045310173,1.1110100174943607,30.0,0.0002204601738413398,0.0002204601738413398,-0.21920535912116368,0.001043063603962461,1.123550572991371
41,10.205241537494658,10.151048147790044,7.994114133098555,-2.242594593931453,0.0,-10.236708727030011,-2.3793800623834045,0.22244604769461007,0.7750429071327432,-2.3279473727860007,3.102990279918741,30.0,30.0,0.0,0.0,0.0,0.0,0.0,0.0,8.0,8.0,0.0,0.0,0.0,0.0,0.0,0.0,9.0,9.0,0.0,0.0,2.0,2.0,0.0,0.0,6.86523815859919,46.0,0.00021876879154074825,0.00021876879154074825,0.12398076259895512,0.0010645593410236356,3.220097171223682,0.9677378406127294,30.0,0.00021876879154074825,0.00021876879154074825,-0.23996291557947794,0.001052213409760346,0.9287897855043411
42,3.4830593925180438,3.309309721834275,2.4415011636101176,1.6923694728578673,0.0,-0.7491316907522502,-1.10833785828045,0.2405293000579397,25.848329049918277,4.168329049916391,21.680000000001883,30.0,30.0,0.0,0.0,0.0,0.0,0.0,0.0,8.0,8.0,0.0,0.0,1.0,1.0,0.0,0.0,10.0,10.0,0.0,0.0,2.0,2.0,0.0,0.0,7.533404509226481,36.0,0.00021709038561605672,0.00021709038561605672,0.15526102343574166,0.0010730398514877176,3.735814412434896,0.7300448628763357,30.0,0.00021709038561605672,0.00021709038561605672,-0.2923861379424731,0.0010607283872862657,0.7717587103446325
43,-28.005439279673737,-34.02108848253905,-35.70675160671831,2.8642761915898243,0.0,38.57102779830814,-1.9105290068881828,0.22486588270891836,30.259320427575688,24.526820427575423,5.7325000000002575,30.0,30.0,0.0,0.0,0.0,0.0,0.0,0.0,7.0,7.0,0.0,0.0,0.0,0.0,0.0,0.0,12.0,12.0,0.0,0.0,1.0,1.0,0.0,0.0,7.3893272625772575,38.0,0.00021542485651181197,0.00021542485651181197,0.2896438648826198,0.0010800531477128204,3.544922860045182,0.9286778053889672,30.0,0.00021542485651181197,0.00021542485651181197,-0.2773062671224276,0.0010691050284852585,0.9875073750813802
44,-24.736926074045186,-28.41835482567405,-34.039641005827946,-0.1916661442186088,0.0,33.84797486160933,-5.859164357076004,0.2378781769205411,36.94454967322843,19.187049673227154,17.757500000001276,30.0,30.0,0.0,0.0,0.0,0.0,0.0,0.0,10.0,10.0,0.0,0.0,0.0,0.0,0.0,0.0,11.0,11.0,0.0,0.0,2.0,2.0,0.0,0.0,7.150960261171514,44.0,0.00021377210543635568,0.00021377210543635568,0.08310249602337452,0.001087179931346327,3.433760767633265,0.9577635330458482,30.0,0.00021377210543635568,0.00021377210543635568,-0.3004199321071307,0.0010775934167516728,1.1197021171450614
45,17.943498203289593,16.746067895229277,16.86481119523171,-0.7976938864791152,0.0,-17.662505081710837,0.0,0.11874329999999325,0.27728412111305545,-10.942715878886352,11.219999999999374,30.0,30.0,0.0,0.0,0.0,0.0,0.0,0.0,9.0,9.0,0.0,0.0,0.0,0.0,0.0,0.0,11.0,11.0,0.0,0.0,1.0,1.0,0.0,0.0,7.027092244174029,37.0,0.00021213203435596428,0.00021213203435596428,0.200893072612785,0.0010944914947440092,3.8378080000748507,0.6991999022662639,30.0,0.00021213203435596425,0.00021213203435596425,-0.3515347103277842,0.001086089542756478,1.1651875644922256
46,-16.064125016576668,-18.039592437204185,-18.043483817667816,9.628910851054695,0.0,27.672394668722518,-0.03315325546300585,0.029261875000000454,16.332632232133278,14.055132232133271,2.2775000000000176,30.0,30.0,0.0,0.0,0.0,0.0,0.0,0.0,9.0,9.0,0.0,0.0,3.0,3.0,0.0,0.0,10.0,10.0,0.0,0.0,2.0,2.0,0.0,0.0,5.809041631849189,38.0,0.00021050454598903415,0.00021050454598903415,0.198734699723948,0.001101733733728332,3.1434733365711414,0.8726270407438278,30.0,0.00021050454598903415,0.00021050454598903415,-0.3544500465194384,0.0010946807684376835,1.0806944757699966
47,19.49213006789978,15.067563428795545,15.06083311033781,-1.1720066008281713,0.0,-16.232839711165994,-0.21221274393553813,0.20548242548090978,0.45714480697202475,-21.03465388140303,21.49179868837507,30.0,30.0,0.0,0.0,0.0,0.0,0.0,0.0,10.0,10.0,0.0,0.0,2.0,2.0,0.0,0.0,8.0,8.0,0.0,0.0,0.0,0.0,0.0,0.0,7.132038348760361,39.0,0.0002088895438003116,0.0002088895438003116,0.13911997402707735,0.0011089590127364947,4.085363871011978,0.9193929637471835,30.0,0.0002088895438003116,0.0002088895438003116,-0.3610216826200485,0.0011032467591576278,1.4022192935148874
48,-20.78352954004731,-26.562047991188376,-34.628278220934064,-7.909345419760929,0.0,26.718932801173136,-8.25774432372937,0.19151409398768351,0.27895085255447327,-24.038549147444535,24.31749999999899,30.0,30.0,0.0,0.0,0.0,0.0,0.0,0.0,13.0,13.0,0.0,0.0,3.0,3.0,0.0,0.0,11.0,11.0,0.0,0.0,2.0,2.0,0.0,0.0,6.702767503888984,38.0,0.0002072869319951664,0.0002072869319951664,0.1373906023800373,0.0011165182038798537,3.9425402942456698,0.8927322329332431,30.0,0.0002072869319951664,0.0002072869319951664,-0.38617116312185923,0.0011113176316333315,1.2716030647357306
49,-40.15065304834752,-43.200808577037165,-46.37066235841099,-11.365298656306754,0.0,35.00536370210422,-3.362364036372057,0.19251025499625396,0.2703055317619345,-17.46469446823975,17.73500000000168,30.0,30.0,0.0,0.0,0.0,0.0,0.0,0.0,6.0,6.0,0.0,0.0,1.0,1.0,0.0,0.0,8.0,8.0,0.0,0.0,0.0,0.0,0.0,0.0,6.680453168021308,45.0,0.00020569661551390992,0.00020569661551390992,0.16484210056563217,0.0011236748244199488,4.104207248157925,0.7655189044773578,30.0,0.0002056966155139099,0.0002056966155139099,-0.3753189588586489,0.0011189804218399027,1.1291652550299962
50,12.146818724142577,11.742322707866546,7.238632483453833,12.52007920983523,0.0,5.281446726381397,-4.738337625637996,0.2346474012237029,18.099999872043753,-6.360000127956223,24.459999999999933,30.0,30.0,0.0,0.0,0.0,0.0,0.0,0.0,12.0,12.0,0.0,0.0,1.0,1.0,0.0,0.0,15.0,15.0,0.0,0.0,3.0,3.0,0.0,0.0,5.7239426953451975,35.0,0.0002041185000261565,0.0002041185000261565,0.19495504642171518,0.001130703673698008,4.280335712432861,0.829042728493611,30.0,0.0002041185000261565,0.0002041185000261565,-0.38425505757331846,0.001126457673187057,1.3747532228628794
51,-51.94597116854675,-51.98906971180637,-58.678270522153674,0.7221458080152057,0.0,59.40041633016892,-6.833803816102048,0.14460300575651872,12.578981135450519,-2.076018864548807,14.654999999999333,30.0,30.0,0.0,0.0,0.0,0.0,0.0,0.0,11.0,11.0,0.0,0.0,1.0,1.0,0.0,0.0,6.0,6.0,0.0,0.0,3.0,2.0,0.0,1.0,6.31101581843003,46.0,0.0002025524919252285,0.0002025524919252285,0.13818787989894982,0.0011370938256099496,3.6287622011226155,0.8004609733819962,30.0,0.0002025524919252285,0.0002025524919252285,-0.40820290793975195,0.001133648034495612,1.372790946563085
52,6.865662908603554,6.04888731814217,5.420229052252837,7.4222165450990385,0.0,2.0019874928462023,-0.8324640370059058,0.20380577111745998,7.357036396509713,-9.037563778261173,16.394600174770876,30.0,30.0,0.0,0.0,0.0,0.0,0.0,0.0,10.0,10.0,0.0,0.0,0.0,0.0,0.0,0.0,12.0,12.0,0.0,0.0,2.0,2.0,0.0,0.0,6.310199332791705,43.0,0.00020099849832260343,0.00020099849832260343,0.23801827699292538,0.0011442209875514341,4.145199185193971,0.8302095895012219,30.0,0.0002009984983226034,0.0002009984983226034,-0.4317463239034017,0.0011404662354228398,1.3607582946618397
53,14.262715497749596,14.26033768584109,11.47519819497128,-2.8916639426701174,0.0,-14.366862137641403,-2.785490120868431,0.0003506300000001082,0.5511373960229093,0.48762812762455837,0.06350926839835654,30.0,30.0,0.0,0.0,0.0,0.0,0.0,0.0,8.0,8.0,0.0,0.0,3.0,2.0,0.0,1.0,8.0,8.0,0.0,0.0,0.0,0.0,0.0,0.0,7.004467044557844,42.0,0.00019945642704240473,0.00019945642704240473,0.1352317173566137,0.001150448399130255,5.061708376521156,0.6227908651034038,30.0,0.00019945642704240473,0.00019945642704240473,-0.453681011001269,0.0011473955625357728,1.4615832070509593
54,38.16670224488553,38.1411393641162,38.267738411152166,8.879890634260407,0.0,-29.38784777689177,-0.09527880019627233,0.2218778472332499,17.22883960325315,1.5988396032539143,15.62999999999925,30.0,30.0,0.0,0.0,0.0,0.0,0.0,0.0,11.0,11.0,0.0,0.0,2.0,2.0,0.0,0.0,10.0,10.0,0.0,0.0,1.0,1.0,0.0,0.0,5.950976310632168,39.0,0.00019792618661593412,0.00019792618661593412,0.19130045443009108,0.0011566077382900775,3.9401979629810038,0.5959587561587493,30.0,0.00019792618661593412,0.00019792618661593412,-0.49942628542582196,0.0011545787487799923,1.3867059707641602
55,16.9020058709343,16.89879194355896,16.89874220923401,-1.3370995726586556,0.0,-18.23584178189267,-0.00020011932460750614,0.00015038499999986304,0.6019151061082795,0.5669151061083029,0.03499999999998238,30.0,30.0,0.0,0.0,0.0,0.0,0.0,0.0,10.0,10.0,0.0,0.0,0.0,0.0,0.0,0.0,11.0,11.0,0.0,0.0,2.0,2.0,0.0,0.0,6.5373197213197365,39.0,0.000196407686276246,0.000196407686276246,0.172056608618452,0.0011619884275998443,4.970031609902015,0.6084197277824084,30.0,0.000196407686276246,0.000196407686276246,-0.5045614510774612,0.0011618129055326184,1.1776135702927908
56,29.972359207127738,19.827509350107732,20.068164949415877,-5.765625473393913,0.0,-25.83379042280979,0.0,0.24065559931035785,53.357541956136316,31.850980922131747,21.50656103400457,30.0,30.0,0.0,0.0,0.0,0.0,0.0,0.0,8.0,8.0,0.0,0.0,1.0,1.0,0.0,0.0,8.0,8.0,0.0,0.0,1.0,1.0,0.0,0.0,5.7089740901157775,29.0,0.0001949008359527637,0.0001949008359527637,0.09661107510328293,0.0011668810580760755,4.210569998313641,0.6421883781750997,30.0,0.0001949008359527637,0.0001949008359527637,-0.5235350211461385,0.0011689171001004676,1.5857092767953873
57,41.02972197728248,28.12770790777465,27.31001999667863,2.9084332413244702,0.0,-24.40158675535416,-0.8974024360909629,0.07971452500000004,41.49687369931194,35.91937369931139,5.57750000000059,30.0,30.0,0.0,0.0,0.0,0.0,0.0,0.0,6.0,6.0,0.0,0.0,2.0,2.0,0.0,0.0,9.0,9.0,0.0,0.0,1.0,1.0,0.0,0.0,6.571437971932547,42.0,0.00019340554626593685,0.00019340554626593685,0.15450942343366997,0.0011728260682762734,4.92779632977077,0.7005290088554224,30.0,0.00019340554626593685,0.00019340554626593685,-0.5719445874293645,0.0011763613360623519,1.6847172756989797
58,18.135170875260883,10.069827586695698,9.30914375699867,1.0918883651766678,-1.7763568394002505e-15,-8.217255391821999,-0.9958327866958419,0.235148956999296,44.75204803965076,28.399548039652295,16.352499999998464,30.0,30.0,0.0,0.0,0.0,0.0,0.0,0.0,10.0,10.0,0.0,0.0,1.0,1.0,0.0,0.0,7.0,7.0,0.0,0.0,3.0,3.0,0.0,0.0,6.180981798171997,50.0,0.00019192172852193978,0.00019192172852193978,0.1794160185754299,0.0011796111590228974,4.469399015903473,0.7256865854064624,30.0,0.0001919217285219398,0.0001919217285219398,-0.5866761972506841,0.0011835703742690384,1.5519193877776465
59,4.961582219990305,2.4028870136381126,1.734598343364611,-1.973039271601187,0.0,-3.707637614965795,-0.831288976406741,0.1630003061319392,0.49657799984021267,-15.995922000160517,16.492500000000742,30.0,30.0,0.0,0.0,0.0,0.0,0.0,0.0,13.0,13.0,0.0,0.0,1.0,1.0,0.0,0.0,7.0,7.0,0.0,0.0,2.0,2.0,0.0,0.0,5.679137712571679,41.0,0.00019044929470741072,0.00019044929470741072,0.19735074090975813,0.0011867354396821522,4.781354601790265,0.6909423006077607,30.0,0.00019044929470741072,0.00019044929470741072,-0.6443668107191721,0.0011905823174553612,1.5031969199577968
60,-0.5911347146168991,-0.5967350520682487,-0.6814440565736246,-1.299671920580748,0.0,-0.6182278640071237,-0.07545455450388161,-0.009254450000000006,0.5376111490208331,0.748354023931825,-0.21074287491096888,30.0,30.0,0.0,0.0,0.0,0.0,0.0,0.0,10.0,10.0,0.0,0.0,2.0,2.0,0.0,0.0,7.0,7.0,0.0,0.0,3.0,3.0,0.0,0.0,6.522046685218811,42.0,0.000188988157484231,0.000188988157484231,0.19250779918261937,0.001193104164918796,5.026126503944397,0.521282555659612,30.0,0.00018898815748423097,0.00018898815748423097,-0.6726483404636383,0.0011977674051498373,1.379537389675776
61,5.372973087567516,-7.030742121130631,-8.16723628224576,1.3581689760292202,0.0,9.525405258274985,-1.3766745862312177,0.24018042511969515,45.93890857011135,35.21890857011067,10.72000000000071,30.0,30.0,0.0,0.0,0.0,0.0,0.0,0.0,7.0,7.0,0.0,0.0,3.0,3.0,0.0,0.0,6.0,6.0,0.0,0.0,1.0,1.0,0.0,0.0,5.695303098721937,44.0,0.00018753823018434463,0.00018753823018434463,0.14712750424884938,0.0012002999084705318,4.926488188180056,0.5159461682041486,30.0,0.00018753823018434463,0.00018753823018434463,-0.6727782169977824,0.0012049143202602862,1.304291009902954
62,-3.0439726982513093,-3.046900072723019,-3.310586326903197,3.080218205386526,0.0,6.390804532289722,-0.25316663190204736,-0.010519622274997656,0.6673260773739145,0.5410521667741159,0.1262739105998309,30.0,30.0,0.0,0.0,0.0,0.0,0.0,0.0,5.0,5.0,0.0,0.0,1.0,1.0,0.0,0.0,4.0,4.0,0.0,0.0,0.0,0.0,0.0,0.0,6.416375512168521,42.0,0.0001860994268046179,0.0001860994268046179,0.19478803704537095,0.0012077849380494584,5.194734760693142,0.7025307128826778,30.0,0.0001860994268046179,0.0001860994268046179,-0.7126405537128448,0.0012120686859513322,1.8389258901278178
63,15.811945551835379,14.880115468553859,14.475679116807441,6.8614362571797685,-8.881784197001252e-16,-7.614242859627674,-0.6138553209616191,0.2094189692132273,14.751609530771518,9.6531346374197,5.0984748933518125,30.0,30.0,0.0,0.0,0.0,0.0,0.0,0.0,10.0,10.0,0.0,0.0,5.0,4.0,0.0,1.0,7.0,7.0,0.0,0.0,1.0,1.0,0.0,0.0,5.666717064686311,39.0,0.00018467166200173744,0.00018467166200173744,0.16326929175127775,0.0012150566624955107,5.418402439508682,0.6334663371245066,30.0,0.00018467166200173744,0.00018467166200173744,-0.7547055741151174,0.0012189717536481718,1.5974491775035857
64,-74.15127502694394,-89.94447315846277,-90.36340413366912,-28.870251458665376,0.0,61.49315267500378,-0.5590117902064833,0.14008081499999273,27.160132108002514,39.74065692904287,-12.58052482104036,30.0,30.0,0.0,0.0,0.0,0.0,0.0,0.0,10.0,10.0,0.0,0.0,1.0,1.0,0.0,0.0,9.0,9.0,0.0,0.0,1.0,1.0,0.0,0.0,5.357342488056904,37.0,0.00018325485108714856,0.00018325485108714856,0.11463923440188975,0.0012215746604409571,5.080447905772441,0.6088658273220062,30.0,0.00018325485108714856,0.00018325485108714856,-0.7217227468887965,0.001225989688343058,1.5197575300931931
65,28.918082718892038,20.29992457707141,20.538355315412854,0.7222145046703471,0.0,-19.81614081074253,0.0,0.23843073834346373,43.97169964730548,29.35669964730475,14.615000000000748,30.0,30.0,0.0,0.0,0.0,0.0,0.0,0.0,10.0,10.0,0.0,0.0,0.0,0.0,0.0,0.0,10.0,10.0,0.0,0.0,1.0,1.0,0.0,0.0,5.7802831213525,47.0,0.00018184891002203166,0.00018184891002203166,0.08968477589177325,0.0012291504387208756,5.3123862743377686,0.7138339499632518,30.0,0.00018184891002203166,0.00018184891002203166,-0.7304418434699377,0.0012328352158268293,1.8404805620511373
66,16.006698427803713,6.515815539873801,6.728440979501652,-4.664756754282948,0.0,-11.393197733784596,-0.025562937154518295,0.23818837678423505,51.8647765559193,30.80727655592086,21.057499999998466,30.0,30.0,0.0,0.0,0.0,0.0,0.0,0.0,7.0,7.0,0.0,0.0,1.0,0.0,0.0,1.0,10.0,10.0,0.0,0.0,3.0,3.0,0.0,0.0,5.463058683005246,44.0,0.00018045375541231749,0.00018045375541231749,0.15750230569392443,0.0012375497767193751,5.50781546939503,0.7183610692620277,30.0,0.00018045375541231749,0.00018045375541231749,-0.7633766174316406,0.0012397462385706603,1.748527846733729
67,-78.23209440152459,-92.7747551777889,-101.6626778540101,-30.804941618854087,0.0,70.857736235156,-9.059004256324327,0.17108158010294744,34.064840731625594,38.134840731625346,-4.069999999999734,30.0,30.0,0.0,0.0,0.0,0.0,0.0,0.0,12.0,12.0,0.0,0.0,0.0,0.0,0.0,0.0,10.0,10.0,0.0,0.0,1.0,1.0,0.0,0.0,5.4121093362569805,40.0,0.00017906930450374052,0.00017906930450374052,0.1910087100462988,0.0012449656322132796,5.090056341886521,0.6009588226675987,30.0,0.00017906930450374052,0.00017906930450374052,-0.772671643892924,0.001246663023872922,1.5666293760140737
68,-55.8358738839961,-55.836065256835084,-55.88993039909589,-14.758688781900599,0.0,41.13124161719529,-0.06756822715726685,0.013703084897155228,0.26666242774159343,-0.13833757225848764,0.4050000000000864,30.0,30.0,0.0,0.0,0.0,0.0,0.0,0.0,11.0,11.0,0.0,0.0,1.0,1.0,0.0,0.0,7.0,7.0,0.0,0.0,1.0,1.0,0.0,0.0,5.805628293599838,39.0,0.0001776954751769305,0.0001776954751769305,0.20588751858434615,0.0012517126742750406,5.2863909892546825,0.690263086060683,30.0,0.0001776954751769305,0.0001776954751769305,-0.799477090438207,0.0012534951403116187,1.964513905843099
69,7.441878264236948,2.810722475250204,2.736560179980833,-3.756047141699061,0.0,-6.4926073216799,-0.31352282104342066,0.23936052577431116,43.585346501897746,21.52012032723503,22.065226174662715,30.0,30.0,0.0,0.0,0.0,0.0,0.0,0.0,5.0,5.0,0.0,0.0,2.0,2.0,0.0,0.0,8.0,8.0,0.0,0.0,1.0,1.0,0.0,0.0,5.109023545099341,46.0,0.0001763321859425413,0.0001763321859425413,0.12015727105671944,0.0012588804997706218,4.848578955816186,0.6220440636078517,30.0,0.0001763321859425413,0.0001763321859425413,-0.8165307104587555,0.0012602168212955196,1.9261322935422263
70,24.21036528265904,24.187541605874877,24.270011445260607,10.594762470876173,0.0,-13.675248974384449,0.0,0.08246983938502753,9.998678278480938,1.5107507002866196,8.487927578194304,30.0,30.0,0.0,0.0,0.0,0.0,0.0,0.0,8.0,8.0,0.0,0.0,1.0,1.0,0.0,0.0,9.0,9.0,0.0,0.0,1.0,1.0,0.0,0.0,5.680366742305266,39.0,0.00017497935593641746,0.00017497935593641746,0.2607198324627601,0.0012663099168537136,5.183028465662247,0.5726534595092138,30.0,0.00017497935593641746,0.00017497935593641746,-0.846987920999527,0.0012667094396116832,1.5893323878447214
71,-0.9438234227355861,-0.9454788078088594,-1.433063134383448,-13.662157311711608,0.0,-12.229094177328161,-0.48758432657714934,0.0,0.40686423697266605,0.40686423697264384,0.0,30.0,30.0,0.0,0.0,0.0,0.0,0.0,0.0,9.0,9.0,0.0,0.0,1.0,1.0,0.0,0.0,14.0,14.0,0.0,0.0,1.0,1.0,0.0,0.0,5.249365309874217,36.0,0.00017363690491479776,0.00017363690491479776,0.11611194235997067,0.0012731781074156363,5.0574707057740955,0.4308381512761116,30.0,0.00017363690491479776,0.00017363690491479776,-0.8843136608600617,0.0012734264911462864,1.6779135386149089
72,-20.917492309992667,-20.923455820145637,-22.27687630523458,20.426477143341653,0.0,42.70335344857625,-1.3772147167116242,0.02379423162156559,0.9940906929465854,0.7722376676237066,0.22185302532288625,30.0,30.0,0.0,0.0,0.0,0.0,0.0,0.0,11.0,11.0,0.0,0.0,2.0,2.0,0.0,0.0,11.0,11.0,0.0,0.0,0.0,0.0,0.0,0.0,6.201236152648926,40.0,0.00017230475324955523,0.00017230475324955523,0.12004129071719945,0.0012799304910004138,5.868187183141709,0.7055530587832133,30.0,0.00017230475324955523,0.00017230475324955523,-0.9294900019963582,0.0012798130318212011,1.9015874445438385
73,-12.191995823488469,-12.209472923496595,-13.896676844612397,7.093079529320819,6.938893903907228e-18,20.98975637393321,-1.7124500735239856,0.025246152409919294,0.9173862524446861,-1.3220098338562445,2.239396086300929,30.0,30.0,0.0,0.0,0.0,0.0,0.0,0.0,8.0,8.0,0.0,0.0,1.0,1.0,0.0,0.0,7.0,7.0,0.0,0.0,1.0,0.0,0.0,1.0,5.390943184877053,39.0,0.0001709828219234744,0.0001709828219234744,0.11643301370816353,0.0012874801714832967,5.306185673444699,0.4984744757413864,30.0,0.0001709828219234744,0.0001709828219234744,-0.8949306666851043,0.0012863074235307673,1.7633731881777446
74,8.340482389073994,6.429261769443391,6.3694130219449745,-2.1729290863287316,1.9984014443252818e-15,-8.542342108273706,0.0,-0.059848747500006294,11.332190302608268,13.824690302609323,-2.4925000000010513,30.0,30.0,0.0,0.0,0.0,0.0,0.0,0.0,12.0,12.0,0.0,0.0,4.0,4.0,0.0,0.0,3.0,3.0,0.0,0.0,2.0,2.0,0.0,0.0,4.831449372427804,35.0,0.00016967103252556393,0.00016967103252556393,0.01552648613495486,0.0012946960383227893,5.451248264312744,0.5779015516241391,30.0,0.00016967103252556393,0.00016967103252556393,-0.8942897299925486,0.0012928559755285582,2.1507299105326334
75,0.16840617212458164,-3.7527101293006573,-5.609024904951073,5.548829620546591,0.0,11.157854525497658,-1.9627244256478313,0.10640964999999976,28.044308759365776,19.8018087593665,8.242499999999275,30.0,30.0,0.0,0.0,0.0,0.0,0.0,0.0,10.0,10.0,0.0,0.0,2.0,2.0,0.0,0.0,8.0,8.0,0.0,0.0,2.0,2.0,0.0,0.0,5.857211554751677,34.0,0.00016836930724640594,0.00016836930724640594,0.08046352118253708,0.0013009514796602376,5.465010600931504,0.6292332167426745,30.0,0.00016836930724640594,0.00016836930724640594,-0.9546624064445496,0.0012990817388830085,1.865839821100235
76,-15.322966432175235,-15.380189177587042,-18.213109956774815,7.197286109697233,0.0,25.41039606647204,-3.0492692376476906,0.21634845846099082,15.71459942366532,-2.3921276180799005,18.10672704174521,30.0,30.0,0.0,0.0,0.0,0.0,0.0,0.0,11.0,11.0,0.0,0.0,1.0,1.0,0.0,0.0,7.0,7.0,0.0,0.0,2.0,2.0,0.0,0.0,4.895378204492422,39.0,0.00016707756887354052,0.00016707756887354052,0.1052148366967837,0.001307690835510118,5.130494771859585,0.6109108249346415,30.0,0.00016707756887354052,0.00016707756887354052,-0.9053564409414927,0.0013054606194297473,1.8851099411646526
77,13.482704939905524,13.482682425571591,13.180411997370445,-5.324646817959176,0.0,-18.505058815329622,-0.30362186570221184,0.001351437500000087,0.21494927178905243,0.04744927178902536,0.16749999999999687,30.0,30.0,0.0,0.0,0.0,0.0,0.0,0.0,12.0,12.0,0.0,0.0,2.0,2.0,0.0,0.0,7.0,7.0,0.0,0.0,1.0,1.0,0.0,0.0,5.302516842788121,53.0,0.00016579574078688596,0.00016579574078688596,-0.015152611154711471,0.0013167585997473238,5.5639122881979315,0.5793326124548912,30.0,0.00016579574078688598,0.00016579574078688598,-0.9479879518349965,0.0013123068997325997,2.0693142573038736
78,12.788811427192282,12.788745470226965,12.795823382724938,1.1070707360504524,0.0,-11.688752646674486,0.0,0.007077912499999891,0.002046963128904622,0.08121389371120938,-0.07916693058228833,30.0,30.0,0.0,0.0,0.0,0.0,0.0,0.0,10.0,10.0,0.0,0.0,1.0,1.0,0.0,0.0,8.0,8.0,0.0,0.0,4.0,2.0,0.0,2.0,5.628184917125296,47.0,0.00016452374695419386,0.00016452374695419386,0.07018765723927224,0.0013265928917346483,5.409618230576211,0.4477217679222425,30.0,0.00016452374695419386,0.00016452374695419386,-0.950532191991806,0.0013195375252204637,1.6588987092177072
79,19.981281238642435,19.956485872897026,18.718409733091104,5.991939359716631,1.3877787807814457e-17,-12.726470373374468,-1.2552410648041814,0.017164925000000355,0.15273852235151253,-1.5746544301975558,1.7273929525490541,30.0,30.0,0.0,0.0,0.0,0.0,0.0,0.0,5.0,5.0,0.0,0.0,1.0,1.0,0.0,0.0,9.0,9.0,0.0,0.0,2.0,2.0,0.0,0.0,6.148790634196738,46.0,0.00016326151192653943,0.00016326151192653943,0.110819428106365,0.0013361706945073345,6.140814947045368,0.5599194002648195,30.0,0.00016326151192653943,0.00016326151192653943,-0.9848718126614888,0.0013265177219485243,1.730587085088094
80,-11.185651342801066,-26.606085439032356,-26.816647830009575,-12.298413971467314,0.0,14.518233858542263,-0.44608573143185026,0.23552334045588824,50.13886055926827,39.26886055926666,10.870000000001617,30.0,30.0,0.0,0.0,0.0,0.0,0.0,0.0,10.0,10.0,0.0,0.0,1.0,1.0,0.0,0.0,8.0,8.0,0.0,0.0,3.0,2.0,0.0,1.0,5.128343891453099,37.0,0.00016200896083384592,0.00016200896083384592,0.08002369951557468,0.0013446807326446917,6.27078035715464,0.6278341827293237,30.0,0.00016200896083384592,0.00016200896083384592,-0.990595692396164,0.0013333515768560271,2.010128492116928
81,-29.11801723023047,-31.070320755982486,-36.00216225222131,1.9529129859850538,0.0,37.95507523820635,-4.939051071238211,0.007209575000000615,14.389985554660726,13.972485554660688,0.4175000000000715,30.0,30.0,0.0,0.0,0.0,0.0,0.0,0.0,11.0,11.0,0.0,0.0,2.0,2.0,0.0,0.0,8.0,8.0,0.0,0.0,0.0,0.0,0.0,0.0,5.5432777563730875,45.0,0.00016076601938044396,0.00016076601938044396,0.07132584485742781,0.0013528106734156608,6.429398414823744,0.638711412747701,30.0,0.00016076601938044396,0.00016076601938044396,-1.0668310403823853,0.0013400436146184802,2.062516568104426
82,4.530562710691811,4.444517934935697,4.264257697736815,5.466799709627298,-6.661338147750939e-16,1.2025420118904864,-0.29103723195825637,0.1107769947579654,8.381661019313142,-2.933338980685896,11.314999999999035,30.0,30.0,0.0,0.0,0.0,0.0,0.0,0.0,13.0,13.0,0.0,0.0,1.0,1.0,0.0,0.0,7.0,7.0,0.0,0.0,1.0,1.0,0.0,0.0,4.944531810911078,38.0,0.0001595326138406645,0.0001595326138406645,0.02018854492589047,0.001361922881762056,5.65902546832436,0.5385987833142281,30.0,0.0001595326138406645,0.0001595326138406645,-1.0313645164171854,0.0013468222226947547,1.8210383673508963
83,-11.35322413682341,-11.365870331440576,-12.462546251376537,1.5354899664332242,0.0,13.998036217809771,-1.1207121574371683,0.024036237499999197,0.31214533375705855,-1.1245530052943444,1.4366983390513994,30.0,30.0,0.0,0.0,0.0,0.0,0.0,0.0,9.0,9.0,0.0,0.0,1.0,1.0,0.0,0.0,6.0,6.0,0.0,0.0,1.0,0.0,0.0,1.0,4.604414593089711,44.0,0.00015830867105446586,0.00015830867105446586,0.02403308789838444,0.001371867581672797,5.339997394518419,0.6254305452108383,30.0,0.00015830867105446586,0.00015830867105446586,-1.0689810673395792,0.001353669899981469,2.2252238432566327
84,11.950232682453134,11.130566001539451,7.63398906748179,3.0496886771206464,8.881784197001252e-16,-4.584300390361148,-3.5770522158680844,0.08047528181078964,15.251044504302001,9.053544504301518,6.1975000000004705,30.0,30.0,0.0,0.0,0.0,0.0,0.0,0.0,4.0,4.0,0.0,0.0,0.0,0.0,0.0,0.0,6.0,6.0,0.0,0.0,2.0,2.0,0.0,0.0,6.174212844475456,46.0,0.000157094118423094,0.000157094118423094,-0.004097961294262305,0.0013819172619032147,5.899311407752659,0.605583135286967,30.0,0.000157094118423094,0.000157094118423094,-1.0497229357560476,0.0013602642846914628,2.172507643699646
85,-23.24387839120216,-23.246791719157322,-24.874371336890704,5.165523955050791,-5.551115123125783e-17,30.039895291941498,-1.6419270327317577,0.01434741499999679,0.9156159513002109,-0.5397525317368239,1.4553684830370544,30.0,30.0,0.0,0.0,0.0,0.0,0.0,0.0,9.0,9.0,0.0,0.0,3.0,3.0,0.0,0.0,12.0,12.0,0.0,0.0,1.0,1.0,0.0,0.0,6.609427788678338,34.0,0.0001558888839047765,0.0001558888839047765,0.021648761432837036,0.0013909470461144606,6.23630105046665,0.5657427469889323,30.0,0.0001558888839047765,0.0001558888839047765,-1.0641374150911966,0.0013669522556786736,1.9166816592216491
86,53.82162829635333,53.794613820627006,53.55208479720953,10.0786224111839,0.0,-43.47346238602565,-0.2831849184174189,0.04065589500000217,7.642106866301219,1.6436080958161465,5.99849877048506,30.0,30.0,0.0,0.0,0.0,0.0,0.0,0.0,7.0,7.0,0.0,0.0,1.0,1.0,0.0,0.0,11.0,11.0,0.0,0.0,0.0,0.0,0.0,0.0,5.240159818104336,35.0,0.0001546928960104493,0.0001546928960104493,0.03537391951041562,0.0013985434114666922,5.3304602146148685,0.5278070725500583,30.0,0.0001546928960104493,0.0001546928960104493,-1.0750790695349375,0.0013736142194829882,2.0874498963356016
87,38.395109154975216,36.43479952415026,36.63509141133627,13.779436139385027,0.0,-22.855655271951232,0.0,0.2002918871835416,0.7038942192944972,-14.001105780705165,14.70499999999965,30.0,30.0,0.0,0.0,0.0,0.0,0.0,0.0,10.0,10.0,0.0,0.0,3.0,2.0,0.0,1.0,9.0,9.0,0.0,0.0,1.0,1.0,0.0,0.0,4.5974332961169155,44.0,0.00015350608379951624,0.00015350608379951624,0.0006119993261315606,0.0014071251921863718,5.568799083883112,0.49930111318826675,30.0,0.00015350608379951624,0.00015350608379951624,-1.108128454287847,0.0013800386378231147,1.961478485663732
88,33.067191119656854,32.97431891757817,33.196009746489814,1.0697175880233765,0.0,-32.126292158466406,0.0,0.2216908289136236,26.007175573829088,3.0474940866010627,22.95968148722803,30.0,30.0,0.0,0.0,0.0,0.0,0.0,0.0,10.0,10.0,0.0,0.0,3.0,3.0,0.0,0.0,8.0,8.0,0.0,0.0,1.0,1.0,0.0,0.0,5.012654254311009,38.0,0.00015232837687564123,0.00015232837687564123,-0.0596667860487574,0.0014159775118490583,5.972798372569837,0.519966895878315,30.0,0.00015232837687564123,0.00015232837687564123,-1.1384790301322938,0.0013866647030226886,1.9296620428562163
89,21.4238669631768,21.423222200454948,20.501798940542162,7.383977205746498,-1.3877787807814457e-17,-13.117821734795676,-0.9251077324140056,0.0036844724999997467,0.5914217835969566,0.2539217835969705,0.3374999999999808,30.0,30.0,0.0,0.0,0.0,0.0,0.0,0.0,7.0,7.0,0.0,0.0,1.0,1.0,0.0,0.0,7.0,7.0,0.0,0.0,2.0,2.0,0.0,0.0,4.580152440071106,40.0,0.0001511597053825727,0.0001511597053825727,-0.019661622261628507,0.0014240720338420942,5.850773245096207,0.43879253044724464,30.0,0.0001511597053825727,0.0001511597053825727,-1.1302089114983878,0.0013933261934046945,1.7351950844128927
90,3.065056354531407,2.864062628028392,-5.058496826955247,2.409243108979032,0.0,7.467739935934285,-8.16158673491178,0.23902727992888456,34.486692419888286,4.483232388612208,30.00346003127609,30.0,30.0,0.0,0.0,0.0,0.0,0.0,0.0,4.0,4.0,0.0,0.0,3.0,3.0,0.0,0.0,9.0,9.0,0.0,0.0,2.0,2.0,0.0,0.0,4.927833093915667,35.0,0.00015,0.00015,-0.020235469272094114,0.0014324708442602838,6.054049389702933,0.6144483541448911,30.0,0.00015,0.00015,-1.2037533124287922,0.0013997928511040906,2.301516890525818
91,9.206772115807603,9.110409192144791,8.939637801650814,4.664286572494564,0.0,-4.275351229156255,-0.1978298354955812,0.027058444999998627,0.930762192376065,-3.104237807623825,4.034999999999894,30.0,30.0,0.0,0.0,0.0,0.0,0.0,0.0,9.0,9.0,0.0,0.0,0.0,0.0,0.0,0.0,6.0,6.0,0.0,0.0,0.0,0.0,0.0,0.0,5.173045364293185,44.0,0.00014884919193944152,0.00014884919193944152,-0.07755134407092225,0.0014411741100378674,6.880629972978071,0.5389739453792572,30.0,0.00014884919193944152,0.00014884919193944152,-1.1401180048783621,0.0014062464819289745,2.0743980884552
92,-5.0542489535982895,-25.340307181584276,-26.64898092370328,-23.81625508842003,0.0,2.8327258352832563,-1.5487388117867216,0.2400650696705325,64.30203862419046,45.04004687829042,19.26199174590004,30.0,30.0,0.0,0.0,0.0,0.0,0.0,0.0,9.0,9.0,0.0,0.0,0.0,0.0,0.0,0.0,8.0,8.0,0.0,0.0,0.0,0.0,0.0,0.0,5.414900516852354,39.0,0.00014770721294016467,0.00014770721294016467,-0.10973465385345313,0.0014502846976169026,5.672647341703757,0.5726181849837303,30.0,0.00014770721294016467,0.00014770721294016467,-1.1434530436992645,0.0014127290497223536,2.281842396656672
93,5.3203484698596295,5.281012884783528,5.218015020786647,-11.144425379526979,0.0,-16.362440400313627,-0.08365958899958059,0.02066172500000112,0.9079728407252787,-1.9833200719022148,2.891292912627479,30.0,30.0,0.0,0.0,0.0,0.0,0.0,0.0,7.0,7.0,0.0,0.0,1.0,0.0,0.0,1.0,10.0,10.0,0.0,0.0,0.0,0.0,0.0,0.0,5.35845096707344,40.0,0.00014657399526513687,0.00014657399526513687,-0.02985498495399952,0.0014589596627047285,5.8416460156440735,0.5310764993230502,30.0,0.00014657399526513687,0.00014657399526513687,-1.2068052192529042,0.001419318156937758,2.316803479194641
94,11.650267395320668,11.633476979379964,11.648864111879389,-4.277106739821287,0.0,-15.92597085170068,0.0,0.015387132499998273,0.6681066489938559,-1.2957783738241895,1.963885022818047,30.0,30.0,0.0,0.0,0.0,0.0,0.0,0.0,12.0,12.0,0.0,0.0,1.0,1.0,0.0,0.0,8.0,8.0,0.0,0.0,2.0,2.0,0.0,0.0,6.022639142839532,38.0,0.00014544947169700768,0.00014544947169700768,-0.028458871927700545,0.00146751888218875,6.242770671844482,0.4058935229976972,30.0,0.00014544947169700768,0.00014544947169700768,-1.2815558354059855,0.0014258285867981614,1.8540344874064127
95,-25.91894924896807,-27.484666675624734,-27.678088979107102,6.747827345788884,0.0,34.42591632489598,-0.18306078098527223,-0.010361522499998676,11.585363088265652,12.512863088265071,-0.9274999999994193,30.0,30.0,0.0,0.0,0.0,0.0,0.0,0.0,8.0,8.0,0.0,0.0,2.0,1.0,0.0,1.0,9.0,9.0,0.0,0.0,1.0,1.0,0.0,0.0,5.367722454278366,46.0,0.00014433357553412176,0.00014433357553412176,-0.04282696261678053,0.001476985159451547,6.312482217083806,0.5356677790482839,30.0,0.00014433357553412176,0.00014433357553412176,-1.2336265325546265,0.001432163497277846,2.224659466743469
96,-36.171083276369245,-38.309536967570715,-39.50217674116022,30.63401394741026,0.0,70.13619068857048,-1.1922004835868232,-0.000439289999999948,14.57886170635615,14.623452708582443,-0.04459100222626648,30.0,30.0,0.0,0.0,0.0,0.0,0.0,0.0,9.0,9.0,0.0,0.0,1.0,1.0,0.0,0.0,10.0,10.0,0.0,0.0,2.0,2.0,0.0,0.0,4.89530315928989,45.0,0.00014322624058656249,0.00014322624058656249,-0.1203793690022495,0.001487344402509431,6.02659814092848,0.41979467223087946,30.0,0.00014322624058656249,0.00014322624058656249,-1.241867192586263,0.0014382702182047069,1.7942751506964365
97,31.36959572437183,31.317234480845062,29.950388461554567,4.534653491886919,0.0,-25.41573496966764,-1.400897771791012,0.034051752499998166,0.27674207033470566,-2.2882579296654306,2.5650000000001434,30.0,30.0,0.0,0.0,0.0,0.0,0.0,0.0,5.0,5.0,0.0,0.0,3.0,3.0,0.0,0.0,9.0,9.0,0.0,0.0,1.0,0.0,0.0,1.0,5.178901048806997,39.0,0.00014212740117222579,0.00014212740117222579,-0.06135680450078768,0.0014961976856470872,6.307356345347869,0.5617907265822093,30.0,0.00014212740117222579,0.00014212740117222579,-1.2826841135819753,0.0014445502194575966,2.3052359342575075
98,-1.5049134946808918,-1.684871110458226,-1.6901179244022935,5.465335220217602,0.0,7.155453144619899,-0.05186156394250929,0.046614750000003105,0.00035884514275608126,-4.242141154857228,4.2424999999999855,30.0,30.0,0.0,0.0,0.0,0.0,0.0,0.0,13.0,13.0,0.0,0.0,1.0,1.0,0.0,0.0,13.0,13.0,0.0,0.0,0.0,0.0,0.0,0.0,5.058644986152649,40.0,0.00014103699211292427,0.00014103699211292427,-0.051109924493357536,0.001504566552466713,6.536604046821594,0.48449648718039195,30.0,0.00014103699211292427,0.00014103699211292427,-1.242151920000712,0.0014507469333087406,2.261107236146927
99,40.365669866932876,29.85158787082821,29.841868824380494,-1.254361406180354,0.0,-31.096230230560842,-0.23979163889560784,0.23007259244742995,55.35542520323193,32.42542520323313,22.9299999999988,30.0,30.0,0.0,0.0,0.0,0.0,0.0,0.0,8.0,8.0,0.0,0.0,1.0,1.0,0.0,0.0,10.0,10.0,0.0,0.0,3.0,3.0,0.0,0.0,5.219457648521246,43.0,0.0001399549487305211,0.0001399549487305211,-0.09389480411313302,0.0015131128210097897,6.496909945510154,0.422358900308609,30.0,0.0001399549487305211,0.0001399549487305211,-1.2916874329249064,0.0014566705174123248,2.2610208173592885
100,-42.85196724138239,-42.85211368317731,-47.340098726273744,3.7951070104988864,0.0,51.13520573677265,-4.487736620595022,-0.0002484225000000213,0.15851313768283148,0.1210131376828194,0.03749999999998366,30.0,30.0,0.0,0.0,0.0,0.0,0.0,0.0,6.0,6.0,0.0,0.0,2.0,2.0,0.0,0.0,10.0,10.0,0.0,0.0,2.0,2.0,0.0,0.0,5.943503919101897,42.0,0.00013888120684309353,0.00013888120684309353,-0.0420959618474756,0.0015216588397466001,6.006295635586693,0.5420512795448303,30.0,0.00013888120684309353,0.00013888120684309353,-1.307922931512197,0.0014624349229658644,2.383509357770284
101,-6.963969990942729,-6.965311381080423,-7.347285896288574,2.3797380577518257,-1.7763568394002505e-15,9.727023954040403,-0.3917888952029216,0.009814379999998492,0.4012500665262735,-0.36624993347356094,0.767499999999874,30.0,30.0,0.0,0.0,0.0,0.0,0.0,0.0,8.0,8.0,0.0,0.0,0.0,0.0,0.0,0.0,16.0,16.0,0.0,0.0,3.0,3.0,0.0,0.0,5.3165070178896885,43.0,0.00013781570276112607,0.00013781570276112607,-0.10352883817151536,0.001530405531940592,5.854941229487574,0.5146574392914772,30.0,0.00013781570276112607,0.00013781570276112607,-1.3303888122240701,0.0014683429656239847,2.173636583487193
102,19.69856277050075,17.402106310697445,16.579796025788834,16.17426247780786,0.0,-0.4055335479809872,-0.9075833949084009,0.08527311000000773,22.567828104908656,15.15406367877378,7.41376442613487,30.0,30.0,0.0,0.0,0.0,0.0,0.0,0.0,8.0,8.0,0.0,0.0,1.0,1.0,0.0,0.0,6.0,6.0,0.0,0.0,0.0,0.0,0.0,0.0,4.8627155689483,47.0,0.00013675837328373252,0.00013675837328373252,-0.057670979265202864,0.0015396985963502146,5.814806121460935,0.46689760039250056,30.0,0.00013675837328373252,0.00013675837328373252,-1.3006172021230062,0.0014740683254785836,2.453797698020935
103,-3.9628437432729697,-4.709542006460014,-6.1952497511885625,16.525618879061195,0.0,22.720868630249758,-1.6614208059906517,0.1757130612622804,20.767001551515037,8.6411704252783,12.125831126236768,30.0,30.0,0.0,0.0,0.0,0.0,0.0,0.0,10.0,10.0,0.0,0.0,0.0,0.0,0.0,0.0,9.0,9.0,0.0,0.0,1.0,1.0,0.0,0.0,5.521577328443527,32.0,0.0001357091556949073,0.0001357091556949073,0.023289991775527596,0.0015480323709198274,7.159539744257927,0.4092651272813479,30.0,0.0001357091556949073,0.0001357091556949073,-1.3206377387046815,0.0014797449810430407,2.094760153690974
104,16.727831973339374,16.683490275362757,15.235245802884966,5.8566702228211245,0.0,-9.378575580063835,-1.4695456524760786,0.02130118000000012,0.18925314967300721,-2.1057468503268715,2.294999999999888,30.0,30.0,0.0,0.0,0.0,0.0,0.0,0.0,6.0,6.0,0.0,0.0,4.0,4.0,0.0,0.0,7.0,7.0,0.0,0.0,2.0,2.0,0.0,0.0,5.055018060061396,49.0,0.0001346679877598054,0.0001346679877598054,-0.04627825296959098,0.0015566136797281857,6.219037304119188,0.479996786514918,30.0,0.0001346679877598054,0.0001346679877598054,-1.3524568200111389,0.0014854193083010613,2.0698677003383636
105,-11.596407263452376,-11.59640780181662,-14.819396749174533,14.892514432863104,0.0,29.711911182037646,-3.2259775723603212,0.0029886250000001136,0.33248719938021054,0.007337330879867876,0.32514986850035865,30.0,30.0,0.0,0.0,0.0,0.0,0.0,0.0,7.0,7.0,0.0,0.0,0.0,0.0,0.0,0.0,12.0,12.0,0.0,0.0,5.0,5.0,0.0,0.0,5.270923708760461,43.0,0.00013363480772105087,0.00013363480772105087,-0.050019375763313716,0.0015660490255889504,5.912143518758374,0.43204563707113264,30.0,0.00013363480772105087,0.00013363480772105087,-1.3290059606234232,0.0014912199384222427,2.027727941672007
106,20.9097922161327,19.729998766802954,19.490139312628333,3.8001286413507676,1.7763568394002505e-15,-15.690010671277578,-0.3931928533107225,0.15333339913822866,23.9772032337884,10.861829723070361,13.115373510718047,30.0,30.0,0.0,0.0,0.0,0.0,0.0,0.0,12.0,12.0,0.0,0.0,1.0,1.0,0.0,0.0,8.0,8.0,0.0,0.0,3.0,2.0,0.0,1.0,4.930991433387579,43.0,0.00013260955429507377,0.00013260955429507377,-0.06316068179385606,0.0015749373624837676,6.242609417715738,0.4715540866057078,30.0,0.00013260955429507377,0.00013260955429507377,-1.3123041053613027,0.0014969444639670352,2.2881326496601107
107,-10.132679831802102,-20.348164889890178,-22.198121449365985,-11.883270097123237,0.0,10.31485135224273,-2.0814909594732427,0.23153440000000614,53.00167245012251,31.96167245012075,21.040000000001783,30.0,30.0,0.0,0.0,0.0,0.0,0.0,0.0,7.0,7.0,0.0,0.0,1.0,1.0,0.0,0.0,11.0,11.0,0.0,0.0,0.0,0.0,0.0,0.0,5.732582452685334,43.0,0.00013159216666847485,0.00013159216666847485,-0.0957844476107248,0.00158329896607198,6.404763720756353,0.4257629449168841,30.0,0.00013159216666847485,0.00013159216666847485,-1.3488682647546133,0.0015027030875595906,2.198074382543564
108,17.47987673669953,17.359708226716567,14.449571190281997,23.364224199900118,0.0,8.914653009618112,-2.9147053389367086,0.004568302500000315,3.7544492220715284,3.4665329939719722,0.28791622809957235,30.0,30.0,0.0,0.0,0.0,0.0,0.0,0.0,7.0,7.0,0.0,0.0,2.0,2.0,0.0,0.0,8.0,8.0,0.0,0.0,1.0,1.0,0.0,0.0,5.269351959228516,36.0,0.0001305825844944186,0.0001305825844944186,-0.068467878529595,0.001591147479808165,6.780928764078352,0.4501822963356972,30.0,0.0001305825844944186,0.0001305825844944186,-1.3948900640010833,0.001508418443457534,2.084546991189321
109,-27.056853850974978,-27.283855626606865,-34.08623784657706,14.375409309686717,0.0,48.46164715626379,-6.810320619970014,0.007938400000000678,5.5644703339604575,4.764470333960389,0.8000000000000682,30.0,30.0,0.0,0.0,0.0,0.0,0.0,0.0,6.0,6.0,0.0,0.0,3.0,1.0,0.0,2.0,10.0,10.0,0.0,0.0,1.0,1.0,0.0,0.0,5.316290435583695,46.0,0.0001295807478890537,0.0001295807478890537,-0.015811658747818157,0.0015993964372445707,6.491835049960924,0.5031474803884824,30.0,0.0001295807478890537,0.0001295807478890537,-1.4123286128044128,0.0015139744384214282,2.4460032522678374
110,43.25339152616265,43.202242162677244,43.17020021949875,4.1537674573749435,0.0,-39.0164327621238,-0.017835575681431237,-0.014206367500001168,0.07412250354478545,2.261622503544901,-2.187500000000135,30.0,30.0,0.0,0.0,0.0,0.0,0.0,0.0,11.0,11.0,0.0,0.0,1.0,1.0,0.0,0.0,5.0,5.0,0.0,0.0,0.0,0.0,0.0,0.0,5.310560321807861,35.0,0.00012858659742796092,0.00012858659742796092,-0.04052084567291396,0.0016079003955902797,6.117081553595407,0.5548485313852628,30.0,0.00012858659742796092,0.00012858659742796092,-1.5143437504768371,0.0015194778330624103,2.649208076794942
111,35.02154602268044,34.86117664833748,34.667418386510604,2.191448152697208,0.0,-32.4759702338134,-0.19375826182960054,-2.710505431213761e-20,4.004614517565557,4.004614517565532,0.0,30.0,30.0,0.0,0.0,0.0,0.0,0.0,0.0,9.0,9.0,0.0,0.0,1.0,1.0,0.0,0.0,9.0,9.0,0.0,0.0,1.0,1.0,0.0,0.0,5.604948198094087,34.0,0.00012760007414262835,0.00012760007414262835,0.03960310492445441,0.001614786996095277,6.782261042033925,0.45643838942050935,30.0,0.00012760007414262835,0.00012760007414262835,-1.3520905176798503,0.0015251434912594657,2.3381435215473174
112,19.968018027002472,19.836515381413925,19.887248226270245,6.7085798173402225,0.0,-13.178668408930017,0.0,0.050732844856730505,8.216329350576075,3.6263293505767873,4.589999999999279,30.0,30.0,0.0,0.0,0.0,0.0,0.0,0.0,8.0,8.0,0.0,0.0,4.0,3.0,0.0,1.0,8.0,8.0,0.0,0.0,1.0,1.0,0.0,0.0,5.575247661487476,37.0,0.0001266211195169537,0.0001266211195169537,-0.08069891381908108,0.0016222802097783297,6.296057984635636,0.450507411857446,30.0,0.0001266211195169537,0.0001266211195169537,-1.3277105629444121,0.0015308391419239342,2.138803098599116
113,12.133464142553043,12.129872098346409,11.999052550826494,0.45365880929872515,0.0,-11.54539374152777,-0.1393510025161504,0.008531455000001345,0.8250370780311584,0.59933665052577,0.22570042750538488,30.0,30.0,0.0,0.0,0.0,0.0,0.0,0.0,9.0,9.0,0.0,0.0,1.0,1.0,0.0,0.0,13.0,13.0,0.0,0.0,4.0,4.0,0.0,0.0,5.450129599184604,37.0,0.00012564967548377338,0.00012564967548377338,-0.09646682617430752,0.0016305135166574572,6.755036856677081,0.6089707801739375,30.0,0.00012564967548377338,0.00012564967548377338,-1.4233621994654337,0.0015365706679100791,2.8278043965498605
114,18.20139341262354,18.196229454584213,16.80509302660312,1.603211953913763,0.0,-15.201881072689376,-1.3911615379807323,2.5109999999977132e-05,0.7430478317534579,0.7186068493498635,0.02444098240357748,30.0,30.0,0.0,0.0,0.0,0.0,0.0,0.0,8.0,8.0,0.0,0.0,3.0,3.0,0.0,0.0,10.0,10.0,0.0,0.0,1.0,0.0,0.0,1.0,5.354568574486709,41.0,0.00012468568442141814,0.00012468568442141814,-0.1801730165394341,0.0016395549017299965,7.191494185750077,0.40134924203157424,30.0,0.00012468568442141814,0.00012468568442141814,-1.3638933638731638,0.0015421820144789914,2.2204232613245645
115,-50.16314781294322,-50.16453185506731,-55.942641899542494,-11.53358203037078,1.3877787807814457e-17,44.409059869171735,-5.778110044474143,1.0842021724855044e-19,0.37202716622422827,0.37202716622425314,0.0,30.0,30.0,0.0,0.0,0.0,0.0,0.0,0.0,11.0,11.0,0.0,0.0,0.0,0.0,0.0,0.0,9.0,9.0,0.0,0.0,0.0,0.0,0.0,0.0,5.434269189834595,37.0,0.00012372908915029538,0.00012372908915029538,-0.09859864333191433,0.0016479282860165916,6.996062936009587,0.4856112614274025,30.0,0.00012372908915029538,0.00012372908915029538,-1.4108084638913472,0.0015477261195580164,2.3670903662840526
116,-12.282850484654714,-12.30595062781778,-17.403812071888616,3.913239062355218,0.0,21.31705113424383,-5.1283272765708645,0.030465832499996803,0.18762687493064334,-1.519873125068842,1.7074999999994667,30.0,30.0,0.0,0.0,0.0,0.0,0.0,0.0,10.0,10.0,0.0,0.0,2.0,2.0,0.0,0.0,7.0,7.0,0.0,0.0,1.0,0.0,0.0,1.0,4.622468355539683,37.0,0.00012277983292949724,0.00012277983292949724,-0.06848277795959164,0.00165594245835736,6.183664044818363,0.37420715217789013,30.0,0.00012277983292949724,0.00012277983292949724,-1.3993236859639486,0.0015533464611507952,2.1916960775852203
117,-2.079041173510632,-3.640707611124538,-7.413244740558088,-1.5509691668100491,-3.552713678800501e-15,5.86227557374804,-4.008729162238232,0.23619203280563653,28.94754470730635,12.496665305648168,16.450879401658188,30.0,30.0,0.0,0.0,0.0,0.0,0.0,0.0,7.0,7.0,0.0,0.0,0.0,0.0,0.0,0.0,7.0,7.0,0.0,0.0,2.0,2.0,0.0,0.0,5.369048523902893,50.0,0.0001218378594534353,0.0001218378594534353,-0.07747303113341332,0.0016645170934498311,6.36359932422638,0.4389084592461586,30.0,0.0001218378594534353,0.0001218378594534353,-1.4648699442545572,0.001558995999706288,2.217502051591873
118,19.839615603563928,19.813076360742574,19.819035659583772,-7.176296178609211,0.0,-26.99533183819299,-0.006476168659901305,0.012435467499998739,0.15425447766691036,-1.6290869473835732,1.7833414250504658,30.0,30.0,0.0,0.0,0.0,0.0,0.0,0.0,10.0,10.0,0.0,0.0,0.0,0.0,0.0,0.0,7.0,7.0,0.0,0.0,0.0,0.0,0.0,0.0,5.077121918018047,39.0,0.00012090311284850062,0.00012090311284850062,-0.03584562490383784,0.001672964650564469,6.845888180610461,0.45934781233469646,30.0,0.00012090311284850062,0.00012090311284850062,-1.4643712302049001,0.001564391488985469,2.394920843839645
119,6.714939422405514,6.687429524657846,5.906037981417298,6.2400048776604,2.3314683517128287e-15,0.3339668962431005,-0.8466626757399984,0.06527113250000158,5.938128485396447,-1.6586107966508639,7.596739282047288,30.0,30.0,0.0,0.0,0.0,0.0,0.0,0.0,12.0,12.0,0.0,0.0,1.0,1.0,0.0,0.0,7.0,7.0,0.0,0.0,0.0,0.0,0.0,0.0,5.45076676777431,35.0,0.00011997553766974952,0.00011997553766974952,-0.10819683452802045,0.001679566183260509,6.012677771704538,0.49837515701850255,30.0,0.00011997553766974952,0.00011997553766974952,-1.4612241586049397,0.001569830486550927,2.4907959520816805
120,29.106789414304426,29.09854379399891,29.097266931502983,5.504066059565476,0.0,-23.593200871937505,0.0,-0.0012768625000005459,0.8580539799766456,0.9080539799767067,-0.05000000000007532,30.0,30.0,0.0,0.0,0.0,0.0,0.0,0.0,12.0,12.0,0.0,0.0,3.0,3.0,0.0,0.0,9.0,9.0,0.0,0.0,3.0,1.0,0.0,2.0,5.889014823096139,35.0,0.00011905507889761495,0.00011905507889761495,-0.14957252788756575,0.0016862492376406278,7.493738869258336,0.33596147696177164,30.0,0.00011905507889761495,0.00011905507889761495,-1.5379423777262369,0.0015751491533592342,2.156696053345998
121,-3.404629025622315,-3.411683590270904,-3.7070179100480423,-2.9883969510501647,0.0,0.7186209589978751,-0.2893587397779811,-0.005975580000000819,0.29491455807047373,0.839914558070614,-0.5450000000001403,30.0,30.0,0.0,0.0,0.0,0.0,0.0,0.0,10.0,10.0,0.0,0.0,3.0,3.0,0.0,0.0,9.0,9.0,0.0,0.0,1.0,0.0,0.0,1.0,5.619043337993133,39.0,0.00011814168193464293,0.00011814168193464293,-0.16195454181004793,0.0016936643484932107,6.255988096579527,0.4497486730416616,30.0,0.00011814168193464293,0.00011814168193464293,-1.4618309458096823,0.0015803641018768153,2.4695293446381887
122,20.135787494556425,20.134414534589368,20.099886755100346,3.961067257222889,0.0,-16.138819497877442,-0.03420280199018322,-0.00032497750000048676,0.44803474426267087,0.37053474426262945,0.07750000000002188,30.0,30.0,0.0,0.0,0.0,0.0,0.0,0.0,6.0,6.0,0.0,0.0,2.0,2.0,0.0,0.0,11.0,11.0,0.0,0.0,0.0,0.0,0.0,0.0,5.30588686466217,46.0,0.00011723529260225412,0.00011723529260225412,0.006048062249370243,0.0017016889228809464,7.184076609818832,0.5222686260938645,30.0,0.00011723529260225412,0.00011723529260225412,-1.5056866765022279,0.0015858586799974244,2.521053691705068
123,-8.080345902616973,-9.908625303231025,-17.883402271611338,7.134071133557229,0.0,25.01747340516857,-8.112220175879116,0.13744320749999106,0.7071537710176017,-13.521388244607328,14.228542015624937,30.0,30.0,0.0,0.0,0.0,0.0,0.0,0.0,8.0,8.0,0.0,0.0,4.0,4.0,0.0,0.0,8.0,8.0,0.0,0.0,1.0,1.0,0.0,0.0,5.274898593018695,41.0,0.00011633585713753009,0.00011633585713753009,-0.08641276422252016,0.001709655739321578,7.256802884543815,0.3933017298579216,30.0,0.00011633585713753009,0.00011633585713753009,-1.4473380168279013,0.001591225911397487,2.29650763074557
124,1.8263904492159782,1.802182510797657,1.086527774731576,11.868464641944282,-4.440892098500626e-16,10.781936867212707,-0.9397161083206242,0.22406137225124548,14.69660995188329,-1.5558900481178348,16.252500000001117,30.0,30.0,0.0,0.0,0.0,0.0,0.0,0.0,11.0,11.0,0.0,0.0,0.0,0.0,0.0,0.0,13.0,13.0,0.0,0.0,3.0,3.0,0.0,0.0,5.260038847015018,42.0,0.00011544332219002443,0.00011544332219002443,-0.13353064168421996,0.0017174284993892624,6.569698157764616,0.3835187405347824,30.0,0.00011544332219002443,0.00011544332219002443,-1.4973651468753815,0.0015965204453095793,2.2858374536037447
125,31.375204251178207,31.028962216174587,30.820567320705138,-3.8377242472776607,0.0,-34.658291567982786,-0.23353474296797572,0.025139847499998372,9.281733467526706,5.88423346752675,3.3974999999999618,30.0,30.0,0.0,0.0,0.0,0.0,0.0,0.0,13.0,13.0,0.0,0.0,3.0,2.0,0.0,1.0,8.0,8.0,0.0,0.0,1.0,1.0,0.0,0.0,5.015504235313053,42.0,0.00011455763481859824,0.00011455763481859824,-0.12644422475603365,0.001725411544265669,6.444608495348976,0.47015301187833153,30.0,0.00011455763481859824,0.00011455763481859824,-1.4441439072291056,0.0016016163009529313,2.482722767194112
126,10.908839762394477,10.90398780487985,10.739787972490886,-0.5828116259680053,1.7763568394002505e-15,-11.322599598458892,-0.164900859888661,0.0007010274999999672,0.806559941040689,0.6965599410406371,0.1100000000000314,30.0,30.0,0.0,0.0,0.0,0.0,0.0,0.0,7.0,7.0,0.0,0.0,2.0,2.0,0.0,0.0,11.0,11.0,0.0,0.0,0.0,0.0,0.0,0.0,5.328626710435619,46.0,0.00011367874248827985,0.00011367874248827985,-0.1615208885429994,0.0017338805659876568,7.060227321541828,0.37156735608975094,30.0,0.00011367874248827986,0.00011367874248827986,-1.372784392038981,0.0016065909643657506,2.130226367712021
127,12.710818482613831,12.703825134078167,12.70685446144939,0.31088182880982657,0.0,-12.395972632639564,0.0,0.00302932736973034,0.4562375689611997,-0.8362624310385343,1.292499999999741,30.0,30.0,0.0,0.0,0.0,0.0,0.0,0.0,7.0,7.0,0.0,0.0,0.0,0.0,0.0,0.0,11.0,11.0,0.0,0.0,4.0,4.0,0.0,0.0,5.439437121815152,45.0,0.00011280659306714874,0.00011280659306714874,-0.12784667847057182,0.0017425957523907224,6.786704370710585,0.4541883528232574,30.0,0.00011280659306714875,0.00011280659306714875,-1.417225710550944,0.0016116474328252176,2.651230585575104
128,-5.631231747716592,-5.838070400042623,-8.894936590399189,2.126786540905006,0.0,11.021723131304192,-3.2399787653566943,0.1831125749999997,17.60045176234385,4.547951762343473,13.052500000000375,30.0,30.0,0.0,0.0,0.0,0.0,0.0,0.0,9.0,9.0,0.0,0.0,3.0,2.0,0.0,1.0,9.0,9.0,0.0,0.0,1.0,1.0,0.0,0.0,5.689098491555169,42.0,0.00011194113482324331,0.00011194113482324331,-0.1625625868993146,0.0017511126823678968,6.659604027157738,0.3911922131975492,30.0,0.00011194113482324331,0.00011194113482324331,-1.466390428940455,0.001616688227901856,2.153978258371353
129,10.894093794086366,10.865399993439413,10.884273880465837,4.487250385690498,0.0,-6.397023494775343,-0.006115097974671357,0.024988985000002163,0.8285755433921622,-1.6939244566082152,2.5225000000003845,30.0,30.0,0.0,0.0,0.0,0.0,0.0,0.0,9.0,9.0,0.0,0.0,0.0,0.0,0.0,0.0,9.0,9.0,0.0,0.0,2.0,1.0,0.0,1.0,5.347030418259757,42.0,0.0001110823164214923,0.0001110823164214923,-0.18502824354384625,0.0017583763664810075,6.687371577535357,0.4768177958826224,30.0,0.0001110823164214923,0.0001110823164214923,-1.4591636578241984,0.0016218282903234164,2.5033363103866577
130,-86.63200842585299,-104.87301199759636,-112.07034834198159,-72.64063844243712,0.0,39.429709899544484,-7.335567441884052,0.13823109749999893,61.02448790578408,42.70948790578433,18.31499999999976,30.0,30.0,0.0,0.0,0.0,0.0,0.0,0.0,11.0,11.0,0.0,0.0,0.0,0.0,0.0,0.0,10.0,10.0,0.0,0.0,3.0,3.0,0.0,0.0,5.0327544533289394,52.0,0.0001102300869206699,0.0001102300869206699,-0.19206394427097762,0.0017661439062346919,6.615854763067686,0.3376897471646468,30.0,0.0001102300869206699,0.0001102300869206699,-1.4895861506462098,0.0016269812554431458,2.093518827358882
131,9.267882030600667,9.252053230636761,8.857803772889039,-16.39254435604305,0.0,-25.250348128932085,-0.4087091227487214,0.014459664999999122,0.5543744115188787,-1.2581255884809828,1.8124999999998437,30.0,30.0,0.0,0.0,0.0,0.0,0.0,0.0,9.0,9.0,0.0,0.0,2.0,2.0,0.0,0.0,9.0,9.0,0.0,0.0,1.0,1.0,0.0,0.0,5.179928038571332,37.0,0.00010938439577037412,0.00010938439577037412,-0.0734772794452068,0.0017734509546662102,6.806222181062441,0.4910070727268855,30.0,0.00010938439577037412,0.00010938439577037412,-1.442592473824819,0.0016319346381351353,2.759186391035716
132,3.0835136691598746,3.05600291246266,2.5212583520381586,2.665156421365221,0.0,0.14389806932705929,-0.5543980654232321,0.0196535049999989,0.5088633099072837,-1.6586366900926377,2.1674999999999365,30.0,30.0,0.0,0.0,0.0,0.0,0.0,0.0,9.0,9.0,0.0,0.0,1.0,1.0,0.0,0.0,10.0,10.0,0.0,0.0,2.0,2.0,0.0,0.0,6.23899468091818,39.0,0.00010854519280802836,0.00010854519280802836,-0.091419100188292,0.0017793916153888672,7.5151316447135725,0.5571412573258082,30.0,0.00010854519280802836,0.00010854519280802836,-1.4394843737284342,0.001636974971430997,2.9273513992627462
133,-0.16839745792618488,-0.18298743196483463,-5.119923484135839,5.009176968430424,4.440892098500626e-16,10.12910045256626,-4.950439877172926,0.013503825000000655,0.5465791437506482,-1.2078896488773196,1.754468792627959,30.0,30.0,0.0,0.0,0.0,0.0,0.0,0.0,13.0,13.0,0.0,0.0,2.0,2.0,0.0,0.0,13.0,13.0,0.0,0.0,1.0,1.0,0.0,0.0,5.811508655548096,42.0,0.00010771242825590599,0.00010771242825590599,-0.08612742403610832,0.0017863214986088376,7.884580231848217,0.5030284469326337,30.0,0.00010771242825590599,0.00010771242825590599,-1.5378412902355194,0.0016419497745422025,2.9781781593958536
134,-26.7955128085482,-27.052854284966045,-36.504863534951625,4.961852209198779,-3.608224830031759e-16,41.466715744150385,-9.509444194983791,0.057434945000004,0.7771164371945929,-5.072883562805744,5.850000000000325,30.0,30.0,0.0,0.0,0.0,0.0,0.0,0.0,10.0,10.0,0.0,0.0,2.0,2.0,0.0,0.0,11.0,11.0,0.0,0.0,4.0,4.0,0.0,0.0,5.282006388902664,40.0,0.00010688605271817782,0.00010688605271817782,-0.17487019607797266,0.0017933998489752412,8.01098004579544,0.5223254193862279,30.0,0.00010688605271817784,0.00010688605271817784,-1.5490660508473715,0.0016467953100800514,2.77239115635554
135,41.790972841998155,39.58357248157528,39.5073125718265,13.130815825359784,0.0,-26.37649674646675,-0.2909969135413064,0.21473700379296856,0.6651773595544483,-14.85732264044525,15.522499999999692,30.0,30.0,0.0,0.0,0.0,0.0,0.0,0.0,8.0,8.0,0.0,0.0,0.0,0.0,0.0,0.0,7.0,7.0,0.0,0.0,4.0,4.0,0.0,0.0,4.9311180301741055,51.0,0.00010606601717798212,0.00010606601717798212,-0.11276476733459562,0.0018014257189397718,7.424738715676701,0.5411469340324402,30.0,0.00010606601717798212,0.00010606601717798212,-1.5022291541099548,0.0016519301182900865,3.008689109484355
136,-33.72928106439367,-33.72930576973872,-36.06781593967428,15.874758336444275,-6.938893903907228e-18,51.942574276118556,-2.3385101699347075,1.0842021724855044e-19,0.04970447168791736,0.049704471687906704,0.0,30.0,30.0,0.0,0.0,0.0,0.0,0.0,0.0,9.0,9.0,0.0,0.0,2.0,2.0,0.0,0.0,8.0,8.0,0.0,0.0,2.0,2.0,0.0,0.0,5.399582137232241,46.0,0.00010525227299451708,0.00010525227299451708,-0.0929695866678072,0.001809817723646436,6.710744075153185,0.6095231051246325,30.0,0.00010525227299451708,0.00010525227299451708,-1.5519039432207744,0.0016568966559134424,3.436291980743408
137,26.630288614811885,26.630058232721826,26.638986397722473,-10.233002216674809,0.0,-36.871988614397296,0.0,0.00892816499999858,0.9099415387750867,-0.15178342796872135,1.0617249667438124,30.0,30.0,0.0,0.0,0.0,0.0,0.0,0.0,12.0,12.0,0.0,0.0,2.0,1.0,0.0,1.0,7.0,7.0,0.0,0.0,1.0,1.0,0.0,0.0,5.558076008772239,39.0,0.00010444477190015583,0.00010444477190015583,-0.11410117770234744,0.0018169595830094737,7.201226809085944,0.48316104312737784,30.0,0.00010444477190015582,0.00010444477190015582,-1.5764078060785929,0.0016617812138671677,2.931606125831604
138,4.406755866492167,4.213846704346665,2.8685649005363865,6.834386681229058,0.0,3.965821780692673,-1.398403218809996,0.05312141499999636,0.38035744601171473,-4.3921425539877745,4.772499999999486,30.0,30.0,0.0,0.0,0.0,0.0,0.0,0.0,8.0,8.0,0.0,0.0,1.0,1.0,0.0,0.0,8.0,8.0,0.0,0.0,0.0,0.0,0.0,0.0,4.785707884056624,43.0,0.0001036434659975832,0.0001036434659975832,-0.14201968150256677,0.0018239236804981564,7.0996199818544605,0.5698016479611396,30.0,0.0001036434659975832,0.0001036434659975832,-1.4919191161791483,0.00166662106057629,2.917824351787567
139,9.828896694327167,9.823468536265244,9.745607889555815,-13.709734007102547,0.0,-23.45534189665836,-0.07873765920990294,0.000877012499999914,0.8367603451546017,0.7367603451546025,0.09999999999999787,30.0,30.0,0.0,0.0,0.0,0.0,0.0,0.0,9.0,9.0,0.0,0.0,3.0,3.0,0.0,0.0,11.0,11.0,0.0,0.0,3.0,1.0,0.0,2.0,5.331163254651156,44.0,0.00010284830775695495,0.00010284830775695495,-0.14842043177817354,0.001830727631882341,7.850327746434645,0.5113429735104243,30.0,0.00010284830775695495,0.00010284830775695495,-1.4597309350967407,0.0016714792155350247,2.8790454308191937
140,-8.550127268866184,-8.552530633427116,-12.954550198451456,0.14903549844727126,-3.578734530940153e-15,13.103585696898733,-4.398528200025396,-0.0034913650000003315,0.34245850912991216,0.4902412223520173,-0.14778271322211803,30.0,30.0,0.0,0.0,0.0,0.0,0.0,0.0,7.0,7.0,0.0,0.0,1.0,1.0,0.0,0.0,8.0,8.0,0.0,0.0,1.0,0.0,0.0,1.0,5.915313880618026,41.0,0.00010205925001307824,0.00010205925001307824,-0.13616360869349503,0.0018371872734505592,7.2830048770439335,0.4783123806118965,30.0,0.00010205925001307825,0.00010205925001307825,-1.5410089413324992,0.0016761523593838016,2.817489576339722
141,25.886665663968188,25.886426556261036,25.433107040933564,3.394883853303441,0.0,-22.038223187630138,-0.45296941032688665,-0.000350104999999966,0.12963107939643237,0.15463107939644427,-0.02499999999999858,30.0,30.0,0.0,0.0,0.0,0.0,0.0,0.0,8.0,8.0,0.0,0.0,1.0,1.0,0.0,0.0,3.0,3.0,0.0,0.0,2.0,1.0,0.0,1.0,5.461286131928607,41.0,0.00010127624596261423,0.00010127624596261423,-0.16936376236560868,0.0018434270892701133,7.712483126942704,0.3759372062981129,30.0,0.00010127624596261425,0.00010127624596261425,-1.4798753619194032,0.001680686161853373,1.9888682146867116
142,-27.67156522573685,-27.67188379482186,-33.52471945111654,1.0795019212746206,0.0,34.604221372391144,-5.856740688792094,0.0039050325000004075,0.3165149628089807,-0.1784850371910407,0.4950000000000401,30.0,30.0,0.0,0.0,0.0,0.0,0.0,0.0,9.0,9.0,0.0,0.0,2.0,2.0,0.0,0.0,9.0,9.0,0.0,0.0,2.0,2.0,0.0,0.0,5.245248307122124,45.0,0.00010049924916130171,0.00010049924916130171,-0.1543635377453433,0.001850332327497502,6.904684845606486,0.4923813407619794,30.0,0.0001004992491613017,0.0001004992491613017,-1.5530811488628387,0.0016851934720762073,2.719277306397756
143,24.543069817977898,24.53508169437104,24.4777594392171,10.276388262118786,-1.7763568394002505e-15,-14.20137117709831,-0.05754806515236055,0.0002258099999999729,0.9161957889719758,0.8937630338550122,0.022432755116951208,30.0,30.0,0.0,0.0,0.0,0.0,0.0,0.0,5.0,5.0,0.0,0.0,3.0,3.0,0.0,0.0,10.0,10.0,0.0,0.0,1.0,1.0,0.0,0.0,6.054513995846112,48.0,9.972821352120238e-05,9.972821352120238e-05,-0.12218548962846398,0.001858453067446438,7.886245563626289,0.45246150841315586,30.0,9.972821352120236e-05,9.972821352120236e-05,-1.5254960219065348,0.0016899141871059935,2.7681774854660035
144,-21.838489945113427,-26.46909962289295,-29.20039888844014,9.108452038803126,0.0,38.30885092724327,-2.775080900546783,0.04378163499999894,26.04635145117976,21.518851451180023,4.52749999999973,30.0,30.0,0.0,0.0,0.0,0.0,0.0,0.0,11.0,11.0,0.0,0.0,0.0,0.0,0.0,0.0,9.0,9.0,0.0,0.0,3.0,3.0,0.0,0.0,5.356217533349991,40.0,9.896309330796706e-05,9.896309330796706e-05,-0.22089728750288487,0.001866120973136276,7.355771774053574,0.3857804755369822,30.0,9.896309330796706e-05,9.896309330796706e-05,-1.5493625322977702,0.0016946664196439087,2.562759385506312
145,-24.498452912651672,-24.499956326505735,-24.676068545643503,10.69755950803613,0.0,35.37362805367964,-0.17366816913934002,-0.0024440499999998323,0.1269755213952095,0.38773881080719064,-0.2607632894119869,30.0,30.0,0.0,0.0,0.0,0.0,0.0,0.0,9.0,9.0,0.0,0.0,1.0,1.0,0.0,0.0,3.0,3.0,0.0,0.0,1.0,1.0,0.0,0.0,5.549853420257568,40.0,9.8203843138123e-05,9.8203843138123e-05,-0.09642355022951961,0.0018726428650552406,8.17829321026802,0.522668132185936,30.0,9.8203843138123e-05,9.8203843138123e-05,-1.5256472031275432,0.0016992216464132071,3.250444507598877
146,16.152109638769964,16.143954103139855,14.250281286709821,7.711653256701343,0.0,-6.538628030008479,-1.9036540814316254,0.009981265000000473,0.2537640232836651,-0.9030800424164296,1.1568440657000858,30.0,30.0,0.0,0.0,0.0,0.0,0.0,0.0,11.0,11.0,0.0,0.0,2.0,2.0,0.0,0.0,6.0,6.0,0.0,0.0,3.0,3.0,0.0,0.0,5.943995321790378,48.0,9.745041797638186e-05,9.745041797638186e-05,-0.28651416216356057,0.0018796714163424137,8.550080627202988,0.4986707575619221,30.0,9.745041797638186e-05,9.745041797638186e-05,-1.4687814116477966,0.0017036918977585932,2.774202911059062
147,32.166582672540855,28.674166415697062,28.365133362929924,13.524244015119335,0.0,-14.840889347810595,-0.5322138277686008,0.22318077499998729,0.6044924634970528,-18.68800753650263,19.292499999999674,30.0,30.0,0.0,0.0,0.0,0.0,0.0,0.0,8.0,8.0,0.0,0.0,2.0,2.0,0.0,0.0,11.0,11.0,0.0,0.0,1.0,1.0,0.0,0.0,6.108088804615869,36.0,9.670277313296842e-05,9.670277313296842e-05,-0.24161111335787508,0.0018862017087586638,7.574627584881252,0.5568101815879345,30.0,9.670277313296842e-05,9.670277313296842e-05,-1.465905451774597,0.0017081174805449943,3.246160141626994
148,10.523889888857738,10.490774478637022,8.519573636914629,7.7941280963221695,5.551115123125783e-17,-0.7254455405924554,-1.9784377117222256,0.007236870000003737,0.10273599824813573,-1.8197640017517749,1.9224999999999213,30.0,30.0,0.0,0.0,0.0,0.0,0.0,0.0,12.0,12.0,0.0,0.0,2.0,2.0,0.0,0.0,6.0,6.0,0.0,0.0,0.0,0.0,0.0,0.0,5.521488530295236,35.0,9.596086426096992e-05,9.596086426096992e-05,-0.26551911437085696,0.0018914815138227174,7.702272040503366,0.44806051477789877,30.0,9.596086426096992e-05,9.596086426096992e-05,-1.5909961144129434,0.0017125222831964493,2.708392937978109
149,6.659214278575805,6.659187023751394,5.981494277586532,1.1785713591190694,0.0,-4.802922918467464,-0.6870225161620453,0.009329770000000225,0.8997061532874255,0.05220615328718292,0.8475000000002701,30.0,30.0,0.0,0.0,0.0,0.0,0.0,0.0,13.0,13.0,0.0,0.0,0.0,0.0,0.0,0.0,9.0,9.0,0.0,0.0,1.0,1.0,0.0,0.0,5.780027151107788,44.0,9.522464735370536e-05,9.522464735370536e-05,-0.26283690003170207,0.0018978048941459167,7.557302350347692,0.5192738513151804,30.0,9.522464735370536e-05,9.522464735370536e-05,-1.518645813067754,0.0017169184711140891,2.868631970882416
150,-8.368928792307997,-8.36968550404472,-14.467540067856461,-2.5248230449104,0.0,11.942717022946061,-6.096803417722072,-0.0010511460883647233,0.7888337196691566,0.2750839393207082,0.5137497803484387,30.0,30.0,0.0,0.0,0.0,0.0,0.0,0.0,10.0,10.0,0.0,0.0,0.0,0.0,0.0,0.0,13.0,13.0,0.0,0.0,2.0,2.0,0.0,0.0,5.4066270671107555,44.0,9.449407874211548e-05,9.449407874211548e-05,-0.23814780798486687,0.0019046671884346076,7.645686100829732,0.5180983593066534,30.0,9.449407874211548e-05,9.449407874211548e-05,-1.4984028418858846,0.0017213019581201175,2.7877171794573465
151,41.129683089873346,41.12889104596273,40.60395144018939,2.8545160522198274,0.0,-37.74943538796957,-0.5313026282717246,0.0063630224999998595,0.3980462549969559,-0.28143274696053877,0.6794790019575107,30.0,30.0,0.0,0.0,0.0,0.0,0.0,0.0,7.0,7.0,0.0,0.0,2.0,2.0,0.0,0.0,9.0,9.0,0.0,0.0,3.0,3.0,0.0,0.0,5.7167242956161495,50.0,9.376911509217231e-05,9.376911509217231e-05,-0.22808986194431782,0.001912521708291024,7.4508270835876464,0.4353460316856702,30.0,9.376911509217231e-05,9.376911509217231e-05,-1.5611364503701528,0.001725748503425469,2.725852680206299
152,-20.54765427991384,-28.72857608740349,-31.89533560208762,-11.263856832483668,0.0,20.631478769603955,-3.1747291146874286,0.007969599999999548,29.398434114894158,28.602310758904867,0.7961233559892755,30.0,30.0,0.0,0.0,0.0,0.0,0.0,0.0,6.0,6.0,0.0,0.0,1.0,1.0,0.0,0.0,10.0,10.0,0.0,0.0,0.0,0.0,0.0,0.0,5.2629294715276576,41.0,9.304971340230894e-05,9.304971340230894e-05,-0.27568780440019397,0.0019197384287353333,7.587501601475041,0.3493880453209082,30.0,9.304971340230894e-05,9.304971340230894e-05,-1.4668196757634482,0.0017300802321794132,2.0031628052393597
153,-1.1657506754526548,-1.1856235788123406,-4.348741730560056,2.0911876034154466,-1.6653345369377348e-16,6.439929333975503,-3.195348634246429,0.03223048249999962,0.8106741963241291,-1.4097128558570264,2.220387052181174,30.0,30.0,0.0,0.0,0.0,0.0,0.0,0.0,7.0,7.0,0.0,0.0,1.0,1.0,0.0,0.0,13.0,13.0,0.0,0.0,1.0,1.0,0.0,0.0,5.2161210106640326,41.0,9.233583100086872e-05,9.233583100086872e-05,-0.21471716754320191,0.0019265879229528875,6.916167177805087,0.2890024704237779,30.0,9.233583100086872e-05,9.233583100086872e-05,-1.319536660114924,0.0017342798023795088,2.101667239268621
154,-2.585604664631799,-2.607280652182189,-3.1937927327293294,9.518181501648366,0.0,12.711974234377694,-0.6086027955465596,0.022090715000000365,0.535223274978847,-1.4722767250211524,2.0074999999999754,30.0,30.0,0.0,0.0,0.0,0.0,0.0,0.0,11.0,11.0,0.0,0.0,3.0,3.0,0.0,0.0,7.0,7.0,0.0,0.0,3.0,1.0,0.0,2.0,5.135963215384373,43.0,9.162742554357426e-05,9.162742554357426e-05,-0.23786995672555858,0.0019336699962962506,7.346505980158961,0.5087785765528678,30.0,9.162742554357428e-05,9.162742554357428e-05,-1.5773245692253113,0.0017386338634726901,2.8896713256835938
155,20.803740579046163,20.689240238334744,20.730484931036795,-3.4554460161133598,0.0,-24.185930947150137,-0.07763233479903064,0.11887702749999883,11.41378989760699,3.3837898976062295,8.03000000000075,30.0,30.0,0.0,0.0,0.0,0.0,0.0,0.0,8.0,8.0,0.0,0.0,1.0,1.0,0.0,0.0,11.0,11.0,0.0,0.0,2.0,2.0,0.0,0.0,5.304439797545925,33.0,9.092445501101583e-05,9.092445501101583e-05,-0.25073606791821396,0.0019400962487314687,7.214881420135498,0.5551499928037326,30.0,9.092445501101583e-05,9.092445501101583e-05,-1.513091520468394,0.0017430372807818153,3.2145465930302937
156,2.8284276039768885,2.8210278218949285,2.3773180583015603,4.314424334340365,0.0,1.9371062760388043,-0.44350965359080874,-0.00020011000000013784,0.8065550039779907,0.8602198603822264,-0.0536648564042295,30.0,30.0,0.0,0.0,0.0,0.0,0.0,0.0,12.0,12.0,0.0,0.0,0.0,0.0,0.0,0.0,11.0,11.0,0.0,0.0,3.0,3.0,0.0,0.0,5.928916985648019,35.0,9.022687770615874e-05,9.022687770615874e-05,-0.29149154999426435,0.0019455997805510248,7.207402508599418,0.48561500757932663,30.0,9.022687770615874e-05,9.022687770615874e-05,-1.460500607887904,0.001747433088409404,3.3493415911992392
157,-20.706424931995514,-31.732622977042258,-37.781170886754325,-18.195164120664916,0.0,19.58600676608942,-6.217649009711895,0.16910109999999037,38.67271901602059,33.20571945470651,5.466999561314078,30.0,30.0,0.0,0.0,0.0,0.0,0.0,0.0,10.0,10.0,0.0,0.0,2.0,2.0,0.0,0.0,11.0,11.0,0.0,0.0,0.0,0.0,0.0,0.0,5.558940207958221,40.0,8.953465225187026e-05,8.953465225187026e-05,-0.2641926657408476,0.0019513094914145768,7.409289401769638,0.4340231185158094,30.0,8.953465225187026e-05,8.953465225187026e-05,-1.5626441836357117,0.0017518130713142454,2.6138341466585797
158,23.490540659047838,22.706337576588897,22.88009368397276,14.96142000569864,0.0,-7.918673678274121,-0.03623868994512236,0.20999479733012613,0.11447583449334786,-8.855524165507886,8.970000000001225,30.0,30.0,0.0,0.0,0.0,0.0,0.0,0.0,10.0,10.0,0.0,0.0,0.0,0.0,0.0,0.0,9.0,9.0,0.0,0.0,1.0,1.0,0.0,0.0,5.24940955373976,45.0,8.884773758846525e-05,8.884773758846525e-05,-0.2769504649771584,0.001957764140226775,7.5898637771606445,0.4815882076819738,30.0,8.884773758846525e-05,8.884773758846525e-05,-1.4900622685750327,0.0017561606674765548,3.061378320058187
159,15.766659674092807,13.845124971839413,13.999027724668398,8.074352110849796,0.0,-5.924675613818596,0.0,0.153902752827007,0.9882273942466213,-13.861943234097428,14.850170628344053,30.0,30.0,0.0,0.0,0.0,0.0,0.0,0.0,7.0,7.0,0.0,0.0,0.0,0.0,0.0,0.0,7.0,7.0,0.0,0.0,1.0,1.0,0.0,0.0,6.118854613680589,38.0,8.816609297127065e-05,8.816609297127065e-05,-0.2944590367965008,0.0019642011519815576,7.508262891518442,0.44975309098760285,30.0,8.816609297127065e-05,8.816609297127065e-05,-1.4104860305786133,0.0017605148876706758,2.9340371747811633
160,7.517281467383727,7.517281461200456,7.182198079959016,-15.228017986146428,4.163336342344337e-17,-22.410216066105434,-0.3358375812446184,0.0007542000000000641,0.11093735846301911,-0.0007863377593609472,0.11172369622237206,30.0,30.0,0.0,0.0,0.0,0.0,0.0,0.0,9.0,9.0,0.0,0.0,2.0,2.0,0.0,0.0,7.0,7.0,0.0,0.0,2.0,1.0,0.0,1.0,4.76250230434329,43.0,8.748967796820874e-05,8.748967796820874e-05,-0.3081776851484942,0.0019704736390172744,6.47441730942837,0.5126842990517616,30.0,8.748967796820874e-05,8.748967796820874e-05,-1.5030668675899506,0.0017646435492982466,3.0811889727910358
161,56.98344047212116,56.675757295376506,56.70803846787726,8.735896743684464,0.0,-47.97214172419278,0.0,0.03228117249999897,8.59191965639171,5.546919656391763,3.0449999999999555,30.0,30.0,0.0,0.0,0.0,0.0,0.0,0.0,9.0,9.0,0.0,0.0,2.0,2.0,0.0,0.0,7.0,7.0,0.0,0.0,2.0,2.0,0.0,0.0,6.1455463647842405,40.0,8.681845245739885e-05,8.681845245739885e-05,-0.3125199762172997,0.0019771542283706367,7.811875224113464,0.4361191287636757,30.0,8.681845245739885e-05,8.681845245739885e-05,-1.5619633237520854,0.0017687039294590552,2.5761547366778057
162,14.746357035376917,14.74201264108628,14.734600041086047,-2.332023384491078,0.0,-17.06662342557712,0.0,-0.007412600000001159,0.026620193184527352,0.6591201931845845,-0.6325000000000749,30.0,30.0,0.0,0.0,0.0,0.0,0.0,0.0,14.0,14.0,0.0,0.0,3.0,2.0,0.0,1.0,7.0,7.0,0.0,0.0,2.0,2.0,0.0,0.0,5.2033432240181785,47.0,8.615237662477761e-05,8.615237662477761e-05,-0.2461218460601695,0.001984107213966707,7.3570236195909215,0.506353438893954,30.0,8.615237662477761e-05,8.615237662477761e-05,-1.4483135124047597,0.0017729001158537964,3.11361768245697
163,5.338793725856434,5.313993594650166,4.856992528952689,0.590719183119146,0.0,-4.266273345833546,-0.46095822069660386,0.003957155000001736,0.81269425939999,-1.5748057406000342,2.3875000000000277,30.0,30.0,0.0,0.0,0.0,0.0,0.0,0.0,12.0,12.0,0.0,0.0,0.0,0.0,0.0,0.0,7.0,7.0,0.0,0.0,2.0,1.0,0.0,1.0,5.035071218714995,34.0,8.54914109617372e-05,8.54914109617372e-05,-0.2476604090017431,0.0019901855095454,7.100271239000208,0.41127262115478513,30.0,8.54914109617372e-05,8.54914109617372e-05,-1.4975201924641928,0.0017769768989334505,2.8299353222052255
164,9.53121586234821,9.482332756055035,8.93087886063815,2.1925851739131863,0.0,-6.738293686724975,-0.5723579379184258,0.020904042500000487,0.7296483464006371,-2.2109524258376925,2.9406007722383376,30.0,30.0,0.0,0.0,0.0,0.0,0.0,0.0,7.0,7.0,0.0,0.0,2.0,2.0,0.0,0.0,6.0,6.0,0.0,0.0,0.0,0.0,0.0,0.0,5.268921156724294,42.0,8.483551626278196e-05,8.483551626278196e-05,-0.3150138936582066,0.001995730385672124,7.918751807439895,0.4763178842763106,30.0,8.483551626278196e-05,8.483551626278196e-05,-1.5089148461818696,0.0017810872755944728,3.0079708834489187
165,6.921458853283533,6.868642518248164,6.795224082096808,1.7831380657277067,0.0,-5.0120860163691,-0.10218112615064001,0.02876268999999975,0.09431952328871773,-2.2981804767112877,2.3925000000000196,30.0,30.0,0.0,0.0,0.0,0.0,0.0,0.0,13.0,13.0,0.0,0.0,1.0,1.0,0.0,0.0,8.0,8.0,0.0,0.0,1.0,1.0,0.0,0.0,5.592829098572603,37.0,8.418465362320297e-05,8.418465362320297e-05,-0.32789072696421595,0.002001833076261588,8.088430939493952,0.42651691536108655,30.0,8.418465362320297e-05,8.418465362320297e-05,-1.5346014936765036,0.0017852867992284398,2.701104680697123
166,4.010357385946729,4.006390120256751,4.006889407756437,3.89476730483743,0.0,-0.1121221029190089,0.0,0.000499287500000503,0.022637658692246987,-0.6298623413078595,0.6525000000000638,30.0,30.0,0.0,0.0,0.0,0.0,0.0,0.0,10.0,10.0,0.0,0.0,2.0,2.0,0.0,0.0,9.0,9.0,0.0,0.0,1.0,1.0,0.0,0.0,5.585268407254605,37.0,8.353878443677026e-05,8.353878443677026e-05,-0.30193906564366174,0.0020076013862381915,7.801366522505477,0.40648769785960515,30.0,8.353878443677026e-05,8.353878443677026e-05,-1.4543134450912476,0.0017896029128072163,2.66274485985438
167,24.05659374800707,24.04746515652218,23.894824442558903,0.24852930604029258,1.7763568394002505e-15,-23.64629513651862,-0.1677264889654566,0.015085774999999895,0.3538496902696835,-0.955436627144383,1.30928631741407,30.0,30.0,0.0,0.0,0.0,0.0,0.0,0.0,7.0,7.0,0.0,0.0,2.0,2.0,0.0,0.0,8.0,8.0,0.0,0.0,2.0,2.0,0.0,0.0,5.350780235396491,45.0,8.289787039344298e-05,8.289787039344298e-05,-0.3463707739694251,0.0020135548793607286,7.295691310034858,0.36232202872633934,30.0,8.289787039344298e-05,8.289787039344298e-05,-1.5722911377747855,0.0017938260066633423,2.5366227010885876
168,27.199165226661936,27.196851573719105,27.172817669130307,-2.1528986829909336,0.0,-29.32571635212124,-0.024033904594332967,5.149960319306146e-19,0.4810044638912814,0.48100446389124274,0.0,30.0,30.0,0.0,0.0,0.0,0.0,0.0,0.0,7.0,7.0,0.0,0.0,2.0,2.0,0.0,0.0,6.0,6.0,0.0,0.0,2.0,1.0,0.0,1.0,5.549584460755189,48.0,8.226187347709693e-05,8.226187347709693e-05,-0.2524116790154949,0.0020201941224513575,7.472234234213829,0.3671618580818176,30.0,8.226187347709693e-05,8.226187347709693e-05,-1.6021691004435221,0.0017979307798668743,2.641306225458781
169,2.4789550284008,2.4664125175151366,2.479657125016086,-5.632705483598854,-8.881784197001252e-16,-8.112362608614937,0.0,0.013244607499999232,0.6848108347125361,-1.1199335197083597,1.804744354420889,30.0,30.0,0.0,0.0,0.0,0.0,0.0,0.0,10.0,10.0,0.0,0.0,2.0,2.0,0.0,0.0,11.0,11.0,0.0,0.0,0.0,0.0,0.0,0.0,5.290945885029245,47.0,8.163075596326971e-05,8.163075596326971e-05,-0.23102261760133377,0.00202706303606008,8.068243300661127,0.49449350411693255,30.0,8.163075596326971e-05,8.163075596326971e-05,-1.558359702428182,0.0018020363485751053,2.707252895832062
170,15.789440920505731,15.789403260006198,15.742004228585568,-0.4425383832422727,0.0,-16.18454261182784,-0.04922869892175186,0.001829667499999761,0.3586345860325224,-0.06136815096877635,0.42000273700127744,30.0,30.0,0.0,0.0,0.0,0.0,0.0,0.0,6.0,6.0,0.0,0.0,1.0,1.0,0.0,0.0,12.0,12.0,0.0,0.0,2.0,2.0,0.0,0.0,5.537136008099812,41.0,8.100448041692296e-05,8.100448041692296e-05,-0.3369818437026768,0.002032821265435437,7.373718913008527,0.3651897989213467,30.0,8.100448041692296e-05,8.100448041692296e-05,-1.5724767367045085,0.0018059490830637515,2.5127065241336823
171,-8.959460439286456,-8.960983765868491,-14.99925483517314,-12.874548598205857,0.0,2.1247062369672705,-6.039524719303969,0.0012536499999999287,0.5740101465084138,0.39029816577014553,0.18371198073826625,30.0,30.0,0.0,0.0,0.0,0.0,0.0,0.0,9.0,9.0,0.0,0.0,1.0,1.0,0.0,0.0,10.0,10.0,0.0,0.0,2.0,2.0,0.0,0.0,6.2726130577234125,52.0,8.038300969022198e-05,8.038300969022198e-05,-0.3069442258789562,0.00203891137901407,8.509588181972504,0.414505285769701,30.0,8.038300969022198e-05,8.038300969022198e-05,-1.3894777039686839,0.001809822884388268,2.954474461078644
172,38.55653992521099,38.55640463057651,38.39814393028109,-8.532286617078313,0.0,-46.9304305473594,-0.16530187529426144,0.007041174999999601,0.6888162217767331,0.11631622177679546,0.5724999999999554,30.0,30.0,0.0,0.0,0.0,0.0,0.0,0.0,11.0,11.0,0.0,0.0,1.0,1.0,0.0,0.0,11.0,11.0,0.0,0.0,1.0,1.0,0.0,0.0,5.421338364135387,43.0,7.976630692033226e-05,7.976630692033226e-05,-0.24413420658471974,0.00204531125572705,6.830133770787438,0.54405272975564,30.0,7.976630692033226e-05,7.976630692033226e-05,-1.637741204102834,0.0018136830961642165,3.2980088273684185
173,14.536574843407942,14.474828173071526,14.138135768459135,2.9403582159283443,-1.7763568394002505e-15,-11.197777552530791,-0.31934511461567183,-0.01734728999999892,0.7923877305910025,2.4848877305909856,-1.692499999999967,30.0,30.0,0.0,0.0,0.0,0.0,0.0,0.0,6.0,6.0,0.0,0.0,0.0,0.0,0.0,0.0,9.0,9.0,0.0,0.0,1.0,1.0,0.0,0.0,5.364540231227875,40.0,7.915433552723293e-05,7.915433552723293e-05,-0.3809179900214076,0.0020505141408648344,8.190804666280746,0.5717379671831926,30.0,7.915433552723293e-05,7.915433552723293e-05,-1.4874402165412903,0.0018174615455791355,3.2258853991826375
174,28.216992040846293,27.906849375913612,27.78617841937016,5.87191360468817,0.0,-21.914264814681978,-0.1728404390435685,0.05216948250000325,0.4559546156221046,-5.569045384378542,6.025000000000652,30.0,30.0,0.0,0.0,0.0,0.0,0.0,0.0,11.0,11.0,0.0,0.0,1.0,1.0,0.0,0.0,12.0,12.0,0.0,0.0,2.0,2.0,0.0,0.0,4.950983163637993,39.0,7.8547059211547e-05,7.8547059211547e-05,-0.3029427035496785,0.002055530382606846,7.330247047619942,0.40060559660196304,30.0,7.8547059211547e-05,7.8547059211547e-05,-1.4699078301588695,0.0018212463706731795,2.586753082275391
175,-34.45022574263203,-35.19293786639264,-40.59047843661773,9.37388717548523,0.0,49.96436561210297,-5.5343523215076935,0.13681175127748213,16.89557474880938,8.6180747488091,8.277500000000256,30.0,30.0,0.0,0.0,0.0,0.0,0.0,0.0,9.0,9.0,0.0,0.0,2.0,2.0,0.0,0.0,11.0,11.0,0.0,0.0,2.0,2.0,0.0,0.0,5.486778112975034,44.0,7.794444195238824e-05,7.794444195238824e-05,-0.3210572369227355,0.0020615211000073364,7.367699482224205,0.3461886540055275,30.0,7.794444195238824e-05,7.794444195238824e-05,-1.5029657383759816,0.001824996624297152,2.6138908247152965
176,37.77425627996257,37.77424828311683,36.43778798323859,17.69246633180415,-3.552713678800501e-15,-18.745321651434427,-1.3440112998759943,0.007550999999999572,0.8532786946979058,0.028278694698009588,0.8249999999998892,30.0,30.0,0.0,0.0,0.0,0.0,0.0,0.0,9.0,9.0,0.0,0.0,4.0,4.0,0.0,0.0,12.0,12.0,0.0,0.0,2.0,2.0,0.0,0.0,5.660619851081602,31.0,7.734644800522465e-05,7.734644800522465e-05,-0.30438013555061433,0.0020671199496474957,7.374143846573368,0.30211310101052125,30.0,7.734644800522465e-05,7.734644800522465e-05,-1.4081702431042988,0.001828628828904281,2.4107588787873584
177,1.631597801719181,-21.919717846314754,-24.661667804505406,-1.4275022605584455,0.0,23.234165543946965,-2.9650582031198986,0.22310824492847928,67.50640518299655,48.52969776130275,18.976707421693796,30.0,30.0,0.0,0.0,0.0,0.0,0.0,0.0,10.0,10.0,0.0,0.0,0.0,0.0,0.0,0.0,15.0,15.0,0.0,0.0,0.0,0.0,0.0,0.0,5.385747116804123,40.0,7.675304189975812e-05,7.675304189975812e-05,-0.2665309592615813,0.0020721164357382802,7.9513993799686435,0.3788756179312865,30.0,7.675304189975812e-05,7.675304189975812e-05,-1.5551684339841207,0.0018322576497060558,2.5364250262578327
178,36.88547612959723,36.671420617221884,32.85846596563606,-2.7140170584768963,0.0,-35.572483024112955,-3.8869192365814484,0.07396458500000327,0.6658866340994507,-4.626613365901106,5.292500000000576,30.0,30.0,0.0,0.0,0.0,0.0,0.0,0.0,12.0,12.0,0.0,0.0,3.0,2.0,0.0,1.0,12.0,12.0,0.0,0.0,2.0,2.0,0.0,0.0,5.635676151666885,39.0,7.61641884378206e-05,7.61641884378206e-05,-0.351075898282803,0.002077856960778053,7.826590947615794,0.3244878592590491,30.0,7.61641884378206e-05,7.61641884378206e-05,-1.5224542498588562,0.0018359242162356774,2.6078977564970653
179,15.767847463175713,13.462645856111646,13.354398676045925,10.851261673483254,-1.7763568394002505e-15,-2.50313700256267,-0.3114772987831742,0.20323011871945404,0.222109606323599,-15.182890393676912,15.40500000000052,30.0,30.0,0.0,0.0,0.0,0.0,0.0,0.0,13.0,13.0,0.0,0.0,2.0,2.0,0.0,0.0,10.0,10.0,0.0,0.0,2.0,2.0,0.0,0.0,5.4198134234457305,33.0,7.557985269128636e-05,7.557985269128636e-05,-0.3033551092852246,0.002083579162982377,8.016539284677217,0.5818452102442583,30.0,7.557985269128636e-05,7.557985269128636e-05,-1.5239964723587036,0.001839644341574361,3.4647624532381696
180,14.724558346631834,14.723238448101931,14.723238448100249,-15.859670334057894,0.0,-30.582908782158142,0.0,0.0,0.36330407786094554,0.3633040778609491,0.0,30.0,30.0,0.0,0.0,0.0,0.0,0.0,0.0,13.0,13.0,0.0,0.0,3.0,3.0,0.0,0.0,6.0,6.0,0.0,0.0,0.0,0.0,0.0,0.0,5.339114209016164,36.0,7.5e-05,7.5e-05,-0.25119807483214474,0.002088847013914751,6.655261178811391,0.39805598904689155,30.0,7.5e-05,7.5e-05,-1.6432668924331666,0.0018433057004585863,2.8053583025932314
181,-14.461104741156305,-14.487013528831737,-14.573410228914609,3.242326890151132,0.0,17.815737119065737,-0.11060656017201609,0.024209860088459812,0.5878793094201171,-1.609620690579967,2.1975000000000797,30.0,30.0,0.0,0.0,0.0,0.0,0.0,0.0,11.0,11.0,0.0,0.0,1.0,0.0,0.0,1.0,15.0,15.0,0.0,0.0,3.0,3.0,0.0,0.0,4.583473409925189,42.0,7.442459596972076e-05,7.442459596972076e-05,-0.374888643533701,0.002094490708605874,7.144527815637135,0.5164721826712291,30.0,7.442459596972076e-05,7.442459596972076e-05,-1.509187436103821,0.0018471249068776766,3.4083010892073315
182,9.007727290354815,9.00361037295942,7.996997382876103,-3.4731886458004593,-1.775489477662262e-15,-11.470186028676563,-1.015229997583564,0.008617007500000244,0.4271787168923282,-0.641632090484463,1.0688108073767548,30.0,30.0,0.0,0.0,0.0,0.0,0.0,0.0,15.0,15.0,0.0,0.0,0.0,0.0,0.0,0.0,9.0,9.0,0.0,0.0,2.0,1.0,0.0,1.0,5.242655940172149,41.0,7.385360647008234e-05,7.385360647008234e-05,-0.3595695421099663,0.0021006783538656993,7.043326680253192,0.5129982856412728,30.0,7.385360647008234e-05,7.385360647008234e-05,-1.4977974196275075,0.0018509244895540179,3.4118368248144786
183,-24.41605520976866,-24.416208217437806,-29.480665132363583,8.050770035648993,0.0,37.531435168012564,-5.064456914926815,-5.421010862427522e-20,0.12369626879697648,0.12369626879695872,0.0,30.0,30.0,0.0,0.0,0.0,0.0,0.0,0.0,8.0,8.0,0.0,0.0,1.0,1.0,0.0,0.0,5.0,5.0,0.0,0.0,4.0,4.0,0.0,0.0,5.538885977533129,36.0,7.328699763256845e-05,7.328699763256845e-05,-0.3661863425125678,0.002106028169186579,7.343691269556682,0.4034154305855433,30.0,7.328699763256845e-05,7.328699763256845e-05,-1.5541977047920228,0.0018547320078747967,3.0518988192081453
184,-6.5232286411717215,-6.5622260542672946,-6.993206857462987,3.947855853647725,-9.43689570931383e-16,10.941062711110716,-0.489497008197489,0.05851620499999842,0.3614636660741155,-1.9747762682282022,2.336239934302283,30.0,30.0,0.0,0.0,0.0,0.0,0.0,0.0,7.0,7.0,0.0,0.0,1.0,1.0,0.0,0.0,9.0,9.0,0.0,0.0,0.0,0.0,0.0,0.0,6.00613762651171,42.0,7.272473584850385e-05,7.272473584850385e-05,-0.23821062670044957,0.002111310787898089,7.715155618531363,0.40111460437377294,30.0,7.272473584850385e-05,7.272473584850385e-05,-1.5287807901700339,0.0018583919697751602,2.8385168572266894
185,14.826232432587858,14.793180058704483,14.170845680297873,7.938733949408098,0.0,-6.23211173088977,-0.8333967100787163,0.21106233167250496,0.9994688153554563,-1.8180311846438464,2.817499999999299,30.0,30.0,0.0,0.0,0.0,0.0,0.0,0.0,9.0,9.0,0.0,0.0,4.0,4.0,0.0,0.0,12.0,12.0,0.0,0.0,0.0,0.0,0.0,0.0,5.027561170714242,42.0,7.21667877670609e-05,7.21667877670609e-05,-0.3613896437344097,0.0021172300191773545,7.437265481267657,0.48300310721000034,30.0,7.21667877670609e-05,7.21667877670609e-05,-1.5667497078577677,0.0018620958318933845,3.000146907567978
186,9.767654361718524,9.755252146113316,9.74945219860933,2.3261655426035497,8.881784197001252e-16,-7.423286656005781,0.0,-0.005799947500000054,0.6233671998038801,1.1136523517332027,-0.49028515192930466,30.0,30.0,0.0,0.0,0.0,0.0,0.0,0.0,9.0,9.0,0.0,0.0,2.0,2.0,0.0,0.0,11.0,11.0,0.0,0.0,0.0,0.0,0.0,0.0,5.146892852253384,36.0,7.161312029328123e-05,7.161312029328123e-05,-0.3025191386954652,0.0021231368688556054,7.043573955694835,0.3380885941286882,30.0,7.161312029328123e-05,7.161312029328123e-05,-1.5582043608029683,0.0018658911537689467,2.603635311126709
187,-2.75476225004968,-2.7767325521555852,-7.190413248267359,11.456685960351885,4.440892098500626e-16,18.647099208619252,-4.488555049130326,0.07487435301638044,9.664738243531772,1.4822382435325725,8.182499999999184,30.0,30.0,0.0,0.0,0.0,0.0,0.0,0.0,5.0,5.0,0.0,0.0,1.0,1.0,0.0,0.0,11.0,11.0,0.0,0.0,2.0,2.0,0.0,0.0,5.11579288827612,47.0,7.106370058611288e-05,7.106370058611288e-05,-0.4553569918300243,0.0021292147563493,7.156915827000395,0.49442552477121354,30.0,7.106370058611288e-05,7.106370058611288e-05,-1.5912888089815775,0.0018695650156587361,3.5330007036526996
188,26.3097688643593,26.305839643472314,26.27988558093967,11.112461308980492,0.0,-15.167424271959161,-0.028652292533536183,0.002698229999999996,0.01066502275436676,-0.6268349772456414,0.637499999999978,30.0,30.0,0.0,0.0,0.0,0.0,0.0,0.0,4.0,4.0,0.0,0.0,1.0,1.0,0.0,0.0,9.0,9.0,0.0,0.0,1.0,1.0,0.0,0.0,5.441759711220151,42.0,7.051849605646213e-05,7.051849605646213e-05,-0.2565234088826747,0.0021354888366269214,7.68007090545836,0.4220723330974579,30.0,7.051849605646213e-05,7.051849605646213e-05,-1.4590655267238617,0.0018731921135137477,3.136267952124278
189,8.760508757744057,8.647760928886397,8.773830878887043,12.351763850077342,0.0,3.577932971190302,0.0,0.12606994999999852,11.262794348343903,3.3577943483432655,7.905000000000637,30.0,30.0,0.0,0.0,0.0,0.0,0.0,0.0,12.0,12.0,0.0,0.0,2.0,2.0,0.0,0.0,10.0,10.0,0.0,0.0,2.0,2.0,0.0,0.0,5.950244873128039,47.0,6.997747436526054e-05,6.997747436526054e-05,-0.2639537215074326,0.002141781428709943,7.945905644842919,0.45450435280799867,30.0,6.997747436526054e-05,6.997747436526054e-05,-1.4662506421407064,0.0018768441203671196,2.951575231552124
190,13.025725845822585,12.991467403847297,12.93355578669903,-5.0724643709812245,0.0,-18.006020157680254,-0.08048885714487142,0.022577240000000443,0.629096383512092,-1.8509036164881012,2.4800000000002136,30.0,30.0,0.0,0.0,0.0,0.0,0.0,0.0,12.0,12.0,0.0,0.0,1.0,1.0,0.0,0.0,9.0,9.0,0.0,0.0,1.0,1.0,0.0,0.0,5.1142297797732885,45.0,6.944060342154676e-05,6.944060342154676e-05,-0.4222076988882489,0.0021485238077325955,7.370864094628228,0.33359864229957265,30.0,6.944060342154676e-05,6.944060342154676e-05,-1.3311879197756449,0.0018802739291762312,2.4245639979839324
191,-15.795908107723633,-19.95684533308826,-22.193455477930186,-0.6202731490296758,0.0,21.57318232890051,-2.459241344845278,0.2226311999999953,28.695885663267106,20.398375487681918,8.297510175585154,30.0,30.0,0.0,0.0,0.0,0.0,0.0,0.0,13.0,13.0,0.0,0.0,1.0,1.0,0.0,0.0,7.0,7.0,0.0,0.0,0.0,0.0,0.0,0.0,5.763657499004054,37.0,6.890785138056304e-05,6.890785138056304e-05,-0.3511153892488093,0.0021545276788340227,7.584752108599688,0.6568667200704416,30.0,6.890785138056304e-05,6.890785138056304e-05,-1.3817290047804514,0.0018838137038983405,3.6926065564155577
192,13.529938995086995,12.595255422379235,12.355259682205675,-10.462737839342735,0.0,-22.817997521548417,-0.3444223401750719,0.10442659999999412,0.5972648492750636,-9.667903457874209,10.265168307149267,30.0,30.0,0.0,0.0,0.0,0.0,0.0,0.0,11.0,11.0,0.0,0.0,1.0,1.0,0.0,0.0,7.0,7.0,0.0,0.0,2.0,2.0,0.0,0.0,5.379145547747612,40.0,6.837918664186626e-05,6.837918664186626e-05,-0.32573599871248005,0.002159798057982698,7.390421307086944,0.37368225008249284,30.0,6.837918664186626e-05,6.837918664186626e-05,-1.4755680441856385,0.0018873521592468023,2.9441216826438903
193,17.101075580780773,17.051621924523037,17.030971087022376,-5.5059961846953325,0.0,-22.53696727171771,0.0,-0.020650837500000237,0.25631780408672,2.2238178040868215,-1.9675000000001077,30.0,30.0,0.0,0.0,0.0,0.0,0.0,0.0,9.0,9.0,0.0,0.0,3.0,3.0,0.0,0.0,6.0,6.0,0.0,0.0,3.0,1.0,0.0,2.0,5.658498795408952,38.0,6.785457784745365e-05,6.785457784745365e-05,-0.3415192760723202,0.0021649716777334873,8.413681507110596,0.6232769327859083,30.0,6.785457784745365e-05,6.785457784745365e-05,-1.4450257460276286,0.0018909337581135333,3.725854726632436
194,19.65056880912077,19.647592517313903,19.25910055297994,-2.2276938549413225,0.0,-21.486794407921263,-0.38230209433417883,-0.006189870000000211,0.19555401262074668,0.5455540126207534,-0.3500000000000405,30.0,30.0,0.0,0.0,0.0,0.0,0.0,0.0,4.0,4.0,0.0,0.0,0.0,0.0,0.0,0.0,6.0,6.0,0.0,0.0,1.0,1.0,0.0,0.0,5.621788591951938,37.0,6.73339938799027e-05,6.73339938799027e-05,-0.42109717207180486,0.0021700048126985093,7.909008618947622,0.48816315035025276,30.0,6.73339938799027e-05,6.73339938799027e-05,-1.4421525299549103,0.0018943417429303129,3.0919682800769808
195,-18.028246053458655,-20.24514710992543,-26.82766334450077,1.0968119725515546,0.0,27.924475317052334,-6.6578865345755105,0.07537029999999903,20.98184156456533,14.889261420455938,6.092580144109384,30.0,30.0,0.0,0.0,0.0,0.0,0.0,0.0,10.0,10.0,0.0,0.0,3.0,3.0,0.0,0.0,9.0,9.0,0.0,0.0,0.0,0.0,0.0,0.0,5.313174410069243,47.0,6.681740386052545e-05,6.681740386052545e-05,-0.38215677582837165,0.002175794146519075,8.431809602899754,0.387227275967598,30.0,6.681740386052545e-05,6.681740386052545e-05,-1.6157388269901276,0.0018978173456465205,2.8802624881267547
196,-28.6577858878814,-31.61834043268995,-32.62904378535024,25.433182664859803,0.0,58.062226450210055,-1.0176382526590189,0.006934899999999605,17.900740279610858,17.206262071724215,0.6944782078866484,30.0,30.0,0.0,0.0,0.0,0.0,0.0,0.0,8.0,8.0,0.0,0.0,0.0,0.0,0.0,0.0,8.0,8.0,0.0,0.0,1.0,1.0,0.0,0.0,5.528306472301483,40.0,6.63047771475369e-05,6.63047771475369e-05,-0.3385404175147414,0.002181263884995133,7.575052106380463,0.3673530081907908,30.0,6.63047771475369e-05,6.63047771475369e-05,-1.4446839133898417,0.0019013093900866807,2.5081086575984957
197,11.470845639586216,11.464846697104049,11.47656919210436,1.0291664676987726,-1.7763568394002505e-15,-10.447402724405588,0.0,0.011722494999999358,0.7979715962490701,-0.7745284037507636,1.5724999999998062,30.0,30.0,0.0,0.0,0.0,0.0,0.0,0.0,11.0,11.0,0.0,0.0,1.0,1.0,0.0,0.0,14.0,14.0,0.0,0.0,0.0,0.0,0.0,0.0,5.793867299723071,43.0,6.579608333423741e-05,6.579608333423741e-05,-0.4562308706862982,0.0021866234344278656,7.028377909993017,0.5144716386993726,30.0,6.579608333423741e-05,6.579608333423741e-05,-1.4885123213132223,0.0019046446347298722,3.6013882994651794
198,9.03802953729064,8.688500683651414,3.4036841621946827,7.635609715059237,0.0,4.231925552864553,-5.493778634977527,0.20896211352084712,3.4954034713632893,-5.912096528637079,9.407500000000393,30.0,30.0,0.0,0.0,0.0,0.0,0.0,0.0,14.0,14.0,0.0,0.0,0.0,0.0,0.0,0.0,9.0,9.0,0.0,0.0,0.0,0.0,0.0,0.0,4.894276229958785,38.0,6.52912922472093e-05,6.52912922472093e-05,-0.45902863860522447,0.0021922012215088073,7.25222973447097,0.4281524566312631,30.0,6.52912922472093e-05,6.52912922472093e-05,-1.4549174686272939,0.0019079805895065268,2.8751430034637453
199,-13.373948076425004,-13.72702393151414,-16.096478594683493,16.085769591767416,0.0,32.182248186450906,-2.437210303172529,0.0677556400000005,12.651906697568279,-5.942018639226365,18.593925336794644,30.0,30.0,0.0,0.0,0.0,0.0,0.0,0.0,13.0,13.0,0.0,0.0,1.0,1.0,0.0,0.0,11.0,11.0,0.0,0.0,1.0,1.0,0.0,0.0,5.1058426656221085,38.0,6.479037394452684e-05,6.479037394452684e-05,-0.2838370240244426,0.002197441877797246,7.251851408105147,0.4697721034288406,30.0,6.479037394452684e-05,6.479037394452684e-05,-1.372387311855952,0.0019113271303164462,2.8038193265597027
