env_seed,policy,pnl,objective,inventory,auction_qty,clob_qty,cancels,setting,seed
32568404,dqn,34.016893186699235,34.015634955079456,-0.0501643622461302,0.2805815564402151,99.76958280580592,0,synthetic,615
37364028,dqn,51.69781155191413,51.65458918322678,-0.2940148591052782,0.5495701079052271,99.74444475120004,0,synthetic,615
61060762,dqn,33.8603456979763,33.63473231709178,0.6717341451564289,0.1863067831814128,99.1419590716622,0,synthetic,615
67196417,dqn,48.87976835883455,48.858408221053416,0.2066888375366887,0.3751999999999985,99.41811116246332,0,synthetic,615
76594293,dqn,64.76736581493242,64.61258995131593,0.5563737298192464,0.3305950196296294,99.11303125055112,0,synthetic,615
90257200,dqn,6.639742822077096,6.5481052674239875,0.4281064228742858,0.2939729677699555,99.27792060935576,0,synthetic,615
94550601,dqn,45.89626968211087,45.87696402542782,-0.1964976166931886,0.348532817144395,99.84796479954878,0,synthetic,615
148538406,dqn,55.55972614181701,55.55864895252286,-0.0464152839946188,0.0756158414042487,99.9707994425904,0,synthetic,615
177424292,dqn,36.13352071321788,36.12811557548281,0.1039724745792746,0.3620000000000002,99.53402752542074,0,synthetic,615
179641510,dqn,-36.78540051182608,-36.78540052336516,0.0001519149651471,0.8706363115295667,99.12921177350532,0,synthetic,615
192634188,dqn,15.62374920140428,15.613054253387062,0.1462528496626143,0.1059102249092626,99.7478369254281,0,synthetic,615
193140014,dqn,66.01420887243512,65.97906210382153,-0.265129283986481,0.3199588216673717,99.94517046231908,0,synthetic,615
195690708,dqn,55.467967495020275,55.463822750536906,0.091046630727034,0.2864000000000036,99.62255336927296,0,synthetic,615
202934377,dqn,46.89584681836641,46.638157363785375,0.7178989547018911,0.0715000000000017,99.21060104529808,0,synthetic,615
213603552,dqn,85.39234300345561,85.38592651028708,0.1132827715809568,0.27918693215156,99.60753029626748,0,synthetic,615
227509318,dqn,2.463039297012074,2.37178932728327,-0.4272001164063604,0.957905846622632,99.46929426978372,0,synthetic,615
268333670,dqn,18.18091346802248,18.09165505725733,0.4225125105015234,0.2515122244310617,99.32597526506744,0,synthetic,615
303740759,dqn,42.31478588801838,42.30782962665388,0.117951357469916,0.2962000000000002,99.58584864253012,0,synthetic,615
309215797,dqn,9.252927378076492,6.473094902365183,2.3578941773164077,0.782481287118686,96.85962453556492,0,synthetic,615
323197707,dqn,64.67027830178449,64.54259649553957,0.5053351486784208,0.0979142394063558,99.3967506119152,0,synthetic,615
350402779,dqn,31.984167202581375,31.730675171037724,0.7120281336346914,0.1896405555889395,99.09833131077636,0,synthetic,615
356954267,dqn,43.999520092835155,43.95724477226117,0.2907759294507975,0.2767999999999994,99.43242407054922,0,synthetic,615
361761065,dqn,37.17157390274588,37.17119354322547,0.0275811355967893,0.0817435276334919,99.89067533676976,0,synthetic,615
385332263,dqn,-17.98256301240326,-17.98262182547504,0.010845558702044,0.720000000000001,99.26915444129796,0,synthetic,615
389603938,dqn,46.36623513112863,46.21115770546133,0.556915479525038,-0.1170675069189743,99.56015202739395,0,synthetic,615
396575567,dqn,44.73001122269488,44.61613748318094,0.4772289587062838,0.3383999999999997,99.18437104129372,0,synthetic,615
425407835,dqn,44.65103962217472,44.558212730196985,0.4308756014854822,0.2574999999999976,99.31162439851452,0,synthetic,615
444732558,dqn,17.312213885812525,17.277840619903852,0.2621955983943008,0.671600000000011,99.06620440160567,0,synthetic,615
449245545,dqn,51.83247056118489,51.69497284383244,0.5244000712289232,0.4454000000000011,99.03019992877108,0,synthetic,615
449593739,dqn,29.11877011663819,29.11869147591518,0.0125411899760414,0.9760000000000038,99.01145881002395,0,synthetic,615
451288657,dqn,63.65477796384039,63.550271486969336,0.4571793452706589,0.099599999999999,99.44322065472932,0,synthetic,615
453402989,dqn,35.0672313062114,34.98999583388733,-0.3930279184080196,0.7049000000000107,99.688127918408,0,synthetic,615
459302025,dqn,3.306251120937304,3.1047802244162774,0.6347769632257091,0.3010507997219921,99.06417223705228,0,synthetic,615
475919068,dqn,35.90136185579104,35.77166763697875,0.5093019120566676,0.3820000000000078,99.10869808794332,0,synthetic,615
522928946,dqn,97.861020557124,97.50792069805088,0.8403568992673631,0.0515999999999991,99.10804310073264,0,synthetic,615
553623364,dqn,56.246752243690935,56.18985645462133,0.3373300729837447,0.3677999999999908,99.2948699270163,0,synthetic,615
582179270,dqn,3.274716673491639,3.2620461725454133,0.15918857337275,0.352300000000001,99.48851142662728,0,synthetic,615
603013079,dqn,65.24637492695001,65.23609347776403,0.1433976930496573,0.4210999999999948,99.43550230695033,0,synthetic,615
612614785,dqn,5.776117074159629,5.64741342610429,0.5073532261754898,0.2063000000000017,99.28634677382448,0,synthetic,615
622236922,dqn,52.34648661981009,52.2770952096769,-0.3725356630799064,0.3736000000000066,99.99893566307992,0,synthetic,615
629899046,dqn,80.59625572404548,80.50336240971502,0.43102973059977,0.0861999999999994,99.48277026940023,0,synthetic,615
707844845,dqn,12.873280724707,12.446029466191836,0.9243930533221963,-0.0141787349547948,99.0897856816326,0,synthetic,615
722474854,dqn,43.809441379058626,43.72906945708161,0.4009287267757623,0.1235886820110939,99.47548259121314,0,synthetic,615
732692615,dqn,32.37152622695248,32.364805530247295,0.1159370234669222,0.1956999999999943,99.6883629765331,0,synthetic,615
744804721,dqn,62.00038974225208,61.920142477848835,0.4006176840910774,0.2985110182098528,99.30087129769908,0,synthetic,615
789187642,dqn,34.68373328728558,34.67785462888993,-0.1084311615324921,0.8620000000000173,99.2464311615325,0,synthetic,615
851507639,dqn,77.31011377390132,77.25112883924676,0.3434674210301932,0.3129895300961914,99.34354304887364,0,synthetic,615
864111288,dqn,92.05658819391827,81.93011099837912,4.500328253703094,0.2054000000000009,95.29427174629691,0,synthetic,615
865924799,dqn,20.685767319208026,20.68458522077286,0.0486230076232295,0.3927657037502962,99.55861128862648,0,synthetic,615
870942306,dqn,67.28187912114299,67.08784144062575,0.6229569495835707,0.1875954591994153,99.18944759121705,0,synthetic,615
874551896,dqn,68.86967670835256,68.85077500771008,0.1944309679164793,0.2101234511469064,99.59544558093664,1,synthetic,615
905308394,dqn,36.892171445500935,36.63496219942473,-0.7172297345707427,0.8499999999999935,99.86722973457078,0,synthetic,615
962972765,dqn,68.98597296017579,68.94863587876569,0.2732657366378023,0.2719999999999978,99.45473426336218,0,synthetic,615
965465730,dqn,38.88570196441833,38.88119287529478,-0.0949640892501295,0.2497999999999982,99.84516408925012,0,synthetic,615
968065134,dqn,25.08109779168626,24.869876887625313,-0.6499552354754127,0.6565000000000055,99.9934552354754,0,synthetic,615
984521277,dqn,42.36210273390134,42.31668421975831,-0.3013918185453167,0.3655999999999963,99.93579181854533,0,synthetic,615
985921782,dqn,42.15392439534662,42.15090229575778,0.0777444478897089,0.006426201798193,99.91582935031208,0,synthetic,615
994774750,dqn,20.376097648315408,20.365788258213023,0.1435924099831516,0.342344248666009,99.51406334135086,0,synthetic,615
997980576,dqn,-3.876976931447643,-3.89368628562311,-0.1828078454304765,0.4182999999999988,99.76450784543049,0,synthetic,615
1001532050,dqn,17.222457367941388,17.21054871918656,-0.1543285375737746,0.5184000000000133,99.63592853757376,0,synthetic,615
1008287579,dqn,36.461667349838535,36.33169643956457,0.5098448985210484,0.3531578318462199,99.13699726963272,0,synthetic,615
1039067522,dqn,-7.399313097925187,-7.400065800629303,-0.0387995542272247,0.2395687874124241,99.79923076681482,0,synthetic,615
1064960827,dqn,56.95451834248888,56.950904592504315,0.0850147044289081,0.2829999999999951,99.63198529557108,0,synthetic,615
1094560733,dqn,45.59697496485569,45.37741284382036,-0.6626645018941829,0.7759979479135647,99.8866665539806,0,synthetic,615
1103201918,dqn,45.08424693348388,44.92400927682577,0.5661053906440208,0.3338999999999907,99.099994609356,0,synthetic,615
1107442890,dqn,69.59570408952823,69.57504936816464,-0.2032472453126058,0.2740870747590617,99.92916017055356,0,synthetic,615
1109817981,dqn,22.310633719440375,22.143878635384933,0.5775033922938309,0.2012836370513801,99.2212129706548,0,synthetic,615
1117479723,dqn,67.70850436697037,67.68182506297293,0.2309948224417359,-0.1209618658268096,99.88996704338508,0,synthetic,615
1136859353,dqn,56.32567143926099,56.14375460231401,0.603186267991865,0.233175828197954,99.1636379038102,0,synthetic,615
1152564586,dqn,63.69079511707787,63.6774311768717,-0.1634866368004873,0.4704000000000091,99.69308663680052,0,synthetic,615
1158524309,dqn,3.3327592144887603,3.332001198162277,-0.0389362639831747,0.0591000000000001,99.97983626398316,0,synthetic,615
1167316122,dqn,42.49080718474215,42.39488240215297,0.4380063528972634,0.3888747345885491,99.1731189125142,0,synthetic,615
1210500584,dqn,-11.705129197498536,-11.708189582653448,0.0782353520463975,0.6221284589651336,99.29963618898849,0,synthetic,615
1221086428,dqn,20.81607169623385,-5.9558064274080245,7.317359923311395,0.2596010782551655,92.4230389984334,0,synthetic,615
1240980348,dqn,50.26898141370293,50.2673496623987,-0.0571270742158139,0.2739999999999997,99.78312707421584,0,synthetic,615
1311016458,dqn,4.103343494902219,4.101339570685929,0.063307570104854,0.7006098926582514,99.23608253723688,0,synthetic,615
1321498069,dqn,64.43494282164284,64.17596218549446,0.7196952634947451,0.231399309052567,99.0489054274527,0,synthetic,615
1346315091,dqn,49.48557856791922,49.46061264230977,0.2234543604830788,0.2615485188515828,99.51499712066531,0,synthetic,615
1352909904,dqn,64.00408249723841,63.99755064784121,0.1142965388557948,0.2471000000000033,99.6386034611442,0,synthetic,615
1355969104,dqn,64.16922515080842,64.0433167876712,0.5018134377180786,0.2609000000000064,99.23728656228197,0,synthetic,615
1364962393,dqn,55.04421393250777,55.017234932495334,0.2322886136358639,0.4649000000000067,99.30281138636413,0,synthetic,615
1383645732,dqn,67.80605662159905,67.80283438346348,-0.080277495421538,0.2317058119466545,99.84857168347489,0,synthetic,615
1398741270,dqn,57.44797826935246,57.23868656822485,0.6469802178237145,0.2391029346371642,99.11391684753912,0,synthetic,615
1409501092,dqn,21.060582867203262,20.95261475999305,0.4646893741204247,0.4537690922690978,99.08154153361046,0,synthetic,615
1458235927,dqn,49.70334933027516,49.234030766303185,0.9688328689428044,-0.0205000000000017,99.0516671310572,0,synthetic,615
1476032906,dqn,58.097806240466525,58.04499921431002,-0.3249831569681896,0.4925000000000072,99.83248315696818,0,synthetic,615
1499924103,dqn,72.34362433775641,72.12301987039673,0.6642356018156187,-0.0338000000000015,99.36956439818437,0,synthetic,615
1519039213,dqn,53.0022797741658,52.98715223467446,-0.1739398717450238,0.4347776117613551,99.7391622599837,0,synthetic,615
1530334568,dqn,22.67385797732277,22.491383396736097,-0.6041102227022422,0.79790756642983,99.8062026562724,0,synthetic,615
1547310865,dqn,59.064133826957914,59.06302365955545,-0.0471204287430203,0.2884999999999987,99.75862042874304,0,synthetic,615
1585822808,dqn,69.08336874408633,68.779825405182,0.7791576719821698,0.2084408998810987,99.01240142813673,0,synthetic,615
1610430699,dqn,-11.62865109336417,-11.790376314169595,0.568727036117376,0.3936349653507667,99.03763799853184,0,synthetic,615
1615630773,dqn,54.46715333822976,54.40206729233277,0.3607936969987146,0.3810000000000049,99.25820630300126,0,synthetic,615
1638957559,dqn,18.00510124794164,17.798922944802833,0.6421499873686927,0.3156711244560194,99.04217888817529,0,synthetic,615
1639125072,dqn,78.76699815932079,78.48126278442844,-0.7559568438639195,0.9758030090585192,99.7801538348054,0,synthetic,615
1658564002,dqn,65.04824535989792,64.8162254923512,-0.6812046205755219,0.7680731871110523,99.91313143346444,0,synthetic,615
1677194741,dqn,96.2868555420846,96.20486637508635,0.4049423835515935,0.1282716174048992,99.4667859990435,0,synthetic,615
1690655709,dqn,63.59667540812916,63.454580749164045,0.5330940985700566,0.4203999999999986,99.04650590142992,0,synthetic,615
1709491107,dqn,31.00093296225896,30.95114189973003,0.3155663560296942,0.4418999999999995,99.24253364397032,0,synthetic,615
1710040823,dqn,59.356037075265704,59.34400249975213,-0.155142357295322,0.3116435418839149,99.84349881541138,0,synthetic,615
1740456870,dqn,66.33583933474802,48.21708051640629,6.019760596293134,0.3446999999999993,93.6355394037069,0,synthetic,615
1764842796,dqn,66.41282663504899,66.32538622115784,0.4181875509652332,0.1083704440901782,99.47344200494464,0,synthetic,615
1773553992,dqn,76.42528020830832,76.37613662747657,0.3135078334962315,0.2559642337458023,99.43052793275798,0,synthetic,615
1788653630,dqn,34.60486723916074,34.523202986131466,0.4041392161848976,0.2888000000000025,99.30706078381512,0,synthetic,615
1805032828,dqn,42.73972776400478,42.61035261533308,0.5086750410069387,0.139600000000003,99.35172495899306,0,synthetic,615
1812834367,dqn,48.576329563189574,48.551971571339266,0.2207169764667502,0.1249999999999966,99.65428302353324,0,synthetic,615
1822710255,dqn,70.4701047753424,70.4700908907103,-0.0052696550390227,0.4166999999999974,99.58856965503902,0,synthetic,615
1827455806,dqn,58.722240108787446,58.71465385654888,0.1231767205162405,-0.0714154680114581,99.94823874749524,0,synthetic,615
1840954569,dqn,62.77859400117632,62.77538652231899,-0.0800934311579251,0.1582770686573216,99.9218163625006,0,synthetic,615
1844441823,dqn,27.639420615434577,27.639400492714135,-0.0063439294501643,0.1663999999999978,99.83994392945016,0,synthetic,615
1848589572,dqn,46.10270163473069,46.00890487879268,0.4331206666461853,0.3149270943045274,99.25195223904925,0,synthetic,615
1894087679,dqn,48.67604733993176,48.35529551541472,0.8009392293014868,0.1385000000000035,99.06056077069852,0,synthetic,615
1894646862,dqn,34.18638049987203,34.14722096017644,-0.2798554616068306,0.4133170579009523,99.86653840370587,0,synthetic,615
1895926547,dqn,65.28756507877188,65.05462899878817,0.6825482839824725,-0.0732241700618759,99.39067588607942,0,synthetic,615
1948070446,dqn,0.115946940761205,0.1142980681708893,-0.0574259974282668,0.3404999999999972,99.71692599742823,0,synthetic,615
1953490749,dqn,56.57143170464951,56.4341585203485,0.5239717250024332,0.1703000000000005,99.30572827499756,0,synthetic,615
1979491417,dqn,69.65560636006376,69.6479938264033,0.1233898995903805,0.2069999999999996,99.6696101004096,0,synthetic,615
1985479305,dqn,36.60767845250302,36.60060153808457,0.1189698652470909,0.2532952557235297,99.6277348790294,0,synthetic,615
2007414648,dqn,94.97887875308334,94.97798291372231,0.0423282260676818,0.1690999999999997,99.7885717739323,0,synthetic,615
2009557513,dqn,25.95934105802553,25.813533126777713,-0.5400146872962155,0.6111267347443812,99.92888795255182,0,synthetic,615
2023655374,dqn,39.34047449562058,-242.23677343076255,23.730876424033863,0.4193163498806933,75.84980722608542,0,synthetic,615
2055578956,dqn,49.992046189951,49.963625083730705,0.238416049041547,0.3527645955830649,99.4088193553754,0,synthetic,615
2057237114,dqn,61.48513133498818,61.48286142395904,-0.0673782016552386,0.4080999999999977,99.65927820165528,0,synthetic,615
2062231672,dqn,78.83554655397529,78.81775340818258,0.1886432919173554,0.2635693488260112,99.54778735925665,0,synthetic,615
2075766370,dqn,82.1936468120748,82.18762113838035,-0.1097786290172052,0.1267589602513846,99.9830196687658,0,synthetic,615
2081685987,dqn,46.108458480730405,46.10840452583575,0.01038796367441,0.3509324481434365,99.63867958818216,0,synthetic,615
2097409267,dqn,87.50617737928224,87.48981214445767,0.1809156423560766,0.2595970255220164,99.55948733212192,0,synthetic,615
2111651868,dqn,55.84942419826439,55.81422910874393,-0.2653114755168271,0.2820000000000078,99.9833114755168,0,synthetic,615
32568404,as,34.7786442106426,34.385075551290534,0.8872075961713373,0.0,99.11279240382864,0,synthetic,615
37364028,as,39.570453671864016,39.26345474654301,0.7835801494690955,0.0,99.21641985053088,0,synthetic,615
61060762,as,33.24056705030489,33.221052697065296,0.1975568436657879,0.0,99.80244315633422,0,synthetic,615
67196417,as,49.30879313885998,49.28705350295442,0.2085168381956901,0.0,99.79148316180432,0,synthetic,615
76594293,as,59.62935585592095,59.227518689867345,0.8964788520133702,0.0,99.1035211479866,0,synthetic,615
90257200,as,17.864075304398284,17.687510683765733,0.5942467848168,0.0,99.4057532151832,0,synthetic,615
94550601,as,34.482535714538244,34.301784953292916,0.6012499667281901,0.0,99.39875003327188,0,synthetic,615
148538406,as,43.61239872190163,43.60261050005872,0.1399158450134354,0.0,99.86008415498657,0,synthetic,615
177424292,as,40.06373785083633,39.969966157652934,0.4330627972555412,0.0,99.56693720274448,0,synthetic,615
179641510,as,-26.998063046408788,-27.259136845299324,0.7225978119127321,0.0,99.27740218808728,0,synthetic,615
192634188,as,23.139545557705787,23.12730190871657,0.1564841780450301,0.0,99.84351582195497,0,synthetic,615
193140014,as,51.66947116015399,51.456968642004,0.6519241031745793,0.0,99.34807589682542,0,synthetic,615
195690708,as,46.96589006016802,46.52667555908831,0.9372454332561072,0.0,99.0627545667439,0,synthetic,615
202934377,as,39.229921006008226,39.08577442402369,0.5369293845274972,0.0,99.46307061547247,0,synthetic,615
213603552,as,73.04509188601332,72.85168362665583,0.6219457522284415,0.0,99.37805424777154,0,synthetic,615
227509318,as,15.966990813594748,15.6514779829018,0.7943712365046318,0.0,99.20562876349535,0,synthetic,615
268333670,as,30.70182882787776,30.667582361794008,0.2617115438178246,0.0,99.73828845618216,0,synthetic,615
303740759,as,45.027652118913466,45.024679948884966,0.0770995464124175,0.0,99.9229004535876,0,synthetic,615
309215797,as,10.50698148999072,10.44844169893042,0.3421689379832781,0.0498275164950708,99.60800354552168,0,synthetic,615
323197707,as,71.87808121800117,71.8469124683122,0.2496747872291875,0.0246733505319854,99.72565186223883,0,synthetic,615
350402779,as,34.02604652379523,34.02470634865675,0.0517720994065733,0.0,99.94822790059344,0,synthetic,615
356954267,as,42.530769324899666,42.53018465910601,0.0341954907452164,0.0,99.96580450925478,0,synthetic,615
361761065,as,32.02139800257828,31.67356885458397,0.8340613262756094,0.0,99.16593867372436,0,synthetic,615
385332263,as,-10.310870599292684,-10.50593813081364,0.6246079274568288,0.0,99.37539207254318,0,synthetic,615
389603938,as,43.07500163129225,42.7232595983544,0.838739569756731,0.0,99.16126043024326,0,synthetic,615
396575567,as,39.38727293586271,39.19079057955651,0.6268689756339798,0.0,99.37313102436605,0,synthetic,615
425407835,as,38.13115268130059,38.131064702543625,0.0132648978110756,0.0,99.9867351021889,0,synthetic,615
444732558,as,19.831068615789263,19.515518192328063,0.7944185590243991,0.0059789473684204,99.19960249360716,0,synthetic,615
449245545,as,40.21694468331589,39.72234125188037,0.9945887908432473,0.0,99.00541120915676,0,synthetic,615
449593739,as,28.07422606299042,27.95606681684643,0.4861260045378923,0.0,99.51387399546212,0,synthetic,615
451288657,as,54.24949999502496,54.245800522820794,0.0860171169496695,0.0,99.91398288305034,0,synthetic,615
453402989,as,38.49044115934157,38.392846358329855,0.4418026731737132,0.0,99.55819732682627,0,synthetic,615
459302025,as,12.441899699071657,12.200842726091638,0.694344256086298,0.0,99.3056557439137,0,synthetic,615
475919068,as,27.97996497054191,27.62300038113942,0.844943299165684,0.0,99.1550567008343,0,synthetic,615
522928946,as,83.91898937722362,83.8681467735466,0.3188811806206999,0.0,99.6811188193793,0,synthetic,615
553623364,as,54.46252983765043,54.25850670713531,0.6387849881065257,0.0,99.36121501189346,0,synthetic,615
582179270,as,5.8170074897534505,5.708790966948794,0.4652236511714679,0.0018133333333335,99.5329630154952,0,synthetic,615
603013079,as,62.12171602672424,61.66654861039064,0.9541146852801328,0.0,99.04588531471984,0,synthetic,615
612614785,as,16.14551871024196,15.646555488901656,0.9989626833273632,0.0,99.00103731667264,0,synthetic,615
622236922,as,43.69476525525897,43.43599972376242,0.7193963184456118,0.0,99.2806036815544,0,synthetic,615
629899046,as,80.33120031398721,79.9332318680897,0.8921529531392087,0.0,99.10784704686075,0,synthetic,615
707844845,as,19.984158816663697,19.711767522657205,0.738093888345499,0.0,99.2619061116545,0,synthetic,615
722474854,as,41.931292100574865,41.644318606513025,0.7575928907557676,0.0,99.24240710924424,0,synthetic,615
732692615,as,33.45029569940925,33.450122619337215,0.0186053794393386,0.0,99.98139462056066,0,synthetic,615
744804721,as,63.37016770666196,63.16609652276928,0.6388602098936527,0.0,99.36113979010636,0,synthetic,615
789187642,as,39.44828346025315,38.99638053880241,0.9506870373059026,0.0,99.0493129626941,0,synthetic,615
851507639,as,52.54570560394495,52.35106538238941,0.6239234272818175,0.0,99.3760765727182,0,synthetic,615
864111288,as,76.00026830397292,75.81527008703128,0.6082733216928675,0.0,99.39172667830712,0,synthetic,615
865924799,as,21.202724533541183,20.74073763738028,0.9612355550653592,0.0,99.03876444493466,0,synthetic,615
870942306,as,62.52695309935734,62.15204638056983,0.8659176852189994,0.0,99.13408231478104,0,synthetic,615
874551896,as,67.18892411089655,66.7595133946346,0.9267261906970758,0.0354719180111514,99.03780189129176,0,synthetic,615
905308394,as,35.166649756190964,35.132529987806016,0.2612269832346905,0.0324923076923069,99.706280709073,0,synthetic,615
962972765,as,55.159550228037915,55.14296976697515,0.1821014061602461,0.0,99.81789859383974,0,synthetic,615
965465730,as,27.026384280186903,26.653664282228423,0.863388670250518,0.0,99.13661132974948,0,synthetic,615
968065134,as,28.44712652064663,28.251395529905967,0.6256692268933612,0.0,99.37433077310666,0,synthetic,615
984521277,as,33.77867902006983,33.5785908455245,0.6325949328683076,0.0,99.3674050671317,0,synthetic,615
985921782,as,32.36459648429627,32.303835565748514,0.3485998237169916,0.0,99.65140017628303,0,synthetic,615
994774750,as,28.25617010463793,27.899781509109673,0.8442613286515739,0.0,99.15573867134842,0,synthetic,615
997980576,as,8.448832195419527,8.448549815836957,0.0237646621086708,0.0,99.97623533789135,0,synthetic,615
1001532050,as,21.779856461032978,21.509549554154695,0.7352644515795418,0.029565217391304,99.23517033102917,0,synthetic,615
1008287579,as,41.05404398728024,41.03452064293859,0.1976023498931698,0.0,99.80239765010684,0,synthetic,615
1039067522,as,-5.648867715961387,-5.689395562591956,0.2847028156888127,0.0,99.71529718431118,0,synthetic,615
1064960827,as,45.3752482116779,45.35551964127953,0.198638215851695,0.0,99.80136178414833,0,synthetic,615
1094560733,as,37.43694136487102,37.26221504577803,0.5911451921363934,0.0452727877796835,99.36358202008392,0,synthetic,615
1103201918,as,42.79649712120954,42.79325164500073,0.0805664472198213,0.0,99.9194335527802,0,synthetic,615
1107442890,as,54.53086608666854,54.13865074659457,0.8856809132796801,0.0,99.11431908672031,0,synthetic,615
1109817981,as,26.517123184010416,26.44463293470107,0.3807630478640131,0.0,99.61923695213598,0,synthetic,615
1117479723,as,54.80647240942926,54.75990992468675,0.3051638403956354,0.0,99.69483615960436,0,synthetic,615
1136859353,as,39.727583502630296,39.34168107225403,0.8785242516587224,0.0,99.12147574834124,0,synthetic,615
1152564586,as,60.24060987168741,60.17858822577636,0.3521978021256,0.0,99.6478021978744,0,synthetic,615
1158524309,as,13.132348501716478,13.124097664123482,0.1284588462737836,0.0,99.87154115372624,0,synthetic,615
1167316122,as,30.928630080839863,30.555680673637827,0.8636543373387762,0.0,99.13634566266126,0,synthetic,615
1210500584,as,-0.2547848277172306,-0.6494297126402588,0.888419816216442,0.0172540069694581,99.09432617681408,0,synthetic,615
1221086428,as,15.991315339548237,15.661565600192905,0.8120957324790394,0.0,99.187904267521,0,synthetic,615
1240980348,as,40.59645720890149,40.17906394942852,0.9136665250220868,0.0,99.08633347497792,0,synthetic,615
1311016458,as,11.297410104742085,10.905794384271712,0.8850036389420917,0.0,99.11499636105792,0,synthetic,615
1321498069,as,63.50378335938876,63.0825453424812,0.917864932228662,0.0,99.0821350677713,0,synthetic,615
1346315091,as,43.037821603493285,42.67085544285456,0.8566985008026151,0.0,99.14330149919736,0,synthetic,615
1352909904,as,58.81569890729406,58.708355316830655,0.4633434805053475,0.0,99.53665651949466,0,synthetic,615
1355969104,as,53.27376025549711,53.221578571823635,0.3230531958469917,0.0,99.676946804153,0,synthetic,615
1364962393,as,48.99327110798731,48.65870350799309,0.8180068459300571,0.0,99.18199315406991,0,synthetic,615
1383645732,as,53.97266088720244,53.81996861860195,0.552616084819272,0.0,99.44738391518072,0,synthetic,615
1398741270,as,46.33844454686732,46.22031352549108,0.4860679404697319,0.0,99.51393205953028,0,synthetic,615
1409501092,as,19.74718350610965,19.715401643436227,0.252118474822546,0.0,99.74788152517746,0,synthetic,615
1458235927,as,37.00483907009948,36.978955226893255,0.2275251335840789,0.0,99.7724748664159,0,synthetic,615
1476032906,as,49.98749163979301,49.98689449850314,0.0345583937666065,0.0,99.96544160623344,0,synthetic,615
1499924103,as,68.10038468532366,67.76605627362395,0.8177143898693693,0.0,99.1822856101306,0,synthetic,615
1519039213,as,46.38888074035822,46.11419900163198,0.741190581060283,0.0,99.25880941893968,0,synthetic,615
1530334568,as,26.115876851057692,25.788533499375216,0.8091271243537381,0.0,99.19087287564624,0,synthetic,615
1547310865,as,63.28909759387716,63.11403462294059,0.5917144090464053,0.0,99.4082855909536,0,synthetic,615
1585822808,as,61.34061090357136,60.974722052185385,0.8554400638104012,0.0,99.1445599361896,0,synthetic,615
1610430699,as,2.745399652229026,2.6694345421524837,0.3897822727537559,0.0,99.61021772724624,0,synthetic,615
1615630773,as,43.472937844542685,43.159417050814305,0.7918595755920137,0.0,99.20814042440796,0,synthetic,615
1638957559,as,32.25022961308605,32.21747579012084,0.2559446149666335,0.0,99.74405538503338,0,synthetic,615
1639125072,as,65.80371630957598,65.58602096346445,0.6598414144497613,0.0498442447854583,99.29031434076477,0,synthetic,615
1658564002,as,51.80887045590316,51.43394256174578,0.8659421391263761,0.0579852023886525,99.076072658485,0,synthetic,615
1677194741,as,56.48152086867776,56.32446656561529,0.5604539286372692,0.0,99.43954607136271,0,synthetic,615
1690655709,as,51.20172294757322,50.95750277097499,0.6988850786763567,0.0,99.30111492132362,0,synthetic,615
1709491107,as,30.54823201642648,30.252673089635664,0.7688418911464421,0.0,99.2311581088536,0,synthetic,615
1710040823,as,60.25159001260363,60.04167091450894,0.6479492234653739,0.0,99.35205077653464,0,synthetic,615
1740456870,as,63.313357450377225,63.08695675808682,0.6729051824594652,0.0,99.32709481754054,0,synthetic,615
1764842796,as,53.1873055450269,52.80863937473267,0.8702484361310079,0.0,99.129751563869,0,synthetic,615
1773553992,as,68.29960350447072,68.25319350244983,0.304663755707466,0.0,99.69533624429252,0,synthetic,615
1788653630,as,31.69317404188041,31.3043636997043,0.8818280355898338,0.0,99.11817196441017,0,synthetic,615
1805032828,as,45.20191592273113,45.12696197503834,0.387179409816154,0.0,99.61282059018386,0,synthetic,615
1812834367,as,37.91018761610576,37.76793826570264,0.5333841962471695,0.0,99.4666158037528,0,synthetic,615
1822710255,as,61.88103574352317,61.58000456319836,0.7759267753142817,0.0179368421052631,99.20613638258048,0,synthetic,615
1827455806,as,50.3772487087972,50.0643123817732,0.7911211374043785,0.0,99.20887886259564,0,synthetic,615
1840954569,as,64.22269945768312,63.99536635990535,0.6742894004472753,0.0,99.32571059955274,0,synthetic,615
1844441823,as,26.222252404546452,25.773516906704305,0.9473494580587952,0.0,99.0526505419412,0,synthetic,615
1848589572,as,46.017587553405974,45.91135213376631,0.4609455925370556,0.0,99.53905440746294,0,synthetic,615
1894087679,as,56.16943757866102,55.74144224288589,0.9251976391832484,0.0,99.07480236081672,0,synthetic,615
1894646862,as,34.39337284130124,34.39155990241421,0.0602152619696092,0.0085471926106019,99.9312375454198,0,synthetic,615
1895926547,as,63.767906652657985,63.49489153927451,0.7389385811871954,0.0,99.26106141881284,0,synthetic,615
1948070446,as,13.08596106753066,12.594570882201484,0.9913527982803868,0.0,99.00864720171964,0,synthetic,615
1953490749,as,50.97877065590001,50.97865549455819,0.0151763857236115,0.0,99.9848236142764,0,synthetic,615
1979491417,as,57.91697840826055,57.89126224733571,0.2267869525560897,0.0,99.77321304744392,0,synthetic,615
1985479305,as,26.40548157315061,25.963501196303884,0.94019187068037,0.0,99.05980812931963,0,synthetic,615
2007414648,as,66.73280461888135,66.71397382579671,0.194065932531334,0.0,99.80593406746866,0,synthetic,615
2009557513,as,19.62230999066378,19.57417863833736,0.3102623158761622,0.0516869565217384,99.63805072760208,0,synthetic,615
2023655374,as,40.30112078789898,20.57630581310004,6.280894040628124,0.0,93.71910595937184,0,synthetic,615
2055578956,as,48.8851293984153,48.88497483963154,0.0175817396045658,0.0,99.98241826039542,0,synthetic,615
2057237114,as,49.63125925926943,49.55815520886093,0.3823716788897839,0.0,99.61762832111016,0,synthetic,615
2062231672,as,67.84994364465274,67.5848337344842,0.728161946504386,0.0,99.27183805349564,0,synthetic,615
2075766370,as,77.27335133965607,77.20844522468416,0.3602946432350088,0.0067585588804127,99.63294679788456,0,synthetic,615
2081685987,as,45.06672390070344,44.576225403711085,0.9904529236590248,0.0,99.00954707634097,0,synthetic,615
2097409267,as,72.85988062290744,72.84960233560493,0.1433756416028373,0.0,99.85662435839714,0,synthetic,615
2111651868,as,45.99563860256785,45.778094098770055,0.6596127709464055,0.0,99.34038722905356,0,synthetic,615
32568404,twap,4.299999999999272,4.299999999999272,0.0,0.0,100.0,0,synthetic,615
37364028,twap,-1.5,-1.5,0.0,0.0,100.0,0,synthetic,615
61060762,twap,2.850000000002183,2.850000000002183,0.0,0.0,100.0,0,synthetic,615
67196417,twap,-8.74646654281969,-9.179442284695964,0.9305651421327502,0.0002057142857138,99.06922914358154,0,synthetic,615
76594293,twap,31.000000000005457,29.000000000005457,2.0,0.0,98.0,0,synthetic,615
90257200,twap,-30.5,-43.0,5.0,0.0,95.0,0,synthetic,615
94550601,twap,19.30000000000473,14.80000000000473,3.0,0.0,97.0,0,synthetic,615
148538406,twap,12.599999999998545,12.599999999998545,0.0,0.0,100.0,0,synthetic,615
177424292,twap,6.548227419414616,6.5475990110264,0.0354516117607035,0.0,99.9645483882393,0,synthetic,615
179641510,twap,-104.60000000000036,-104.60000000000036,0.0,0.0,100.0,0,synthetic,615
192634188,twap,-1.0266941446607234,-7.270858295860226,3.533882893135963,0.0,96.46611710686405,0,synthetic,615
193140014,twap,15.200000000002548,15.200000000002548,0.0,0.0,100.0,0,synthetic,615
195690708,twap,20.350000000000364,15.850000000000364,3.0,0.0,97.0,0,synthetic,615
202934377,twap,41.85000000000037,41.35000000000037,1.0,0.0,99.0,0,synthetic,615
213603552,twap,20.75000000000182,20.75000000000182,0.0,0.0,100.0,0,synthetic,615
227509318,twap,-71.35000000000036,-71.35000000000036,0.0,0.0,100.0,0,synthetic,615
268333670,twap,-48.900000000001455,-50.900000000001455,2.0,0.0,98.0,0,synthetic,615
303740759,twap,15.849999999994909,11.349999999994909,3.0,0.0,97.0,0,synthetic,615
309215797,twap,-20.97050462921652,-21.400847479736637,0.9277314811087496,0.0722685188912504,99.0,0,synthetic,615
323197707,twap,53.350000000004,53.350000000004,0.0,0.0,100.0,0,synthetic,615
350402779,twap,5.89758165026069,5.701775789401403,0.6257888795101545,0.0,99.37421112048985,0,synthetic,615
356954267,twap,2.599999999998545,2.599999999998545,0.0,0.0,100.0,0,synthetic,615
361761065,twap,0.1000000000021827,0.1000000000021827,0.0,0.0,100.0,0,synthetic,615
385332263,twap,-67.94999999999891,-67.94999999999891,0.0,0.0,100.0,0,synthetic,615
389603938,twap,-4.061644890465686,-4.343158632336992,0.7503515734258258,0.0020938271604936,99.24755459941368,0,synthetic,615
396575567,twap,5.11401395070061,4.855014801911344,0.7197209859233857,0.0,99.2802790140766,0,synthetic,615
425407835,twap,6.699999999998909,6.699999999998909,0.0,0.0,100.0,0,synthetic,615
444732558,twap,-8.422161008924377,-8.445630127183959,0.2166523402115995,0.0206736842105265,99.76267397557788,0,synthetic,615
449245545,twap,9.349999999998545,9.349999999998545,0.0,0.0,100.0,0,synthetic,615
449593739,twap,-19.850000000002183,-21.850000000002183,2.0,0.0,98.0,0,synthetic,615
451288657,twap,25.39999999999418,23.39999999999418,2.0,0.0,98.0,0,synthetic,615
453402989,twap,-40.10000000000037,-40.10000000000037,0.0,0.0,100.0,0,synthetic,615
459302025,twap,-25.099999999998545,-25.599999999998545,1.0,0.0,99.0,0,synthetic,615
475919068,twap,-4.000000000001819,-4.000000000001819,0.0,0.0,100.0,0,synthetic,615
522928946,twap,49.100000000004,41.100000000004,4.0,0.0,96.0,0,synthetic,615
553623364,twap,17.049999999997453,12.549999999997452,3.0,0.0,97.0,0,synthetic,615
582179270,twap,-25.50677124268259,-25.692242946553517,0.6090512357280423,0.0213894736842112,99.36955929058774,0,synthetic,615
603013079,twap,31.450732631576106,30.955604914346186,0.9951157894736844,0.0048842105263156,99.0,0,synthetic,615
612614785,twap,-23.850000000004,-23.850000000004,0.0,0.0,100.0,0,synthetic,615
622236922,twap,-1.749999999998181,-1.749999999998181,0.0,0.0,100.0,0,synthetic,615
629899046,twap,48.19993025640542,47.701324155366635,0.9986051282051276,0.0013948717948724,99.0,0,synthetic,615
707844845,twap,-32.24999999999818,-32.24999999999818,0.0,0.0,100.0,0,synthetic,615
722474854,twap,-3.649999999999636,-3.649999999999636,0.0,0.0,100.0,0,synthetic,615
732692615,twap,-8.099999999998545,-8.099999999998545,0.0,0.0,100.0,0,synthetic,615
744804721,twap,40.75055145476654,36.283577920139024,2.988970904718718,0.0110290952812823,97.0,0,synthetic,615
789187642,twap,-47.849999999998545,-47.849999999998545,0.0,0.0,100.0,0,synthetic,615
851507639,twap,32.95000000000073,30.950000000000728,2.0,0.0,98.0,0,synthetic,615
864111288,twap,44.75000000000364,44.25000000000364,1.0,0.0,99.0,0,synthetic,615
865924799,twap,-18.94999999999709,-18.94999999999709,0.0,0.0,100.0,0,synthetic,615
870942306,twap,21.95571900998948,17.106036995624017,3.114380199771846,0.0,96.88561980022816,0,synthetic,615
874551896,twap,29.917512839050687,12.268030493250766,5.941293183440777,0.0587068165592229,94.0,0,synthetic,615
905308394,twap,-6.737073200089071,-7.139631944893775,0.8972833942570252,0.0550390186895762,99.0476775870534,0,synthetic,615
962972765,twap,21.49999999999818,21.49999999999818,0.0,0.0,100.0,0,synthetic,615
965465730,twap,1.1500000000050932,1.1500000000050932,0.0,0.0,100.0,0,synthetic,615
968065134,twap,-14.996533714283942,-16.981157667002307,1.9922971428571428,0.0077028571428572,98.0,0,synthetic,615
984521277,twap,-6.350000000000364,-8.350000000000364,2.0,0.0,98.0,0,synthetic,615
985921782,twap,5.400000000003274,5.400000000003274,0.0,0.0,100.0,0,synthetic,615
994774750,twap,3.951063479458753,3.4581282094277466,0.9929101369519868,0.0,99.007089863048,0,synthetic,615
997980576,twap,-30.19999999999891,-30.19999999999891,0.0,0.0,100.0,0,synthetic,615
1001532050,twap,-32.335703974322314,-32.567536631963904,0.6809297432798592,0.0568200000000006,99.26225025672014,0,synthetic,615
1008287579,twap,1.8189894035458565e-12,-0.499999999998181,1.0,0.0,99.0,0,synthetic,615
1039067522,twap,-43.39999999999963,-43.39999999999963,0.0,0.0,100.0,0,synthetic,615
1064960827,twap,9.250516164383953,4.760833531484722,2.9965589041095892,0.0034410958904109,97.0,0,synthetic,615
1094560733,twap,5.367712521681824,-6.811926257415159,4.935511884110296,0.0644881158897039,95.0,0,synthetic,615
1103201918,twap,-3.4500000000007276,-5.450000000000728,2.0,0.0,98.0,0,synthetic,615
1107442890,twap,25.49999999999636,25.49999999999636,0.0,0.0,100.0,0,synthetic,615
1109817981,twap,-8.850000000002183,-8.850000000002183,0.0,0.0,100.0,0,synthetic,615
1117479723,twap,33.39999999999418,33.39999999999418,0.0,0.0,100.0,0,synthetic,615
1136859353,twap,17.049999999997453,16.549999999997453,1.0,0.0,99.0,0,synthetic,615
1152564586,twap,32.207439752564824,19.800263691130304,4.9814006185880135,0.0185993814119863,95.0,0,synthetic,615
1158524309,twap,-52.79809365620349,-65.10818610570648,4.961873124033501,0.0,95.0381268759665,0,synthetic,615
1167316122,twap,5.999999999998181,3.999999999998181,2.0,0.0,98.0,0,synthetic,615
1210500584,twap,-35.91330682686021,-40.29182735399888,2.9592298076150407,0.0407701923849591,97.0,0,synthetic,615
1221086428,twap,-15.200000000000728,-15.200000000000728,0.0,0.0,100.0,0,synthetic,615
1240980348,twap,11.949999999998909,9.949999999998909,2.0,0.0,98.0,0,synthetic,615
1311016458,twap,-55.64999999999963,-56.14999999999963,1.0,0.0,99.0,0,synthetic,615
1321498069,twap,39.140219604722006,39.1208332745075,0.1969077459853309,0.0006499202337113,99.80244233378096,0,synthetic,615
1346315091,twap,12.849999999998545,12.849999999998545,0.0,0.0,100.0,0,synthetic,615
1352909904,twap,28.450000000000728,28.450000000000728,0.0,0.0,100.0,0,synthetic,615
1355969104,twap,23.689921900961053,7.4471476473431935,5.699609504802563,0.0,94.30039049519743,0,synthetic,615
1364962393,twap,-1.899999999999636,-1.899999999999636,0.0,0.0,100.0,0,synthetic,615
1383645732,twap,32.45266751519193,31.97285117686033,0.9796084302736504,0.0109862447013891,99.00940532502496,0,synthetic,615
1398741270,twap,11.450000000000728,11.320300477079154,0.5093123264197983,0.0,99.4906876735802,0,synthetic,615
1409501092,twap,-36.70768650831451,-44.104582325425085,3.846269833776766,0.0,96.15373016622324,0,synthetic,615
1458235927,twap,7.15000000001055,7.15000000001055,0.0,0.0,100.0,0,synthetic,615
1476032906,twap,1.6499999999978172,-2.850000000002183,3.0,0.0,97.0,0,synthetic,615
1499924103,twap,31.399999999996,31.399999999996,0.0,0.0,100.0,0,synthetic,615
1519039213,twap,8.400000000001455,8.400000000001455,0.0,0.0,100.0,0,synthetic,615
1530334568,twap,-19.850000000004,-19.850000000004,0.0,0.0,100.0,0,synthetic,615
1547310865,twap,44.06837696298135,9.488533177706124,8.316230370218856,0.0,91.68376962978114,0,synthetic,615
1585822808,twap,32.45000000000255,30.450000000002547,2.0,0.0,98.0,0,synthetic,615
1610430699,twap,-35.79999999999745,-35.79999999999745,0.0,0.0,100.0,0,synthetic,615
1615630773,twap,4.549999999999272,4.549999999999272,0.0,0.0,100.0,0,synthetic,615
1638957559,twap,15.850000000000364,13.850000000000364,2.0,0.0,98.0,0,synthetic,615
1639125072,twap,31.882367489075477,30.023050304377858,1.928376096459207,0.0716239035407931,98.0,0,synthetic,615
1658564002,twap,18.79999999999563,18.79999999999563,0.0,0.0,100.0,0,synthetic,615
1677194741,twap,52.79999999999927,52.79999999999927,0.0,0.0,100.0,0,synthetic,615
1690655709,twap,19.200000000000728,19.200000000000728,0.0,0.0,100.0,0,synthetic,615
1709491107,twap,-5.480658077756743,-6.33986548157069,1.3108832166245372,0.0028682926829269,98.68624849069252,0,synthetic,615
1710040823,twap,39.63745824934631,39.60599914747772,0.2508350129810006,0.0,99.749164987019,0,synthetic,615
1740456870,twap,27.600000000002183,27.600000000002183,0.0,0.0,100.0,0,synthetic,615
1764842796,twap,19.649999999997817,19.649999999997817,0.0,0.0,100.0,0,synthetic,615
1773553992,twap,21.650000000005093,19.650000000005093,2.0,0.0,98.0,0,synthetic,615
1788653630,twap,-5.249999999994543,-29.749999999994543,7.0,0.0,93.0,0,synthetic,615
1805032828,twap,-15.099999999998545,-15.099999999998545,0.0,0.0,100.0,0,synthetic,615
1812834367,twap,-10.561618908315722,-10.751463401414489,0.6161890831534822,0.0,99.38381091684651,0,synthetic,615
1822710255,twap,20.445125154294143,19.41168369192373,1.4376657903493544,0.040938666666666,98.52139554298398,0,synthetic,615
1827455806,twap,24.05000000000109,24.05000000000109,0.0,0.0,100.0,0,synthetic,615
1840954569,twap,50.100000000004,50.100000000004,0.0,0.0,100.0,0,synthetic,615
1844441823,twap,-47.94999999999891,-47.94999999999891,0.0,0.0,100.0,0,synthetic,615
1848589572,twap,17.449995661176217,12.950125825224411,2.999956611670177,4.3388329823281485e-05,97.0,0,synthetic,615
1894087679,twap,29.299999999993815,29.299999999993815,0.0,0.0,100.0,0,synthetic,615
1894646862,twap,-18.010594466029943,-18.471965330116223,0.9605944660326532,0.0394055339673467,99.0,0,synthetic,615
1895926547,twap,40.35000000000582,40.35000000000582,0.0,0.0,100.0,0,synthetic,615
1948070446,twap,-4.30000000000291,-4.30000000000291,0.0,0.0,100.0,0,synthetic,615
1953490749,twap,9.406712658612378,1.9152570112146812,3.870776575158452,0.0012574368845809,96.12796598795696,0,synthetic,615
1979491417,twap,38.54999999999745,34.04999999999745,3.0,0.0,97.0,0,synthetic,615
1985479305,twap,0.8499999999967258,0.8499999999967258,0.0,0.0,100.0,0,synthetic,615
2007414648,twap,36.50000000000364,36.50000000000364,0.0,0.0,100.0,0,synthetic,615
2009557513,twap,-12.849999999998545,-12.849999999998545,0.0,0.0,100.0,0,synthetic,615
2023655374,twap,8.200000000002547,8.200000000002547,0.0,0.0,100.0,0,synthetic,615
2055578956,twap,33.600000000000364,33.600000000000364,0.0,0.0,100.0,0,synthetic,615
2057237114,twap,15.849999999993088,15.849999999993088,0.0,0.0,100.0,0,synthetic,615
2062231672,twap,47.19995313887739,39.203701589655886,3.9990627775071257,0.0009372224928742,96.0,0,synthetic,615
2075766370,twap,46.45000000000255,46.45000000000255,0.0,0.0,100.0,0,synthetic,615
2081685987,twap,-0.5667498737439018,-1.457859002619319,1.3349974748106583,0.0,98.66500252518934,0,synthetic,615
2097409267,twap,39.218406471620256,35.75503512942447,2.631870567560565,0.0,97.36812943243945,0,synthetic,615
2111651868,twap,5.350000000002183,5.350000000002183,0.0,0.0,100.0,0,synthetic,615
32568404,ddpg,41.77812300722326,41.33231270913112,-0.9442566368229928,0.9989082959063492,99.9453483409166,0,synthetic,615
37364028,ddpg,50.01342042841134,49.77058213114238,-0.6969050111298543,1.0028527283112036,99.69405228281866,0,synthetic,615
61060762,ddpg,49.564534477605775,49.49517741477628,-0.3724434529683627,1.056466423301084,99.3159770296673,0,synthetic,615
67196417,ddpg,56.55877422080266,56.499051407047894,-0.3456090674584966,1.0207999999999973,99.32480906745847,0,synthetic,615
76594293,ddpg,57.49372762099483,57.492494031648675,-0.0496707025551219,0.9398832222710802,99.10978748028404,0,synthetic,615
90257200,ddpg,27.55961207349901,27.55387357685181,-0.1071307299256442,0.9477914610879816,99.15933926883766,0,synthetic,615
94550601,ddpg,62.747283952017824,62.48426095208877,-0.725290286615028,0.8468512699824845,99.87843901663254,0,synthetic,615
148538406,ddpg,54.15002442864534,53.98520199415619,-0.5741470795695982,0.6650896391985424,99.90905744037106,0,synthetic,615
177424292,ddpg,42.41538245490119,42.31424213410524,-0.4497562023940316,0.9343591580393,99.5153970443547,0,synthetic,615
179641510,ddpg,-23.88478519261844,-23.903896107512235,-0.1955040403357298,0.8706363115295667,99.32486772880615,0,synthetic,615
192634188,ddpg,33.98546981526488,33.647157556643045,-0.8225718918390457,0.9558779924667404,99.86669389937228,0,synthetic,615
193140014,ddpg,64.48095887431009,64.46526960593124,-0.177139879072174,0.987639321239288,99.18950055783289,0,synthetic,615
195690708,ddpg,56.85524086239093,56.65355081421461,-0.6351221113712171,0.7936000000000085,99.84152211137122,0,synthetic,615
202934377,ddpg,52.47237082726497,52.346399510313894,-0.5019388746671647,0.7648000000000066,99.73713887466714,0,synthetic,615
213603552,ddpg,75.14704310976776,74.95468994954838,-0.6202469834177068,0.8072426772555575,99.81300430616214,0,synthetic,615
227509318,ddpg,14.108360719208576,14.09988328100705,-0.1302108920292383,0.957905846622632,99.1723050454066,0,synthetic,615
268333670,ddpg,25.225663168186657,25.21287551939007,-0.1599227863475539,0.8097659711619646,99.3501568151856,0,synthetic,615
303740759,ddpg,51.85452527333291,51.775994269072136,-0.3963104950938794,0.9376000000000017,99.45871049509388,0,synthetic,615
309215797,ddpg,25.706934565683696,25.68328657851328,0.2174763765120783,0.7764773089676128,99.00604631452032,0,synthetic,615
323197707,ddpg,51.0135654557962,50.76536702821496,-0.7045543663639273,1.0911999999999826,99.61335436636396,0,synthetic,615
350402779,ddpg,40.26799271821801,40.20355843030524,-0.3589826957187887,1.023854820767372,99.33512787495144,0,synthetic,615
356954267,ddpg,49.61045402119635,49.565928391165265,-0.298414577496074,1.0783999999999934,99.22001457749604,0,synthetic,615
361761065,ddpg,45.75294168590881,45.60417320847626,-0.5454694811491188,1.024402171533436,99.52106730961567,0,synthetic,615
385332263,ddpg,3.506586790383153,3.454260624336374,-0.3235001268833734,0.720000000000001,99.60350012688338,0,synthetic,615
389603938,ddpg,50.77827509096824,50.57987346152444,-0.629923216660247,1.2753914293524296,99.35453178730778,0,synthetic,615
396575567,ddpg,53.45387421365376,53.43102452109402,-0.2137741451146382,0.9344000000000016,99.27937414511464,0,synthetic,615
425407835,ddpg,48.98908279247007,48.9474951726262,-0.2884011783744165,0.9812999999999864,99.30710117837444,0,synthetic,615
444732558,ddpg,30.920022242897176,30.76255385888003,-0.5611922736765828,0.7520000000000121,99.80919227367654,0,synthetic,615
449245545,ddpg,52.01121879108541,51.990710553532885,-0.2025252455992769,0.9310044776314714,99.27152076796784,0,synthetic,615
449593739,ddpg,38.063400868077224,37.8004664763559,-0.7251681070225307,0.9760000000000038,99.74916810702253,0,synthetic,615
451288657,ddpg,69.62109208565198,69.3902023934934,-0.6795435117173745,0.9183999999999934,99.76114351171738,0,synthetic,615
453402989,ddpg,50.14079318293989,49.95290091628813,-0.6130126697740576,0.7616000000000113,99.85141266977406,0,synthetic,615
459302025,ddpg,24.81303033765289,24.423456618114898,-0.8826932870912712,0.9801482768890606,99.90254501020222,0,synthetic,615
475919068,ddpg,42.015042167029605,41.572813820475425,-0.9404555774242388,1.04000000000002,99.9004555774242,0,synthetic,615
522928946,ddpg,93.33001040788258,93.27909503403856,-0.3191093036689383,0.8999000000000015,99.41920930366894,0,synthetic,615
553623364,ddpg,58.646047137524874,58.63382782900343,-0.1563285547905297,0.952471985379716,99.20385656941085,0,synthetic,615
582179270,ddpg,19.161874645351418,19.137868575090693,-0.219116728073071,1.1552000000000036,99.0639167280731,0,synthetic,615
603013079,ddpg,60.73931880625969,60.59286728419709,-0.5412051774744897,1.0367999999999833,99.5044051774745,0,synthetic,615
612614785,ddpg,23.786579244306267,23.785839235450776,0.0384709983102139,0.9312000000000046,99.0303290016898,0,synthetic,615
622236922,ddpg,52.99357725232221,52.93438984751872,-0.3440564046882121,0.9404122114705196,99.40364419321769,0,synthetic,615
629899046,ddpg,80.37343223068274,80.00209950414641,-0.8617803972431983,1.0143999999999989,99.8473803972432,0,synthetic,615
707844845,ddpg,26.453498471464627,26.04171346245103,-0.9075075856582112,1.0687999999999966,99.83870758565824,0,synthetic,615
722474854,ddpg,44.1414798990827,43.82269468546856,-0.7984800731566583,0.9595492723343854,99.8389308008223,0,synthetic,615
732692615,ddpg,42.78529414825789,42.78497704821103,0.0251833296789336,0.8287999999999802,99.14601667032107,0,synthetic,615
744804721,ddpg,66.12318074144787,65.73430094372435,-0.8819067952153643,1.0609773515019103,99.82092944371344,0,synthetic,615
789187642,ddpg,43.66933701090602,43.30490049364063,-0.8537406131435775,0.9280000000000193,99.92574061314356,0,synthetic,615
851507639,ddpg,74.62795401226322,74.52143229397392,-0.4615662862239857,1.034432264296759,99.4271340219272,0,synthetic,615
864111288,ddpg,71.77382997980749,71.77344122093372,-0.0278840052278457,1.0038000000000105,99.02408400522782,0,synthetic,615
865924799,ddpg,32.26143674602281,31.737211705062975,-1.0239385147164193,1.0714749442878848,99.9524635704285,0,synthetic,615
870942306,ddpg,61.00599250455889,61.00490304683396,-0.0466788544188738,0.9861232367210008,99.0605556176979,0,synthetic,615
874551896,ddpg,68.22381463897,67.95213104059266,-0.7371344495780171,0.8626691077619254,99.87446534181608,0,synthetic,615
905308394,ddpg,41.15676518115651,40.93624320754412,-0.6641113966984643,0.876799999999993,99.78731139669848,0,synthetic,615
962972765,ddpg,66.19348397741851,65.88585412387992,-0.7843849227752764,1.0847999999999929,99.69958492277529,0,synthetic,615
965465730,ddpg,41.77272716889638,41.75697943429744,-0.1774696289450152,1.0654999999999928,99.11196962894503,0,synthetic,615
968065134,ddpg,39.83767440693191,39.52397776231671,-0.7920816177834149,1.2512000000000094,99.5408816177834,0,synthetic,615
984521277,ddpg,44.099527328704426,44.09543825174373,-0.09043314614338,1.0751999999999944,99.01523314614336,0,synthetic,615
985921782,ddpg,42.64686456354502,42.581558777895,-0.361402229240563,0.6239999999999855,99.7374022292406,0,synthetic,615
994774750,ddpg,34.61960997716051,34.0887382060179,-1.0304094051808808,1.0549296722910235,99.97547973288988,0,synthetic,615
997980576,ddpg,25.277717495906472,25.229927663623595,-0.3091596101785465,1.0495999999999968,99.25955961017858,0,synthetic,615
1001532050,ddpg,35.58296569054437,35.39478447474254,-0.6134838478751168,0.937600000000026,99.67588384787506,0,synthetic,615
1008287579,ddpg,42.11099594121333,42.10342919856747,-0.1230182315420528,0.921301155913057,99.20171707562902,0,synthetic,615
1039067522,ddpg,6.156840354378801,6.137093461601979,-0.1987304343920273,0.8147916271301731,99.38393880726188,0,synthetic,615
1064960827,ddpg,58.97507214266625,58.82089862748846,-0.5552900416499273,0.9759999999999788,99.57929004164994,0,synthetic,615
1094560733,ddpg,41.28141387985488,41.18955732190287,-0.428617680344643,0.7759979479135647,99.65261973243106,0,synthetic,615
1103201918,ddpg,53.995370102060406,53.97918771855763,-0.1799021039497412,0.9887999999999806,99.19110210394976,0,synthetic,615
1107442890,ddpg,70.05444087916294,69.94292121494492,-0.472270397586005,1.049599999999995,99.42267039758602,0,synthetic,615
1109817981,ddpg,36.814334083488575,36.54099038201728,-0.7393831232470707,1.0898421369843716,99.64954098626268,0,synthetic,615
1117479723,ddpg,51.55472431078306,51.44332972633123,-0.4720054755017806,0.806399999999978,99.66560547550176,0,synthetic,615
1136859353,ddpg,53.087438197524534,52.74049044157135,-0.8330039086981325,1.0529575702024705,99.78004633849564,0,synthetic,615
1152564586,ddpg,66.15110868829106,66.11245241145868,-0.2780513507695543,1.0656000000000183,99.21245135076954,0,synthetic,615
1158524309,ddpg,28.52884414273285,28.12769454531254,-0.8957115578357924,1.2416000000000005,99.65411155783578,0,synthetic,615
1167316122,ddpg,44.78483414426046,44.64512424184652,-0.5286017450102451,0.964416301638749,99.56418544337149,0,synthetic,615
1210500584,ddpg,22.25915457153133,22.249475021089378,0.1391369860386003,0.6871804132264002,99.17368260073503,0,synthetic,615
1221086428,ddpg,32.69972109247465,-118.27980807941267,17.376969193267698,1.033683377822888,81.58934742890942,0,synthetic,615
1240980348,ddpg,60.61046369972428,60.60090006252906,-0.1383013896909147,0.9558000000000004,99.18250138969094,0,synthetic,615
1311016458,ddpg,14.58632598600343,14.249620135279724,-0.8206166592553483,1.0990332098518625,99.72158344940348,0,synthetic,615
1321498069,ddpg,59.6298624044357,59.622632876859136,-0.1202458113745369,0.9254422617445665,99.19480354962997,0,synthetic,615
1346315091,ddpg,55.26457562001269,54.80556945311539,-0.9581296017734764,1.0030920613088514,99.95503754046464,0,synthetic,615
1352909904,ddpg,57.88341050730742,57.75746796726169,-0.501881539899057,1.1456000000000133,99.35628153989902,0,synthetic,615
1355969104,ddpg,63.75094544771855,63.694303211821314,-0.3365775865895961,0.8552000000000191,99.4813775865896,0,synthetic,615
1364962393,ddpg,50.81360382919229,50.794634156222145,-0.1947802503856361,0.707200000000008,99.4875802503856,0,synthetic,615
1383645732,ddpg,64.2259103545639,63.73148856858364,-0.9944061403473408,1.1327724615210977,99.86163367882624,0,synthetic,615
1398741270,ddpg,56.968400672792995,56.81494195184607,-0.5540013013467108,0.9222484658630368,99.63175283548368,0,synthetic,615
1409501092,ddpg,27.87207597734232,27.86517418471179,-0.1174886601381467,0.9158744193336608,99.20161424080452,0,synthetic,615
1458235927,ddpg,50.31114475164941,49.892759263560635,-0.9147518659054724,0.9899855557334848,99.924766310172,0,synthetic,615
1476032906,ddpg,54.88177062509021,54.729367154106946,-0.5520932366607396,0.918400000000017,99.63369323666068,0,synthetic,615
1499924103,ddpg,65.00190778188335,64.87969637555292,-0.4943913557707545,0.951927010258246,99.5424643455125,0,synthetic,615
1519039213,ddpg,49.23874094901112,48.9580421635363,-0.7492646868427962,0.9919799543836272,99.7572847324592,0,synthetic,615
1530334568,ddpg,36.998521441557386,36.93837155340183,-0.3468425814560815,0.9207001237620296,99.42614245769408,0,synthetic,615
1547310865,ddpg,63.630976763288345,63.600049247146075,-0.2487067194197497,0.9536000000000006,99.29510671941972,0,synthetic,615
1585822808,ddpg,65.02809176489063,65.01156411106989,-0.1818111867886379,0.9029020368368718,99.27890914995176,0,synthetic,615
1610430699,ddpg,15.87744103026489,15.714284933097163,-0.5712374237875626,1.0045172617160738,99.56672016207146,0,synthetic,615
1615630773,ddpg,54.698793822637526,54.69160026131799,0.1199463323285682,0.787200000000008,99.09285366767143,0,synthetic,615
1638957559,ddpg,41.953833954696165,41.56849222004743,-0.8778857951336675,0.9154303354689964,99.96245545966468,0,synthetic,615
1639125072,ddpg,67.77947428499465,67.64788030592915,-0.5130184773777537,0.9881584482198862,99.52486002915786,0,synthetic,615
1658564002,ddpg,62.5405414219058,62.42327021488306,-0.484295791893219,0.7680731871110523,99.71622260478216,0,synthetic,615
1677194741,ddpg,68.99303901218809,68.99291220262168,-0.0159254241021299,0.8800000000000038,99.13592542410214,0,synthetic,615
1690655709,ddpg,63.058092303357625,63.03973970606595,-0.1915859978791467,1.0783999999999971,99.11318599787911,0,synthetic,615
1709491107,ddpg,42.766120094500366,42.420101825971635,-0.8318873343533151,0.9727999999999992,99.85908733435332,0,synthetic,615
1710040823,ddpg,70.30354864201763,70.2933122306891,-0.1430832717583086,1.010650208632209,99.13243306312609,0,synthetic,615
1740456870,ddpg,70.37368815169066,70.13891409032287,-0.6852358154209148,0.99828353884036,99.68695227658056,0,synthetic,615
1764842796,ddpg,67.74078724896026,67.58232473118987,-0.562960953833187,0.9482070752366484,99.61475387859656,0,synthetic,615
1773553992,ddpg,76.4188122747164,76.39665820978556,-0.2104949639817522,0.7609122519128703,99.44958271206887,0,synthetic,615
1788653630,ddpg,45.05673396197017,44.74764293235852,-0.786245546393299,0.8384000000000068,99.9478455463933,0,synthetic,615
1805032828,ddpg,46.030790166854786,46.030294559682694,-0.0314835567269814,0.8416000000000058,99.189883556727,0,synthetic,615
1812834367,ddpg,51.53924789178018,51.26071622457301,-0.7463667559680962,0.7967999999999877,99.9495667559681,0,synthetic,615
1822710255,ddpg,66.54825292973146,66.54690587663049,0.05190478014549,0.8095999999999978,99.1384952198545,0,synthetic,615
1827455806,ddpg,54.80438864727512,54.75022672157702,-0.3291258898904663,1.01320000000001,99.31592588989048,0,synthetic,615
1840954569,ddpg,69.9632240787414,69.95586767532266,-0.121296359539233,0.8793512064592085,99.24194515308002,0,synthetic,615
1844441823,ddpg,28.493748050763315,28.4444875070903,-0.3138806896673161,0.7967999999999902,99.51708068966732,0,synthetic,615
1848589572,ddpg,50.353701954472854,50.353680279703184,0.0065840367055227,0.9718130697546186,99.02160289353988,0,synthetic,615
1894087679,ddpg,58.0682920577965,57.9573403714441,-0.4710662084089745,0.8480000000000065,99.62306620840891,0,synthetic,615
1894646862,ddpg,43.07403930282635,43.01156663481571,0.3534760755995919,0.6250209320122845,99.02150299238812,0,synthetic,615
1895926547,ddpg,62.83562495269325,62.80857399456591,0.232598186266961,-0.0224302190057812,99.7898320327388,0,synthetic,615
1948070446,ddpg,31.531766498623256,31.194597340920776,-0.821181049102427,0.9119999999999872,99.90918104910244,0,synthetic,615
1953490749,ddpg,57.14509551591982,56.998266951955046,-0.5419014005606149,1.0176000000000014,99.52430140056065,0,synthetic,615
1979491417,ddpg,66.44011381233213,66.19279006764695,-0.7033118009605284,0.9455,99.7578118009605,0,synthetic,615
1985479305,ddpg,38.6164033901714,38.22392049472773,-0.8859829518040068,0.8953505128532344,99.99063243895075,0,synthetic,615
2007414648,ddpg,77.56622827636056,77.55414149682647,0.1554784842612109,0.8351999999999971,99.0093215157388,0,synthetic,615
2009557513,ddpg,37.022992025908025,36.92559723439552,-0.4413497287016357,0.6051536708628076,99.83619605783883,0,synthetic,615
2023655374,ddpg,38.19901290212874,-609.4082291051002,35.98908840210402,0.8955996281069076,63.11531196978907,0,synthetic,615
2055578956,ddpg,56.38444686966432,55.82276187149608,-1.059891502153156,1.082103273504683,99.97778822864844,0,synthetic,615
2057237114,ddpg,54.85986864161532,54.48291247856777,-0.8682812482687294,1.0207999999999966,99.84748124826876,0,synthetic,615
2062231672,ddpg,73.81607654259642,73.49484762309761,-0.8015346773518979,0.9015716981417304,99.89996297921012,0,synthetic,615
2075766370,ddpg,82.83932380297483,82.6948962203622,-0.5374524771784626,1.113599999999995,99.42385247717851,0,synthetic,615
2081685987,ddpg,48.158514240318254,47.9815792330555,-0.5948697458482077,1.0905323128325883,99.5043374330156,0,synthetic,615
2097409267,ddpg,82.56446952079568,82.19723587728541,-0.8570106691404458,1.005451425028659,99.85155924411175,0,synthetic,615
2111651868,ddpg,55.36595566119104,55.365915564207434,-0.0089551084419334,0.944000000000028,99.06495510844192,0,synthetic,615
32568404,td3,40.82714885084715,40.820913054721544,-0.1116762832978394,0.9989082959063492,99.11276798739146,0,synthetic,615
37364028,td3,49.05157726933248,48.89915937317464,-0.5521193641919107,1.0028527283112036,99.5492666358807,0,synthetic,615
61060762,td3,47.37232477024372,47.19851866623221,-0.589586472048856,1.056466423301084,99.5331200487478,0,synthetic,615
67196417,td3,47.07916150690107,46.839410535186715,-0.6924607883690679,1.0207999999999973,99.67166078836908,0,synthetic,615
76594293,td3,67.78664103688789,67.77447025982785,-0.1560178006513397,0.9398832222710802,99.21613457838026,0,synthetic,615
90257200,td3,10.867150134496114,10.801652333353973,-0.3619331461531018,0.9477914610879816,99.41414168506512,0,synthetic,615
94550601,td3,53.917730598155686,53.83805000144388,-0.3992006931652386,0.8468512699824845,99.55234942318276,0,synthetic,615
148538406,td3,50.20693718737675,50.204994376576465,-0.0623347543556189,0.6650896391985424,99.3972451151571,0,synthetic,615
177424292,td3,42.50967766343274,42.42309281331952,-0.4161366364866645,0.9343591580393,99.48177747844734,0,synthetic,615
179641510,td3,-33.16252983216327,-33.301255881139234,-0.5267372190684129,0.8706363115295667,99.65610090753889,0,synthetic,615
192634188,td3,22.940131234105134,22.87504548698597,-0.3607928688850843,1.0138371949883422,99.34695567389672,0,synthetic,615
193140014,td3,62.74819623376061,62.624997618750065,-0.4963841556910261,0.987639321239288,99.50874483445172,0,synthetic,615
195690708,td3,58.23418740664238,58.21153667241816,-0.2128414161962456,0.7936000000000085,99.4192414161962,0,synthetic,615
202934377,td3,61.441133530359366,61.42156854099418,-0.1978129892862592,0.7648000000000066,99.43301298928624,0,synthetic,615
213603552,td3,89.7945488972855,89.78201818108036,0.1583080301508997,0.8072426772555575,99.03444929259354,0,synthetic,615
227509318,td3,12.35869797815758,12.304762004698592,-0.3284386501585555,0.957905846622632,99.37053280353592,0,synthetic,615
268333670,td3,18.661416522039872,18.60821546543526,-0.3261933678191803,0.8097659711619646,99.51642739665722,0,synthetic,615
303740759,td3,52.182168940151314,52.18216696715431,-0.001986452620363,0.9376000000000017,99.06438645262035,0,synthetic,615
309215797,td3,16.300410253990776,16.298620811685968,0.0598237796333517,0.782481287118686,99.15769493324795,0,synthetic,615
323197707,td3,76.2443372887301,76.12825313895473,-0.4818384579407604,1.0911999999999826,99.39063845794078,0,synthetic,615
350402779,td3,35.35494718859445,35.25620589247379,-0.4443901351755384,1.023854820767372,99.42053531440818,0,synthetic,615
356954267,td3,45.98636862546664,45.97121770074727,-0.1740742641482067,1.0783999999999934,99.0956742641482,0,synthetic,615
361761065,td3,36.683634438601075,36.67933721173066,-0.0927062767067072,1.024402171533436,99.06830410517328,0,synthetic,615
385332263,td3,0.3956146529089892,0.288023913720326,-0.4638765766638001,0.720000000000001,99.74387657666378,0,synthetic,615
389603938,td3,47.03175326064411,46.309350760412606,-1.2020004161659048,1.2753914293524296,99.92660898681346,0,synthetic,615
396575567,td3,46.87889316797191,46.70190306664589,-0.5949623539788331,0.9344000000000016,99.66056235397882,0,synthetic,615
425407835,td3,43.9508323057853,43.84480976709022,-0.460483525644684,1.0175999999999863,99.44288352564467,0,synthetic,615
444732558,td3,23.342459298804897,23.11347113865611,-0.676739477419173,0.7520000000000121,99.92473947741918,0,synthetic,615
449245545,td3,54.45006557693341,54.389912021094695,-0.346853155784161,0.9310044776314714,99.41584867815271,0,synthetic,615
449593739,td3,25.29354222920665,25.213960963023133,-0.3989517920338656,0.9760000000000038,99.42295179203388,0,synthetic,615
451288657,td3,72.54464931903931,72.5445428109827,0.014595071537981,0.9183999999999934,99.06700492846204,0,synthetic,615
453402989,td3,40.22422702313088,40.22145647708235,0.0744385121899818,0.7552000000000118,99.17036148781004,0,synthetic,615
459302025,td3,12.523132295980758,12.426993103368185,-0.4384955931650258,0.9801482768890606,99.45834731627596,0,synthetic,615
475919068,td3,36.00947077733326,35.98140486863156,-0.2369215427170092,1.04000000000002,99.19692154271698,0,synthetic,615
522928946,td3,88.0942578438724,88.09404776453401,0.0204977724834184,0.4832000000000017,99.4963022275166,12,synthetic,615
553623364,td3,68.6879709781424,68.6136618058305,-0.3855104987205882,0.952471985379716,99.43303851334086,0,synthetic,615
582179270,td3,4.507991526161277,4.101859979462223,-0.9012563971468436,1.1552000000000036,99.74605639714687,0,synthetic,615
603013079,td3,72.90873918058242,72.84626066231253,-0.3534926258633353,1.0367999999999833,99.31669262586334,0,synthetic,615
612614785,td3,8.406433123673196,8.399216489800523,-0.1201385356384318,0.9312000000000046,99.1889385356384,0,synthetic,615
622236922,td3,57.73972366796988,57.43462788617394,-0.7811475939871305,0.9404122114705196,99.84073538251664,0,synthetic,615
629899046,td3,95.93736322255428,95.89277669938085,-0.2986185632992044,1.0143999999999989,99.2842185632992,0,synthetic,615
707844845,td3,19.83010627940712,19.266736633293007,-1.061479765340924,1.0687999999999966,99.99267976534097,0,synthetic,615
722474854,td3,46.53756286281714,46.537562248670376,0.0011082840483033,0.9595492723343854,99.0393424436173,0,synthetic,615
732692615,td3,37.70423281962576,37.53805720279897,-0.5764991185193429,0.8287999999999802,99.74769911851934,0,synthetic,615
744804721,td3,75.99800690659322,75.65134973157144,-0.832655000611626,1.0609773515019103,99.7716776491097,0,synthetic,615
789187642,td3,39.573197808962504,39.55622194175956,-0.1842599641970338,0.9280000000000193,99.256259964197,0,synthetic,615
851507639,td3,75.90977930673398,75.90147436145054,-0.1288793643950438,1.034432264296759,99.0944471000983,0,synthetic,615
864111288,td3,91.81045261857616,91.56191817192467,-0.7050311293148301,1.0048000000000104,99.70023112931482,0,synthetic,615
865924799,td3,22.8921135652472,22.531324241894264,-0.8494578545789491,1.0714749442878848,99.77798291029106,0,synthetic,615
870942306,td3,66.77746480262431,66.5286854791579,-0.7053783714665616,0.9861232367210008,99.71925513474554,0,synthetic,615
874551896,td3,80.34980036908564,80.31767998229788,-0.2534576366486986,0.8626691077619254,99.3907885288868,0,synthetic,615
905308394,td3,35.96811860721391,35.885873274079216,-0.4055744891747873,0.876799999999993,99.5287744891748,0,synthetic,615
962972765,td3,69.88174898488796,69.76859603410175,-0.4757161985600604,1.0847999999999929,99.39091619856008,0,synthetic,615
965465730,td3,37.69742106178819,37.37329900047253,-0.8051360895099227,1.0687999999999929,99.73633608950992,0,synthetic,615
968065134,td3,31.85862484838799,31.511526260489667,-0.8331849589356779,1.2480000000000084,99.58518495893568,0,synthetic,615
984521277,td3,34.761179083152456,34.75439587194218,-0.1164749862440341,1.0751999999999944,99.04127498624403,0,synthetic,615
985921782,td3,42.683429177870494,42.52809342748761,-0.5573791355673121,0.6239999999999855,99.93337913556732,0,synthetic,615
994774750,td3,34.080021018442494,33.61918706129232,-0.9600353713797978,1.0549296722910235,99.9051056990888,0,synthetic,615
997980576,td3,9.703524575908888,9.694512744715375,-0.1342522341974916,1.0495999999999968,99.08465223419748,0,synthetic,615
1001532050,td3,28.685337258802974,28.683845341413207,0.0546244888262834,0.937600000000026,99.00777551117363,0,synthetic,615
1008287579,td3,37.10648588787262,37.07278223844308,-0.2596291564117662,0.921301155913057,99.3383280004987,0,synthetic,615
1039067522,td3,-18.350118054899212,-18.571981365168277,-0.6661280811811883,0.8179304305328434,99.84819765064832,0,synthetic,615
1064960827,td3,60.82783246686995,60.800698262692,-0.2329558077316171,0.9759999999999788,99.25695580773164,0,synthetic,615
1094560733,td3,44.220499618202666,44.21906192823268,-0.0536225693153767,0.7759979479135647,99.2776246214018,0,synthetic,615
1103201918,td3,50.435605724438574,50.43494103014588,-0.036460781469773,0.9887999999999806,99.0476607814698,0,synthetic,615
1107442890,td3,75.64324905734611,75.09983195638337,-1.042513406113074,1.049599999999995,99.99291340611308,0,synthetic,615
1109817981,td3,25.482972784099186,25.146874681297792,-0.8198757257065111,0.9929453875121668,99.8269303381944,3,synthetic,615
1117479723,td3,68.48957943419555,68.1831765110477,-0.7828191657692625,0.806399999999978,99.97641916576929,0,synthetic,615
1136859353,td3,57.31239830326376,57.29166157997065,-0.2036503046553708,1.0529575702024705,99.15069273445292,0,synthetic,615
1152564586,td3,77.17708821290034,76.80276089303811,-0.8652483110208644,1.0656000000000183,99.79964831102085,0,synthetic,615
1158524309,td3,15.85986843632818,15.83317734039616,-0.2310458652822842,1.1648,99.06624586528228,3,synthetic,615
1167316122,td3,44.501109732205805,44.485112760423135,-0.1788685091494208,0.964416301638749,99.21445220751067,0,synthetic,615
1210500584,td3,3.7939325896895753,3.628502756253561,-0.5752040219539748,0.6871804132264002,99.88802360872756,0,synthetic,615
1221086428,td3,12.2234835102754,12.070843223791869,-0.5525220112964395,1.033683377822888,99.51883863347356,0,synthetic,615
1240980348,td3,55.06317761418904,54.82516230116375,-0.6899497271907427,0.9568000000000004,99.73314972719072,0,synthetic,615
1311016458,td3,1.2637213340312885,0.8354014000872354,-0.9255484146645738,1.0990332098518625,99.82651520481268,0,synthetic,615
1321498069,td3,77.94076383017273,77.93813487712723,0.0725114204178053,0.9254422617445665,99.0020463178376,0,synthetic,615
1346315091,td3,56.08891717576262,55.80834744111424,-0.7490924304094575,1.0030920613088514,99.74600036910064,0,synthetic,615
1352909904,td3,63.14439875237986,62.711740653389995,-0.9302237354420289,1.1456000000000133,99.78462373544198,0,synthetic,615
1355969104,td3,58.762261920148376,58.74300487757139,-0.1962500577171393,1.0272000000000217,99.16905005771712,0,synthetic,615
1364962393,td3,53.77828430573027,53.75455033338264,-0.217871394853147,0.707200000000008,99.51067139485312,0,synthetic,615
1383645732,td3,68.97011843645123,68.9554829724478,-0.1710874864122915,1.1327724615210977,99.03831502489116,0,synthetic,615
1398741270,td3,53.59942123490873,53.58939256996764,-0.1416239029337326,0.9222484658630368,99.21937543707068,0,synthetic,615
1409501092,td3,17.81768185726105,17.783468274390806,-0.2615858668592131,0.9158744193336608,99.3457114475256,0,synthetic,615
1458235927,td3,48.65916207169721,48.64790207609475,-0.1500666225545057,1.0048149103211668,99.14525171223336,0,synthetic,615
1476032906,td3,62.262625606395886,62.22358974149151,-0.2794131883228727,0.918400000000017,99.36101318832284,0,synthetic,615
1499924103,td3,82.68849750535992,82.60847978861082,-0.4000442894207854,0.9881922102699754,99.4118520791508,0,synthetic,615
1519039213,td3,50.376587301178006,50.28988190724253,-0.4164262093948495,0.9919799543836272,99.4244462550112,0,synthetic,615
1530334568,td3,27.69506031122364,27.377220067103472,-0.7972957344927524,0.9207001237620296,99.87659561073072,0,synthetic,615
1547310865,td3,76.5226357357933,76.51356394036621,-0.1346981471817069,0.9536000000000006,99.18109814718169,0,synthetic,615
1585822808,td3,75.33699696135955,75.27809218456053,-0.3432339633515621,0.9029020368368718,99.4403319265147,0,synthetic,615
1610430699,td3,6.002103947945216,5.9272752213888085,-0.3868558557302897,1.0045172617160738,99.3823385940142,0,synthetic,615
1615630773,td3,52.772350064440616,52.76857666824189,-0.0868722763455777,0.787200000000008,99.2996722763456,0,synthetic,615
1638957559,td3,36.70756916137907,36.46005060027344,-0.7035887450856882,0.9154303354689964,99.78815840961671,0,synthetic,615
1639125072,td3,69.97318027127949,69.84011473267839,-0.5158789365754473,0.9881584482198862,99.52772048835556,0,synthetic,615
1658564002,td3,62.71836935610918,62.45798997359833,-0.7216361721959973,0.7680731871110523,99.95356298508494,0,synthetic,615
1677194741,td3,79.86664120549176,79.69496359533046,-0.5859652040203333,0.8800000000000038,99.70596520402032,0,synthetic,615
1690655709,td3,63.872059534211076,63.81682981086664,-0.3323543992320261,1.0783999999999971,99.25395439923204,0,synthetic,615
1709491107,td3,32.34001460259242,32.31068321079027,-0.2422040123620746,0.9791999999999988,99.26300401236207,0,synthetic,615
1710040823,td3,81.70780754466432,81.21174058675413,-0.9960591929300108,1.010650208632209,99.9854089842978,0,synthetic,615
1740456870,td3,70.58061474001806,61.85823006331265,4.176693591037154,0.9472000000000008,94.87610640896284,0,synthetic,615
1764842796,td3,65.70548437145044,65.64748553144567,-0.3405843214382459,0.9791992097628124,99.36138511167545,0,synthetic,615
1773553992,td3,82.81527363853638,82.76104461447139,-0.3293296951839953,0.7609122519128703,99.56841744327116,0,synthetic,615
1788653630,td3,41.82044985110588,41.817926955738834,0.0710337295521122,0.8384000000000068,99.09056627044788,0,synthetic,615
1805032828,td3,49.60223333146132,49.5908942948866,0.1505924073432495,0.8416000000000058,99.00780759265676,0,synthetic,615
1812834367,td3,51.38464900540384,51.3359118282256,-0.3122088313236686,0.7967999999999877,99.51540883132364,0,synthetic,615
1822710255,td3,75.97545181556234,75.8077967720714,-0.5790596575326797,0.8095999999999978,99.76945965753268,0,synthetic,615
1827455806,td3,63.445853280185474,63.22456535681389,-0.6652637422430012,1.04320000000001,99.622063742243,0,synthetic,615
1840954569,td3,82.97302730301817,82.96157501641525,-0.1513425690473347,0.8793512064592085,99.27199136258814,0,synthetic,615
1844441823,td3,26.908740377028153,26.90663985115545,0.0648155208680911,0.7871999999999879,99.14798447913196,0,synthetic,615
1848589572,td3,57.14877554978375,57.05360121209514,-0.4362896691158551,0.9718130697546186,99.46447659936123,0,synthetic,615
1894087679,td3,73.69041068946717,73.68945927846443,0.0436213480476428,0.8480000000000065,99.10837865195232,0,synthetic,615
1894646862,td3,27.733171899530134,27.68388405472364,0.3139676569536923,0.6269834157136404,99.05904892733268,0,synthetic,615
1895926547,td3,74.4591754480698,74.21579951719784,-0.6976760435502429,1.0912000000000044,99.60647604355024,0,synthetic,615
1948070446,td3,11.653275976290388,11.476706641691733,-0.594254717437998,0.9119999999999872,99.682254717438,0,synthetic,615
1953490749,td3,59.392324146723695,59.17277059294953,-0.6626515732632929,1.0176000000000014,99.64505157326332,0,synthetic,615
1979491417,td3,77.93891841886943,77.90506562520413,-0.2602029733316218,0.9568,99.3034029733316,0,synthetic,615
1985479305,td3,34.13335848153838,34.10608193209476,-0.2335660482331278,0.8998769469749228,99.33368910125816,0,synthetic,615
2007414648,td3,86.08565225254097,86.08564512068357,0.003776733351289,0.8351999999999971,99.16102326664873,0,synthetic,615
2009557513,td3,24.37790011317702,24.37564392321248,-0.067174250491423,0.6111267347443812,99.45604751574707,0,synthetic,615
2023655374,td3,38.85808592515241,-166.6533198742751,20.27369753150261,0.8955996281069076,78.83070284039046,0,synthetic,615
2055578956,td3,67.16297421437594,66.60897924330749,-1.052611011787783,1.082103273504683,99.9705077382831,0,synthetic,615
2057237114,td3,57.18819366757998,56.68883707836037,-0.9993563820976076,1.0207999999999966,99.97855638209762,0,synthetic,615
2062231672,td3,84.88865323444043,84.8677880891961,-0.2042799316836387,0.9015716981417304,99.30270823354188,0,synthetic,615
2075766370,td3,96.87554734024708,96.86232597362428,-0.1626122173933604,1.113599999999995,99.04901221739335,0,synthetic,615
2081685987,td3,41.87412331888409,41.85859778871778,-0.1762131105582377,0.8092340468578606,99.36697906370038,7,synthetic,615
2097409267,td3,88.87716494742563,88.55465750780193,-0.8031281835718234,1.005451425028659,99.79767675854316,0,synthetic,615
2111651868,td3,53.73080193249007,53.40667038932759,-0.8051478661245755,0.944000000000028,99.86114786612458,0,synthetic,615
32568404,sac,43.21103513735761,43.180129629019675,-0.2486182146904597,0.9010514812796312,99.3475667334108,0,synthetic,615
37364028,sac,49.86449028804782,49.80162212027522,-0.3545931972630094,0.8827157001036752,99.47187749715934,0,synthetic,615
61060762,sac,40.560184741565536,40.39829275364411,-0.5690201893104146,0.9675197476762556,99.60150044163414,0,synthetic,615
67196417,sac,49.20953951775664,49.18007125935037,-0.242768442785595,0.8960999999999902,99.3466684427856,0,synthetic,615
76594293,sac,68.62715343619857,68.62443316309678,0.0737600583213815,0.830063482669777,99.09617645900882,0,synthetic,615
90257200,sac,25.57866500601267,25.44567575814255,-0.5157310304220993,0.8915638924038342,99.62416713801828,0,synthetic,615
94550601,sac,61.31238237807884,61.31198710288663,0.0281167278395576,0.7510398124296339,99.2208434597308,0,synthetic,615
148538406,sac,51.98949230147264,51.903015455878446,-0.4158770144987378,0.6166522739437084,99.79922474055508,0,synthetic,615
177424292,sac,47.80851625412651,47.62609478435388,-0.6040223005363907,0.8533000000000042,99.7507223005364,0,synthetic,615
179641510,sac,-25.160601528959887,-25.316836393757203,-0.5589899190456208,0.8340346464363207,99.7249552726093,0,synthetic,615
192634188,sac,30.2357057631325,29.87022261039633,-0.8549656750258153,0.8649112035656122,99.99005447146024,0,synthetic,615
193140014,sac,66.66010419689337,66.6562829953098,0.087420839432824,0.8785625389943988,99.03401662157276,0,synthetic,615
195690708,sac,59.2278819625717,59.188367327418305,0.2811214511679837,0.7163000000000072,99.002578548832,0,synthetic,615
202934377,sac,60.804617063833575,60.62513380704914,-0.5991381423084884,0.6360000000000062,99.96313814230848,0,synthetic,615
213603552,sac,88.10978572277236,87.8502793491505,-0.7204253932529795,0.7515481358076709,99.9688772574453,0,synthetic,615
227509318,sac,14.219139745015127,14.214581466561151,-0.09548066248173,0.9257125978060586,99.16976806467568,0,synthetic,615
268333670,sac,27.404153085855796,27.386205618783528,-0.1894595844620565,0.7710805580238709,99.41837902643816,0,synthetic,615
303740759,sac,58.30676630782,58.21404704755573,-0.4306257313823018,0.8535000000000039,99.57712573138232,0,synthetic,615
309215797,sac,23.52478136832724,23.297351814215595,-0.6744324341424368,0.705766936657749,99.96866549748468,0,synthetic,615
323197707,sac,53.188282334329415,53.09106572199219,-0.4409458296372264,0.9609999999999832,99.47994582963726,0,synthetic,615
350402779,sac,40.48475014100404,40.47966699231016,-0.1008280585342016,0.9412196072310116,99.1596084513032,0,synthetic,615
356954267,sac,51.38044052710211,51.042832564828814,-0.8217152332448174,1.000199999999994,99.82151523324478,0,synthetic,615
361761065,sac,43.73357679867877,43.7312597523299,-0.068074170562272,0.940397178071204,99.12767699249108,0,synthetic,615
385332263,sac,2.60494384687263,2.527970890706605,-0.3923594172847746,0.6951000000000009,99.69725941728476,0,synthetic,615
389603938,sac,49.868574926013025,49.81516112600763,-0.3268449173702932,1.089013443373606,99.23783147399668,0,synthetic,615
396575567,sac,52.77103298063776,52.44257668353499,-0.8105014461464773,0.8174999999999945,99.99300144614652,0,synthetic,615
425407835,sac,49.58069433566743,49.29301366496511,-0.7585257684513045,0.9062999999999772,99.85222576845136,0,synthetic,615
444732558,sac,26.188537364345393,26.14131549625707,0.3073169962378309,0.6857000000000105,99.00698300376214,0,synthetic,615
449245545,sac,56.49828034759412,56.27794785910075,-0.6638260140931079,0.807499999999998,99.85632601409311,0,synthetic,615
449593739,sac,28.629715740196843,28.299013344410884,-0.8132679703344508,0.9394000000000036,99.87386797033444,0,synthetic,615
451288657,sac,69.28959742023835,69.14488325127789,-0.5379854439675256,0.855599999999993,99.6823854439675,0,synthetic,615
453402989,sac,47.394573537700126,47.394404894471826,0.0183653602358505,0.6904000000000111,99.29123463976416,0,synthetic,615
459302025,sac,15.53217438826141,-51.74438172151001,11.59970310911201,0.9238792256285202,87.47641766525948,0,synthetic,615
475919068,sac,40.10198627616046,39.77177997976788,-0.8126577340954562,0.930900000000018,99.88175773409544,0,synthetic,615
522928946,sac,98.19963232645932,98.1944657391016,-0.1016522243506492,0.7985999999999964,99.30305222435064,0,synthetic,615
553623364,sac,68.68499022214382,68.68476057726186,0.0214310467300012,0.8476939384962897,99.13087501477368,0,synthetic,615
582179270,sac,17.958862763913203,17.94097046817176,-0.1891681566302487,1.0861000000000054,99.10306815663026,0,synthetic,615
603013079,sac,69.59035373621737,69.59035286446306,-0.0013204198672537,0.9191999999999824,99.08212041986724,0,synthetic,615
612614785,sac,22.96266895887129,22.65089654411176,-0.7896485481016629,0.8662000000000059,99.92344854810165,0,synthetic,615
622236922,sac,59.36238807189875,59.06575427727036,-0.7702386573373105,0.8701989758330039,99.90003968150432,0,synthetic,615
629899046,sac,90.8104125816826,90.75304214275072,-0.3387342289520698,0.9269000000000004,99.41183422895206,0,synthetic,615
707844845,sac,27.53741055151841,27.536882843425897,-0.032487169544545,0.9428999999999924,99.08958716954456,0,synthetic,615
722474854,sac,49.49341544604795,49.46110332929264,-0.2542129688088467,0.9007184213352589,99.3534945474736,0,synthetic,615
732692615,sac,44.39277625967589,44.317495142332554,-0.3880234975960314,0.7716999999999822,99.61632349759604,0,synthetic,615
744804721,sac,72.68944320577248,72.49787266312993,-0.6189839135915369,0.9356425514458312,99.68334136214574,0,synthetic,615
789187642,sac,42.95556680188565,42.93492237602421,-0.2031965839350977,0.8702000000000183,99.3329965839351,0,synthetic,615
851507639,sac,77.12594317746334,76.88131052825244,-0.69947501629564,0.9118395901791656,99.78763542611648,0,synthetic,615
864111288,sac,94.52807401332213,93.1019343805394,1.6888692268987042,0.8727000000000024,97.4384307731013,0,synthetic,615
865924799,sac,33.90561043548769,33.443078996792146,-0.9618018909271702,1.0035589354883934,99.9582429554388,0,synthetic,615
870942306,sac,61.39041607269064,61.38984025059957,-0.0339358834000158,0.8718110538076633,99.16212482959236,0,synthetic,615
874551896,sac,80.68672142611103,80.6764604388828,0.143254928210113,0.7290413762884436,99.12770369550144,0,synthetic,615
905308394,sac,44.5567628779736,44.45624409669121,-0.4483721250978691,0.789699999999993,99.6586721250979,0,synthetic,615
962972765,sac,69.98359302827703,69.98092125992792,-0.073099498618097,1.0155999999999947,99.0574994986181,0,synthetic,615
965465730,sac,44.82955418259007,44.4180079933008,-0.907244387460485,1.0105999999999944,99.89664438746053,0,synthetic,615
968065134,sac,39.2145060008952,38.76589131866037,-0.9472219193355148,1.1786000000000096,99.76862191933552,0,synthetic,615
984521277,sac,44.33156357906955,44.331361580944225,0.0200996579736566,0.9551999999999972,99.02470034202634,0,synthetic,615
985921782,sac,47.44007719981346,47.416622541898825,-0.2165855854605104,0.5362999999999863,99.68028558546052,0,synthetic,615
994774750,sac,37.79478280434341,37.58210545325405,-0.652192227934925,0.9893189505207364,99.66287327741416,0,synthetic,615
997980576,sac,25.469437861234837,25.18415056333662,-0.7553638830368028,0.964299999999998,99.79106388303684,0,synthetic,615
1001532050,sac,34.64079887427579,34.39055535309925,-0.7074510883114669,0.839600000000019,99.86785108831144,0,synthetic,615
1008287579,sac,37.50296484913997,37.49799785184643,-0.0996694265413461,0.7650440601580052,99.33462536638334,0,synthetic,615
1039067522,sac,4.625890357521712,4.471115740396437,-0.5563714894299938,0.7563214388959718,99.80005005053404,0,synthetic,615
1064960827,sac,57.80161935486649,57.79914015449138,0.0704159126207124,0.8884999999999783,99.04108408737932,0,synthetic,615
1094560733,sac,39.03804467547525,39.029922875083145,0.1274503855788723,0.6844372381565808,99.18811237626456,0,synthetic,615
1103201918,sac,51.84935370855965,51.83937483906059,-0.1412718620182715,0.9063999999999834,99.2348718620183,0,synthetic,615
1107442890,sac,74.09782197171808,74.0778881891883,-0.1996686381471878,0.985799999999997,99.2138686381472,0,synthetic,615
1109817981,sac,31.5290755095084,31.15793780800345,-0.8615540627319394,1.0377909942804666,99.82376306845146,0,synthetic,615
1117479723,sac,68.22182858810811,68.15290019069104,-0.3712907147157432,0.6795999999999768,99.69169071471576,0,synthetic,615
1136859353,sac,57.538946126127485,57.44329421675109,-0.4373829200515071,0.978907039326941,99.45847588072454,0,synthetic,615
1152564586,sac,72.66573464101566,72.45578007693287,-0.6480039569058155,0.9406000000000188,99.7074039569058,0,synthetic,615
1158524309,sac,26.59175343611969,26.19638241114536,-0.8892367794623983,1.1588000000000007,99.7304367794624,0,synthetic,615
1167316122,sac,48.841181884683465,48.78699439356525,-0.3292035574480292,0.8467209955933908,99.48248256185464,0,synthetic,615
1210500584,sac,12.180125174922068,12.139044191006516,0.2866390898518587,0.5833669478717061,99.12999396227644,0,synthetic,615
1221086428,sac,30.043803022979773,-117.46127006922292,17.175859401625452,0.9450040836289216,81.87913651474565,0,synthetic,615
1240980348,sac,59.58593819846829,59.45056611435237,-0.520330825755916,0.8774000000000028,99.64293082575594,0,synthetic,615
1311016458,sac,8.904816839129126,8.623101781750297,-0.7506198203868975,1.0302870581085175,99.72033276227836,0,synthetic,615
1321498069,sac,75.76522628429302,75.7649181948507,-0.0248229507646224,0.8096201470275743,99.215202803737,0,synthetic,615
1346315091,sac,58.63670375299262,58.30332331186937,-0.8165542739135541,0.9425633839859104,99.87399088992768,0,synthetic,615
1352909904,sac,59.60337262287612,59.113780907742694,-0.9895369777157674,1.075700000000005,99.91383697771576,0,synthetic,615
1355969104,sac,63.92817405574533,63.61207789926606,-0.7951052213125847,0.9369000000000218,99.8582052213126,0,synthetic,615
1364962393,sac,48.16810565364722,48.16532431610594,-0.0745833431978291,0.5690999999999999,99.50548334319784,0,synthetic,615
1383645732,sac,65.04650918583138,64.75066473779222,-0.769213166864902,1.0397937243757602,99.72941944248912,0,synthetic,615
1398741270,sac,56.208647609753825,55.917932635704,-0.7625155395791341,0.8511119334310957,99.91140360614804,0,synthetic,615
1409501092,sac,25.712311175391733,25.671363000056775,-0.2861753844584049,0.8549964736049243,99.43117891085348,0,synthetic,615
1458235927,sac,50.59862914574296,50.567669159316544,-0.2488372416919122,0.8448149785905343,99.40402226310135,0,synthetic,615
1476032906,sac,63.22493858836242,63.203667020565106,-0.206259873932449,0.8199000000000145,99.38635987393243,0,synthetic,615
1499924103,sac,82.50241687029666,82.5014563220389,-0.0438303150286607,0.8411686262753726,99.20266168875328,0,synthetic,615
1519039213,sac,52.73867913188951,52.70587428030712,-0.2561439110437317,0.8971851126907805,99.35895879835294,0,synthetic,615
1530334568,sac,35.02610062568965,35.02570254917358,-0.0282161838692317,0.8211461419087448,99.20707004196048,0,synthetic,615
1547310865,sac,81.514478764464,81.3396728128829,-0.5912798856397978,0.8270000000000051,99.7642798856398,0,synthetic,615
1585822808,sac,75.54412335097368,75.54402359260305,-0.0141250395132108,0.7818649928361037,99.23226004667708,0,synthetic,615
1610430699,sac,13.441915342566062,13.39744914191573,-0.2982153606048198,0.923788458396602,99.3744269022082,0,synthetic,615
1615630773,sac,56.5307841797985,56.5255658815302,-0.1021596619835903,0.6620000000000082,99.4401596619836,0,synthetic,615
1638957559,sac,33.98445556390834,33.97947876006675,-0.0997677687592075,0.8147154033987258,99.28505236536049,0,synthetic,615
1639125072,sac,81.22078840230097,81.19350477294314,-0.2335963585239749,0.8676126762019108,99.36598368232208,0,synthetic,615
1658564002,sac,66.39821035469868,66.3793350376234,0.1942952242092758,0.6800137952571103,99.12569098053358,0,synthetic,615
1677194741,sac,82.05573116514643,82.04669763210515,-0.134413786802392,0.8168000000000055,99.31761378680235,0,synthetic,615
1690655709,sac,65.65268569949876,65.60861115770604,-0.2968991134803923,0.9583000000000008,99.3385991134804,0,synthetic,615
1709491107,sac,35.85955928723706,35.85249981637492,-0.1188231531490566,0.896600000000001,99.22222315314905,0,synthetic,615
1710040823,sac,82.31293903244296,81.99688776281903,-0.7950487653269229,0.8851732336646714,99.90987553166228,0,synthetic,615
1740456870,sac,64.96073892236745,-108.8848029820295,18.646476444862017,0.8759704941067545,80.47755306103123,0,synthetic,615
1764842796,sac,68.26924552392302,68.12144956601111,-0.5436836541811976,0.8589437053785176,99.68473994880269,0,synthetic,615
1773553992,sac,80.98702239575505,80.95433135165266,-0.2556992143218245,0.6753038120075402,99.58039540231432,0,synthetic,615
1788653630,sac,46.26952447712756,46.26297058012354,-0.1144892746419589,0.7606000000000043,99.35388927464196,0,synthetic,615
1805032828,sac,53.86103765766347,53.844382412044155,0.1825116194620049,0.7604000000000062,99.05708838053803,0,synthetic,615
1812834367,sac,53.49804901761672,53.49736785211014,-0.0369097685331196,0.7516999999999892,99.28520976853312,0,synthetic,615
1822710255,sac,76.87472749667904,76.86803622271022,-0.115682963039734,0.6871999999999978,99.42848296303974,0,synthetic,615
1827455806,sac,64.02589116085983,63.978285840144,-0.3085622164680275,0.8493000000000082,99.45926221646802,0,synthetic,615
1840954569,sac,72.86550131424701,72.78065336834817,-0.4119416121220214,0.7700312865050629,99.64191032561696,0,synthetic,615
1844441823,sac,28.21636203854723,28.179430353491092,-0.2717781634206129,0.704499999999991,99.56727816342064,0,synthetic,615
1848589572,sac,57.74872946588039,57.41657180931413,-0.8150554049465127,0.8835699521814727,99.93148545276505,0,synthetic,615
1894087679,sac,72.59629910784497,72.44828935527148,-0.5440767456406908,0.740000000000008,99.80407674564069,0,synthetic,615
1894646862,sac,39.725186137715355,39.68203322808324,-0.2937785207672959,0.5244856337202272,99.76929288704706,0,synthetic,615
1895926547,sac,68.58752237907902,68.55844899016525,-0.2411364299054511,0.8621000000000046,99.37903642990548,0,synthetic,615
1948070446,sac,27.65771003914051,27.353546091982142,-0.7799537770385733,0.8048999999999865,99.97505377703858,0,synthetic,615
1953490749,sac,62.93014854208559,62.84928831335843,-0.402144821493843,0.920100000000001,99.48204482149384,0,synthetic,615
1979491417,sac,77.23709002534815,77.21744522596035,-0.1982160406617399,0.8252999999999975,99.37291604066174,0,synthetic,615
1985479305,sac,37.78505840564867,37.67331846129194,-0.472736595487863,0.7902232077723312,99.68251338771556,0,synthetic,615
2007414648,sac,89.03572593431272,89.03569391869208,-0.0080019523425777,0.7686999999999896,99.2393019523426,0,synthetic,615
2009557513,sac,34.31011047561515,34.273794024341356,-0.2695049211936218,0.5471000000000141,99.72240492119366,0,synthetic,615
2023655374,sac,38.665367051926296,-382.0776176187152,29.00837757168234,0.7732777937788156,70.21834463453881,0,synthetic,615
2055578956,sac,65.93387199197605,65.90570413062417,-0.2373514750401951,0.9583980834010044,99.27895339163918,0,synthetic,615
2057237114,sac,48.73377469687512,48.69038313286128,-0.2945897622587742,0.9271999999999996,99.36738976225878,0,synthetic,615
2062231672,sac,89.45547853158132,89.45547725107302,0.0016003176586871,0.7848914440847792,99.21350823825654,0,synthetic,615
2075766370,sac,95.52951823800868,95.132663732795,-0.8909034798603943,1.0377999999999965,99.8531034798604,0,synthetic,615
2081685987,sac,48.61423127858143,48.49282122615612,-0.4927678001357441,0.968796902692085,99.52397089744368,0,synthetic,615
2097409267,sac,88.4691987930164,88.46608620323504,-0.0788998071146352,0.879958302981407,99.1989415041332,0,synthetic,615
2111651868,sac,55.29999425595997,55.12956448856632,-0.5838317692514736,0.8786000000000285,99.70523176925144,0,synthetic,615
41087437,dqn,49.27241347408926,48.94106425686332,0.8140629179933718,0.0928000000000001,99.09313708200662,0,historical_MSFT,616
51839939,dqn,55.96099090867174,55.8577643086309,0.4543712139668272,0.3136000000000012,99.23202878603315,1,historical_MSFT,616
69600642,dqn,33.715592407708755,-374.4506506183512,28.5715327914363,0.0632745996866704,71.36519260887704,0,historical_MSFT,616
114462228,dqn,12.977166925511485,12.842128301416295,0.5196895690605846,-0.0013999999999999,99.48171043093944,0,historical_MSFT,616
116913155,dqn,56.925886282078864,56.82162066451779,0.4566522036759977,0.1824000000000005,99.36094779632398,0,historical_MSFT,616
130511148,dqn,50.65596990124468,50.20423943267255,0.9505056218372742,0.0380274907798064,99.01146688738292,4,historical_MSFT,616
153620692,dqn,45.88468425985011,45.645747669080976,0.6912837200008946,0.294400000000005,99.01431627999912,1,historical_MSFT,616
168383381,dqn,5.718253229359107,5.633861538102866,-0.4108325480198483,0.4544000000000087,99.95643254801983,0,historical_MSFT,616
190165316,dqn,48.509824249797745,48.245642629725445,-0.7268859884085015,0.9294063992278464,99.79747958918064,2,historical_MSFT,616
203193518,dqn,14.115021882696963,14.023763981384285,0.4272186824395263,0.3712000000000006,99.20158131756044,0,historical_MSFT,616
203252677,dqn,13.128456872747847,13.100000553198544,0.2385637002953511,0.1150648846131479,99.6463714150915,0,historical_MSFT,616
211057610,dqn,60.6826856811731,60.606313486649825,0.3908252666429588,0.0,99.60917473335704,0,historical_MSFT,616
250590938,dqn,46.69148953326112,46.45456232851963,0.6883708371822426,0.0,99.31162916281778,0,historical_MSFT,616
262845664,dqn,56.7513347721615,56.38406206246617,0.8570562521740629,0.0927999999999974,99.05014374782594,0,historical_MSFT,616
266999249,dqn,8.423277032014084,8.397091724174805,0.2288462708425904,0.2601014531203378,99.51105227603708,0,historical_MSFT,616
275629747,dqn,1.8532159133537789,1.5990017865978567,0.7130415510416235,0.0,99.2869584489584,0,historical_MSFT,616
298020478,dqn,55.192295614197064,55.005158979553144,0.6117787747935077,0.0,99.3882212252065,0,historical_MSFT,616
312725689,dqn,64.88535568238512,64.88529094266681,-0.0113789031376404,0.1247999999999965,99.88657890313766,0,historical_MSFT,616
315460509,dqn,58.58498456082998,58.47411705545705,0.4708874714258752,0.3898545394895636,99.13925798908454,0,historical_MSFT,616
318928945,dqn,54.73520435511091,54.3952082167637,0.8246164421683702,0.0,99.17538355783162,0,historical_MSFT,616
327072471,dqn,45.40249075887732,45.13587367330919,0.7302288484689253,0.1456711890712986,99.12409996245977,0,historical_MSFT,616
346876782,dqn,13.83276337793177,13.832670736155482,-0.0136118901177268,0.314248252221765,99.69936363789596,0,historical_MSFT,616
348778394,dqn,58.96007142639792,58.95274105456534,-0.121081557906891,0.2313123257802395,99.88976923212664,0,historical_MSFT,616
350985218,dqn,10.044089627652284,10.042876302190905,0.0492610487378837,0.2406456517978312,99.71009329946426,0,historical_MSFT,616
353781601,dqn,54.30657212110636,54.13908524002722,0.5787691786526646,0.2795568672487115,99.14167395409862,1,historical_MSFT,616
382047915,dqn,42.791581489410966,42.64482686651991,0.5417649359105042,0.163103094645746,99.29513196944376,1,historical_MSFT,616
410048416,dqn,60.96285493518553,60.85869816978378,-0.4564137714875698,0.613071375161458,99.84334239632612,0,historical_MSFT,616
425742929,dqn,5.825356298841143,5.738756091477977,0.4161735391952885,0.2144000000000042,99.36942646080472,0,historical_MSFT,616
426150381,dqn,60.572808376524335,60.30104161274807,0.7372472635096903,0.0313604368257432,99.23139229966456,0,historical_MSFT,616
433718991,dqn,50.687826861078065,50.68673383156396,-0.0467553101605092,0.7808000000000076,99.2659553101605,0,historical_MSFT,616
441062544,dqn,58.18502093232746,58.17129570371549,0.1656817950891095,0.3551999999999981,99.47911820491092,0,historical_MSFT,616
447527585,dqn,66.55261961774886,66.4480628625593,0.4572893070903063,0.0,99.54271069290972,0,historical_MSFT,616
448345066,dqn,37.869405625444415,-213.4904391471371,22.421411408409664,0.5129054689833386,77.06568312260701,0,historical_MSFT,616
448875740,dqn,9.42267414557682,9.288708206736809,0.5176213651695849,0.0,99.4823786348304,0,historical_MSFT,616
469030513,dqn,58.89390697970157,58.743731590382666,0.5480426795768851,0.0682210181580513,99.38373630226506,0,historical_MSFT,616
547603789,dqn,25.89839355888216,25.89145207911224,-0.117825971414833,0.1663999999999996,99.9514259714148,0,historical_MSFT,616
562256782,dqn,44.27973474230748,44.26747574599654,-0.1565822231988063,0.8978688282982081,99.2587133949006,0,historical_MSFT,616
571620923,dqn,43.560997417784165,-8.058128950894329,10.16062265500284,0.0952619712624893,89.74411537373464,0,historical_MSFT,616
580403189,dqn,8.608478004929566,8.582052095942537,0.2298952326040258,0.0960000000000027,99.67410476739596,0,historical_MSFT,616
586518796,dqn,8.803543998581517,8.487952377721651,-0.7944704158870433,0.9440000000000228,99.85047041588705,0,historical_MSFT,616
595352142,dqn,44.026192789946435,43.95496402229536,0.3774354717062966,0.044800000000001,99.57776452829374,0,historical_MSFT,616
627372269,dqn,8.551987333448778,8.543320471681495,-0.1316575996080967,0.2367999999999993,99.89485759960807,0,historical_MSFT,616
685957300,dqn,48.43918528294671,48.38500589615897,0.3291789385356853,0.0,99.67082106146434,0,historical_MSFT,616
686530427,dqn,45.93038713954411,45.81034442292698,0.4899851357278721,0.1931317548654922,99.31688310940665,0,historical_MSFT,616
689568189,dqn,57.66413062546417,57.66337839219632,-0.0387874533281975,0.2294739026970706,99.80931355063116,0,historical_MSFT,616
701012576,dqn,41.012098500908905,40.8054198293421,0.6429287232140198,0.0630198963890945,99.29405138039688,0,historical_MSFT,616
706167879,dqn,56.70236230111914,56.62274673087815,0.3990377682400144,0.0512000000000007,99.54976223175998,0,historical_MSFT,616
761791963,dqn,53.97412987905227,53.954936118372565,-0.1959273369374887,0.3448198291857629,99.8511075077517,0,historical_MSFT,616
764154057,dqn,48.17700886997045,45.76602179523312,2.1958993942060863,0.1028875839625353,97.70121302183136,0,historical_MSFT,616
769220178,dqn,51.29725877903002,51.14619854010314,0.5496548715819359,0.1032308789295219,99.34711424948854,0,historical_MSFT,616
776648021,dqn,39.028102138021495,39.027019056695536,0.0465420525108033,0.0,99.9534579474892,0,historical_MSFT,616
776870983,dqn,59.291461409668045,43.83552547669041,5.559844590090201,0.0,94.4401554099098,0,historical_MSFT,616
779133594,dqn,55.97052291424188,55.970371538267734,-0.0173997686278186,0.3522662717243713,99.66513349690344,0,historical_MSFT,616
786966776,dqn,58.50335011784409,58.50142631049085,0.0620291440089333,0.2132315439756793,99.7247393120154,0,historical_MSFT,616
790017967,dqn,63.65779731013754,63.64792895679292,0.1404873897872883,0.2833659591342194,99.57614665107847,0,historical_MSFT,616
813073339,dqn,49.9449276917785,49.92890008028355,0.1790397246141374,0.2048000000000011,99.61616027538588,0,historical_MSFT,616
832243325,dqn,9.004982968785043,8.998045383609865,-0.1177929129886689,0.4,99.71779291298868,0,historical_MSFT,616
908960744,dqn,60.96876762007378,60.8913171587043,0.3935745453391983,0.2047999999999974,99.4016254546608,0,historical_MSFT,616
910482997,dqn,9.866214784977274,-74.68288576390684,13.003776416786328,0.1339963555223798,86.86222722769129,0,historical_MSFT,616
941591196,dqn,60.15954901333134,60.14800238377093,0.1519646640532669,0.150399999999996,99.69763533594674,0,historical_MSFT,616
944504604,dqn,43.56054329008657,-1.2552449145922395,9.467395439578809,0.0,90.5326045604212,0,historical_MSFT,616
1005943129,dqn,60.203472887274984,59.84930360654118,0.8416285174990289,0.1206021727688018,99.03776930973216,0,historical_MSFT,616
1013315373,dqn,62.255001931102015,62.134159390178326,-0.4916147697612156,0.8177352160464773,99.67387955371473,0,historical_MSFT,616
1040771040,dqn,5.86766455009456,5.8666324645170915,0.045433150396341,0.1568000000000002,99.79776684960363,0,historical_MSFT,616
1042636236,dqn,9.833281515959245,9.78560365162015,0.3087972290649419,0.4864000000000006,99.20480277093506,0,historical_MSFT,616
1065368540,dqn,13.276513797865846,13.13550978967654,0.5310442696975565,0.096,99.37295573030244,0,historical_MSFT,616
1106079783,dqn,63.02673708501061,62.9977318926155,0.240853450858046,0.2047999999999947,99.55434654914194,0,historical_MSFT,616
1127525548,dqn,62.14217252558956,61.8313707449236,-0.7884183923095185,1.0090958201959297,99.7793225721136,0,historical_MSFT,616
1198686432,dqn,58.75823560096105,58.73599486234295,-0.2109063233670486,0.3078408093653401,99.90306551400172,1,historical_MSFT,616
1279405884,dqn,49.3895720505534,45.04253176377187,2.94857263325207,0.0,97.05142736674794,0,historical_MSFT,616
1290694244,dqn,62.07626899410752,61.9440648282462,0.5142065068847863,0.0,99.4857934931152,0,historical_MSFT,616
1308515861,dqn,44.517578502216566,44.50099612992648,0.1821119012589774,0.4864000000000069,99.33148809874103,0,historical_MSFT,616
1318414678,dqn,59.27020702328991,59.26813518423251,-0.0643714075875863,0.1407999999999965,99.92357140758756,1,historical_MSFT,616
1322634316,dqn,60.712649668472295,60.67353132930047,0.2797082021386765,0.1855999999999958,99.53469179786136,0,historical_MSFT,616
1356969079,dqn,0.6870142122734251,0.6423793049700707,0.2987805458973339,0.5087999999999994,99.19241945410266,0,historical_MSFT,616
1361042713,dqn,44.91230927313882,44.60271347339268,0.7868872851255526,0.0288000000000001,99.1843127148744,0,historical_MSFT,616
1377524954,dqn,62.25249481127685,62.252287817819976,0.0203466683695634,0.0,99.9796533316304,0,historical_MSFT,616
1387327264,dqn,53.84488481451808,53.83642040185409,0.1301108194116806,0.7644582598734051,99.10543092071492,0,historical_MSFT,616
1397923752,dqn,-2.6698095303247102,-2.711781845332404,0.2897319968788183,0.0576000000000003,99.6526680031212,2,historical_MSFT,616
1413601158,dqn,16.18356045211658,16.141887963711483,0.2886953009839179,0.1216000000000003,99.58970469901612,0,historical_MSFT,616
1418124226,dqn,62.99533480714126,62.64209452142923,0.8405239862276773,0.0351999999999998,99.12427601377232,0,historical_MSFT,616
1424006637,dqn,52.863374775137345,52.863352042022214,0.0067428651370167,0.0,99.99325713486296,0,historical_MSFT,616
1430263864,dqn,54.00586018447757,-560.6284809413792,35.060928143044265,0.0,64.93907185695572,0,historical_MSFT,616
1449455949,dqn,18.186138292508986,18.13767992336919,0.311314532715045,0.3496330013290761,99.33905246595586,0,historical_MSFT,616
1455161373,dqn,49.088785803127394,-349.5529882393539,28.23620987464434,0.0351999999999989,71.72859012535561,0,historical_MSFT,616
1471500935,dqn,46.30708246340146,-140.6452645459685,19.336615371329593,0.2262158023269757,80.43716882634342,0,historical_MSFT,616
1503589113,dqn,-6.331761287922927,-6.33397398006705,0.0665235619028851,-0.0370900999149956,99.97056653801212,21,historical_MSFT,616
1507450548,dqn,65.62766236909738,65.62763731401436,0.0070788534399087,0.6295005317308485,99.36342061482924,0,historical_MSFT,616
1523897475,dqn,56.62286716738599,56.62286714462271,-0.0002133695378144,0.2655999999999994,99.73461336953784,1,historical_MSFT,616
1530857305,dqn,61.96017496409877,61.956365598195745,0.0872853470294648,0.5766469687793648,99.33606768419118,0,historical_MSFT,616
1532703018,dqn,41.15453907113442,41.08092210463309,0.3837107413178229,0.0,99.6162892586822,0,historical_MSFT,616
1534695219,dqn,58.08878777148311,58.03091665298096,0.3402091077621128,0.0,99.6597908922379,0,historical_MSFT,616
1535564132,dqn,58.0987741695244,58.05635056275433,0.2912854502719734,0.2816000000000003,99.42711454972805,0,historical_MSFT,616
1535699227,dqn,51.35073375498905,51.33545721961032,0.1747943670644633,0.3455999999999986,99.47960563293556,0,historical_MSFT,616
1538882168,dqn,56.388180801279304,56.34774303184016,-0.2843862494535959,0.8391348224535212,99.4452514270001,0,historical_MSFT,616
1547442723,dqn,-2.063169025888783,-523.209213372199,32.28454876086423,0.1280000000000009,67.58745123913576,0,historical_MSFT,616
1550581390,dqn,38.46846085219295,38.30400695425841,0.5735048350877875,0.1480007884564088,99.2784943764558,0,historical_MSFT,616
1583303502,dqn,40.88783969067481,40.813783816374894,-0.384852892154699,0.7007999999999965,99.68405289215474,0,historical_MSFT,616
1653866202,dqn,56.93522717077576,56.92780857400853,0.1218080191714303,0.0,99.87819198082856,0,historical_MSFT,616
1658647594,dqn,57.06861615096932,57.06423260157157,0.0936327869685703,0.1993182540154214,99.70704895901603,0,historical_MSFT,616
1699470363,dqn,53.48512021708884,53.36798758800893,-0.4840095641201964,0.5775227663983673,99.9064867977218,1,historical_MSFT,616
1743826027,dqn,-0.4943926867199479,-0.69959627993253,0.6406303040171953,0.1627901669112138,99.19657952907156,0,historical_MSFT,616
1749228258,dqn,-0.9006185915841343,-1.130878055968014,0.6786154498445783,0.0598678919205912,99.2615166582348,0,historical_MSFT,616
1762991532,dqn,-6.579385915521925,-6.580137586834192,-0.0387729625452178,0.1184000000000005,99.9203729625452,0,historical_MSFT,616
1768363633,dqn,42.46828031768564,42.45681387130108,0.1514361012741609,0.2080000000000064,99.64056389872586,0,historical_MSFT,616
1776312543,dqn,4.480674389284104,4.476375634990041,0.09272275118937,0.0,99.90727724881064,0,historical_MSFT,616
1835625797,dqn,51.25253039938288,51.24780203254372,-0.09724573861276,0.7424000000000006,99.35484573861277,1,historical_MSFT,616
1847524681,dqn,39.5783686688701,39.558064581825946,0.2015146994348124,0.6656000000000104,99.13288530056518,9,historical_MSFT,616
1854563839,dqn,60.359794024427174,60.33823034430838,0.2076712792795336,0.0299938843941523,99.76233483632632,0,historical_MSFT,616
1913317175,dqn,59.215792199809584,59.1414363499842,0.3856315594589874,0.1983999999999996,99.415968440541,0,historical_MSFT,616
1915261509,dqn,64.13423608228186,-103.18078930156751,18.292896183155328,0.0,81.70710381684465,0,historical_MSFT,616
1929806079,dqn,62.274178476493034,61.8579369866889,0.912405052379845,0.0,99.0875949476202,0,historical_MSFT,616
1944279313,dqn,57.03261439223024,57.01843039562719,0.1684280060028768,0.0,99.83157199399712,0,historical_MSFT,616
1963472178,dqn,55.04728517962394,55.002099339637034,0.3006188283754163,0.032,99.66738117162458,0,historical_MSFT,616
1967277198,dqn,11.786446233001698,11.77769884735534,-0.1322678014208965,0.1436304559631392,99.98863734545776,0,historical_MSFT,616
1970939311,dqn,43.44422421834679,43.44086392779432,0.0819791504282774,0.16,99.75802084957172,1,historical_MSFT,616
1973187632,dqn,49.8827962469004,49.878921024544645,-0.0880366100637206,0.3621491866987281,99.725887423365,0,historical_MSFT,616
1988024584,dqn,48.46845331264376,48.45306094859592,0.1754557724775204,0.3423999999999988,99.4821442275225,0,historical_MSFT,616
1989546218,dqn,44.09714362376253,43.64571449162751,0.9501885414327196,-0.0090000000000002,99.05881145856728,6,historical_MSFT,616
1991749064,dqn,-2.7048060891520436,-2.746654113205164,0.289302692877616,0.1036000000000035,99.6070973071224,0,historical_MSFT,616
2027493763,dqn,7.7991963820386445,7.658445903368019,-0.5305666379836289,0.5535999999999994,99.97696663798364,0,historical_MSFT,616
2032328172,dqn,51.65829392640808,51.63202787425114,0.2291988313972674,0.3981622266524705,99.37263894195029,0,historical_MSFT,616
2037878581,dqn,50.258491828519254,49.89320223518978,0.8547392506834697,0.1184000000000005,99.02686074931654,0,historical_MSFT,616
2046243638,dqn,55.29810421767979,55.28606076903679,-0.15519954022489,0.4991999999999981,99.65599954022493,0,historical_MSFT,616
2065104215,dqn,53.66501343125674,53.63973491184301,0.2248489244525468,0.0603408294664114,99.71481024608106,0,historical_MSFT,616
2105103849,dqn,62.92522544008534,62.84941328888522,0.389389653689257,0.4127999999999984,99.19781034631072,0,historical_MSFT,616
2118141694,dqn,60.33385501616976,60.060535572992954,0.7393503136900831,0.1407999999999993,99.11984968630992,0,historical_MSFT,616
2130954212,dqn,61.39586837346178,61.3776645728865,0.190807759670718,0.1533187346289189,99.65587350570036,0,historical_MSFT,616
41087437,as,35.05572235879845,35.01589144717705,0.2822442616649621,0.0,99.717755738335,0,historical_MSFT,616
51839939,as,51.08814309808077,50.69230120439076,0.8897661419609179,0.0295384615384618,99.08069539650064,0,historical_MSFT,616
69600642,as,32.26923402815373,-36.76749311801724,11.750466130853786,0.0,88.24953386914622,0,historical_MSFT,616
114462228,as,6.956394215709224,6.5643229784516155,0.885518195473824,0.0,99.11448180452616,0,historical_MSFT,616
116913155,as,52.384592006919775,52.27359398588143,0.4711645594446558,0.0,99.52883544055535,0,historical_MSFT,616
130511148,as,46.1828463199563,45.9616130503094,0.6651815837001153,0.0841043478260862,99.2507140684738,0,historical_MSFT,616
153620692,as,33.0522853984221,32.67227350176961,0.8717934349976394,0.0210064516129032,99.10720011338944,0,historical_MSFT,616
168383381,as,-0.2696332131472445,-0.4730993128686861,0.6379123759913137,0.0,99.36208762400872,0,historical_MSFT,616
190165316,as,40.12636379941068,39.67710335330081,0.9479034192467852,0.0,99.05209658075324,0,historical_MSFT,616
203193518,as,2.8409647364587727,2.739601238073417,0.4502521479912249,0.0,99.54974785200878,0,historical_MSFT,616
203252677,as,4.079518065775119,3.9807577381868007,0.4444329591475373,0.0,99.55556704085248,0,historical_MSFT,616
211057610,as,47.299784887562055,47.206691355625374,0.4314939905414281,0.0,99.56850600945856,0,historical_MSFT,616
250590938,as,34.93250508315032,34.758691912328594,0.5895984579724116,0.0,99.41040154202756,0,historical_MSFT,616
262845664,as,52.688399392825886,52.68813924359193,0.0228100519051626,0.0,99.97718994809485,0,historical_MSFT,616
266999249,as,-1.8315961678945312,-2.320413268430695,0.988753862734466,0.0,99.01124613726554,0,historical_MSFT,616
275629747,as,2.875763824527894,2.4057604132089287,0.96953948998374,0.0,99.03046051001624,0,historical_MSFT,616
298020478,as,49.610238166931595,49.578438037976106,0.2521909155996233,0.0,99.74780908440036,0,historical_MSFT,616
312725689,as,45.65973139261405,45.16902791040372,0.990659863131974,0.0,99.00934013686802,0,historical_MSFT,616
315460509,as,43.7819320672188,43.68238919019578,0.4461902666419917,0.0,99.55380973335804,0,historical_MSFT,616
318928945,as,40.47439832000964,40.46395512112252,0.1445212710096708,0.0,99.85547872899036,0,historical_MSFT,616
327072471,as,35.73839795642925,35.44521265565912,0.7657483931032871,0.0,99.23425160689672,0,historical_MSFT,616
346876782,as,2.5024425059564237,2.3894325565415135,0.475415501251085,0.0,99.52458449874894,0,historical_MSFT,616
348778394,as,50.37124144473637,50.37053869801577,0.0374899111922246,0.0,99.96251008880776,0,historical_MSFT,616
350985218,as,4.9865066417423805,4.7823865231534315,0.6389368021783515,0.0,99.36106319782164,0,historical_MSFT,616
353781601,as,54.651921094729914,54.355323978194654,0.7701910367373286,0.042727160352294,99.1870818029104,0,historical_MSFT,616
382047915,as,38.64078118970065,38.254159288506024,0.8793428241529249,0.0,99.12065717584706,0,historical_MSFT,616
410048416,as,53.04877742028293,52.82882851559867,0.6632479245112828,0.0627862068965523,99.27396586859216,0,historical_MSFT,616
425742929,as,-2.692468178564013,-2.890416928382795,0.6292038617471798,0.0,99.3707961382528,0,historical_MSFT,616
426150381,as,48.95916887389649,48.646266468780915,0.7910782579689242,0.0,99.2089217420311,0,historical_MSFT,616
433718991,as,39.18522137801301,39.16475430414228,0.2023218914044253,0.0,99.7976781085956,0,historical_MSFT,616
441062544,as,43.85713548794047,43.8010424859334,0.3349417919790518,0.0,99.66505820802094,0,historical_MSFT,616
447527585,as,55.47905298813384,55.0556645775657,0.920204771307068,0.0,99.0797952286929,0,historical_MSFT,616
448345066,as,39.855087073145114,39.84353683970557,0.1519883774473918,0.0,99.8480116225526,0,historical_MSFT,616
448875740,as,10.861093908182738,10.663945651208628,0.6279303416368904,0.0,99.3720696583631,0,historical_MSFT,616
469030513,as,48.885603822409394,48.884760490524,0.0410690122936623,0.0,99.95893098770634,0,historical_MSFT,616
547603789,as,23.655826985514068,23.639655419318753,0.1798419650432752,0.0,99.8201580349567,0,historical_MSFT,616
562256782,as,34.917227931107846,34.44158179442353,0.9753421314434404,0.0,99.02465786855652,0,historical_MSFT,616
571620923,as,36.18042215751302,35.76717679896823,0.9091153486162148,0.0,99.09088465138376,0,historical_MSFT,616
580403189,as,-1.7094577803054565,-1.7967757176909207,0.4178945737514774,0.0,99.58210542624852,0,historical_MSFT,616
586518796,as,-2.1723942007520236,-2.247303368567501,0.3870637358768628,0.0615111111111109,99.55142515301202,0,historical_MSFT,616
595352142,as,35.29829257313759,35.021980106565344,0.7433874717430256,0.0,99.256612528257,0,historical_MSFT,616
627372269,as,1.0853921504167374,0.7297499313086431,0.843376806781043,0.0,99.15662319321896,0,historical_MSFT,616
685957300,as,40.68475791067431,40.61869239405014,0.3634983263349838,0.0,99.636501673665,0,historical_MSFT,616
686530427,as,34.89219550307098,34.56064280501414,0.8143128367609549,0.0,99.18568716323904,0,historical_MSFT,616
689568189,as,51.72515590477087,51.38019304312442,0.830617675764791,0.0,99.1693823242352,0,historical_MSFT,616
701012576,as,32.730921155012766,32.72870930671817,0.0665108757210752,0.0,99.93348912427892,0,historical_MSFT,616
706167879,as,45.474001333052,45.338861173045466,0.5198849103533139,0.0,99.4801150896467,0,historical_MSFT,616
761791963,as,45.59590344862772,45.5592399785036,0.2707894758816351,0.0,99.7292105241184,0,historical_MSFT,616
764154057,as,40.92936265235221,40.8086553560111,0.4913395899805168,0.0,99.50866041001947,0,historical_MSFT,616
769220178,as,38.755241755436145,38.57558671324234,0.5994247946053095,0.0,99.40057520539465,0,historical_MSFT,616
776648021,as,30.273375855576887,29.781663065104304,0.9916781639953404,0.0,99.00832183600468,0,historical_MSFT,616
776870983,as,54.89228233286303,54.48832437412767,0.8988414306598931,0.0,99.10115856934011,0,historical_MSFT,616
779133594,as,44.05173305444441,44.05109526799634,0.0357151633924726,0.0,99.9642848366075,0,historical_MSFT,616
786966776,as,52.47024381267147,52.46455245202574,0.1066898368704976,0.0,99.8933101631295,0,historical_MSFT,616
790017967,as,51.04219665923847,50.61706105645598,0.9221015158674142,0.0,99.07789848413262,0,historical_MSFT,616
813073339,as,36.34782430557971,35.9555511771734,0.8857461582262816,0.0,99.1142538417737,0,historical_MSFT,616
832243325,as,5.525871719519273,5.149458830902214,0.8676553332021406,0.0,99.13234466679788,0,historical_MSFT,616
908960744,as,52.94378994107501,52.91129690071267,0.2549236762732834,0.0,99.74507632372672,0,historical_MSFT,616
910482997,as,2.132792895870807,1.6399575152029362,0.9928095292329452,0.0,99.00719047076709,0,historical_MSFT,616
941591196,as,54.22818673316215,53.87839681227393,0.8364088962800658,0.0,99.16359110371994,0,historical_MSFT,616
944504604,as,41.809909083105595,41.7740778307288,0.2676985333422492,0.0,99.73230146665776,0,historical_MSFT,616
1005943129,as,52.97060031218825,52.954536197337625,0.1792434927724087,0.0,99.8207565072276,0,historical_MSFT,616
1013315373,as,53.028904823677294,52.89341361348352,0.5205597183681685,0.0743751424578342,99.405065139174,0,historical_MSFT,616
1040771040,as,3.038675929494275,2.9879295851884584,0.3185791716538189,0.0,99.68142082834616,0,historical_MSFT,616
1042636236,as,4.887543153732622,4.814217580322176,0.3829505801286785,0.0,99.61704941987134,0,historical_MSFT,616
1065368540,as,4.066739670421157,3.6719290690802673,0.8886063260419537,0.0,99.11139367395803,0,historical_MSFT,616
1106079783,as,54.1065245460959,53.75636644762623,0.8368489690137313,0.0,99.16315103098624,0,historical_MSFT,616
1127525548,as,54.20097769273343,53.94421117408841,0.7166121944887966,0.0612293870466582,99.22215841846456,0,historical_MSFT,616
1198686432,as,47.083753242903185,46.965689205593385,0.4859301128964918,0.032745609524774,99.48132427757874,0,historical_MSFT,616
1279405884,as,38.317953386562294,38.22583589400969,0.4292260303210993,0.0,99.57077396967892,0,historical_MSFT,616
1290694244,as,48.896860635944904,48.79628236774165,0.4485047785771279,0.0,99.55149522142288,0,historical_MSFT,616
1308515861,as,38.824259186523705,38.373215557309976,0.9497827427509172,0.0,99.05021725724912,0,historical_MSFT,616
1318414678,as,53.09239913201418,52.95321120255725,0.5276133611972472,0.0403862068965518,99.4320004319062,0,historical_MSFT,616
1322634316,as,49.482152344524366,49.263229917896155,0.6616984609747978,0.0,99.33830153902515,0,historical_MSFT,616
1356969079,as,3.174210254839636,2.9499737927504692,0.6696812108595651,0.0,99.33031878914043,0,historical_MSFT,616
1361042713,as,34.315931808803725,34.149223005328516,0.5774232476705592,0.0,99.42257675232943,0,historical_MSFT,616
1377524954,as,54.210801906023335,54.19636976319985,0.1698949253125956,0.0,99.8301050746874,0,historical_MSFT,616
1387327264,as,42.66285011223408,42.55179606991237,0.4712834440582618,0.0729208619473631,99.45579569399438,0,historical_MSFT,616
1397923752,as,-3.2346947388432454,-3.437455744290296,0.6368061014893789,0.0342736842105259,99.32892021430008,0,historical_MSFT,616
1413601158,as,5.044969016393225,4.672351359731962,0.8632701276671888,0.0,99.13672987233282,0,historical_MSFT,616
1418124226,as,50.68447767796715,50.652436283736264,0.2531457849970575,0.0,99.74685421500294,0,historical_MSFT,616
1424006637,as,39.32163308281815,39.17568094366571,0.5402816657123273,0.0,99.45971833428766,0,historical_MSFT,616
1430263864,as,54.12066925396903,53.97721575428817,0.5356370033536939,0.0,99.4643629966463,0,historical_MSFT,616
1449455949,as,4.235655626818698,3.936213518189206,0.7738760994235339,0.0,99.22612390057648,0,historical_MSFT,616
1455161373,as,54.0383275588174,44.28540821329291,4.416541485262986,0.0,95.58345851473705,0,historical_MSFT,616
1471500935,as,53.17426574547426,52.895717485339446,0.7463889872376406,0.0,99.25361101276236,0,historical_MSFT,616
1503589113,as,2.785156649428245,2.4476939926847634,0.821538382236012,0.0,99.17846161776396,0,historical_MSFT,616
1507450548,as,53.79983496605746,53.32715075577595,0.9723005813857224,0.0,99.02769941861428,0,historical_MSFT,616
1523897475,as,54.30132624131693,54.300537455738805,0.0397186499802254,0.0417939393939395,99.91848741062584,0,historical_MSFT,616
1530857305,as,51.65018624274671,51.57335877837317,0.3919884293535725,0.0,99.60801157064644,0,historical_MSFT,616
1532703018,as,30.251957727885383,30.155616898720805,0.4389551894318551,0.0,99.56104481056816,0,historical_MSFT,616
1534695219,as,46.96392975783601,46.81266181739863,0.5500326180098529,0.0,99.44996738199016,0,historical_MSFT,616
1535564132,as,50.115750865074006,50.11552971892773,0.021030746362058,0.0,99.97896925363796,0,historical_MSFT,616
1535699227,as,40.18939117234913,40.148225393430415,0.2869347623370828,0.0,99.71306523766292,0,historical_MSFT,616
1538882168,as,52.80764023072152,52.53788557924153,0.7345129699058852,0.0,99.26548703009412,0,historical_MSFT,616
1547442723,as,2.7745510346776427,-14.202458794694136,5.827007779190239,0.0,94.17299222080972,0,historical_MSFT,616
1550581390,as,29.616390549532294,29.388374400098566,0.6753016354692645,0.0,99.32469836453072,0,historical_MSFT,616
1583303502,as,36.81424152614454,36.81364650160105,0.0344970880943931,0.0,99.96550291190565,0,historical_MSFT,616
1653866202,as,45.915892438262745,45.641319450863946,0.7410438413465172,0.0,99.25895615865348,0,historical_MSFT,616
1658647594,as,47.24914194120174,47.11638768544798,0.5152751803721145,0.0,99.48472481962789,0,historical_MSFT,616
1699470363,as,49.29018349738181,48.86760459027425,0.9193246511516584,0.0,99.08067534884836,0,historical_MSFT,616
1743826027,as,0.2600059527667326,-0.151015587239155,0.9066659142218678,0.0,99.09333408577812,0,historical_MSFT,616
1749228258,as,-7.807047333113587,-8.215100070112076,0.9033855622030806,0.0,99.09661443779692,0,historical_MSFT,616
1762991532,as,-9.209474515086184,-9.524839828191816,0.7941855112070857,0.0010879999999997,99.20472648879291,0,historical_MSFT,616
1768363633,as,36.0794754548624,35.99524592208917,0.4104376512291212,0.0,99.58956234877088,0,historical_MSFT,616
1776312543,as,4.241534074706578,4.169065633382998,0.380705769127762,0.0,99.61929423087226,0,historical_MSFT,616
1835625797,as,39.49319876629124,39.42219429349809,0.3768407430020097,0.0,99.62315925699797,0,historical_MSFT,616
1847524681,as,34.32049136255955,33.920930166725064,0.893936458406845,0.0,99.10606354159316,0,historical_MSFT,616
1854563839,as,48.63654147002853,48.62874829065143,0.1248453393371535,0.0,99.87515466066282,0,historical_MSFT,616
1913317175,as,49.434757610741144,49.432139662123795,0.0723594999616139,0.0,99.9276405000384,0,historical_MSFT,616
1915261509,as,55.46618110559211,55.03725223103864,0.926206105090511,0.0,99.07379389490949,0,historical_MSFT,616
1929806079,as,51.2475654341597,51.24747765884583,0.013249551982053,0.0,99.98675044801792,0,historical_MSFT,616
1944279313,as,50.208901720116046,50.09164859449768,0.4842584549976632,0.0,99.51574154500236,0,historical_MSFT,616
1963472178,as,43.72979107287574,43.68031368037338,0.3145707949011194,0.0,99.6854292050989,0,historical_MSFT,616
1967277198,as,1.7526123305706278,1.4402279432690397,0.790423161732484,0.0,99.20957683826748,0,historical_MSFT,616
1970939311,as,37.60850678051793,37.60850678051793,0.0,0.0293666882818128,99.97063331171816,0,historical_MSFT,616
1973187632,as,39.76694539919845,39.32372121364737,0.9415138719648084,0.0,99.0584861280352,0,historical_MSFT,616
1988024584,as,40.04695138983698,40.03398023709798,0.1610661524901822,0.0,99.8389338475098,0,historical_MSFT,616
1989546218,as,50.879938356712955,50.54263114425359,0.8213491492165339,0.0,99.17865085078346,0,historical_MSFT,616
1991749064,as,-6.9873317668152595,-7.179741864314495,0.6203387743793467,0.0,99.37966122562068,0,historical_MSFT,616
2027493763,as,0.4146184591190831,0.3609470400032408,0.3276321691038362,0.0,99.67236783089616,0,historical_MSFT,616
2032328172,as,43.82814349639739,43.55112693963079,0.7443340067020952,0.0,99.2556659932979,0,historical_MSFT,616
2037878581,as,37.58217643878743,37.447604856697566,0.5187900964549355,0.0,99.48120990354504,0,historical_MSFT,616
2046243638,as,44.63531673514444,44.45656758442252,0.5979116167493679,0.0,99.4020883832506,0,historical_MSFT,616
2065104215,as,42.69182220348921,42.55687160519701,0.5195201599403099,0.0,99.48047984005969,0,historical_MSFT,616
2105103849,as,51.38912866204191,51.027094768895246,0.8509217274775267,0.0,99.1490782725225,0,historical_MSFT,616
2118141694,as,51.17062567548419,51.11160166028848,0.3435811845712981,0.0,99.65641881542872,0,historical_MSFT,616
2130954212,as,50.78138602842046,50.77969737143009,0.0581146623558535,0.0,99.94188533764417,0,historical_MSFT,616
41087437,twap,1.250000000001819,1.250000000001819,0.0,0.0,100.0,0,historical_MSFT,616
51839939,twap,15.44999999999709,15.44999999999709,0.0,0.0,100.0,0,historical_MSFT,616
69600642,twap,0.6061115815045923,-11.290200553481844,4.877768369856534,0.0,95.12223163014346,0,historical_MSFT,616
114462228,twap,-33.350000000000364,-33.850000000000364,1.0,0.0,99.0,0,historical_MSFT,616
116913155,twap,21.5,21.0,1.0,0.0,99.0,0,historical_MSFT,616
130511148,twap,17.149999999999636,17.149999999999636,0.0,0.0,100.0,0,historical_MSFT,616
153620692,twap,-0.0076575609746214,-7.809639773276822,3.9501853658536583,0.0498146341463416,96.0,0,historical_MSFT,616
168383381,twap,-32.99999999999818,-32.99999999999818,0.0,0.0,100.0,0,historical_MSFT,616
190165316,twap,1.4499999999952706,1.4499999999952706,0.0,0.0,100.0,0,historical_MSFT,616
203193518,twap,-33.25000000000182,-33.25000000000182,0.0,0.0,100.0,0,historical_MSFT,616
203252677,twap,-33.400000000001455,-33.400000000001455,0.0,0.0,100.0,0,historical_MSFT,616
211057610,twap,17.500000000003638,17.000000000003638,1.0,0.0,99.0,0,historical_MSFT,616
250590938,twap,1.1499999999978172,0.6499999999978172,1.0,0.0,99.0,0,historical_MSFT,616
262845664,twap,19.30000000000109,19.30000000000109,0.0,0.0,100.0,0,historical_MSFT,616
266999249,twap,-35.29999999999745,-37.29999999999745,2.0,0.0,98.0,0,historical_MSFT,616
275629747,twap,-33.05000000000473,-33.05000000000473,0.0,0.0,100.0,0,historical_MSFT,616
298020478,twap,19.450000000000728,19.450000000000728,0.0,0.0,100.0,0,historical_MSFT,616
312725689,twap,16.900000000001455,16.900000000001455,0.0,0.0,100.0,0,historical_MSFT,616
315460509,twap,18.350000000000364,18.350000000000364,0.0,0.0,100.0,0,historical_MSFT,616
318928945,twap,1.2999999999974534,-0.7000000000025466,2.0,0.0,98.0,0,historical_MSFT,616
327072471,twap,-1.0823955714349722,-56.22323965395816,10.501508851829168,0.0,89.49849114817084,0,historical_MSFT,616
346876782,twap,-31.399999999997817,-43.89999999999782,5.0,0.0,95.0,0,historical_MSFT,616
348778394,twap,19.799999999999272,19.799999999999272,0.0,0.0,100.0,0,historical_MSFT,616
350985218,twap,-34.30000000000291,-34.80000000000291,1.0,0.0,99.0,0,historical_MSFT,616
353781601,twap,15.626407160923918,7.879070595169825,3.9363273658968185,0.0636726341031816,96.0,0,historical_MSFT,616
382047915,twap,1.8499999999985448,1.8499999999985448,0.0,0.0,100.0,0,historical_MSFT,616
410048416,twap,14.94999999999527,14.94999999999527,0.0,0.0,100.0,0,historical_MSFT,616
425742929,twap,-32.82176954623719,-33.851943099630496,1.4353909247262964,0.0,98.56460907527372,0,historical_MSFT,616
426150381,twap,19.299999999999272,11.299999999999272,4.0,0.0,96.0,0,historical_MSFT,616
433718991,twap,-1.0937675219265657,-5.455441627621686,2.953531481360955,0.0116965517241369,97.0347719669149,0,historical_MSFT,616
441062544,twap,17.500000000003638,17.500000000003638,0.0,0.0,100.0,0,historical_MSFT,616
447527585,twap,19.399999999997817,19.399999999997817,0.0,0.0,100.0,0,historical_MSFT,616
448345066,twap,1.1999999999989086,1.1999999999989086,0.0,0.0,100.0,0,historical_MSFT,616
448875740,twap,-33.43979841705732,-37.08291614511882,2.699302772221563,0.0,97.30069722777844,0,historical_MSFT,616
469030513,twap,16.00000000000182,8.000000000001819,4.0,0.0,96.0,0,historical_MSFT,616
547603789,twap,-33.49999999999636,-33.49999999999636,0.0,0.0,100.0,0,historical_MSFT,616
562256782,twap,2.2000000000025466,2.2000000000025466,0.0,0.0,100.0,0,historical_MSFT,616
571620923,twap,1.2048998133614075,-16.211924217554273,5.902003732786973,0.0,94.09799626721303,0,historical_MSFT,616
580403189,twap,-34.599999999998545,-34.599999999998545,0.0,0.0,100.0,0,historical_MSFT,616
586518796,twap,-33.15018929577127,-50.692471896588565,5.923222535211267,0.0767774647887327,94.0,0,historical_MSFT,616
595352142,twap,0.9501563218418596,0.4517183184067955,0.9984367816091954,0.0015632183908046,99.0,0,historical_MSFT,616
627372269,twap,-33.90296046641379,-34.46392266695745,1.059209328266764,0.0,98.94079067173324,0,historical_MSFT,616
685957300,twap,-0.0499999999974534,-0.5404432455579304,0.9903971380819688,0.0,99.00960286191804,0,historical_MSFT,616
686530427,twap,-0.5999999999985448,-0.5999999999985448,0.0,0.0,100.0,0,historical_MSFT,616
689568189,twap,15.75000000000182,15.75000000000182,0.0,0.0,100.0,0,historical_MSFT,616
701012576,twap,0.1500000000050931,-1.8499999999949068,2.0,0.0,98.0,0,historical_MSFT,616
706167879,twap,17.899999999999636,17.399999999999636,1.0,0.0,99.0,0,historical_MSFT,616
761791963,twap,17.150000000001455,17.150000000001455,0.0,0.0,100.0,0,historical_MSFT,616
764154057,twap,-0.4514791024121223,-8.570244844007384,4.0295820482018385,0.0,95.97041795179815,0,historical_MSFT,616
769220178,twap,0.2999999999974534,0.2999999999974534,0.0,0.0,100.0,0,historical_MSFT,616
776648021,twap,0.5999999999949068,0.5999999999949068,0.0,0.0,100.0,0,historical_MSFT,616
776870983,twap,14.899999999995998,12.899999999995998,2.0,0.0,98.0,0,historical_MSFT,616
779133594,twap,17.15299342905928,16.711069886731575,0.9401314188215436,0.0,99.05986858117843,0,historical_MSFT,616
786966776,twap,14.731704575075128,11.93294306365778,2.365908498407048,0.0,97.63409150159296,0,historical_MSFT,616
790017967,twap,15.449999999998909,15.449999999998909,0.0,0.0,100.0,0,historical_MSFT,616
813073339,twap,0.1499999999996362,-0.3500000000003638,1.0,0.0,99.0,0,historical_MSFT,616
832243325,twap,-33.50000000000182,-33.50000000000182,0.0,0.0,100.0,0,historical_MSFT,616
908960744,twap,19.70912490791125,19.37064836201244,0.8227715915110448,0.0052697497191696,99.17195865876978,0,historical_MSFT,616
910482997,twap,-31.599999999998545,-33.599999999998545,2.0,0.0,98.0,0,historical_MSFT,616
941591196,twap,19.049999999997453,14.549999999997452,3.0,0.0,97.0,0,historical_MSFT,616
944504604,twap,0.8007440000019415,-7.179428300798058,3.99504,0.00496,96.0,0,historical_MSFT,616
1005943129,twap,14.74999999999818,6.749999999998181,4.0,0.0,96.0,0,historical_MSFT,616
1013315373,twap,21.197752935495373,14.003509439165942,3.7932159169573856,0.0760119402985074,96.1307721427441,0,historical_MSFT,616
1040771040,twap,-32.79999999999927,-33.29999999999927,1.0,0.0,99.0,0,historical_MSFT,616
1042636236,twap,-32.30000000000109,-32.30000000000109,0.0,0.0,100.0,0,historical_MSFT,616
1065368540,twap,-33.04999999999927,-33.04999999999927,0.0,0.0,100.0,0,historical_MSFT,616
1106079783,twap,14.849999999998545,14.849999999998545,0.0,0.0,100.0,0,historical_MSFT,616
1127525548,twap,19.899999999999636,19.899999999999636,0.0,0.0,100.0,0,historical_MSFT,616
1198686432,twap,17.05000000000109,17.05000000000109,0.0,0.0,100.0,0,historical_MSFT,616
1279405884,twap,-0.3999999999978172,-18.399999999997817,6.0,0.0,94.0,0,historical_MSFT,616
1290694244,twap,20.799999999997453,20.299999999997453,1.0,0.0,99.0,0,historical_MSFT,616
1308515861,twap,-0.3500000000003638,-0.3500000000003638,0.0,0.0,100.0,0,historical_MSFT,616
1318414678,twap,18.757165217393776,-5.323427841207359,6.939826086956522,0.060173913043478,93.0,0,historical_MSFT,616
1322634316,twap,19.87623481501396,19.76327801153533,0.4753036997092055,0.0,99.5246963002908,0,historical_MSFT,616
1356969079,twap,-33.89685128117526,-34.335859790703225,0.9370256234788488,0.0,99.06297437652115,0,historical_MSFT,616
1361042713,twap,1.5,1.5,0.0,0.0,100.0,0,historical_MSFT,616
1377524954,twap,19.55853134795143,19.21460152740159,0.8293730409771429,0.0,99.17062695902284,0,historical_MSFT,616
1387327264,twap,18.100000000002183,18.100000000002183,0.0,0.0,100.0,0,historical_MSFT,616
1397923752,twap,-32.70000000000073,-32.70000000000073,0.0,0.0,100.0,0,historical_MSFT,616
1413601158,twap,-34.64999999999782,-35.14999999999782,1.0,0.0,99.0,0,historical_MSFT,616
1418124226,twap,20.850000000002183,20.850000000002183,0.0,0.0,100.0,0,historical_MSFT,616
1424006637,twap,0.1499999999996362,-12.350000000000364,5.0,0.0,95.0,0,historical_MSFT,616
1430263864,twap,21.749999999994543,21.749999999994543,0.0,0.0,100.0,0,historical_MSFT,616
1449455949,twap,-34.74999999999636,-34.74999999999636,0.0,0.0,100.0,0,historical_MSFT,616
1455161373,twap,14.95036240963418,14.452172816067623,0.9981879518072292,0.0018120481927708,99.0,0,historical_MSFT,616
1471500935,twap,15.20036561246161,14.702192003873469,0.9981719376822228,0.0018280623177772,99.0,0,historical_MSFT,616
1503589113,twap,-32.14999999999782,-32.14999999999782,0.0,0.0,100.0,0,historical_MSFT,616
1507450548,twap,15.30988969810278,7.927452593927597,3.842508842976209,0.0080605610194905,96.1494305960043,0,historical_MSFT,616
1523897475,twap,19.276884210525168,17.414231047090265,1.930105263157895,0.0698947368421049,98.0,0,historical_MSFT,616
1530857305,twap,19.751291094054977,19.259861345030856,0.9913927062714568,0.0086072937285432,99.0,0,historical_MSFT,616
1532703018,twap,0.9500000000025466,0.9500000000025466,0.0,0.0,100.0,0,historical_MSFT,616
1534695219,twap,1.249999999994543,1.249999999994543,0.0,0.0,100.0,0,historical_MSFT,616
1535564132,twap,17.750000000005457,15.752606557591193,1.998696296296296,0.0013037037037038,98.0,0,historical_MSFT,616
1535699227,twap,17.649999999999636,17.649999999999636,0.0,0.0,100.0,0,historical_MSFT,616
1538882168,twap,20.00000000000182,20.00000000000182,0.0,0.0,100.0,0,historical_MSFT,616
1547442723,twap,-33.46350095905291,-33.49995613811591,0.2700191810335033,0.0,99.7299808189665,0,historical_MSFT,616
1550581390,twap,0.8641206438769586,0.5898081614984211,0.7406922199922685,0.0077016991748153,99.25160608083291,0,historical_MSFT,616
1583303502,twap,-0.1499999999978172,-0.1499999999978172,0.0,0.0,100.0,0,historical_MSFT,616
1653866202,twap,18.149999999997817,18.149999999997817,0.0,0.0,100.0,0,historical_MSFT,616
1658647594,twap,17.899999999999636,17.899999999999636,0.0,0.0,100.0,0,historical_MSFT,616
1699470363,twap,20.19999999999709,20.19999999999709,0.0,0.0,100.0,0,historical_MSFT,616
1743826027,twap,-32.85000000000218,-34.85000000000218,2.0,0.0,98.0,0,historical_MSFT,616
1749228258,twap,-32.99999999999818,-32.99999999999818,0.0,0.0,100.0,0,historical_MSFT,616
1762991532,twap,-33.610951456070325,-43.466426230660254,4.439701515775566,0.0245191549293814,95.53577932929504,0,historical_MSFT,616
1768363633,twap,0.5,0.5,0.0,0.0,100.0,0,historical_MSFT,616
1776312543,twap,-33.04999999999927,-33.04999999999927,0.0,0.0,100.0,0,historical_MSFT,616
1835625797,twap,2.2999999999992724,2.2999999999992724,0.0,0.0,100.0,0,historical_MSFT,616
1847524681,twap,1.6999999999989086,1.6999999999989086,0.0,0.0,100.0,0,historical_MSFT,616
1854563839,twap,20.24999999999636,20.24999999999636,0.0,0.0,100.0,0,historical_MSFT,616
1913317175,twap,13.639643937467554,13.369011481087655,0.7357070835324322,0.0,99.26429291646755,0,historical_MSFT,616
1915261509,twap,20.049999999997453,20.049999999997453,0.0,0.0,100.0,0,historical_MSFT,616
1929806079,twap,19.150531459399645,14.682362533621198,2.989370811986511,0.0,97.01062918801348,0,historical_MSFT,616
1944279313,twap,18.100000000000364,18.100000000000364,0.0,0.0,100.0,0,historical_MSFT,616
1963472178,twap,0.0112848904627753,-3.8370914322567256,2.774302190720939,0.0,97.22569780927904,0,historical_MSFT,616
1967277198,twap,-34.24152583247269,-34.586404784980736,0.8305166494514684,0.0,99.16948335054852,0,historical_MSFT,616
1970939311,twap,0.009455072466153,-1.8734022354271465,1.9405449275362316,0.0594550724637683,98.0,0,historical_MSFT,616
1973187632,twap,0.3179662918410031,0.1127346001422423,0.6406741632042934,0.0,99.3593258367957,0,historical_MSFT,616
1988024584,twap,2.7000000000007276,2.7000000000007276,0.0,0.0,100.0,0,historical_MSFT,616
1989546218,twap,19.016478962448673,-4.343571476311649,6.835210375513006,0.0,93.164789624487,0,historical_MSFT,616
1991749064,twap,-33.74999999999818,-33.74999999999818,0.0,0.0,100.0,0,historical_MSFT,616
2027493763,twap,-34.099999999998545,-34.099999999998545,0.0,0.0,100.0,0,historical_MSFT,616
2032328172,twap,17.700000000000728,13.200000000000728,3.0,0.0,97.0,0,historical_MSFT,616
2037878581,twap,0.4499999999970896,0.4499999999970896,0.0,0.0,100.0,0,historical_MSFT,616
2046243638,twap,16.75000000000182,16.75000000000182,0.0,0.0,100.0,0,historical_MSFT,616
2065104215,twap,16.899999999999636,16.899999999999636,0.0,0.0,100.0,0,historical_MSFT,616
2105103849,twap,15.400000000001455,15.400000000001455,0.0,0.0,100.0,0,historical_MSFT,616
2118141694,twap,19.100000000000364,19.100000000000364,0.0,0.0,100.0,0,historical_MSFT,616
2130954212,twap,19.94999999999891,19.94999999999891,0.0,0.0,100.0,0,historical_MSFT,616
41087437,ddpg,25.635763830750875,25.58770825302243,-0.3100179921502666,0.9536000000000024,99.35641799215028,0,historical_MSFT,616
51839939,ddpg,44.544246160478,44.48213935695191,-0.3524395083587632,0.6815999999999958,99.67083950835878,0,historical_MSFT,616
69600642,ddpg,20.13038611016236,19.99132890163422,-0.5273655440548677,0.8640000000000054,99.66336554405488,0,historical_MSFT,616
114462228,ddpg,3.021974830335239,2.79021047502025,-0.68082942844003,0.8480050300524169,99.83282439838764,0,historical_MSFT,616
116913155,ddpg,49.409223563481646,49.40687313760687,-0.0685627577446634,1.0399999999999985,99.02856275774468,0,historical_MSFT,616
130511148,ddpg,46.59619267206108,45.540629058021025,-1.4529718607323794,2.411765233631179,99.04120662710118,0,historical_MSFT,616
153620692,ddpg,29.54425403388268,29.5414439102208,-0.0749683087962193,0.5856000000000176,99.48936830879622,0,historical_MSFT,616
168383381,ddpg,1.550621202632101,1.0956201272687682,-0.9539403287033552,1.2000000000000204,99.75394032870332,0,historical_MSFT,616
190165316,ddpg,39.858455620680616,39.84731878371473,-0.1492436730041811,0.5133452296341475,99.63589844337004,0,historical_MSFT,616
203193518,ddpg,7.419542087351147,7.412493030016489,-0.1187354819306992,0.921600000000004,99.19713548193072,0,historical_MSFT,616
203252677,ddpg,5.203547609751695,5.078699088957561,-0.4996969497488137,1.0816000000000086,99.4180969497488,0,historical_MSFT,616
211057610,ddpg,41.0528242012133,41.001722055569,-0.3196940588885062,0.8608000000000056,99.4588940588885,0,historical_MSFT,616
250590938,ddpg,34.044417565915865,33.90516785417378,-0.5277304458567526,0.8140966674365876,99.71363377842016,0,historical_MSFT,616
262845664,ddpg,42.92056060970572,42.91945602752904,-0.0470017484073639,0.9247999999999794,99.12220174840736,0,historical_MSFT,616
266999249,ddpg,3.1110415193415974,3.0827980703550195,-0.2376697245615358,0.9904075941054142,99.24726213045614,0,historical_MSFT,616
275629747,ddpg,3.121744915637464,3.048468122380957,-0.3828231791741636,1.0016000000000087,99.38122317917416,0,historical_MSFT,616
298020478,ddpg,51.92357677438304,51.680039421323066,-0.6979073764619036,0.9823999999999716,99.71550737646196,0,historical_MSFT,616
312725689,ddpg,38.33997433684817,38.31927266798781,-0.2034781013296598,0.9151999999999756,99.2882781013297,0,historical_MSFT,616
315460509,ddpg,45.67033058167908,45.54103162615379,-0.5085252314788052,0.7381934650348453,99.77033176644392,0,historical_MSFT,616
318928945,ddpg,33.319682677993114,33.252854062687746,-0.3655916172599478,0.9312000000000018,99.43439161725998,0,historical_MSFT,616
327072471,ddpg,25.340442630678808,25.076875102226904,-0.7260406716595225,1.0612481919123309,99.6647924797472,0,historical_MSFT,616
346876782,ddpg,-3.5710186912638164,-3.5983129699531418,-0.2336419426786439,0.9124574276337424,99.32118451504486,0,historical_MSFT,616
348778394,ddpg,44.31602706293051,44.27062706731483,-0.3013303689165421,0.97599784388148,99.32533252503502,0,historical_MSFT,616
350985218,ddpg,10.884346182021543,10.650587870051387,-0.6837518730799326,0.904335391285276,99.77941648179468,0,historical_MSFT,616
353781601,ddpg,44.26498080022793,44.10585617225793,-0.5641358488343033,0.8319999999999836,99.73213584883428,0,historical_MSFT,616
382047915,ddpg,37.22854115290647,37.22854091313307,-0.0006924931852171,0.6387738064439793,99.36191868674123,0,historical_MSFT,616
410048416,ddpg,39.17638301173429,39.10819433486685,-0.3692930458793801,0.613071375161458,99.75622167071792,0,historical_MSFT,616
425742929,ddpg,-0.6781162546085397,-0.9575317799152896,-0.7475500321807897,0.976000000000022,99.77155003218076,0,historical_MSFT,616
426150381,ddpg,44.9747984360929,44.70793971722756,-0.7305596743118705,0.95991309533171,99.77064657898016,0,historical_MSFT,616
433718991,ddpg,18.85067362124937,18.621622078438534,-0.6768331298198045,0.8608000000000087,99.81603312981976,0,historical_MSFT,616
441062544,ddpg,45.89861883067351,45.8066336328216,-0.4289177027167599,1.1327999999999911,99.29611770271676,0,historical_MSFT,616
447527585,ddpg,38.647450859092714,38.613865503186865,-0.2591731309601799,1.0478720398154586,99.2113010911447,0,historical_MSFT,616
448345066,ddpg,28.43468492266584,28.431761084656586,-0.076470098852488,0.8640000000000057,99.21247009885248,0,historical_MSFT,616
448875740,ddpg,11.242709218780874,10.631915530876004,-1.105254439398341,1.1267370339873544,99.97851740541095,0,historical_MSFT,616
469030513,ddpg,32.228209962007895,32.219321155265476,-0.1333327172334026,0.9376000000000017,99.19573271723338,0,historical_MSFT,616
547603789,ddpg,31.75573370404709,31.715664140724098,-0.2830885491255055,1.0444790913479054,99.2386094577776,0,historical_MSFT,616
562256782,ddpg,42.53308325802573,42.502205906100826,-0.248504937274488,1.1698450939142933,99.0786598433602,0,historical_MSFT,616
571620923,ddpg,31.378612370162955,31.27059606683157,-0.4647930794049911,0.9877788101696332,99.47701426923535,0,historical_MSFT,616
580403189,ddpg,-4.981777674804107,-5.397023997705425,-0.911313692316008,0.9344000000000208,99.976913692316,0,historical_MSFT,616
586518796,ddpg,9.611920939285485,9.47743357772354,-0.5186277307702338,0.9440000000000228,99.57462773077025,0,historical_MSFT,616
595352142,ddpg,34.350872029455786,34.224509972223466,-0.502716733821979,0.8917831557761197,99.61093357804586,0,historical_MSFT,616
627372269,ddpg,-6.989225388631894,-7.245299527765804,-0.7156453578888216,1.1039999999999957,99.61164535788878,0,historical_MSFT,616
685957300,ddpg,34.308849880599155,34.18157671707682,-0.5045258437827258,0.8992000000000033,99.60532584378272,0,historical_MSFT,616
686530427,ddpg,32.477679327856094,32.47740502737841,-0.023422232074924,0.9818973887735992,99.04152484330127,0,historical_MSFT,616
689568189,ddpg,41.13731993474721,40.963274042992225,-0.5899930368317707,1.1140706921867474,99.475922344645,0,historical_MSFT,616
701012576,ddpg,43.78018617788257,43.78007564145353,-0.0148685190277947,0.9866066314024188,99.02826188762538,0,historical_MSFT,616
706167879,ddpg,36.000484367756144,35.74909910927479,-0.7090631262184744,0.8316313085127548,99.87743181770573,0,historical_MSFT,616
761791963,ddpg,29.20567468644003,29.036363709224773,-0.5819123253811714,0.9940266038521092,99.58788572152903,0,historical_MSFT,616
764154057,ddpg,29.51753665049364,29.50645483869887,0.1488745229699893,0.7904000000000123,99.06072547702996,0,historical_MSFT,616
769220178,ddpg,33.39027278234971,33.25500603637801,-0.5201283417997808,1.074965147701162,99.4451631940986,0,historical_MSFT,616
776648021,ddpg,33.92897044725578,33.80522060840949,-0.4974933946220581,0.8805078117728287,99.61698558284922,0,historical_MSFT,616
776870983,ddpg,31.85912236222066,31.811162077688792,-0.3097104600489612,0.8557818607233997,99.45392859932552,0,historical_MSFT,616
779133594,ddpg,37.541093861411355,37.395479324320945,-0.5396564408777351,1.0137609389725384,99.52589550190518,0,historical_MSFT,616
786966776,ddpg,32.81110956088014,32.586094051058396,-0.6708435135286651,0.8291618317131993,99.84168168181549,0,historical_MSFT,616
790017967,ddpg,40.776646110012734,40.76939631977685,-0.1204142037791473,0.9268935805283643,99.1935206232508,0,historical_MSFT,616
813073339,ddpg,30.445540553919272,30.263988447153956,-0.6025812920516477,0.8768000000000048,99.72578129205164,0,historical_MSFT,616
832243325,ddpg,8.597065284877317,8.416452664162762,-0.6010201672399265,0.7872000000000017,99.81382016723992,0,historical_MSFT,616
908960744,ddpg,40.21817884589109,39.880878662217,-0.8213405915624616,1.2511999999999948,99.57014059156248,0,historical_MSFT,616
910482997,ddpg,3.7927943768390833,3.730495705485779,-0.3529834878667941,1.0214550553398567,99.33152843252697,0,historical_MSFT,616
941591196,ddpg,39.35506507813443,39.31410501824001,-0.2862169103824061,0.972080545274366,99.31413636510804,0,historical_MSFT,616
944504604,ddpg,31.66666594023809,31.568431902695032,-0.4432471941096911,1.0868792009056685,99.356367993204,0,historical_MSFT,616
1005943129,ddpg,32.55041386054836,32.339562776622664,-0.6493859929590371,0.8930172967590466,99.75636869619996,0,historical_MSFT,616
1013315373,ddpg,36.72628249551417,36.67883591378701,-0.3080473396319296,0.8177352160464773,99.49031212358544,0,historical_MSFT,616
1040771040,ddpg,5.3159375923351035,4.906579506333905,-0.90482936070974,0.924800000000005,99.98002936070972,0,historical_MSFT,616
1042636236,ddpg,-0.0708865824526583,-0.1462403636909101,-0.3882107191674433,1.0304000000000042,99.35781071916745,0,historical_MSFT,616
1065368540,ddpg,3.3309836494117917,3.0476438377987476,-0.7527812585513063,0.9216000000000024,99.8311812585513,0,historical_MSFT,616
1106079783,ddpg,36.38131634693855,36.3784910607635,0.0751702890116021,0.7679999999999838,99.15682971098845,0,historical_MSFT,616
1127525548,ddpg,40.9278303106621,40.87526626255797,-0.324234631414146,1.0090958201959297,99.31513881121822,0,historical_MSFT,616
1198686432,ddpg,34.600459205017614,34.52243791508872,0.3950222523577464,0.5766080121196422,99.0283697355226,0,historical_MSFT,616
1279405884,ddpg,30.28066435799883,30.27951179176174,-0.0480117951568923,1.046399999999996,99.00161179515688,0,historical_MSFT,616
1290694244,ddpg,46.84157637567478,46.72410090454804,-0.4847173838985658,0.8603622864078365,99.62435509749072,0,historical_MSFT,616
1308515861,ddpg,43.00318661024903,42.98598555831073,-0.1854780414944015,1.163592546606262,99.02188549488817,0,historical_MSFT,616
1318414678,ddpg,41.73925775822681,41.66795640771288,-0.3776277280972121,0.6399999999999783,99.73762772809724,0,historical_MSFT,616
1322634316,ddpg,42.13446016859416,42.08693587520345,-0.3082995082406281,0.8063999999999822,99.50189950824064,0,historical_MSFT,616
1356969079,ddpg,3.3119598743305687,3.2234192821202443,-0.4208101524686033,0.9913007334207904,99.42950941904782,0,historical_MSFT,616
1361042713,ddpg,40.37928262573223,40.1187203812258,-0.7218895268757288,1.0751999999999953,99.64668952687572,0,historical_MSFT,616
1377524954,ddpg,40.45517646848202,39.99367099534515,-0.960734586799994,0.9631999999999964,99.99753458680004,0,historical_MSFT,616
1387327264,ddpg,45.63776275374585,45.40033571190811,-0.6890965706455603,0.7644582598734051,99.92463831077218,0,historical_MSFT,616
1397923752,ddpg,2.3496478734869015,2.3496470404220093,0.0012907864983373,0.848720371524389,99.14998884197723,0,historical_MSFT,616
1413601158,ddpg,-5.752215810018242,-6.035792762857984,-0.7530962127640013,0.9216000000000024,99.831496212764,0,historical_MSFT,616
1418124226,ddpg,42.08944742800304,42.064784772607105,-0.2220930228347296,0.832000000000002,99.39009302283476,0,historical_MSFT,616
1424006637,ddpg,26.198143901101503,25.95712304802862,-0.6942922339661932,1.0043648976240485,99.68992733634217,0,historical_MSFT,616
1430263864,ddpg,35.7611946416655,35.54103598262217,-0.6635641024698758,0.9951999999999982,99.66836410246992,0,historical_MSFT,616
1449455949,ddpg,-14.078508939950552,-14.343100494527611,-0.7274497296405587,1.0214200678344847,99.7060296618061,0,historical_MSFT,616
1455161373,ddpg,27.28291705522679,27.050982578030325,-0.6810792570567157,1.1199999999999797,99.56107925705672,0,historical_MSFT,616
1471500935,ddpg,44.36082501328201,44.29461012323426,-0.3639090272245417,0.8204230301391822,99.54348599708536,0,historical_MSFT,616
1503589113,ddpg,-2.6384378910952364,-2.9333826636397973,-0.7680426713986157,1.0335999999999976,99.73444267139858,0,historical_MSFT,616
1507450548,ddpg,37.65687351576889,37.65610839249068,-0.0391183659734485,0.8375654544340255,99.20155291153944,0,historical_MSFT,616
1523897475,ddpg,40.22815043965966,39.96067566364371,-0.7314024555823506,1.1084676066866654,99.62293484889568,0,historical_MSFT,616
1530857305,ddpg,46.327373992122375,46.3086411392117,-0.1935605998682434,1.0786336296345291,99.11492697023373,0,historical_MSFT,616
1532703018,ddpg,22.79495280291303,22.605573820396884,-0.6154331523669266,0.9211707952711548,99.6942623570958,0,historical_MSFT,616
1534695219,ddpg,25.834258880377092,25.55838514730091,-0.742797055831779,0.9766701206597354,99.76612693517204,0,historical_MSFT,616
1535564132,ddpg,37.75320592025855,37.41817340019439,-0.8185750058047954,1.065599999999996,99.7529750058048,0,historical_MSFT,616
1535699227,ddpg,37.59233976779251,36.999184758968944,-1.0891785976813566,1.1103999999999916,99.97877859768138,0,historical_MSFT,616
1538882168,ddpg,45.71289637137306,45.34566312130922,-0.8570102100486814,1.353599999999993,99.50341021004868,0,historical_MSFT,616
1547442723,ddpg,-11.213752265559378,-11.218447405084506,-0.0969034522101969,0.992000000000011,99.10490345221017,0,historical_MSFT,616
1550581390,ddpg,31.373585010751412,31.032017402563635,-0.8265199431202828,1.1268361021816988,99.69968384093852,0,historical_MSFT,616
1583303502,ddpg,47.990315692795775,47.81374706435124,-0.594253529134722,1.1359999999999957,99.45825352913474,0,historical_MSFT,616
1653866202,ddpg,31.47586611479528,31.475442247206743,-0.0291158921737484,1.0149009829196214,99.01421490925412,0,historical_MSFT,616
1658647594,ddpg,35.01281857542563,35.01021347425906,0.0721817312977084,0.9119999999999784,99.0158182687023,0,historical_MSFT,616
1699470363,ddpg,55.131909695086506,55.0552674205189,-0.3915157073927053,1.0876752710406028,99.30384043635206,0,historical_MSFT,616
1743826027,ddpg,7.541263629365858,7.508280374160453,-0.25683946427839,1.1204667831484023,99.13637268112998,0,historical_MSFT,616
1749228258,ddpg,-8.04949460420903,-8.235909448391116,-0.6105978122824949,0.9364857944678286,99.67411201781464,0,historical_MSFT,616
1762991532,ddpg,-10.77287136554878,-10.797496441820895,-0.2219237538981171,0.9187507069505184,99.30317304694763,0,historical_MSFT,616
1768363633,ddpg,38.658494518325824,38.64022951621893,-0.1911282402309753,0.80000000000002,99.39112824023096,0,historical_MSFT,616
1776312543,ddpg,8.395623661528589,8.19019570085246,-0.6409804375737687,0.9152000000000036,99.72578043757376,0,historical_MSFT,616
1835625797,ddpg,35.12297559414037,34.80530270407014,-0.7970858047540863,1.4934440448012258,99.30364175995288,0,historical_MSFT,616
1847524681,ddpg,28.608035941890193,26.868928703233305,-1.864997178902364,2.1097211528004554,99.75527602610192,0,historical_MSFT,616
1854563839,ddpg,37.47062147118959,37.265900513156645,-0.6398764850077617,0.9227266425193332,99.71714984248842,0,historical_MSFT,616
1913317175,ddpg,47.975423764657535,47.64677722700689,-0.8107361317354,1.0298265810761935,99.78090955065922,0,historical_MSFT,616
1915261509,ddpg,36.24491521634445,36.23796732502096,-0.1178803743079773,0.8735999999999867,99.24428037430798,0,historical_MSFT,616
1929806079,ddpg,35.381224322245544,35.38045764371342,-0.0391581034301542,0.8928000000000038,99.14635810343016,0,historical_MSFT,616
1944279313,ddpg,41.95843945186789,41.7485049012815,-0.6479730713330404,0.8319999999999929,99.81597307133303,0,historical_MSFT,616
1963472178,ddpg,32.951136351404784,32.54396902812071,-0.9024049238385932,0.9056000000000032,99.99680492383858,0,historical_MSFT,616
1967277198,ddpg,3.3558004084407003,3.1704180710342302,-0.6089044874304508,1.1081418375251502,99.5007626499053,0,historical_MSFT,616
1970939311,ddpg,25.409719310215223,25.26678501152932,-0.5346668096785245,0.8864000000000016,99.64826680967852,0,historical_MSFT,616
1973187632,ddpg,31.870437843113905,31.601875340825472,-0.7328881255531876,1.0486096076376417,99.68427851791556,0,historical_MSFT,616
1988024584,ddpg,37.77642882312466,37.74955376658626,-0.2318407062549663,1.0888879592296845,99.14295274702528,0,historical_MSFT,616
1989546218,ddpg,47.936638887511435,47.72610829136973,-0.6488922809553385,0.8879638346518707,99.76092844630342,0,historical_MSFT,616
1991749064,ddpg,-13.577351236512186,-13.845348292798745,-0.732116187891727,0.8576000000000268,99.87451618789171,0,historical_MSFT,616
2027493763,ddpg,-2.645763908069057,-2.987030428436574,-0.8261555790134414,1.0207999999999993,99.80535557901348,0,historical_MSFT,616
2032328172,ddpg,44.8254790251176,44.57163589803737,-0.7125210552400947,1.0617724218416618,99.65074863339844,0,historical_MSFT,616
2037878581,ddpg,42.47754415260533,42.38260430050977,-0.4357518837493667,0.9216000000000024,99.51415188374936,0,historical_MSFT,616
2046243638,ddpg,34.436043165418596,33.97050752211265,-0.9649203524705527,1.168000000000002,99.79692035247056,0,historical_MSFT,616
2065104215,ddpg,33.662791469434524,33.60582717174882,-0.3375331026305539,0.9748829259661568,99.3626501766644,0,historical_MSFT,616
2105103849,ddpg,35.25796858720787,35.232964882553624,-0.2236233648537124,1.103999999999994,99.1196233648537,0,historical_MSFT,616
2118141694,ddpg,41.005497622338225,40.85231888231334,-0.5534956910850928,1.0655999999999943,99.4878956910851,0,historical_MSFT,616
2130954212,ddpg,31.77920978250404,31.60260865385413,-0.59430821742579,0.957471076864098,99.63683714056172,0,historical_MSFT,616
41087437,td3,41.011624705010036,40.6098686731472,-0.8963883442602656,0.9536000000000024,99.94278834426024,0,historical_MSFT,616
51839939,td3,52.271842079631824,52.18798336959342,-0.4095331733532938,0.6815999999999958,99.72793317335328,0,historical_MSFT,616
69600642,td3,33.13195669528977,32.75736638707529,0.8655522031795495,0.8640000000000054,98.27044779682046,0,historical_MSFT,616
114462228,td3,1.9782695391913876,1.7350217084651445,-0.6974924096020592,0.8480050300524169,99.84948737954966,0,historical_MSFT,616
116913155,td3,56.85583869632319,56.648924162200345,-0.6432954750701141,1.0399999999999985,99.60329547507013,0,historical_MSFT,616
130511148,td3,54.70984804565887,53.57787266022365,-1.5046430709209573,2.411765233631179,99.0928778372898,0,historical_MSFT,616
153620692,td3,34.472557828405115,34.43989905224461,0.2555729882460166,0.5856000000000176,99.15882701175396,0,historical_MSFT,616
168383381,td3,-1.9180564717662492,-2.063732794197156,-0.539770918873751,1.2000000000000204,99.33977091887373,0,historical_MSFT,616
190165316,td3,50.98652691596908,50.95977694242373,0.2313005557509597,0.5133452296341475,99.25535421461493,0,historical_MSFT,616
203193518,td3,-0.5160344603700651,-0.5219314110414478,-0.1085997299387319,0.921600000000004,99.18699972993872,0,historical_MSFT,616
203252677,td3,13.004341064735854,12.583696309052485,-0.9172183553367984,1.0816000000000086,99.8356183553368,0,historical_MSFT,616
211057610,td3,53.43987736801682,53.26168416575224,-0.596981075520131,0.8608000000000056,99.73618107552012,0,historical_MSFT,616
250590938,td3,40.43501055035631,40.42012266897846,0.1725565494430835,0.8140966674365876,99.01334678312034,0,historical_MSFT,616
262845664,td3,55.77053527232238,55.7695057427329,-0.0453768573057149,0.9247999999999794,99.12057685730572,0,historical_MSFT,616
266999249,td3,10.27057243341369,10.268525600290706,-0.0639817649488219,0.9904075941054142,99.0735741708434,0,historical_MSFT,616
275629747,td3,-1.103121433789056,-1.1633712007295216,-0.347130427765892,1.0016000000000087,99.34553042776592,0,historical_MSFT,616
298020478,td3,50.67963765087552,50.57328528399125,-0.4611992343538115,0.9823999999999716,99.4787992343538,0,historical_MSFT,616
312725689,td3,52.12675858175862,52.04743038829075,-0.398316942817841,0.9151999999999756,99.48311694281789,0,historical_MSFT,616
315460509,td3,55.576385657466744,55.40604546969213,-0.5836783151267665,0.7381934650348453,99.8454848500919,0,historical_MSFT,616
318928945,td3,50.60105491057584,50.60034359415072,-0.0377178054801112,0.9312000000000018,99.10651780548012,0,historical_MSFT,616
327072471,td3,30.798897858012424,30.46011137134312,-0.823148208610458,1.0612481919123309,99.76190001669814,0,historical_MSFT,616
346876782,td3,12.872081294031888,12.871579977561977,0.0316643796690262,0.9124574276337424,99.05587819269724,0,historical_MSFT,616
348778394,td3,55.197234041621414,54.83869618863075,-0.8468032274273212,0.97599784388148,99.87080538354586,0,historical_MSFT,616
350985218,td3,9.59072562100664,9.575577766523184,-0.1740566257483762,0.904335391285276,99.26972123446312,0,historical_MSFT,616
353781601,td3,58.32080288184261,58.2945383948198,-0.2291920025777869,0.8319999999999836,99.39719200257778,0,historical_MSFT,616
382047915,td3,45.34377668081106,45.29164648937631,-0.322893764061036,0.6387738064439793,99.68411995761704,0,historical_MSFT,616
410048416,td3,61.30673725055203,61.21763850088461,-0.4221344564648248,0.613071375161458,99.80906308130338,0,historical_MSFT,616
425742929,td3,-7.954816930352536,-7.986729765005848,-0.2526374265753695,0.976000000000022,99.27663742657538,0,historical_MSFT,616
426150381,td3,57.44704692392224,57.435265356782715,-0.1535028803608036,0.95991309533171,99.19358978502908,0,historical_MSFT,616
433718991,td3,50.05980532154172,50.059120606641585,0.0370058076559156,0.8608000000000087,99.1021941923441,0,historical_MSFT,616
441062544,td3,49.05195830251432,48.678753187828995,-0.8639503627932839,1.1327999999999911,99.73115036279329,0,historical_MSFT,616
447527585,td3,64.97787965009957,64.9463895588585,-0.2509585274146417,1.0478720398154586,99.20308648759917,0,historical_MSFT,616
448345066,td3,40.11780957990413,39.99957501224866,-0.4862809222156921,0.8640000000000057,99.62228092221568,0,historical_MSFT,616
448875740,td3,1.2064949490686558,1.1906865979494228,-0.1778108608563211,1.1267370339873544,99.05107382686896,0,historical_MSFT,616
469030513,td3,58.21556999767927,58.1890173737232,-0.2304457591541737,0.9376000000000017,99.29284575915418,0,historical_MSFT,616
547603789,td3,28.168890967242987,28.161095416665603,-0.124864330994763,1.0444790913479054,99.08038523964686,0,historical_MSFT,616
562256782,td3,41.77419552419815,41.18491342400591,-1.085616967620012,1.1698450939142933,99.91577187370574,0,historical_MSFT,616
571620923,td3,41.46281215922863,41.159398581308594,-0.7789911140957154,0.9877788101696332,99.79121230392607,0,historical_MSFT,616
580403189,td3,-2.0071613753025304,-2.279187478373743,-0.7375989466793086,0.9344000000000208,99.80319894667927,0,historical_MSFT,616
586518796,td3,5.239018453163226,4.795121000407103,-0.9422286906649816,0.9440000000000228,99.99822869066496,0,historical_MSFT,616
595352142,td3,45.89183890832646,45.85169231713375,-0.2833605166310694,0.8917831557761197,99.39157736085494,0,historical_MSFT,616
627372269,td3,-2.9734848222469736,-3.080236935822529,-0.4620651763021213,1.1039999999999957,99.35806517630212,0,historical_MSFT,616
685957300,td3,43.8365823368149,43.73556489391908,-0.4494829093432131,0.8992000000000033,99.55028290934315,0,historical_MSFT,616
686530427,td3,34.61721725538155,34.2629734168795,-0.8417171003395965,0.9818973887735992,99.85981971156602,0,historical_MSFT,616
689568189,td3,51.51820055828102,51.41727052280321,-0.4492884050981431,1.1140706921867474,99.3352177129114,0,historical_MSFT,616
701012576,td3,38.216549006107016,37.752431334827314,-0.9634497094085436,0.9866066314024188,99.97684307800613,0,historical_MSFT,616
706167879,td3,52.636883425804626,52.31387375365587,-0.803753285714914,0.8316313085127548,99.97212197720216,0,historical_MSFT,616
761791963,td3,48.56421378033701,48.468519987621725,-0.4374786685434776,0.9940266038521092,99.4434520646914,0,historical_MSFT,616
764154057,td3,48.634762736071934,48.50333586444966,-0.5126926401310453,0.7904000000000123,99.72229264013104,0,historical_MSFT,616
769220178,td3,43.53557637315134,43.34933278924404,-0.6103172681602673,1.074965147701162,99.53535212045908,0,historical_MSFT,616
776648021,td3,32.48377973572133,32.482730978510176,0.0457986290439715,0.8805078117728287,99.07369355918324,0,historical_MSFT,616
776870983,td3,57.95822772813335,50.51189542571344,3.8591015281850023,0.8557818607233997,95.28511661109162,0,historical_MSFT,616
779133594,td3,54.395300323300035,54.23516540230323,-0.5659238835688143,1.0137609389725384,99.55216294459626,0,historical_MSFT,616
786966776,td3,60.1096882660604,60.0972894226349,0.1574728130535477,0.8291618317131993,99.01336535523326,0,historical_MSFT,616
790017967,td3,63.09540041367472,62.91355855231646,-0.6030619559518977,0.9268935805283643,99.67616837542352,0,historical_MSFT,616
813073339,td3,40.63545114430053,40.49847411078768,-0.5234062160747551,0.8768000000000048,99.6466062160748,0,historical_MSFT,616
832243325,td3,11.049752920212995,11.043224783847284,0.1142640482891397,0.7872000000000017,99.09853595171084,0,historical_MSFT,616
908960744,td3,60.48363152958882,59.83765037380657,-1.1366452003877503,1.2511999999999948,99.88544520038772,0,historical_MSFT,616
910482997,td3,4.971782351931324,4.88558662088861,-0.4152005082913907,1.0214550553398567,99.39374545295148,0,historical_MSFT,616
941591196,td3,52.85180388328081,52.65967213074325,-0.6198899136742815,0.972080545274366,99.64780936839988,0,historical_MSFT,616
944504604,td3,42.61833134292283,42.590281606674424,-0.2368532720838263,1.0868792009056685,99.14997407117816,0,historical_MSFT,616
1005943129,td3,60.08787927499907,60.03130244653699,-0.3363831995271948,0.8930172967590466,99.44336590276816,0,historical_MSFT,616
1013315373,td3,51.342455041987705,51.3424161977943,0.0088141015879819,0.8177352160464773,99.17345068236556,0,historical_MSFT,616
1040771040,td3,3.902162211312316,3.69747427935006,-0.6398248697296094,0.924800000000005,99.71502486972956,0,historical_MSFT,616
1042636236,td3,13.96730404828122,13.963974292788793,-0.0816058269050477,1.0304000000000042,99.05120582690505,0,historical_MSFT,616
1065368540,td3,10.327577948071848,10.291655086016656,-0.2680405269924426,0.9216000000000024,99.34644052699244,0,historical_MSFT,616
1106079783,td3,60.599465803270505,60.37066574968409,-0.6764614602272823,0.7679999999999838,99.9084614602273,0,historical_MSFT,616
1127525548,td3,65.68800944725444,65.63972985078286,-0.3107397511474483,1.0090958201959297,99.30164393095151,0,historical_MSFT,616
1198686432,td3,54.68774790501084,54.67171097576994,0.1790917599494579,0.5766080121196422,99.24430022793092,0,historical_MSFT,616
1279405884,td3,45.14510663979672,44.84047235564256,-0.7805565759817341,1.046399999999996,99.73415657598171,0,historical_MSFT,616
1290694244,td3,57.64631872289647,57.61297131026111,-0.2582534128926675,0.8603622864078365,99.39789112648484,0,historical_MSFT,616
1308515861,td3,44.761711787159584,44.66613512985081,-0.4372108354301813,1.163592546606262,99.27361828882395,0,historical_MSFT,616
1318414678,td3,56.48398394077413,56.475173837335504,0.132741127301368,0.6399999999999783,99.22725887269866,0,historical_MSFT,616
1322634316,td3,52.69125258237909,52.637682252417086,-0.3273234790295549,0.8063999999999822,99.52092347902958,0,historical_MSFT,616
1356969079,td3,-0.2106652635156933,-0.6997093987608392,-0.9889834530922608,0.9913007334207904,99.99768271967147,0,historical_MSFT,616
1361042713,td3,44.85895744027584,44.62956327533224,-0.6773391542552467,1.0751999999999953,99.6021391542552,0,historical_MSFT,616
1377524954,td3,61.13584740248734,61.12514941939112,-0.1462736004630928,0.9631999999999964,99.18307360046312,0,historical_MSFT,616
1387327264,td3,55.65386872965792,55.48362773469983,-0.5835083460552826,0.7644582598734051,99.81905008618186,0,historical_MSFT,616
1397923752,td3,4.051368765987718,4.027226036228624,-0.2197395265267185,0.848720371524389,99.37101915500232,0,historical_MSFT,616
1413601158,td3,5.887695373727183,5.631755904119846,-0.7154571540034214,0.9216000000000024,99.79385715400343,0,historical_MSFT,616
1418124226,td3,60.543128991894264,60.25183788062341,-0.7632707400010167,0.832000000000002,99.93127074000104,0,historical_MSFT,616
1424006637,td3,46.56716432201392,46.35929798293285,-0.6447733541037157,1.0043648976240485,99.64040845647963,0,historical_MSFT,616
1430263864,td3,61.09893700532484,57.714660539637315,2.6016442745646553,0.9951999999999982,96.40315572543535,0,historical_MSFT,616
1449455949,td3,2.946696088238241,2.7388828708402086,-0.6446909606905189,1.0214200678344847,99.62327089285604,0,historical_MSFT,616
1455161373,td3,52.871859567663705,43.01980824989857,4.438930348127832,1.1199999999999797,94.4410696518722,0,historical_MSFT,616
1471500935,td3,52.637226784981976,52.45847655988665,-0.5979134136232873,0.8204230301391822,99.7774903834841,0,historical_MSFT,616
1503589113,td3,3.904136652739908,3.3857991944764247,-1.0181723412698689,1.0335999999999976,99.98457234126988,0,historical_MSFT,616
1507450548,td3,61.84771960556645,61.83661240163452,-0.1490449860407067,0.8375654544340255,99.31147953160666,0,historical_MSFT,616
1523897475,td3,52.07340390902027,51.80833769123265,-0.7281019403732132,1.1084676066866654,99.61963433368658,0,historical_MSFT,616
1530857305,td3,60.26025570435195,59.888471875061285,-0.862303692779596,1.0786336296345291,99.7836700631451,0,historical_MSFT,616
1532703018,td3,36.195459398049934,35.849061398050324,-0.8323436790167983,0.9211707952711548,99.91117288374566,0,historical_MSFT,616
1534695219,td3,58.86860391557457,58.85584817077369,-0.1597231655138188,0.9766701206597354,99.18305304485408,0,historical_MSFT,616
1535564132,td3,48.82001059525828,48.67827733765051,-0.5324157353192471,1.065599999999996,99.46681573531926,0,historical_MSFT,616
1535699227,td3,50.40446443148721,50.11190860298121,-0.7649259160284745,1.1103999999999916,99.65452591602848,0,historical_MSFT,616
1538882168,td3,55.71839041779094,55.592338486338974,-0.5020994551918356,1.353599999999993,99.14849945519184,0,historical_MSFT,616
1547442723,td3,-1.0177820727167273,-1.0414564480354476,-0.217597680680288,0.992000000000011,99.22559768068024,0,historical_MSFT,616
1550581390,td3,35.02978161789906,34.60734930630812,-0.9191651773113912,1.1268361021816988,99.79232907512969,0,historical_MSFT,616
1583303502,td3,44.685201430951565,44.287724628118134,-0.8916017079766405,1.1359999999999957,99.7556017079766,0,historical_MSFT,616
1653866202,td3,54.68235888459458,54.31887937632185,-0.8526189163661846,1.0149009829196214,99.83771793344656,0,historical_MSFT,616
1658647594,td3,47.95657251197554,47.95476464139953,0.0601310331860009,0.9119999999999784,99.027868966814,0,historical_MSFT,616
1699470363,td3,49.47430975845964,49.23869925514012,-0.6864553930438917,1.0876752710406028,99.59878012200328,0,historical_MSFT,616
1743826027,td3,-1.904716321849264,-2.003438303193462,-0.4443466694917333,1.1204667831484023,99.3238798863433,0,historical_MSFT,616
1749228258,td3,-5.275444546276049,-5.282650296175851,-0.1200479062691455,0.9364857944678286,99.1835621118013,0,historical_MSFT,616
1762991532,td3,-1.3270063319923793,-91.78769640551292,13.450701845890462,0.9187507069505184,85.63054744715902,0,historical_MSFT,616
1768363633,td3,41.2725323104296,41.17198039094709,-0.4484460268137249,0.80000000000002,99.6484460268137,0,historical_MSFT,616
1776312543,td3,5.83033589916522,5.463277827578767,-0.8568057791430372,0.9152000000000036,99.94160577914306,0,historical_MSFT,616
1835625797,td3,42.579554964937415,42.22670842390176,-0.8400554041676676,1.4934440448012258,99.34661135936643,0,historical_MSFT,616
1847524681,td3,36.46277339534754,34.418697742742175,-2.021917729585141,2.1097211528004554,99.9121965767847,0,historical_MSFT,616
1854563839,td3,61.02133764161772,60.86970790469741,-0.5506899979485974,0.9227266425193332,99.62796335542926,0,historical_MSFT,616
1913317175,td3,57.34872828701373,57.33087947006815,-0.1889381747852028,1.0298265810761935,99.159111593709,0,historical_MSFT,616
1915261509,td3,56.53912427573596,56.25492668693459,-0.753919874789568,0.8735999999999867,99.8803198747896,0,historical_MSFT,616
1929806079,td3,57.6309054948033,57.63053734506306,-0.0271348388695726,0.8928000000000038,99.13433483886956,0,historical_MSFT,616
1944279313,td3,48.91140413184985,48.90988868251029,-0.0550535982394492,0.8319999999999929,99.22305359823946,0,historical_MSFT,616
1963472178,td3,55.34948885286212,55.332387754347344,-0.1849383600812979,0.9056000000000032,99.2793383600813,0,historical_MSFT,616
1967277198,td3,8.94491128979098,5.743460157312993,2.5303956735965176,1.1081418375251502,96.3614624888783,0,historical_MSFT,616
1970939311,td3,45.6167395567536,45.496073652974594,-0.4912553384524345,0.8864000000000016,99.60485533845244,0,historical_MSFT,616
1973187632,td3,44.77060584881292,44.73746639905838,-0.2574468867729502,1.0486096076376417,99.20883727913532,0,historical_MSFT,616
1988024584,td3,45.251681211813775,44.70998974562942,-1.040856826066247,1.0888879592296845,99.95196886683657,0,historical_MSFT,616
1989546218,td3,56.438647496292106,56.324197157321606,-0.4784356570543145,0.8879638346518707,99.59047182240244,0,historical_MSFT,616
1991749064,td3,-7.586151470006371,-7.658452695168083,-0.380266288702304,0.8576000000000268,99.52266628870228,0,historical_MSFT,616
2027493763,td3,-3.0428632164494047,-3.281172798991932,-0.6903761040802718,1.0207999999999993,99.66957610408026,0,historical_MSFT,616
2032328172,td3,53.892862587044874,53.78471788637386,-0.4650692435992989,1.0617724218416618,99.40329682175764,0,historical_MSFT,616
2037878581,td3,47.58844959513044,47.588065018091925,-0.0277336271884321,0.9216000000000024,99.10613362718844,0,historical_MSFT,616
2046243638,td3,47.396820532123456,47.381454839334545,-0.1753036952771289,1.168000000000002,99.00730369527714,0,historical_MSFT,616
2065104215,td3,52.81133456898715,52.572598380273064,-0.6909937607736878,0.9748829259661568,99.7161108348075,0,historical_MSFT,616
2105103849,td3,52.592134810473,52.482356202679824,-0.4685693284737553,1.103999999999994,99.3645693284738,0,historical_MSFT,616
2118141694,td3,56.91216316717873,56.864050085408095,-0.3102034228393922,1.0655999999999943,99.2446034228394,0,historical_MSFT,616
2130954212,td3,61.83752796481349,61.5606319863538,-0.7441719941783508,0.957471076864098,99.78670091731426,0,historical_MSFT,616
41087437,sac,27.08743071299068,26.85720361866013,-0.6785677480260204,0.8009000000000053,99.877667748026,0,historical_MSFT,616
51839939,sac,40.90483918036807,40.8912839479695,-0.1646525578214414,0.5261999999999919,99.63845255782144,0,historical_MSFT,616
69600642,sac,14.704172573776304,14.46178165024677,-0.6962627715590344,0.7783728681743565,99.91788990338463,0,historical_MSFT,616
114462228,sac,0.0552952777343307,-0.0893766340471649,-0.5379068911651824,0.6968272769212799,99.84107961424392,0,historical_MSFT,616
116913155,sac,44.628495078397464,44.45726973737325,-0.5851928588494717,0.8459000000000012,99.73929285884948,0,historical_MSFT,616
130511148,sac,26.793068702552773,25.029582254299054,-1.87802366771759,1.9867000000000063,99.89132366771756,0,historical_MSFT,616
153620692,sac,18.648744362977595,18.58010691590601,0.3705062673466799,0.4261000000000148,99.20339373265332,0,historical_MSFT,616
168383381,sac,-2.4492685283257742,-2.8015766958324484,-0.8394142809205407,1.0196000000000192,99.81981428092054,0,historical_MSFT,616
190165316,sac,30.314435070336913,30.312806216847843,0.0570763258991146,0.4666845650841617,99.47623910901672,0,historical_MSFT,616
203193518,sac,-4.4110739736406686,-4.546516640552538,-0.520466457923792,0.758400000000007,99.7620664579238,0,historical_MSFT,616
203252677,sac,0.4336296061756002,0.3629191428831074,-0.3760597380536576,0.9151999999999992,99.46085973805366,0,historical_MSFT,616
211057610,sac,20.869759128390797,20.86579706027117,0.0890176175779637,0.7114000000000102,99.199582382422,0,historical_MSFT,616
250590938,sac,26.546943947585532,26.546593871997583,-0.0264603699122882,0.6595851472776342,99.36687522263468,0,historical_MSFT,616
262845664,sac,33.350831392363034,33.257701031697415,-0.4315793337629166,0.7690999999999817,99.66247933376292,0,historical_MSFT,616
266999249,sac,-1.3085139135637291,-1.441155684817804,-0.5150568342505027,0.8228668978651105,99.6921899363854,0,historical_MSFT,616
275629747,sac,-5.285260868378828,-5.339390748360307,-0.3290285093467718,0.816600000000005,99.51242850934678,0,historical_MSFT,616
298020478,sac,35.017914792548254,34.90467646554707,-0.4758956335189084,0.8183999999999778,99.65749563351892,0,historical_MSFT,616
312725689,sac,26.789609465908143,26.514996722039676,-0.7410974886861588,0.758399999999982,99.98269748868614,0,historical_MSFT,616
315460509,sac,30.404269255432155,30.26308527115289,-0.5313830713887422,0.605147435598185,99.92623563579056,0,historical_MSFT,616
318928945,sac,31.85107585798505,31.83102536272981,-0.2002523171163838,0.7756000000000064,99.4246523171164,0,historical_MSFT,616
327072471,sac,16.578237528643513,16.57415551123932,-0.0903550486048589,0.89772404996924,99.19263099863562,0,historical_MSFT,616
346876782,sac,-7.688423186091313,-7.715625050631181,0.2332460698055505,0.7567961826887535,99.0099577475057,0,historical_MSFT,616
348778394,sac,31.231977176777946,30.94192235614421,-0.7616492902034814,0.8095195494522581,99.95212974075122,0,historical_MSFT,616
350985218,sac,1.284293667989914,1.2669768935939758,-0.1861009102392473,0.7939231471562774,99.39217776308296,0,historical_MSFT,616
353781601,sac,42.869161616574274,42.74753830052239,-0.4932003975097381,0.7351469547511134,99.7580534427586,0,historical_MSFT,616
382047915,sac,25.50380236178171,25.45526025363356,-0.3115834018305555,0.5112141967911302,99.80036920503944,0,historical_MSFT,616
410048416,sac,34.59615822604428,34.59226036604254,-0.0882933746295985,0.4548337838258156,99.6334595908038,0,historical_MSFT,616
425742929,sac,-2.880201719959586,-2.881544679957287,-0.0518258622253414,0.8181000000000116,99.23372586222531,0,historical_MSFT,616
426150381,sac,29.78693308696529,29.525318387402237,-0.7233459747078899,0.8020262550800583,99.92131971962785,0,historical_MSFT,616
433718991,sac,27.566750378126017,27.55773819589841,0.1342548489076598,0.698600000000009,99.16714515109231,0,historical_MSFT,616
441062544,sac,34.10309244558448,34.09059554502836,-0.1580942791888542,0.9665999999999916,99.19149427918884,0,historical_MSFT,616
447527585,sac,29.682718207561265,29.5932122968478,-0.4230978863418397,0.8912813591438922,99.53181652719796,0,historical_MSFT,616
448345066,sac,20.961563215714705,20.763589756083046,-0.6292431320748101,0.6896000000000032,99.9396431320748,0,historical_MSFT,616
448875740,sac,-1.3694165708548098,-1.390151186312621,-0.2036399541239935,0.9531592046162962,99.25048074950772,0,historical_MSFT,616
469030513,sac,28.59037735923266,28.41931156402288,-0.5849201573031646,0.7761999999999993,99.80872015730316,0,historical_MSFT,616
547603789,sac,16.326803502373878,16.236098264636738,-0.4259230863363442,0.8906875821858237,99.53523550415048,0,historical_MSFT,616
562256782,sac,26.32597531039937,25.97963272410748,-0.83227710084069,1.0109338179952916,99.82134328284538,0,historical_MSFT,616
571620923,sac,24.28916772141747,24.0288185105751,-0.7215943609014297,0.8259697935379555,99.89562456736348,0,historical_MSFT,616
580403189,sac,-10.041053216089496,-10.044408543156276,0.0819185823459086,0.778100000000007,99.13998141765408,0,historical_MSFT,616
586518796,sac,-2.8315542292093596,-2.8323638348408906,-0.0402394242387008,0.7201000000000183,99.32013942423872,0,historical_MSFT,616
595352142,sac,26.77628197224476,26.73879579284615,-0.2738108084010223,0.7189306206217166,99.55488018777932,0,historical_MSFT,616
627372269,sac,-13.940075319280368,-14.237852642704771,-0.7717218714334918,0.9148999999999976,99.8568218714335,0,historical_MSFT,616
685957300,sac,22.53168574671145,22.506315395882776,-0.225256968055024,0.7473000000000076,99.47795696805504,0,historical_MSFT,616
686530427,sac,18.12095540021801,18.066961604585636,-0.328614654671311,0.8104660637164828,99.51814859095484,0,historical_MSFT,616
689568189,sac,29.447702484589172,29.447356509710826,-0.0263049378766517,0.9735505997230532,99.05275433815358,0,historical_MSFT,616
701012576,sac,22.206082601083835,22.19875831524931,0.1210312838445157,0.8067774544411237,99.07219126171434,0,historical_MSFT,616
706167879,sac,26.082177539123222,26.057221055849578,0.2234121002705339,0.6749000000000026,99.10168789972946,0,historical_MSFT,616
761791963,sac,25.820844594432856,25.740889878969796,-0.3998867726321056,0.8418187546746847,99.55806801795744,0,historical_MSFT,616
764154057,sac,26.23269328315473,26.197756657229316,0.2643354910919614,0.6347000000000137,99.10096450890802,0,historical_MSFT,616
769220178,sac,23.763222280578702,23.411108379223347,-0.8391828184077121,0.907927222884194,99.9312555955235,0,historical_MSFT,616
776648021,sac,19.537334992941396,19.531356120055506,-0.109351478141758,0.7029199241921732,99.40643155394956,0,historical_MSFT,616
776870983,sac,28.70670109060484,28.705134517528965,-0.055974513412356,0.684160654416072,99.37181385899628,0,historical_MSFT,616
779133594,sac,27.25206997299756,27.184916751601296,-0.3664784342802801,0.8646991402661716,99.50177929401409,0,historical_MSFT,616
786966776,sac,39.25518550491688,39.21911227131399,0.2686009441639708,0.6818291278438146,99.0495699279922,0,historical_MSFT,616
790017967,sac,47.47769347817484,47.42876811845269,-0.3128109963609089,0.772532553018501,99.54027844334242,0,historical_MSFT,616
813073339,sac,20.66833991459316,20.642433833840844,0.2276228492586672,0.7180000000000034,99.05437715074127,0,historical_MSFT,616
832243325,sac,1.6623716063331813,1.5964084714814786,-0.3632165603375006,0.6470999999999985,99.71611656033753,0,historical_MSFT,616
908960744,sac,36.504294049831515,36.46996744267748,-0.262017583967332,1.0057999999999976,99.25621758396736,0,historical_MSFT,616
910482997,sac,-6.114590582834353,-6.307704065843425,-0.6214716132038084,0.8605682858325095,99.76090332737132,0,historical_MSFT,616
941591196,sac,40.44901894599934,40.201611271657605,-0.7034311257568006,0.7979458190738881,99.90548530668288,0,historical_MSFT,616
944504604,sac,24.51968491520165,24.343909620255776,-0.5929170177113773,0.8762123640033416,99.71670465370808,0,historical_MSFT,616
1005943129,sac,30.08619294344317,30.085481360337443,-0.0377248752343164,0.7254301649662183,99.31229471026808,0,historical_MSFT,616
1013315373,sac,33.099685761420915,33.05116604070273,-0.31151154302266,0.6568928991541316,99.65461864386852,0,historical_MSFT,616
1040771040,sac,-7.258269848625787,-7.36531572622779,-0.4627005027055906,0.7490000000000065,99.7137005027056,0,historical_MSFT,616
1042636236,sac,0.2153004832271108,-0.0543917675629692,-0.7344280098009336,0.876800000000001,99.85762800980092,0,historical_MSFT,616
1065368540,sac,0.6030173894778272,0.5631569018314051,-0.2823490309755714,0.7665000000000068,99.51584903097556,0,historical_MSFT,616
1106079783,sac,23.209255290837973,23.208029973980725,0.0495038757522885,0.6072999999999893,99.34319612424775,0,historical_MSFT,616
1127525548,sac,39.93174490974161,39.87386201629361,-0.3402437169089283,0.8280845388724081,99.51215917803653,0,historical_MSFT,616
1198686432,sac,23.729403187138814,23.72826416357645,-0.0477288919285577,0.5065407848621603,99.54118810706638,0,historical_MSFT,616
1279405884,sac,20.46545518014864,20.431634136069352,-0.2600809261721631,0.8640000000000007,99.39608092617216,0,historical_MSFT,616
1290694244,sac,34.96739812191481,34.967345992484475,0.0102107228279448,0.695428184184748,99.2943610929873,0,historical_MSFT,616
1308515861,sac,26.70232184403176,26.552886249545185,-0.5466911275785848,1.0142513675188771,99.53243976005972,0,historical_MSFT,616
1318414678,sac,38.438445557470914,38.36805027648124,-0.3752206843703309,0.4766999999999843,99.89852068437034,0,historical_MSFT,616
1322634316,sac,30.812485037378792,30.803959545805252,-0.1305794131824867,0.6438999999999883,99.4866794131825,0,historical_MSFT,616
1356969079,sac,-2.7127460089086526,-2.741956334041491,-0.2417036413992903,0.8454845757256537,99.39621906567363,0,historical_MSFT,616
1361042713,sac,19.168078914955913,19.03646492523007,-0.5130574816252811,0.9055999999999992,99.60745748162527,0,historical_MSFT,616
1377524954,sac,30.63252415534953,30.632360476727577,-0.0180930164402512,0.8027999999999835,99.21529301644028,0,historical_MSFT,616
1387327264,sac,22.934188920944507,22.907245442408392,-0.2321356436918537,0.5957564052562435,99.63637923843564,0,historical_MSFT,616
1397923752,sac,-4.156772556976648,-4.270212452484514,-0.4763190013171124,0.6011753392444833,99.87514366207265,0,historical_MSFT,616
1413601158,sac,-2.4891569667106523,-2.77498486185547,-0.7560792222311334,0.7588000000000068,99.99727922223111,0,historical_MSFT,616
1418124226,sac,36.65115100810726,36.417456052494245,-0.6836592069342986,0.6845999999999983,99.99905920693432,0,historical_MSFT,616
1424006637,sac,23.04132631885659,22.934443649151284,-0.462347639131656,0.827733323148181,99.6346143159835,0,historical_MSFT,616
1430263864,sac,40.04800723472909,39.72306695399785,-0.806151698790291,0.833200000000003,99.9729516987903,0,historical_MSFT,616
1449455949,sac,-10.09071272593792,-10.091157944369298,0.0298401887185338,0.8576735801433525,99.11248623113816,0,historical_MSFT,616
1455161373,sac,35.651491436314245,35.57256719941207,-0.397301489808878,0.9494999999999796,99.44780148980888,0,historical_MSFT,616
1471500935,sac,37.51099939103733,37.45353094083713,0.3390234511068427,0.6515519559635655,99.0094245929296,0,historical_MSFT,616
1503589113,sac,-11.297400093351824,-11.4397083959369,-0.5334947095990263,0.8426000000000009,99.690894709599,0,historical_MSFT,616
1507450548,sac,35.92490049315711,35.87594488559196,-0.3129076782859282,0.7117049095625724,99.60120276872338,0,historical_MSFT,616
1523897475,sac,38.628995248454885,38.36873212551053,-0.7214750486944819,0.9437988040439144,99.77767624465056,0,historical_MSFT,616
1530857305,sac,39.236827454615195,39.002255640938714,-0.6849406013319377,0.8983741664714611,99.78656643486048,0,historical_MSFT,616
1532703018,sac,20.84949748714098,20.83807868838374,0.1511211352342323,0.7763220197714003,99.07255684499437,0,historical_MSFT,616
1534695219,sac,44.64636509537195,44.555725892563075,-0.4257680185473657,0.8354577232151207,99.59031029533226,0,historical_MSFT,616
1535564132,sac,25.85665524012802,25.458783384492875,-0.8920446800863099,0.8936999999999996,99.99834468008632,0,historical_MSFT,616
1535699227,sac,17.058611508346075,17.058501909973536,-0.0148052944947068,0.9439999999999972,99.07080529449468,0,historical_MSFT,616
1538882168,sac,41.884062069048014,41.74764186216238,-0.5223412809373382,1.1662999999999937,99.35604128093736,0,historical_MSFT,616
1547442723,sac,-8.427591597468563,-8.530396529440356,-0.4534422388172329,0.8238000000000033,99.6296422388172,0,historical_MSFT,616
1550581390,sac,21.276266689197655,21.18808948219665,-0.4199457274482201,0.9366419532746012,99.48330377417362,0,historical_MSFT,616
1583303502,sac,27.94521973434712,27.904105398045527,-0.2867554229708411,0.951099999999996,99.33565542297085,0,historical_MSFT,616
1653866202,sac,28.970682630011652,28.892274544505508,-0.3960002159245479,0.852823529724446,99.5431766862001,0,historical_MSFT,616
1658647594,sac,31.257544356978546,31.237599099353265,-0.1997261005741445,0.7348999999999827,99.46482610057416,0,historical_MSFT,616
1699470363,sac,42.86620723728993,42.8659307105864,0.0235170875543697,0.9063546678306776,99.07012824461496,0,historical_MSFT,616
1743826027,sac,-0.1429361873688321,-0.5229977263921521,-0.8718503759514242,0.9266154430405712,99.94523493291086,0,historical_MSFT,616
1749228258,sac,-14.82958526512084,-14.903054342568664,-0.3833251294862473,0.7781602516782499,99.605164877808,0,historical_MSFT,616
1762991532,sac,-8.14733757621434,-8.174989704937419,0.2351685724031905,0.615263986079614,99.14956744151722,0,historical_MSFT,616
1768363633,sac,26.00728613915635,26.005317606899144,-0.0627460318618586,0.6407000000000158,99.42204603186184,0,historical_MSFT,616
1776312543,sac,-0.9816089638770792,-0.9942504878498064,-0.1590064399496286,0.7419000000000083,99.41710643994963,0,historical_MSFT,616
1835625797,sac,28.640653592536182,28.160650938988276,-0.9797986053755204,1.3188793745914966,99.66091923078406,0,historical_MSFT,616
1847524681,sac,15.253820883595836,13.68016462523205,-1.7740666607339115,1.90900000000002,99.86506666073387,0,historical_MSFT,616
1854563839,sac,48.12798316194494,48.12166935729974,0.1123726358612563,0.7699718154792631,99.11765554865949,0,historical_MSFT,616
1913317175,sac,41.6122669932829,41.43627815809838,-0.593277060376553,0.8551273176773851,99.73814974269916,0,historical_MSFT,616
1915261509,sac,46.17513676172348,46.174184660182405,0.0436371754601714,0.721999999999986,99.23436282453984,0,historical_MSFT,616
1929806079,sac,34.21415657839498,34.0247909245417,-0.6154114946168657,0.7122999999999912,99.90311149461688,0,historical_MSFT,616
1944279313,sac,28.487704895544084,28.44231949608054,-0.3012819259880812,0.6780999999999917,99.62318192598808,0,historical_MSFT,616
1963472178,sac,35.066939560136234,35.052321667843366,-0.1709847495706603,0.7464000000000061,99.42458474957068,0,historical_MSFT,616
1967277198,sac,-4.033375657643774,-4.143210645098563,-0.468689636016819,0.9590911219841226,99.5095985140327,0,historical_MSFT,616
1970939311,sac,27.765593434256516,27.64060975837821,-0.4999673506906336,0.6921000000000034,99.80786735069064,0,historical_MSFT,616
1973187632,sac,22.882077551037582,22.844868792701646,-0.2727957416674141,0.915816765270865,99.35697897639656,0,historical_MSFT,616
1988024584,sac,27.711468831019378,27.676485887182505,-0.2645106570135435,0.9090889605665397,99.355421696447,0,historical_MSFT,616
1989546218,sac,35.785626475735626,35.7566808076707,-0.240606184729021,0.7149161299020079,99.525690054827,0,historical_MSFT,616
1991749064,sac,-8.731292767393825,-8.749613618818607,-0.1914202258110777,0.6998000000000171,99.49162022581108,0,historical_MSFT,616
2027493763,sac,-8.036483054082055,-8.066041262995652,-0.2431386802365963,0.848000000000002,99.39513868023656,0,historical_MSFT,616
2032328172,sac,36.91234103552051,36.91214966203041,-0.0195639203691619,0.910391007093768,99.1091729132754,0,historical_MSFT,616
2037878581,sac,19.740504697703727,19.73665027542916,-0.087800025906229,0.7598000000000071,99.32800002590622,0,historical_MSFT,616
2046243638,sac,25.596323569601736,25.498262269695996,-0.4428573131511788,1.0020999999999995,99.4407573131512,0,historical_MSFT,616
2065104215,sac,20.75861148680633,20.743353146416595,0.1746902423705159,0.8170958322591015,99.0082139253704,0,historical_MSFT,616
2105103849,sac,28.076996060592137,27.80124561836967,-0.7426310554002806,0.9315999999999972,99.8110310554003,0,historical_MSFT,616
2118141694,sac,34.43258255814908,34.25874047750581,-0.5896474890021468,0.8760999999999994,99.71354748900214,0,historical_MSFT,616
2130954212,sac,33.25393868241008,33.026944881289374,-0.6737860211086358,0.8096176571942982,99.86416836391432,0,historical_MSFT,616
