policy,env_seed,objective,auction_value,opening_inventory,final_inventory,cancels
original,1202632574,0.8310118717169431,0.08394525586918428,0.7087119494974985,1.8662119494982115,1
diagnostic_auction_transfer,1202632574,0.8651279853154961,0.11806136946850151,0.7087119494974985,2.206020000662197,1
original,2124558654,-41.61130464157433,-0.027199254873821514,8.439961722355662,8.530714612181109,0
diagnostic_auction_transfer,2124558654,-41.58777308333768,-0.0036676966382216984,8.439961722355662,8.452231469893539,0
original,1714748616,10.981013780620938,-0.027120455005922143,0.22387209112933704,0.026625283410640244,0
diagnostic_auction_transfer,1714748616,10.674528466623448,-0.33360576900384803,0.22387209112933704,-0.09059139548742523,22
original,1898011230,26.98076488384884,0.0012587414921044783,0.8776131257605897,0.8899145662552866,0
diagnostic_auction_transfer,1898011230,27.128648999591082,0.14914285723480547,0.8776131257605897,8.04011312576034,0
original,767118193,39.22966950168583,-0.05273519321992498,0.5765381176853452,-1.4123889745170206,5
diagnostic_auction_transfer,767118193,39.143232961171016,-0.13917173373420022,0.5765381176853452,-1.7149517242456462,16
original,1003775508,1.8165866366943706,1.2712053631958043e-16,0.554850067046786,0.5548500670467745,0
diagnostic_auction_transfer,1003775508,1.9458962588591568,0.12930962216447145,0.554850067046786,-1.6302538286076924,1
original,539531727,3.8005051492617272,0.44857174256285093,9.24440306126479,1.706401615100524,0
diagnostic_auction_transfer,539531727,3.1445572328338125,-0.2073761738658899,9.24440306126479,9.269386238012054,17
original,1573914570,19.96312886170411,-0.28270181235308756,0.7892748260516953,-1.4343133064709388,3
diagnostic_auction_transfer,1573914570,20.08985479600468,-0.15597587805177132,0.7892748260516953,1.3492748260517153,19
original,651671679,29.362399143322893,-0.007053384262876401,0.5553706439444994,0.5332675938915217,0
diagnostic_auction_transfer,651671679,28.962279066459708,-0.4071734611269047,0.5553706439444994,0.64287064394449,29
original,1245736900,3.764402453375878,-0.1778646757193164,0.5887591218197201,-1.188740878180388,2
diagnostic_auction_transfer,1245736900,3.8541448256708986,-0.08812230342479131,0.5887591218197201,-0.48874087818037815,2
original,437248997,10.420419995480605,-0.16803264801859324,0.7093918606028069,-0.9831081393971823,2
diagnostic_auction_transfer,437248997,10.48409934547879,-0.1043532980200781,0.7093918606028069,-0.44560813939722355,5
original,65203010,-74.9183129679061,-0.912423500903836,16.663658410547484,19.08101537609315,0
diagnostic_auction_transfer,65203010,-73.70090506949681,0.30498439750519235,16.663658410547484,15.311158410547815,13
original,1677984384,-25.368781971999272,-0.053130783871787914,0.8277661493574158,-1.311437407001716,0
diagnostic_auction_transfer,1677984384,-25.37601145443034,-0.0603602663033989,0.8277661493574158,-1.4219188941101968,1
original,1783535484,-1.7762323324821618,-1.222594615402869,0.6896454179699987,-5.990783878892369,0
diagnostic_auction_transfer,1783535484,-0.5580184723164469,-0.004380755239556305,0.6896454179699987,0.8344642007244518,6
original,735439411,-22.012726925432027,-0.17902357104006317,0.5215429792763331,-0.6609570207233197,0
diagnostic_auction_transfer,735439411,-21.856647402210843,-0.022944047817294616,0.5215429792763331,0.35904297927672957,0
original,159187088,-8.688667582909643,-0.12900000000000017,0.37225625715346666,0.37225625715348976,8
diagnostic_auction_transfer,159187088,-8.375027543403027,0.18464003950594027,0.37225625715346666,-0.5427437428465698,22
original,1695559284,1.457071130123893,-0.43500000000000233,0.9428443873069057,0.9428443873068835,29
diagnostic_auction_transfer,1695559284,1.4545815612453081,-0.43748956887746476,0.9428443873069057,0.952844387306885,28
original,1735530327,-10.554020350176,-0.14838027846493118,11.161515819976259,11.449015819976392,0
diagnostic_auction_transfer,1735530327,-8.885949255216136,1.5196908164966192,11.161515819976259,8.00653932814255,0
original,1680799361,-16.98500621761506,0.45266754477561916,6.092557909632333,2.942041304337413,1
diagnostic_auction_transfer,1680799361,-17.250683219361147,0.1869905430296265,6.092557909632333,4.998472043900234,0
original,560780911,-6.940413067043377,-0.05788627610678877,0.8068352518329363,-0.11133825215084825,0
diagnostic_auction_transfer,560780911,-6.893785251528324,-0.011258460593626209,0.8068352518329363,0.9743352518331951,1
original,1247136764,22.80579172606389,-0.0639062905192312,0.7808357951273592,0.7759218515708346,3
diagnostic_auction_transfer,1247136764,22.96634898999617,0.0966509734126294,0.7808357951273592,1.3208357951273606,0
original,1770963861,-43.15699819039636,-0.19698345764161312,0.12812890251872489,-2.8168710974807336,0
diagnostic_auction_transfer,1770963861,-43.10422059367224,-0.1442058609177471,0.12812890251872489,0.12064638330876042,9
original,1877734138,6.597923212337753,-0.0624025566342189,0.8298721682889578,-0.17012783171113632,2
diagnostic_auction_transfer,1877734138,6.64309816901236,-0.017227599959462325,0.8298721682889578,-0.1626278317111396,1
original,80487468,-63.70241852398997,-4.916293200137377,20.858741032374,29.98876975314376,0
diagnostic_auction_transfer,80487468,-58.7751434623053,0.010981861548466164,20.858741032374,20.78374103237422,6
original,1828126960,29.742157583891142,0.0006987651976018659,0.6537246706254791,0.6837246706250493,1
diagnostic_auction_transfer,1828126960,29.524613960537938,-0.21684485815550486,0.6537246706254791,0.9337246706254436,20
original,1979006041,-20.057740227093653,-0.00975653018611558,0.7798482112207807,3.569848211221144,0
diagnostic_auction_transfer,1979006041,-20.298903657305722,-0.25091996039703257,0.7798482112207807,-1.3276517887787218,15
original,1405686337,13.348916683699901,0.6393049525473109,12.678006352943981,10.985506352943604,2
diagnostic_auction_transfer,1405686337,12.781678503389838,0.07206677223536521,12.678006352943981,12.503006352943826,0
original,1002042369,17.843243162503867,-0.20596674702753018,0.4049407121007107,-0.22505928789930252,16
diagnostic_auction_transfer,1002042369,17.84747119290061,-0.20173871663105133,0.4049407121007107,-6.2542266226721495,3
original,1195216106,34.98956196613977,-0.07811580961100281,0.4733023050290086,-0.579306510446804,5
diagnostic_auction_transfer,1195216106,34.99063654048088,-0.07704123526989118,0.4733023050290086,-1.5582485677628233,10
original,644499193,-21.24264354007826,-1.0307649570456596,13.369836672569647,17.373797262061387,0
diagnostic_auction_transfer,644499193,-19.948765579871026,0.26311300316022335,13.369836672569647,12.012336672569866,0
original,1300737978,7.037717999886243,3.2297318575523044,24.64716444359874,17.492130546238474,0
diagnostic_auction_transfer,1300737978,3.3915585070496874,-0.41642763528433346,24.64716444359874,24.667097125379183,28
original,1073351039,13.108766661512162,-0.058875508736149204,0.0442937517754558,-0.3457062482244768,4
diagnostic_auction_transfer,1073351039,12.93653046281257,-0.23111170743536902,0.0442937517754558,-1.7757062482244481,16
original,2137582184,-13.596100169381257,-0.6590285348756517,0.9856877705610714,-3.541812229438593,0
diagnostic_auction_transfer,2137582184,-13.392913051416816,-0.45584141691024227,0.9856877705610714,-2.2418122294385925,7
original,1676359236,-10.134096111554648,-0.01619403248993635,0.5886518929815026,0.1261518929810297,1
diagnostic_auction_transfer,1676359236,-10.150830070464137,-0.03292799139959653,0.5886518929815026,-0.29884810701902076,0
original,723651683,15.002387960631,-0.24105363426356102,0.3033016193712115,-1.649198380628861,0
diagnostic_auction_transfer,723651683,15.091316274247587,-0.15212532064774786,0.3033016193712115,0.3233016193711924,16
original,1419637598,-39.856582132121474,-0.3854303425508276,13.648657629581862,14.681157629581756,0
diagnostic_auction_transfer,1419637598,-39.491145562964626,-0.01999377339253081,13.648657629581862,13.703657629581839,0
original,1075391219,24.986188528532402,-0.013618062552971131,0.5287109043952825,0.4487109043952371,1
diagnostic_auction_transfer,1075391219,25.008124539537704,0.008317948450064807,0.5287109043952825,1.0814296067667661,6
original,477512663,-3.098132598909728,-0.02854024143198242,0.7265833898845528,0.519083389884484,0
diagnostic_auction_transfer,477512663,-3.1222706322554052,-0.052678274777144526,0.7265833898845528,0.7437436363099182,10
original,1134358697,-102.91820546426601,1.0593177075423996,0.8819322420830105,8.890097289652454,0
diagnostic_auction_transfer,1134358697,-105.96992294036396,-1.9923997685545285,0.8819322420830105,-5.417071940414843,3
original,1084076430,18.09458160555344,-0.8410461884466448,0.4530114778693104,-3.2535336344179595,2
diagnostic_auction_transfer,1084076430,18.675290642664894,-0.2603371513347882,0.4530114778693104,1.1404715173017386,27
original,707212436,21.39672856733539,-0.07998037383205205,0.9898230647195589,0.17649238088822417,0
diagnostic_auction_transfer,707212436,21.384639900182044,-0.09206904098473255,0.9898230647195589,0.3280951201700191,7
original,1876244211,-1.4990312071428002,1.064327258880584,25.674542201618507,12.258991914262175,0
diagnostic_auction_transfer,1876244211,-2.68858354639998,-0.12522508037600247,25.674542201618507,25.698988702290272,15
original,1130414172,-46.27642430936615,-3.062242273898521,0.7928423448440043,-16.500489755545377,0
diagnostic_auction_transfer,1130414172,-43.30707537149566,-0.09289333602752946,0.7928423448440043,0.6228423448440061,12
original,1202113902,11.208853028732076,-0.043174872092588995,0.9112647467879071,0.05376474678788279,0
diagnostic_auction_transfer,1202113902,11.104340652605055,-0.14768724821957258,0.9112647467879071,-0.3662352532121296,12
original,1903116756,10.468493861255412,-0.02934849269394222,0.8256511247820555,-0.2624288364567502,4
diagnostic_auction_transfer,1903116756,10.550520894302087,0.05267854035242156,0.8256511247820555,-1.214856545756598,5
original,422761302,39.496632691906065,-0.2689469522501533,0.09300425787969857,-1.658216623881236,18
diagnostic_auction_transfer,422761302,39.6250775147954,-0.14050212936024395,0.09300425787969857,5.402544036185838,3
original,716995144,-17.214772330786204,4.9809153127686185,29.937475666373913,19.12380466865045,0
diagnostic_auction_transfer,716995144,-18.099748913577507,4.095938729977727,29.937475666373913,21.424762213834192,6
original,2053878917,18.46527407365266,-0.1602346062909125,0.4562593638082575,-0.48472170138918014,0
diagnostic_auction_transfer,2053878917,18.57072287859623,-0.05478580134847114,0.4562593638082575,0.3280758962671657,6
original,581815267,-29.453659274459287,-0.14475536730786406,0.4242091348271373,0.4642091348271489,11
diagnostic_auction_transfer,581815267,-29.56782215198437,-0.2589182448320189,0.4242091348271373,0.49170913482714873,17
original,152599839,-31.32752423782367,0.2757122245155767,31.647864193444207,31.38536419344422,0
diagnostic_auction_transfer,152599839,-31.228082295856375,0.37515416648310823,31.647864193444207,31.290364193444233,0
original,1477827732,-55.76795108694196,-1.2533804056791222,0.7304675222826944,-7.313018905786745,0
diagnostic_auction_transfer,1477827732,-54.514570681261844,0.0,0.7304675222826944,0.7304675222826944,0
original,1508169003,6.474629654472449,0.014007646514406984,0.7081789383344272,-0.3541589716283178,1
diagnostic_auction_transfer,1508169003,6.34652760557451,-0.11409440238429838,0.7081789383344272,-2.314273762881215,12
original,766716989,25.622544073721603,-0.18605893890995512,0.1542249812916623,-0.2732750187083779,15
diagnostic_auction_transfer,766716989,25.73209648460496,-0.07650652802570655,0.1542249812916623,-1.2507750187085227,6
original,1152958808,-97.55780605983827,-0.0339232836709118,0.12410170753632599,-11.41801050892979,0
diagnostic_auction_transfer,1152958808,-97.58570439233351,-0.061821616165927906,0.12410170753632599,-0.04047510558984915,10
original,99383184,-25.409727409590918,-0.09855893516072059,0.7441635043252717,-0.865836495674623,0
diagnostic_auction_transfer,99383184,-25.327376646697694,-0.01620817226883615,0.7441635043252717,0.3311802688035272,0
original,1884479183,27.876663148432005,0.03660832701723343,0.5562543624083531,-0.67292257784928,2
diagnostic_auction_transfer,1884479183,27.94540819286862,0.10535337145481896,0.5562543624083531,-1.0879754754405764,1
original,750706178,-13.124068247796881,-0.5486664195162598,0.1148649796949428,-6.035598249382776,0
diagnostic_auction_transfer,750706178,-12.603759882290824,-0.028358054008122073,0.1148649796949428,0.09486497969493968,3
original,1817682476,-16.622977245107283,-0.028477223297940616,0.7991562621878359,0.2266562621880146,0
diagnostic_auction_transfer,1817682476,-16.56607378790496,0.028426233905763834,0.7991562621878359,2.724156262187626,0
original,1042990304,13.787511047184893,-0.2548852298105667,0.3536749010650908,-0.9471903302496678,0
diagnostic_auction_transfer,1042990304,13.866986796463046,-0.17540948053199654,0.3536749010650908,-0.5546611513568979,1
original,1108039791,1.667011611652521,-0.3021727079328095,0.6393819755591892,-1.6781180244406029,0
diagnostic_auction_transfer,1108039791,2.024353664402679,0.05516934481723514,0.6393819755591892,1.191747602066161,1
original,1425572694,-7.284200871841541,-0.09726570485271309,0.9685170513196937,1.1660170513196313,5
diagnostic_auction_transfer,1425572694,-7.299925378924504,-0.11299021193592364,0.9685170513196937,1.0035170513195553,10
original,1735557126,15.055086212264733,-0.059562092295102495,0.7024238471802278,0.254306778024117,1
diagnostic_auction_transfer,1735557126,15.05253841878905,-0.06210988577077079,0.7024238471802278,0.777423847180208,11
original,1353732788,4.48190292264515,-0.2605733707238719,0.5861568766011089,-1.200452985439756,12
diagnostic_auction_transfer,1353732788,4.356955025351589,-0.3855212680159832,0.5861568766011089,-4.540466542890643,5
original,940329249,12.084110728269112,-0.05220160396458258,0.9909780692112946,0.09847806921136337,2
diagnostic_auction_transfer,940329249,11.96841987521383,-0.16789245702005168,0.9909780692112946,0.8609780692113236,13
original,371140811,-32.21034251252385,1.0892152267067787,0.639224655442078,7.054224655442052,2
diagnostic_auction_transfer,371140811,-33.30894393912473,-0.009386199894905536,0.639224655442078,0.9964739992000917,12
original,1927074785,-12.2353340521768,-0.12002106443677393,0.42008152487460393,-1.1355155330445408,0
diagnostic_auction_transfer,1927074785,-12.059259797592524,0.05605319014776603,0.42008152487460393,1.5300815248743422,0
original,357676500,48.79775502758114,-0.1121456892539191,0.4180271937651696,0.26942118423232997,14
diagnostic_auction_transfer,357676500,49.27159178507273,0.36169106823876596,0.4180271937651696,-3.7590256056718463,0
original,1956460483,-20.557866655584178,0.19687652892531038,20.240244611139843,19.812744611139703,0
diagnostic_auction_transfer,1956460483,-20.754743184509064,2.842170943040401e-15,20.240244611139843,20.240244611139836,0
original,950659910,15.29632250608342,-0.09007298587543701,0.9864954345592594,0.16072205964362085,2
diagnostic_auction_transfer,950659910,15.23332032400134,-0.1530751679600316,0.9864954345592594,0.6416706271061436,16
original,1929821862,-49.590270416990826,5.526119619528279,33.49942570031047,21.112271822889483,0
diagnostic_auction_transfer,1929821862,-48.72747011192805,6.388919924591185,33.49942570031047,18.16530564735909,0
original,1530964271,13.73108585385813,0.3256943061063058,16.23690705635761,9.914618105293487,0
diagnostic_auction_transfer,1530964271,13.360391547752235,-0.04499999999999886,16.23690705635761,16.236907056357605,9
original,1039561123,10.42594080927198,-1.8698183204765213,24.557614805394422,8.671926716456525,0
diagnostic_auction_transfer,1039561123,12.324731264736222,0.028972134986817943,24.557614805394422,20.09102645537129,0
original,2033770822,-45.16657596737549,0.9665387999516297,26.764610017553537,25.278615445370797,0
diagnostic_auction_transfer,2033770822,-45.536497255210676,0.5966175121157633,26.764610017553537,25.787343161188506,5
original,1995875399,11.364191153253897,-0.030761987430535067,3.4071156032828327,3.832053689235949,0
diagnostic_auction_transfer,1995875399,11.491810932319341,0.09685779163672725,3.4071156032828327,1.350058358168496,1
original,531993114,-27.086344581987685,-0.05155601119203171,0.027318960010319415,0.16231896001034585,1
diagnostic_auction_transfer,531993114,-27.067123419184632,-0.03233484838850566,0.027318960010319415,-0.6497920717737897,12
original,1047986578,14.134485424670409,-0.4746894796336008,0.8016181043899451,-2.6308818956097957,0
diagnostic_auction_transfer,1047986578,14.513245885222817,-0.0959290190811114,0.8016181043899451,0.07411810439009603,5
original,579771905,26.96567025766708,0.25652168187286406,0.8778241065417518,-0.9910113607759394,1
diagnostic_auction_transfer,579771905,27.008081508219153,0.2989329324251544,0.8778241065417518,-1.3549296363025896,1
original,1372588245,-15.355125636253897,-0.2549052690075961,1.0243615328965348,1.301861532896588,16
diagnostic_auction_transfer,1372588245,-14.952185932157557,0.14803443508649017,1.0243615328965348,-0.0904359835691364,23
original,320685970,-21.966959382658008,-0.026418635072967205,0.6752298540649377,0.6502298540649338,1
diagnostic_auction_transfer,320685970,-21.809103985595737,0.13143676198914472,0.6752298540649377,-3.48052570238778,12
original,1363750732,8.65834663113395,-0.43296708844497495,0.16955777512832526,0.1595577751283468,29
diagnostic_auction_transfer,1363750732,9.024313719580336,-0.06700000000000007,0.16955777512832526,0.1695577751283448,3
original,1574666743,62.54973406516265,-0.10975041542495508,0.7340572300321213,-3.8612406622395206,1
diagnostic_auction_transfer,1574666743,62.63853148812457,-0.020952992464851997,0.7340572300321213,0.5090572300319867,1
original,1569991180,-59.65650585506023,-0.15182542370451607,0.27734181206254505,0.8348418120626953,4
diagnostic_auction_transfer,1569991180,-59.70679536808186,-0.20211493672483097,0.27734181206254505,0.29734181206259436,19
original,376784156,-29.477687923568656,-0.04160654648919838,0.9961165834617844,-0.2734195747638697,0
diagnostic_auction_transfer,376784156,-29.44008422863646,-0.004002851558458576,0.9961165834617844,0.8133799808505533,0
original,930460386,19.975757996614988,0.03100399222777711,0.880590659805705,-0.12953350021706633,14
diagnostic_auction_transfer,930460386,19.976643540426213,0.03188953604085704,0.880590659805705,0.6690778809014266,1
original,228034093,-17.151555880349875,0.2573718613748449,5.839443807246383,4.892227106737754,23
diagnostic_auction_transfer,228034093,-17.459744455571286,-0.05081671384683219,5.839443807246383,5.866852798599377,3
original,617281634,3.501702458320924,0.3202054032577812,0.5880222201174092,5.39052222011799,2
diagnostic_auction_transfer,617281634,3.084716095528869,-0.0967809595345486,0.5880222201174092,-0.12681941704451993,0
original,871908029,18.539863907559013,-0.14567595974733427,0.4968060497218829,-2.1706939502780354,3
diagnostic_auction_transfer,871908029,18.156387024185364,-0.5291528431213605,0.4968060497218829,-5.0590915845115365,10
original,1871181429,-6.529362074908087,0.22409537370004684,0.48318841306866034,1.9199899550011492,0
diagnostic_auction_transfer,1871181429,-6.767105476370773,-0.013648027762939116,0.48318841306866034,0.4034377578253882,0
original,1034487167,-11.935303683459768,0.1733063427826222,13.276585923511675,12.611585923511814,16
diagnostic_auction_transfer,1034487167,-10.626170657330436,1.4824393689147102,13.276585923511675,10.573894233922488,0
original,418523138,22.779487245784043,0.44384557093656074,0.46616484964160065,9.756164849640474,0
diagnostic_auction_transfer,418523138,22.60085651546682,0.2652148406195583,0.46616484964160065,2.5011648496414187,0
original,413849587,33.38537995939401,-0.0220696693293699,0.4619915959259373,0.34699159592597395,0
diagnostic_auction_transfer,413849587,33.00499988417205,-0.4024497445500701,0.4619915959259373,-0.3980084040740022,21
original,1767142361,18.31738652362701,-0.38267882243876233,0.5603212609887152,0.5308880855624927,23
diagnostic_auction_transfer,1767142361,18.295556210562665,-0.4045091355029116,0.5603212609887152,-5.8603893123632185,0
original,73968934,-22.61488916358914,-1.3879355040224026,3.9893903826831263,-5.545609617317334,0
diagnostic_auction_transfer,73968934,-21.237744800634328,-0.010791141067454997,3.9893903826831263,3.7368903826831126,0
original,1476768142,29.82464277167465,0.014051437072737543,0.43481476960184295,-0.03768523039813987,1
diagnostic_auction_transfer,1476768142,29.778715186685073,-0.031876147917685865,0.43481476960184295,-2.9251747206705603,8
original,2006540029,41.41057825330131,-0.07928033136544362,0.29657497571261615,0.059074975712343214,2
diagnostic_auction_transfer,2006540029,41.141935954678594,-0.34792262999028645,0.29657497571261615,0.3165749757126348,26
original,1083134953,-41.027987854784854,-0.090751144030331,0.49832612131967835,0.5108261213196919,6
diagnostic_auction_transfer,1083134953,-41.217137311071575,-0.2799006003161731,0.49832612131967835,0.9583261213197822,13
original,1978568123,-11.204070246174807,-0.12240673999057622,0.6157625947003851,1.270762594700395,8
diagnostic_auction_transfer,1978568123,-11.353879966889187,-0.2722164607054953,0.6157625947003851,0.6582625947003837,20
original,598782939,18.539382467181156,-0.5471798316949005,0.0940961745607467,-2.3134038254393694,22
diagnostic_auction_transfer,598782939,18.77522262195004,-0.31133967692618447,0.0940961745607467,0.10159617456071501,17
original,696026687,13.883268084427375,7.283063041541027e-16,3.6717133868442176,3.671713386844208,0
diagnostic_auction_transfer,696026687,13.883268084427375,7.283063041541027e-16,3.6717133868442176,3.671713386844208,0
original,1849470620,28.57701450002418,-0.1847536401246204,0.37330419474780285,-1.910911205693406,15
diagnostic_auction_transfer,1849470620,28.789904505608717,0.028136365459643507,0.37330419474780285,-1.8623909347296523,7
original,452614947,-3.488335069577731,0.014355675710173106,0.023886507105046917,-0.22361349289503063,0
diagnostic_auction_transfer,452614947,-3.656869117341924,-0.1541783720533655,0.023886507105046917,-6.763206985164366,13
original,1951337700,20.551169982708856,-0.26046791934316016,0.6749437786998129,1.461002275172779,0
diagnostic_auction_transfer,1951337700,21.339917212418708,0.5282793103652068,0.6749437786998129,-1.0500562213003728,0
original,673927504,13.993072573474594,-0.41591080539909225,0.2676473155858332,0.2577998729265161,24
diagnostic_auction_transfer,673927504,14.860123555716802,0.45114017684321805,0.2676473155858332,-0.8485075034938709,0
original,1397290030,15.544970369990642,1.529332216421153e-16,0.4310791655123296,0.43107916551231185,0
diagnostic_auction_transfer,1397290030,16.68080901028705,1.1358386402980076,0.4310791655123296,4.313579165512412,0
original,1358237755,20.133940275326946,-0.3308701781780286,0.020876926797626538,-3.789123073202406,10
diagnostic_auction_transfer,1358237755,20.457016096219473,-0.007794357286337872,0.020876926797626538,2.3183769267967858,0
original,1674080591,27.01302067354219,-0.10246753998762927,0.756599560842588,-0.09590043915745206,4
diagnostic_auction_transfer,1674080591,26.898970433153323,-0.21651778037690736,0.756599560842588,-1.5634004391577125,14
original,73040308,-3.5134584014180605,0.4122580612375697,0.5378614964367898,7.7303614964369025,0
diagnostic_auction_transfer,73040308,-3.738200742217143,0.1875157204377181,0.5378614964367898,2.0575923986689153,1
original,616698250,-8.751332735614767,-0.33978406587514415,0.5777668928167543,0.4027668928167927,27
diagnostic_auction_transfer,616698250,-8.385052055883742,0.0264966138534786,0.5777668928167543,0.46276689281678074,0
original,1968475116,5.271101524222754,-3.5458342927849045,10.851573393216142,19.439073393216223,0
diagnostic_auction_transfer,1968475116,8.73243163536117,-0.08450418164471414,10.851573393216142,11.111573393216116,1
original,1318820895,34.452167836376724,-0.13491530964669757,0.3764075961969553,-2.341092403803027,0
diagnostic_auction_transfer,1318820895,34.20322566601564,-0.38385748000548164,0.3764075961969553,-4.428592403803072,9
original,1661063413,3.1044858834360443,-0.0600000000000005,0.781499252070887,0.7814992520709181,8
diagnostic_auction_transfer,1661063413,3.179151545076555,0.014665661639886368,0.781499252070887,0.7239992520708993,0
original,384727916,-13.351611434397526,1.126693988697205,21.133612804602535,15.351187753003448,0
diagnostic_auction_transfer,384727916,-13.009727526935054,1.4685778961597422,21.133612804602535,8.394384547711613,0
original,1327329833,-14.18424970459033,6.266429673387219,34.952245966442945,19.437245966443,0
diagnostic_auction_transfer,1327329833,-15.28625872021739,5.1644206577610205,34.952245966442945,23.27224596644307,1
original,1997384922,-45.573770560094516,-0.020372802379268883,4.4873345568763625,4.754834556876087,1
diagnostic_auction_transfer,1997384922,-45.56714183413838,-0.013744076423767543,4.4873345568763625,0.9698345568764708,10
original,1004908443,29.153587002703464,0.016570893028888957,0.39974783409120107,-0.774561154387708,1
diagnostic_auction_transfer,1004908443,29.179739995855808,0.042723886181582765,0.39974783409120107,-1.4648354934549026,1
original,154363515,31.15107570760399,-0.434584785037297,0.21106152699530867,0.20612858670175677,29
diagnostic_auction_transfer,154363515,31.70381393409929,0.11815344145787354,0.21106152699530867,-1.5673687006962234,0
original,2014446275,13.370005345461411,-1.0313586209570285,8.639477002493038,4.761977002491751,0
diagnostic_auction_transfer,2014446275,15.063870660853901,0.6625066944355135,8.639477002493038,12.309708605638704,0
original,1304474003,-14.617148763041534,2.0034874680754062,17.011398557234017,11.528365094992916,0
diagnostic_auction_transfer,1304474003,-14.64029439146045,1.9803418396558738,17.011398557234017,11.602714038440478,0
original,1150463758,32.92676117259392,-0.08820819523376187,0.4810678229242029,-0.12143217707581666,0
diagnostic_auction_transfer,1150463758,32.48424942995404,-0.5307199378725993,0.4810678229242029,-1.628932177075895,19
original,722704839,-35.71772852810827,-0.8425580681858224,0.7071233773401246,-2.068018962642979,0
diagnostic_auction_transfer,722704839,-34.78758260521847,0.08758785470296489,0.7071233773401246,1.0446233773401818,1
original,2067026967,7.045473187826859,-0.09297830061444282,0.5930475422294421,0.5805475422294526,9
diagnostic_auction_transfer,2067026967,6.856123157686739,-0.28232833075436725,0.5930475422294421,-3.6160042420470733,14
original,1900202723,1.2468547387247948,3.2737112923813037,21.472465862667022,12.65496586266715,0
diagnostic_auction_transfer,1900202723,-0.8890264939112758,1.1378300597466162,21.472465862667022,18.294670425986453,22
original,1729566117,14.17791040028014,-0.2530374072105334,0.9233483496975765,-0.11041649405374754,2
diagnostic_auction_transfer,1729566117,14.430947807490075,-2.6201263381153693e-16,0.9233483496975765,0.9233483496975907,0
original,263165174,2.7699761606405984,0.08925114672453768,0.02723250143364453,0.510661347493778,0
diagnostic_auction_transfer,263165174,3.0763018264981192,0.39557681258222543,0.02723250143364453,2.487465306775591,4
original,1798040284,6.371606546598466,-0.03589774703951279,0.37520481459006305,-0.17479518540993122,10
diagnostic_auction_transfer,1798040284,7.016023081749241,0.6085187881112842,0.37520481459006305,-2.439988734738683,2
original,1719712801,2.09312784779397,1.0974353680340616,20.999991532105668,17.63749153210579,0
diagnostic_auction_transfer,1719712801,1.4457372885232886,0.45004480876446207,20.999991532105668,19.740800613995148,0
original,1937508014,8.096592670594077,-0.4333882225945363,0.5593471042832476,-2.2481528957170536,6
diagnostic_auction_transfer,1937508014,8.610399309503942,0.08041841631452819,0.5593471042832476,1.3765719292709324,4
original,1554146986,6.6477891316144575,2.5814955043428043,22.56073836785798,16.879682982276144,0
diagnostic_auction_transfer,1554146986,4.0212936272708655,-0.04499999999999318,22.56073836785798,22.560738367857965,9
original,736551086,-51.40465438265971,-0.16847255034461772,0.6148079087764842,3.621899041452963,1
diagnostic_auction_transfer,736551086,-51.5853216402218,-0.3491398079087771,0.6148079087764842,0.6648079087765044,24
original,1934617883,-138.33979118863954,-39.399137819541295,4.027498934799937,-58.270510904490905,0
diagnostic_auction_transfer,1934617883,-99.34030818439118,-0.39965481529202684,4.027498934799937,4.137324252813723,21
original,1866589806,24.22782758682946,0.41996768878047414,0.6218690774686166,-5.349239260943623,11
diagnostic_auction_transfer,1866589806,24.3030055808959,0.49514568284755034,0.6218690774686166,-7.598385575217069,0
original,1550772836,-5.318265773778004,-0.7670774164717579,0.6506720318445076,-2.680174622191757,0
diagnostic_auction_transfer,1550772836,-4.651761222220639,-0.10057286491433155,0.6506720318445076,0.6731720318445129,14
original,805140357,-10.422891167116484,0.4239786435625864,7.075517891697004,5.747605992927475,3
diagnostic_auction_transfer,805140357,-9.97497054733282,0.8718992633469942,7.075517891697004,4.558017891696885,0
original,1235318337,29.34752214931399,-4.007905118896815e-16,0.8062415884013632,0.806241588401388,0
diagnostic_auction_transfer,1235318337,29.279158541685465,-0.06836360762893448,0.8062415884013632,0.8356667818699184,9
original,1071155847,-8.947816535000305,-0.05423103904219802,0.39500379951304865,2.581856889013864,1
diagnostic_auction_transfer,1071155847,-8.920527810929254,-0.026942314969683977,0.39500379951304865,0.4275037995130706,3
original,1562674616,20.9650220478386,-0.014907103405782302,0.2216379917391862,0.18663799173916695,0
diagnostic_auction_transfer,1562674616,20.544929151246176,-0.43500000000000005,0.2216379917391862,0.2216379917391671,29
original,139719931,4.788958034087823,0.02961434885230087,0.9613640649479578,1.407992659191768,0
diagnostic_auction_transfer,139719931,4.506122251602953,-0.25322143363052574,0.9613640649479578,-1.47863593505188,6
original,1665521694,1.223743780970471,-0.4466495925043481,0.36085019708585264,-1.69772380310128,7
diagnostic_auction_transfer,1665521694,1.443045033394408,-0.22734834007883448,0.36085019708585264,0.3808501970858513,21
original,2116675256,7.962090625114239,-0.31359007030436403,0.48858380231908427,-1.7889161976808303,5
diagnostic_auction_transfer,2116675256,7.711359261018221,-0.5643214344004396,0.48858380231908427,-2.9514161976807785,17
original,1119937587,15.492293667051472,-0.17404048311388956,0.4674877692685726,-1.507512230731356,7
diagnostic_auction_transfer,1119937587,15.206714052081942,-0.4596200980827727,0.4674877692685726,-1.9775122307314295,23
original,1420634725,-34.5615249178467,-0.0674601733451756,0.9118578624105851,1.3837521928004373,0
diagnostic_auction_transfer,1420634725,-34.49712115798805,-0.0030564134853302495,0.9118578624105851,0.9339325392377663,0
original,1565636724,9.737583335267901,-0.08160958343274519,0.743640014397414,-1.2263599856026133,1
diagnostic_auction_transfer,1565636724,9.81800212872309,-0.0011907899784034078,0.743640014397414,0.6686400143974218,0
original,1065222117,18.47509484733788,-0.12754929083524955,0.9180901251301492,0.05309012513013123,11
diagnostic_auction_transfer,1065222117,18.461242664655362,-0.14140147351616666,0.9180901251301492,-0.07440987486983097,15
original,1152188745,-17.42577577801657,-0.0660897850465306,0.13133423501578534,0.22633423501578598,2
diagnostic_auction_transfer,1152188745,-17.74127379351228,-0.38158780054100805,0.13133423501578534,0.1613342350157776,26
original,1537392607,17.380832149107984,-0.06618838163876371,0.5932520016187652,0.5686888122685212,3
diagnostic_auction_transfer,1537392607,17.22309499918496,-0.2239255315613796,0.5932520016187652,-1.4254930893460211,11
original,227851923,-20.124579117676472,0.11523713201999608,5.0258984131697275,4.073476195069971,0
diagnostic_auction_transfer,227851923,-19.90059975187659,0.339216497819981,5.0258984131697275,0.545898413170006,0
original,2052732323,18.06645964693775,-3.577813671043635,0.7513179874127474,-7.132582381614374,0
diagnostic_auction_transfer,2052732323,21.414094930161873,-0.2301783878207655,0.7513179874127474,0.6688179874127442,18
original,200203989,-19.409142346667497,1.5049694827456772,20.520201859529962,15.699648737130875,0
diagnostic_auction_transfer,200203989,-21.14848255711027,-0.23437072769715742,20.520201859529962,21.159173288972976,0
original,1684247968,15.051966942275351,-0.013268946945831478,0.385252106323577,0.3127521063235541,0
diagnostic_auction_transfer,1684247968,14.776108156423504,-0.28912773279672144,0.385252106323577,0.41201879156040183,23
original,279513966,-16.094488259597476,-0.03311159961176686,0.9034158039271034,0.9259158039270972,3
diagnostic_auction_transfer,279513966,-16.092957467500046,-0.031580807513730325,0.9034158039271034,0.9509158039270957,2
original,1526387066,24.707991769038006,-0.0817639703886438,0.5338038388276658,0.5063038388276491,10
diagnostic_auction_transfer,1526387066,25.439797492789232,0.650041753362131,0.5338038388276658,-3.911852959963241,0
original,157374347,-52.643684695625716,1.2560254917423253,23.633259116204286,19.29075911620434,0
diagnostic_auction_transfer,157374347,-51.92992175456328,1.9697884328040256,23.633259116204286,15.926727594498999,0
original,393382022,-78.95819279048544,-2.3557810545419104,0.4845675148055193,-16.420183078038477,0
diagnostic_auction_transfer,393382022,-76.67907857899665,-0.07666684305159158,0.4845675148055193,0.6765371523790492,4
original,798663967,17.992875602674825,-0.2573184433535399,19.2966638878069,19.711638069058523,0
diagnostic_auction_transfer,798663967,20.6046162757859,2.3544222297570156,19.2966638878069,15.201915355323287,0
original,1363010260,11.255308905528308,-0.027545071070939446,0.6320984541822554,-0.3729015458177969,0
diagnostic_auction_transfer,1363010260,11.100554339831714,-0.1822996367681863,0.6320984541822554,-2.4979015458176477,4
original,342382084,-4.06202573294211,-0.0014771531121719472,0.09845588270766825,1.9800495429522196,0
diagnostic_auction_transfer,342382084,-4.060548579830154,-8.673617379884035e-19,0.09845588270766825,0.0984558827076687,0
original,169504417,32.546264805351186,3.1086244689504386e-16,0.9470696620255694,0.947069662025553,0
diagnostic_auction_transfer,169504417,32.19774718240287,-0.34851762294930355,0.9470696620255694,0.9545696620255533,26
original,114091129,26.862869289427927,-0.21630705293763194,0.8385528704786225,-0.624382016693398,0
diagnostic_auction_transfer,114091129,27.016165086140166,-0.06301125622738374,0.8385528704786225,0.8610239131213082,11
original,1851215889,16.464115952282437,0.05683485633939733,0.8592067357105293,7.25170673571108,0
diagnostic_auction_transfer,1851215889,16.471436656754808,0.06415556081200653,0.8592067357105293,2.1838656323986974,7
original,1559728228,30.398101516269662,1.111610803405938e-16,0.20866217783586194,0.2086621778358353,0
diagnostic_auction_transfer,1559728228,30.05725052973617,-0.34085098653351087,0.20866217783586194,0.35866217783580545,24
original,479786295,-43.214415543497964,-5.965486728167651,14.897457320530307,24.078522054790295,0
diagnostic_auction_transfer,479786295,-37.625928815331804,-0.37699999999999756,14.897457320530307,14.897457320530298,26
original,419993758,-8.182241281404886,-7.7457070246556565,0.8480321414812124,-15.688370618432554,0
diagnostic_auction_transfer,419993758,-0.3330507490611461,0.10348350768842367,0.8480321414812124,1.2055321414812674,0
original,782326312,26.606249059154138,0.01254086933904084,0.36966381203163223,-1.2508540541728812,2
diagnostic_auction_transfer,782326312,26.576499093838947,-0.01720909597619412,0.36966381203163223,-3.4278361879683903,5
original,76023496,23.6947018626985,0.12953837984220484,0.9434277807192046,8.203426049534285,2
diagnostic_auction_transfer,76023496,23.553894250679086,-0.011269232178276379,0.9434277807192046,0.8214026025582092,0
original,700133142,8.34301416212244,-0.13796947972010487,0.3662266489567543,-1.1962733510433348,0
diagnostic_auction_transfer,700133142,8.351636270704216,-0.12934737113775358,0.3662266489567543,-0.9637733510433331,5
original,157914983,34.47160055842149,-0.031500497215133885,0.7529359934198538,0.6379359934198305,1
diagnostic_auction_transfer,157914983,34.32680467658878,-0.17629637904706602,0.7529359934198538,0.9621654041356723,19
original,1301437821,-49.852951952401796,-0.7386778985554134,8.64402034905136,10.729020349051247,3
diagnostic_auction_transfer,1301437821,-47.97577344370758,1.138500610138642,8.64402034905136,4.348361629225119,2
original,1256179397,-27.160835278762747,-0.001951391625279034,0.21577997051144848,0.18620453790195243,0
diagnostic_auction_transfer,1256179397,-27.699480673782173,-0.540596786645153,0.21577997051144848,-4.269220029488772,0
original,210325079,20.511670277735316,-0.022015414897733645,0.3375362180237431,0.5733753325570494,1
diagnostic_auction_transfer,210325079,20.578318912584894,0.04463321995275257,0.3375362180237431,-0.22496378197605305,1
original,586685917,46.687114814108504,-0.06496562682692367,0.608477024291517,-0.6740229757085743,0
diagnostic_auction_transfer,586685917,46.64840456115267,-0.10367587978238867,0.608477024291517,-0.35402297570855623,7
original,32633702,-35.92700417258912,-0.32503927597192955,0.06042854223970551,-2.1006981203153243,0
diagnostic_auction_transfer,32633702,-35.55568106783058,0.046283828787388334,0.06042854223970551,0.4304285422393608,0
original,665974719,28.899842485172982,-0.2529999999999999,0.5380666768942604,0.5380666768942506,22
diagnostic_auction_transfer,665974719,29.35130361535328,0.1984611301797222,0.5380666768942604,-0.3748511785513656,1
original,1777095753,40.98441335396334,-0.09617738124787087,0.5763803457205512,0.3324365060007701,7
diagnostic_auction_transfer,1777095753,41.16353018194945,0.08293944673817616,0.5763803457205512,1.6422528129844685,0
original,1633276083,19.698839977112154,-0.6009062369796581,5.3835221295629765,-0.1814778704372646,0
diagnostic_auction_transfer,1633276083,20.299746214092025,2.0961010704922954e-15,5.3835221295629765,5.383522129562957,0
original,1943121152,29.275241381882175,-0.07396697578014189,0.04514026217287892,-0.3762887321614046,3
diagnostic_auction_transfer,1943121152,29.320981969815097,-0.028226387846418816,0.04514026217287892,-1.5098597378272882,6
original,127033848,-66.04834577271703,0.09496488755262637,0.4381875652401277,-0.9176275194277754,1
diagnostic_auction_transfer,127033848,-66.29942402275816,-0.1561133624869519,0.4381875652401277,0.4281875652400977,15
original,587309302,5.818336300580323,-0.09670435100403389,0.6126922132578159,0.5901922132578217,4
diagnostic_auction_transfer,587309302,6.156534176904063,0.24149352532002283,0.6126922132578159,-3.7998077867425377,5
original,124760402,7.117468331026408,0.048553400610536666,0.7875913548202078,-2.114600801817636,0
diagnostic_auction_transfer,124760402,7.073003096535407,0.004088166119156112,0.7875913548202078,0.6964192666093186,0
original,1030927555,6.674566504813089,-0.13162094721996928,0.6072521737514478,0.6271405662378831,11
diagnostic_auction_transfer,1030927555,6.781884152159231,-0.024303299873118224,0.6072521737514478,0.6644173884669224,1
original,389818986,-35.72317590237016,10.398370148735498,48.54730780355777,38.66398662054904,0
diagnostic_auction_transfer,389818986,-33.74062212354014,12.38092392756615,48.54730780355777,36.49725533129239,8
original,68390341,-32.43797126285663,-1.064822341684905,6.653953203966452,12.766453203966375,0
diagnostic_auction_transfer,68390341,-31.3731489211721,-9.237055564881303e-16,6.653953203966452,6.653953203966459,0
original,352508899,-45.092089189275086,-1.8760745677688744,0.353311264054625,-11.364188735945767,0
diagnostic_auction_transfer,352508899,-43.47008272583021,-0.25406810432204285,0.353311264054625,-2.417962678123914,7
original,1708266319,-26.308468192306396,-0.08137645306037533,13.160476898096846,3.9554768980961494,0
diagnostic_auction_transfer,1708266319,-26.1214908986805,0.1056008405655588,13.160476898096846,11.5979768980964,0
original,1576190945,7.569295253951358,-0.1557883693829621,5.435761234082335,5.4107612340823605,15
diagnostic_auction_transfer,1576190945,7.528169775582035,-0.19691384775318987,5.435761234082335,5.425761234082368,9
original,1616490127,-1.8184722448847692,-0.1441705511661344,21.247209912559924,21.152209912559897,18
diagnostic_auction_transfer,1616490127,-1.5944927090236076,0.07980898469394306,21.247209912559924,21.072209912559916,10
original,1129916971,-24.33520669293338,-0.08770182339512908,0.9824264146369757,1.1024264146369855,12
diagnostic_auction_transfer,1129916971,-24.286901781282303,-0.0393969117451231,0.9824264146369757,0.9999264146369864,6
original,349293115,34.275999862939244,-0.1204926441552479,0.112316700734155,-0.4023424620750281,14
diagnostic_auction_transfer,349293115,34.31843179646447,-0.07806071063001925,0.112316700734155,-0.5645228996823168,9
original,1421917339,25.767330415655714,-0.16168298339021983,0.6680633264881095,0.010960688593415147,19
diagnostic_auction_transfer,1421917339,25.947596101750594,0.018582702704787027,0.6680633264881095,-4.254524143511762,6
original,1080472503,27.69785878041385,-0.37822633691345753,0.9995543621802483,0.8495543621802542,29
diagnostic_auction_transfer,1080472503,28.057202472355506,-0.018882644970622885,0.9995543621802483,1.0491818842307559,0
original,1001480616,10.31329003346687,0.05265895081146574,0.9358591110831469,1.111667466099857,0
diagnostic_auction_transfer,1001480616,9.943722753066124,-0.3169083295892855,0.9358591110831469,-0.08164088891627053,0
original,997026567,2.724496149825356,-1.2220785012333861,0.32118222636479743,-8.37470504178814,0
diagnostic_auction_transfer,997026567,3.651975292831262,-0.294599358225943,0.32118222636479743,-2.9863177736349282,2
original,1762135670,6.467404302823915,0.5444152281550767,16.35105047651811,4.088667586889343,0
diagnostic_auction_transfer,1762135670,5.815545887017529,-0.1074431876496852,16.35105047651811,16.365665713278414,14
original,430783188,2.9100838198511454,0.7910967728353633,13.04940098206869,10.359400982068461,0
diagnostic_auction_transfer,430783188,2.118987047016752,-2.842170943040401e-15,13.04940098206869,13.0494009820687,0
original,300735265,-30.650315630584743,-0.5668418357153662,7.609415261821397,8.414415261821503,9
diagnostic_auction_transfer,300735265,-30.387084986397127,-0.30361119152618676,7.609415261821397,7.614415261821421,18
original,1472242479,3.965816478255226,0.19258313939940386,9.442250822820853,8.567250822820778,15
diagnostic_auction_transfer,1472242479,3.7541682217343597,-0.019065117122952405,9.442250822820853,9.474610179376242,0
original,1570355073,26.458275188617794,-0.2193151189881763,0.15303146470799334,-1.2469685352919875,1
diagnostic_auction_transfer,1570355073,26.602592637760704,-0.07499766984497475,0.15303146470799334,0.17499120090120368,12
original,1761334961,0.911269647783672,-0.08200037082598231,0.0669248999544294,-0.9705751000460539,0
diagnostic_auction_transfer,1761334961,0.7631038508183074,-0.23016616779013238,0.0669248999544294,-0.07807510004557949,15
original,1564796171,-4.926887954329732,-0.05661539213037686,19.49721050108448,19.59637294406682,0
diagnostic_auction_transfer,1564796171,-3.1372898359406105,1.73298272625909,19.49721050108448,16.274349323320127,0
original,7534221,27.585726147480578,-0.0748877554735855,0.4965390746867655,2.1190390746868673,0
diagnostic_auction_transfer,7534221,27.624621465468483,-0.035992437487639056,0.4965390746867655,0.7216111804259413,2
original,1025373908,-43.12791982896731,2.364708707847604,22.09472608254532,14.935499431710106,0
diagnostic_auction_transfer,1025373908,-43.07349419617129,2.4191343406418375,22.09472608254532,14.723387216788982,0
original,1187409346,-35.723634954063584,6.500002750475103,35.22805229433446,22.033052294333864,0
diagnostic_auction_transfer,1187409346,-33.415409545513576,8.808228159023814,35.22805229433446,13.714341675857924,0
original,1806972063,18.930555129437725,-0.5283050578227877,0.17336234007753148,-1.8816376599223315,0
diagnostic_auction_transfer,1806972063,19.29254156138117,-0.16631862587852628,0.17336234007753148,0.19317058110223723,18
original,444013009,6.523532671122619,0.05093511090599256,4.647730978561057,4.49856366351297,0
diagnostic_auction_transfer,444013009,6.94827567234546,0.47567811212992467,4.647730978561057,3.177272291445035,2
original,887794974,34.99842478789186,-0.12001666382276331,0.6842066877650694,0.2642066877650917,4
diagnostic_auction_transfer,887794974,36.01617894323468,0.8977374915190909,0.6842066877650694,5.813447718372573,0
original,222231751,14.693050366540898,0.1960111356886851,0.21074224049107215,-1.3392831317755023,3
diagnostic_auction_transfer,222231751,14.959497492967248,0.4624582621141805,0.21074224049107215,-9.37675775950872,1
original,781752649,21.269657758286183,-0.07115177756973952,0.7484550443165574,-0.01904495568346931,0
diagnostic_auction_transfer,781752649,21.27642336732554,-0.064386168531021,0.7484550443165574,0.7834550443165682,10
original,252934894,54.25837335792215,-0.09022499240384216,0.7470103195931728,-0.11961135849506821,1
diagnostic_auction_transfer,252934894,54.139135169357466,-0.20946318096638986,0.7470103195931728,1.4314934050382346,15
original,82994874,12.382641331634685,-0.007030795662671088,0.3210386803131655,0.4285386803131104,2
diagnostic_auction_transfer,82994874,12.398670497359047,0.008998370063001575,0.3210386803131655,0.021954292643709183,1
original,1015210948,8.49433403424216,-0.14501248774360234,0.23401422287594187,-0.5416851456701665,1
diagnostic_auction_transfer,1015210948,8.78448950987366,0.1451429878885004,0.23401422287594187,1.1115142228757735,1
original,858011393,6.922655702931025,-0.9219830410984259,0.34204553056926557,-2.5229544694308847,0
diagnostic_auction_transfer,858011393,8.063752846833673,0.21911410280654947,0.34204553056926557,1.1095637596492582,0
original,1640616642,32.546483173135385,-0.17157688568953972,0.6422395560338146,0.6298503603278689,8
diagnostic_auction_transfer,1640616642,32.33261996789847,-0.38544009092606724,0.6422395560338146,1.0447395560338641,29
original,131915791,-42.332487301752,-1.0787701222454562,13.185548959162531,16.680548959162465,0
diagnostic_auction_transfer,131915791,-41.28118827742762,-0.027471097918327646,13.185548959162531,13.28554895916254,0
original,2018299534,25.00055564269696,-0.11392658866841021,0.8882054609728414,-0.21500723858171122,0
diagnostic_auction_transfer,2018299534,25.079781878634762,-0.034700352730486994,0.8882054609728414,0.9132054609728844,2
original,353947456,-128.7057055336165,-4.498024810328246,33.287274422781934,37.91477442278169,0
diagnostic_auction_transfer,353947456,-123.87041899364655,0.3372617296408541,33.287274422781934,32.71477442278193,18
original,1727886855,14.979943001239095,-0.08435112423908757,0.6053982169774201,1.3978982169773229,2
diagnostic_auction_transfer,1727886855,15.030684921150977,-0.03360920432694622,0.6053982169774201,-0.28710178302265454,9
original,260921087,-2.078613731414549,-0.021692494562182345,0.3525002923558418,-0.5774997076442951,1
diagnostic_auction_transfer,260921087,-2.3255716654905565,-0.2686504286379206,0.3525002923558418,-3.667365288381968,10
original,627982734,37.155345130851025,-0.1441002806148213,0.4334395300690801,-1.1215604699304258,1
diagnostic_auction_transfer,627982734,37.06442009287659,-0.23502531859020487,0.4334395300690801,0.5834395300691142,17
original,2142033759,-11.511524299401781,-0.10100000000000002,0.8758105478646172,0.875810547864619,11
diagnostic_auction_transfer,2142033759,-11.538792970411736,-0.12826867101076642,0.8758105478646172,0.9605015476432769,4
original,1585972158,-8.543280967566888,-0.015645861961123025,0.8766346410089341,2.8975587883529412,0
diagnostic_auction_transfer,1585972158,-8.525923944130515,0.0017111614766720119,0.8766346410089341,1.033665116978339,0
original,311130523,40.717761094500915,-0.18324647249861262,0.8415266008524185,0.8341124691200607,11
diagnostic_auction_transfer,311130523,40.611309247789514,-0.2896983192102219,0.8415266008524185,1.441526600852495,23
original,941536589,-6.854986940816195,11.256098352883253,42.43702623802181,29.660108609065226,0
diagnostic_auction_transfer,941536589,-3.6615947953418884,14.449490498358553,42.43702623802181,24.884526238020417,0
original,1613287925,-7.48072801991938,-0.04546603419157462,0.6571651984559423,-0.36533480154417397,7
diagnostic_auction_transfer,1613287925,-7.500971942546734,-0.06570995681975611,0.6571651984559423,-1.2778348015442607,5
original,1412821030,8.832355586925745,-0.7770387136014628,0.6020480010527365,-1.9577319556854373,0
diagnostic_auction_transfer,1412821030,9.609394300528441,-3.9024339315574254e-16,0.6020480010527365,0.6020480010527689,0
original,235131514,28.984775274703306,-3.3306690738754695e-18,0.37133517657214554,0.371335176572146,0
diagnostic_auction_transfer,235131514,28.750546260587303,-0.2342290141149676,0.37133517657214554,-0.9411648234279855,22
original,380105518,-43.360253089239464,-0.4615216233673751,9.228144159642582,15.332448774338545,0
diagnostic_auction_transfer,380105518,-42.922778155817454,-0.024046689944955957,9.228144159642582,10.213144159642587,0
original,1398681126,18.432412692340453,-0.10356817918343578,1.3152125596920712,0.10771255969198634,0
diagnostic_auction_transfer,1398681126,18.352248734068976,-0.18373213745468536,1.3152125596920712,0.23021255969194954,9
original,975999625,-5.1829697236863534,1.7362910357467536,16.03970023558719,9.496628447052085,0
diagnostic_auction_transfer,975999625,-5.147092543881402,1.7721682155526497,16.03970023558719,9.284930369083956,3
original,944543555,10.430542725154634,-0.07648066577904525,0.33199271323177015,0.3094927132317373,4
diagnostic_auction_transfer,944543555,10.921799831603336,0.4147764406713259,0.33199271323177015,-3.0770523637528324,2
original,2052420991,23.601792284120794,-0.23683093914533024,0.3866610746914887,-1.4908389253086782,9
diagnostic_auction_transfer,2052420991,23.757548149465897,-0.0810750738011734,0.3866610746914887,-1.0183389253087847,5
original,1745043119,-7.867033448358777,-0.015798039661322805,3.4932308980077806,3.5857308980078244,0
diagnostic_auction_transfer,1745043119,-7.348207209247933,0.503028199450185,3.4932308980077806,-0.3705128640579183,1
original,2016234106,1.44648791281456,-1.081978457045527,7.08767018664193,13.307620582456078,0
diagnostic_auction_transfer,2016234106,2.6450497336357017,0.11658336377623987,7.08767018664193,5.9230896144056215,0
original,221812754,-4.361976822942183,-0.13686394924036227,20.055477256005446,8.735477256005243,0
diagnostic_auction_transfer,221812754,-4.143101035330963,0.08201183837047524,20.055477256005446,19.26047725600549,0
original,1174196672,33.39167074114819,-0.15160987945501328,0.19209818337732543,0.20709818337734642,16
diagnostic_auction_transfer,1174196672,33.54872573241096,0.00544511180805151,0.19209818337732543,0.5170981833775476,1
original,1415747514,10.03490293962224,-5.250640262350537,0.7956833786166584,-15.011816621383815,0
diagnostic_auction_transfer,1415747514,14.875543201971697,-0.4099999999999998,0.7956833786166584,0.7956833786166366,26
original,1490883619,9.311961012258283,1.3525660590221513,15.74210134252715,13.264601342527257,2
diagnostic_auction_transfer,1490883619,9.40971976291396,1.4503248096771009,15.74210134252715,13.147101342527236,0
original,219250727,4.563992235805363,-0.15514724474368677,0.6980247698906084,1.6472139925075422,0
diagnostic_auction_transfer,219250727,4.7158939985514845,-0.003245481997877362,0.6980247698906084,0.5355247698907704,4
original,1100981710,40.39183075492635,-0.01026938738796211,0.5201136309968604,0.4806148804549923,0
diagnostic_auction_transfer,1100981710,39.97746805141143,-0.42463209090479975,0.5201136309968604,0.5601136309968435,29
original,63486663,-11.270647116328092,3.0587065239509252,20.122953781141476,8.734126254502517,0
diagnostic_auction_transfer,63486663,-11.64630958830119,2.683044051977111,20.122953781141476,10.761298895022412,6
original,749359880,3.548009341025295,-0.022147814354887888,0.7669642105609284,0.6044541639289553,0
diagnostic_auction_transfer,749359880,3.5816553701156773,0.011498214736622894,0.7669642105609284,1.0669642105608297,7
original,754456382,19.041520579802857,-0.48131568411701964,0.548461223609138,-1.8252644506400575,0
diagnostic_auction_transfer,754456382,19.422299164075742,-0.1005370998438152,0.548461223609138,0.72596122360914,15
original,2006146310,-9.958935215790646,1.1126591231401721,14.366013839782468,6.108513839781647,0
diagnostic_auction_transfer,2006146310,-10.565328037236167,0.5062663016944269,14.366013839782468,11.863387638859464,0
original,1758561668,13.72713486380719,0.17210120780922578,0.17042701241895486,3.261015950923761,0
diagnostic_auction_transfer,1758561668,13.29879886492094,-0.2562347910756765,0.17042701241895486,-2.02446789879154,3
original,1500424989,21.252093385901016,0.0016211056515946865,0.9826566600646061,1.1751406978151713,0
diagnostic_auction_transfer,1500424989,21.05008269576054,-0.20038958448861982,0.9826566600646061,1.5812562627587083,16
original,1703367621,20.64626249653391,-0.33315010847521237,0.6458303201325322,-1.1541696798673238,0
diagnostic_auction_transfer,1703367621,20.897648166152347,-0.0817644388559395,0.6458303201325322,0.6233303201325411,12
original,1834077160,7.623264658322673,1.159540810512053,14.575684171745394,11.696418545478165,0
diagnostic_auction_transfer,1834077160,7.567607272153722,1.1038834243434796,14.575684171745394,11.844675774460997,0
original,1694527304,3.2956447149004786,0.19117620311679973,0.9758759682848819,2.1058759682851296,0
diagnostic_auction_transfer,1694527304,2.9872589321792056,-0.11720957960331031,0.9758759682848819,0.42629786863468544,5
original,380886787,10.201528787740605,-0.02929862011267964,0.07579080294820528,-0.7267091970517381,0
diagnostic_auction_transfer,380886787,10.172788749428275,-0.05803865842280368,0.07579080294820528,-0.8942091970517492,6
original,947121161,3.0210037018753746,-0.05366368486138019,0.96720868886473,1.2857857168893456,1
diagnostic_auction_transfer,947121161,3.2779594664410228,0.20329207970611132,0.96720868886473,-1.9399140338030278,1
original,1102142103,-11.235141812212195,-0.41854832467072645,19.12279345623776,19.87029345623771,0
diagnostic_auction_transfer,1102142103,-9.450534136533307,1.3660593510077104,19.12279345623776,16.475293456237907,0
original,1707251186,11.763670192437504,-0.5334548960535008,0.4458887733299548,-2.654111226669752,0
diagnostic_auction_transfer,1707251186,12.159713664374197,-0.1374114241173487,0.4458887733299548,-0.3741112266697617,5
original,322886563,17.097761647393806,6.439293542825907e-17,0.9078260894180801,0.9078260894180765,0
diagnostic_auction_transfer,322886563,16.775394516957032,-0.32236713043576726,0.9078260894180801,0.9278260894180761,25
original,960450037,-49.281375222702025,2.867819846229317,23.758979935189288,16.869977630180998,0
diagnostic_auction_transfer,960450037,-47.99123525992263,4.157959809009291,23.758979935189288,12.193979935189255,0
original,105718252,27.786422631765518,-0.05092659434034023,0.41274735823651554,0.3906676353446551,2
diagnostic_auction_transfer,105718252,27.779052556320355,-0.058296669787122626,0.41274735823651554,1.457747358236995,13
original,1097465716,12.969229869207863,0.07726205414957589,0.6611919694538813,-0.056280584976336145,3
diagnostic_auction_transfer,1097465716,13.198158115703494,0.3061903006449085,0.6611919694538813,-2.9620369545692453,3
original,20498688,-8.556358869080182,-0.14737293155875691,13.094002107526705,13.279671894658772,0
diagnostic_auction_transfer,20498688,-8.475493829556367,-0.06650789203579244,13.094002107526705,13.1262008284217,6
original,1853821439,12.967117451193818,-0.6222743508237937,0.3022313225940536,20.737913573035737,1
diagnostic_auction_transfer,1853821439,13.310808547980358,-0.278583254037694,0.3022313225940536,0.29973857412287896,15
original,696214953,-55.798049219731155,-0.9501974478734854,18.071012625952108,20.312895209238896,0
diagnostic_auction_transfer,696214953,-53.1846716927113,1.663180079145519,18.071012625952108,13.189718230322118,10
original,1343220472,38.4367408426057,-0.12000000000000001,0.20299302780496475,0.2029930278049683,15
diagnostic_auction_transfer,1343220472,38.90659769021148,0.34985684760550256,0.20299302780496475,-2.2345069721950814,1
original,1779397040,41.512909335624975,-1.0447471384091394,0.09872036500908621,-7.516279634990937,2
diagnostic_auction_transfer,1779397040,42.21948934179704,-0.3381671322376042,0.09872036500908621,-3.4987796349909037,0
original,1504367768,-79.04447762560636,0.32533360096961333,0.12967364603480291,1.2271736460350802,0
diagnostic_auction_transfer,1504367768,-79.39497020748698,-0.025158980911508932,0.12967364603480291,0.14217364603481641,3
original,715338238,15.366828049656398,-0.05136632184365611,0.6177851399345826,0.11528513993452227,3
diagnostic_auction_transfer,715338238,15.272595278287199,-0.14559909321210526,0.6177851399345826,-2.5222148600655587,6
original,171778411,-23.688583386031173,0.05458603180417433,0.5785745984590136,-0.9089254015414099,0
diagnostic_auction_transfer,171778411,-23.68291570936084,0.06025370847300686,0.5785745984590136,-2.5689254015416765,1
original,1366819888,18.61418291059734,0.016369900161697867,0.1510967772434384,-0.17614625419467184,1
diagnostic_auction_transfer,1366819888,18.72227815184038,0.12446514140319744,0.1510967772434384,-7.343622177956707,2
original,1351035726,-4.113345816005378,-0.19552508945857336,0.41727207564412083,0.4719924422543166,18
diagnostic_auction_transfer,1351035726,-4.28123148432869,-0.36341075778023696,0.41727207564412083,0.4321991509641972,20
original,1728468951,45.568261918677074,-0.2587465013620806,0.7144788828996127,0.4744788828995925,17
diagnostic_auction_transfer,1728468951,45.96201319080362,0.13500477076653677,0.7144788828996127,-2.4551364438190695,0
original,7731907,-12.970998488236305,-0.3142548813199845,0.9024730272602142,1.122473027260325,21
diagnostic_auction_transfer,7731907,-12.750973410899748,-0.09422980398498769,0.9024730272602142,1.1499730272603532,2
original,1465498801,11.921223967615159,-0.16909277467385908,0.35327464592008084,-0.3067253540799637,3
diagnostic_auction_transfer,1465498801,11.696883663934393,-0.3934330783567747,0.35327464592008084,0.05577464592006898,26
original,1128209802,7.641437969753209,1.419986600922147,23.04696593772219,19.4519659377224,0
diagnostic_auction_transfer,1128209802,7.6629443288784955,1.4414929600474347,23.04696593772219,19.39196593772234,0
original,1395328914,13.133841933926202,-0.09411346714332858,0.6407459703712703,0.245365904254366,20
diagnostic_auction_transfer,1395328914,13.94676360303849,0.7188082019684447,0.6407459703712703,-1.4654796091465503,1
original,737379629,23.55955657030151,-0.28785746660424255,0.21766697878810248,0.20766697878811335,13
diagnostic_auction_transfer,737379629,23.669093568586174,-0.17832046832029996,0.21766697878810248,-2.187333021211481,15
original,1949742542,24.80673315500548,0.010206158152794076,0.292755425358564,-0.9715600115598768,8
diagnostic_auction_transfer,1949742542,25.00408756647007,0.2075605696162699,0.292755425358564,-3.0118979854614967,0
original,2020720309,6.751951384579855,0.2745861619556591,8.250636008887284,6.810046673606758,0
diagnostic_auction_transfer,2020720309,7.098957445812133,0.6215922231856404,8.250636008887284,3.830636008887284,9
original,779313321,31.284347683675506,-0.3363934827123943,0.10541473611569074,-2.420915252706443,0
diagnostic_auction_transfer,779313321,31.432163667255967,-0.18857749913125196,0.10541473611569074,0.1279147361156685,19
original,1915380775,-11.750683656949226,0.26885603679002407,0.1380685618382813,1.2780685618379763,0
diagnostic_auction_transfer,1915380775,-12.156364978017912,-0.13682528428091945,0.1380685618382813,0.16306856183825857,11
original,1460519144,24.502874885540773,-0.16414875415002816,0.5056762187436306,0.26567621874365077,19
diagnostic_auction_transfer,1460519144,24.972497398648542,0.3054737589583094,0.5056762187436306,-1.065692141119965,0
original,2074807571,-46.06220411720999,-0.4420964288721443,6.531767654360394,7.855898622964129,0
diagnostic_auction_transfer,2074807571,-45.628794486672746,-0.008686798334721548,6.531767654360394,6.5588372541995525,0
original,900123003,-36.27548366738873,0.13991179583378863,0.17650028150345065,0.9165002815036694,0
diagnostic_auction_transfer,900123003,-36.20703237057034,0.20836309265276992,0.17650028150345065,1.4815002815035,4
original,1135692563,-65.62685169081985,-0.8250534591224004,11.578248719580245,14.150748719580227,11
diagnostic_auction_transfer,1135692563,-64.60459103349928,0.19720719820013075,11.578248719580245,9.912910749731747,19
original,2043361052,35.04842583799023,-0.08199158120791412,0.04709396042990477,0.03709396042990232,3
diagnostic_auction_transfer,2043361052,34.72159650773672,-0.4088209114607502,0.04709396042990477,0.06914111103502286,28
original,843333442,5.828663389682367,1.4488807440903746,0.9801391718192747,8.343819170594212,0
diagnostic_auction_transfer,843333442,5.5915026674867745,1.2117200218964606,0.9801391718192747,6.650500995367053,0
original,353417389,-25.989116336204994,2.039154444842293,23.829811028302032,20.04481102830233,0
diagnostic_auction_transfer,353417389,-24.131711605119616,3.896559175928989,23.829811028302032,16.00481102830259,2
original,424808910,-2.144164955524364,-0.05161886629711916,0.29010941299003434,0.43633585780641526,1
diagnostic_auction_transfer,424808910,-0.9454672094681835,1.1470788797589018,0.29010941299003434,-5.566096999498339,2
original,2110665949,-29.156207705794174,0.001412859774619144,0.6302337089784231,0.6602337089785291,0
diagnostic_auction_transfer,2110665949,-29.223279559057733,-0.0656589934894291,0.6302337089784231,-0.3472662910209454,0
original,1490100063,-53.216653948954686,-1.9229659313469163,0.06996608814246486,-10.057533911858503,0
diagnostic_auction_transfer,1490100063,-51.40781658593665,-0.11412856832999188,0.06996608814246486,0.08487469263595104,9
original,1736585178,-16.2643494825555,-0.49420748407957765,0.4834722660994828,-1.8315277339004101,0
diagnostic_auction_transfer,1736585178,-15.779033359733122,-0.008891361255422087,0.4834722660994828,0.8866341982975473,8
original,863893592,16.71198397059342,-0.1293896963481732,11.412697473289398,8.355292344686688,0
diagnostic_auction_transfer,863893592,16.822185120981377,-0.019188545959826393,11.412697473289398,11.185273755262948,4
original,2046270410,17.824271166578875,-0.10857989699834036,0.07176023654257335,-1.408239763457393,0
diagnostic_auction_transfer,2046270410,17.658285666800804,-0.2745653967773932,0.07176023654257335,0.09635956254350919,23
original,117517725,22.933730396855605,-0.2618367272962994,0.3153724112478642,-0.004972895165467117,17
diagnostic_auction_transfer,117517725,22.902567124150597,-0.2929999999999999,0.3153724112478642,0.31537241124784376,21
original,940815950,24.268969575740478,-0.2036816160592408,0.634006503675252,-1.6301042462129338,0
diagnostic_auction_transfer,940815950,24.44515552832359,-0.02749566347555137,0.634006503675252,0.6415065036752594,7
original,1324941331,9.57927194025576,-0.02227782109913449,0.4966072695608972,0.366607269560955,0
diagnostic_auction_transfer,1324941331,9.355863596743111,-0.24568616461240636,0.4966072695608972,0.5338140588972976,21
original,64661212,32.68271392689697,0.03939592481882581,0.6122722097062763,4.327272209706485,0
diagnostic_auction_transfer,64661212,32.49907216069108,-0.14424584138734803,0.6122722097062763,-0.952951826075713,9
original,1854895246,30.378019143831235,0.03014075818283581,0.8949416782423469,1.544941678242148,1
diagnostic_auction_transfer,1854895246,30.083788513956158,-0.2640898716921348,0.8949416782423469,1.0049416782422873,22
original,879362092,15.75475053668858,-1.0430004323450879,0.43002205180302155,-2.1324779481969713,0
diagnostic_auction_transfer,879362092,16.513832357843018,-0.2839186111894257,0.43002205180302155,0.4275488393301955,23
original,155968498,11.61603345927838,-0.20046814729260815,0.7982288108546669,-0.10063452204583401,0
diagnostic_auction_transfer,155968498,11.674921837294331,-0.1415797692765127,0.7982288108546669,0.7908504766964627,16
original,1609379131,-24.445907575022883,-8.146131483206052,0.23746741749592104,-23.5225325825043,0
diagnostic_auction_transfer,1609379131,-18.662700005939406,-2.3629239141223546,0.23746741749592104,-11.451851786835192,0
original,1743645655,19.18783587079868,0.13701476923023165,0.9160511579359394,1.7551500466342569,0
diagnostic_auction_transfer,1743645655,19.052531739906772,0.0017106383399522092,0.9160511579359394,0.9260211168222787,0
original,1345788033,-35.855519798322604,-0.7130495411198869,18.313172269389824,19.960923712690096,0
diagnostic_auction_transfer,1345788033,-35.16112470499719,-0.018654447793611393,18.313172269389824,18.357938169787026,0
original,1506410196,18.582915800550616,-0.11382619473405878,0.48093956972532226,-1.986560430274496,3
diagnostic_auction_transfer,1506410196,18.587523438166617,-0.10921855711871464,0.48093956972532226,0.3509395697253286,13
original,734812811,-49.69361469792002,1.0839156925237394,14.662565925975244,9.207565925976118,0
diagnostic_auction_transfer,734812811,-50.77818313834455,-0.0006527479009372702,14.662565925975244,14.665045254222953,0
original,2001204334,19.00657179057379,5.842548667089886e-17,0.20554121824216054,0.20554121824214633,0
diagnostic_auction_transfer,2001204334,18.88657179057379,-0.12000000000000191,0.20554121824216054,0.20554121824214278,15
original,1746508753,-13.995591587734918,-0.047549016837803194,25.626035893941562,25.69882444120191,0
diagnostic_auction_transfer,1746508753,-13.948042570896597,5.684341886080802e-15,25.626035893941562,25.626035893941552,0
original,1607147264,30.52440024922803,1.1802400044655292,0.8252837940428464,5.405283794042347,0
diagnostic_auction_transfer,1607147264,29.210160244762758,-0.13400000000000048,0.8252837940428464,0.8252837940428748,8
original,1456005942,21.86491822223304,0.07409024887703561,0.21347759458053872,0.7409775945795207,0
diagnostic_auction_transfer,1456005942,21.456283696761393,-0.33454427659317987,0.21347759458053872,0.46097759458049303,24
original,1595538931,31.68450504010245,-0.3695165062741546,0.3917958946659468,0.07179589466602421,29
diagnostic_auction_transfer,1595538931,32.69935593594009,0.6453343895650084,0.3917958946659468,-3.407884788636417,0
original,2037076975,23.461074652934474,0.16106776508306392,0.9370509951619681,1.6558765600820493,0
diagnostic_auction_transfer,2037076975,23.807950322641922,0.5079434347886537,0.9370509951619681,3.3946473868598064,0
original,922286724,-6.853043566640218,-0.2272047099827888,6.032652795887827,6.978884225313508,0
diagnostic_auction_transfer,922286724,-6.409930556998641,0.21590829965957647,6.032652795887827,5.055152795887972,0
original,699330154,-7.921404458061459,0.11634655040984444,0.8768130763453854,1.2417481447299352,0
diagnostic_auction_transfer,699330154,-8.037751008470856,6.217248937900877e-17,0.8768130763453854,0.8768130763453819,0
original,1377232363,8.314774495459847,-0.35600000000000026,0.7825093579163394,0.7825093579163496,26
diagnostic_auction_transfer,1377232363,9.220510281813175,0.5497357863522296,0.7825093579163394,-0.7474906420836338,14
original,987011049,17.23248962405501,-0.32730640841486536,0.23901051497175274,-2.6334894850281163,0
diagnostic_auction_transfer,987011049,17.301965695025082,-0.25783033744488115,0.23901051497175274,0.17533326275595146,22
original,808089667,0.47906966242404725,-0.2519644774156172,0.678646610922442,1.6361478294354719,0
diagnostic_auction_transfer,808089667,0.6172042584386624,-0.11382988139786168,0.678646610922442,1.100804098391896,1
original,2015846335,22.174089229169006,-0.3220000000000002,0.6193462609322751,0.6193462609322831,23
diagnostic_auction_transfer,2015846335,22.784707786528067,0.288618557358539,0.6193462609322751,-1.0206537390675434,0
original,928331244,1.3687995052130961,-0.29977525482579365,0.8170776520550476,-1.7046712068949725,0
diagnostic_auction_transfer,928331244,1.6533368676516376,-0.015237892387421823,0.8170776520550476,0.7404253387908564,1
original,1601489464,-15.46202521563251,-0.06600000000000007,0.9794032146035505,0.9794032146035541,11
diagnostic_auction_transfer,1601489464,-15.457960256329756,-0.06193504069722878,0.9794032146035505,1.106903214603527,2
original,1132032149,25.22135294618084,0.08198483926839924,0.9581367427195175,2.9731367427194213,0
diagnostic_auction_transfer,1132032149,24.855235043632728,-0.28413306327889454,0.9581367427195175,1.3606367427194632,22
original,1677304860,12.627965824986418,5.263280946804819,35.19762586937425,22.15412510491233,0
diagnostic_auction_transfer,1677304860,7.286440884041031,-0.07824399414121341,35.19762586937425,35.22012586937424,11
original,903878090,27.03644655767063,-0.1135651014253128,0.6529108700882631,-0.3831148717598294,6
diagnostic_auction_transfer,903878090,27.062506728565552,-0.08750493053142785,0.6529108700882631,-1.3093851959535117,10
original,1377519076,-6.4865002546196475,-0.9474000541433563,0.1587794200947883,-5.351645840028724,0
diagnostic_auction_transfer,1377519076,-6.052365323437576,-0.5132651229624522,0.1587794200947883,-3.2437205799046085,0
original,1943661346,-62.444470491354984,-0.3508020225345164,5.274106149075749,7.73410614907586,8
diagnostic_auction_transfer,1943661346,-62.22973612769668,-0.13606765887578862,5.274106149075749,5.366606149075736,12
original,1335631520,54.25903690003559,-0.4565111533214551,0.407623322995434,0.49546718857473265,27
diagnostic_auction_transfer,1335631520,55.00941576646254,0.29386771310588905,0.407623322995434,-0.6923766770045483,0
original,828836110,-41.21312020450923,-0.15814122651314533,0.87442781096901,-0.10020196631665845,0
diagnostic_auction_transfer,828836110,-40.96206528891345,0.09291368908454892,0.87442781096901,1.510151482208805,0
original,99648600,5.265303907063199,-0.007767083284608314,0.14819443706136326,0.47819443706105247,2
diagnostic_auction_transfer,99648600,5.238251365411766,-0.03481962493687821,0.14819443706136326,0.5756944370610277,8
original,917213465,-13.623619652477519,1.3901217134643211,13.522478786905168,8.57497878690498,0
diagnostic_auction_transfer,917213465,-13.511477612484375,1.5022637534546899,13.522478786905168,8.079978786904944,0
original,1619390795,-19.35984396630031,-0.3746907614618954,7.439162438934545,8.289162438934584,9
diagnostic_auction_transfer,1619390795,-19.229049964046087,-0.2438967592070755,7.439162438934545,7.576662438934578,17
original,577669131,27.869650301437378,-0.5978157112574747,0.41746252356665536,-1.760760253056786,2
diagnostic_auction_transfer,577669131,28.367295027682815,-0.10017098500942657,0.41746252356665536,0.4374625235666336,14
original,1892892678,-35.80365632882078,-0.06887462116826516,0.8849446834801142,1.4806171163585922,2
diagnostic_auction_transfer,1892892678,-35.91079921491679,-0.17601750726509308,0.8849446834801142,0.8999413578368703,17
original,969974631,-13.339762105191207,-0.24342731738447546,0.9589614994009139,-0.9192883353842978,0
diagnostic_auction_transfer,969974631,-12.988386023011426,0.1079487647952432,0.9589614994009139,2.2095185368543753,5
original,311831982,12.956324908132945,3.336545086427318,21.59783037968367,11.524398833208402,0
diagnostic_auction_transfer,311831982,11.085067086770158,1.4652872650663484,21.59783037968367,17.4022283229175,18
original,633196901,11.801550231422,-0.13385079721335913,0.3823818424433796,-1.1451181575566896,0
diagnostic_auction_transfer,633196901,11.930516191351373,-0.004884837282217502,0.3823818424433796,0.7173722626369794,7
original,131996985,24.27045516255068,-0.24503910925064631,0.5325092075554778,-1.2499907924445979,3
diagnostic_auction_transfer,131996985,24.291360062667515,-0.22413420913496362,0.5325092075554778,0.6443261262953921,21
original,1833479134,-29.442028382856474,-0.0022037847485593255,36.11480124208728,36.11729895521395,0
diagnostic_auction_transfer,1833479134,-18.44450866096436,10.995315937144863,36.11480124208728,20.832301242085876,0
original,359076107,25.493471299811453,-0.01138786333164564,0.13713666835396054,0.08713666835399181,0
diagnostic_auction_transfer,359076107,25.411631776319428,-0.09322738682235544,0.13713666835396054,0.16697737689097195,13
original,335924090,-49.152500413162365,-1.7569208822085565,2.004981575913604,20.492758086014472,1
diagnostic_auction_transfer,335924090,-47.548843211721675,-0.15326368076778707,2.004981575913604,2.3624815759135878,19
original,1257987145,-18.80358193054686,-0.05927376491567166,0.6069046987863658,0.5794046987863717,4
diagnostic_auction_transfer,1257987145,-18.224365650966345,0.5199425146648639,0.6069046987863658,-3.723955446033957,8
original,238493528,-11.22743639300814,-0.03630146550176187,12.632218882989278,12.605118484607592,2
diagnostic_auction_transfer,238493528,-10.337796846067334,0.8533380814384481,12.632218882989278,11.0112424897455,0
original,744212987,18.93157471750561,-0.055748641691785325,0.7686412493924735,0.4161412493924219,0
diagnostic_auction_transfer,744212987,18.9227686309485,-0.06455472824987867,0.7686412493924735,0.7786412493924617,11
original,1824030909,22.89329542011127,-0.0840555683912218,0.4278161161748102,0.7253161161746497,8
diagnostic_auction_transfer,1824030909,23.042831403996765,0.06548041549418798,0.4278161161748102,-0.0031855550199284544,1
original,311014341,55.69673371615675,-0.37017646041336366,0.1636780604110868,-0.15632193958894902,21
diagnostic_auction_transfer,311014341,56.2704432298291,0.2035330532589994,0.1636780604110868,-3.3613219395891107,1
original,467222588,-22.620219021662365,-1.2349217683104232,0.6482570127636507,-8.358823526627585,0
diagnostic_auction_transfer,467222588,-21.398332966535786,-0.01303571318303029,0.6482570127636507,0.38575701276284935,0
original,531443561,-9.639234627327982,2.842170943040401e-15,8.236913266763494,8.236913266763477,0
diagnostic_auction_transfer,531443561,-9.680546192604542,-0.04131156527456201,8.236913266763494,8.249248726705618,2
original,919122152,-4.584074809561426,0.527779745043199,3.601699125862794,1.4591991258628525,3
diagnostic_auction_transfer,919122152,-4.560093207813995,0.5517613467914865,3.601699125862794,1.5591991258628006,1
original,612233965,-7.315109714113558,-1.254470319698343,0.5773578376998216,-3.9976181332657976,0
diagnostic_auction_transfer,612233965,-6.096868779725947,-0.03622938531129128,0.5773578376998216,0.41985783769960694,0
original,279136832,29.516502777862357,-0.11418907115037427,0.8166103400738933,0.2774864247377923,12
diagnostic_auction_transfer,279136832,29.90048106453288,0.26978921552165014,0.8166103400738933,-3.670889659926264,3
original,1274020358,-30.59634032329372,-0.08724320164826799,3.999464782790639,-0.11821263175950136,0
diagnostic_auction_transfer,1274020358,-30.499127594294293,0.009969527351298128,3.999464782790639,3.0444647827906977,0
original,509774083,-22.687086846018627,-0.07610606933186206,0.7700124215588744,0.7975124215589011,10
diagnostic_auction_transfer,509774083,-22.610980776686635,-2.997602166487923e-17,0.7700124215588744,0.7700124215588764,0
original,296914879,-18.523352679955217,-0.10826864602927064,0.6025870407746652,-0.8842749068931415,0
diagnostic_auction_transfer,296914879,-18.495345725518682,-0.08026169158996861,0.6025870407746652,-0.5523044080230335,0
original,380340509,-75.53290008403715,4.881874343136522,15.683216769736362,-8.476783230263154,0
diagnostic_auction_transfer,380340509,-78.22350997392486,2.191264453248622,15.683216769736362,10.873216769736382,0
original,1943476184,43.70573379637977,-0.30351212642480374,0.8191943185267405,0.8118368870795307,16
diagnostic_auction_transfer,1943476184,44.07952395145267,0.07027802864921183,0.8191943185267405,-1.0408056814735152,0
original,1125217916,-48.11148795733106,-0.3110816410599902,0.13868655807114294,0.33789767831094564,13
diagnostic_auction_transfer,1125217916,-48.10869743775969,-0.30829112148989885,0.13868655807114294,0.30555006053373335,10
original,1938736026,-18.46598066906323,-0.07290309986451149,0.14098932162482924,0.20022754512008922,9
diagnostic_auction_transfer,1938736026,-18.51573366121692,-0.12265609201602568,0.14098932162482924,0.14592720179339402,8
original,1940157388,-24.479818890158544,-0.01928708082313632,2.8664218286026966,3.3264218286024776,0
diagnostic_auction_transfer,1940157388,-24.450259012879343,0.010272796457422505,2.8664218286026966,2.416421828602776,0
original,1855914678,15.483388859549184,-0.005215803441818073,0.8148781458232577,0.07487814582329477,3
diagnostic_auction_transfer,1855914678,15.608543220807524,0.11993855781843828,0.8148781458232577,-0.7001218541766541,1
original,1051613351,-37.786563985615274,-5.154254634740028,0.44189646207814803,-12.203103537920946,0
diagnostic_auction_transfer,1051613351,-32.74319055996825,-0.11088120909206427,0.44189646207814803,0.41939646207814096,11
original,1925788965,28.27042971069836,0.7628650189002815,0.3928155674377507,6.920405768599538,0
diagnostic_auction_transfer,1925788965,27.372930206964668,-0.13463448483511564,0.3928155674377507,0.400315567437751,12
original,686246359,29.95648160516969,-0.6264473883586557,0.3536935038947888,-2.4238064961053762,3
diagnostic_auction_transfer,686246359,30.15928482262367,-0.42364417090546375,0.3536935038947888,0.4236935038946914,29
original,1960755633,9.359586054464634,-0.3068934526664108,0.8512427937449019,-1.6483641180951705,6
diagnostic_auction_transfer,1960755633,9.601996414199427,-0.064483092932168,0.8512427937449019,1.0737427937448345,12
original,972842241,6.20951698791216,-0.10102814585125228,0.4222092471156458,-0.03279075288431876,9
diagnostic_auction_transfer,972842241,6.142937773341937,-0.16760736042207716,0.4222092471156458,-5.705109131863111,12
original,1174627525,25.931977987554724,-0.010648593582620575,0.836712963280462,1.3777271237723872,7
diagnostic_auction_transfer,1174627525,26.104948759121935,0.16232217798247905,0.836712963280462,9.213614044234273,1
original,321422727,-31.853162261825037,-0.03732716422286818,0.6387997447584297,0.30129974475854837,0
diagnostic_auction_transfer,321422727,-31.816300394651627,-0.0004652970502505107,0.6387997447584297,0.6437888501453405,1
original,1517941245,23.30062928680176,-0.1043446543911902,0.9209340261330397,-0.6265659738669136,6
diagnostic_auction_transfer,1517941245,23.262896487705188,-0.14207745348827683,0.9209340261330397,-1.545719775276035,6
original,1787075831,-21.449448954772837,-1.4257057388862497,3.6542920198365465,10.929292019836746,1
diagnostic_auction_transfer,1787075831,-20.04686801048067,-0.023124794593415283,3.6542920198365465,3.5871608668384254,7
original,1682813998,4.34269687823984,-0.10695418728016298,0.7326038285831942,-0.06934745910158002,0
diagnostic_auction_transfer,1682813998,4.480995209948376,0.031344144428440406,0.7326038285831942,1.2951038285832315,8
original,1012656582,12.509809716866963,-0.008153948782510845,0.8789272922460185,0.08892729224595719,0
diagnostic_auction_transfer,1012656582,12.460337229400949,-0.0576264362465231,0.8789272922460185,0.5789272922459663,10
original,727987664,20.565510678378516,-1.3578342769568894,0.02059168597520511,-6.837234016078854,16
diagnostic_auction_transfer,727987664,22.164012372666303,0.24066741733102653,0.02059168597520511,5.853091685976008,0
original,277310391,27.59138270402042,-0.02022402236112862,0.5123922186068768,3.6407766460796736,11
diagnostic_auction_transfer,277310391,27.599340076893117,-0.01226664948922771,0.5123922186068768,0.2769764189470816,0
original,551290549,3.431773685258883,-1.9578602666909497,19.939720553088748,23.392220553089054,1
diagnostic_auction_transfer,551290549,4.7185983643682174,-0.6710355875803309,19.939720553088748,21.202438514412062,0
original,2049518179,38.30763453699139,-0.0128788284525784,3.6235256499901,3.216025649990047,0
diagnostic_auction_transfer,2049518179,38.235999330220096,-0.08451403522495977,3.6235256499901,2.402677309471918,7
original,509854283,-48.72693093880737,-0.8384200281629974,4.869449350317936,7.704449350317837,0
diagnostic_auction_transfer,509854283,-48.01815810816855,-0.12964719752539278,4.869449350317936,4.809662225559979,14
original,1710156765,4.353984388416971,-0.09681532497444881,0.863052072686628,0.9830520726866077,10
diagnostic_auction_transfer,1710156765,4.107479998829998,-0.343319714559911,0.863052072686628,0.9730520726866061,24
original,1789186992,25.354288088004736,0.009727625106193825,0.6253507354668955,0.46564574908467166,0
diagnostic_auction_transfer,1789186992,25.221702896228848,-0.1228575666678185,0.6253507354668955,2.1854641057707083,1
original,84794743,14.9823343411424,-0.13758704514256287,0.593709209458197,0.07870920945809878,13
diagnostic_auction_transfer,84794743,15.561064437863143,0.4411430515763991,0.593709209458197,-4.132215129975557,3
original,1487220134,-21.91959070455128,-0.06219316336377871,0.771400245174263,-1.5043111197064134,0
diagnostic_auction_transfer,1487220134,-21.916352774418215,-0.058955233231379266,0.771400245174263,-1.4388073255272176,0
original,682327302,-18.00520043739355,-0.03927741714993976,0.06207780959616116,-0.4682553726120816,0
diagnostic_auction_transfer,682327302,-17.95623881159763,0.009684208647107914,0.06207780959616116,0.4420778095967588,3
original,1159224072,-25.625300729188726,0.0325961130121555,0.2244999527989222,0.7669999527992868,0
diagnostic_auction_transfer,1159224072,-25.846286779191136,-0.18838993698936263,0.2244999527989222,-0.7270432051434969,6
original,1153453558,20.386828916879622,-0.04814775517555692,0.9208466528164223,1.3143646239129372,0
diagnostic_auction_transfer,1153453558,20.56871124952664,0.13373457747112916,0.9208466528164223,-0.3866533471834579,1
original,1053397382,20.01369587574975,-0.09566468395626028,0.8601361777170098,0.28513617771706024,5
diagnostic_auction_transfer,1053397382,20.035616741186885,-0.0737438185190123,0.8601361777170098,-0.14736382228284484,13
original,1318901348,1.711634223346291,-0.11314311475039561,0.9438518782680916,-0.36982725121386206,10
diagnostic_auction_transfer,1318901348,1.680643022334845,-0.14413431576355062,0.9438518782680916,0.04337048924240561,10
original,45030771,-23.309795193956795,0.01581687997938136,0.2275476938938965,0.8775476938939217,1
diagnostic_auction_transfer,45030771,-23.965375829074,-0.6397637551384834,0.2275476938938965,-3.8949523061065268,16
original,590047755,26.110637046164392,-0.20224998870850747,0.41944569905479057,-0.030554300945218493,10
diagnostic_auction_transfer,590047755,25.967363959336367,-0.34552307553611195,0.41944569905479057,-0.16805430094528173,24
original,1560860869,-32.015478242578546,3.3241081879774166,15.09654795445499,8.81404795445474,0
diagnostic_auction_transfer,1560860869,-34.32533846653593,1.0142479640195632,15.09654795445499,13.361547954455009,0
original,1405551450,-25.188080556864907,-0.10839822006800415,0.8960987370108313,1.0075687410402399,10
diagnostic_auction_transfer,1405551450,-25.269255550841862,-0.18957321404613936,0.8960987370108313,1.0620210342686287,14
original,1886439221,-7.514020790329824,0.8837221298362736,0.8140789368500947,8.16657893685055,0
diagnostic_auction_transfer,1886439221,-8.37595875238023,0.021784167785771833,0.8140789368500947,0.9215789368500911,0
original,1070146628,-1.7135416719259227,-0.3268923133150042,0.8538888364703752,0.8341688204238698,16
diagnostic_auction_transfer,1070146628,-1.3583851261138518,0.028264232498737416,0.8538888364703752,0.5830800134768788,0
original,75433554,10.242619740237915,-0.7215463062287011,0.4017628560856963,-2.1944137681312226,0
diagnostic_auction_transfer,75433554,10.85646022203082,-0.10770582443611754,0.4017628560856963,0.36725835070173796,13
original,1558799408,19.81885515892194,0.06785490817491095,0.24488199140976974,-1.065118008590007,0
diagnostic_auction_transfer,1558799408,19.79490557961241,0.04390532886468585,0.24488199140976974,-0.54261800859007,1
original,568230291,-19.92742750530396,-0.262290959598825,2.8571801159433363,-2.6338751051334883,0
diagnostic_auction_transfer,568230291,-19.828827978567638,-0.16369143286393117,2.8571801159433363,-1.5616155556157327,0
original,492405674,-14.914905376118982,0.34156045219902764,2.725953584441683,-0.2340464155587103,10
diagnostic_auction_transfer,492405674,-15.087094799944097,0.16937102837473406,2.725953584441683,1.4234535844415976,3
original,359593592,6.095207334775191,0.8618469246715355,14.343570280333324,12.61857028033327,0
diagnostic_auction_transfer,359593592,5.932490663897083,0.6991302537932955,14.343570280333324,12.953570280333281,0
original,299570547,-16.58266963019923,-0.0676928971252277,0.2127226811928864,1.1650907480225237,2
diagnostic_auction_transfer,299570547,-16.834558891017476,-0.31958215794220307,0.2127226811928864,0.4727226811928915,23
original,1329852192,-9.313204631362234,-0.07225650163664439,0.9574956364360361,1.5835769729150755,0
diagnostic_auction_transfer,1329852192,-8.960994489283868,0.27995364044235127,0.9574956364360361,-3.1625043635642758,0
original,767432161,-107.00654082907573,-9.598896191475074,10.812623978899182,-23.658676107515635,0
diagnostic_auction_transfer,767432161,-97.55335919786599,-0.14571456026582652,10.812623978899182,-2.8498760211006946,1
original,1433818834,20.956717905512797,-0.12324426998190426,0.2531363208769619,-0.8130028881263018,0
diagnostic_auction_transfer,1433818834,20.890044693843496,-0.18991748165141953,0.2531363208769619,0.4481363208769693,20
original,2051347241,6.397808772333644,-0.21871461775374976,0.33063637637701504,-1.3493636236232085,0
diagnostic_auction_transfer,2051347241,6.564802178174477,-0.051721211913861004,0.33063637637701504,0.6883331158434631,13
original,1651502692,25.319256487465857,-0.07373985803881279,0.32933701142610516,-0.4767876756137869,0
diagnostic_auction_transfer,1651502692,25.287034075833187,-0.10596226967227955,0.32933701142610516,0.4268370114261,14
original,1682292240,-101.83473263560263,1.2744153046769957,29.460613417487608,27.92597412159071,6
diagnostic_auction_transfer,1682292240,-103.51718057223037,-0.40803263194952555,29.460613417487608,29.430613417487635,29
original,635131396,25.121876163283215,-0.5857391499404043,0.6495920839895604,-2.3029079160103407,7
diagnostic_auction_transfer,635131396,25.818166549085866,0.11055123586449106,0.6495920839895604,1.4445920839890398,0
original,437336412,18.167443238830195,-0.1596218381739214,0.3087337254770546,-1.3524596085179676,1
diagnostic_auction_transfer,437336412,18.15763000921037,-0.16943506779471468,0.3087337254770546,-0.12321503838491243,15
original,1192672776,6.00446418752491,-0.04894638827758573,0.5755689059331957,-0.07693109406698895,0
diagnostic_auction_transfer,1192672776,5.981119595783297,-0.072290980019399,0.5755689059331957,-0.01943109406686716,7
original,480473980,-10.882648072863635,0.31449745467999746,0.29171079435791114,3.836710794357714,0
diagnostic_auction_transfer,480473980,-11.374191061975539,-0.17704553443056587,0.29171079435791114,-0.7143889764795135,6
original,962252385,-20.321289060005615,-2.587721553563457,30.362476002971903,34.3606185099656,0
diagnostic_auction_transfer,962252385,-17.80772118220961,-0.07415367576618931,30.362476002971903,30.48637758390786,0
original,666160977,31.539433826940922,-0.3713514485860904,0.34813554874170904,-0.647462701764508,0
diagnostic_auction_transfer,666160977,31.69989021530195,-0.21089506022642898,0.34813554874170904,0.34567023876955955,20
original,2060585026,10.38861845284378,-0.2810782343136702,0.10370118465164069,-0.13629881534838217,21
diagnostic_auction_transfer,2060585026,11.033741709450876,0.36404502229394164,0.10370118465164069,-1.153798815348217,0
original,275392946,20.49411763883364,-0.02049314461238891,6.209694862136843,3.9021948621366818,0
diagnostic_auction_transfer,275392946,20.46436238338276,-0.050248400062142706,6.209694862136843,7.547194862136337,0
original,1900407461,9.883467516481561,-0.10589464566372418,0.6317763724706253,0.7834323524879703,10
diagnostic_auction_transfer,1900407461,10.020061287631037,0.03069912548458812,0.6317763724706253,0.20427637247085428,3
original,1601222202,11.284436672115682,-0.3478178566807534,0.3105101176766709,-2.374489882323462,13
diagnostic_auction_transfer,1601222202,11.128931896812324,-0.5033226319840343,0.3105101176766709,-4.195695220141149,11
original,270343955,10.729340909303488,0.2594602338722596,8.170030856860336,2.1150165687034193,0
diagnostic_auction_transfer,270343955,10.46962610133778,-0.0002545740938215169,8.170030856860336,8.17249228808225,0
original,298353528,-0.2897404928075148,-0.12117209329024957,0.9820043727524421,1.4770043727524733,4
diagnostic_auction_transfer,298353528,0.4271537163762906,0.5957221158936488,0.9820043727524421,-2.407736321805538,0
original,350016834,16.110766160481163,-0.08900233905698753,0.022245313308829395,-0.4913054478240175,7
diagnostic_auction_transfer,350016834,16.191291402367867,-0.00847709716891327,0.022245313308829395,-3.1015431654446206,3
original,1411892841,-22.356391911885037,0.07364072893135362,0.07454698273933502,-1.823337366191705,8
diagnostic_auction_transfer,1411892841,-22.688088829757923,-0.25805618894062043,0.07454698273933502,0.1118793767099068,18
original,1850461026,31.43455071689728,-0.8127693259645027,0.32824844645489293,-2.491608500236773,7
diagnostic_auction_transfer,1850461026,33.2972194516591,1.0498994087963431,0.32824844645489293,7.048248446454287,0
original,729660505,-3.759006211134347,-0.5844904075567459,0.6834429083857572,-2.0490570916143813,7
diagnostic_auction_transfer,729660505,-3.4030409439390032,-0.2285251403605422,0.6834429083857572,0.7031714245560379,16
original,1598174193,11.145825063410486,-0.04950605056000339,0.29905134620153717,2.734051346200779,0
diagnostic_auction_transfer,1598174193,10.938333032523685,-0.2569980814478999,0.29905134620153717,-3.918448653798624,5
original,1660100628,2.849807089491618,1.2211851003573833,8.292216197282855,5.667216197282805,11
diagnostic_auction_transfer,1660100628,3.1639359434363463,1.5353139543016339,8.292216197282855,5.3772161972827845,0
original,874166232,-38.164124876386715,-0.6448213714936198,0.9740694699954844,4.984069469995328,9
diagnostic_auction_transfer,874166232,-37.67050982807947,-0.15120632318609628,0.9740694699954844,0.8746281305296466,13
original,525007933,-27.697585287757143,-0.11357450880169495,0.6788392011302022,0.7538392011301838,6
diagnostic_auction_transfer,525007933,-27.61093205125769,-0.026921272300282333,0.6788392011302022,0.6913392011301873,2
original,1626278242,37.30229331893828,-0.41607648233165995,7.622905845767534,13.4804058457675,0
diagnostic_auction_transfer,1626278242,37.49333113545845,-0.22503866581090187,7.622905845767534,7.637740437105188,18
original,453539772,29.56634969621947,-0.07763174770685598,0.8128598632151949,-0.5421401367846288,0
diagnostic_auction_transfer,453539772,29.565168997073787,-0.07881244685306202,0.8128598632151949,0.9107832416808538,12
original,29667132,16.161665872303658,-0.054936550322769784,0.5817338208853755,-1.3507661791147325,20
diagnostic_auction_transfer,29667132,16.47103900283253,0.25443658020507987,0.5817338208853755,-3.8832661791149055,0
original,2122884215,-3.5257374801387273,-0.009778989021358691,0.9771565239906579,0.9696565239905688,1
diagnostic_auction_transfer,2122884215,-2.3006611426023205,1.2152973485156415,0.9771565239906579,-2.4878230770282936,17
original,1922187059,-21.710620145991236,-1.331734266960345,0.9995397444438225,-13.307672320575733,0
diagnostic_auction_transfer,1922187059,-20.48041450245161,-0.10152862341998467,0.9995397444438225,1.0545286623256644,9
original,1442664565,18.99262941746959,-0.0894731016049064,0.22632177163795575,0.28043289494622486,5
diagnostic_auction_transfer,1442664565,19.774744530504123,0.6926420114306213,0.22632177163795575,-5.953533719229323,2
original,596443625,27.988094957502124,-0.3043199063189319,0.7466531604691795,-1.7544762912635274,2
diagnostic_auction_transfer,596443625,28.14435742380137,-0.14805744001857665,0.7466531604691795,-0.5674683060799632,5
original,1101871379,8.68080821259251,-0.3358343590056937,0.23913279623738504,-2.2283672037627476,7
diagnostic_auction_transfer,1101871379,8.973096973039901,-0.04354559855895567,0.23913279623738504,-0.0836174779310982,5
original,828615994,-26.40703518359377,0.1114898689179408,3.8896350546410474,3.049635054641124,6
diagnostic_auction_transfer,828615994,-26.34559129363708,0.1729337588756182,3.8896350546410474,3.317135054641108,0
original,1076876363,7.993620076782525,0.965755439709203,0.7542727996698062,5.520149256137979,4
diagnostic_auction_transfer,1076876363,8.517357345160645,1.4894927080875648,0.7542727996698062,14.004272799670236,0
original,1465321994,-167.08086872210183,0.5835105232901587,8.854643932036481,-0.8287643287382735,0
diagnostic_auction_transfer,1465321994,-167.3178112198998,0.3465680254922019,8.854643932036481,4.747737360276848,18
original,1973961604,-8.717785932095952,0.624362676155866,13.429929736150243,12.168299262537383,3
diagnostic_auction_transfer,1973961604,-9.34344516723969,-0.0012965589868110783,13.429929736150243,13.432429736150258,0
original,748579165,45.76059964535932,0.06622407102321154,0.43910668638908135,1.5387901169142604,0
diagnostic_auction_transfer,748579165,45.691579925257244,-0.002795649081185611,0.43910668638908135,2.431712367248995,12
original,1205199653,-1.308402106379443,0.22735783509038582,5.2990008549759295,1.0427943413659904,0
diagnostic_auction_transfer,1205199653,-1.5359964115469067,-0.000236470077101364,5.2990008549759295,5.301463965684824,0
original,684145863,32.452204841040704,-0.13555870286177396,0.9059471330563866,-0.13976061344369461,2
diagnostic_auction_transfer,684145863,32.439572439544605,-0.14819110435719945,0.9059471330563866,-0.5660020942369304,3
original,576236758,0.36708084823808473,2.57387720643088,28.391774031417512,21.395034394037225,0
diagnostic_auction_transfer,576236758,-0.476533028294325,1.7302633298965866,28.391774031417512,23.99638354783593,1
original,686847650,-7.533187557141424,-5.299357041466221,34.09009368869823,41.0500936886975,0
diagnostic_auction_transfer,686847650,-2.389458004458099,-0.1556274887835889,34.09009368869823,34.31759368869825,0
original,812198784,21.288162595544993,-0.030475113050260797,0.8180894665536869,0.7907278810653567,1
diagnostic_auction_transfer,812198784,21.061421195613764,-0.25721651298165144,0.8180894665536869,-0.5514559614507331,14
original,1224257351,26.46958272533199,-0.10430100329979458,0.9783288634524752,-0.44033728979887243,2
diagnostic_auction_transfer,1224257351,26.312260764385663,-0.26162296424597226,0.9783288634524752,-1.7400211641452823,14
original,1270101372,13.559377404597853,-0.05451331049793892,0.6461990984450239,-4.28300386410029,18
diagnostic_auction_transfer,1270101372,13.66738269739754,0.05349198230173942,0.6461990984450239,-5.616403951099438,3
original,1633410136,-1.1482458144034162,1.1260309996008147,12.611574902385655,1.9507867002925074,0
diagnostic_auction_transfer,1633410136,-2.24673393093274,0.027542883071633703,12.611574902385655,12.264074902385406,9
original,768568600,13.754349487957997,-0.04473131474374713,0.9137942201537186,-0.14370577984633925,0
diagnostic_auction_transfer,768568600,13.691604729829765,-0.10747607287260713,0.9137942201537186,-0.8412057798464225,6
original,589306561,19.220690544658968,0.18185754682546898,0.22626612078224184,-0.6246874457569415,8
diagnostic_auction_transfer,589306561,19.182192559448044,0.1433595616148999,0.22626612078224184,-0.486081375673618,7
original,943842110,-1.0865102193432319,0.0014673122426522834,1.0559635353590835,-0.9840364646408313,0
diagnostic_auction_transfer,943842110,-1.1033977209312593,-0.015420189345375219,1.0559635353590835,1.5352777997957165,2
original,1050268402,27.888029870681674,-0.17299507458488803,0.6911873934438262,5.737178930728971,0
diagnostic_auction_transfer,1050268402,27.53621869585522,-0.5248062494129997,0.6911873934438262,-4.898812606556632,11
original,317577732,-31.19412102654894,-0.012052700908988962,1.2414954550673656,1.2314954550673631,2
diagnostic_auction_transfer,317577732,-31.460277897670835,-0.2782095720304542,1.2414954550673656,1.248987946798821,23
original,1839386508,16.103087016304848,-0.08216722505255966,1.9486092566635023,0.9361092566635305,0
diagnostic_auction_transfer,1839386508,16.271350937212414,0.08609669585545277,1.9486092566635023,3.7385498513125857,2
original,1551711768,-23.876454149412268,-0.4113464113728505,0.7349726956808098,0.7275224831751772,28
diagnostic_auction_transfer,1551711768,-23.900107738040866,-0.4350000000000003,0.7349726956808098,0.7349726956808169,29
original,902734756,5.114218681750756,-0.40369907041754427,0.7811721622070564,7.894264656872688,0
diagnostic_auction_transfer,902734756,5.523924809791625,0.0060070576240044945,0.7811721622070564,1.0593430296976742,0
original,116714441,-3.6714122396828506,0.7201724696862326,0.026012460368022516,4.3610124603688565,0
diagnostic_auction_transfer,116714441,-4.72430931684428,-0.33272460747621735,0.026012460368022516,0.05601246036802188,20
original,687036444,-34.14476620754495,-0.009655068653709197,0.1438688374017545,0.8038688374017235,1
diagnostic_auction_transfer,687036444,-34.268922829250286,-0.13381169036057133,0.1438688374017545,0.171368837401773,15
original,759474621,23.278265347159223,0.11129846970335125,0.1441263353109008,3.679000231888792,1
diagnostic_auction_transfer,759474621,23.00336321127749,-0.16360366617823485,0.1441263353109008,-1.755687839967149,0
original,1473350621,-8.929950341324007,-0.03046463730237866,2.0219497934264297,0.2544497934266672,0
diagnostic_auction_transfer,1473350621,-8.907146767730183,-0.007661063707995967,2.0219497934264297,1.1244497934267392,0
original,1908625941,-13.166328155633064,0.4736544285888274,14.66450336330037,13.682003363300412,1
diagnostic_auction_transfer,1908625941,-12.719859059107295,0.9201235251147275,14.66450336330037,12.804503363300457,0
original,1478274845,26.411083098667852,-0.41907104161709485,0.1676040427482519,0.18760404274829767,28
diagnostic_auction_transfer,1478274845,27.262770394237577,0.43261625395570497,0.1676040427482519,-0.5248420098005568,5
original,1823423186,10.814636211266363,-0.13234322581846353,0.9903526639386087,0.12363141526408516,9
diagnostic_auction_transfer,1823423186,10.871429705056407,-0.07554973202834374,0.9903526639386087,-3.194647336061114,10
original,50948115,32.10187099622849,0.5750594926563172,0.24260108438807038,6.460101084387791,2
diagnostic_auction_transfer,50948115,31.313075411860474,-0.2137360917113868,0.24260108438807038,0.7826010843880695,24
original,389278141,-26.454623754323823,0.4835038708952457,16.94237539787639,15.88737539787629,0
diagnostic_auction_transfer,389278141,-26.49275454250118,0.4453730827188662,16.94237539787639,15.972375397876267,0
original,1338005382,17.590605720876187,0.31361775909121514,0.2724201824047867,-0.768510843698182,9
diagnostic_auction_transfer,1338005382,17.32314873553662,0.046160773749469176,0.2724201824047867,0.1585905341925451,1
original,162934857,18.581129911519554,-0.012917805587694498,0.7950092164064699,0.7575092164064792,0
diagnostic_auction_transfer,162934857,19.631641328411735,1.0375936113032846,0.7950092164064699,4.260009216407322,0
original,1543272473,-24.05445383878709,0.031656953476887344,1.4912719716968468,0.7437719716965032,0
diagnostic_auction_transfer,1543272473,-24.04156959362532,0.044541198639449185,1.4912719716968468,-2.323750797174931,0
original,415740833,12.016818787853897,0.6704714494650329,0.0745652968938657,18.184565296893744,1
diagnostic_auction_transfer,415740833,11.067062920662995,-0.27928441772677404,0.0745652968938657,0.07704578991338061,15
original,1981827657,1.0292821956769989,0.12171647235212735,0.4513813597125562,4.6488813597122345,0
diagnostic_auction_transfer,1981827657,0.7085767742017354,-0.19898894912230178,0.4513813597125562,0.05138135971249014,16
original,815113826,21.051597462984148,-2.585975120996117,0.15016220292473292,-11.11192900732449,0
diagnostic_auction_transfer,815113826,22.074921752214774,-1.5626508317643446,0.15016220292473292,-7.299837797076037,16
original,233704819,20.09615778254177,-0.27542625389005354,0.30043321397272393,0.3446791118967609,21
diagnostic_auction_transfer,233704819,20.323932708861527,-0.04765132757043664,0.30043321397272393,0.366795504963944,2
original,505942882,7.741159845847388,-0.03822465585408933,0.08825553799498209,-0.7617444620049652,5
diagnostic_auction_transfer,505942882,7.805804935839447,0.026420434138325843,0.08825553799498209,-1.5742444620048657,3
original,1955114306,-15.491481426217355,1.7728898303030913,28.621606793187212,26.220693182860664,0
diagnostic_auction_transfer,1955114306,-15.463386979972153,1.8009842765472979,28.621606793187212,26.181346342867272,0
original,406307240,-36.69091794881553,-7.426870140283885,13.920708396598101,-14.267833026845766,0
diagnostic_auction_transfer,406307240,-33.90217895972482,-4.638131151192926,13.920708396598101,-9.08313062248981,0
original,297398100,0.033819055654257746,-0.22201489800631077,0.01729601262954361,0.04229601262951466,20
diagnostic_auction_transfer,297398100,0.3204789981791906,0.06464504451909941,0.01729601262954361,-0.11766336167333674,0
original,1677993417,-14.676155813330006,-0.20141952352185555,0.725006055124723,0.9867458901723603,18
diagnostic_auction_transfer,1677993417,-14.616489620171176,-0.14175333036292895,0.725006055124723,0.8683688497543247,13
original,1706522628,-12.073450749978742,0.4639922862577197,0.9782227183963386,-9.586192865030023,0
diagnostic_auction_transfer,1706522628,-12.660748391691996,-0.12330535545632938,0.9782227183963386,0.9682227183963803,13
original,1750170695,-29.720022738224316,0.6141277823328133,28.049035054974937,27.535223930241468,1
diagnostic_auction_transfer,1750170695,-30.688688941590737,-0.35453842103295863,28.049035054974937,28.079035054974923,18
original,967706433,-2.042022156475754,0.2880576776122283,13.958244536770735,13.295744536770702,5
diagnostic_auction_transfer,967706433,-2.06948133544313,0.2605984986456323,13.958244536770735,13.488244536770754,0
original,112327026,9.809550874643659,-0.2808300093932223,0.14785647191266094,-0.5521435280873259,23
diagnostic_auction_transfer,112327026,10.081532835343891,-0.008848048692049835,0.14785647191266094,-1.4846435280872878,2
original,712311753,19.945870059013746,0.19042325067672303,7.015874046265779,6.068374046265832,9
diagnostic_auction_transfer,712311753,19.76459800150599,0.00915119316933992,7.015874046265779,6.991145783326822,0
original,560059204,-32.43099649272912,-0.299405148064515,6.354517734965711,7.512017734965967,0
diagnostic_auction_transfer,560059204,-32.131591344664706,6.394884621840901e-16,6.354517734965711,6.354517734965706,0
original,331505238,11.146159241804362,-0.008518878215255283,0.48896688873448113,0.4596434095387291,0
diagnostic_auction_transfer,331505238,12.19926610798834,1.0445879879684843,0.48896688873448113,4.698966888734152,0
original,1400626681,4.802908818061091,-0.22791465422114396,0.9444241864659091,0.5589171357164794,10
diagnostic_auction_transfer,1400626681,4.947234893745438,-0.0835885785367192,0.9444241864659091,-1.8039162834726392,2
original,1455088099,8.08825858245654,-0.30795638775190404,0.11255372759192994,-2.900814871845585,2
diagnostic_auction_transfer,1455088099,8.354319512393806,-0.04189545781481245,0.11255372759192994,0.31184410200303525,10
original,948725809,10.455304981015253,-0.03059148766540563,0.3135468060419271,0.193546806042301,0
diagnostic_auction_transfer,948725809,10.60028170163908,0.11438523295873339,0.3135468060419271,0.9860468060419213,9
original,1334321890,-32.65749889112703,0.5184386143242087,8.760166237279151,7.363654218977883,0
diagnostic_auction_transfer,1334321890,-30.6630430512344,2.5128944542168345,8.760166237279151,0.03266623727987472,0
original,1195231827,24.792655162006653,-0.027887890402982198,0.7367191940353734,0.7117191940353642,1
diagnostic_auction_transfer,1195231827,24.775933700802305,-0.044609351605065885,0.7367191940353734,1.4092693092033832,4
original,1873305684,-16.368696681694562,-0.1541034858156781,0.418321500557326,-0.7770587781262306,5
diagnostic_auction_transfer,1873305684,-16.63466929399726,-0.42007609811732954,0.418321500557326,-2.112093954098588,23
original,1061735198,15.31318360903317,-2.2953133044042326,0.03862527335535049,-8.301374726644212,14
diagnostic_auction_transfer,1061735198,17.890533606191244,0.2820366927516552,0.03862527335535049,1.9128008236022123,0
original,595517026,-29.25654857139319,-0.07409068919278332,0.8911963786291466,-2.2499279128604965,0
diagnostic_auction_transfer,595517026,-29.206135389647077,-0.023677507446125203,0.8911963786291466,-1.087698129766509,0
original,1158984767,-1.8145454114880633,-0.024630020027737825,0.8865842178252024,1.0765842178252418,0
diagnostic_auction_transfer,1158984767,-1.546514644013075,0.24340074744910084,0.8865842178252024,-2.5933897360561105,10
original,1138251086,-35.20945331444049,-0.08123929787305692,0.016157060367618215,1.7284147842258624,0
diagnostic_auction_transfer,1138251086,-35.45467111368504,-0.3264570971181104,0.016157060367618215,0.03115706036763477,24
original,1127796099,-19.638415880833772,-0.02175916051481355,0.5869764011328158,0.14721965723441155,2
diagnostic_auction_transfer,1127796099,-19.704309516632314,-0.08765279631394583,0.5869764011328158,-1.024902682517309,0
original,318827995,8.756975023482312,0.6519603943583903,15.3793261658831,2.805897439931755,0
diagnostic_auction_transfer,318827995,8.870079776536597,0.765065147411185,15.3793261658831,9.386036707554494,0
original,1141051719,-31.878545879671456,0.4772467745923857,22.152053992338494,21.58887064659872,0
diagnostic_auction_transfer,1141051719,-32.55242499306015,-0.19663233879462164,22.152053992338494,22.14224365162814,10
original,1613351939,0.6530441626306054,-0.34132880928563114,0.265939418628534,1.4496338292846753,20
diagnostic_auction_transfer,1613351939,0.8653505037418306,-0.12902246817441143,0.265939418628534,0.25093941862854585,11
original,220534792,-15.646073766314586,0.33866446940792777,12.907462895658568,12.192462895658545,2
diagnostic_auction_transfer,220534792,-15.995435070647343,-0.010696834923959567,12.907462895658568,12.927332637556923,0
original,1073074208,26.99627280188784,-0.2960260527169017,0.8408258458395892,-0.6241741541604715,18
diagnostic_auction_transfer,1073074208,27.232891020084242,-0.059407834522224645,0.8408258458395892,7.093325845838791,1
original,330778484,-24.75668088677452,0.03860148202943805,0.5101759157315371,3.197675915731555,1
diagnostic_auction_transfer,330778484,-25.132502123520947,-0.33721975471628246,0.5101759157315371,0.08517591573153993,21
original,1240742414,17.339157542906843,-0.037691799778186014,0.31298778404853067,-0.7665518334174559,1
diagnostic_auction_transfer,1240742414,17.30565307241231,-0.07119627027240258,0.31298778404853067,-2.174808515792122,0
original,774110574,-31.546403541158963,-3.4393879092983113,0.2705050722194784,-8.144173683462935,0
diagnostic_auction_transfer,774110574,-28.74534884317499,-0.6383332113134688,0.2705050722194784,-1.5894949277806454,0
original,1604285164,-61.14151188508687,0.17990735591198273,2.077848058383978,0.527658449814185,0
diagnostic_auction_transfer,1604285164,-61.275332642256494,0.046086598741136894,2.077848058383978,1.4379647359236016,7
original,1566735481,-75.07873203852566,-0.028358863093783587,0.5637210161369239,2.093721016136972,1
diagnostic_auction_transfer,1566735481,-75.09623668387393,-0.0458635084408143,0.5637210161369239,0.723070052464593,9
original,1639956612,21.307949568428807,-0.3470596221250216,0.5822964583049526,0.5522964583049608,26
diagnostic_auction_transfer,1639956612,21.680651687565838,0.025642497010351276,0.5822964583049526,0.5047964583050111,0
original,1924822148,13.180536578885514,0.030634578386750322,0.6974740816651632,2.174974081664725,14
diagnostic_auction_transfer,1924822148,13.301466724493272,0.15156472399490428,0.6974740816651632,10.802654370670803,0
original,1300549095,-34.82503941885445,-0.29778828423291875,4.650877561652578,5.085374349508903,17
diagnostic_auction_transfer,1300549095,-34.52836647237794,-0.0011153377561645911,4.650877561652578,4.655877561652567,0
original,1348315020,-8.145499868591532,-0.005677924656591814,0.10008354143586473,0.017583541436437145,0
diagnostic_auction_transfer,1348315020,-8.204297650135127,-0.06447570620024856,0.10008354143586473,-0.4124164585636514,4
original,2003358698,-23.51169642178092,-0.16231248416962812,14.067266186174095,14.392459016939474,7
diagnostic_auction_transfer,2003358698,-23.579061637977013,-0.22967770036614465,14.067266186174095,14.362715675185292,15
original,1349224839,-2.0338328640050856,0.24662177698384985,0.1405588160255462,3.5605588160254453,2
diagnostic_auction_transfer,1349224839,-3.0756202299720004,-0.7951655889836764,0.1405588160255462,-4.195568149290256,11
original,871728026,28.633912764718154,-0.3721983394397906,0.07049568935462958,0.047995689354601634,23
diagnostic_auction_transfer,871728026,28.97540564617782,-0.030705457979053767,0.07049568935462958,-0.7470043106452935,5
original,1389071650,-22.931280282122696,-0.03498540445116613,2.498899322075289,4.936399322075367,0
diagnostic_auction_transfer,1389071650,-22.91470220695901,-0.018407329287558748,2.498899322075289,1.8138993220756703,0
original,999997998,-7.360205742868418,0.306924784832853,20.20013144710734,19.68763144710734,0
diagnostic_auction_transfer,999997998,-7.668629420932405,-0.0014988932322503913,20.20013144710734,20.202612945667248,0
original,2033544227,-15.429222976485546,2.748726397800265,38.997539084517484,36.0100390845171,0
diagnostic_auction_transfer,2033544227,-15.89906724808688,2.2788821261978764,38.997539084517484,36.27753908451735,21
original,943372103,1.3818699588964303,6.8870177845857246,33.41393763278974,19.266548558939682,0
diagnostic_auction_transfer,943372103,-4.07927901276065,1.4258688129291857,33.41393763278974,30.89893763278995,13
original,618642649,-1.3194419339269257,1.3767421578394494,0.5736469724290458,8.159926329211775,2
diagnostic_auction_transfer,618642649,-2.0285957954143026,0.6675882963514664,0.5736469724290458,3.5686469724288967,4
original,916510938,14.740673504681844,-0.14068318327650697,7.571792605219073,7.3467926052190435,13
diagnostic_auction_transfer,916510938,15.4756559747584,0.5942992867999436,7.571792605219073,5.944292605218898,0
original,1734721462,35.147123056524556,-0.3422686652368192,0.5361597493046304,2.3836597493048295,11
diagnostic_auction_transfer,1734721462,35.346114717678766,-0.14327700408079425,0.5361597493046304,1.0186597493046925,5
original,422535859,-27.481826652650486,-0.8773082877251434,8.567262767949842,10.085342054659531,9
diagnostic_auction_transfer,422535859,-26.812469969394694,-0.20795160446878036,8.567262767949842,8.58476276794984,17
original,1050637392,19.984484696619653,0.008303609107712037,0.5595654299777664,-0.3119558722049096,1
diagnostic_auction_transfer,1050637392,19.8739618746965,-0.10221921281571966,0.5595654299777664,-4.30423448412076,11
original,163759247,25.541336852012112,-0.022876951083527653,0.21385381083931065,-0.23114618916056173,2
diagnostic_auction_transfer,163759247,25.499112290218086,-0.06510151287638791,0.21385381083931065,-0.8636461891601286,5
original,602512486,-23.225971451824197,12.058862462525411,45.08177785773373,22.631236629046217,0
diagnostic_auction_transfer,602512486,-26.079185719420487,9.205648194928049,45.08177785773373,30.014277857733724,0
original,1458770560,22.816268975521606,-0.11025779641317884,0.1429869850386467,-1.572013014961474,0
diagnostic_auction_transfer,1458770560,22.718231012360015,-0.20829575957647617,0.1429869850386467,-0.297405775082813,19
original,1976643750,-62.66629906120747,-1.0845598307234583,7.461271650952739,10.761879428568225,4
diagnostic_auction_transfer,1976643750,-61.88173923048424,-0.3000000000000011,7.461271650952739,7.461271650952746,24
