episode,pnl,objective,training_return,replay_return,potential_adjustment,market_baseline_adjustment,clob_shaping,auction_shaping,inventory_at_auction_open,terminal_inventory,auction_qty,proposal_schedule_arrival_proposed,proposal_schedule_arrival_accepted,proposal_schedule_arrival_rejected,proposal_schedule_arrival_ineligible,proposal_schedule_cancel_proposed,proposal_schedule_cancel_accepted,proposal_schedule_cancel_rejected,proposal_schedule_cancel_ineligible,proposal_buy_arrival_proposed,proposal_buy_arrival_accepted,proposal_buy_arrival_rejected,proposal_buy_arrival_ineligible,proposal_buy_cancel_proposed,proposal_buy_cancel_accepted,proposal_buy_cancel_rejected,proposal_buy_cancel_ineligible,proposal_sell_arrival_proposed,proposal_sell_arrival_accepted,proposal_sell_arrival_rejected,proposal_sell_arrival_ineligible,proposal_sell_cancel_proposed,proposal_sell_cancel_accepted,proposal_sell_cancel_rejected,proposal_sell_cancel_ineligible,loss_clob,n_grad_steps_clob,learning_rate_clob,actor_learning_rate_clob,actor_loss_clob,ent_coef_clob,grad_norm_clob,loss_auction,n_grad_steps_auction,learning_rate_auction,actor_learning_rate_auction,actor_loss_auction,ent_coef_auction,grad_norm_auction
0,-7.64410043321368,-7.653957043396262,-11.339883656249555,0.5819496742415831,0.0,11.921833330491134,-3.685926612855468,0.0,0.9928046223997029,0.9928046223996994,0.0,30.0,30.0,0.0,0.0,0.0,0.0,0.0,0.0,10.0,10.0,0.0,0.0,1.0,1.0,0.0,0.0,9.0,9.0,0.0,0.0,1.0,1.0,0.0,0.0,,,,,,,,,,,,,,
1,-5.46722964669425,-5.469872360759222,-5.4488463981488495,-13.062632275921798,1.3877787807814457e-17,-7.613785877772951,0.0,0.021025962607039917,0.6759266526088084,-0.5140733473904793,1.1899999999992659,30.0,30.0,0.0,0.0,0.0,0.0,0.0,0.0,10.0,10.0,0.0,0.0,5.0,5.0,0.0,0.0,13.0,13.0,0.0,0.0,1.0,1.0,0.0,0.0,,,,,,,,,,,,,,
2,27.533035405764167,27.04978636925973,27.049869720910795,-9.283070367293364,0.0,-36.33294008820416,0.0,8.335165079786586e-05,0.1510545631187341,-6.951611586563477,7.1026661496822,30.0,30.0,0.0,0.0,0.0,0.0,0.0,0.0,8.0,8.0,0.0,0.0,0.0,0.0,0.0,0.0,11.0,11.0,0.0,0.0,1.0,1.0,0.0,0.0,,,,,,,,,,,,,,
3,-37.22428361320323,-37.225771000565274,-38.21979709588736,0.7398145748049402,0.0,38.95961167069227,-0.9978821078202316,0.003856012500000877,0.7658320721762664,0.38566661276858183,0.38016545940769164,30.0,30.0,0.0,0.0,0.0,0.0,0.0,0.0,8.0,8.0,0.0,0.0,1.0,1.0,0.0,0.0,6.0,6.0,0.0,0.0,3.0,3.0,0.0,0.0,,,,,,,,,,,,,,
4,25.0,-75.0,-75.0,-83.94042722756598,0.0,-8.940427227565962,0.0,0.0,100.0,100.0,0.0,30.0,30.0,0.0,0.0,0.0,0.0,0.0,0.0,10.0,10.0,0.0,0.0,4.0,4.0,0.0,0.0,7.0,7.0,0.0,0.0,1.0,1.0,0.0,0.0,,,,,,,,,,,,,,
5,-44.40424999999959,-137.18930624999925,-137.13712118704947,-81.78191941884009,0.0,55.35520176820941,0.0,0.05218506294900338,100.0,96.32499999999982,3.675000000000189,30.0,30.0,0.0,0.0,0.0,0.0,0.0,0.0,3.0,3.0,0.0,0.0,3.0,2.0,0.0,1.0,11.0,11.0,0.0,0.0,3.0,3.0,0.0,0.0,,,,,,,,,,,,,,
6,-82.6727499999979,-193.2905562499983,-193.31661631113442,-140.13755382345772,0.0,53.17906248767655,0.0,-0.02606006113622215,100.0,105.17500000000018,-5.175000000000178,30.0,30.0,0.0,0.0,0.0,0.0,0.0,0.0,10.0,10.0,0.0,0.0,1.0,1.0,0.0,0.0,11.0,11.0,0.0,0.0,1.0,1.0,0.0,0.0,,,,,,,,,,,,,,
7,-15.455999999998822,-115.65609999999894,-115.65609999999884,-117.2526628863332,0.0,-1.5965628863343704,0.0,-7.111111699487083e-16,100.0,100.10000000000005,-0.10000000000005116,30.0,30.0,0.0,0.0,0.0,0.0,0.0,0.0,11.0,11.0,0.0,0.0,0.0,0.0,0.0,0.0,10.0,10.0,0.0,0.0,4.0,4.0,0.0,0.0,,,,,,,,,,,,,,
8,-9.0,-109.0,-109.0,-102.0472464617225,0.0,6.952753538277521,0.0,0.0,100.0,100.0,0.0,30.0,30.0,0.0,0.0,0.0,0.0,0.0,0.0,8.0,8.0,0.0,0.0,3.0,3.0,0.0,0.0,13.0,13.0,0.0,0.0,2.0,2.0,0.0,0.0,,,,,,,,,,,,,,
9,-14.870826230880994,-14.957676248738544,-14.925395812436255,5.360071663509642,0.0,20.285467475945904,-0.003922608797845228,0.03620304509714348,0.007371408060919293,-2.947032708633373,2.9544041166942954,30.0,30.0,0.0,0.0,0.0,0.0,0.0,0.0,9.0,9.0,0.0,0.0,2.0,2.0,0.0,0.0,9.0,9.0,0.0,0.0,2.0,2.0,0.0,0.0,,,,,,,,,,,,,,
10,28.311876076229964,27.891422280832167,27.891412335761153,14.516715383706412,0.0,-13.37469695205474,0.0,-9.94507065882469e-06,11.171740860716227,6.484240860716049,4.68750000000016,30.0,30.0,0.0,0.0,0.0,0.0,0.0,0.0,13.0,13.0,0.0,0.0,0.0,0.0,0.0,0.0,10.0,10.0,0.0,0.0,1.0,1.0,0.0,0.0,,,,,,,,,,,,,,
11,36.64574960701924,13.609818490246965,13.615227670245812,4.649234208367936,0.0,-8.965993461877881,0.0,0.005409179999999885,48.53574858565326,47.99576139282747,0.5399871928257992,30.0,30.0,0.0,0.0,0.0,0.0,0.0,0.0,9.0,9.0,0.0,0.0,0.0,0.0,0.0,0.0,3.0,3.0,0.0,0.0,1.0,1.0,0.0,0.0,,,,,,,,,,,,,,
12,27.322041680596158,27.30052593514265,27.30052593514309,-1.0007402349531593,0.0,-28.30126617009624,0.0,0.0,1.4668246471035502,1.466824647103572,0.0,30.0,30.0,0.0,0.0,0.0,0.0,0.0,0.0,10.0,10.0,0.0,0.0,2.0,2.0,0.0,0.0,11.0,11.0,0.0,0.0,2.0,2.0,0.0,0.0,,,,,,,,,,,,,,
13,10.719242987644975,10.689675525918322,10.689604988024973,0.8508426655923249,0.0,-9.838762322432652,0.0,-7.053789521090277e-05,0.5079808309691884,-1.7195191690310896,2.2275000000002763,30.0,30.0,0.0,0.0,0.0,0.0,0.0,0.0,5.0,5.0,0.0,0.0,1.0,1.0,0.0,0.0,7.0,7.0,0.0,0.0,1.0,1.0,0.0,0.0,,,,,,,,,,,,,,
14,44.63861653103959,-8.685225888993699,-8.84348480604243,-53.84323801300029,0.0,-44.999753206957855,0.0,-0.1582589170528102,54.13980609766926,73.02317606077764,-18.88336996310842,30.0,30.0,0.0,0.0,0.0,0.0,0.0,0.0,12.0,12.0,0.0,0.0,3.0,3.0,0.0,0.0,10.0,10.0,0.0,0.0,0.0,0.0,0.0,0.0,,,,,,,,,,,,,,
15,17.450276782559232,-1.6534630851430627,-1.6494574851451542,-13.135867066892343,0.0,-11.48640958174719,0.0,0.004005599999999915,44.05782523496482,43.707825234964844,0.3499999999999659,30.0,30.0,0.0,0.0,0.0,0.0,0.0,0.0,9.0,9.0,0.0,0.0,1.0,1.0,0.0,0.0,10.0,10.0,0.0,0.0,0.0,0.0,0.0,0.0,,,,,,,,,,,,,,
16,-6.665520560081859,-6.667441255830329,-7.582786243092357,14.233156848333213,0.0,21.815943091425563,-0.9153449872630404,0.0,0.43825742988217087,0.4382574298821691,0.0,30.0,30.0,0.0,0.0,0.0,0.0,0.0,0.0,7.0,7.0,0.0,0.0,2.0,2.0,0.0,0.0,7.0,7.0,0.0,0.0,1.0,1.0,0.0,0.0,,,,,,,,,,,,,,
17,-34.81111128005614,-34.811793847038494,-35.501538289070325,-17.067518502533122,0.0,18.434019786537206,-0.6927405150497634,0.002996073016844773,0.231505928337441,0.26125982897399846,-0.02975390063652949,30.0,30.0,0.0,0.0,0.0,0.0,0.0,0.0,8.0,8.0,0.0,0.0,2.0,2.0,0.0,0.0,8.0,8.0,0.0,0.0,2.0,1.0,0.0,1.0,,,,,,,,,,,,,,
18,-3.5580263870597264,-3.737015781842706,-4.212108674232983,29.577534229281845,5.551115123125783e-17,33.789642903514824,-0.4643550507088605,-0.010737841679906157,0.2500569086454192,-4.230713826093416,4.4807707347388375,30.0,30.0,0.0,0.0,0.0,0.0,0.0,0.0,9.0,9.0,0.0,0.0,1.0,1.0,0.0,0.0,9.0,9.0,0.0,0.0,1.0,1.0,0.0,0.0,,,,,,,,,,,,,,
19,41.30142884668879,41.30087771909425,41.30217862909458,10.016412624942447,-5.551115123125783e-17,-31.28576600415212,0.0,0.0013009100000002036,0.2997610688636314,0.23476106886362924,0.06499999999998707,30.0,30.0,0.0,0.0,0.0,0.0,0.0,0.0,9.0,9.0,0.0,0.0,1.0,1.0,0.0,0.0,12.0,12.0,0.0,0.0,1.0,1.0,0.0,0.0,,,,,,,,,,,,,,
20,-140.0,-240.0,-240.0,-177.16697874944893,0.0,62.83302125055106,0.0,0.0,100.0,100.0,0.0,30.0,30.0,0.0,0.0,0.0,0.0,0.0,0.0,6.0,6.0,0.0,0.0,1.0,1.0,0.0,0.0,7.0,7.0,0.0,0.0,0.0,0.0,0.0,0.0,,,,,,,,,,,,,,
21,16.423648955938916,-65.2873732586415,-65.22455389937814,-75.86748930752327,0.0,-10.642935408145132,0.0,0.06281935926317325,100.0,90.39414926563578,9.605850734364232,30.0,30.0,0.0,0.0,0.0,0.0,0.0,0.0,12.0,12.0,0.0,0.0,0.0,0.0,0.0,0.0,5.0,5.0,0.0,0.0,1.0,1.0,0.0,0.0,,,,,,,,,,,,,,
22,12.382303983755264,-92.78004083787152,-92.79809066062357,-91.52279907329404,0.0,1.275291587329526,0.0,-0.01804982275192844,100.0,102.54869322503666,-2.5486932250366587,30.0,30.0,0.0,0.0,0.0,0.0,0.0,0.0,11.0,11.0,0.0,0.0,2.0,2.0,0.0,0.0,11.0,11.0,0.0,0.0,0.0,0.0,0.0,0.0,,,,,,,,,,,,,,
23,22.565,-77.435,-77.4347254675,-52.76041203125543,0.0,24.674313436244596,0.0,0.0002745324999997503,100.0,100.0,0.0,30.0,30.0,0.0,0.0,0.0,0.0,0.0,0.0,11.0,11.0,0.0,0.0,3.0,3.0,0.0,0.0,9.0,9.0,0.0,0.0,0.0,0.0,0.0,0.0,,,,,,,,,,,,,,
24,12.278148926898211,12.275297531262805,12.113383336901734,-0.6194941624319459,0.0,-12.732877499333677,-0.1619141943616853,0.0,0.5339846098351302,0.5339846098350947,0.0,30.0,30.0,0.0,0.0,0.0,0.0,0.0,0.0,9.0,9.0,0.0,0.0,1.0,1.0,0.0,0.0,9.0,9.0,0.0,0.0,2.0,2.0,0.0,0.0,,,,,,,,,,,,,,
25,7.798134060269149,7.095608578808463,7.179570489216544,8.21603087431924,0.0,1.0364603851026941,0.0,0.08396191040816728,0.13354880889184528,-8.381679315391912,8.515228124283745,30.0,30.0,0.0,0.0,0.0,0.0,0.0,0.0,11.0,11.0,0.0,0.0,2.0,2.0,0.0,0.0,7.0,7.0,0.0,0.0,3.0,3.0,0.0,0.0,,,,,,,,,,,,,,
26,52.335241435677744,17.544662708245525,17.371279738856092,-16.311409237123513,0.0,-33.6826889759796,0.0,-0.173382969391223,49.55056015110818,58.98353899812406,-9.432978847015878,30.0,30.0,0.0,0.0,0.0,0.0,0.0,0.0,12.0,12.0,0.0,0.0,2.0,2.0,0.0,0.0,7.0,7.0,0.0,0.0,1.0,1.0,0.0,0.0,,,,,,,,,,,,,,
27,-1.5500083473639825,-3.773358077382364,-3.7705622773803644,8.834535775469382,0.0,12.605098052849739,0.0,0.0027958000000002955,15.190901146538366,14.910901146538333,0.28000000000002956,30.0,30.0,0.0,0.0,0.0,0.0,0.0,0.0,10.0,10.0,0.0,0.0,1.0,1.0,0.0,0.0,4.0,4.0,0.0,0.0,2.0,1.0,0.0,1.0,,,,,,,,,,,,,,
28,0.41619267458190734,0.40861324312320896,0.26895687507356847,4.693377986672329,0.0,4.424421111598761,-0.13965636804886117,0.0,0.8705993027046333,0.8705993027046599,0.0,30.0,30.0,0.0,0.0,0.0,0.0,0.0,0.0,8.0,8.0,0.0,0.0,0.0,0.0,0.0,0.0,10.0,10.0,0.0,0.0,2.0,2.0,0.0,0.0,,,,,,,,,,,,,,
29,25.643348532841628,25.398473590629635,25.561048755130937,9.525335634582497,0.0,-16.03571312054845,0.0,0.16257516450409695,8.131515967371584,-4.9484840326305175,13.080000000002087,30.0,30.0,0.0,0.0,0.0,0.0,0.0,0.0,9.0,9.0,0.0,0.0,1.0,1.0,0.0,0.0,10.0,10.0,0.0,0.0,2.0,2.0,0.0,0.0,,,,,,,,,,,,,,
30,27.81241744146064,27.529307729619525,27.51661204740364,4.6448715770424265,0.0,-22.871740470361203,0.0,-0.01269568221638257,0.7550999471933437,-5.320805501435988,6.075905448629321,30.0,30.0,0.0,0.0,0.0,0.0,0.0,0.0,11.0,11.0,0.0,0.0,3.0,3.0,0.0,0.0,12.0,12.0,0.0,0.0,1.0,1.0,0.0,0.0,,,,,,,,,,,,,,
31,27.41034594316625,27.40315767332255,27.403157673320575,9.114665885046131,0.0,-18.28849178827445,0.0,0.0,0.8478366495793637,0.8478366495793532,0.0,30.0,30.0,0.0,0.0,0.0,0.0,0.0,0.0,13.0,13.0,0.0,0.0,2.0,1.0,0.0,1.0,11.0,11.0,0.0,0.0,1.0,1.0,0.0,0.0,,,,,,,,,,,,,,
32,0.05697170560987433,0.056480607163780436,0.05740563216472071,3.1981788123929347,0.0,3.1407731802282135,0.0,0.000925024999999976,0.30140845461454546,0.2216074109983453,0.07980104361619662,30.0,30.0,0.0,0.0,0.0,0.0,0.0,0.0,8.0,8.0,0.0,0.0,2.0,2.0,0.0,0.0,7.0,7.0,0.0,0.0,1.0,1.0,0.0,0.0,10.730860273043314,48.0,0.00023447058520450828,0.00023447058520450828,0.30188044637907296,0.0009945689913971971,2.3820014533897242,0.2935085028409958,30.0,0.00023447058520450825,0.00023447058520450825,0.01664484990760684,0.0009966450820987423,0.42634180883566536
33,15.24842373501706,15.243889404247204,15.246134829250678,19.83140971022984,0.0,4.5852748809791715,0.0,0.002245424999999873,0.9058743958494233,0.6733743958494254,0.23249999999997684,30.0,30.0,0.0,0.0,0.0,0.0,0.0,0.0,6.0,6.0,0.0,0.0,2.0,2.0,0.0,0.0,11.0,11.0,0.0,0.0,0.0,0.0,0.0,0.0,9.644345539372141,41.0,0.00023267171427506018,0.00023267171427506018,-0.19789088947880196,0.0009921540068916794,2.519968330860138,0.3004194920261701,30.0,0.00023267171427506018,0.00023267171427506018,-0.0391674980831643,0.0009918629269426067,0.4465368241071701
34,-21.827142174210543,-49.17855313442205,-49.17855313442523,-27.154558941438303,0.0,22.02399419298693,0.0,0.0,52.29857642442239,52.29857642442241,0.0,30.0,30.0,0.0,0.0,0.0,0.0,0.0,0.0,8.0,8.0,0.0,0.0,2.0,2.0,0.0,0.0,5.0,5.0,0.0,0.0,0.0,0.0,0.0,0.0,9.070606072743734,45.0,0.00023088664438004888,0.00023088664438004888,-0.49212596946292453,0.0010063663745919864,2.6295081509484186,0.2582705800731977,30.0,0.00023088664438004886,0.00023088664438004886,-0.0861191750698102,0.0009965176888120672,0.3814235712091128
35,34.062784800371446,21.352348774032798,21.361260710148102,-7.272636475052451,0.0,-28.633897185200553,0.0,0.008911936112096203,36.83014625146027,35.65169845370434,1.1784477977559014,30.0,30.0,0.0,0.0,0.0,0.0,0.0,0.0,5.0,5.0,0.0,0.0,1.0,1.0,0.0,0.0,8.0,8.0,0.0,0.0,1.0,1.0,0.0,0.0,8.060126032940177,43.0,0.00022911526963719647,0.00022911526963719647,-0.3849445512128431,0.0010199787279287743,2.7569604224936906,0.19369087691108386,30.0,0.00022911526963719647,0.00022911526963719647,-0.09508258138472835,0.0010043133709890146,0.3961276575922966
36,18.2174121110711,17.81333863896571,17.814340613964756,3.67006974045036,-2.220446049250313e-16,-14.144270873514397,0.0,0.0010019750000000499,6.418604999361122,6.356677371908919,0.061927627452221745,30.0,30.0,0.0,0.0,0.0,0.0,0.0,0.0,5.0,5.0,0.0,0.0,0.0,0.0,0.0,0.0,10.0,10.0,0.0,0.0,1.0,1.0,0.0,0.0,8.90145511759652,36.0,0.00022735748497655967,0.00022735748497655967,-0.34081147569749093,0.0010301075849889053,2.9037023782730103,0.24859733606378237,30.0,0.00022735748497655967,0.00022735748497655967,-0.1117437611023585,0.001011765181707839,0.42743237018585206
37,18.118000433936686,18.1174357331204,18.121683413322913,10.8749985634557,0.0,-7.246684849867204,0.0,0.004247680202925338,0.597634344379486,0.2376343443795328,0.35999999999995325,30.0,30.0,0.0,0.0,0.0,0.0,0.0,0.0,10.0,10.0,0.0,0.0,1.0,1.0,0.0,0.0,8.0,8.0,0.0,0.0,0.0,0.0,0.0,0.0,8.491882941939615,44.0,0.0002256131861342975,0.0002256131861342975,-0.33145629936321214,0.0010387713475872508,2.9954367862506346,0.2006305596480767,30.0,0.0002256131861342975,0.0002256131861342975,-0.12621890157461166,0.00101910406180347,0.3729413578907649
38,-16.313994866814028,-19.470185920653517,-19.911104062700748,15.936369985476656,0.0,35.847474048177396,-0.46281023281372313,0.021892090763540133,19.653172106170047,17.765672106170058,1.8874999999999744,30.0,30.0,0.0,0.0,0.0,0.0,0.0,0.0,11.0,11.0,0.0,0.0,1.0,1.0,0.0,0.0,11.0,11.0,0.0,0.0,1.0,1.0,0.0,0.0,8.475515823106509,37.0,0.00022388226964648668,0.00022388226964648668,-0.3453815627742458,0.0010467036847478233,2.7122540441719263,0.18123490164677303,30.0,0.00022388226964648665,0.00022388226964648665,-0.11551225346823533,0.001026022166479379,0.45630213568607964
39,24.50996749101796,24.44548313139885,24.461276778241118,8.919324541439229,0.0,-15.541952236801894,0.0,0.015793646839119248,4.089377081473245,2.539377081473181,1.550000000000061,30.0,30.0,0.0,0.0,0.0,0.0,0.0,0.0,5.0,5.0,0.0,0.0,0.0,0.0,0.0,0.0,10.0,10.0,0.0,0.0,1.0,1.0,0.0,0.0,7.84938099326157,41.0,0.00022216463284298457,0.00022216463284298457,-0.2912146072925591,0.0010535870479964993,3.3604250768335855,0.2052767127752304,30.0,0.0002221646328429846,0.0002221646328429846,-0.11301757047573725,0.0010321444055686395,0.42866918494304024
40,20.85641632412262,20.748451739691014,20.775435931880644,7.172228487813154,1.7763568394002505e-15,-13.603207444067497,0.0,0.02698419218974326,0.5313334982845674,-3.2857964701363924,3.8171299684209563,30.0,30.0,0.0,0.0,0.0,0.0,0.0,0.0,15.0,15.0,0.0,0.0,2.0,2.0,0.0,0.0,10.0,10.0,0.0,0.0,1.0,1.0,0.0,0.0,7.784670019149781,45.0,0.0002204601738413398,0.0002204601738413398,-0.3570095158285565,0.001058930616515378,2.712783630688985,0.1629227230946223,30.0,0.0002204601738413398,0.0002204601738413398,-0.14315709645549457,0.0010377692990005017,0.3514505545298258
41,21.89528872928809,17.535434787315662,17.535684687315815,21.545155986714636,0.0,4.009471299398829,0.0,0.0002499000000000251,20.90464438850981,20.880263269347033,0.02438111916279232,30.0,30.0,0.0,0.0,0.0,0.0,0.0,0.0,6.0,6.0,0.0,0.0,0.0,0.0,0.0,0.0,4.0,4.0,0.0,0.0,3.0,2.0,0.0,1.0,6.727382859518362,43.0,0.00021876879154074825,0.00021876879154074825,-0.48204839056314425,0.0010647786223481213,3.030612454857937,0.2012744682530562,30.0,0.00021876879154074825,0.00021876879154074825,-0.13288070944448313,0.0010431554440098504,0.4635267217954
42,25.011744435203042,17.02932457992157,17.043106929921997,5.793194701883516,8.881784197001252e-16,-11.249912228038482,0.0,0.013782350000001177,29.280676556418484,28.253176556418346,1.0275000000001349,30.0,30.0,0.0,0.0,0.0,0.0,0.0,0.0,9.0,9.0,0.0,0.0,1.0,0.0,0.0,1.0,6.0,6.0,0.0,0.0,4.0,4.0,0.0,0.0,7.218611591002521,34.0,0.00021709038561605672,0.00021709038561605672,-0.39983226578025255,0.0010729868697714718,3.5441268226679634,0.1671800780420502,30.0,0.00021709038561605672,0.00021709038561605672,-0.13282207002242405,0.001048116770107299,0.3359987085064252
43,26.84596798110439,25.004940833181298,25.031096159228248,8.803452806178466,0.0,-16.227643353049796,-0.05934354645421536,0.0854988724999969,25.220097430230467,13.568445555490477,11.65165187474,30.0,30.0,0.0,0.0,0.0,0.0,0.0,0.0,10.0,10.0,0.0,0.0,1.0,1.0,0.0,0.0,6.0,6.0,0.0,0.0,1.0,1.0,0.0,0.0,6.34832409925239,43.0,0.00021542485651181197,0.00021542485651181197,-0.500403244828069,0.001080282625395718,3.280894548393959,0.1905191789070765,30.0,0.00021542485651181197,0.00021542485651181197,-0.16032806982596715,0.0010537291838166615,0.4178966114918391
44,-8.955503370078077,-30.23105710252426,-30.041289843967366,1.1447416218581397,0.0,31.186031465825515,0.0,0.18976725855765963,71.06793087326808,46.12543087326793,24.94250000000015,30.0,30.0,0.0,0.0,0.0,0.0,0.0,0.0,9.0,9.0,0.0,0.0,1.0,1.0,0.0,0.0,10.0,10.0,0.0,0.0,2.0,1.0,0.0,1.0,7.285626762053546,34.0,0.00021377210543635568,0.00021377210543635568,-0.4003521002390805,0.001086629755959353,3.6955222452388092,0.2058526155849298,30.0,0.00021377210543635568,0.00021377210543635568,-0.20823561201492946,0.0010604328126646578,0.4273810813824336
45,-40.96040639097919,-53.757412217624456,-53.55745105410056,-9.21827340821697,0.0,44.339177645883595,0.0,0.1999611635219519,57.63551290802818,35.77290291078607,21.86260999724209,30.0,30.0,0.0,0.0,0.0,0.0,0.0,0.0,10.0,10.0,0.0,0.0,3.0,3.0,0.0,0.0,6.0,6.0,0.0,0.0,1.0,1.0,0.0,0.0,7.828059808627979,37.0,0.00021213203435596428,0.00021213203435596428,-0.4929117367074296,0.0010934078128303627,3.4630181660523287,0.22540133694807687,30.0,0.00021213203435596425,0.00021213203435596425,-0.22970353960990905,0.001068023700887958,0.5075325757265091
46,-19.867820962250377,-54.95929479429996,-54.954792544300155,-19.50656900873431,0.0,35.44822353556586,0.0,0.004502249999999746,59.55052159146784,59.2380568824211,0.31246470904674284,30.0,30.0,0.0,0.0,0.0,0.0,0.0,0.0,14.0,14.0,0.0,0.0,1.0,1.0,0.0,0.0,9.0,9.0,0.0,0.0,1.0,1.0,0.0,0.0,7.591492263894332,38.0,0.00021050454598903415,0.00021050454598903415,-0.47539909497687693,0.0011018635123036802,3.7527227715442053,0.2941301017999649,30.0,0.00021050454598903415,0.00021050454598903415,-0.29138380438089373,0.0010773288047251602,0.5637573808431625
47,-7.930234858518816,-12.145295865225005,-12.057263737724776,0.6528590117764393,0.0,12.710122749501204,-0.1503788353601223,0.23841096285940305,35.66584645124554,20.530613743154856,15.13523270809068,30.0,30.0,0.0,0.0,0.0,0.0,0.0,0.0,12.0,12.0,0.0,0.0,4.0,4.0,0.0,0.0,9.0,9.0,0.0,0.0,1.0,1.0,0.0,0.0,7.964303371382923,41.0,0.0002088895438003116,0.0002088895438003116,-0.4540034565256863,0.0011091467998240415,3.943275472012962,0.3672937077780565,30.0,0.0002088895438003116,0.0002088895438003116,-0.3649115264415741,0.001088280521798879,0.6081998815139135
48,25.96370731483148,20.520623542327108,20.761011016326115,-11.30750687774917,0.0,-32.06851789407524,0.0,0.24038747399620103,0.18465927067119026,-23.33041742555065,23.51507669622185,30.0,30.0,0.0,0.0,0.0,0.0,0.0,0.0,9.0,9.0,0.0,0.0,3.0,2.0,0.0,1.0,9.0,9.0,0.0,0.0,1.0,1.0,0.0,0.0,7.713819221446388,38.0,0.0002072869319951664,0.0002072869319951664,-0.40322684261359665,0.0011140520494480274,4.177622152002234,0.428251879910628,30.0,0.0002072869319951664,0.0002072869319951664,-0.4116856704155604,0.0010998864308930933,0.7665803442398708
49,3.9226509296022414,3.548489649270267,3.7855728642594855,5.483138736852739,-3.552713678800501e-15,1.6975658725932552,0.0,0.2370832149878261,33.90766602152782,6.116872406156389,27.790793615371406,30.0,30.0,0.0,0.0,0.0,0.0,0.0,0.0,11.0,11.0,0.0,0.0,4.0,4.0,0.0,0.0,9.0,9.0,0.0,0.0,0.0,0.0,0.0,0.0,7.3014489499534045,41.0,0.00020569661551390986,0.00020569661551390986,-0.3981799719537177,0.0011190597518778791,4.201684791867326,0.3894205018877983,30.0,0.0002056966155139099,0.0002056966155139099,-0.4405459264914195,0.0011110246957590183,0.7192478020985921
50,43.448951856189524,41.057173628824536,41.26806402849366,-0.46039850816397115,0.0,-41.72846253665765,0.0,0.21089039966928413,0.04922854133606336,-15.465374962686777,15.514603504022865,30.0,30.0,0.0,0.0,0.0,0.0,0.0,0.0,10.0,10.0,0.0,0.0,2.0,2.0,0.0,0.0,11.0,11.0,0.0,0.0,3.0,3.0,0.0,0.0,6.90404552883572,45.0,0.00020411850002615653,0.00020411850002615653,-0.43859005487627456,0.0011247426349048812,4.225729584693909,0.40878058448433874,30.0,0.0002041185000261565,0.0002041185000261565,-0.5041772991418838,0.0011216295727839072,0.7873910665512085
51,-18.292307354518925,-18.502563012230365,-18.571031934581736,1.0442758434588526,0.0,19.615307778040567,-0.30346419530610547,0.2349952729550219,0.97963569919105,-4.585364300810127,5.565000000001181,30.0,30.0,0.0,0.0,0.0,0.0,0.0,0.0,9.0,9.0,0.0,0.0,3.0,3.0,0.0,0.0,14.0,14.0,0.0,0.0,2.0,2.0,0.0,0.0,8.251452139445714,42.0,0.0002025524919252285,0.0002025524919252285,-0.5113649510201954,0.0011308398458086664,4.909324135099139,0.2894961891074975,30.0,0.0002025524919252285,0.0002025524919252285,-0.5573778420686721,0.0011318661854602396,0.6534255901972453
52,-14.648736594486763,-15.758517013172288,-16.088599982706647,15.947911311198885,0.0,32.03651129390552,-0.5679318252309713,0.23784885569625966,15.598812220839207,10.53461161450921,5.064200606329979,30.0,30.0,0.0,0.0,0.0,0.0,0.0,0.0,6.0,6.0,0.0,0.0,0.0,0.0,0.0,0.0,10.0,10.0,0.0,0.0,3.0,2.0,0.0,1.0,7.270172462906948,43.0,0.00020099849832260343,0.00020099849832260343,-0.5259974425615266,0.0011372194885341234,4.677610103474107,0.29949853420257566,30.0,0.0002009984983226034,0.0002009984983226034,-0.5614372332890828,0.0011418249962540964,0.6453735540310542
53,40.24373841923807,34.99796168393053,35.21006226589687,-6.019816785864618,0.0,-41.229879051761536,0.0,0.2121005819665174,0.9463392984702352,-22.903660701528796,23.849999999999056,30.0,30.0,0.0,0.0,0.0,0.0,0.0,0.0,9.0,9.0,0.0,0.0,4.0,4.0,0.0,0.0,8.0,8.0,0.0,0.0,2.0,2.0,0.0,0.0,7.546443099067325,42.0,0.00019945642704240473,0.00019945642704240473,-0.6095730768782752,0.0011437680389332985,4.564299765087309,0.26268944491942725,30.0,0.00019945642704240473,0.00019945642704240473,-0.5708117077747981,0.0011511355638504027,0.6022942990064621
54,8.71973475336199,7.606779429596262,7.8338362190781545,5.794295438253328,0.0,-2.039540780824819,-0.007925343144620456,0.23498213262881779,0.5849918452246072,-10.549669775712076,11.134661620936694,30.0,30.0,0.0,0.0,0.0,0.0,0.0,0.0,9.0,9.0,0.0,0.0,2.0,2.0,0.0,0.0,8.0,8.0,0.0,0.0,1.0,0.0,0.0,1.0,7.191026475694445,45.0,0.00019792618661593412,0.00019792618661593412,-0.6625431027677324,0.001150966663327482,4.448318070835537,0.3918606773018837,30.0,0.00019792618661593412,0.00019792618661593412,-0.6217244595289231,0.0011601151782087982,0.8432837208112081
55,-0.6579988999328634,-4.346817591102374,-4.136126134390958,-3.2880479124665474,0.0,0.8480782219244123,0.0,0.2106914567098095,0.7454584915267475,-19.20629764210039,19.95175613362713,30.0,30.0,0.0,0.0,0.0,0.0,0.0,0.0,11.0,11.0,0.0,0.0,0.0,0.0,0.0,0.0,10.0,10.0,0.0,0.0,0.0,0.0,0.0,0.0,6.844552943047057,47.0,0.000196407686276246,0.000196407686276246,-0.64810156631977,0.0011587297182252749,4.758791076376083,0.41228907480835914,30.0,0.000196407686276246,0.000196407686276246,-0.6799546142419179,0.0011690722894854844,0.8687367916107178
56,17.93518137652427,12.110566736400601,12.348912838722288,-0.8463288555984244,1.7763568394002505e-15,-13.195241694320702,0.0,0.23834610232377512,1.0321552467988084,-24.134238417906765,25.166393664705566,30.0,30.0,0.0,0.0,0.0,0.0,0.0,0.0,7.0,7.0,0.0,0.0,1.0,1.0,0.0,0.0,7.0,7.0,0.0,0.0,1.0,1.0,0.0,0.0,5.967501139640808,30.0,0.0001949008359527637,0.0001949008359527637,-0.7047213266293207,0.0011651710219060382,4.610524837176005,0.42735541860262555,30.0,0.0001949008359527637,0.0001949008359527637,-0.7097399691740672,0.001177765300963074,0.9359551648298899
57,-11.21129021010347,-26.67746101983368,-26.555672985096507,8.142249068876687,0.0,34.69792205397319,-0.0917406271315997,0.2135286618671951,52.26946078328533,39.327052787782364,12.942407995502965,30.0,30.0,0.0,0.0,0.0,0.0,0.0,0.0,7.0,7.0,0.0,0.0,2.0,1.0,0.0,1.0,11.0,11.0,0.0,0.0,2.0,2.0,0.0,0.0,7.06821452185165,43.0,0.00019340554626593685,0.00019340554626593685,-0.703924450070359,0.0011710754384524947,4.450068604114444,0.2876153359810511,30.0,0.00019340554626593685,0.00019340554626593685,-0.710962422688802,0.0011861809839804967,0.7805713425079982
58,-12.60967180805892,-13.569315436833842,-13.590650718644136,-4.037687329360239,0.0,9.5529633892839,-0.12735647126919503,0.10602118945577553,0.40427997962547124,-9.796140203033653,10.200420182659096,30.0,30.0,0.0,0.0,0.0,0.0,0.0,0.0,11.0,11.0,0.0,0.0,0.0,0.0,0.0,0.0,11.0,11.0,0.0,0.0,2.0,2.0,0.0,0.0,6.9141895874686865,46.0,0.0001919217285219398,0.0001919217285219398,-0.7106849596552227,0.0011783813521185,4.336894688398941,0.3367665261030197,30.0,0.0001919217285219398,0.0001919217285219398,-0.7443092385927836,0.0011941157863475382,0.8145872304836909
59,19.25517112792113,17.84370498329184,17.98249323621735,2.347724336763323,0.0,-15.634768899454029,0.0,0.1387882529249484,0.9631688579454902,-11.880514065600401,12.843682923545874,30.0,30.0,0.0,0.0,0.0,0.0,0.0,0.0,6.0,6.0,0.0,0.0,3.0,3.0,0.0,0.0,7.0,7.0,0.0,0.0,1.0,0.0,0.0,1.0,7.271964323520661,40.0,0.00019044929470741072,0.00019044929470741072,-0.7651540771126747,0.0011858070676680655,4.5559725880622866,0.36545495986938475,30.0,0.00019044929470741072,0.00019044929470741072,-0.7567081173261007,0.0012015912254961828,0.9200654466946919
60,10.384426839624211,10.304496747350358,10.32870131736275,-11.822450942020968,0.0,-22.15115225938373,0.0,0.024204570012019245,0.7678089510284707,-2.8271910489716374,3.5950000000000983,30.0,30.0,0.0,0.0,0.0,0.0,0.0,0.0,10.0,10.0,0.0,0.0,0.0,0.0,0.0,0.0,8.0,8.0,0.0,0.0,1.0,1.0,0.0,0.0,5.915634923511082,36.0,0.00018898815748423097,0.00018898815748423097,-0.7810669110880958,0.0011920749901845637,4.191950168874529,0.24695000400145847,30.0,0.00018898815748423097,0.00018898815748423097,-0.7677552421887716,0.001208799929978947,0.8170225580533346
61,32.9359619150182,26.245785922976488,26.447862012001984,6.913210703169541,0.0,-19.53465130883244,0.0,0.20207608902478963,47.22347802126824,25.86537452278956,21.358103498478677,30.0,30.0,0.0,0.0,0.0,0.0,0.0,0.0,6.0,6.0,0.0,0.0,1.0,1.0,0.0,0.0,15.0,15.0,0.0,0.0,0.0,0.0,0.0,0.0,5.322910334752954,46.0,0.00018753823018434463,0.00018753823018434463,-0.8084305693273959,0.001199008368016423,4.393081794614377,0.32557464614510534,30.0,0.00018753823018434463,0.00018753823018434463,-0.8258091608683268,0.0012158210777367155,0.8586017886797587
62,14.445088419810418,14.087418111004649,14.238815420375532,8.623123656928453,0.0,-5.615691763447077,-0.009401867335540715,0.16079917670660823,21.470554395756466,5.980554395754368,15.490000000002098,30.0,30.0,0.0,0.0,0.0,0.0,0.0,0.0,5.0,5.0,0.0,0.0,5.0,5.0,0.0,0.0,12.0,12.0,0.0,0.0,0.0,0.0,0.0,0.0,5.72900800704956,40.0,0.0001860994268046179,0.0001860994268046179,-0.856472909450531,0.0012063972593750806,3.9995459854602813,0.33548087626695633,30.0,0.0001860994268046179,0.0001860994268046179,-0.8497286796569824,0.0012230696816307803,0.794803794225057
63,-10.013754329636868,-14.089519889794257,-14.01263124984542,-1.1037611358048813,0.0,12.908870114040546,-0.14797066701218853,0.22485930696378287,0.9474711769235427,-20.188525355155065,21.13599653207861,30.0,30.0,0.0,0.0,0.0,0.0,0.0,0.0,3.0,3.0,0.0,0.0,2.0,1.0,0.0,1.0,11.0,11.0,0.0,0.0,3.0,3.0,0.0,0.0,6.553088215264407,44.0,0.00018467166200173744,0.00018467166200173744,-0.8847590833902359,0.0012133376545865428,4.729420824484392,0.3368479410807292,30.0,0.00018467166200173744,0.00018467166200173744,-0.8841792444388071,0.001230841203747938,0.8842450986305873
64,25.74843496905669,21.924483990359157,22.105774829960726,6.93686527624531,0.0,-15.168909553715421,-2.4355271701637093e-05,0.18131519487160844,39.83880358541007,19.554925156332185,20.283878429077877,30.0,30.0,0.0,0.0,0.0,0.0,0.0,0.0,9.0,9.0,0.0,0.0,5.0,4.0,0.0,1.0,5.0,5.0,0.0,0.0,2.0,2.0,0.0,0.0,6.365759563446045,30.0,0.00018325485108714856,0.00018325485108714856,-0.8493119299411773,0.0012195449283656974,4.868552231788636,0.2613205557068189,30.0,0.00018325485108714856,0.00018325485108714856,-0.9376082638899486,0.0012383060335802536,0.7501271704832713
65,8.433935332777764,7.203667611408847,6.218105643519583,6.257842613355505,8.881784197001252e-16,0.039736969835919816,-1.2005009786602159,0.21493901077012945,2.378290876533029,-11.09174342188331,13.470034298416346,30.0,30.0,0.0,0.0,0.0,0.0,0.0,0.0,8.0,8.0,0.0,0.0,3.0,3.0,0.0,0.0,5.0,5.0,0.0,0.0,2.0,2.0,0.0,0.0,6.049658431563267,43.0,0.00018184891002203166,0.00018184891002203166,-0.8590428011361942,0.0012261223286217035,5.058322790057161,0.34704900135596595,30.0,0.00018184891002203166,0.00018184891002203166,-0.9468048950036366,0.001245628669857979,0.9693337877591451
66,19.922459990655625,19.759888437025694,19.964633942922955,6.536017433222028,-8.881784197001252e-16,-13.428616509700914,0.0,0.20474550589383733,18.964516290022132,4.03201629002082,14.932500000001294,30.0,30.0,0.0,0.0,0.0,0.0,0.0,0.0,7.0,7.0,0.0,0.0,2.0,2.0,0.0,0.0,12.0,12.0,0.0,0.0,2.0,2.0,0.0,0.0,5.796313027540843,36.0,0.00018045375541231749,0.00018045375541231749,-0.9239077948861651,0.0012333951696443062,4.946823550595178,0.3603529232243697,30.0,0.00018045375541231749,0.00018045375541231749,-0.9825248221556345,0.001252866672196736,1.0767696917057037
67,-44.110939410920764,-44.397218638110715,-45.59522921704415,3.701276235880887,0.0,49.29650545292507,-1.4283855300569144,0.23037495112055523,18.950506772167145,5.350506772166106,13.600000000001003,30.0,30.0,0.0,0.0,0.0,0.0,0.0,0.0,6.0,6.0,0.0,0.0,1.0,1.0,0.0,0.0,7.0,7.0,0.0,0.0,2.0,2.0,0.0,0.0,7.111793682310316,45.0,0.00017906930450374054,0.00017906930450374054,-0.9791587273279826,0.0012407989448143376,6.016794109344483,0.3692108064889908,30.0,0.00017906930450374052,0.00017906930450374052,-1.008226098616918,0.0012601761302600304,1.057793394724528
68,50.39893648891666,50.395992298359026,50.396394040858155,8.53181532249326,0.0,-41.86457871836489,0.0,0.00040174249999999146,0.602603958485048,0.5426039584850617,0.060000000000002274,30.0,30.0,0.0,0.0,0.0,0.0,0.0,0.0,11.0,11.0,0.0,0.0,1.0,1.0,0.0,0.0,6.0,6.0,0.0,0.0,1.0,1.0,0.0,0.0,6.364313014010166,47.0,0.00017769547517693053,0.00017769547517693053,-0.9511797732495247,0.001249693061641239,4.978422793936222,0.30875778645277024,30.0,0.0001776954751769305,0.0001776954751769305,-1.0230598707993825,0.0012672890792600811,0.8755004326502482
69,6.746234201504194,5.061812260161122,5.191821050217042,4.57786473640636,-8.881784197001252e-16,-0.6139563138106809,-0.06939328619392526,0.19940207625183393,6.148971804001192,-12.978528195997697,19.127499999998893,30.0,30.0,0.0,0.0,0.0,0.0,0.0,0.0,12.0,12.0,0.0,0.0,3.0,2.0,0.0,1.0,11.0,11.0,0.0,0.0,3.0,3.0,0.0,0.0,6.525365195491097,44.0,0.0001763321859425413,0.0001763321859425413,-1.02322588048198,0.0012577216469005427,5.19597222588279,0.27776473661263784,30.0,0.0001763321859425413,0.0001763321859425413,-1.0069939772288004,0.001274294126778841,0.9847497264544169
70,13.476390728148544,12.218508168082353,12.333390909036682,3.231358437073302,-3.552713678800501e-15,-9.102032471963378,-0.09988921174340248,0.21477195269965477,28.000329208098464,11.215536367317394,16.784792840781083,30.0,30.0,0.0,0.0,0.0,0.0,0.0,0.0,6.0,6.0,0.0,0.0,0.0,0.0,0.0,0.0,10.0,10.0,0.0,0.0,2.0,2.0,0.0,0.0,5.777596581549871,42.0,0.00017497935593641746,0.00017497935593641746,-1.0657778226193928,0.0012652951741724142,5.084745878265018,0.2876727377374967,30.0,0.00017497935593641746,0.00017497935593641746,-1.088640566666921,0.0012809688147778313,0.929625807205836
71,-24.799945551398196,-26.11209598846171,-26.163987513788506,0.6635926991206564,0.0,26.827580212909165,-0.14391398853524606,0.09202246320587024,0.3121176976496258,-11.454913518065133,11.767031215714741,30.0,30.0,0.0,0.0,0.0,0.0,0.0,0.0,7.0,7.0,0.0,0.0,3.0,3.0,0.0,0.0,5.0,5.0,0.0,0.0,0.0,0.0,0.0,0.0,6.2584083942656825,47.0,0.00017363690491479773,0.00017363690491479773,-1.1575612476531496,0.0012731364819201384,5.0524756604052605,0.27906049812833467,30.0,0.00017363690491479776,0.00017363690491479776,-1.0736689607302348,0.0012875584536232055,0.9759879380464553
72,-13.547071792751012,-13.643336687790956,-13.899508366480692,24.791842521406682,0.0,38.69135088788736,-0.46766607166323837,0.21149439296981587,7.403708099775827,3.102658457515804,4.301049642260007,30.0,30.0,0.0,0.0,0.0,0.0,0.0,0.0,6.0,6.0,0.0,0.0,2.0,2.0,0.0,0.0,13.0,13.0,0.0,0.0,1.0,1.0,0.0,0.0,6.492710175968352,42.0,0.00017230475324955523,0.00017230475324955523,-1.079005356345858,0.001280681529481496,4.710461707342239,0.3107975875337919,30.0,0.00017230475324955523,0.00017230475324955523,-1.1274054268995921,0.0012940294031674664,0.9742852052052816
73,27.0002992122445,26.761623642406924,26.962914096482812,8.2484036794241,0.0,-18.714510417058722,0.0,0.20129045408050283,14.611867120868524,-4.8854433763740985,19.497310497242633,30.0,30.0,0.0,0.0,0.0,0.0,0.0,0.0,11.0,11.0,0.0,0.0,2.0,2.0,0.0,0.0,10.0,10.0,0.0,0.0,0.0,0.0,0.0,0.0,5.76576356511367,38.0,0.0001709828219234744,0.0001709828219234744,-1.168882961335935,0.001287456969485471,5.298173295824151,0.28543288509051007,30.0,0.0001709828219234744,0.0001709828219234744,-1.1289453208446503,0.0013003173478258153,1.0233271529277166
74,-0.5289844394956162,-3.7648128365054236,-4.304994491554964,4.864528590631341,0.0,9.16952308218631,-0.7508412296323286,0.21065957458328236,0.9390915183976318,-17.988408481602278,18.927499999999913,30.0,30.0,0.0,0.0,0.0,0.0,0.0,0.0,8.0,8.0,0.0,0.0,0.0,0.0,0.0,0.0,12.0,12.0,0.0,0.0,1.0,1.0,0.0,0.0,6.0098606083128185,36.0,0.00016967103252556393,0.00016967103252556393,-1.1457935223976772,0.0012934016736431255,5.576145158873664,0.27237025400002796,30.0,0.00016967103252556393,0.00016967103252556393,-1.1864044666290283,0.0013064445500882962,0.990757139523824
75,14.62345948422626,9.549249530444815,9.781019099228633,0.02991676077965119,0.0,-9.75110233844898,0.0,0.2317695687831022,39.50600708909965,22.526007089099135,16.980000000000498,30.0,30.0,0.0,0.0,0.0,0.0,0.0,0.0,9.0,9.0,0.0,0.0,3.0,3.0,0.0,0.0,14.0,14.0,0.0,0.0,0.0,0.0,0.0,0.0,6.163326649562173,46.0,0.00016836930724640594,0.00016836930724640594,-1.2087768355141515,0.0013004342782432618,5.883164351401121,0.304598585019509,30.0,0.00016836930724640594,0.00016836930724640594,-1.1898649911085764,0.0013125944416970015,0.9712254603703817
76,-4.598409257534513,-9.483115615309277,-9.259596811600689,-15.965834505534563,0.0,-6.706237693933884,-0.01020880280526626,0.2337276065146663,26.67887180759358,22.10137180759322,4.577500000000359,30.0,30.0,0.0,0.0,0.0,0.0,0.0,0.0,9.0,9.0,0.0,0.0,1.0,1.0,0.0,0.0,13.0,13.0,0.0,0.0,0.0,0.0,0.0,0.0,5.290835025575426,45.0,0.00016707756887354052,0.00016707756887354052,-1.1546607494354248,0.0013088938210987383,4.8381468031141495,0.27466254582007726,30.0,0.00016707756887354052,0.00016707756887354052,-1.2433291057745615,0.0013187862350605428,1.0438604970773062
77,36.617710924558196,36.41295426013053,36.63313710087708,9.47858669555765,0.0,-27.154550405319434,0.0,0.22018284074635558,31.30845861747828,4.525004579308899,26.783454038169385,30.0,30.0,0.0,0.0,0.0,0.0,0.0,0.0,11.0,11.0,0.0,0.0,0.0,0.0,0.0,0.0,10.0,10.0,0.0,0.0,1.0,1.0,0.0,0.0,6.389414019700958,41.0,0.00016579574078688598,0.00016579574078688598,-1.2505150073912086,0.0013166971209390861,5.568114327221382,0.2780095820625623,30.0,0.00016579574078688598,0.00016579574078688598,-1.2210851291815439,0.0013249053076530497,1.1547317902247112
78,46.629845728572036,46.59217084339655,46.60490008339875,14.313857417437056,0.0,-32.29104266596168,0.0,0.012729240000003236,4.545474358788411,1.9410019365133078,2.604472422275064,30.0,30.0,0.0,0.0,0.0,0.0,0.0,0.0,8.0,8.0,0.0,0.0,0.0,0.0,0.0,0.0,5.0,5.0,0.0,0.0,0.0,0.0,0.0,0.0,5.67130737900734,40.0,0.00016452374695419386,0.00016452374695419386,-1.2629063472151756,0.0013235172926215455,5.095082843303681,0.33236180022358897,30.0,0.00016452374695419386,0.00016452374695419386,-1.274318273862203,0.0013310184159005681,0.9571759690841039
79,49.204278714500106,49.1683861628595,49.187237127863305,5.488203312730821,0.0,-43.69903381513249,0.0,0.018850965000000042,0.2731607888803609,-1.894532967266846,2.1676937561471767,30.0,30.0,0.0,0.0,0.0,0.0,0.0,0.0,15.0,15.0,0.0,0.0,0.0,0.0,0.0,0.0,10.0,10.0,0.0,0.0,4.0,4.0,0.0,0.0,5.036993171857751,46.0,0.00016326151192653943,0.00016326151192653943,-1.3891269149987593,0.0013309771513930805,5.269458185071531,0.2129626880089442,30.0,0.00016326151192653943,0.00016326151192653943,-1.2880607922871907,0.0013370793351593117,0.9862986266613006
80,-15.080273713218048,-15.722764723784627,-15.83302813043786,13.518471532284233,0.0,29.351499662722073,-0.23681085358441578,0.126547446932863,0.03944630379943703,-8.015553696199524,8.054999999998973,30.0,30.0,0.0,0.0,0.0,0.0,0.0,0.0,12.0,12.0,0.0,0.0,1.0,1.0,0.0,0.0,12.0,12.0,0.0,0.0,2.0,2.0,0.0,0.0,5.241703639030456,50.0,0.00016200896083384592,0.00016200896083384592,-1.2989246249198914,0.0013393990881741048,5.523098592758179,0.2561544852952162,30.0,0.00016200896083384592,0.00016200896083384592,-1.257811419169108,0.0013429479983945688,1.1270338237285613
81,7.584706781035828,7.574728481888378,7.568652257360659,5.9436574761751215,0.0,-1.6249947811855336,-0.005776284525680353,-0.00029993999999994043,0.9764143680741455,0.9989143680741295,-0.022499999999990195,30.0,30.0,0.0,0.0,0.0,0.0,0.0,0.0,9.0,9.0,0.0,0.0,2.0,2.0,0.0,0.0,6.0,6.0,0.0,0.0,1.0,1.0,0.0,0.0,5.822962798012627,45.0,0.00016076601938044396,0.00016076601938044396,-1.3949141131507026,0.0013480027775383658,5.206045866012573,0.23967442164818445,30.0,0.00016076601938044396,0.00016076601938044396,-1.3369953155517578,0.0013488317529360453,0.9010763823986053
82,38.486765422721874,37.430057876584115,37.52622715746322,-3.1482804406494087,0.0,-40.674507598112626,-0.0010719840398394354,0.097241264923613,0.5178718640333528,-10.279628135967563,10.797500000000937,30.0,30.0,0.0,0.0,0.0,0.0,0.0,0.0,11.0,11.0,0.0,0.0,1.0,1.0,0.0,0.0,6.0,6.0,0.0,0.0,5.0,5.0,0.0,0.0,5.4020543261007825,44.0,0.0001595326138406645,0.0001595326138406645,-1.4220285280184313,0.0013562189706135541,4.943098675120961,0.259344278772672,30.0,0.0001595326138406645,0.0001595326138406645,-1.3636333266894023,0.0013548354113784929,1.008693257967631
83,-15.742904456473974,-15.85977752021569,-16.181401704168476,5.01443646750253,0.0,21.19583817167099,-0.4307368664522784,0.10911268249999957,6.915010185726089,-3.4186702640312685,10.333680449757358,30.0,30.0,0.0,0.0,0.0,0.0,0.0,0.0,8.0,8.0,0.0,0.0,0.0,0.0,0.0,0.0,5.0,5.0,0.0,0.0,2.0,2.0,0.0,0.0,5.207948895387871,43.0,0.00015830867105446586,0.00015830867105446586,-1.4196200620296389,0.0013639640366268713,5.327537849892018,0.24017527426282564,30.0,0.00015830867105446586,0.00015830867105446586,-1.340761931737264,0.0013609358109533786,1.0873995165030161
84,9.429680428818756,9.42809984549944,9.656593243590105,8.415148730389262,0.0,-1.2414445132008416,-0.0031047672875246235,0.23159816537951589,14.724934493533766,-0.39756550646592537,15.122499999999697,30.0,30.0,0.0,0.0,0.0,0.0,0.0,0.0,10.0,10.0,0.0,0.0,1.0,1.0,0.0,0.0,10.0,10.0,0.0,0.0,0.0,0.0,0.0,0.0,4.987787701189518,48.0,0.000157094118423094,0.000157094118423094,-1.4684188564618428,0.0013722347672834683,5.36648478358984,0.3540174633264542,30.0,0.000157094118423094,0.000157094118423094,-1.4229855179786681,0.0013670043166105945,1.2884684105714161
85,37.72800885353354,36.791646326400375,36.97890987089367,3.9829955375008814,0.0,-32.995914333392754,0.0,0.18726354449344143,5.024233357370022,-9.676582698107634,14.700816055477668,30.0,30.0,0.0,0.0,0.0,0.0,0.0,0.0,13.0,13.0,0.0,0.0,0.0,0.0,0.0,0.0,7.0,7.0,0.0,0.0,0.0,0.0,0.0,0.0,5.308825804637029,39.0,0.0001558888839047765,0.0001558888839047765,-1.5346951912610958,0.0013801970680315907,5.501567382078904,0.31720268428325654,30.0,0.0001558888839047765,0.0001558888839047765,-1.4008841474850973,0.0013730256701819598,1.3067914843559265
86,14.969656000288524,14.723584190647374,14.853797340866938,4.668713359294541,0.0,-10.185083981572394,0.0,0.13021315022159566,15.358062565284897,4.960562565285802,10.397499999999102,30.0,30.0,0.0,0.0,0.0,0.0,0.0,0.0,9.0,9.0,0.0,0.0,1.0,1.0,0.0,0.0,14.0,14.0,0.0,0.0,1.0,1.0,0.0,0.0,5.544871794550042,38.0,0.0001546928960104493,0.0001546928960104493,-1.557708137913754,0.0013878105827117044,5.876613830265246,0.26768927921851476,30.0,0.0001546928960104493,0.0001546928960104493,-1.3634238521258035,0.001378965024681141,1.0031708975632985
87,25.657447816362037,23.58381908897509,23.82197470696988,2.041795271168422,0.0,-21.780179435801465,0.0,0.23815561799270135,34.610099747526746,14.400099747525871,20.210000000000875,30.0,30.0,0.0,0.0,0.0,0.0,0.0,0.0,6.0,6.0,0.0,0.0,0.0,0.0,0.0,0.0,9.0,9.0,0.0,0.0,1.0,1.0,0.0,0.0,4.733678989632185,43.0,0.00015350608379951624,0.00015350608379951624,-1.5556311690530111,0.0013954288266642496,4.967047890951467,0.2160573773086071,30.0,0.00015350608379951624,0.00015350608379951624,-1.424624788761139,0.0013847554645811519,0.9098054746786753
88,31.621655625927815,31.582605608562513,31.604129706065628,11.746104383092666,0.0,-19.858025322972967,0.0,0.02152409750000084,0.4988922760815768,-1.9761077239184957,2.475000000000037,30.0,30.0,0.0,0.0,0.0,0.0,0.0,0.0,10.0,10.0,0.0,0.0,0.0,0.0,0.0,0.0,10.0,10.0,0.0,0.0,3.0,3.0,0.0,0.0,5.347881596262862,41.0,0.00015232837687564123,0.00015232837687564123,-1.5794188104024747,0.001403100629586999,6.007059242667221,0.33414966364701587,30.0,0.00015232837687564123,0.00015232837687564123,-1.424724002679189,0.0013905707785549263,1.2426674902439117
89,22.86976183140723,19.90370689682962,20.139932744264698,1.986369516306667,0.0,-18.153563227958042,0.0,0.23622584743050054,36.59665576095594,17.22223834052245,19.37441742043345,30.0,30.0,0.0,0.0,0.0,0.0,0.0,0.0,7.0,7.0,0.0,0.0,1.0,1.0,0.0,0.0,11.0,11.0,0.0,0.0,3.0,3.0,0.0,0.0,5.041276127793068,43.0,0.0001511597053825727,0.0001511597053825727,-1.653850799383119,0.0014111229792497185,5.587952774624492,0.31597741693258286,30.0,0.0001511597053825727,0.0001511597053825727,-1.4561924159526825,0.0013963969851223132,1.3169132709503173
90,13.81407048989422,10.818056520981916,11.036330372930333,6.370471884299846,1.7763568394002505e-15,-4.665858488630487,0.0,0.2182738519491963,33.034523446626324,17.3089975703745,15.725525876251814,30.0,30.0,0.0,0.0,0.0,0.0,0.0,0.0,12.0,12.0,0.0,0.0,1.0,1.0,0.0,0.0,8.0,8.0,0.0,0.0,4.0,3.0,0.0,1.0,4.518092638406998,39.0,0.00015,0.00015,-1.6434135742676563,0.001418807078152895,5.363816869564546,0.292142666131258,30.0,0.00015,0.00015,-1.472705896695455,0.0014020541760449607,1.2332654903332392
91,24.234143728410345,24.19974325823034,24.09820851130373,12.039705255243087,-2.220446049250313e-16,-12.058503256060654,-0.31767948643687305,0.21614473950779325,0.09526362574059988,-1.8547363742593515,1.949999999999978,30.0,30.0,0.0,0.0,0.0,0.0,0.0,0.0,7.0,7.0,0.0,0.0,3.0,3.0,0.0,0.0,9.0,9.0,0.0,0.0,2.0,2.0,0.0,0.0,4.814000515937805,50.0,0.00014884919193944152,0.00014884919193944152,-1.6261416959762574,0.0014270866266451775,5.0928006362915035,0.3542685026923815,30.0,0.00014884919193944152,0.00014884919193944152,-1.506536328792572,0.0014077728769431512,1.3258788257837295
92,31.046724659336178,31.044871501040845,31.042591603540206,10.396712600456725,0.0,-20.645879003083476,0.0,-0.002279897499999992,0.2170245610248145,0.4304832511645841,-0.2134586901397971,30.0,30.0,0.0,0.0,0.0,0.0,0.0,0.0,10.0,10.0,0.0,0.0,3.0,3.0,0.0,0.0,11.0,11.0,0.0,0.0,0.0,0.0,0.0,0.0,4.6839537991417775,45.0,0.00014770721294016467,0.00014770721294016467,-1.668140819337633,0.0014361548884254363,5.156872974501716,0.3342783642311891,30.0,0.00014770721294016467,0.00014770721294016467,-1.5276482542355856,0.0014134623808786273,1.4052977959314983
93,-7.194010328475997,-7.205844370083879,-7.21059384008242,-7.520780771602605,0.0,-0.310186931520191,0.0,-0.004749470000000014,0.8721801155571143,1.0878438126809207,-0.21566369712381173,30.0,30.0,0.0,0.0,0.0,0.0,0.0,0.0,6.0,6.0,0.0,0.0,3.0,3.0,0.0,0.0,5.0,5.0,0.0,0.0,1.0,1.0,0.0,0.0,5.024330412640291,34.0,0.00014657399526513687,0.00014657399526513687,-1.6754249684950884,0.001443541214993114,5.532964965876411,0.30793904736638067,30.0,0.00014657399526513687,0.00014657399526513687,-1.4772706826527913,0.0014190795055280129,1.3400557855765025
94,31.97658636930653,31.96549659711776,31.96356787211665,3.963306816033259,0.0,-28.0002610560834,0.0,-0.00192872499999999,0.8755798729807367,1.0530798729807547,-0.17749999999999488,30.0,30.0,0.0,0.0,0.0,0.0,0.0,0.0,9.0,9.0,0.0,0.0,0.0,0.0,0.0,0.0,8.0,8.0,0.0,0.0,0.0,0.0,0.0,0.0,4.120853880177373,46.0,0.00014544947169700768,0.00014544947169700768,-1.706344135429548,0.001451064832508564,4.965490424114725,0.3240315740307172,30.0,0.00014544947169700768,0.00014544947169700768,-1.5366598645846048,0.0014245736412703991,1.5174915313720703
95,29.002240405332735,29.000642603537916,29.000166293538136,8.354002788366419,0.0,-20.646163505171714,0.0,-0.000476310000000031,0.34771892080328826,0.3997251299103635,-0.05200620910708416,30.0,30.0,0.0,0.0,0.0,0.0,0.0,0.0,10.0,10.0,0.0,0.0,2.0,2.0,0.0,0.0,7.0,7.0,0.0,0.0,1.0,1.0,0.0,0.0,4.84337095618248,40.0,0.00014433357553412176,0.00014433357553412176,-1.7464205890893936,0.0014592553838156165,5.275197076797485,0.25195682818690934,30.0,0.00014433357553412176,0.00014433357553412176,-1.5208449761072795,0.0014299482301188013,1.1002002318700155
96,-0.6646028298159363,-0.8165302483581455,-0.7742649733560452,-10.074819850990236,0.0,-9.300554877634195,0.0,0.042265275000002704,0.5497132107799985,-3.8977867892203797,4.447500000000385,30.0,30.0,0.0,0.0,0.0,0.0,0.0,0.0,7.0,7.0,0.0,0.0,1.0,1.0,0.0,0.0,12.0,12.0,0.0,0.0,0.0,0.0,0.0,0.0,4.746865534200901,41.0,0.00014322624058656249,0.00014322624058656249,-1.8216798683492148,0.001466977285084928,5.658529857309853,0.26896066094438237,30.0,0.00014322624058656249,0.00014322624058656249,-1.5099347412586213,0.001435404127308478,1.2615277886390686
97,15.517756276004118,15.446884020997121,15.52393042599819,6.6701260825631365,0.0,-8.853804343435057,0.0,0.07704640499999824,4.4920370821685225,-2.6621843476175107,7.154221429786043,30.0,30.0,0.0,0.0,0.0,0.0,0.0,0.0,8.0,8.0,0.0,0.0,1.0,1.0,0.0,0.0,9.0,9.0,0.0,0.0,1.0,1.0,0.0,0.0,4.410241404175759,40.0,0.00014212740117222579,0.00014212740117222579,-1.8014996528625489,0.0014749096182640642,5.167067927122116,0.3049929283559322,30.0,0.00014212740117222579,0.00014212740117222579,-1.5409735401471456,0.0014407391155449054,1.5649738947550456
98,5.047338762129584,1.1504201131174732,1.3892017822873566,2.048671340621879,-3.552713678800501e-15,0.6594695583345257,0.0,0.23878166916854343,28.783114602924215,19.740614602924882,9.042499999999329,30.0,30.0,0.0,0.0,0.0,0.0,0.0,0.0,9.0,9.0,0.0,0.0,1.0,1.0,0.0,0.0,10.0,10.0,0.0,0.0,2.0,2.0,0.0,0.0,4.18105104121756,47.0,0.00014103699211292427,0.00014103699211292427,-1.8575682284984183,0.0014827001314768767,5.361773566996797,0.26410895138978957,30.0,0.00014103699211292427,0.00014103699211292427,-1.537529170513153,0.0014459533888536195,1.1739547391732534
99,39.84463203431005,38.42679974067536,38.619297379626595,11.840918288114901,-8.881784197001252e-16,-26.778379091511678,0.0,0.19249763894908678,19.169776320110913,11.907276320110721,7.262500000000145,30.0,30.0,0.0,0.0,0.0,0.0,0.0,0.0,7.0,7.0,0.0,0.0,2.0,1.0,0.0,1.0,6.0,6.0,0.0,0.0,3.0,2.0,0.0,1.0,4.828494991945184,46.0,0.0001399549487305211,0.0001399549487305211,-1.859901249408722,0.001491489716420841,5.56876754242441,0.2241818502545357,30.0,0.0001399549487305211,0.0001399549487305211,-1.492586088180542,0.0014511942747049034,1.078719824552536
100,24.843523648558403,24.841706774503855,24.84263598950759,0.066879566856985,0.0,-24.77575642265061,0.0,0.0009292150000000115,0.5037480562473604,0.4262480562473314,0.07750000000000767,30.0,30.0,0.0,0.0,0.0,0.0,0.0,0.0,10.0,10.0,0.0,0.0,2.0,1.0,0.0,1.0,11.0,11.0,0.0,0.0,2.0,2.0,0.0,0.0,5.012541857925621,37.0,0.00013888120684309353,0.00013888120684309353,-1.8736227170841113,0.0014995124530852646,5.578139962376775,0.26624459673961004,30.0,0.00013888120684309353,0.00013888120684309353,-1.505121898651123,0.001456456398591399,1.3398598968982696
101,-3.71339627497764,-3.7195060803504876,-3.7378565249637936,-1.0481544792153308,-8.673617379884035e-19,2.6897020457484633,-0.033092344611816316,0.014741899999999185,0.619880923572012,-0.7816524402090519,1.4015333637810505,30.0,30.0,0.0,0.0,0.0,0.0,0.0,0.0,10.0,10.0,0.0,0.0,0.0,0.0,0.0,0.0,11.0,11.0,0.0,0.0,2.0,1.0,0.0,1.0,5.964536462511335,35.0,0.00013781570276112607,0.00013781570276112607,-1.9099141461508615,0.0015063774406111666,7.291920382635934,0.3388822133342425,30.0,0.00013781570276112607,0.00013781570276112607,-1.5882224758466086,0.0014616641875666878,1.5246011992295583
102,47.11403647225234,47.10859014395741,47.10884171895888,-2.8004035014496336,0.0,-49.909245220408515,0.0,0.00025157499999998566,0.7579924318669526,0.7379924318669611,0.019999999999999574,30.0,30.0,0.0,0.0,0.0,0.0,0.0,0.0,9.0,9.0,0.0,0.0,1.0,1.0,0.0,0.0,8.0,8.0,0.0,0.0,2.0,2.0,0.0,0.0,4.6992630725321565,46.0,0.00013675837328373252,0.00013675837328373252,-2.0026546302049058,0.0015141474938465526,6.101019931876141,0.2813736806313197,30.0,0.00013675837328373252,0.00013675837328373252,-1.5550626595815022,0.0014669754115554194,1.3792465905348459
103,3.5225054733055003,-3.3489493670064974,-3.109399750090052,-6.648416883627494,0.0,-3.5390171335374414,0.0,0.23954961691822996,46.7228721837925,26.213459978247812,20.509412205544713,30.0,30.0,0.0,0.0,0.0,0.0,0.0,0.0,10.0,10.0,0.0,0.0,1.0,1.0,0.0,0.0,9.0,9.0,0.0,0.0,0.0,0.0,0.0,0.0,4.532574531643889,43.0,0.0001357091556949073,0.0001357091556949073,-1.9673776183017464,0.0015225523492581276,5.609305060187052,0.35751542846361795,30.0,0.0001357091556949073,0.0001357091556949073,-1.6113402167956035,0.001472169083232681,1.5532418847084046
104,-19.055257688083657,-26.447946914616793,-26.972436428859318,-14.022458058107857,0.0,12.949978370751465,-0.7482892308050708,0.2237997165622904,25.80450022809066,27.189500228090136,-1.3849999999994829,30.0,30.0,0.0,0.0,0.0,0.0,0.0,0.0,7.0,7.0,0.0,0.0,1.0,1.0,0.0,0.0,8.0,8.0,0.0,0.0,0.0,0.0,0.0,0.0,4.631099539143698,42.0,0.0001346679877598054,0.0001346679877598054,-2.019216980252947,0.0015308672445826232,5.361208109628587,0.2762413091957569,30.0,0.0001346679877598054,0.0001346679877598054,-1.6334423899650574,0.001477458921726793,1.4714112122853598
105,27.10407540106644,27.07460655742332,27.27424174007255,3.4667364557454254,0.0,-23.807505284327128,0.0,0.19963518264975866,18.412050455388197,1.7166491675097113,16.69540128787847,30.0,30.0,0.0,0.0,0.0,0.0,0.0,0.0,9.0,9.0,0.0,0.0,2.0,2.0,0.0,0.0,6.0,6.0,0.0,0.0,1.0,1.0,0.0,0.0,5.3419583841811775,43.0,0.00013363480772105087,0.00013363480772105087,-1.9850788920424705,0.001539465711387091,5.867620856262917,0.30957662165164945,30.0,0.00013363480772105087,0.00013363480772105087,-1.5525428454081218,0.001482864550780505,1.4217895527680715
106,-16.217206076615184,-19.322382332801215,-19.33237661842782,2.650577180745544,0.0,21.982953799173362,-0.24863300127127275,0.23863871564546574,33.043792322431656,17.6215103103736,15.42228201205804,30.0,30.0,0.0,0.0,0.0,0.0,0.0,0.0,11.0,11.0,0.0,0.0,1.0,1.0,0.0,0.0,11.0,11.0,0.0,0.0,0.0,0.0,0.0,0.0,4.424904203996426,41.0,0.00013260955429507377,0.00013260955429507377,-2.009611071609869,0.0015479265059140034,5.5403577874346475,0.33808300346136094,30.0,0.00013260955429507377,0.00013260955429507377,-1.6709158420562744,0.0014880883779066305,1.608476891120275
107,8.035646115417912,8.033138651589457,7.939966500882568,6.549335432146404,0.0,-1.3906310687361647,-0.09422246570912307,0.0010503149999997914,0.5532458265880535,0.5007458265880973,0.05249999999995225,30.0,30.0,0.0,0.0,0.0,0.0,0.0,0.0,6.0,6.0,0.0,0.0,2.0,2.0,0.0,0.0,10.0,10.0,0.0,0.0,2.0,2.0,0.0,0.0,4.422940193078457,39.0,0.00013159216666847485,0.00013159216666847485,-1.9708723074350603,0.001556255547210383,5.665359295331514,0.2959100628892581,30.0,0.00013159216666847485,0.00013159216666847485,-1.6842538158098856,0.0014932555728591978,1.5117466807365418
108,21.617499340543088,21.61081152319608,21.65143036069422,7.122683648500745,0.0,-14.528746712193474,0.0,0.04061883749999671,0.8407422838373151,-0.8177907646217353,1.658533048459054,30.0,30.0,0.0,0.0,0.0,0.0,0.0,0.0,11.0,11.0,0.0,0.0,3.0,3.0,0.0,0.0,11.0,11.0,0.0,0.0,2.0,2.0,0.0,0.0,4.773259669542313,40.0,0.0001305825844944186,0.0001305825844944186,-2.0233040660619737,0.0015645146457245573,6.104708176851273,0.31174266065160433,30.0,0.0001305825844944186,0.0001305825844944186,-1.645186221599579,0.0014982593284609417,1.4700259923934937
109,21.98942597761925,16.511790017682934,16.75146633974669,-1.6938594622956789,0.0,-18.445325802042348,0.0,0.23967632206213332,46.97006293619593,23.404349937428968,23.565712998766948,30.0,30.0,0.0,0.0,0.0,0.0,0.0,0.0,7.0,7.0,0.0,0.0,1.0,1.0,0.0,0.0,11.0,11.0,0.0,0.0,0.0,0.0,0.0,0.0,4.784850171208381,40.0,0.0001295807478890537,0.0001295807478890537,-2.0656796604394914,0.0015727269201306626,5.366176551580429,0.3142890882988771,30.0,0.0001295807478890537,0.0001295807478890537,-1.6557363828023275,0.0015033051604405046,1.4443902174631755
110,-26.183947810648533,-26.184295913207,-26.491444379149513,-22.035298684960356,0.0,4.4561456941891375,-0.3003973534423494,-0.006751112500000291,0.16948398988621705,0.18657506759053377,-0.017091077704336263,30.0,30.0,0.0,0.0,0.0,0.0,0.0,0.0,5.0,5.0,0.0,0.0,6.0,5.0,0.0,1.0,3.0,3.0,0.0,0.0,2.0,2.0,0.0,0.0,4.512193202972412,35.0,0.00012858659742796092,0.00012858659742796092,-2.116882521765573,0.0015805071785247751,5.535093607221331,0.3679993741214275,30.0,0.00012858659742796092,0.00012858659742796092,-1.689036762714386,0.0015082688187249005,1.6361991544564565
111,32.78605682336274,32.1693679643467,32.25339833316013,2.6252582840492877,0.0,-29.628140049110844,0.0,0.08403036881123664,16.780453960238603,7.852953960237148,8.927500000001437,30.0,30.0,0.0,0.0,0.0,0.0,0.0,0.0,7.0,7.0,0.0,0.0,3.0,3.0,0.0,0.0,9.0,9.0,0.0,0.0,1.0,0.0,0.0,1.0,4.322493903777179,34.0,0.00012760007414262835,0.00012760007414262835,-2.1072640348883236,0.001587738111779532,5.932417827494004,0.31837066933512687,30.0,0.00012760007414262835,0.00012760007414262835,-1.695656987031301,0.0015132083324715495,1.4345545570055644
112,8.998526735704218,8.746587771080664,8.805028133228811,7.724685458644987,8.881784197001252e-16,-1.080342674583827,0.0,0.058440362143725014,12.714328389565779,5.019352195488513,7.694976194077278,30.0,30.0,0.0,0.0,0.0,0.0,0.0,0.0,6.0,6.0,0.0,0.0,0.0,0.0,0.0,0.0,8.0,8.0,0.0,0.0,3.0,2.0,0.0,1.0,4.551148761402477,44.0,0.0001266211195169537,0.0001266211195169537,-2.0766531093554064,0.0015957128039603545,6.023357651450417,0.395731075356404,30.0,0.0001266211195169537,0.0001266211195169537,-1.6635803361733754,0.001518273283727467,1.6864972809950511
113,-81.46730440591455,-81.61558497501886,-81.91864904367915,-4.967274994318486,0.0,76.95137404936065,-0.4503855544926978,0.14732148583062382,26.804278390948227,-3.850721609053455,30.655000000001703,30.0,30.0,0.0,0.0,0.0,0.0,0.0,0.0,12.0,12.0,0.0,0.0,5.0,5.0,0.0,0.0,9.0,9.0,0.0,0.0,0.0,0.0,0.0,0.0,4.795160177018907,45.0,0.00012564967548377338,0.00012564967548377338,-2.157093037499322,0.0016047926360948218,5.9403929816352,0.30880323698123296,30.0,0.00012564967548377338,0.00012564967548377338,-1.7943152944246927,0.0015234434977173805,1.4727594117323557
114,34.711849684566914,34.711803265489266,34.71117564048934,-0.5367701415376146,0.0,-35.247945782026946,0.0,-0.0006276249999999288,0.6056315475021279,0.06813154750213268,0.5375000000000121,30.0,30.0,0.0,0.0,0.0,0.0,0.0,0.0,12.0,12.0,0.0,0.0,0.0,0.0,0.0,0.0,7.0,7.0,0.0,0.0,2.0,2.0,0.0,0.0,4.7626782686282425,39.0,0.00012468568442141814,0.00012468568442141814,-2.1321073373158774,0.0016136560051773603,5.269260003016545,0.3710855590800444,30.0,0.00012468568442141814,0.00012468568442141814,-1.7276573777198792,0.0015284037411523361,1.9691733916600545
115,-9.681674372559428,-10.56531765508135,-10.66867326461795,0.11618032258770838,0.0,10.784853587205655,-0.1609336273816666,0.05757801784410041,21.018581200540652,9.400230223361136,11.61835097717953,30.0,30.0,0.0,0.0,0.0,0.0,0.0,0.0,8.0,8.0,0.0,0.0,2.0,1.0,0.0,1.0,13.0,13.0,0.0,0.0,1.0,1.0,0.0,0.0,3.800841979491405,39.0,0.00012372908915029538,0.00012372908915029538,-2.1589919664920907,0.0016218376202652087,4.871548670988816,0.36569116860628126,30.0,0.00012372908915029538,0.00012372908915029538,-1.7869448105494181,0.001533476026573529,1.8045803268750509
116,32.49908531066649,32.49786470493917,32.498191169940014,0.34103477631621454,0.0,-32.1571563936238,0.0,0.0003264649999998101,0.3668716827851739,0.3493716827851783,0.017499999999973426,30.0,30.0,0.0,0.0,0.0,0.0,0.0,0.0,8.0,8.0,0.0,0.0,1.0,1.0,0.0,0.0,9.0,9.0,0.0,0.0,1.0,1.0,0.0,0.0,4.186808057320424,39.0,0.00012277983292949724,0.00012277983292949724,-2.156116020985139,0.0016295530337792558,5.67882332435021,0.25849292377630867,30.0,0.00012277983292949724,0.00012277983292949724,-1.7779060324033102,0.0015385285951197147,1.4176206111907959
117,29.783106601727923,29.496297867966817,29.561061143525734,7.552581858306491,0.0,-22.008479285219238,0.0,0.0647632755593394,0.13144137332457717,-5.3554526770489375,5.486894050373501,30.0,30.0,0.0,0.0,0.0,0.0,0.0,0.0,10.0,10.0,0.0,0.0,3.0,2.0,0.0,1.0,7.0,7.0,0.0,0.0,4.0,2.0,0.0,2.0,4.995528273466157,41.0,0.0001218378594534353,0.0001218378594534353,-2.1346483550420623,0.0016376516617062251,6.854788361526117,0.3071151725947857,30.0,0.0001218378594534353,0.0001218378594534353,-1.7048918763796488,0.0015435997241487105,1.4909515062967935
118,36.16180127578809,36.137984035037896,36.3704437102342,8.993692983121052,0.0,-27.376750727113162,0.0,0.23245967519741315,27.174228325233756,1.5432835368199989,25.630944788413757,30.0,30.0,0.0,0.0,0.0,0.0,0.0,0.0,9.0,9.0,0.0,0.0,3.0,3.0,0.0,0.0,8.0,8.0,0.0,0.0,1.0,1.0,0.0,0.0,4.522269397247128,41.0,0.00012090311284850062,0.00012090311284850062,-2.2190288101754536,0.001646451731553165,5.998452640161282,0.31531272927920023,30.0,0.00012090311284850062,0.00012090311284850062,-1.7553021510442097,0.001548553390117983,1.6566371321678162
119,-11.368077422693226,-11.747333690568743,-11.701366038999643,5.2364152916503315,0.0,16.937781330649972,-0.008162143430183733,0.05412979500000132,0.05644915102277537,-6.158378584298938,6.214827735321722,30.0,30.0,0.0,0.0,0.0,0.0,0.0,0.0,11.0,11.0,0.0,0.0,3.0,3.0,0.0,0.0,14.0,14.0,0.0,0.0,0.0,0.0,0.0,0.0,4.118392061619532,42.0,0.00011997553766974953,0.00011997553766974953,-2.1771276337759837,0.001655067926982329,5.600253281139192,0.2917688297728697,30.0,0.00011997553766974952,0.00011997553766974952,-1.8191516598065693,0.0015533864148892461,1.6918042341868083
120,-28.806149358430048,-42.71609439793109,-43.0500311858655,-7.977341677030716,0.0,35.07268950883478,-0.56203647465275,0.22809968671879738,34.28683783298307,37.296038716599696,-3.009200883616614,30.0,30.0,0.0,0.0,0.0,0.0,0.0,0.0,9.0,9.0,0.0,0.0,1.0,1.0,0.0,0.0,8.0,8.0,0.0,0.0,1.0,1.0,0.0,0.0,4.524563261106903,51.0,0.00011905507889761497,0.00011905507889761497,-2.2228709576176664,0.0016641390519034043,5.9014114982941575,0.3039080803593,30.0,0.00011905507889761495,0.00011905507889761495,-1.650971806049347,0.0015582822534876565,1.5424189925193788
121,12.783251879123782,12.782714973343667,12.738760204860741,2.4468789317399833,1.7763568394002505e-15,-10.29188127312076,-0.047911155984706966,0.003956387499999355,0.3039376675773582,-0.23171227419232077,0.5356499417696674,30.0,30.0,0.0,0.0,0.0,0.0,0.0,0.0,7.0,7.0,0.0,0.0,0.0,0.0,0.0,0.0,10.0,10.0,0.0,0.0,0.0,0.0,0.0,0.0,3.9512321097510203,49.0,0.00011814168193464293,0.00011814168193464293,-2.2417387865027605,0.0016740404558843191,5.617648625860409,0.38219045400619506,30.0,0.00011814168193464293,0.00011814168193464293,-1.775450336933136,0.0015632902349655827,1.8680770734945933
122,-37.638097147739536,-37.64000283035657,-37.80102173386007,5.528637843371801,0.0,43.329659577231844,-0.21336101349987757,0.05234210999999911,3.7909587514289456,-0.4365412485709266,4.227499999999914,30.0,30.0,0.0,0.0,0.0,0.0,0.0,0.0,12.0,12.0,0.0,0.0,2.0,1.0,0.0,1.0,7.0,7.0,0.0,0.0,2.0,0.0,0.0,2.0,3.858035988277859,36.0,0.00011723529260225412,0.00011723529260225412,-2.2324816981951394,0.0016820730816107243,5.501436213652293,0.391316631436348,30.0,0.00011723529260225412,0.00011723529260225412,-1.7416280070940653,0.0015683706112516423,1.9394174814224243
123,27.741699335911107,27.739767034755083,27.745842849755274,1.8246377111843546,0.0,-25.921205138570922,0.0,0.006075815000000541,0.4052818752965237,-0.4395794758659829,0.8448613511624959,30.0,30.0,0.0,0.0,0.0,0.0,0.0,0.0,10.0,10.0,0.0,0.0,2.0,2.0,0.0,0.0,11.0,11.0,0.0,0.0,1.0,1.0,0.0,0.0,4.264783453296971,37.0,0.00011633585713753008,0.00011633585713753008,-2.3032857791797534,0.001688978134503437,6.234848067567155,0.3904537590841452,30.0,0.00011633585713753009,0.00011633585713753009,-1.740939474105835,0.0015732067171484233,1.8144346574942272
124,31.0519541700869,31.050706842097693,31.055675267097747,6.034136537469161,0.0,-25.021538729628585,0.0,0.004968425000000546,0.23682469095236058,-0.3531753090476357,0.5899999999999892,30.0,30.0,0.0,0.0,0.0,0.0,0.0,0.0,11.0,11.0,0.0,0.0,1.0,1.0,0.0,0.0,10.0,10.0,0.0,0.0,2.0,2.0,0.0,0.0,4.734838273790148,36.0,0.00011544332219002443,0.00011544332219002443,-2.24175097544988,0.0016960619153299679,6.19186375869645,0.34585036238034567,30.0,0.00011544332219002443,0.00011544332219002443,-1.7053640405337016,0.0015779914838882783,1.8783780654271445
125,-0.6447448364597221,-0.7082518472240655,-0.8029265489528692,15.160149530468566,0.0,15.963076079421432,-0.23541465667946682,0.14073995494965802,8.183578921129211,2.5200597366797357,5.663519184449452,30.0,30.0,0.0,0.0,0.0,0.0,0.0,0.0,10.0,10.0,0.0,0.0,0.0,0.0,0.0,0.0,12.0,12.0,0.0,0.0,0.0,0.0,0.0,0.0,4.4216066882723855,42.0,0.00011455763481859824,0.00011455763481859824,-2.3285667385373796,0.0017033311832208363,5.866119271232968,0.34102289030949273,30.0,0.00011455763481859824,0.00011455763481859824,-1.719961114724477,0.0015827858238480984,1.5023462136586507
126,11.305035352519553,6.252735283371742,6.490335647304445,-1.6979771171736386,0.0,-8.188312764478077,0.0,0.23760036393395595,43.93123849646913,22.47732205834986,21.45391643811929,30.0,30.0,0.0,0.0,0.0,0.0,0.0,0.0,9.0,9.0,0.0,0.0,2.0,2.0,0.0,0.0,6.0,6.0,0.0,0.0,0.0,0.0,0.0,0.0,4.474572598934174,38.0,0.00011367874248827986,0.00011367874248827986,-2.3150412220703926,0.0017107922559309948,5.823663880950527,0.39533426811297734,30.0,0.00011367874248827986,0.00011367874248827986,-1.7544433991114299,0.0015874830928320686,1.8417707443237306
127,-0.17679019454221997,-0.17735929138759246,-0.19353724548286103,5.4440052044581755,0.0,5.637542449941035,-0.07693744659533763,0.0607594925000039,6.686442492179864,-0.23855750781991691,6.92499999999978,30.0,30.0,0.0,0.0,0.0,0.0,0.0,0.0,10.0,10.0,0.0,0.0,1.0,1.0,0.0,0.0,9.0,9.0,0.0,0.0,0.0,0.0,0.0,0.0,3.9935692198136272,34.0,0.00011280659306714875,0.00011280659306714875,-2.2884615238975075,0.0017179576269186596,6.206801758092992,0.31010071088870367,30.0,0.00011280659306714875,0.00011280659306714875,-1.987639065583547,0.001592106589426597,1.6592930833498636
128,41.17585780990339,40.848078584227544,40.88563194938628,7.366327219145723,0.0,-33.51930473024056,0.0,0.037553365162067184,10.555200657407951,5.725200657407996,4.830000000000005,30.0,30.0,0.0,0.0,0.0,0.0,0.0,0.0,8.0,8.0,0.0,0.0,2.0,2.0,0.0,0.0,12.0,12.0,0.0,0.0,3.0,3.0,0.0,0.0,4.747710829827843,41.0,0.0001119411348232433,0.0001119411348232433,-2.3311298649485517,0.0017254944726052444,6.2939663514858335,0.33605389545361203,30.0,0.00011194113482324331,0.00011194113482324331,-1.7943559606870016,0.0015969030791893601,1.7878232340017954
129,-24.984351822071403,-24.985476432250987,-25.01439129334836,-0.7862104290363341,0.0,24.228180864312023,-0.029688593599985325,0.0007737325000000766,0.35285208059346473,0.33535208059346466,0.017500000000001847,30.0,30.0,0.0,0.0,0.0,0.0,0.0,0.0,11.0,11.0,0.0,0.0,0.0,0.0,0.0,0.0,7.0,7.0,0.0,0.0,1.0,0.0,0.0,1.0,4.275513100624084,40.0,0.00011108231642149231,0.00011108231642149231,-2.3358755886554716,0.0017340387334115804,5.831245344877243,0.33944784849882126,30.0,0.0001110823164214923,0.0001110823164214923,-1.803299077351888,0.001601561480977883,1.5839325964450837
130,18.560397901739634,17.678233816049392,17.913138116123147,4.79436636102829,1.7763568394002505e-15,-13.118771755094855,0.0,0.23490430007501295,33.98666854638394,9.392359052390624,24.594309493993322,30.0,30.0,0.0,0.0,0.0,0.0,0.0,0.0,7.0,7.0,0.0,0.0,4.0,3.0,0.0,1.0,6.0,6.0,0.0,0.0,3.0,3.0,0.0,0.0,3.5076485984027386,32.0,0.0001102300869206699,0.0001102300869206699,-2.3019923269748688,0.0017408996609447058,4.707285836338997,0.427735747396946,30.0,0.0001102300869206699,0.0001102300869206699,-1.8321575760841369,0.0016061010498863955,1.8944860219955444
131,47.81631187833773,47.80463460206714,47.818315262071216,-1.223603825802299,0.0,-49.041919087873524,0.0,0.013680660000000532,0.42188553264425366,-1.0806144673559643,1.5025000000001718,30.0,30.0,0.0,0.0,0.0,0.0,0.0,0.0,12.0,12.0,0.0,0.0,2.0,2.0,0.0,0.0,10.0,10.0,0.0,0.0,2.0,2.0,0.0,0.0,4.079524254798889,50.0,0.00010938439577037412,0.00010938439577037412,-2.358084726333618,0.0017487431154586375,5.415010414123535,0.3870277240872383,30.0,0.00010938439577037412,0.00010938439577037412,-1.7489715099334717,0.001610588274585704,1.8887461602687836
132,38.78644426559913,38.77599966618002,38.949641317455594,5.6236726510875155,0.0,-33.32596866636809,0.0,0.1736416512746049,18.249599933604983,1.0219882298300718,17.227611703774922,30.0,30.0,0.0,0.0,0.0,0.0,0.0,0.0,9.0,9.0,0.0,0.0,0.0,0.0,0.0,0.0,8.0,8.0,0.0,0.0,2.0,2.0,0.0,0.0,4.020078975903361,38.0,0.00010854519280802837,0.00010854519280802837,-2.3981785460522302,0.001757589772368144,5.871254600976643,0.33688608308633167,30.0,0.00010854519280802836,0.00010854519280802836,-1.6532213012377421,0.0016151231868813435,1.8025297284126283
133,1.3986599070412922,1.3015870373668976,1.4820285339756727,5.759434098751196,0.0,4.27740556477553,-0.050133436542637355,0.2305749331509438,26.91315193297183,3.1156519329731722,23.797499999998642,30.0,30.0,0.0,0.0,0.0,0.0,0.0,0.0,9.0,9.0,0.0,0.0,3.0,3.0,0.0,0.0,7.0,7.0,0.0,0.0,0.0,0.0,0.0,0.0,3.692307613991402,37.0,0.00010771242825590599,0.00010771242825590599,-2.370567057583783,0.0017650246941106947,5.3218792709144385,0.4357452573875586,30.0,0.00010771242825590599,0.00010771242825590599,-1.756294584274292,0.001619633617034803,2.019300719102224
134,-6.948919885526266,-10.670975929913622,-10.465421624773638,2.392901500408663,0.0,12.858323125182302,-0.0334210389062406,0.23897534404756526,39.30513083248687,19.292630832489788,20.012499999997093,30.0,30.0,0.0,0.0,0.0,0.0,0.0,0.0,4.0,4.0,0.0,0.0,2.0,2.0,0.0,0.0,9.0,9.0,0.0,0.0,0.0,0.0,0.0,0.0,4.282344234486421,48.0,0.00010688605271817784,0.00010688605271817784,-2.4019938458999,0.001773041161262275,6.200647582610448,0.3575087048113346,30.0,0.00010688605271817784,0.00010688605271817784,-1.8286569913228352,0.0016243854149555167,1.98269012371699
135,-34.77669612687532,-34.78206773478954,-35.61213821099043,-10.24719736910909,0.0,25.364940841881356,-0.8239106311988849,-0.0061598449999995,0.21722412008953995,0.7329125400906024,-0.5156884200010624,30.0,30.0,0.0,0.0,0.0,0.0,0.0,0.0,11.0,11.0,0.0,0.0,0.0,0.0,0.0,0.0,8.0,8.0,0.0,0.0,2.0,1.0,0.0,1.0,4.555310692542639,39.0,0.00010606601717798212,0.00010606601717798212,-2.3812004174941626,0.0017809031131223608,6.082595583720085,0.3936816640198231,30.0,0.00010606601717798212,0.00010606601717798212,-1.8093398650487265,0.0016290300952581068,1.8739483634630838
136,4.657729446478697,4.656467209423267,4.654462456923036,-7.895744158783033,0.0,-12.550206615706074,0.0,-0.0020047525000000646,0.2635061851336076,0.35527975673118356,-0.09177357159758133,30.0,30.0,0.0,0.0,0.0,0.0,0.0,0.0,13.0,13.0,0.0,0.0,3.0,3.0,0.0,0.0,6.0,6.0,0.0,0.0,1.0,1.0,0.0,0.0,3.80486482068112,38.0,0.00010525227299451708,0.00010525227299451708,-2.3218361578489604,0.0017878384923709458,4.721875416605096,0.31293660004933677,30.0,0.00010525227299451708,0.00010525227299451708,-1.721234095096588,0.0016336596532103916,1.682931367556254
137,19.902794072153483,19.9023116206394,19.902263028142347,-24.00895237651821,0.0,-43.91121540466056,0.0,-4.859250000002573e-05,0.10535221055440047,-0.21964778944559527,0.32499999999998863,30.0,30.0,0.0,0.0,0.0,0.0,0.0,0.0,10.0,10.0,0.0,0.0,2.0,2.0,0.0,0.0,5.0,5.0,0.0,0.0,1.0,1.0,0.0,0.0,4.555933135311778,41.0,0.00010444477190015582,0.00010444477190015582,-2.420713122298078,0.0017952158729114185,6.103257493274968,0.3625410256286462,30.0,0.00010444477190015582,0.00010444477190015582,-1.930551787217458,0.0016382085314641396,1.9108128329118093
138,34.43355259160671,34.08330114970865,34.13352713660753,7.371205613759374,0.0,-26.762321522848158,0.0,0.05022598690201496,11.062651030403416,5.918204473470502,5.144446556932945,30.0,30.0,0.0,0.0,0.0,0.0,0.0,0.0,12.0,12.0,0.0,0.0,0.0,0.0,0.0,0.0,14.0,14.0,0.0,0.0,1.0,1.0,0.0,0.0,4.365189264982175,39.0,0.0001036434659975832,0.0001036434659975832,-2.459277635965592,0.0018027818952806485,6.216716436239389,0.3775150919953982,30.0,0.0001036434659975832,0.0001036434659975832,-1.812768812974294,0.001642763416748494,1.8241826176643372
139,-2.5792701340651547,-3.0267935717856997,-3.1072445045658306,12.887469548804654,4.440892098500626e-16,15.99471405337049,-0.24996963203909672,0.1695186992567258,0.9952807404148842,-6.689719259584403,7.684999999999274,30.0,30.0,0.0,0.0,0.0,0.0,0.0,0.0,11.0,11.0,0.0,0.0,1.0,1.0,0.0,0.0,6.0,6.0,0.0,0.0,1.0,1.0,0.0,0.0,3.5211382934025357,35.0,0.00010284830775695495,0.00010284830775695495,-2.481171464920044,0.001809122446658356,5.245498936516898,0.3702815607190132,30.0,0.00010284830775695495,0.00010284830775695495,-1.7762018084526061,0.0016472839013052484,2.084629185994466
140,0.2509219033079571,0.22716216011640472,0.24556197761453225,9.110703841102074,0.0,8.865141863487544,0.0,0.018399817499991387,0.8748823959755043,1.5414195792045848,-0.66653718322909,30.0,30.0,0.0,0.0,0.0,0.0,0.0,0.0,10.0,10.0,0.0,0.0,3.0,3.0,0.0,0.0,9.0,9.0,0.0,0.0,1.0,1.0,0.0,0.0,3.7460816109434085,47.0,0.00010205925001307825,0.00010205925001307825,-2.423432999468864,0.0018162293820344704,5.164435964949588,0.343616700420777,30.0,0.00010205925001307825,0.00010205925001307825,-1.8197691162427267,0.001651792173894743,1.807646918296814
141,17.294447799109548,17.293088557658777,17.27791339984433,4.8483333144031535,2.7755575615628914e-17,-12.429580085441176,0.0,-0.015175157813342326,0.40367891867805383,0.36867891867752034,0.03500000000050463,30.0,30.0,0.0,0.0,0.0,0.0,0.0,0.0,13.0,13.0,0.0,0.0,2.0,2.0,0.0,0.0,12.0,12.0,0.0,0.0,2.0,2.0,0.0,0.0,4.663201332092285,44.0,0.00010127624596261423,0.00010127624596261423,-2.452379947358912,0.0018241506689016453,6.1206812262535095,0.3147264510393143,30.0,0.00010127624596261425,0.00010127624596261425,-1.8551027536392213,0.0016562609390045205,1.7923250476519266
142,11.611585114487752,11.610430048812526,11.61431154381261,-0.5315956261429766,0.0,-12.145907169955583,0.0,0.0038814949999999215,0.759862571523584,0.339862571523593,0.41999999999999815,30.0,30.0,0.0,0.0,0.0,0.0,0.0,0.0,13.0,13.0,0.0,0.0,2.0,2.0,0.0,0.0,10.0,10.0,0.0,0.0,2.0,2.0,0.0,0.0,4.492428962389628,30.0,0.0001004992491613017,0.0001004992491613017,-2.396250605583191,0.0018306743741656343,6.249653538068135,0.40693004926045734,30.0,0.0001004992491613017,0.0001004992491613017,-1.8434969345728556,0.001660884691712757,2.0406457503636677
143,-15.131137730110408,-15.134440492451054,-15.238480925512912,5.83697041731414,0.0,21.075451342827055,-0.11667493806103835,0.012634505000002641,0.7337239568520459,-0.5746966452524851,1.3084206021045381,30.0,30.0,0.0,0.0,0.0,0.0,0.0,0.0,10.0,10.0,0.0,0.0,1.0,1.0,0.0,0.0,10.0,10.0,0.0,0.0,0.0,0.0,0.0,0.0,4.06378083045666,39.0,9.972821352120236e-05,9.972821352120236e-05,-2.4440477261176476,0.0018369618636102248,5.910759589610955,0.46723226880033814,30.0,9.972821352120236e-05,9.972821352120236e-05,-1.8128327548503875,0.0016653572480815153,2.485973568757375
144,37.37920712897903,37.36519127427234,37.37684799927355,2.58962763122139,3.552713678800501e-15,-34.78722036805216,0.0,0.011656724999999002,0.14851197435068286,-1.183885750682607,1.332397725033261,30.0,30.0,0.0,0.0,0.0,0.0,0.0,0.0,9.0,9.0,0.0,0.0,1.0,1.0,0.0,0.0,10.0,10.0,0.0,0.0,0.0,0.0,0.0,0.0,3.9516243934631348,32.0,9.896309330796706e-05,9.896309330796706e-05,-2.3951535820961,0.0018435623969708104,5.299509435892105,0.44754950851202013,30.0,9.896309330796706e-05,9.896309330796706e-05,-1.7720728675524393,0.001669759148110946,2.214719162384669
145,3.4883961506784544,3.4797573107677957,2.480357739458555,14.887095292979495,0.0,12.406737553520946,-1.1589166666823871,0.1595170953720709,13.565546401875721,-0.9294535981241268,14.494999999999859,30.0,30.0,0.0,0.0,0.0,0.0,0.0,0.0,7.0,7.0,0.0,0.0,1.0,1.0,0.0,0.0,12.0,12.0,0.0,0.0,1.0,1.0,0.0,0.0,3.541786597834693,36.0,9.8203843138123e-05,9.8203843138123e-05,-2.373919520113203,0.0018502842576708645,5.127369198534224,0.4306756921112537,30.0,9.8203843138123e-05,9.8203843138123e-05,-1.8783144394556681,0.0016741749946959316,2.255610547463099
146,-7.444360352787044,-9.275100130113001,-9.099140593608489,4.403753798746447,0.0,13.502894392354934,-0.05875013214640035,0.23470966864765339,33.16746215370817,13.530483277865422,19.636978875842722,30.0,30.0,0.0,0.0,0.0,0.0,0.0,0.0,15.0,15.0,0.0,0.0,1.0,1.0,0.0,0.0,13.0,13.0,0.0,0.0,1.0,1.0,0.0,0.0,4.375023552349636,35.0,9.745041797638186e-05,9.745041797638186e-05,-2.4515475954328263,0.0018568364404407994,5.8440785578319,0.3016323998570442,30.0,9.745041797638186e-05,9.745041797638186e-05,-1.8687368154525756,0.0016786096501164138,1.700216825803121
147,21.623379047250637,21.54230546822622,21.551043970728077,6.318014373693205,0.0,-15.233029597034873,0.0,0.008738502500000023,3.57976115176551,2.847342252424459,0.7324188993410498,30.0,30.0,0.0,0.0,0.0,0.0,0.0,0.0,11.0,11.0,0.0,0.0,1.0,1.0,0.0,0.0,1.0,1.0,0.0,0.0,1.0,0.0,0.0,1.0,3.7143030030386788,35.0,9.670277313296842e-05,9.670277313296842e-05,-2.4626784801483153,0.0018628974944087011,4.959023843492781,0.32189013560612995,30.0,9.670277313296842e-05,9.670277313296842e-05,-1.8178797523180643,0.0016829318987826507,1.8011621991793314
148,-12.17297096622725,-12.17332768287311,-12.166929602875744,1.0700552187643895,0.0,13.236984821640135,0.0,0.006398079999999864,0.45113056206471924,-0.18886943793527067,0.6399999999999864,30.0,30.0,0.0,0.0,0.0,0.0,0.0,0.0,4.0,4.0,0.0,0.0,4.0,4.0,0.0,0.0,9.0,9.0,0.0,0.0,1.0,1.0,0.0,0.0,4.151456668972969,32.0,9.596086426096992e-05,9.596086426096992e-05,-2.4146964997053146,0.0018686759904085193,5.238897413015366,0.37691006685296696,30.0,9.596086426096992e-05,9.596086426096992e-05,-1.8422414342562357,0.001687289207863311,2.1389242112636566
149,21.645671900183515,21.559509603786665,21.536530263209908,1.9000993855207249,0.0,-19.636430877689186,-0.00679230307588341,-0.01618703749999984,0.5778414860431553,2.935341486042974,-2.35749999999981,30.0,30.0,0.0,0.0,0.0,0.0,0.0,0.0,12.0,12.0,0.0,0.0,1.0,1.0,0.0,0.0,8.0,8.0,0.0,0.0,1.0,1.0,0.0,0.0,4.048488849943334,44.0,9.522464735370536e-05,9.522464735370536e-05,-2.4287267218936575,0.0018754038584037598,5.630811983888799,0.44552403390407563,30.0,9.522464735370536e-05,9.522464735370536e-05,-1.8362170100212096,0.0016916729121779401,2.3386217375596363
150,28.98350178439796,24.671461563985744,24.45843062122399,10.044233486540723,0.0,-14.414197134683274,-0.41702931344935124,0.20399837069023277,28.135452608629492,20.765452608629104,7.370000000000413,30.0,30.0,0.0,0.0,0.0,0.0,0.0,0.0,6.0,6.0,0.0,0.0,1.0,1.0,0.0,0.0,6.0,6.0,0.0,0.0,1.0,1.0,0.0,0.0,4.645564021004571,45.0,9.44940787421155e-05,9.44940787421155e-05,-2.494901254442003,0.0018832157417717906,6.582551717758179,0.27851565678914386,30.0,9.449407874211548e-05,9.449407874211548e-05,-1.8300657192866008,0.0016961708082817496,1.6252122342586517
151,28.502150956966943,26.72484338876199,26.7060412943525,7.912375155209576,0.0,-18.79366613914291,0.0,-0.0188020944075529,18.30555713332936,13.33156993082568,4.973987202503664,30.0,30.0,0.0,0.0,0.0,0.0,0.0,0.0,13.0,13.0,0.0,0.0,4.0,4.0,0.0,0.0,5.0,5.0,0.0,0.0,0.0,0.0,0.0,0.0,3.6611520846684775,51.0,9.376911509217231e-05,9.376911509217231e-05,-2.507452698314891,0.0018917305449790815,5.082207815319884,0.3992150381207466,30.0,9.376911509217231e-05,9.376911509217231e-05,-1.8254693468411765,0.0017005993441368142,1.8698869943618774
152,-38.90591690238398,-41.89457520582259,-43.28509029666363,-22.052836788044935,0.0,21.23225350861868,-1.589272387732397,0.19875729688983992,37.08942759973848,17.287736414691814,19.80169118504665,30.0,30.0,0.0,0.0,0.0,0.0,0.0,0.0,10.0,10.0,0.0,0.0,1.0,1.0,0.0,0.0,7.0,7.0,0.0,0.0,1.0,1.0,0.0,0.0,4.4311855634053545,39.0,9.304971340230894e-05,9.304971340230894e-05,-2.465781804842827,0.0018994465637474488,6.766483606436314,0.4373439935346444,30.0,9.304971340230894e-05,9.304971340230894e-05,-1.9541955272356668,0.0017050229012966155,2.273832547664642
153,8.065769686500062,8.063878693089054,7.6983361152451195,8.061443905722925,1.7832957333041577e-15,0.3631077904777992,-0.37780125034356615,0.012258672500001401,0.022072014848518506,-0.4348555404968759,0.45692755534540686,30.0,30.0,0.0,0.0,0.0,0.0,0.0,0.0,10.0,10.0,0.0,0.0,6.0,6.0,0.0,0.0,11.0,11.0,0.0,0.0,4.0,2.0,0.0,2.0,4.379821940166194,41.0,9.233583100086872e-05,9.233583100086872e-05,-2.5433804349201483,0.0019064248119276472,6.572905264249662,0.4897236617902915,30.0,9.233583100086872e-05,9.233583100086872e-05,-1.7651783665021261,0.0017094293298820654,2.227813132603963
154,47.23692405403199,47.010233845377954,47.155303099187364,9.997600721689354,0.0,-37.15770237749802,0.0,0.14506925380932933,20.23369951959613,4.761199519596218,15.4724999999999,30.0,30.0,0.0,0.0,0.0,0.0,0.0,0.0,11.0,11.0,0.0,0.0,2.0,2.0,0.0,0.0,8.0,8.0,0.0,0.0,1.0,1.0,0.0,0.0,4.428643079691155,43.0,9.162742554357426e-05,9.162742554357426e-05,-2.5713188481885334,0.0019134306646666902,6.196753535159798,0.45994818260272347,30.0,9.162742554357428e-05,9.162742554357428e-05,-1.7651478489240011,0.0017137299718645712,2.3408677617708844
155,41.953084427652776,41.95248411877933,41.953914258134205,1.8497661643885843,0.0,-40.10414809374562,-0.011870968142929428,0.013301107500002383,0.6647441324039391,-0.24501201469349954,0.9097561470974338,30.0,30.0,0.0,0.0,0.0,0.0,0.0,0.0,10.0,10.0,0.0,0.0,1.0,1.0,0.0,0.0,11.0,11.0,0.0,0.0,3.0,3.0,0.0,0.0,3.7485414641968746,47.0,9.092445501101583e-05,9.092445501101583e-05,-2.4892727618521833,0.0019216011104946757,5.20802368001735,0.43078493177890775,30.0,9.092445501101583e-05,9.092445501101583e-05,-1.7908999959627787,0.001718111743684858,2.186039308706919
156,-2.9990078300870664,-3.3617907778094405,-3.5506136868925187,3.6400395024284533,0.0,7.190653189320968,-0.2402462590814025,0.051423350000006585,0.430129760020165,-6.02314658399058,6.453276344010763,30.0,30.0,0.0,0.0,0.0,0.0,0.0,0.0,12.0,12.0,0.0,0.0,1.0,1.0,0.0,0.0,12.0,12.0,0.0,0.0,1.0,1.0,0.0,0.0,3.9509554704030356,42.0,9.022687770615874e-05,9.022687770615874e-05,-2.5063521010535106,0.0019296107403490516,5.973551494734628,0.48148177911837897,30.0,9.022687770615874e-05,9.022687770615874e-05,-1.8382323026657104,0.0017224334451990822,2.5203884581724805
157,-30.282135867539182,-30.77540838087702,-31.004720495400537,-6.462164612067058,0.0,24.542555883333474,-0.2817162195184437,0.05240410500000272,0.49415557021393397,-7.023336196835796,7.517491767049769,30.0,30.0,0.0,0.0,0.0,0.0,0.0,0.0,9.0,9.0,0.0,0.0,1.0,1.0,0.0,0.0,11.0,11.0,0.0,0.0,1.0,1.0,0.0,0.0,4.295128998549088,46.0,8.953465225187027e-05,8.953465225187027e-05,-2.4971776941548223,0.0019373358024851136,6.137359541395436,0.5667057864367961,30.0,8.953465225187026e-05,8.953465225187026e-05,-1.8258816599845886,0.0017267390775183836,2.580332597096761
158,31.44859284434642,31.307196461786695,31.355336161786205,10.909740612729488,0.0,-20.445595549056716,0.0,0.048139700000004476,0.4497289650920777,-3.76027103490863,4.2100000000007185,30.0,30.0,0.0,0.0,0.0,0.0,0.0,0.0,10.0,10.0,0.0,0.0,0.0,0.0,0.0,0.0,11.0,11.0,0.0,0.0,1.0,1.0,0.0,0.0,3.918269492210226,47.0,8.884773758846527e-05,8.884773758846527e-05,-2.4891403228678604,0.0019450414965444423,5.566452766986603,0.33583256701628367,30.0,8.884773758846525e-05,8.884773758846525e-05,-1.653687051932017,0.0017310503016536435,1.996296775341034
159,-2.3768929506343266,-2.390143022436341,-2.590734150884768,7.773109501729337,5.551115123125783e-17,10.3638436526141,-0.268328255946642,0.06773712749999723,5.896089562198043,1.1510895621981039,4.744999999999941,30.0,30.0,0.0,0.0,0.0,0.0,0.0,0.0,6.0,6.0,0.0,0.0,2.0,2.0,0.0,0.0,11.0,11.0,0.0,0.0,0.0,0.0,0.0,0.0,3.9577903722194914,47.0,8.816609297127065e-05,8.816609297127065e-05,-2.522880275198754,0.0019524901773423909,5.409883600600223,0.45471804216504097,30.0,8.816609297127065e-05,8.816609297127065e-05,-1.7481862942377726,0.0017353892015914121,2.4277840197086333
160,34.184870032528124,33.86950536121928,33.34448264372836,1.1496470585406307,0.0,-32.19483558518774,-0.5375369403691934,0.01251422287723063,6.208233890676439,5.615733890675749,0.5925000000007046,30.0,30.0,0.0,0.0,0.0,0.0,0.0,0.0,6.0,6.0,0.0,0.0,1.0,1.0,0.0,0.0,10.0,10.0,0.0,0.0,2.0,2.0,0.0,0.0,4.0008682906627655,48.0,8.748967796820874e-05,8.748967796820874e-05,-2.4833852648735046,0.0019598638803775734,5.948111032446225,0.49710810631513597,30.0,8.748967796820874e-05,8.748967796820874e-05,-1.7368010719617208,0.0017395786320169766,2.4779355545838673
161,7.681995926075222,4.857815364978051,4.941480524973871,-3.775228850712101,0.0,-8.716709375685976,0.0,0.08366516000000272,22.630254462746265,16.8052984534556,5.824956009290689,30.0,30.0,0.0,0.0,0.0,0.0,0.0,0.0,12.0,12.0,0.0,0.0,1.0,1.0,0.0,0.0,9.0,9.0,0.0,0.0,2.0,2.0,0.0,0.0,3.1923135730955337,45.0,8.681845245739884e-05,8.681845245739884e-05,-2.5274854130215116,0.0019669099969582427,4.768830834494697,0.4187107632557551,30.0,8.681845245739885e-05,8.681845245739885e-05,-1.7410210847854615,0.0017437869838128487,2.1025424043337506
162,-0.20304923143233464,-0.20942946581076907,-0.627033897452647,3.322250318384643,-3.552713678800501e-15,3.949284215837293,-0.4330230366442436,0.015418605000000005,0.5237363066313634,-0.7987636933683468,1.3224999999997245,30.0,30.0,0.0,0.0,0.0,0.0,0.0,0.0,13.0,13.0,0.0,0.0,2.0,2.0,0.0,0.0,9.0,9.0,0.0,0.0,0.0,0.0,0.0,0.0,3.8030448130198886,42.0,8.615237662477761e-05,8.615237662477761e-05,-2.431013368424915,0.0019733939663551395,5.690957608677092,0.4548863470554352,30.0,8.615237662477761e-05,8.615237662477761e-05,-1.857352872689565,0.0017478540539741516,2.256398248672485
163,14.179725803975089,14.17512569956731,14.174276407069314,0.8143852652228305,0.0,-13.359891141846484,0.0,-0.0008492924999998664,0.7582406953124234,0.6782406953123647,0.08000000000002672,30.0,30.0,0.0,0.0,0.0,0.0,0.0,0.0,8.0,8.0,0.0,0.0,2.0,2.0,0.0,0.0,5.0,5.0,0.0,0.0,2.0,2.0,0.0,0.0,3.821654854818832,43.0,8.54914109617372e-05,8.54914109617372e-05,-2.5256088888922403,0.00197993746828721,5.454781127530475,0.3289890502889951,30.0,8.54914109617372e-05,8.54914109617372e-05,-1.7568896373112997,0.0017519956726270416,1.8106919864813487
164,15.53391222137543,15.533785602569017,15.543281523381706,8.356727944998775,1.7694179454963432e-15,-7.186553578382931,-0.00281294168939894,0.012308862500000324,0.8074749777098305,-0.11252502229012862,0.9199999999999413,30.0,30.0,0.0,0.0,0.0,0.0,0.0,0.0,7.0,7.0,0.0,0.0,0.0,0.0,0.0,0.0,6.0,6.0,0.0,0.0,1.0,1.0,0.0,0.0,3.8201092850594294,42.0,8.483551626278196e-05,8.483551626278196e-05,-2.5125841356459118,0.0019861628035349505,5.803213170596531,0.36001185749967896,30.0,8.483551626278196e-05,8.483551626278196e-05,-1.8131590723991393,0.0017561434651724994,2.0530086417992908
165,25.58472052121033,23.86870394339869,24.06427950228796,7.824497623005651,0.0,-16.239781879282308,-0.01799822951905128,0.21357378840641023,26.777181590830992,13.099681590831281,13.67749999999971,30.0,30.0,0.0,0.0,0.0,0.0,0.0,0.0,8.0,8.0,0.0,0.0,2.0,2.0,0.0,0.0,15.0,15.0,0.0,0.0,1.0,1.0,0.0,0.0,3.708521291613579,40.0,8.418465362320297e-05,8.418465362320297e-05,-2.453672868013382,0.0019920487597119064,6.078604650497437,0.33801862473289174,30.0,8.418465362320297e-05,8.418465362320297e-05,-1.7222380638122559,0.0017602727243987222,1.8108324448267619
166,1.055403315471369,0.7648114250935784,0.7560504061887974,5.009384560982754,0.0,4.253334154793954,-0.060203233904559283,0.05144221499999204,0.04934242992734994,-5.390657570072417,5.439999999999785,30.0,30.0,0.0,0.0,0.0,0.0,0.0,0.0,10.0,10.0,0.0,0.0,2.0,2.0,0.0,0.0,14.0,14.0,0.0,0.0,1.0,1.0,0.0,0.0,3.4719316985872055,45.0,8.353878443677026e-05,8.353878443677026e-05,-2.5260869767930774,0.0019981201945079696,5.478807438744439,0.38658919284741083,30.0,8.353878443677026e-05,8.353878443677026e-05,-1.8753921786944072,0.001764255886276563,2.215042944749196
167,9.98251502371204,9.952914506696603,9.971045471697925,11.710349070942355,0.0,1.739303599244435,0.0,0.018130965000000145,0.0007537421431607072,-1.7204800787988308,1.7212338209419862,30.0,30.0,0.0,0.0,0.0,0.0,0.0,0.0,11.0,11.0,0.0,0.0,1.0,1.0,0.0,0.0,4.0,4.0,0.0,0.0,3.0,2.0,0.0,1.0,3.7446990324103315,46.0,8.289787039344298e-05,8.289787039344298e-05,-2.4717427181160967,0.0020045246675853496,5.908993617348049,0.4457745219270388,30.0,8.289787039344298e-05,8.289787039344298e-05,-1.7868020375569662,0.0017680752285135289,2.2991577784220376
168,9.95756441460253,9.194010882113652,9.238671324030104,5.543871239771593,0.0,-3.694800084258512,0.0,0.04466044191607073,13.880655025455141,8.738155025455194,5.142499999999924,30.0,30.0,0.0,0.0,0.0,0.0,0.0,0.0,10.0,10.0,0.0,0.0,3.0,3.0,0.0,0.0,7.0,7.0,0.0,0.0,0.0,0.0,0.0,0.0,3.8453097782636942,38.0,8.226187347709693e-05,8.226187347709693e-05,-2.5188640983481156,0.002010603606896965,5.86347834687484,0.372593812396129,30.0,8.226187347709693e-05,8.226187347709693e-05,-1.76463885307312,0.0017717140881965557,1.8464105208714803
169,35.96941721091389,35.31891008540497,35.42043280109638,10.492108866745934,0.0,-24.92832393435046,0.0,0.10152271569384633,0.18224940087586106,-8.065402193994538,8.247651594870389,30.0,30.0,0.0,0.0,0.0,0.0,0.0,0.0,10.0,10.0,0.0,0.0,0.0,0.0,0.0,0.0,8.0,8.0,0.0,0.0,0.0,0.0,0.0,0.0,4.075633704662323,40.0,8.163075596326971e-05,8.163075596326971e-05,-2.5566477835178376,0.0020164498302619903,6.210642904043198,0.3495427829523881,30.0,8.163075596326971e-05,8.163075596326971e-05,-1.808581781387329,0.001775636919774115,1.985289567708969
170,-17.439466759575385,-20.79901464184597,-23.223367954274543,-9.955814252078131,7.105427357601002e-15,13.267553702196413,-2.432290112430905,0.007936800000000674,19.12906948612128,18.32906948612119,0.8000000000000682,30.0,30.0,0.0,0.0,0.0,0.0,0.0,0.0,10.0,10.0,0.0,0.0,2.0,1.0,0.0,1.0,15.0,15.0,0.0,0.0,0.0,0.0,0.0,0.0,2.9423546238643365,41.0,8.100448041692296e-05,8.100448041692296e-05,-2.54961738935331,0.0020223334034132523,4.467317395093964,0.4550416832168897,30.0,8.100448041692296e-05,8.100448041692296e-05,-1.8317353049914042,0.0017795103136450051,2.3312695344289143
171,-40.801272234369215,-48.193030518788916,-48.883575203642295,-14.939902466288405,0.0,33.94367273735388,-0.7523426073544357,0.061797922500001976,33.736315861959014,27.18778822269238,6.548527639266633,30.0,30.0,0.0,0.0,0.0,0.0,0.0,0.0,11.0,11.0,0.0,0.0,4.0,3.0,0.0,1.0,6.0,6.0,0.0,0.0,2.0,1.0,0.0,1.0,4.324983828946164,38.0,8.038300969022198e-05,8.038300969022198e-05,-2.5590471970407584,0.0020279249997417394,6.68459331361871,0.4089780755341053,30.0,8.038300969022198e-05,8.038300969022198e-05,-1.837204066912333,0.001783343928400427,2.1767220318317415
172,-13.578640482377523,-13.714680337976342,-13.674314075238435,10.190489230041369,0.0,23.86480330527979,-0.049154008959476414,0.0895202716959405,21.55085811166377,3.6883581116645843,17.862499999999184,30.0,30.0,0.0,0.0,0.0,0.0,0.0,0.0,6.0,6.0,0.0,0.0,1.0,1.0,0.0,0.0,7.0,7.0,0.0,0.0,1.0,1.0,0.0,0.0,4.034766850017366,42.0,7.976630692033226e-05,7.976630692033226e-05,-2.5272621994926814,0.0020337103356030724,6.377469653174991,0.3728603338201841,30.0,7.976630692033226e-05,7.976630692033226e-05,-1.712042518456777,0.0017870377749204635,2.061680567264557
173,25.064855557215196,24.68512079707801,24.83303807294717,6.411189208576365,0.0,-18.421848864370798,-0.07489363751557221,0.22281091338228706,19.39070038006973,6.162262248048089,13.228438132021607,30.0,30.0,0.0,0.0,0.0,0.0,0.0,0.0,12.0,12.0,0.0,0.0,0.0,0.0,0.0,0.0,16.0,16.0,0.0,0.0,2.0,2.0,0.0,0.0,3.9885258064713587,43.0,7.915433552723293e-05,7.915433552723293e-05,-2.5420045076414595,0.002039769962213414,6.154750790706901,0.5179356878002485,30.0,7.915433552723293e-05,7.915433552723293e-05,-1.7630682826042174,0.0017908093674729268,2.602841232220332
174,24.618798372146557,21.185901510374144,21.257613366680996,7.615058393835424,8.881784197001252e-16,-13.642554972845582,0.0,0.07171185630910779,27.99177369112951,18.52807831852082,9.463695372608697,30.0,30.0,0.0,0.0,0.0,0.0,0.0,0.0,14.0,14.0,0.0,0.0,3.0,3.0,0.0,0.0,9.0,9.0,0.0,0.0,1.0,1.0,0.0,0.0,3.625031886001428,48.0,7.8547059211547e-05,7.8547059211547e-05,-2.5606269538402557,0.002046112897611844,5.581099872787793,0.38377039805054664,30.0,7.8547059211547e-05,7.8547059211547e-05,-1.8366312980651855,0.0017947146319784225,2.257654090722402
175,2.4521211574382615,2.430856944924156,2.356083776655331,6.7864183755519125,0.0,4.430334598896581,-0.08329906577182555,0.008525897500001628,0.4317746225602406,-1.4582253774401757,1.8900000000004056,30.0,30.0,0.0,0.0,0.0,0.0,0.0,0.0,12.0,12.0,0.0,0.0,1.0,1.0,0.0,0.0,5.0,5.0,0.0,0.0,0.0,0.0,0.0,0.0,3.7526736687391233,39.0,7.794444195238824e-05,7.794444195238824e-05,-2.508631076568212,0.002052255834524448,6.047874738008548,0.3124858150879542,30.0,7.794444195238824e-05,7.794444195238824e-05,-1.7391526420911154,0.00179852843672658,1.8689930776755015
176,14.733237273072518,14.725707881454015,14.37458968278382,13.774165912922008,0.0,-0.6004237698618071,-0.37769388080016597,0.026575682128144096,6.165220670407493,0.8677206704062463,5.297500000001246,30.0,30.0,0.0,0.0,0.0,0.0,0.0,0.0,10.0,10.0,0.0,0.0,1.0,1.0,0.0,0.0,8.0,8.0,0.0,0.0,1.0,0.0,0.0,1.0,3.7642451326052346,42.0,7.734644800522465e-05,7.734644800522465e-05,-2.539040031887236,0.002058028759035681,5.464914583024525,0.4857107542455196,30.0,7.734644800522465e-05,7.734644800522465e-05,-1.907031786441803,0.0018022928348121543,2.6993446707725526
177,-43.91052004691119,-45.679899674021,-45.67753458652176,-3.457729449511714,0.0,42.21980513701002,0.0,0.0023650875000014917,13.72922448713922,13.301802987226269,0.4274214999129508,30.0,30.0,0.0,0.0,0.0,0.0,0.0,0.0,9.0,9.0,0.0,0.0,0.0,0.0,0.0,0.0,7.0,7.0,0.0,0.0,5.0,4.0,0.0,1.0,4.219665414408634,38.0,7.675304189975812e-05,7.675304189975812e-05,-2.5324379958604513,0.0020637555893412546,7.298706757394891,0.5437134191393852,30.0,7.675304189975812e-05,7.675304189975812e-05,-1.8840068221092223,0.001806061117288967,2.6728570719559985
178,34.751514413374025,33.21112046492973,33.24576881113611,8.72142714859409,0.0,-24.52434166254202,0.0,0.034648346205483085,13.001260808009405,12.411260808009377,0.5900000000000425,30.0,30.0,0.0,0.0,0.0,0.0,0.0,0.0,6.0,6.0,0.0,0.0,1.0,1.0,0.0,0.0,7.0,7.0,0.0,0.0,1.0,1.0,0.0,0.0,4.0445869755237664,47.0,7.61641884378206e-05,7.61641884378206e-05,-2.4915963842513715,0.0020699869256783675,5.535731432285715,0.5503654037912686,30.0,7.61641884378206e-05,7.61641884378206e-05,-1.903194010257721,0.0018098291048469642,2.708573782444
179,-11.340642934150237,-12.30475229339165,-12.211347174425054,9.478761345024221,0.0,21.69010851944926,-0.009430461035861981,0.10283558000000173,4.006223389295116,-9.818907063626849,13.825130452921965,30.0,30.0,0.0,0.0,0.0,0.0,0.0,0.0,9.0,9.0,0.0,0.0,1.0,1.0,0.0,0.0,9.0,9.0,0.0,0.0,2.0,2.0,0.0,0.0,3.7449566890031862,39.0,7.557985269128636e-05,7.557985269128636e-05,-2.51553637553484,0.002076062696197858,5.9462043933379345,0.5008707073827584,30.0,7.557985269128636e-05,7.557985269128636e-05,-1.8673240105311075,0.0018135072624621293,2.554449361562729
180,-8.535816876574245,-8.540599960126105,-8.60815327028676,4.420956017024377,-1.7763568394002505e-15,13.02910928731114,-0.06645634266243405,-0.001096967499999888,0.6290984060031093,0.6915984060031097,-0.06250000000000355,30.0,30.0,0.0,0.0,0.0,0.0,0.0,0.0,7.0,7.0,0.0,0.0,1.0,1.0,0.0,0.0,9.0,9.0,0.0,0.0,3.0,3.0,0.0,0.0,4.075252970059712,39.0,7.5e-05,7.5e-05,-2.512983413843008,0.0020815626634523654,6.277289115465605,0.480860269566377,30.0,7.5e-05,7.5e-05,-1.9098527431488037,0.001817191361139218,2.746304221947988
181,-36.67468160221481,-38.99192753603126,-39.980541654573,4.03750736752702,0.0,44.0180490221,-0.9963238185433312,0.007709699999999562,15.914863784173349,15.222502861935858,0.6923609222374827,30.0,30.0,0.0,0.0,0.0,0.0,0.0,0.0,7.0,7.0,0.0,0.0,1.0,1.0,0.0,0.0,15.0,15.0,0.0,0.0,0.0,0.0,0.0,0.0,3.6739414625979485,47.0,7.442459596972076e-05,7.442459596972076e-05,-2.4721270723545805,0.002087332382600041,5.792701939319042,0.4532081046452125,30.0,7.442459596972076e-05,7.442459596972076e-05,-1.8234683513641357,0.0018207082059234381,2.432622808218002
182,15.670466630901545,15.199925891907546,15.254005286907287,4.539772657375321,0.0,-10.71423262953197,0.0,0.054079395000004006,0.036706711390706914,-6.859597211163347,6.896303922554061,30.0,30.0,0.0,0.0,0.0,0.0,0.0,0.0,11.0,11.0,0.0,0.0,3.0,2.0,0.0,1.0,11.0,11.0,0.0,0.0,1.0,1.0,0.0,0.0,3.3433031070800054,42.0,7.385360647008234e-05,7.385360647008234e-05,-2.535915522348313,0.0020931964640372564,4.77976127465566,0.5368208112816016,30.0,7.385360647008234e-05,7.385360647008234e-05,-1.7024447321891785,0.0018242306037185092,2.6272264738877613
183,-27.845838381387992,-28.331338889773406,-29.007856769528004,13.093498346419608,0.0,42.101355115947634,-0.6794735347532921,0.002955655000001441,7.592786652771736,6.967786652771547,0.6250000000002025,30.0,30.0,0.0,0.0,0.0,0.0,0.0,0.0,10.0,10.0,0.0,0.0,2.0,2.0,0.0,0.0,7.0,7.0,0.0,0.0,0.0,0.0,0.0,0.0,3.573687116305033,33.0,7.328699763256845e-05,7.328699763256845e-05,-2.5683123487414736,0.002098163879109603,5.387443101767338,0.4292103998363018,30.0,7.328699763256845e-05,7.328699763256845e-05,-1.7312936663627625,0.0018277229003918667,2.4089649001757305
184,-5.069012432417367,-9.375170234504196,-9.612865016515162,-2.272029726936342,0.0,7.340835289578821,-0.35205209366969825,0.11435731165950272,31.982517063531105,20.751283820734635,11.231233242796467,30.0,30.0,0.0,0.0,0.0,0.0,0.0,0.0,8.0,8.0,0.0,0.0,1.0,0.0,0.0,1.0,9.0,9.0,0.0,0.0,1.0,1.0,0.0,0.0,3.4639877012797764,35.0,7.272473584850385e-05,7.272473584850385e-05,-2.440986101967948,0.002102663540946586,4.970004858289446,0.5047824616233508,30.0,7.272473584850385e-05,7.272473584850385e-05,-1.8113841136296591,0.0018311248975805938,2.7225570400555927
185,25.44902626701696,25.446180448289763,25.446055255787925,7.648913483380698,0.0,-17.797141772407226,0.0,-0.00012519249999995733,0.5309841371514068,0.5334621567831174,-0.002478019631675071,30.0,30.0,0.0,0.0,0.0,0.0,0.0,0.0,7.0,7.0,0.0,0.0,2.0,2.0,0.0,0.0,5.0,5.0,0.0,0.0,2.0,2.0,0.0,0.0,3.508274713227915,43.0,7.21667877670609e-05,7.21667877670609e-05,-2.46291921305102,0.002108055047777503,5.4175346729367275,0.33046532919009525,30.0,7.21667877670609e-05,7.21667877670609e-05,-1.7460293610890707,0.0018346721228833,2.093068311611811
186,20.75048649029486,17.240074330825497,17.4769876044864,5.214152877056921,0.0,-12.262834727429482,0.0,0.2369132736604128,31.13359393515593,18.73609393515458,12.397500000001333,30.0,30.0,0.0,0.0,0.0,0.0,0.0,0.0,8.0,8.0,0.0,0.0,0.0,0.0,0.0,0.0,9.0,9.0,0.0,0.0,3.0,3.0,0.0,0.0,3.324467217668574,47.0,7.161312029328123e-05,7.161312029328123e-05,-2.4673761712743882,0.0021140613503991923,4.963584514374428,0.5994104777773221,30.0,7.161312029328123e-05,7.161312029328123e-05,-1.7104371031125387,0.0018381897476501762,2.883181114991506
187,-14.05298946538278,-14.067286899546826,-14.462319678358654,-7.738334375428789,0.0,6.723985302929857,-0.40830187880854396,0.013269099999998039,0.09678121349320179,-1.1957187865064896,1.292499999999702,30.0,30.0,0.0,0.0,0.0,0.0,0.0,0.0,10.0,10.0,0.0,0.0,0.0,0.0,0.0,0.0,12.0,12.0,0.0,0.0,0.0,0.0,0.0,0.0,3.0608024902121964,43.0,7.106370058611288e-05,7.106370058611288e-05,-2.5194674092669818,0.0021197801174292733,4.7630430709484015,0.5018539761503538,30.0,7.106370058611288e-05,7.106370058611288e-05,-1.691830954949061,0.0018418469582684339,2.7928420384724935
188,-98.47160310928848,-166.18875841958092,-166.4288208185342,-90.52546041302435,0.0,75.90336040550989,-0.4672395814533843,0.22717718249614594,66.72293401896476,82.29043401896264,-15.567499999997903,30.0,30.0,0.0,0.0,0.0,0.0,0.0,0.0,8.0,8.0,0.0,0.0,1.0,1.0,0.0,0.0,9.0,9.0,0.0,0.0,0.0,0.0,0.0,0.0,3.6148060484135405,47.0,7.051849605646213e-05,7.051849605646213e-05,-2.456778729215581,0.0021254274389766,6.135199759868866,0.5315890202919642,30.0,7.051849605646213e-05,7.051849605646213e-05,-1.798679526646932,0.001845314644742757,2.957029964526494
189,35.56183360733303,35.214460103756664,35.36043536982059,7.053876426619149,-8.881784197001252e-16,-28.306558943201452,0.0,0.14597526606321654,12.571159965045155,-5.893840034954838,18.464999999999993,30.0,30.0,0.0,0.0,0.0,0.0,0.0,0.0,7.0,7.0,0.0,0.0,2.0,2.0,0.0,0.0,11.0,11.0,0.0,0.0,1.0,1.0,0.0,0.0,4.384604124135749,43.0,6.997747436526054e-05,6.997747436526054e-05,-2.43537302349889,0.00213144987626651,7.052864274313284,0.6675392903387547,30.0,6.997747436526054e-05,6.997747436526054e-05,-1.7646916270256043,0.001848823057177166,3.1061576684316
190,41.72595212879969,41.719216764000656,41.72409256149933,0.7233762110466677,0.0,-41.000716350452656,0.0,0.004875797499999886,0.7281926829839449,0.820692682984022,-0.09250000000005443,30.0,30.0,0.0,0.0,0.0,0.0,0.0,0.0,6.0,6.0,0.0,0.0,3.0,3.0,0.0,0.0,11.0,11.0,0.0,0.0,2.0,2.0,0.0,0.0,3.1482216701951136,43.0,6.944060342154676e-05,6.944060342154676e-05,-2.4257136001143347,0.002137501550795034,5.004180176313533,0.6620142129560311,30.0,6.944060342154676e-05,6.944060342154676e-05,-1.7421302477518716,0.0018523349892348052,3.2804027994473777
191,6.9459688739346745,6.613579064529335,6.566516661455848,1.3090425626984625,0.0,-5.257474098757384,-0.09524106557114465,0.04817866249999827,0.7074064211496705,-5.765325744529436,6.472732165679119,30.0,30.0,0.0,0.0,0.0,0.0,0.0,0.0,9.0,9.0,0.0,0.0,1.0,1.0,0.0,0.0,12.0,12.0,0.0,0.0,2.0,2.0,0.0,0.0,3.4564573520963844,44.0,6.890785138056304e-05,6.890785138056304e-05,-2.4686278267340227,0.0021434602835638957,5.623247802257538,0.435308101773262,30.0,6.890785138056304e-05,6.890785138056304e-05,-1.970012863477071,0.00185604589448,2.453043766816457
192,28.494222900582827,27.990285830876992,28.063008398436434,8.816855955592885,0.0,-19.24615244284354,-0.04265472636888035,0.11537729392900416,3.850209344261515,-7.098852510834665,10.949061855096165,30.0,30.0,0.0,0.0,0.0,0.0,0.0,0.0,9.0,9.0,0.0,0.0,2.0,1.0,0.0,1.0,10.0,10.0,0.0,0.0,3.0,3.0,0.0,0.0,3.7307369056202115,42.0,6.837918664186626e-05,6.837918664186626e-05,-2.3930223215193975,0.002149469196973812,5.178122639656067,0.4028377927839756,30.0,6.837918664186626e-05,6.837918664186626e-05,-1.848767920335134,0.0018596632677751284,2.3482905626296997
193,-2.4077368081558816,-2.418468824510493,-2.4534669641671676,5.09437041742189,0.0,7.547837381589051,-0.03374869465528718,-0.0012494449999998227,0.9009544562678258,1.0359544562678193,-0.13499999999998735,30.0,30.0,0.0,0.0,0.0,0.0,0.0,0.0,5.0,5.0,0.0,0.0,3.0,1.0,0.0,2.0,7.0,7.0,0.0,0.0,0.0,0.0,0.0,0.0,3.510197898437237,29.0,6.785457784745365e-05,6.785457784745365e-05,-2.4533371267647577,0.002154130303975323,5.653395126605856,0.7403604830304782,30.0,6.785457784745365e-05,6.785457784745365e-05,-1.7000545223553976,0.0018630125947917502,3.2683726946512857
194,11.866779694307406,10.742446199184586,10.822012183206194,10.557158049274296,0.0,-0.2648541339319003,-0.05204471597880911,0.13161070000000769,0.63207555825349,-10.603459318179226,11.23553487643272,30.0,30.0,0.0,0.0,0.0,0.0,0.0,0.0,7.0,7.0,0.0,0.0,0.0,0.0,0.0,0.0,7.0,7.0,0.0,0.0,2.0,2.0,0.0,0.0,3.9098649426948193,43.0,6.73339938799027e-05,6.73339938799027e-05,-2.420719318611677,0.002158741396310371,6.406439248905626,0.6663618976871173,30.0,6.73339938799027e-05,6.73339938799027e-05,-1.8266709248224895,0.001866358914412558,3.0567476590474447
195,26.342811942493427,26.341095597660455,26.341746905158086,9.581719091703128,-3.552713678800501e-15,-16.760027813454954,0.0,0.0006513074999999417,0.5686820168248801,0.41428792318514274,0.15439409363975506,30.0,30.0,0.0,0.0,0.0,0.0,0.0,0.0,8.0,8.0,0.0,0.0,0.0,0.0,0.0,0.0,7.0,7.0,0.0,0.0,3.0,3.0,0.0,0.0,3.9599463881515877,41.0,6.681740386052545e-05,6.681740386052545e-05,-2.413672290197233,0.002164442887211718,5.927131065508214,0.47847892766197525,30.0,6.681740386052545e-05,6.681740386052545e-05,-1.692729373772939,0.0018697612142811219,2.6378263036410012
196,35.6727090624463,35.66474689555953,35.665499895559364,7.210339034577806,0.0,-28.455160860981557,0.0,0.0007529999999999573,0.9298097492892765,0.8923097492892893,0.03750000000000142,30.0,30.0,0.0,0.0,0.0,0.0,0.0,0.0,11.0,11.0,0.0,0.0,1.0,1.0,0.0,0.0,10.0,10.0,0.0,0.0,2.0,2.0,0.0,0.0,3.57428790972783,39.0,6.63047771475369e-05,6.63047771475369e-05,-2.412400300686176,0.0021702076296489206,6.036570493991558,0.4342467367649078,30.0,6.63047771475369e-05,6.63047771475369e-05,-1.784330952167511,0.0018730313594763478,2.5480489055315654
197,22.685596695169806,22.68422360274279,22.613392603788224,2.4864024473126696,0.0,-20.12699015647555,-0.07006351451491355,-0.0007674844423748119,0.36566225478756564,0.37055261799306655,-0.004890363205497339,30.0,30.0,0.0,0.0,0.0,0.0,0.0,0.0,9.0,9.0,0.0,0.0,3.0,3.0,0.0,0.0,4.0,4.0,0.0,0.0,1.0,1.0,0.0,0.0,3.752653723539308,43.0,6.579608333423741e-05,6.579608333423741e-05,-2.4742446001185927,0.002175971957703316,5.997171146925106,0.46726974472403526,30.0,6.579608333423741e-05,6.579608333423741e-05,-1.7146812518437704,0.0018765917940375707,2.641411320368449
198,5.139817128885625,5.123946000683098,4.8030037976632745,5.97867835231949,0.0,1.1756745546562162,-0.31172147551666285,-0.009220727499999571,0.279806659869962,1.2598066598699376,-0.979999999999972,30.0,30.0,0.0,0.0,0.0,0.0,0.0,0.0,8.0,8.0,0.0,0.0,2.0,2.0,0.0,0.0,11.0,11.0,0.0,0.0,4.0,4.0,0.0,0.0,3.405517010127797,34.0,6.52912922472093e-05,6.52912922472093e-05,-2.4410105733310474,0.0021812644554302096,5.556614342857809,0.7582694172859192,30.0,6.52912922472093e-05,6.52912922472093e-05,-1.6661337117354076,0.0018799775939745207,3.055413067340851
199,11.528002038967315,11.52797839104776,11.501858796222482,4.969363485618229,0.0,-6.532495310604247,-0.029750272326737104,0.003630677499999972,0.3238708733837399,-0.04862912661624996,0.3724999999999845,30.0,30.0,0.0,0.0,0.0,0.0,0.0,0.0,11.0,11.0,0.0,0.0,0.0,0.0,0.0,0.0,6.0,6.0,0.0,0.0,2.0,1.0,0.0,1.0,3.546250332485546,44.0,6.479037394452684e-05,6.479037394452684e-05,-2.4570263786749407,0.0021862893005494366,5.601598723368212,0.468666389832894,30.0,6.479037394452684e-05,6.479037394452684e-05,-1.7676176309585572,0.001883321003212283,2.707359613974889
